Tool,Current_ICTV_family,Source_unit,Source_record_count_total,Source_files,Source_labels,Mapping_methods,Verification_status,Notes,Eukaryotic_scope_status,Host_sources,Realm,Kingdom,Phylum,Class,Order,Genome,Genome_class,Species_count,Has_order_assignment
DeePaC-vir,Adamaviridae,S,4,input_original/manual_downloads/DeePaC_vir/zenodo_4312525/*.rds,Adamaviridae,local_taxid_mapping_Species.taxid; vmr_exact_Species,confirmed_from_audited_mapping_table,Deduplicated union of current ICTV families across DeePaC-vir VHDB source taxa. The simulated read FASTA files are not counted as independent taxa; source counts are unique Species.taxid values in the audited mapping table.,include_eukaryotic,freshwater (s); invertebrates; invertebrates (s); marine (s); sewage (s); vertebrates,Floreoviria,Shotokuvirae,Cressdnaviricota,Arfiviricetes,Rohanvirales,ssDNA(+/-),DNA,22,True
DeePaC-vir,Adenoviridae,S,73,input_original/manual_downloads/DeePaC_vir/zenodo_4312525/*.rds,Adenoviridae,lineage_family_token,confirmed_from_audited_mapping_table,Deduplicated union of current ICTV families across DeePaC-vir VHDB source taxa. The simulated read FASTA files are not counted as independent taxa; source counts are unique Species.taxid values in the audited mapping table.,include_eukaryotic,vertebrates,Varidnaviria,Bamfordvirae,Preplasmiviricota,Pharingeaviricetes,Rowavirales,dsDNA,DNA,145,True
DeePaC-vir,Aliusviridae,S,1,input_original/manual_downloads/DeePaC_vir/zenodo_4312525/*.rds,Aliusviridae,local_taxid_mapping_virus.tax.id,confirmed_from_audited_mapping_table,Deduplicated union of current ICTV families across DeePaC-vir VHDB source taxa. The simulated read FASTA files are not counted as independent taxa; source counts are unique Species.taxid values in the audited mapping table.,include_eukaryotic,invertebrates,Riboviria,Orthornavirae,Negarnaviricota,Monjiviricetes,Jingchuvirales,ssRNA(-),RNA,12,True
DeePaC-vir,Alloherpesviridae,S,10,input_original/manual_downloads/DeePaC_vir/zenodo_4312525/*.rds,Alloherpesviridae,lineage_family_token; local_taxid_mapping_Species.taxid,confirmed_from_audited_mapping_table,Deduplicated union of current ICTV families across DeePaC-vir VHDB source taxa. The simulated read FASTA files are not counted as independent taxa; source counts are unique Species.taxid values in the audited mapping table.,include_eukaryotic,vertebrates,Duplodnaviria,Heunggongvirae,Peploviricota,Herviviricetes,Herpesvirales,dsDNA,DNA,13,True
DeePaC-vir,Alphaflexiviridae,S,59,input_original/manual_downloads/DeePaC_vir/zenodo_4312525/*.rds,Alphaflexiviridae,lineage_family_token,confirmed_from_audited_mapping_table,Deduplicated union of current ICTV families across DeePaC-vir VHDB source taxa. The simulated read FASTA files are not counted as independent taxa; source counts are unique Species.taxid values in the audited mapping table.,include_eukaryotic,fungi; plants,Riboviria,Orthornavirae,Kitrinoviricota,Alsuviricetes,Tymovirales,ssRNA(+),RNA,73,True
DeePaC-vir,Alphatetraviridae,S,6,input_original/manual_downloads/DeePaC_vir/zenodo_4312525/*.rds,Alphatetraviridae,lineage_family_token,confirmed_from_audited_mapping_table,Deduplicated union of current ICTV families across DeePaC-vir VHDB source taxa. The simulated read FASTA files are not counted as independent taxa; source counts are unique Species.taxid values in the audited mapping table.,include_eukaryotic,invertebrates,Riboviria,Orthornavirae,Kitrinoviricota,Alsuviricetes,Hepelivirales,ssRNA(+),RNA,10,True
DeePaC-vir,Alternaviridae,S,5,input_original/manual_downloads/DeePaC_vir/zenodo_4312525/*.rds,Alternaviridae,local_taxid_mapping_Species.taxid; vmr_exact_Species,confirmed_from_audited_mapping_table,Deduplicated union of current ICTV families across DeePaC-vir VHDB source taxa. The simulated read FASTA files are not counted as independent taxa; source counts are unique Species.taxid values in the audited mapping table.,include_eukaryotic,fungi,Riboviria,Orthornavirae,Duplornaviricota,Chrymotiviricetes,Ghabrivirales,dsRNA,RNA,5,True
DeePaC-vir,Alvernaviridae,S,1,input_original/manual_downloads/DeePaC_vir/zenodo_4312525/*.rds,Alvernaviridae,lineage_family_token,confirmed_from_audited_mapping_table,Deduplicated union of current ICTV families across DeePaC-vir VHDB source taxa. The simulated read FASTA files are not counted as independent taxa; source counts are unique Species.taxid values in the audited mapping table.,include_eukaryotic,protists,Riboviria,Orthornavirae,Pisuviricota,Pisoniviricetes,Sobelivirales,ssRNA(+),RNA,1,True
DeePaC-vir,Amalgaviridae,S,23,input_original/manual_downloads/DeePaC_vir/zenodo_4312525/*.rds,Amalgaviridae,lineage_family_token; local_taxid_mapping_Species.taxid,confirmed_from_audited_mapping_table,Deduplicated union of current ICTV families across DeePaC-vir VHDB source taxa. The simulated read FASTA files are not counted as independent taxa; source counts are unique Species.taxid values in the audited mapping table.,include_eukaryotic,fungi; plants,Riboviria,Orthornavirae,Pisuviricota,Duplopiviricetes,Durnavirales,dsRNA,RNA,23,True
DeePaC-vir,Ambiguiviridae,S,2,input_original/manual_downloads/DeePaC_vir/zenodo_4312525/*.rds,Ambiguiviridae,local_taxid_mapping_Species.taxid,confirmed_from_audited_mapping_table,Deduplicated union of current ICTV families across DeePaC-vir VHDB source taxa. The simulated read FASTA files are not counted as independent taxa; source counts are unique Species.taxid values in the audited mapping table.,include_eukaryotic,fungi; invertebrates (s); phytobiome (s); plants (s); soil (s),Riboviria,Orthornavirae,Kitrinoviricota,Tolucaviricetes,Tolivirales,ssRNA(+),RNA,42,True
DeePaC-vir,Amesuviridae,S,1,input_original/manual_downloads/DeePaC_vir/zenodo_4312525/*.rds,Amesuviridae,local_taxid_mapping_Species.taxid,confirmed_from_audited_mapping_table,Deduplicated union of current ICTV families across DeePaC-vir VHDB source taxa. The simulated read FASTA files are not counted as independent taxa; source counts are unique Species.taxid values in the audited mapping table.,include_eukaryotic,plants,Floreoviria,Shotokuvirae,Cressdnaviricota,Arfiviricetes,Mulpavirales,ssDNA(+/-),DNA,2,True
DeePaC-vir,Amnoonviridae,S,1,input_original/manual_downloads/DeePaC_vir/zenodo_4312525/*.rds,Amnoonviridae,lineage_family_token,confirmed_from_audited_mapping_table,Deduplicated union of current ICTV families across DeePaC-vir VHDB source taxa. The simulated read FASTA files are not counted as independent taxa; source counts are unique Species.taxid values in the audited mapping table.,include_eukaryotic,vertebrates,Riboviria,Orthornavirae,Negarnaviricota,Insthoviricetes,Articulavirales,ssRNA(-),RNA,1,True
DeePaC-vir,Anelloviridae,S,99,input_original/manual_downloads/DeePaC_vir/zenodo_4312525/*.rds,Anelloviridae,lineage_family_token,confirmed_from_audited_mapping_table,Deduplicated union of current ICTV families across DeePaC-vir VHDB source taxa. The simulated read FASTA files are not counted as independent taxa; source counts are unique Species.taxid values in the audited mapping table.,include_eukaryotic,invertebrates; vertebrates,Floreoviria,Shotokuvirae,Commensaviricota,Cardeaviricetes,Sanitavirales,ssDNA(+/-); ssDNA(-),DNA,243,True
DeePaC-vir,Anicreviridae,S,2,input_original/manual_downloads/DeePaC_vir/zenodo_4312525/*.rds,Anicreviridae,local_taxid_mapping_Species.taxid; vmr_exact_Species,confirmed_from_audited_mapping_table,Deduplicated union of current ICTV families across DeePaC-vir VHDB source taxa. The simulated read FASTA files are not counted as independent taxa; source counts are unique Species.taxid values in the audited mapping table.,include_eukaryotic,invertebrates; vertebrates; vertebrates (s),Floreoviria,Shotokuvirae,Cressdnaviricota,Arfiviricetes,Mulpavirales,ssDNA(+/-),DNA,9,True
DeePaC-vir,Arenaviridae,S,45,input_original/manual_downloads/DeePaC_vir/zenodo_4312525/*.rds,Arenaviridae,lineage_family_token,confirmed_from_audited_mapping_table,Deduplicated union of current ICTV families across DeePaC-vir VHDB source taxa. The simulated read FASTA files are not counted as independent taxa; source counts are unique Species.taxid values in the audited mapping table.,include_eukaryotic,freshwater (s); vertebrates,Riboviria,Orthornavirae,Negarnaviricota,Bunyaviricetes,Hareavirales,ssRNA(+/-); ssRNA(-),RNA,71,True
DeePaC-vir,Arteriviridae,S,21,input_original/manual_downloads/DeePaC_vir/zenodo_4312525/*.rds,Arteriviridae,lineage_family_token,confirmed_from_audited_mapping_table,Deduplicated union of current ICTV families across DeePaC-vir VHDB source taxa. The simulated read FASTA files are not counted as independent taxa; source counts are unique Species.taxid values in the audited mapping table.,include_eukaryotic,vertebrates,Riboviria,Orthornavirae,Pisuviricota,Pisoniviricetes,Nidovirales,ssRNA(+),RNA,23,True
DeePaC-vir,Artiviridae,S,1,input_original/manual_downloads/DeePaC_vir/zenodo_4312525/*.rds,Artiviridae,local_taxid_mapping_Species.taxid,confirmed_from_audited_mapping_table,Deduplicated union of current ICTV families across DeePaC-vir VHDB source taxa. The simulated read FASTA files are not counted as independent taxa; source counts are unique Species.taxid values in the audited mapping table.,include_eukaryotic,invertebrates,Riboviria,Orthornavirae,Duplornaviricota,Chrymotiviricetes,Ghabrivirales,dsRNA,RNA,9,True
DeePaC-vir,Artoviridae,S,1,input_original/manual_downloads/DeePaC_vir/zenodo_4312525/*.rds,Artoviridae,lineage_family_token,confirmed_from_audited_mapping_table,Deduplicated union of current ICTV families across DeePaC-vir VHDB source taxa. The simulated read FASTA files are not counted as independent taxa; source counts are unique Species.taxid values in the audited mapping table.,include_eukaryotic,invertebrates; plants; vertebrates,Riboviria,Orthornavirae,Negarnaviricota,Monjiviricetes,Mononegavirales,ssRNA(-),RNA,14,True
DeePaC-vir,Ascoviridae,S,4,input_original/manual_downloads/DeePaC_vir/zenodo_4312525/*.rds,Ascoviridae,lineage_family_token,confirmed_from_audited_mapping_table,Deduplicated union of current ICTV families across DeePaC-vir VHDB source taxa. The simulated read FASTA files are not counted as independent taxa; source counts are unique Species.taxid values in the audited mapping table.,include_eukaryotic,invertebrates,Varidnaviria,Bamfordvirae,Nucleocytoviricota,Megaviricetes,Pimascovirales,dsDNA,DNA,4,True
DeePaC-vir,Asfarviridae,S,1,input_original/manual_downloads/DeePaC_vir/zenodo_4312525/*.rds,Asfarviridae,lineage_family_token,confirmed_from_audited_mapping_table,Deduplicated union of current ICTV families across DeePaC-vir VHDB source taxa. The simulated read FASTA files are not counted as independent taxa; source counts are unique Species.taxid values in the audited mapping table.,include_eukaryotic,"invertebrates, vertebrates",Varidnaviria,Bamfordvirae,Nucleocytoviricota,Pokkesviricetes,Asfuvirales,dsDNA,DNA,1,True
DeePaC-vir,Aspiviridae,S,4,input_original/manual_downloads/DeePaC_vir/zenodo_4312525/*.rds,Aspiviridae,lineage_family_token,confirmed_from_audited_mapping_table,Deduplicated union of current ICTV families across DeePaC-vir VHDB source taxa. The simulated read FASTA files are not counted as independent taxa; source counts are unique Species.taxid values in the audited mapping table.,include_eukaryotic,plants,Riboviria,Orthornavirae,Negarnaviricota,Milneviricetes,Naedrevirales,ssRNA(-),RNA,22,True
DeePaC-vir,Astroviridae,S,51,input_original/manual_downloads/DeePaC_vir/zenodo_4312525/*.rds,Astroviridae,lineage_family_token,confirmed_from_audited_mapping_table,Deduplicated union of current ICTV families across DeePaC-vir VHDB source taxa. The simulated read FASTA files are not counted as independent taxa; source counts are unique Species.taxid values in the audited mapping table.,include_eukaryotic,vertebrates,Riboviria,Orthornavirae,Pisuviricota,Stelpaviricetes,Stellavirales,ssRNA(+),RNA,31,True
DeePaC-vir,Bacilladnaviridae,S,7,input_original/manual_downloads/DeePaC_vir/zenodo_4312525/*.rds,Bacilladnaviridae,lineage_family_token,confirmed_from_audited_mapping_table,Deduplicated union of current ICTV families across DeePaC-vir VHDB source taxa. The simulated read FASTA files are not counted as independent taxa; source counts are unique Species.taxid values in the audited mapping table.,include_eukaryotic,invertebrates; marine (s); protists,Floreoviria,Shotokuvirae,Cressdnaviricota,Arfiviricetes,Baphyvirales,ssDNA(+/-),DNA,22,True
DeePaC-vir,Baculoviridae,S,82,input_original/manual_downloads/DeePaC_vir/zenodo_4312525/*.rds,Baculoviridae,lineage_family_token,confirmed_from_audited_mapping_table,Deduplicated union of current ICTV families across DeePaC-vir VHDB source taxa. The simulated read FASTA files are not counted as independent taxa; source counts are unique Species.taxid values in the audited mapping table.,include_eukaryotic,invertebrates,,,,Naldaviricetes,Lefavirales,dsDNA,DNA,104,True
DeePaC-vir,Barnaviridae,S,1,input_original/manual_downloads/DeePaC_vir/zenodo_4312525/*.rds,Barnaviridae,lineage_family_token,confirmed_from_audited_mapping_table,Deduplicated union of current ICTV families across DeePaC-vir VHDB source taxa. The simulated read FASTA files are not counted as independent taxa; source counts are unique Species.taxid values in the audited mapping table.,include_eukaryotic,fungi,Riboviria,Orthornavirae,Pisuviricota,Pisoniviricetes,Sobelivirales,ssRNA(+),RNA,1,True
DeePaC-vir,Benyviridae,S,5,input_original/manual_downloads/DeePaC_vir/zenodo_4312525/*.rds,Benyviridae,lineage_family_token,confirmed_from_audited_mapping_table,Deduplicated union of current ICTV families across DeePaC-vir VHDB source taxa. The simulated read FASTA files are not counted as independent taxa; source counts are unique Species.taxid values in the audited mapping table.,include_eukaryotic,plants,Riboviria,Orthornavirae,Kitrinoviricota,Alsuviricetes,Hepelivirales,ssRNA(+),RNA,5,True
DeePaC-vir,Betaflexiviridae,S,110,input_original/manual_downloads/DeePaC_vir/zenodo_4312525/*.rds,Betaflexiviridae,lineage_family_token,confirmed_from_audited_mapping_table,Deduplicated union of current ICTV families across DeePaC-vir VHDB source taxa. The simulated read FASTA files are not counted as independent taxa; source counts are unique Species.taxid values in the audited mapping table.,include_eukaryotic,plants,Riboviria,Orthornavirae,Kitrinoviricota,Alsuviricetes,Tymovirales,ssRNA(+),RNA,159,True
DeePaC-vir,Bidnaviridae,S,1,input_original/manual_downloads/DeePaC_vir/zenodo_4312525/*.rds,Bidnaviridae,lineage_family_token,confirmed_from_audited_mapping_table,Deduplicated union of current ICTV families across DeePaC-vir VHDB source taxa. The simulated read FASTA files are not counted as independent taxa; source counts are unique Species.taxid values in the audited mapping table.,include_eukaryotic,invertebrates,Floreoviria,Shotokuvirae,Cossaviricota,Mouviricetes,Polivirales,ssDNA(+/-),DNA,1,True
DeePaC-vir,Birnaviridae,S,9,input_original/manual_downloads/DeePaC_vir/zenodo_4312525/*.rds,Birnaviridae,lineage_family_token,confirmed_from_audited_mapping_table,Deduplicated union of current ICTV families across DeePaC-vir VHDB source taxa. The simulated read FASTA files are not counted as independent taxa; source counts are unique Species.taxid values in the audited mapping table.,include_eukaryotic,invertebrates; vertebrates,Riboviria,Orthornavirae,,,,dsRNA,RNA,11,False
DeePaC-vir,Bornaviridae,S,10,input_original/manual_downloads/DeePaC_vir/zenodo_4312525/*.rds,Bornaviridae,lineage_family_token,confirmed_from_audited_mapping_table,Deduplicated union of current ICTV families across DeePaC-vir VHDB source taxa. The simulated read FASTA files are not counted as independent taxa; source counts are unique Species.taxid values in the audited mapping table.,include_eukaryotic,vertebrates,Riboviria,Orthornavirae,Negarnaviricota,Monjiviricetes,Mononegavirales,ssRNA(-),RNA,18,True
DeePaC-vir,Botourmiaviridae,S,4,input_original/manual_downloads/DeePaC_vir/zenodo_4312525/*.rds,Botourmiaviridae,lineage_family_token,confirmed_from_audited_mapping_table,Deduplicated union of current ICTV families across DeePaC-vir VHDB source taxa. The simulated read FASTA files are not counted as independent taxa; source counts are unique Species.taxid values in the audited mapping table.,include_eukaryotic,fungi; plants; unknown (s),Riboviria,Orthornavirae,Lenarviricota,Miaviricetes,Ourlivirales,ssRNA(+),RNA,150,True
DeePaC-vir,Botybirnaviridae,S,3,input_original/manual_downloads/DeePaC_vir/zenodo_4312525/*.rds,Botybirnaviridae,local_taxid_mapping_Species.taxid,confirmed_from_audited_mapping_table,Deduplicated union of current ICTV families across DeePaC-vir VHDB source taxa. The simulated read FASTA files are not counted as independent taxa; source counts are unique Species.taxid values in the audited mapping table.,include_eukaryotic,fungi; protists (s),Riboviria,Orthornavirae,Duplornaviricota,Chrymotiviricetes,Ghabrivirales,dsRNA,RNA,9,True
DeePaC-vir,Bromoviridae,S,42,input_original/manual_downloads/DeePaC_vir/zenodo_4312525/*.rds,Bromoviridae,lineage_family_token,confirmed_from_audited_mapping_table,Deduplicated union of current ICTV families across DeePaC-vir VHDB source taxa. The simulated read FASTA files are not counted as independent taxa; source counts are unique Species.taxid values in the audited mapping table.,include_eukaryotic,plants,Riboviria,Orthornavirae,Kitrinoviricota,Alsuviricetes,Martellivirales,ssRNA(+),RNA,52,True
DeePaC-vir,Caliciviridae,S,27,input_original/manual_downloads/DeePaC_vir/zenodo_4312525/*.rds,Caliciviridae,lineage_family_token,confirmed_from_audited_mapping_table,Deduplicated union of current ICTV families across DeePaC-vir VHDB source taxa. The simulated read FASTA files are not counted as independent taxa; source counts are unique Species.taxid values in the audited mapping table.,include_eukaryotic,vertebrates,Riboviria,Orthornavirae,Pisuviricota,Pisoniviricetes,Picornavirales,ssRNA(+),RNA,12,True
DeePaC-vir,Carmotetraviridae,S,1,input_original/manual_downloads/DeePaC_vir/zenodo_4312525/*.rds,Carmotetraviridae,lineage_family_token,confirmed_from_audited_mapping_table,Deduplicated union of current ICTV families across DeePaC-vir VHDB source taxa. The simulated read FASTA files are not counted as independent taxa; source counts are unique Species.taxid values in the audited mapping table.,include_eukaryotic,invertebrates,Riboviria,Orthornavirae,Kitrinoviricota,Tolucaviricetes,Tolivirales,ssRNA(+),RNA,1,True
DeePaC-vir,Caulimoviridae,S,89,input_original/manual_downloads/DeePaC_vir/zenodo_4312525/*.rds,Caulimoviridae,lineage_family_token,confirmed_from_audited_mapping_table,Deduplicated union of current ICTV families across DeePaC-vir VHDB source taxa. The simulated read FASTA files are not counted as independent taxa; source counts are unique Species.taxid values in the audited mapping table.,include_eukaryotic,plants,Riboviria,Pararnavirae,Artverviricota,Revtraviricetes,Ortervirales,dsDNA; dsDNA-RT,Reverse-transcribing,109,True
DeePaC-vir,Chrysoviridae,S,14,input_original/manual_downloads/DeePaC_vir/zenodo_4312525/*.rds,Chrysoviridae,lineage_family_token,confirmed_from_audited_mapping_table,Deduplicated union of current ICTV families across DeePaC-vir VHDB source taxa. The simulated read FASTA files are not counted as independent taxa; source counts are unique Species.taxid values in the audited mapping table.,include_eukaryotic,fungi; invertebrates (s); plants (s),Riboviria,Orthornavirae,Duplornaviricota,Chrymotiviricetes,Ghabrivirales,dsRNA,RNA,31,True
DeePaC-vir,Chuviridae,S,9,input_original/manual_downloads/DeePaC_vir/zenodo_4312525/*.rds,Chuviridae,lineage_family_token; local_taxid_mapping_Species.taxid; local_taxid_mapping_virus.tax.id,confirmed_from_audited_mapping_table,Deduplicated union of current ICTV families across DeePaC-vir VHDB source taxa. The simulated read FASTA files are not counted as independent taxa; source counts are unique Species.taxid values in the audited mapping table.,include_eukaryotic,invertebrates; vertebrates,Riboviria,Orthornavirae,Negarnaviricota,Monjiviricetes,Jingchuvirales,ssRNA(-),RNA,43,True
DeePaC-vir,Circoviridae,S,176,input_original/manual_downloads/DeePaC_vir/zenodo_4312525/*.rds,Circoviridae,lineage_family_token,confirmed_from_audited_mapping_table,Deduplicated union of current ICTV families across DeePaC-vir VHDB source taxa. The simulated read FASTA files are not counted as independent taxa; source counts are unique Species.taxid values in the audited mapping table.,include_eukaryotic,invertebrates; plants (s); vertebrates,Floreoviria,Shotokuvirae,Cressdnaviricota,Arfiviricetes,Cirlivirales,ssDNA; ssDNA(+/-),DNA,160,True
DeePaC-vir,Closteroviridae,S,55,input_original/manual_downloads/DeePaC_vir/zenodo_4312525/*.rds,Closteroviridae,lineage_family_token,confirmed_from_audited_mapping_table,Deduplicated union of current ICTV families across DeePaC-vir VHDB source taxa. The simulated read FASTA files are not counted as independent taxa; source counts are unique Species.taxid values in the audited mapping table.,include_eukaryotic,plants,Riboviria,Orthornavirae,Kitrinoviricota,Alsuviricetes,Martellivirales,ssRNA(+),RNA,88,True
DeePaC-vir,Coronaviridae,S,49,input_original/manual_downloads/DeePaC_vir/zenodo_4312525/*.rds,Coronaviridae,lineage_family_token,confirmed_from_audited_mapping_table,Deduplicated union of current ICTV families across DeePaC-vir VHDB source taxa. The simulated read FASTA files are not counted as independent taxa; source counts are unique Species.taxid values in the audited mapping table.,include_eukaryotic,vertebrates,Riboviria,Orthornavirae,Pisuviricota,Pisoniviricetes,Nidovirales,ssRNA(+),RNA,54,True
DeePaC-vir,Curvulaviridae,S,4,input_original/manual_downloads/DeePaC_vir/zenodo_4312525/*.rds,Curvulaviridae,local_taxid_mapping_Species.taxid,confirmed_from_audited_mapping_table,Deduplicated union of current ICTV families across DeePaC-vir VHDB source taxa. The simulated read FASTA files are not counted as independent taxa; source counts are unique Species.taxid values in the audited mapping table.,include_eukaryotic,fungi,Riboviria,Orthornavirae,Pisuviricota,Duplopiviricetes,Durnavirales,dsRNA,RNA,8,True
DeePaC-vir,Deltaflexiviridae,S,4,input_original/manual_downloads/DeePaC_vir/zenodo_4312525/*.rds,Deltaflexiviridae,lineage_family_token,confirmed_from_audited_mapping_table,Deduplicated union of current ICTV families across DeePaC-vir VHDB source taxa. The simulated read FASTA files are not counted as independent taxa; source counts are unique Species.taxid values in the audited mapping table.,include_eukaryotic,fungi,Riboviria,Orthornavirae,Kitrinoviricota,Alsuviricetes,Tymovirales,ssRNA(+),RNA,4,True
DeePaC-vir,Dicistroviridae,S,26,input_original/manual_downloads/DeePaC_vir/zenodo_4312525/*.rds,Dicistroviridae,lineage_family_token,confirmed_from_audited_mapping_table,Deduplicated union of current ICTV families across DeePaC-vir VHDB source taxa. The simulated read FASTA files are not counted as independent taxa; source counts are unique Species.taxid values in the audited mapping table.,include_eukaryotic,invertebrates,Riboviria,Orthornavirae,Pisuviricota,Pisoniviricetes,Picornavirales,ssRNA(+),RNA,16,True
DeePaC-vir,Draupnirviridae,S,3,input_original/manual_downloads/DeePaC_vir/zenodo_4312525/*.rds,Draupnirviridae,local_taxid_mapping_Species.taxid; vmr_exact_Species; vmr_refseq_accession,confirmed_from_audited_mapping_table,Deduplicated union of current ICTV families across DeePaC-vir VHDB source taxa. The simulated read FASTA files are not counted as independent taxa; source counts are unique Species.taxid values in the audited mapping table.,include_eukaryotic,air (s); freshwater (s); invertebrates; invertebrates (s); marine (s); plants; sewage (s); vertebrates,Floreoviria,Shotokuvirae,Cressdnaviricota,Arfiviricetes,Jormunvirales,ssDNA(+/-),DNA,67,True
DeePaC-vir,Endolinaviridae,S,3,input_original/manual_downloads/DeePaC_vir/zenodo_4312525/*.rds,Endolinaviridae,local_taxid_mapping_Species.taxid; vmr_exact_Species,confirmed_from_audited_mapping_table,Deduplicated union of current ICTV families across DeePaC-vir VHDB source taxa. The simulated read FASTA files are not counted as independent taxa; source counts are unique Species.taxid values in the audited mapping table.,include_eukaryotic,vertebrates,Floreoviria,Shotokuvirae,Cressdnaviricota,Arfiviricetes,Cirlivirales,ssDNA(+/-),DNA,10,True
DeePaC-vir,Endornaviridae,S,36,input_original/manual_downloads/DeePaC_vir/zenodo_4312525/*.rds,Endornaviridae,lineage_family_token,confirmed_from_audited_mapping_table,Deduplicated union of current ICTV families across DeePaC-vir VHDB source taxa. The simulated read FASTA files are not counted as independent taxa; source counts are unique Species.taxid values in the audited mapping table.,include_eukaryotic,fungi; plants; protists,Riboviria,Orthornavirae,Kitrinoviricota,Alsuviricetes,Martellivirales,ssRNA(+),RNA,31,True
DeePaC-vir,Filamentoviridae,S,1,input_original/manual_downloads/DeePaC_vir/zenodo_4312525/*.rds,Filamentoviridae,local_taxid_mapping_Species.taxid,confirmed_from_audited_mapping_table,Deduplicated union of current ICTV families across DeePaC-vir VHDB source taxa. The simulated read FASTA files are not counted as independent taxa; source counts are unique Species.taxid values in the audited mapping table.,include_eukaryotic,invertebrates,,,,Naldaviricetes,Lefavirales,dsDNA,DNA,3,True
DeePaC-vir,Filoviridae,S,8,input_original/manual_downloads/DeePaC_vir/zenodo_4312525/*.rds,Filoviridae,lineage_family_token,confirmed_from_audited_mapping_table,Deduplicated union of current ICTV families across DeePaC-vir VHDB source taxa. The simulated read FASTA files are not counted as independent taxa; source counts are unique Species.taxid values in the audited mapping table.,include_eukaryotic,vertebrates,Riboviria,Orthornavirae,Negarnaviricota,Monjiviricetes,Mononegavirales,ssRNA(-),RNA,17,True
DeePaC-vir,Fimoviridae,S,9,input_original/manual_downloads/DeePaC_vir/zenodo_4312525/*.rds,Fimoviridae,lineage_family_token,confirmed_from_audited_mapping_table,Deduplicated union of current ICTV families across DeePaC-vir VHDB source taxa. The simulated read FASTA files are not counted as independent taxa; source counts are unique Species.taxid values in the audited mapping table.,include_eukaryotic,plants,Riboviria,Orthornavirae,Negarnaviricota,Bunyaviricetes,Elliovirales,ssRNA(-),RNA,33,True
DeePaC-vir,Flaviviridae,S,136,input_original/manual_downloads/DeePaC_vir/zenodo_4312525/*.rds,Flaviviridae,lineage_family_token; local_taxid_mapping_Species.taxid,confirmed_from_audited_mapping_table,Deduplicated union of current ICTV families across DeePaC-vir VHDB source taxa. The simulated read FASTA files are not counted as independent taxa; source counts are unique Species.taxid values in the audited mapping table.,include_eukaryotic,"invertebrates; invertebrates, vertebrates; vertebrates",Riboviria,Orthornavirae,Kitrinoviricota,Flasuviricetes,Amarillovirales,ssRNA(+),RNA,61,True
DeePaC-vir,Fusagraviridae,S,7,input_original/manual_downloads/DeePaC_vir/zenodo_4312525/*.rds,Fusagraviridae,local_taxid_mapping_Species.taxid; vmr_exact_Species,confirmed_from_audited_mapping_table,Deduplicated union of current ICTV families across DeePaC-vir VHDB source taxa. The simulated read FASTA files are not counted as independent taxa; source counts are unique Species.taxid values in the audited mapping table.,include_eukaryotic,fungi; plants; protists,Riboviria,Orthornavirae,Duplornaviricota,Chrymotiviricetes,Ghabrivirales,dsRNA,RNA,20,True
DeePaC-vir,Fusariviridae,S,12,input_original/manual_downloads/DeePaC_vir/zenodo_4312525/*.rds,Fusariviridae,lineage_family_token; local_taxid_mapping_Species.taxid,confirmed_from_audited_mapping_table,Deduplicated union of current ICTV families across DeePaC-vir VHDB source taxa. The simulated read FASTA files are not counted as independent taxa; source counts are unique Species.taxid values in the audited mapping table.,include_eukaryotic,fungi; protists,Riboviria,Orthornavirae,Pisuviricota,Stelpaviricetes,Hypofuvirales,ssRNA(+),RNA,53,True
DeePaC-vir,Gammaflexiviridae,S,1,input_original/manual_downloads/DeePaC_vir/zenodo_4312525/*.rds,Gammaflexiviridae,lineage_family_token,confirmed_from_audited_mapping_table,Deduplicated union of current ICTV families across DeePaC-vir VHDB source taxa. The simulated read FASTA files are not counted as independent taxa; source counts are unique Species.taxid values in the audited mapping table.,include_eukaryotic,fungi,Riboviria,Orthornavirae,Kitrinoviricota,Alsuviricetes,Tymovirales,ssRNA(+),RNA,4,True
DeePaC-vir,Geminiviridae,S,518,input_original/manual_downloads/DeePaC_vir/zenodo_4312525/*.rds,Geminiviridae,lineage_family_token,confirmed_from_audited_mapping_table,Deduplicated union of current ICTV families across DeePaC-vir VHDB source taxa. The simulated read FASTA files are not counted as independent taxa; source counts are unique Species.taxid values in the audited mapping table.,include_eukaryotic,"invertebrates; invertebrates, plants; plants",Floreoviria,Shotokuvirae,Cressdnaviricota,Repensiviricetes,Geplafuvirales,ssDNA; ssDNA(+/-),DNA,560,True
DeePaC-vir,Genomoviridae,S,90,input_original/manual_downloads/DeePaC_vir/zenodo_4312525/*.rds,Genomoviridae,lineage_family_token,confirmed_from_audited_mapping_table,Deduplicated union of current ICTV families across DeePaC-vir VHDB source taxa. The simulated read FASTA files are not counted as independent taxa; source counts are unique Species.taxid values in the audited mapping table.,include_eukaryotic,"fungi; invertebrates; invertebrates, vertebrates; plants; sewage (s); vertebrates",Floreoviria,Shotokuvirae,Cressdnaviricota,Repensiviricetes,Geplafuvirales,ssDNA(+/-),DNA,237,True
DeePaC-vir,Geplanaviridae,S,5,input_original/manual_downloads/DeePaC_vir/zenodo_4312525/*.rds,Geplanaviridae,local_taxid_mapping_Species.taxid; vmr_exact_Species,confirmed_from_audited_mapping_table,Deduplicated union of current ICTV families across DeePaC-vir VHDB source taxa. The simulated read FASTA files are not counted as independent taxa; source counts are unique Species.taxid values in the audited mapping table.,include_eukaryotic,air (s); freshwater (s); invertebrates; plants; vertebrates,Floreoviria,Shotokuvirae,Cressdnaviricota,Repensiviricetes,Geplafuvirales,ssDNA(+/-),DNA,30,True
DeePaC-vir,Giardiaviridae,S,2,input_original/manual_downloads/DeePaC_vir/zenodo_4312525/*.rds,Giardiaviridae,local_taxid_mapping_Species.taxid,confirmed_from_audited_mapping_table,Deduplicated union of current ICTV families across DeePaC-vir VHDB source taxa. The simulated read FASTA files are not counted as independent taxa; source counts are unique Species.taxid values in the audited mapping table.,include_eukaryotic,protists,Riboviria,Orthornavirae,Duplornaviricota,Chrymotiviricetes,Ghabrivirales,dsRNA,RNA,1,True
DeePaC-vir,Hantaviridae,S,36,input_original/manual_downloads/DeePaC_vir/zenodo_4312525/*.rds,Hantaviridae,lineage_family_token,confirmed_from_audited_mapping_table,Deduplicated union of current ICTV families across DeePaC-vir VHDB source taxa. The simulated read FASTA files are not counted as independent taxa; source counts are unique Species.taxid values in the audited mapping table.,include_eukaryotic,vertebrates,Riboviria,Orthornavirae,Negarnaviricota,Bunyaviricetes,Elliovirales,ssRNA(-),RNA,55,True
DeePaC-vir,Hepaciviridae,S,1,input_original/manual_downloads/DeePaC_vir/zenodo_4312525/*.rds,Hepaciviridae,local_taxid_mapping_Species.taxid,confirmed_from_audited_mapping_table,Deduplicated union of current ICTV families across DeePaC-vir VHDB source taxa. The simulated read FASTA files are not counted as independent taxa; source counts are unique Species.taxid values in the audited mapping table.,include_eukaryotic,vertebrates,Riboviria,Orthornavirae,Kitrinoviricota,Flasuviricetes,Amarillovirales,ssRNA(+),RNA,25,True
DeePaC-vir,Hepadnaviridae,S,16,input_original/manual_downloads/DeePaC_vir/zenodo_4312525/*.rds,Hepadnaviridae,lineage_family_token,confirmed_from_audited_mapping_table,Deduplicated union of current ICTV families across DeePaC-vir VHDB source taxa. The simulated read FASTA files are not counted as independent taxa; source counts are unique Species.taxid values in the audited mapping table.,include_eukaryotic,vertebrates,Riboviria,Pararnavirae,Artverviricota,Revtraviricetes,Blubervirales,dsDNA-RT,Reverse-transcribing,27,True
DeePaC-vir,Hepeviridae,S,7,input_original/manual_downloads/DeePaC_vir/zenodo_4312525/*.rds,Hepeviridae,lineage_family_token,confirmed_from_audited_mapping_table,Deduplicated union of current ICTV families across DeePaC-vir VHDB source taxa. The simulated read FASTA files are not counted as independent taxa; source counts are unique Species.taxid values in the audited mapping table.,include_eukaryotic,vertebrates,Riboviria,Orthornavirae,Kitrinoviricota,Alsuviricetes,Hepelivirales,ssRNA(+); ssRNA(+/-),RNA,11,True
DeePaC-vir,Hypoviridae,S,16,input_original/manual_downloads/DeePaC_vir/zenodo_4312525/*.rds,Hypoviridae,lineage_family_token,confirmed_from_audited_mapping_table,Deduplicated union of current ICTV families across DeePaC-vir VHDB source taxa. The simulated read FASTA files are not counted as independent taxa; source counts are unique Species.taxid values in the audited mapping table.,include_eukaryotic,fungi; invertebrates,Riboviria,Orthornavirae,Pisuviricota,Stelpaviricetes,Hypofuvirales,ssRNA(+),RNA,57,True
DeePaC-vir,Hytrosaviridae,S,2,input_original/manual_downloads/DeePaC_vir/zenodo_4312525/*.rds,Hytrosaviridae,lineage_family_token,confirmed_from_audited_mapping_table,Deduplicated union of current ICTV families across DeePaC-vir VHDB source taxa. The simulated read FASTA files are not counted as independent taxa; source counts are unique Species.taxid values in the audited mapping table.,include_eukaryotic,invertebrates,,,,Naldaviricetes,Lefavirales,dsDNA,DNA,2,True
DeePaC-vir,Iflaviridae,S,42,input_original/manual_downloads/DeePaC_vir/zenodo_4312525/*.rds,Iflaviridae,lineage_family_token,confirmed_from_audited_mapping_table,Deduplicated union of current ICTV families across DeePaC-vir VHDB source taxa. The simulated read FASTA files are not counted as independent taxa; source counts are unique Species.taxid values in the audited mapping table.,include_eukaryotic,invertebrates,Riboviria,Orthornavirae,Pisuviricota,Pisoniviricetes,Picornavirales,ssRNA(+),RNA,16,True
DeePaC-vir,Inseviridae,S,5,input_original/manual_downloads/DeePaC_vir/zenodo_4312525/*.rds,Inseviridae,local_taxid_mapping_Species.taxid,confirmed_from_audited_mapping_table,Deduplicated union of current ICTV families across DeePaC-vir VHDB source taxa. The simulated read FASTA files are not counted as independent taxa; source counts are unique Species.taxid values in the audited mapping table.,include_eukaryotic,invertebrates,Riboviria,Orthornavirae,Duplornaviricota,Chrymotiviricetes,Ghabrivirales,dsRNA,RNA,16,True
DeePaC-vir,Iridoviridae,S,22,input_original/manual_downloads/DeePaC_vir/zenodo_4312525/*.rds,Iridoviridae,lineage_family_token,confirmed_from_audited_mapping_table,Deduplicated union of current ICTV families across DeePaC-vir VHDB source taxa. The simulated read FASTA files are not counted as independent taxa; source counts are unique Species.taxid values in the audited mapping table.,include_eukaryotic,invertebrates; vertebrates,Varidnaviria,Bamfordvirae,Nucleocytoviricota,Megaviricetes,Pimascovirales,dsDNA,DNA,23,True
DeePaC-vir,Kanorauviridae,S,2,input_original/manual_downloads/DeePaC_vir/zenodo_4312525/*.rds,Kanorauviridae,local_taxid_mapping_Species.taxid,confirmed_from_audited_mapping_table,Deduplicated union of current ICTV families across DeePaC-vir VHDB source taxa. The simulated read FASTA files are not counted as independent taxa; source counts are unique Species.taxid values in the audited mapping table.,include_eukaryotic,air (s); freshwater (s); invertebrates; marine (s); plants; sewage (s); unknown (s); vertebrates,Floreoviria,Shotokuvirae,Cressdnaviricota,Arfiviricetes,Saturnivirales,ssDNA(+/-),DNA,89,True
DeePaC-vir,Kitaviridae,S,5,input_original/manual_downloads/DeePaC_vir/zenodo_4312525/*.rds,Kitaviridae,lineage_family_token,confirmed_from_audited_mapping_table,Deduplicated union of current ICTV families across DeePaC-vir VHDB source taxa. The simulated read FASTA files are not counted as independent taxa; source counts are unique Species.taxid values in the audited mapping table.,include_eukaryotic,"invertebrates, plants; plants",Riboviria,Orthornavirae,Kitrinoviricota,Alsuviricetes,Martellivirales,ssRNA(+),RNA,27,True
DeePaC-vir,Kolmioviridae,S,2,input_original/manual_downloads/DeePaC_vir/zenodo_4312525/*.rds,Kolmioviridae,local_taxid_mapping_Species.taxid,confirmed_from_audited_mapping_table,Deduplicated union of current ICTV families across DeePaC-vir VHDB source taxa. The simulated read FASTA files are not counted as independent taxa; source counts are unique Species.taxid values in the audited mapping table.,include_eukaryotic,invertebrates; vertebrates,Ribozyviria,,,,,ssRNA(-),RNA,21,False
DeePaC-vir,Lebotiviridae,S,1,input_original/manual_downloads/DeePaC_vir/zenodo_4312525/*.rds,Lebotiviridae,local_taxid_mapping_Species.taxid,confirmed_from_audited_mapping_table,Deduplicated union of current ICTV families across DeePaC-vir VHDB source taxa. The simulated read FASTA files are not counted as independent taxa; source counts are unique Species.taxid values in the audited mapping table.,include_eukaryotic,invertebrates,Riboviria,Orthornavirae,Duplornaviricota,Chrymotiviricetes,Ghabrivirales,dsRNA,RNA,8,True
DeePaC-vir,Lispiviridae,S,3,input_original/manual_downloads/DeePaC_vir/zenodo_4312525/*.rds,Lispiviridae,lineage_family_token; local_taxid_mapping_Species.taxid,confirmed_from_audited_mapping_table,Deduplicated union of current ICTV families across DeePaC-vir VHDB source taxa. The simulated read FASTA files are not counted as independent taxa; source counts are unique Species.taxid values in the audited mapping table.,include_eukaryotic,invertebrates; vertebrates,Riboviria,Orthornavirae,Negarnaviricota,Monjiviricetes,Mononegavirales,ssRNA(-),RNA,51,True
DeePaC-vir,Mahapunaviridae,S,1,input_original/manual_downloads/DeePaC_vir/zenodo_4312525/*.rds,Mahapunaviridae,local_taxid_mapping_Species.taxid,confirmed_from_audited_mapping_table,Deduplicated union of current ICTV families across DeePaC-vir VHDB source taxa. The simulated read FASTA files are not counted as independent taxa; source counts are unique Species.taxid values in the audited mapping table.,include_eukaryotic,freshwater (s); invertebrates; plants; sewage (s); vertebrates,Floreoviria,Shotokuvirae,Cressdnaviricota,Arfiviricetes,Saturnivirales,ssDNA(+/-),DNA,31,True
DeePaC-vir,Malacoherpesviridae,S,3,input_original/manual_downloads/DeePaC_vir/zenodo_4312525/*.rds,Malacoherpesviridae,lineage_family_token,confirmed_from_audited_mapping_table,Deduplicated union of current ICTV families across DeePaC-vir VHDB source taxa. The simulated read FASTA files are not counted as independent taxa; source counts are unique Species.taxid values in the audited mapping table.,include_eukaryotic,invertebrates,Duplodnaviria,Heunggongvirae,Peploviricota,Herviviricetes,Herpesvirales,dsDNA,DNA,2,True
DeePaC-vir,Marnaviridae,S,8,input_original/manual_downloads/DeePaC_vir/zenodo_4312525/*.rds,Marnaviridae,lineage_family_token; local_taxid_mapping_Species.taxid,confirmed_from_audited_mapping_table,Deduplicated union of current ICTV families across DeePaC-vir VHDB source taxa. The simulated read FASTA files are not counted as independent taxa; source counts are unique Species.taxid values in the audited mapping table.,include_eukaryotic,marine (s); protists,Riboviria,Orthornavirae,Pisuviricota,Pisoniviricetes,Picornavirales,ssRNA(+),RNA,20,True
DeePaC-vir,Marseilleviridae,S,9,input_original/manual_downloads/DeePaC_vir/zenodo_4312525/*.rds,Marseilleviridae,lineage_family_token,confirmed_from_audited_mapping_table,Deduplicated union of current ICTV families across DeePaC-vir VHDB source taxa. The simulated read FASTA files are not counted as independent taxa; source counts are unique Species.taxid values in the audited mapping table.,include_eukaryotic,protists,Varidnaviria,Bamfordvirae,Nucleocytoviricota,Megaviricetes,Pimascovirales,dsDNA,DNA,4,True
DeePaC-vir,Matonaviridae,S,1,input_original/manual_downloads/DeePaC_vir/zenodo_4312525/*.rds,Matonaviridae,lineage_family_token,confirmed_from_audited_mapping_table,Deduplicated union of current ICTV families across DeePaC-vir VHDB source taxa. The simulated read FASTA files are not counted as independent taxa; source counts are unique Species.taxid values in the audited mapping table.,include_eukaryotic,vertebrates,Riboviria,Orthornavirae,Kitrinoviricota,Alsuviricetes,Hepelivirales,ssRNA(+),RNA,3,True
DeePaC-vir,Maviroviridae,S,1,input_original/manual_downloads/DeePaC_vir/zenodo_4312525/*.rds,Maviroviridae,local_taxid_mapping_Species.taxid,confirmed_from_audited_mapping_table,Deduplicated union of current ICTV families across DeePaC-vir VHDB source taxa. The simulated read FASTA files are not counted as independent taxa; source counts are unique Species.taxid values in the audited mapping table.,include_eukaryotic,protists,Varidnaviria,Bamfordvirae,Preplasmiviricota,Virophaviricetes,Lavidavirales,dsDNA,DNA,1,True
DeePaC-vir,Mayoviridae,S,4,input_original/manual_downloads/DeePaC_vir/zenodo_4312525/*.rds,Mayoviridae,local_taxid_mapping_Species.taxid,confirmed_from_audited_mapping_table,Deduplicated union of current ICTV families across DeePaC-vir VHDB source taxa. The simulated read FASTA files are not counted as independent taxa; source counts are unique Species.taxid values in the audited mapping table.,include_eukaryotic,plants,Riboviria,Orthornavirae,Kitrinoviricota,Alsuviricetes,Martellivirales,ssRNA(+),RNA,4,True
DeePaC-vir,Megabirnaviridae,S,3,input_original/manual_downloads/DeePaC_vir/zenodo_4312525/*.rds,Megabirnaviridae,lineage_family_token,confirmed_from_audited_mapping_table,Deduplicated union of current ICTV families across DeePaC-vir VHDB source taxa. The simulated read FASTA files are not counted as independent taxa; source counts are unique Species.taxid values in the audited mapping table.,include_eukaryotic,fungi,Riboviria,Orthornavirae,Duplornaviricota,Chrymotiviricetes,Ghabrivirales,dsRNA,RNA,5,True
DeePaC-vir,Mesoniviridae,S,9,input_original/manual_downloads/DeePaC_vir/zenodo_4312525/*.rds,Mesoniviridae,lineage_family_token,confirmed_from_audited_mapping_table,Deduplicated union of current ICTV families across DeePaC-vir VHDB source taxa. The simulated read FASTA files are not counted as independent taxa; source counts are unique Species.taxid values in the audited mapping table.,include_eukaryotic,invertebrates,Riboviria,Orthornavirae,Pisuviricota,Pisoniviricetes,Nidovirales,ssRNA(+),RNA,14,True
DeePaC-vir,Metaviridae,S,1,input_original/manual_downloads/DeePaC_vir/zenodo_4312525/*.rds,Metaviridae,lineage_family_token,confirmed_from_audited_mapping_table,Deduplicated union of current ICTV families across DeePaC-vir VHDB source taxa. The simulated read FASTA files are not counted as independent taxa; source counts are unique Species.taxid values in the audited mapping table.,include_eukaryotic,fungi; invertebrates; plants; protists; vertebrates,Riboviria,Pararnavirae,Artverviricota,Revtraviricetes,Ortervirales,ssRNA-RT,Reverse-transcribing,31,True
DeePaC-vir,Mimiviridae,S,6,input_original/manual_downloads/DeePaC_vir/zenodo_4312525/*.rds,Mimiviridae,lineage_family_token,confirmed_from_audited_mapping_table,Deduplicated union of current ICTV families across DeePaC-vir VHDB source taxa. The simulated read FASTA files are not counted as independent taxa; source counts are unique Species.taxid values in the audited mapping table.,include_eukaryotic,protists,Varidnaviria,Bamfordvirae,Nucleocytoviricota,Megaviricetes,Imitervirales,dsDNA,DNA,19,True
DeePaC-vir,Monocitiviridae,S,1,input_original/manual_downloads/DeePaC_vir/zenodo_4312525/*.rds,Monocitiviridae,local_taxid_mapping_Species.taxid,confirmed_from_audited_mapping_table,Deduplicated union of current ICTV families across DeePaC-vir VHDB source taxa. The simulated read FASTA files are not counted as independent taxa; source counts are unique Species.taxid values in the audited mapping table.,include_eukaryotic,fungi,Riboviria,Orthornavirae,Duplornaviricota,Chrymotiviricetes,Ghabrivirales,dsRNA,RNA,1,True
DeePaC-vir,Mononiviridae,S,1,input_original/manual_downloads/DeePaC_vir/zenodo_4312525/*.rds,Mononiviridae,lineage_family_token,confirmed_from_audited_mapping_table,Deduplicated union of current ICTV families across DeePaC-vir VHDB source taxa. The simulated read FASTA files are not counted as independent taxa; source counts are unique Species.taxid values in the audited mapping table.,include_eukaryotic,invertebrates,Riboviria,Orthornavirae,Pisuviricota,Pisoniviricetes,Nidovirales,ssRNA(+),RNA,1,True
DeePaC-vir,Mymonaviridae,S,2,input_original/manual_downloads/DeePaC_vir/zenodo_4312525/*.rds,Mymonaviridae,lineage_family_token; local_taxid_mapping_Species.taxid,confirmed_from_audited_mapping_table,Deduplicated union of current ICTV families across DeePaC-vir VHDB source taxa. The simulated read FASTA files are not counted as independent taxa; source counts are unique Species.taxid values in the audited mapping table.,include_eukaryotic,fungi; invertebrates; invertebrates (s); phytobiome (s); protists; soil (s),Riboviria,Orthornavirae,Negarnaviricota,Monjiviricetes,Mononegavirales,ssRNA(-),RNA,61,True
DeePaC-vir,Nairoviridae,S,21,input_original/manual_downloads/DeePaC_vir/zenodo_4312525/*.rds,Nairoviridae,lineage_family_token; local_taxid_mapping_Species.taxid; vmr_exact_Species,confirmed_from_audited_mapping_table,Deduplicated union of current ICTV families across DeePaC-vir VHDB source taxa. The simulated read FASTA files are not counted as independent taxa; source counts are unique Species.taxid values in the audited mapping table.,include_eukaryotic,"invertebrates; invertebrates, vertebrates; vertebrates",Riboviria,Orthornavirae,Negarnaviricota,Bunyaviricetes,Hareavirales,ssRNA(-),RNA,60,True
DeePaC-vir,Nanoviridae,S,14,input_original/manual_downloads/DeePaC_vir/zenodo_4312525/*.rds,Nanoviridae,lineage_family_token,confirmed_from_audited_mapping_table,Deduplicated union of current ICTV families across DeePaC-vir VHDB source taxa. The simulated read FASTA files are not counted as independent taxa; source counts are unique Species.taxid values in the audited mapping table.,include_eukaryotic,plants,Floreoviria,Shotokuvirae,Cressdnaviricota,Arfiviricetes,Mulpavirales,ssDNA(+),DNA,15,True
DeePaC-vir,Narnaviridae,S,61,input_original/manual_downloads/DeePaC_vir/zenodo_4312525/*.rds,Narnaviridae,lineage_family_token,confirmed_from_audited_mapping_table,Deduplicated union of current ICTV families across DeePaC-vir VHDB source taxa. The simulated read FASTA files are not counted as independent taxa; source counts are unique Species.taxid values in the audited mapping table.,include_eukaryotic,fungi,Riboviria,Orthornavirae,Lenarviricota,Amabiliviricetes,Wolframvirales,ssRNA(+),RNA,2,True
DeePaC-vir,Natareviridae,S,1,input_original/manual_downloads/DeePaC_vir/zenodo_4312525/*.rds,Natareviridae,local_taxid_mapping_virus.tax.id,confirmed_from_audited_mapping_table,Deduplicated union of current ICTV families across DeePaC-vir VHDB source taxa. The simulated read FASTA files are not counted as independent taxa; source counts are unique Species.taxid values in the audited mapping table.,include_eukaryotic,invertebrates,Riboviria,Orthornavirae,Negarnaviricota,Monjiviricetes,Jingchuvirales,ssRNA(-),RNA,1,True
DeePaC-vir,Nenyaviridae,S,1,input_original/manual_downloads/DeePaC_vir/zenodo_4312525/*.rds,Nenyaviridae,vmr_exact_Species,confirmed_from_audited_mapping_table,Deduplicated union of current ICTV families across DeePaC-vir VHDB source taxa. The simulated read FASTA files are not counted as independent taxa; source counts are unique Species.taxid values in the audited mapping table.,include_eukaryotic,protists (s); vertebrates,Floreoviria,Shotokuvirae,Cressdnaviricota,Arfiviricetes,Rohanvirales,ssDNA(+),DNA,7,True
DeePaC-vir,Nimaviridae,S,1,input_original/manual_downloads/DeePaC_vir/zenodo_4312525/*.rds,Nimaviridae,lineage_family_token,confirmed_from_audited_mapping_table,Deduplicated union of current ICTV families across DeePaC-vir VHDB source taxa. The simulated read FASTA files are not counted as independent taxa; source counts are unique Species.taxid values in the audited mapping table.,include_eukaryotic,invertebrates,,,,Naldaviricetes,,dsDNA,DNA,2,False
DeePaC-vir,Nodaviridae,S,15,input_original/manual_downloads/DeePaC_vir/zenodo_4312525/*.rds,Nodaviridae,lineage_family_token,confirmed_from_audited_mapping_table,Deduplicated union of current ICTV families across DeePaC-vir VHDB source taxa. The simulated read FASTA files are not counted as independent taxa; source counts are unique Species.taxid values in the audited mapping table.,include_eukaryotic,invertebrates; vertebrates,Riboviria,Orthornavirae,Kitrinoviricota,Magsaviricetes,Nodamuvirales,ssRNA(+),RNA,9,True
DeePaC-vir,Nudiviridae,S,9,input_original/manual_downloads/DeePaC_vir/zenodo_4312525/*.rds,Nudiviridae,lineage_family_token,confirmed_from_audited_mapping_table,Deduplicated union of current ICTV families across DeePaC-vir VHDB source taxa. The simulated read FASTA files are not counted as independent taxa; source counts are unique Species.taxid values in the audited mapping table.,include_eukaryotic,invertebrates,,,,Naldaviricetes,Lefavirales,dsDNA,DNA,29,True
DeePaC-vir,Nyamiviridae,S,5,input_original/manual_downloads/DeePaC_vir/zenodo_4312525/*.rds,Nyamiviridae,lineage_family_token,confirmed_from_audited_mapping_table,Deduplicated union of current ICTV families across DeePaC-vir VHDB source taxa. The simulated read FASTA files are not counted as independent taxa; source counts are unique Species.taxid values in the audited mapping table.,include_eukaryotic,"invertebrates; invertebrates, vertebrates; vertebrates",Riboviria,Orthornavirae,Negarnaviricota,Monjiviricetes,Mononegavirales,ssRNA(-),RNA,30,True
DeePaC-vir,Ootiviridae,S,1,input_original/manual_downloads/DeePaC_vir/zenodo_4312525/*.rds,Ootiviridae,local_taxid_mapping_Species.taxid,confirmed_from_audited_mapping_table,Deduplicated union of current ICTV families across DeePaC-vir VHDB source taxa. The simulated read FASTA files are not counted as independent taxa; source counts are unique Species.taxid values in the audited mapping table.,include_eukaryotic,protists; protists (s),Riboviria,Orthornavirae,Duplornaviricota,Chrymotiviricetes,Ghabrivirales,dsRNA,RNA,7,True
DeePaC-vir,Orthoherpesviridae,S,84,input_original/manual_downloads/DeePaC_vir/zenodo_4312525/*.rds,Orthoherpesviridae,local_taxid_mapping_Species.taxid; local_taxid_mapping_virus.tax.id; vmr_exact_Species; vmr_refseq_accession,confirmed_from_audited_mapping_table,Deduplicated union of current ICTV families across DeePaC-vir VHDB source taxa. The simulated read FASTA files are not counted as independent taxa; source counts are unique Species.taxid values in the audited mapping table.,include_eukaryotic,vertebrates,Duplodnaviria,Heunggongvirae,Peploviricota,Herviviricetes,Herpesvirales,dsDNA,DNA,118,True
DeePaC-vir,Orthomyxoviridae,S,10,input_original/manual_downloads/DeePaC_vir/zenodo_4312525/*.rds,Orthomyxoviridae,lineage_family_token,confirmed_from_audited_mapping_table,Deduplicated union of current ICTV families across DeePaC-vir VHDB source taxa. The simulated read FASTA files are not counted as independent taxa; source counts are unique Species.taxid values in the audited mapping table.,include_eukaryotic,"invertebrates; invertebrates, vertebrates; vertebrates",Riboviria,Orthornavirae,Negarnaviricota,Insthoviricetes,Articulavirales,ssRNA(-),RNA,21,True
DeePaC-vir,Orthototiviridae,S,43,input_original/manual_downloads/DeePaC_vir/zenodo_4312525/*.rds,Orthototiviridae,local_taxid_mapping_Species.taxid,confirmed_from_audited_mapping_table,Deduplicated union of current ICTV families across DeePaC-vir VHDB source taxa. The simulated read FASTA files are not counted as independent taxa; source counts are unique Species.taxid values in the audited mapping table.,include_eukaryotic,fungi; invertebrates; plants; protists (s),Riboviria,Orthornavirae,Duplornaviricota,Chrymotiviricetes,Ghabrivirales,dsRNA,RNA,32,True
DeePaC-vir,Ouroboviridae,S,1,input_original/manual_downloads/DeePaC_vir/zenodo_4312525/*.rds,Ouroboviridae,local_taxid_mapping_Species.taxid,confirmed_from_audited_mapping_table,Deduplicated union of current ICTV families across DeePaC-vir VHDB source taxa. The simulated read FASTA files are not counted as independent taxa; source counts are unique Species.taxid values in the audited mapping table.,include_eukaryotic,freshwater (s); invertebrates; marine (s); plants; protists; vertebrates,Floreoviria,Shotokuvirae,Cressdnaviricota,Arfiviricetes,Gredzevirales,ssDNA(+/-),DNA,50,True
DeePaC-vir,Papillomaviridae,S,165,input_original/manual_downloads/DeePaC_vir/zenodo_4312525/*.rds,Papillomaviridae,lineage_family_token,confirmed_from_audited_mapping_table,Deduplicated union of current ICTV families across DeePaC-vir VHDB source taxa. The simulated read FASTA files are not counted as independent taxa; source counts are unique Species.taxid values in the audited mapping table.,include_eukaryotic,vertebrates,Floreoviria,Shotokuvirae,Cossaviricota,Papovaviricetes,Zurhausenvirales,dsDNA,DNA,133,True
DeePaC-vir,Paramyxoviridae,S,63,input_original/manual_downloads/DeePaC_vir/zenodo_4312525/*.rds,Paramyxoviridae,lineage_family_token,confirmed_from_audited_mapping_table,Deduplicated union of current ICTV families across DeePaC-vir VHDB source taxa. The simulated read FASTA files are not counted as independent taxa; source counts are unique Species.taxid values in the audited mapping table.,include_eukaryotic,vertebrates,Riboviria,Orthornavirae,Negarnaviricota,Monjiviricetes,Mononegavirales,ssRNA(-),RNA,153,True
DeePaC-vir,Partitiviridae,S,73,input_original/manual_downloads/DeePaC_vir/zenodo_4312525/*.rds,Partitiviridae,lineage_family_token,confirmed_from_audited_mapping_table,Deduplicated union of current ICTV families across DeePaC-vir VHDB source taxa. The simulated read FASTA files are not counted as independent taxa; source counts are unique Species.taxid values in the audited mapping table.,include_eukaryotic,fungi; plants; protists,Riboviria,Orthornavirae,Pisuviricota,Duplopiviricetes,Durnavirales,dsRNA,RNA,45,True
DeePaC-vir,Parvoviridae,S,121,input_original/manual_downloads/DeePaC_vir/zenodo_4312525/*.rds,Parvoviridae,lineage_family_token,confirmed_from_audited_mapping_table,Deduplicated union of current ICTV families across DeePaC-vir VHDB source taxa. The simulated read FASTA files are not counted as independent taxa; source counts are unique Species.taxid values in the audited mapping table.,include_eukaryotic,"invertebrates; invertebrates, vertebrates; vertebrates",Floreoviria,Shotokuvirae,Cossaviricota,Quintoviricetes,Piccovirales,ssDNA; ssDNA(+/-),DNA,281,True
DeePaC-vir,Peribunyaviridae,S,56,input_original/manual_downloads/DeePaC_vir/zenodo_4312525/*.rds,Peribunyaviridae,lineage_family_token,confirmed_from_audited_mapping_table,Deduplicated union of current ICTV families across DeePaC-vir VHDB source taxa. The simulated read FASTA files are not counted as independent taxa; source counts are unique Species.taxid values in the audited mapping table.,include_eukaryotic,"invertebrates; invertebrates, vertebrates; vertebrates",Riboviria,Orthornavirae,Negarnaviricota,Bunyaviricetes,Elliovirales,ssRNA(-),RNA,152,True
DeePaC-vir,Permutotetraviridae,S,1,input_original/manual_downloads/DeePaC_vir/zenodo_4312525/*.rds,Permutotetraviridae,lineage_family_token,confirmed_from_audited_mapping_table,Deduplicated union of current ICTV families across DeePaC-vir VHDB source taxa. The simulated read FASTA files are not counted as independent taxa; source counts are unique Species.taxid values in the audited mapping table.,include_eukaryotic,invertebrates,Riboviria,Orthornavirae,,,,ssRNA(+),RNA,2,False
DeePaC-vir,Pestiviridae,S,3,input_original/manual_downloads/DeePaC_vir/zenodo_4312525/*.rds,Pestiviridae,local_taxid_mapping_Species.taxid,confirmed_from_audited_mapping_table,Deduplicated union of current ICTV families across DeePaC-vir VHDB source taxa. The simulated read FASTA files are not counted as independent taxa; source counts are unique Species.taxid values in the audited mapping table.,include_eukaryotic,invertebrates; plants; vertebrates,Riboviria,Orthornavirae,Kitrinoviricota,Flasuviricetes,Amarillovirales,ssRNA(+),RNA,23,True
DeePaC-vir,Phasmaviridae,S,7,input_original/manual_downloads/DeePaC_vir/zenodo_4312525/*.rds,Phasmaviridae,lineage_family_token,confirmed_from_audited_mapping_table,Deduplicated union of current ICTV families across DeePaC-vir VHDB source taxa. The simulated read FASTA files are not counted as independent taxa; source counts are unique Species.taxid values in the audited mapping table.,include_eukaryotic,invertebrates; invertebrates (s),Riboviria,Orthornavirae,Negarnaviricota,Bunyaviricetes,Elliovirales,ssRNA; ssRNA(-),RNA,34,True
DeePaC-vir,Phenuiviridae,S,41,input_original/manual_downloads/DeePaC_vir/zenodo_4312525/*.rds,Phenuiviridae,lineage_family_token; local_taxid_mapping_virus.tax.id,confirmed_from_audited_mapping_table,Deduplicated union of current ICTV families across DeePaC-vir VHDB source taxa. The simulated read FASTA files are not counted as independent taxa; source counts are unique Species.taxid values in the audited mapping table.,include_eukaryotic,"fungi; invertebrates; invertebrates, plants; invertebrates, vertebrates; plants; protists; soil (s); vertebrates",Riboviria,Orthornavirae,Negarnaviricota,Bunyaviricetes,Hareavirales,ssRNA(+/-); ssRNA(-),RNA,223,True
DeePaC-vir,Phlegiviridae,S,2,input_original/manual_downloads/DeePaC_vir/zenodo_4312525/*.rds,Phlegiviridae,local_taxid_mapping_Species.taxid,confirmed_from_audited_mapping_table,Deduplicated union of current ICTV families across DeePaC-vir VHDB source taxa. The simulated read FASTA files are not counted as independent taxa; source counts are unique Species.taxid values in the audited mapping table.,include_eukaryotic,fungi,Riboviria,Orthornavirae,Duplornaviricota,Chrymotiviricetes,Ghabrivirales,dsRNA,RNA,4,True
DeePaC-vir,Phycodnaviridae,S,27,input_original/manual_downloads/DeePaC_vir/zenodo_4312525/*.rds,Phycodnaviridae,lineage_family_token,confirmed_from_audited_mapping_table,Deduplicated union of current ICTV families across DeePaC-vir VHDB source taxa. The simulated read FASTA files are not counted as independent taxa; source counts are unique Species.taxid values in the audited mapping table.,include_eukaryotic,algae; protists,Varidnaviria,Bamfordvirae,Nucleocytoviricota,Megaviricetes,Algavirales,dsDNA,DNA,28,True
DeePaC-vir,Phypoliviridae,S,1,input_original/manual_downloads/DeePaC_vir/zenodo_4312525/*.rds,Phypoliviridae,local_taxid_mapping_Species.taxid,confirmed_from_audited_mapping_table,Deduplicated union of current ICTV families across DeePaC-vir VHDB source taxa. The simulated read FASTA files are not counted as independent taxa; source counts are unique Species.taxid values in the audited mapping table.,include_eukaryotic,protists,Varidnaviria,Bamfordvirae,Preplasmiviricota,Aquintoviricetes,Archintovirales,dsDNA,DNA,1,True
DeePaC-vir,Picornaviridae,S,144,input_original/manual_downloads/DeePaC_vir/zenodo_4312525/*.rds,Picornaviridae,lineage_family_token; local_taxid_mapping_Species.taxid,confirmed_from_audited_mapping_table,Deduplicated union of current ICTV families across DeePaC-vir VHDB source taxa. The simulated read FASTA files are not counted as independent taxa; source counts are unique Species.taxid values in the audited mapping table.,include_eukaryotic,vertebrates,Riboviria,Orthornavirae,Pisuviricota,Pisoniviricetes,Picornavirales,ssRNA(+),RNA,159,True
DeePaC-vir,Pistolviridae,S,2,input_original/manual_downloads/DeePaC_vir/zenodo_4312525/*.rds,Pistolviridae,local_taxid_mapping_Species.taxid,confirmed_from_audited_mapping_table,Deduplicated union of current ICTV families across DeePaC-vir VHDB source taxa. The simulated read FASTA files are not counted as independent taxa; source counts are unique Species.taxid values in the audited mapping table.,include_eukaryotic,vertebrates,Riboviria,Orthornavirae,Duplornaviricota,Chrymotiviricetes,Ghabrivirales,dsRNA,RNA,4,True
DeePaC-vir,Pithoviridae,S,1,input_original/manual_downloads/DeePaC_vir/zenodo_4312525/*.rds,Pithoviridae,lineage_family_token,confirmed_from_audited_mapping_table,Deduplicated union of current ICTV families across DeePaC-vir VHDB source taxa. The simulated read FASTA files are not counted as independent taxa; source counts are unique Species.taxid values in the audited mapping table.,include_eukaryotic,protists,Varidnaviria,Bamfordvirae,Nucleocytoviricota,Megaviricetes,Pimascovirales,dsDNA,DNA,6,True
DeePaC-vir,Pneumoviridae,S,6,input_original/manual_downloads/DeePaC_vir/zenodo_4312525/*.rds,Pneumoviridae,lineage_family_token,confirmed_from_audited_mapping_table,Deduplicated union of current ICTV families across DeePaC-vir VHDB source taxa. The simulated read FASTA files are not counted as independent taxa; source counts are unique Species.taxid values in the audited mapping table.,include_eukaryotic,vertebrates,Riboviria,Orthornavirae,Negarnaviricota,Monjiviricetes,Mononegavirales,ssRNA(-),RNA,5,True
DeePaC-vir,Polycipiviridae,S,6,input_original/manual_downloads/DeePaC_vir/zenodo_4312525/*.rds,Polycipiviridae,lineage_family_token,confirmed_from_audited_mapping_table,Deduplicated union of current ICTV families across DeePaC-vir VHDB source taxa. The simulated read FASTA files are not counted as independent taxa; source counts are unique Species.taxid values in the audited mapping table.,include_eukaryotic,invertebrates,Riboviria,Orthornavirae,Pisuviricota,Pisoniviricetes,Picornavirales,ssRNA(+),RNA,14,True
DeePaC-vir,Polydnaviriformidae,S,7,input_original/manual_downloads/DeePaC_vir/zenodo_4312525/*.rds,Polydnaviriformidae,local_taxid_mapping_Species.taxid; vmr_exact_Species,confirmed_from_audited_mapping_table,Deduplicated union of current ICTV families across DeePaC-vir VHDB source taxa. The simulated read FASTA files are not counted as independent taxa; source counts are unique Species.taxid values in the audited mapping table.,include_eukaryotic,invertebrates,,,,,,dsDNA,DNA,53,False
DeePaC-vir,Polymycoviridae,S,4,input_original/manual_downloads/DeePaC_vir/zenodo_4312525/*.rds,Polymycoviridae,local_taxid_mapping_Species.taxid; vmr_exact_Species,confirmed_from_audited_mapping_table,Deduplicated union of current ICTV families across DeePaC-vir VHDB source taxa. The simulated read FASTA files are not counted as independent taxa; source counts are unique Species.taxid values in the audited mapping table.,include_eukaryotic,fungi,Riboviria,Orthornavirae,Pisuviricota,Mycopleornaviricetes,Xenadelphovirales,dsRNA,RNA,28,True
DeePaC-vir,Polyomaviridae,S,126,input_original/manual_downloads/DeePaC_vir/zenodo_4312525/*.rds,Polyomaviridae,lineage_family_token,confirmed_from_audited_mapping_table,Deduplicated union of current ICTV families across DeePaC-vir VHDB source taxa. The simulated read FASTA files are not counted as independent taxa; source counts are unique Species.taxid values in the audited mapping table.,include_eukaryotic,vertebrates,Floreoviria,Shotokuvirae,Cossaviricota,Papovaviricetes,Sepolyvirales,dsDNA,DNA,122,True
DeePaC-vir,Potyviridae,S,160,input_original/manual_downloads/DeePaC_vir/zenodo_4312525/*.rds,Potyviridae,lineage_family_token,confirmed_from_audited_mapping_table,Deduplicated union of current ICTV families across DeePaC-vir VHDB source taxa. The simulated read FASTA files are not counted as independent taxa; source counts are unique Species.taxid values in the audited mapping table.,include_eukaryotic,plants,Riboviria,Orthornavirae,Pisuviricota,Stelpaviricetes,Patatavirales,ssRNA(+),RNA,264,True
DeePaC-vir,Poxviridae,S,51,input_original/manual_downloads/DeePaC_vir/zenodo_4312525/*.rds,Poxviridae,lineage_family_token,confirmed_from_audited_mapping_table,Deduplicated union of current ICTV families across DeePaC-vir VHDB source taxa. The simulated read FASTA files are not counted as independent taxa; source counts are unique Species.taxid values in the audited mapping table.,include_eukaryotic,invertebrates; vertebrates,Varidnaviria,Bamfordvirae,Nucleocytoviricota,Pokkesviricetes,Chitovirales,dsDNA,DNA,56,True
DeePaC-vir,Pseudototiviridae,S,37,input_original/manual_downloads/DeePaC_vir/zenodo_4312525/*.rds,Pseudototiviridae,local_taxid_mapping_Species.taxid; local_taxid_mapping_virus.tax.id,confirmed_from_audited_mapping_table,Deduplicated union of current ICTV families across DeePaC-vir VHDB source taxa. The simulated read FASTA files are not counted as independent taxa; source counts are unique Species.taxid values in the audited mapping table.,include_eukaryotic,fungi; protists; vertebrates,Riboviria,Orthornavirae,Duplornaviricota,Chrymotiviricetes,Ghabrivirales,dsRNA,RNA,46,True
DeePaC-vir,Quadriviridae,S,1,input_original/manual_downloads/DeePaC_vir/zenodo_4312525/*.rds,Quadriviridae,lineage_family_token,confirmed_from_audited_mapping_table,Deduplicated union of current ICTV families across DeePaC-vir VHDB source taxa. The simulated read FASTA files are not counted as independent taxa; source counts are unique Species.taxid values in the audited mapping table.,include_eukaryotic,fungi,Riboviria,Orthornavirae,Duplornaviricota,Chrymotiviricetes,Ghabrivirales,dsRNA,RNA,3,True
DeePaC-vir,Retroviridae,S,87,input_original/manual_downloads/DeePaC_vir/zenodo_4312525/*.rds,Retroviridae,lineage_family_token,confirmed_from_audited_mapping_table,Deduplicated union of current ICTV families across DeePaC-vir VHDB source taxa. The simulated read FASTA files are not counted as independent taxa; source counts are unique Species.taxid values in the audited mapping table.,include_eukaryotic,vertebrates,Riboviria,Pararnavirae,Artverviricota,Revtraviricetes,Ortervirales,ssRNA-RT,Reverse-transcribing,65,True
DeePaC-vir,Rhabdoviridae,S,177,input_original/manual_downloads/DeePaC_vir/zenodo_4312525/*.rds,Rhabdoviridae,lineage_family_token; local_taxid_mapping_Species.taxid,confirmed_from_audited_mapping_table,Deduplicated union of current ICTV families across DeePaC-vir VHDB source taxa. The simulated read FASTA files are not counted as independent taxa; source counts are unique Species.taxid values in the audited mapping table.,include_eukaryotic,"freshwater (s); invertebrates; invertebrates (s); invertebrates, plants; invertebrates, vertebrates; plants; soil (s); unknown (s); vertebrates",Riboviria,Orthornavirae,Negarnaviricota,Monjiviricetes,Mononegavirales,ssRNA(-),RNA,615,True
DeePaC-vir,Roniviridae,S,2,input_original/manual_downloads/DeePaC_vir/zenodo_4312525/*.rds,Roniviridae,lineage_family_token,confirmed_from_audited_mapping_table,Deduplicated union of current ICTV families across DeePaC-vir VHDB source taxa. The simulated read FASTA files are not counted as independent taxa; source counts are unique Species.taxid values in the audited mapping table.,include_eukaryotic,invertebrates,Riboviria,Orthornavirae,Pisuviricota,Pisoniviricetes,Nidovirales,ssRNA(+),RNA,4,True
DeePaC-vir,Secoviridae,S,72,input_original/manual_downloads/DeePaC_vir/zenodo_4312525/*.rds,Secoviridae,lineage_family_token,confirmed_from_audited_mapping_table,Deduplicated union of current ICTV families across DeePaC-vir VHDB source taxa. The simulated read FASTA files are not counted as independent taxa; source counts are unique Species.taxid values in the audited mapping table.,include_eukaryotic,phytobiome (s); plants,Riboviria,Orthornavirae,Pisuviricota,Pisoniviricetes,Picornavirales,ssRNA(+),RNA,215,True
DeePaC-vir,Sedoreoviridae,S,42,input_original/manual_downloads/DeePaC_vir/zenodo_4312525/*.rds,Sedoreoviridae,local_taxid_mapping_Species.taxid; local_taxid_mapping_virus.tax.id; vmr_exact_Species,confirmed_from_audited_mapping_table,Deduplicated union of current ICTV families across DeePaC-vir VHDB source taxa. The simulated read FASTA files are not counted as independent taxa; source counts are unique Species.taxid values in the audited mapping table.,include_eukaryotic,"invertebrates; invertebrates, plants; invertebrates, vertebrates; protists; vertebrates",Riboviria,Orthornavirae,Duplornaviricota,Resentoviricetes,Reovirales,dsRNA,RNA,45,True
DeePaC-vir,Sinhaliviridae,S,7,input_original/manual_downloads/DeePaC_vir/zenodo_4312525/*.rds,Sinhaliviridae,local_taxid_mapping_Species.taxid,confirmed_from_audited_mapping_table,Deduplicated union of current ICTV families across DeePaC-vir VHDB source taxa. The simulated read FASTA files are not counted as independent taxa; source counts are unique Species.taxid values in the audited mapping table.,include_eukaryotic,invertebrates,Riboviria,Orthornavirae,Kitrinoviricota,Magsaviricetes,Nodamuvirales,ssRNA(+),RNA,2,True
DeePaC-vir,Solemoviridae,S,62,input_original/manual_downloads/DeePaC_vir/zenodo_4312525/*.rds,Solemoviridae,lineage_family_token; local_taxid_mapping_Species.taxid,confirmed_from_audited_mapping_table,Deduplicated union of current ICTV families across DeePaC-vir VHDB source taxa. The simulated read FASTA files are not counted as independent taxa; source counts are unique Species.taxid values in the audited mapping table.,include_eukaryotic,fungi; plants,Riboviria,Orthornavirae,Pisuviricota,Pisoniviricetes,Sobelivirales,ssRNA(+),RNA,148,True
DeePaC-vir,Solinviviridae,S,2,input_original/manual_downloads/DeePaC_vir/zenodo_4312525/*.rds,Solinviviridae,lineage_family_token,confirmed_from_audited_mapping_table,Deduplicated union of current ICTV families across DeePaC-vir VHDB source taxa. The simulated read FASTA files are not counted as independent taxa; source counts are unique Species.taxid values in the audited mapping table.,include_eukaryotic,invertebrates,Riboviria,Orthornavirae,Pisuviricota,Pisoniviricetes,Picornavirales,ssRNA(+),RNA,2,True
DeePaC-vir,Spiciviridae,S,4,input_original/manual_downloads/DeePaC_vir/zenodo_4312525/*.rds,Spiciviridae,local_taxid_mapping_Species.taxid,confirmed_from_audited_mapping_table,Deduplicated union of current ICTV families across DeePaC-vir VHDB source taxa. The simulated read FASTA files are not counted as independent taxa; source counts are unique Species.taxid values in the audited mapping table.,include_eukaryotic,invertebrates; plants,Riboviria,Orthornavirae,Duplornaviricota,Chrymotiviricetes,Ghabrivirales,dsRNA,RNA,13,True
DeePaC-vir,Spinareoviridae,S,41,input_original/manual_downloads/DeePaC_vir/zenodo_4312525/*.rds,Spinareoviridae,local_taxid_mapping_Species.taxid; local_taxid_mapping_virus.tax.id; vmr_exact_Species,confirmed_from_audited_mapping_table,Deduplicated union of current ICTV families across DeePaC-vir VHDB source taxa. The simulated read FASTA files are not counted as independent taxa; source counts are unique Species.taxid values in the audited mapping table.,include_eukaryotic,"fungi; invertebrates; invertebrates, plants; invertebrates, vertebrates; vertebrates",Riboviria,Orthornavirae,Duplornaviricota,Resentoviricetes,Reovirales,dsRNA,RNA,59,True
DeePaC-vir,Sputniviroviridae,S,2,input_original/manual_downloads/DeePaC_vir/zenodo_4312525/*.rds,Sputniviroviridae,local_taxid_mapping_virus.tax.id,confirmed_from_audited_mapping_table,Deduplicated union of current ICTV families across DeePaC-vir VHDB source taxa. The simulated read FASTA files are not counted as independent taxa; source counts are unique Species.taxid values in the audited mapping table.,include_eukaryotic,protists,Varidnaviria,Bamfordvirae,Preplasmiviricota,Virophaviricetes,Mividavirales,dsDNA,DNA,2,True
DeePaC-vir,Sunviridae,S,1,input_original/manual_downloads/DeePaC_vir/zenodo_4312525/*.rds,Sunviridae,lineage_family_token,confirmed_from_audited_mapping_table,Deduplicated union of current ICTV families across DeePaC-vir VHDB source taxa. The simulated read FASTA files are not counted as independent taxa; source counts are unique Species.taxid values in the audited mapping table.,include_eukaryotic,vertebrates,Riboviria,Orthornavirae,Negarnaviricota,Monjiviricetes,Mononegavirales,ssRNA(-),RNA,1,True
DeePaC-vir,Tobaniviridae,S,9,input_original/manual_downloads/DeePaC_vir/zenodo_4312525/*.rds,Tobaniviridae,lineage_family_token; local_taxid_mapping_virus.tax.id,confirmed_from_audited_mapping_table,Deduplicated union of current ICTV families across DeePaC-vir VHDB source taxa. The simulated read FASTA files are not counted as independent taxa; source counts are unique Species.taxid values in the audited mapping table.,include_eukaryotic,invertebrates (s); vertebrates,Riboviria,Orthornavirae,Pisuviricota,Pisoniviricetes,Nidovirales,ssRNA(+),RNA,22,True
DeePaC-vir,Togaviridae,S,25,input_original/manual_downloads/DeePaC_vir/zenodo_4312525/*.rds,Togaviridae,lineage_family_token,confirmed_from_audited_mapping_table,Deduplicated union of current ICTV families across DeePaC-vir VHDB source taxa. The simulated read FASTA files are not counted as independent taxa; source counts are unique Species.taxid values in the audited mapping table.,include_eukaryotic,"invertebrates; invertebrates, vertebrates; vertebrates",Riboviria,Orthornavirae,Kitrinoviricota,Alsuviricetes,Martellivirales,ssRNA(+),RNA,32,True
DeePaC-vir,Tombusviridae,S,88,input_original/manual_downloads/DeePaC_vir/zenodo_4312525/*.rds,Tombusviridae,lineage_family_token; local_taxid_mapping_Species.taxid,confirmed_from_audited_mapping_table,Deduplicated union of current ICTV families across DeePaC-vir VHDB source taxa. The simulated read FASTA files are not counted as independent taxa; source counts are unique Species.taxid values in the audited mapping table.,include_eukaryotic,fungi; invertebrates (s); plants; plants (s); vertebrates,Riboviria,Orthornavirae,Kitrinoviricota,Tolucaviricetes,Tolivirales,ssRNA(+),RNA,102,True
DeePaC-vir,Tospoviridae,S,11,input_original/manual_downloads/DeePaC_vir/zenodo_4312525/*.rds,Tospoviridae,lineage_family_token,confirmed_from_audited_mapping_table,Deduplicated union of current ICTV families across DeePaC-vir VHDB source taxa. The simulated read FASTA files are not counted as independent taxa; source counts are unique Species.taxid values in the audited mapping table.,include_eukaryotic,"invertebrates, plants",Riboviria,Orthornavirae,Negarnaviricota,Bunyaviricetes,Elliovirales,ssRNA(+/-),RNA,36,True
DeePaC-vir,Tymoviridae,S,47,input_original/manual_downloads/DeePaC_vir/zenodo_4312525/*.rds,Tymoviridae,lineage_family_token,confirmed_from_audited_mapping_table,Deduplicated union of current ICTV families across DeePaC-vir VHDB source taxa. The simulated read FASTA files are not counted as independent taxa; source counts are unique Species.taxid values in the audited mapping table.,include_eukaryotic,plants,Riboviria,Orthornavirae,Kitrinoviricota,Alsuviricetes,Tymovirales,ssDNA(+/-); ssRNA(+),Mixed/unknown,43,True
DeePaC-vir,Vilyaviridae,S,3,input_original/manual_downloads/DeePaC_vir/zenodo_4312525/*.rds,Vilyaviridae,vmr_exact_Species; vmr_refseq_accession,confirmed_from_audited_mapping_table,Deduplicated union of current ICTV families across DeePaC-vir VHDB source taxa. The simulated read FASTA files are not counted as independent taxa; source counts are unique Species.taxid values in the audited mapping table.,include_eukaryotic,protists (s); vertebrates,Floreoviria,Shotokuvirae,Cressdnaviricota,Arfiviricetes,Cirlivirales,ssDNA; ssDNA(+/-),DNA,27,True
DeePaC-vir,Virgaviridae,S,58,input_original/manual_downloads/DeePaC_vir/zenodo_4312525/*.rds,Virgaviridae,lineage_family_token,confirmed_from_audited_mapping_table,Deduplicated union of current ICTV families across DeePaC-vir VHDB source taxa. The simulated read FASTA files are not counted as independent taxa; source counts are unique Species.taxid values in the audited mapping table.,include_eukaryotic,plants,Riboviria,Orthornavirae,Kitrinoviricota,Alsuviricetes,Martellivirales,ssRNA(+),RNA,59,True
DeePaC-vir,Xinmoviridae,S,2,input_original/manual_downloads/DeePaC_vir/zenodo_4312525/*.rds,Xinmoviridae,lineage_family_token; local_taxid_mapping_Species.taxid,confirmed_from_audited_mapping_table,Deduplicated union of current ICTV families across DeePaC-vir VHDB source taxa. The simulated read FASTA files are not counted as independent taxa; source counts are unique Species.taxid values in the audited mapping table.,include_eukaryotic,invertebrates; vertebrates (s),Riboviria,Orthornavirae,Negarnaviricota,Monjiviricetes,Mononegavirales,ssRNA(-),RNA,30,True
DeePaC-vir,Yadokariviridae,S,2,input_original/manual_downloads/DeePaC_vir/zenodo_4312525/*.rds,Yadokariviridae,local_taxid_mapping_Species.taxid,confirmed_from_audited_mapping_table,Deduplicated union of current ICTV families across DeePaC-vir VHDB source taxa. The simulated read FASTA files are not counted as independent taxa; source counts are unique Species.taxid values in the audited mapping table.,include_eukaryotic,fungi; protists,Riboviria,Orthornavirae,Pisuviricota,,Yadokarivirales,ssRNA(+),RNA,10,True
DeepHoF,Adamaviridae,N,5,input_original/manual_downloads/DeepHoF/41598_2021_96903_MOESM5_ESM.xlsx,Adamaviridae,multiple_vmr_species_by_accession; ncbi_name_exact_current_ictv_species,confirmed_from_audited_mapping_table,Family-level presence from audited DeepHoF record-to-family mapping of the raw release.,include_eukaryotic,freshwater (s); invertebrates; invertebrates (s); marine (s); sewage (s); vertebrates,Floreoviria,Shotokuvirae,Cressdnaviricota,Arfiviricetes,Rohanvirales,ssDNA(+/-),DNA,22,True
DeepHoF,Adenoviridae,N,97,input_original/manual_downloads/DeepHoF/41598_2021_96903_MOESM5_ESM.xlsx,Adenoviridae,ncbi_family_ancestor_harmonized; ncbi_name_exact_current_ictv_species; ncbi_name_historical_ictv_species_alias,confirmed_from_audited_mapping_table,Family-level presence from audited DeepHoF record-to-family mapping of the raw release.,include_eukaryotic,vertebrates,Varidnaviria,Bamfordvirae,Preplasmiviricota,Pharingeaviricetes,Rowavirales,dsDNA,DNA,145,True
DeepHoF,Aliusviridae,N,2,input_original/manual_downloads/DeepHoF/41598_2021_96903_MOESM5_ESM.xlsx,Aliusviridae,ncbi_name_exact_current_ictv_species,confirmed_from_audited_mapping_table,Family-level presence from audited DeepHoF record-to-family mapping of the raw release.,include_eukaryotic,invertebrates,Riboviria,Orthornavirae,Negarnaviricota,Monjiviricetes,Jingchuvirales,ssRNA(-),RNA,12,True
DeepHoF,Alloherpesviridae,N,9,input_original/manual_downloads/DeepHoF/41598_2021_96903_MOESM5_ESM.xlsx,Alloherpesviridae,ncbi_name_exact_current_ictv_species,confirmed_from_audited_mapping_table,Family-level presence from audited DeepHoF record-to-family mapping of the raw release.,include_eukaryotic,vertebrates,Duplodnaviria,Heunggongvirae,Peploviricota,Herviviricetes,Herpesvirales,dsDNA,DNA,13,True
DeepHoF,Alphaflexiviridae,N,60,input_original/manual_downloads/DeepHoF/41598_2021_96903_MOESM5_ESM.xlsx,Alphaflexiviridae,ncbi_family_ancestor_harmonized; ncbi_name_exact_current_ictv_species,confirmed_from_audited_mapping_table,Family-level presence from audited DeepHoF record-to-family mapping of the raw release.,include_eukaryotic,fungi; plants,Riboviria,Orthornavirae,Kitrinoviricota,Alsuviricetes,Tymovirales,ssRNA(+),RNA,73,True
DeepHoF,Alphasatellitidae,N,81,input_original/manual_downloads/DeepHoF/41598_2021_96903_MOESM5_ESM.xlsx,Alphasatellitidae,ncbi_family_ancestor_harmonized; ncbi_name_exact_current_ictv_species,confirmed_from_audited_mapping_table,Family-level presence from audited DeepHoF record-to-family mapping of the raw release.,include_eukaryotic,invertebrates; plants; plants (s),,,,,,ssDNA; ssDNA(+); ssDNA(+/-),DNA,93,False
DeepHoF,Alphatetraviridae,N,3,input_original/manual_downloads/DeepHoF/41598_2021_96903_MOESM5_ESM.xlsx,Alphatetraviridae,ncbi_name_exact_current_ictv_species,confirmed_from_audited_mapping_table,Family-level presence from audited DeepHoF record-to-family mapping of the raw release.,include_eukaryotic,invertebrates,Riboviria,Orthornavirae,Kitrinoviricota,Alsuviricetes,Hepelivirales,ssRNA(+),RNA,10,True
DeepHoF,Alternaviridae,N,3,input_original/manual_downloads/DeepHoF/41598_2021_96903_MOESM5_ESM.xlsx,Alternaviridae,ncbi_family_ancestor_harmonized; ncbi_name_exact_current_ictv_species,confirmed_from_audited_mapping_table,Family-level presence from audited DeepHoF record-to-family mapping of the raw release.,include_eukaryotic,fungi,Riboviria,Orthornavirae,Duplornaviricota,Chrymotiviricetes,Ghabrivirales,dsRNA,RNA,5,True
DeepHoF,Alvernaviridae,N,1,input_original/manual_downloads/DeepHoF/41598_2021_96903_MOESM5_ESM.xlsx,Alvernaviridae,ncbi_name_historical_ictv_species_alias,confirmed_from_audited_mapping_table,Family-level presence from audited DeepHoF record-to-family mapping of the raw release.,include_eukaryotic,protists,Riboviria,Orthornavirae,Pisuviricota,Pisoniviricetes,Sobelivirales,ssRNA(+),RNA,1,True
DeepHoF,Amalgaviridae,N,12,input_original/manual_downloads/DeepHoF/41598_2021_96903_MOESM5_ESM.xlsx,Amalgaviridae,ncbi_family_ancestor_harmonized; ncbi_name_exact_current_ictv_species,confirmed_from_audited_mapping_table,Family-level presence from audited DeepHoF record-to-family mapping of the raw release.,include_eukaryotic,fungi; plants,Riboviria,Orthornavirae,Pisuviricota,Duplopiviricetes,Durnavirales,dsRNA,RNA,23,True
DeepHoF,Ambiguiviridae,N,3,input_original/manual_downloads/DeepHoF/41598_2021_96903_MOESM5_ESM.xlsx,Ambiguiviridae,ncbi_name_exact_current_ictv_species,confirmed_from_audited_mapping_table,Family-level presence from audited DeepHoF record-to-family mapping of the raw release.,include_eukaryotic,fungi; invertebrates (s); phytobiome (s); plants (s); soil (s),Riboviria,Orthornavirae,Kitrinoviricota,Tolucaviricetes,Tolivirales,ssRNA(+),RNA,42,True
DeepHoF,Amesuviridae,N,1,input_original/manual_downloads/DeepHoF/41598_2021_96903_MOESM5_ESM.xlsx,Amesuviridae,ncbi_name_exact_current_ictv_species,confirmed_from_audited_mapping_table,Family-level presence from audited DeepHoF record-to-family mapping of the raw release.,include_eukaryotic,plants,Floreoviria,Shotokuvirae,Cressdnaviricota,Arfiviricetes,Mulpavirales,ssDNA(+/-),DNA,2,True
DeepHoF,Amnoonviridae,N,1,input_original/manual_downloads/DeepHoF/41598_2021_96903_MOESM5_ESM.xlsx,Amnoonviridae,ncbi_name_exact_current_ictv_species,confirmed_from_audited_mapping_table,Family-level presence from audited DeepHoF record-to-family mapping of the raw release.,include_eukaryotic,vertebrates,Riboviria,Orthornavirae,Negarnaviricota,Insthoviricetes,Articulavirales,ssRNA(-),RNA,1,True
DeepHoF,Anelloviridae,N,98,input_original/manual_downloads/DeepHoF/41598_2021_96903_MOESM5_ESM.xlsx,Anelloviridae,ncbi_family_ancestor_harmonized; ncbi_name_exact_current_ictv_species,confirmed_from_audited_mapping_table,Family-level presence from audited DeepHoF record-to-family mapping of the raw release.,include_eukaryotic,invertebrates; vertebrates,Floreoviria,Shotokuvirae,Commensaviricota,Cardeaviricetes,Sanitavirales,ssDNA(+/-); ssDNA(-),DNA,243,True
DeepHoF,Anicreviridae,N,1,input_original/manual_downloads/DeepHoF/41598_2021_96903_MOESM5_ESM.xlsx,Anicreviridae,ncbi_name_exact_current_ictv_species,confirmed_from_audited_mapping_table,Family-level presence from audited DeepHoF record-to-family mapping of the raw release.,include_eukaryotic,invertebrates; vertebrates; vertebrates (s),Floreoviria,Shotokuvirae,Cressdnaviricota,Arfiviricetes,Mulpavirales,ssDNA(+/-),DNA,9,True
DeepHoF,Arenaviridae,N,46,input_original/manual_downloads/DeepHoF/41598_2021_96903_MOESM5_ESM.xlsx,Arenaviridae,ncbi_family_ancestor_harmonized; ncbi_name_exact_current_ictv_species,confirmed_from_audited_mapping_table,Family-level presence from audited DeepHoF record-to-family mapping of the raw release.,include_eukaryotic,freshwater (s); vertebrates,Riboviria,Orthornavirae,Negarnaviricota,Bunyaviricetes,Hareavirales,ssRNA(+/-); ssRNA(-),RNA,71,True
DeepHoF,Arteriviridae,N,20,input_original/manual_downloads/DeepHoF/41598_2021_96903_MOESM5_ESM.xlsx,Arteriviridae,ncbi_family_ancestor_harmonized; ncbi_name_exact_current_ictv_species,confirmed_from_audited_mapping_table,Family-level presence from audited DeepHoF record-to-family mapping of the raw release.,include_eukaryotic,vertebrates,Riboviria,Orthornavirae,Pisuviricota,Pisoniviricetes,Nidovirales,ssRNA(+),RNA,23,True
DeepHoF,Artiviridae,N,5,input_original/manual_downloads/DeepHoF/41598_2021_96903_MOESM5_ESM.xlsx,Artiviridae,ncbi_name_exact_current_ictv_species,confirmed_from_audited_mapping_table,Family-level presence from audited DeepHoF record-to-family mapping of the raw release.,include_eukaryotic,invertebrates,Riboviria,Orthornavirae,Duplornaviricota,Chrymotiviricetes,Ghabrivirales,dsRNA,RNA,9,True
DeepHoF,Artoviridae,N,3,input_original/manual_downloads/DeepHoF/41598_2021_96903_MOESM5_ESM.xlsx,Artoviridae,ncbi_name_exact_current_ictv_species,confirmed_from_audited_mapping_table,Family-level presence from audited DeepHoF record-to-family mapping of the raw release.,include_eukaryotic,invertebrates; plants; vertebrates,Riboviria,Orthornavirae,Negarnaviricota,Monjiviricetes,Mononegavirales,ssRNA(-),RNA,14,True
DeepHoF,Ascoviridae,N,8,input_original/manual_downloads/DeepHoF/41598_2021_96903_MOESM5_ESM.xlsx,Ascoviridae,ncbi_family_ancestor_harmonized; ncbi_name_exact_current_ictv_species,confirmed_from_audited_mapping_table,Family-level presence from audited DeepHoF record-to-family mapping of the raw release.,include_eukaryotic,invertebrates,Varidnaviria,Bamfordvirae,Nucleocytoviricota,Megaviricetes,Pimascovirales,dsDNA,DNA,4,True
DeepHoF,Asfarviridae,N,1,input_original/manual_downloads/DeepHoF/41598_2021_96903_MOESM5_ESM.xlsx,Asfarviridae,ncbi_name_exact_current_ictv_species,confirmed_from_audited_mapping_table,Family-level presence from audited DeepHoF record-to-family mapping of the raw release.,include_eukaryotic,"invertebrates, vertebrates",Varidnaviria,Bamfordvirae,Nucleocytoviricota,Pokkesviricetes,Asfuvirales,dsDNA,DNA,1,True
DeepHoF,Aspiviridae,N,6,input_original/manual_downloads/DeepHoF/41598_2021_96903_MOESM5_ESM.xlsx,Aspiviridae,ncbi_name_exact_current_ictv_species; ncbi_name_historical_ictv_species_alias,confirmed_from_audited_mapping_table,Family-level presence from audited DeepHoF record-to-family mapping of the raw release.,include_eukaryotic,plants,Riboviria,Orthornavirae,Negarnaviricota,Milneviricetes,Naedrevirales,ssRNA(-),RNA,22,True
DeepHoF,Astroviridae,N,56,input_original/manual_downloads/DeepHoF/41598_2021_96903_MOESM5_ESM.xlsx,Astroviridae,ncbi_family_ancestor_harmonized; ncbi_name_exact_current_ictv_species; ncbi_name_historical_ictv_species_alias,confirmed_from_audited_mapping_table,Family-level presence from audited DeepHoF record-to-family mapping of the raw release.,include_eukaryotic,vertebrates,Riboviria,Orthornavirae,Pisuviricota,Stelpaviricetes,Stellavirales,ssRNA(+),RNA,31,True
DeepHoF,Bacilladnaviridae,N,2,input_original/manual_downloads/DeepHoF/41598_2021_96903_MOESM5_ESM.xlsx,Bacilladnaviridae,ncbi_family_ancestor_harmonized; ncbi_name_exact_current_ictv_species,confirmed_from_audited_mapping_table,Family-level presence from audited DeepHoF record-to-family mapping of the raw release.,include_eukaryotic,invertebrates; marine (s); protists,Floreoviria,Shotokuvirae,Cressdnaviricota,Arfiviricetes,Baphyvirales,ssDNA(+/-),DNA,22,True
DeepHoF,Baculoviridae,N,83,input_original/manual_downloads/DeepHoF/41598_2021_96903_MOESM5_ESM.xlsx,Baculoviridae,ncbi_family_ancestor_harmonized; ncbi_name_exact_current_ictv_species,confirmed_from_audited_mapping_table,Family-level presence from audited DeepHoF record-to-family mapping of the raw release.,include_eukaryotic,invertebrates,,,,Naldaviricetes,Lefavirales,dsDNA,DNA,104,True
DeepHoF,Barnaviridae,N,1,input_original/manual_downloads/DeepHoF/41598_2021_96903_MOESM5_ESM.xlsx,Barnaviridae,ncbi_name_historical_ictv_species_alias,confirmed_from_audited_mapping_table,Family-level presence from audited DeepHoF record-to-family mapping of the raw release.,include_eukaryotic,fungi,Riboviria,Orthornavirae,Pisuviricota,Pisoniviricetes,Sobelivirales,ssRNA(+),RNA,1,True
DeepHoF,Benyviridae,N,4,input_original/manual_downloads/DeepHoF/41598_2021_96903_MOESM5_ESM.xlsx,Benyviridae,ncbi_name_exact_current_ictv_species,confirmed_from_audited_mapping_table,Family-level presence from audited DeepHoF record-to-family mapping of the raw release.,include_eukaryotic,plants,Riboviria,Orthornavirae,Kitrinoviricota,Alsuviricetes,Hepelivirales,ssRNA(+),RNA,5,True
DeepHoF,Betaflexiviridae,N,121,input_original/manual_downloads/DeepHoF/41598_2021_96903_MOESM5_ESM.xlsx,Betaflexiviridae,ncbi_family_ancestor_harmonized; ncbi_name_exact_current_ictv_species,confirmed_from_audited_mapping_table,Family-level presence from audited DeepHoF record-to-family mapping of the raw release.,include_eukaryotic,plants,Riboviria,Orthornavirae,Kitrinoviricota,Alsuviricetes,Tymovirales,ssRNA(+),RNA,159,True
DeepHoF,Bidnaviridae,N,1,input_original/manual_downloads/DeepHoF/41598_2021_96903_MOESM5_ESM.xlsx,Bidnaviridae,ncbi_name_historical_ictv_species_alias,confirmed_from_audited_mapping_table,Family-level presence from audited DeepHoF record-to-family mapping of the raw release.,include_eukaryotic,invertebrates,Floreoviria,Shotokuvirae,Cossaviricota,Mouviricetes,Polivirales,ssDNA(+/-),DNA,1,True
DeepHoF,Birnaviridae,N,10,input_original/manual_downloads/DeepHoF/41598_2021_96903_MOESM5_ESM.xlsx,Birnaviridae,ncbi_family_ancestor_harmonized; ncbi_name_exact_current_ictv_species,confirmed_from_audited_mapping_table,Family-level presence from audited DeepHoF record-to-family mapping of the raw release.,include_eukaryotic,invertebrates; vertebrates,Riboviria,Orthornavirae,,,,dsRNA,RNA,11,False
DeepHoF,Bornaviridae,N,11,input_original/manual_downloads/DeepHoF/41598_2021_96903_MOESM5_ESM.xlsx,Bornaviridae,ncbi_name_exact_current_ictv_species,confirmed_from_audited_mapping_table,Family-level presence from audited DeepHoF record-to-family mapping of the raw release.,include_eukaryotic,vertebrates,Riboviria,Orthornavirae,Negarnaviricota,Monjiviricetes,Mononegavirales,ssRNA(-),RNA,18,True
DeepHoF,Botourmiaviridae,N,4,input_original/manual_downloads/DeepHoF/41598_2021_96903_MOESM5_ESM.xlsx,Botourmiaviridae,ncbi_name_exact_current_ictv_species,confirmed_from_audited_mapping_table,Family-level presence from audited DeepHoF record-to-family mapping of the raw release.,include_eukaryotic,fungi; plants; unknown (s),Riboviria,Orthornavirae,Lenarviricota,Miaviricetes,Ourlivirales,ssRNA(+),RNA,150,True
DeepHoF,Botybirnaviridae,N,2,input_original/manual_downloads/DeepHoF/41598_2021_96903_MOESM5_ESM.xlsx,Botybirnaviridae,ncbi_name_exact_current_ictv_species,confirmed_from_audited_mapping_table,Family-level presence from audited DeepHoF record-to-family mapping of the raw release.,include_eukaryotic,fungi; protists (s),Riboviria,Orthornavirae,Duplornaviricota,Chrymotiviricetes,Ghabrivirales,dsRNA,RNA,9,True
DeepHoF,Bromoviridae,N,41,input_original/manual_downloads/DeepHoF/41598_2021_96903_MOESM5_ESM.xlsx,Bromoviridae,ncbi_family_ancestor_harmonized; ncbi_name_exact_current_ictv_species,confirmed_from_audited_mapping_table,Family-level presence from audited DeepHoF record-to-family mapping of the raw release.,include_eukaryotic,plants,Riboviria,Orthornavirae,Kitrinoviricota,Alsuviricetes,Martellivirales,ssRNA(+),RNA,52,True
DeepHoF,Caliciviridae,N,26,input_original/manual_downloads/DeepHoF/41598_2021_96903_MOESM5_ESM.xlsx,Caliciviridae,ncbi_family_ancestor_harmonized; ncbi_name_exact_current_ictv_species,confirmed_from_audited_mapping_table,Family-level presence from audited DeepHoF record-to-family mapping of the raw release.,include_eukaryotic,vertebrates,Riboviria,Orthornavirae,Pisuviricota,Pisoniviricetes,Picornavirales,ssRNA(+),RNA,12,True
DeepHoF,Carmotetraviridae,N,1,input_original/manual_downloads/DeepHoF/41598_2021_96903_MOESM5_ESM.xlsx,Carmotetraviridae,ncbi_name_exact_current_ictv_species,confirmed_from_audited_mapping_table,Family-level presence from audited DeepHoF record-to-family mapping of the raw release.,include_eukaryotic,invertebrates,Riboviria,Orthornavirae,Kitrinoviricota,Tolucaviricetes,Tolivirales,ssRNA(+),RNA,1,True
DeepHoF,Caulimoviridae,N,92,input_original/manual_downloads/DeepHoF/41598_2021_96903_MOESM5_ESM.xlsx,Caulimoviridae,ncbi_family_ancestor_harmonized; ncbi_name_exact_current_ictv_species,confirmed_from_audited_mapping_table,Family-level presence from audited DeepHoF record-to-family mapping of the raw release.,include_eukaryotic,plants,Riboviria,Pararnavirae,Artverviricota,Revtraviricetes,Ortervirales,dsDNA; dsDNA-RT,Reverse-transcribing,109,True
DeepHoF,Chrysoviridae,N,22,input_original/manual_downloads/DeepHoF/41598_2021_96903_MOESM5_ESM.xlsx,Chrysoviridae,ncbi_family_ancestor_harmonized; ncbi_name_exact_current_ictv_species,confirmed_from_audited_mapping_table,Family-level presence from audited DeepHoF record-to-family mapping of the raw release.,include_eukaryotic,fungi; invertebrates (s); plants (s),Riboviria,Orthornavirae,Duplornaviricota,Chrymotiviricetes,Ghabrivirales,dsRNA,RNA,31,True
DeepHoF,Chuviridae,N,24,input_original/manual_downloads/DeepHoF/41598_2021_96903_MOESM5_ESM.xlsx,Chuviridae,ncbi_family_ancestor_harmonized; ncbi_name_exact_current_ictv_species,confirmed_from_audited_mapping_table,Family-level presence from audited DeepHoF record-to-family mapping of the raw release.,include_eukaryotic,invertebrates; vertebrates,Riboviria,Orthornavirae,Negarnaviricota,Monjiviricetes,Jingchuvirales,ssRNA(-),RNA,43,True
DeepHoF,Circoviridae,N,193,input_original/manual_downloads/DeepHoF/41598_2021_96903_MOESM5_ESM.xlsx,Circoviridae,ncbi_family_ancestor_harmonized; ncbi_name_exact_current_ictv_species,confirmed_from_audited_mapping_table,Family-level presence from audited DeepHoF record-to-family mapping of the raw release.,include_eukaryotic,invertebrates; plants (s); vertebrates,Floreoviria,Shotokuvirae,Cressdnaviricota,Arfiviricetes,Cirlivirales,ssDNA; ssDNA(+/-),DNA,160,True
DeepHoF,Closteroviridae,N,55,input_original/manual_downloads/DeepHoF/41598_2021_96903_MOESM5_ESM.xlsx,Closteroviridae,ncbi_family_ancestor_harmonized; ncbi_name_exact_current_ictv_species,confirmed_from_audited_mapping_table,Family-level presence from audited DeepHoF record-to-family mapping of the raw release.,include_eukaryotic,plants,Riboviria,Orthornavirae,Kitrinoviricota,Alsuviricetes,Martellivirales,ssRNA(+),RNA,88,True
DeepHoF,Coronaviridae,N,47,input_original/manual_downloads/DeepHoF/41598_2021_96903_MOESM5_ESM.xlsx,Coronaviridae,ncbi_family_ancestor_harmonized; ncbi_name_exact_current_ictv_species,confirmed_from_audited_mapping_table,Family-level presence from audited DeepHoF record-to-family mapping of the raw release.,include_eukaryotic,vertebrates,Riboviria,Orthornavirae,Pisuviricota,Pisoniviricetes,Nidovirales,ssRNA(+),RNA,54,True
DeepHoF,Cruliviridae,N,1,input_original/manual_downloads/DeepHoF/41598_2021_96903_MOESM5_ESM.xlsx,Cruliviridae,ncbi_name_exact_current_ictv_species,confirmed_from_audited_mapping_table,Family-level presence from audited DeepHoF record-to-family mapping of the raw release.,include_eukaryotic,invertebrates,Riboviria,Orthornavirae,Negarnaviricota,Bunyaviricetes,Elliovirales,ssRNA(-),RNA,4,True
DeepHoF,Curvulaviridae,N,3,input_original/manual_downloads/DeepHoF/41598_2021_96903_MOESM5_ESM.xlsx,Curvulaviridae,ncbi_name_exact_current_ictv_species,confirmed_from_audited_mapping_table,Family-level presence from audited DeepHoF record-to-family mapping of the raw release.,include_eukaryotic,fungi,Riboviria,Orthornavirae,Pisuviricota,Duplopiviricetes,Durnavirales,dsRNA,RNA,8,True
DeepHoF,Deltaflexiviridae,N,4,input_original/manual_downloads/DeepHoF/41598_2021_96903_MOESM5_ESM.xlsx,Deltaflexiviridae,ncbi_family_ancestor_harmonized; ncbi_name_exact_current_ictv_species,confirmed_from_audited_mapping_table,Family-level presence from audited DeepHoF record-to-family mapping of the raw release.,include_eukaryotic,fungi,Riboviria,Orthornavirae,Kitrinoviricota,Alsuviricetes,Tymovirales,ssRNA(+),RNA,4,True
DeepHoF,Dicistroviridae,N,26,input_original/manual_downloads/DeepHoF/41598_2021_96903_MOESM5_ESM.xlsx,Dicistroviridae,ncbi_family_ancestor_harmonized; ncbi_name_exact_current_ictv_species,confirmed_from_audited_mapping_table,Family-level presence from audited DeepHoF record-to-family mapping of the raw release.,include_eukaryotic,invertebrates,Riboviria,Orthornavirae,Pisuviricota,Pisoniviricetes,Picornavirales,ssRNA(+),RNA,16,True
DeepHoF,Draupnirviridae,N,8,input_original/manual_downloads/DeepHoF/41598_2021_96903_MOESM5_ESM.xlsx,Draupnirviridae,ncbi_family_ancestor_harmonized; ncbi_name_exact_current_ictv_species,confirmed_from_audited_mapping_table,Family-level presence from audited DeepHoF record-to-family mapping of the raw release.,include_eukaryotic,air (s); freshwater (s); invertebrates; invertebrates (s); marine (s); plants; sewage (s); vertebrates,Floreoviria,Shotokuvirae,Cressdnaviricota,Arfiviricetes,Jormunvirales,ssDNA(+/-),DNA,67,True
DeepHoF,Endolinaviridae,N,1,input_original/manual_downloads/DeepHoF/41598_2021_96903_MOESM5_ESM.xlsx,Endolinaviridae,unique_vmr_virus_name,confirmed_from_audited_mapping_table,Family-level presence from audited DeepHoF record-to-family mapping of the raw release.,include_eukaryotic,vertebrates,Floreoviria,Shotokuvirae,Cressdnaviricota,Arfiviricetes,Cirlivirales,ssDNA(+/-),DNA,10,True
DeepHoF,Endornaviridae,N,32,input_original/manual_downloads/DeepHoF/41598_2021_96903_MOESM5_ESM.xlsx,Endornaviridae,ncbi_family_ancestor_harmonized; ncbi_name_exact_current_ictv_species,confirmed_from_audited_mapping_table,Family-level presence from audited DeepHoF record-to-family mapping of the raw release.,include_eukaryotic,fungi; plants; protists,Riboviria,Orthornavirae,Kitrinoviricota,Alsuviricetes,Martellivirales,ssRNA(+),RNA,31,True
DeepHoF,Euroniviridae,N,3,input_original/manual_downloads/DeepHoF/41598_2021_96903_MOESM5_ESM.xlsx,Euroniviridae,ncbi_name_exact_current_ictv_species,confirmed_from_audited_mapping_table,Family-level presence from audited DeepHoF record-to-family mapping of the raw release.,include_eukaryotic,invertebrates,Riboviria,Orthornavirae,Pisuviricota,Pisoniviricetes,Nidovirales,ssRNA(+),RNA,3,True
DeepHoF,Filamentoviridae,N,1,input_original/manual_downloads/DeepHoF/41598_2021_96903_MOESM5_ESM.xlsx,Filamentoviridae,ncbi_name_exact_current_ictv_species,confirmed_from_audited_mapping_table,Family-level presence from audited DeepHoF record-to-family mapping of the raw release.,include_eukaryotic,invertebrates,,,,Naldaviricetes,Lefavirales,dsDNA,DNA,3,True
DeepHoF,Filoviridae,N,10,input_original/manual_downloads/DeepHoF/41598_2021_96903_MOESM5_ESM.xlsx,Filoviridae,ncbi_name_exact_current_ictv_species,confirmed_from_audited_mapping_table,Family-level presence from audited DeepHoF record-to-family mapping of the raw release.,include_eukaryotic,vertebrates,Riboviria,Orthornavirae,Negarnaviricota,Monjiviricetes,Mononegavirales,ssRNA(-),RNA,17,True
DeepHoF,Fimoviridae,N,7,input_original/manual_downloads/DeepHoF/41598_2021_96903_MOESM5_ESM.xlsx,Fimoviridae,ncbi_name_exact_current_ictv_species,confirmed_from_audited_mapping_table,Family-level presence from audited DeepHoF record-to-family mapping of the raw release.,include_eukaryotic,plants,Riboviria,Orthornavirae,Negarnaviricota,Bunyaviricetes,Elliovirales,ssRNA(-),RNA,33,True
DeepHoF,Flaviviridae,N,95,input_original/manual_downloads/DeepHoF/41598_2021_96903_MOESM5_ESM.xlsx,Flaviviridae,ncbi_family_ancestor_harmonized; ncbi_name_exact_current_ictv_species,confirmed_from_audited_mapping_table,Family-level presence from audited DeepHoF record-to-family mapping of the raw release.,include_eukaryotic,"invertebrates; invertebrates, vertebrates; vertebrates",Riboviria,Orthornavirae,Kitrinoviricota,Flasuviricetes,Amarillovirales,ssRNA(+),RNA,61,True
DeepHoF,Fusagraviridae,N,5,input_original/manual_downloads/DeepHoF/41598_2021_96903_MOESM5_ESM.xlsx,Fusagraviridae,ncbi_name_exact_current_ictv_species,confirmed_from_audited_mapping_table,Family-level presence from audited DeepHoF record-to-family mapping of the raw release.,include_eukaryotic,fungi; plants; protists,Riboviria,Orthornavirae,Duplornaviricota,Chrymotiviricetes,Ghabrivirales,dsRNA,RNA,20,True
DeepHoF,Fusariviridae,N,9,input_original/manual_downloads/DeepHoF/41598_2021_96903_MOESM5_ESM.xlsx,Fusariviridae,ncbi_name_exact_current_ictv_species,confirmed_from_audited_mapping_table,Family-level presence from audited DeepHoF record-to-family mapping of the raw release.,include_eukaryotic,fungi; protists,Riboviria,Orthornavirae,Pisuviricota,Stelpaviricetes,Hypofuvirales,ssRNA(+),RNA,53,True
DeepHoF,Gammaflexiviridae,N,1,input_original/manual_downloads/DeepHoF/41598_2021_96903_MOESM5_ESM.xlsx,Gammaflexiviridae,ncbi_name_exact_current_ictv_species,confirmed_from_audited_mapping_table,Family-level presence from audited DeepHoF record-to-family mapping of the raw release.,include_eukaryotic,fungi,Riboviria,Orthornavirae,Kitrinoviricota,Alsuviricetes,Tymovirales,ssRNA(+),RNA,4,True
DeepHoF,Geminiviridae,N,510,input_original/manual_downloads/DeepHoF/41598_2021_96903_MOESM5_ESM.xlsx,Geminiviridae,ncbi_family_ancestor_harmonized; ncbi_name_exact_current_ictv_species,confirmed_from_audited_mapping_table,Family-level presence from audited DeepHoF record-to-family mapping of the raw release.,include_eukaryotic,"invertebrates; invertebrates, plants; plants",Floreoviria,Shotokuvirae,Cressdnaviricota,Repensiviricetes,Geplafuvirales,ssDNA; ssDNA(+/-),DNA,560,True
DeepHoF,Genomoviridae,N,56,input_original/manual_downloads/DeepHoF/41598_2021_96903_MOESM5_ESM.xlsx,Genomoviridae,ncbi_family_ancestor_harmonized; ncbi_name_exact_current_ictv_species,confirmed_from_audited_mapping_table,Family-level presence from audited DeepHoF record-to-family mapping of the raw release.,include_eukaryotic,"fungi; invertebrates; invertebrates, vertebrates; plants; sewage (s); vertebrates",Floreoviria,Shotokuvirae,Cressdnaviricota,Repensiviricetes,Geplafuvirales,ssDNA(+/-),DNA,237,True
DeepHoF,Geplanaviridae,N,4,input_original/manual_downloads/DeepHoF/41598_2021_96903_MOESM5_ESM.xlsx,Geplanaviridae,ncbi_name_exact_current_ictv_species,confirmed_from_audited_mapping_table,Family-level presence from audited DeepHoF record-to-family mapping of the raw release.,include_eukaryotic,air (s); freshwater (s); invertebrates; plants; vertebrates,Floreoviria,Shotokuvirae,Cressdnaviricota,Repensiviricetes,Geplafuvirales,ssDNA(+/-),DNA,30,True
DeepHoF,Giardiaviridae,N,2,input_original/manual_downloads/DeepHoF/41598_2021_96903_MOESM5_ESM.xlsx,Giardiaviridae,ncbi_family_ancestor_harmonized; ncbi_name_exact_current_ictv_species,confirmed_from_audited_mapping_table,Family-level presence from audited DeepHoF record-to-family mapping of the raw release.,include_eukaryotic,protists,Riboviria,Orthornavirae,Duplornaviricota,Chrymotiviricetes,Ghabrivirales,dsRNA,RNA,1,True
DeepHoF,Hantaviridae,N,38,input_original/manual_downloads/DeepHoF/41598_2021_96903_MOESM5_ESM.xlsx,Hantaviridae,ncbi_family_ancestor_harmonized; ncbi_name_exact_current_ictv_species,confirmed_from_audited_mapping_table,Family-level presence from audited DeepHoF record-to-family mapping of the raw release.,include_eukaryotic,vertebrates,Riboviria,Orthornavirae,Negarnaviricota,Bunyaviricetes,Elliovirales,ssRNA(-),RNA,55,True
DeepHoF,Hepaciviridae,N,25,input_original/manual_downloads/DeepHoF/41598_2021_96903_MOESM5_ESM.xlsx,Hepaciviridae,ncbi_current_family_overrides_historical_source_family; ncbi_name_exact_current_ictv_species; ncbi_name_historical_ictv_species_alias,confirmed_from_audited_mapping_table,Family-level presence from audited DeepHoF record-to-family mapping of the raw release.,include_eukaryotic,vertebrates,Riboviria,Orthornavirae,Kitrinoviricota,Flasuviricetes,Amarillovirales,ssRNA(+),RNA,25,True
DeepHoF,Hepadnaviridae,N,17,input_original/manual_downloads/DeepHoF/41598_2021_96903_MOESM5_ESM.xlsx,Hepadnaviridae,ncbi_family_ancestor_harmonized; ncbi_name_exact_current_ictv_species,confirmed_from_audited_mapping_table,Family-level presence from audited DeepHoF record-to-family mapping of the raw release.,include_eukaryotic,vertebrates,Riboviria,Pararnavirae,Artverviricota,Revtraviricetes,Blubervirales,dsDNA-RT,Reverse-transcribing,27,True
DeepHoF,Hepeviridae,N,7,input_original/manual_downloads/DeepHoF/41598_2021_96903_MOESM5_ESM.xlsx,Hepeviridae,ncbi_family_ancestor_harmonized; ncbi_name_exact_current_ictv_species,confirmed_from_audited_mapping_table,Family-level presence from audited DeepHoF record-to-family mapping of the raw release.,include_eukaryotic,vertebrates,Riboviria,Orthornavirae,Kitrinoviricota,Alsuviricetes,Hepelivirales,ssRNA(+); ssRNA(+/-),RNA,11,True
DeepHoF,Hypoviridae,N,10,input_original/manual_downloads/DeepHoF/41598_2021_96903_MOESM5_ESM.xlsx,Hypoviridae,ncbi_name_exact_current_ictv_species,confirmed_from_audited_mapping_table,Family-level presence from audited DeepHoF record-to-family mapping of the raw release.,include_eukaryotic,fungi; invertebrates,Riboviria,Orthornavirae,Pisuviricota,Stelpaviricetes,Hypofuvirales,ssRNA(+),RNA,57,True
DeepHoF,Hytrosaviridae,N,2,input_original/manual_downloads/DeepHoF/41598_2021_96903_MOESM5_ESM.xlsx,Hytrosaviridae,ncbi_name_exact_current_ictv_species,confirmed_from_audited_mapping_table,Family-level presence from audited DeepHoF record-to-family mapping of the raw release.,include_eukaryotic,invertebrates,,,,Naldaviricetes,Lefavirales,dsDNA,DNA,2,True
DeepHoF,Iflaviridae,N,41,input_original/manual_downloads/DeepHoF/41598_2021_96903_MOESM5_ESM.xlsx,Iflaviridae,ncbi_family_ancestor_harmonized; ncbi_name_exact_current_ictv_species,confirmed_from_audited_mapping_table,Family-level presence from audited DeepHoF record-to-family mapping of the raw release.,include_eukaryotic,invertebrates,Riboviria,Orthornavirae,Pisuviricota,Pisoniviricetes,Picornavirales,ssRNA(+),RNA,16,True
DeepHoF,Inseviridae,N,11,input_original/manual_downloads/DeepHoF/41598_2021_96903_MOESM5_ESM.xlsx,Inseviridae,ncbi_name_exact_current_ictv_species,confirmed_from_audited_mapping_table,Family-level presence from audited DeepHoF record-to-family mapping of the raw release.,include_eukaryotic,invertebrates,Riboviria,Orthornavirae,Duplornaviricota,Chrymotiviricetes,Ghabrivirales,dsRNA,RNA,16,True
DeepHoF,Iridoviridae,N,25,input_original/manual_downloads/DeepHoF/41598_2021_96903_MOESM5_ESM.xlsx,Iridoviridae,ncbi_family_ancestor_harmonized; ncbi_name_exact_current_ictv_species,confirmed_from_audited_mapping_table,Family-level presence from audited DeepHoF record-to-family mapping of the raw release.,include_eukaryotic,invertebrates; vertebrates,Varidnaviria,Bamfordvirae,Nucleocytoviricota,Megaviricetes,Pimascovirales,dsDNA,DNA,23,True
DeepHoF,Kanorauviridae,N,5,input_original/manual_downloads/DeepHoF/41598_2021_96903_MOESM5_ESM.xlsx,Kanorauviridae,ncbi_family_ancestor_harmonized; ncbi_name_exact_current_ictv_species,confirmed_from_audited_mapping_table,Family-level presence from audited DeepHoF record-to-family mapping of the raw release.,include_eukaryotic,air (s); freshwater (s); invertebrates; marine (s); plants; sewage (s); unknown (s); vertebrates,Floreoviria,Shotokuvirae,Cressdnaviricota,Arfiviricetes,Saturnivirales,ssDNA(+/-),DNA,89,True
DeepHoF,Kirkoviridae,N,3,input_original/manual_downloads/DeepHoF/41598_2021_96903_MOESM5_ESM.xlsx,Kirkoviridae,ncbi_name_exact_current_ictv_species,confirmed_from_audited_mapping_table,Family-level presence from audited DeepHoF record-to-family mapping of the raw release.,include_eukaryotic,vertebrates,Floreoviria,Shotokuvirae,Cressdnaviricota,Arfiviricetes,Rohanvirales,ssDNA(+/-),DNA,12,True
DeepHoF,Kitaviridae,N,3,input_original/manual_downloads/DeepHoF/41598_2021_96903_MOESM5_ESM.xlsx,Kitaviridae,ncbi_name_exact_current_ictv_species,confirmed_from_audited_mapping_table,Family-level presence from audited DeepHoF record-to-family mapping of the raw release.,include_eukaryotic,"invertebrates, plants; plants",Riboviria,Orthornavirae,Kitrinoviricota,Alsuviricetes,Martellivirales,ssRNA(+),RNA,27,True
DeepHoF,Kolmioviridae,N,3,input_original/manual_downloads/DeepHoF/41598_2021_96903_MOESM5_ESM.xlsx,Kolmioviridae,ncbi_family_ancestor_harmonized; ncbi_name_exact_current_ictv_species,confirmed_from_audited_mapping_table,Family-level presence from audited DeepHoF record-to-family mapping of the raw release.,include_eukaryotic,invertebrates; vertebrates,Ribozyviria,,,,,ssRNA(-),RNA,21,False
DeepHoF,Lebotiviridae,N,6,input_original/manual_downloads/DeepHoF/41598_2021_96903_MOESM5_ESM.xlsx,Lebotiviridae,ncbi_name_exact_current_ictv_species,confirmed_from_audited_mapping_table,Family-level presence from audited DeepHoF record-to-family mapping of the raw release.,include_eukaryotic,invertebrates,Riboviria,Orthornavirae,Duplornaviricota,Chrymotiviricetes,Ghabrivirales,dsRNA,RNA,8,True
DeepHoF,Lispiviridae,N,6,input_original/manual_downloads/DeepHoF/41598_2021_96903_MOESM5_ESM.xlsx,Lispiviridae,ncbi_name_exact_current_ictv_species,confirmed_from_audited_mapping_table,Family-level presence from audited DeepHoF record-to-family mapping of the raw release.,include_eukaryotic,invertebrates; vertebrates,Riboviria,Orthornavirae,Negarnaviricota,Monjiviricetes,Mononegavirales,ssRNA(-),RNA,51,True
DeepHoF,Mahapunaviridae,N,2,input_original/manual_downloads/DeepHoF/41598_2021_96903_MOESM5_ESM.xlsx,Mahapunaviridae,ncbi_family_ancestor_harmonized; ncbi_name_exact_current_ictv_species,confirmed_from_audited_mapping_table,Family-level presence from audited DeepHoF record-to-family mapping of the raw release.,include_eukaryotic,freshwater (s); invertebrates; plants; sewage (s); vertebrates,Floreoviria,Shotokuvirae,Cressdnaviricota,Arfiviricetes,Saturnivirales,ssDNA(+/-),DNA,31,True
DeepHoF,Malacoherpesviridae,N,2,input_original/manual_downloads/DeepHoF/41598_2021_96903_MOESM5_ESM.xlsx,Malacoherpesviridae,ncbi_name_exact_current_ictv_species,confirmed_from_audited_mapping_table,Family-level presence from audited DeepHoF record-to-family mapping of the raw release.,include_eukaryotic,invertebrates,Duplodnaviria,Heunggongvirae,Peploviricota,Herviviricetes,Herpesvirales,dsDNA,DNA,2,True
DeepHoF,Marnaviridae,N,15,input_original/manual_downloads/DeepHoF/41598_2021_96903_MOESM5_ESM.xlsx,Marnaviridae,ncbi_family_ancestor_harmonized; ncbi_name_exact_current_ictv_species,confirmed_from_audited_mapping_table,Family-level presence from audited DeepHoF record-to-family mapping of the raw release.,include_eukaryotic,marine (s); protists,Riboviria,Orthornavirae,Pisuviricota,Pisoniviricetes,Picornavirales,ssRNA(+),RNA,20,True
DeepHoF,Marseilleviridae,N,7,input_original/manual_downloads/DeepHoF/41598_2021_96903_MOESM5_ESM.xlsx,Marseilleviridae,ncbi_family_ancestor_harmonized; ncbi_name_exact_current_ictv_species,confirmed_from_audited_mapping_table,Family-level presence from audited DeepHoF record-to-family mapping of the raw release.,include_eukaryotic,protists,Varidnaviria,Bamfordvirae,Nucleocytoviricota,Megaviricetes,Pimascovirales,dsDNA,DNA,4,True
DeepHoF,Matonaviridae,N,1,input_original/manual_downloads/DeepHoF/41598_2021_96903_MOESM5_ESM.xlsx,Matonaviridae,ncbi_name_exact_current_ictv_species,confirmed_from_audited_mapping_table,Family-level presence from audited DeepHoF record-to-family mapping of the raw release.,include_eukaryotic,vertebrates,Riboviria,Orthornavirae,Kitrinoviricota,Alsuviricetes,Hepelivirales,ssRNA(+),RNA,3,True
DeepHoF,Maviroviridae,N,1,input_original/manual_downloads/DeepHoF/41598_2021_96903_MOESM5_ESM.xlsx,Maviroviridae,ncbi_name_exact_current_ictv_species,confirmed_from_audited_mapping_table,Family-level presence from audited DeepHoF record-to-family mapping of the raw release.,include_eukaryotic,protists,Varidnaviria,Bamfordvirae,Preplasmiviricota,Virophaviricetes,Lavidavirales,dsDNA,DNA,1,True
DeepHoF,Mayoviridae,N,4,input_original/manual_downloads/DeepHoF/41598_2021_96903_MOESM5_ESM.xlsx,Mayoviridae,ncbi_family_ancestor_harmonized; ncbi_name_exact_current_ictv_species,confirmed_from_audited_mapping_table,Family-level presence from audited DeepHoF record-to-family mapping of the raw release.,include_eukaryotic,plants,Riboviria,Orthornavirae,Kitrinoviricota,Alsuviricetes,Martellivirales,ssRNA(+),RNA,4,True
DeepHoF,Medioniviridae,N,1,input_original/manual_downloads/DeepHoF/41598_2021_96903_MOESM5_ESM.xlsx,Medioniviridae,ncbi_name_exact_current_ictv_species,confirmed_from_audited_mapping_table,Family-level presence from audited DeepHoF record-to-family mapping of the raw release.,include_eukaryotic,invertebrates,Riboviria,Orthornavirae,Pisuviricota,Pisoniviricetes,Nidovirales,ssRNA(+),RNA,2,True
DeepHoF,Megabirnaviridae,N,3,input_original/manual_downloads/DeepHoF/41598_2021_96903_MOESM5_ESM.xlsx,Megabirnaviridae,ncbi_name_exact_current_ictv_species,confirmed_from_audited_mapping_table,Family-level presence from audited DeepHoF record-to-family mapping of the raw release.,include_eukaryotic,fungi,Riboviria,Orthornavirae,Duplornaviricota,Chrymotiviricetes,Ghabrivirales,dsRNA,RNA,5,True
DeepHoF,Mesoniviridae,N,6,input_original/manual_downloads/DeepHoF/41598_2021_96903_MOESM5_ESM.xlsx,Mesoniviridae,ncbi_name_exact_current_ictv_species,confirmed_from_audited_mapping_table,Family-level presence from audited DeepHoF record-to-family mapping of the raw release.,include_eukaryotic,invertebrates,Riboviria,Orthornavirae,Pisuviricota,Pisoniviricetes,Nidovirales,ssRNA(+),RNA,14,True
DeepHoF,Metaviridae,N,2,input_original/manual_downloads/DeepHoF/41598_2021_96903_MOESM5_ESM.xlsx,Metaviridae,ncbi_name_exact_current_ictv_species,confirmed_from_audited_mapping_table,Family-level presence from audited DeepHoF record-to-family mapping of the raw release.,include_eukaryotic,fungi; invertebrates; plants; protists; vertebrates,Riboviria,Pararnavirae,Artverviricota,Revtraviricetes,Ortervirales,ssRNA-RT,Reverse-transcribing,31,True
DeepHoF,Metaxyviridae,N,1,input_original/manual_downloads/DeepHoF/41598_2021_96903_MOESM5_ESM.xlsx,Metaxyviridae,ncbi_name_exact_current_ictv_species,confirmed_from_audited_mapping_table,Family-level presence from audited DeepHoF record-to-family mapping of the raw release.,include_eukaryotic,plants,Floreoviria,Shotokuvirae,Cressdnaviricota,Arfiviricetes,Mulpavirales,ssDNA(+),DNA,1,True
DeepHoF,Mimiviridae,N,19,input_original/manual_downloads/DeepHoF/41598_2021_96903_MOESM5_ESM.xlsx,Mimiviridae,ncbi_family_ancestor_harmonized; ncbi_name_exact_current_ictv_species,confirmed_from_audited_mapping_table,Family-level presence from audited DeepHoF record-to-family mapping of the raw release.,include_eukaryotic,protists,Varidnaviria,Bamfordvirae,Nucleocytoviricota,Megaviricetes,Imitervirales,dsDNA,DNA,19,True
DeepHoF,Mitoviridae,N,46,input_original/manual_downloads/DeepHoF/41598_2021_96903_MOESM5_ESM.xlsx,Mitoviridae,ncbi_current_family_overrides_historical_source_family; ncbi_name_exact_current_ictv_species,confirmed_from_audited_mapping_table,Family-level presence from audited DeepHoF record-to-family mapping of the raw release.,include_eukaryotic,fungi; plants,Riboviria,Orthornavirae,Lenarviricota,Howeltoviricetes,Cryppavirales,ssRNA(+),RNA,105,True
DeepHoF,Monocitiviridae,N,1,input_original/manual_downloads/DeepHoF/41598_2021_96903_MOESM5_ESM.xlsx,Monocitiviridae,ncbi_name_exact_current_ictv_species,confirmed_from_audited_mapping_table,Family-level presence from audited DeepHoF record-to-family mapping of the raw release.,include_eukaryotic,fungi,Riboviria,Orthornavirae,Duplornaviricota,Chrymotiviricetes,Ghabrivirales,dsRNA,RNA,1,True
DeepHoF,Mymonaviridae,N,2,input_original/manual_downloads/DeepHoF/41598_2021_96903_MOESM5_ESM.xlsx,Mymonaviridae,ncbi_name_exact_current_ictv_species,confirmed_from_audited_mapping_table,Family-level presence from audited DeepHoF record-to-family mapping of the raw release.,include_eukaryotic,fungi; invertebrates; invertebrates (s); phytobiome (s); protists; soil (s),Riboviria,Orthornavirae,Negarnaviricota,Monjiviricetes,Mononegavirales,ssRNA(-),RNA,61,True
DeepHoF,Mypoviridae,N,1,input_original/manual_downloads/DeepHoF/41598_2021_96903_MOESM5_ESM.xlsx,Mypoviridae,ncbi_name_exact_current_ictv_species,confirmed_from_audited_mapping_table,Family-level presence from audited DeepHoF record-to-family mapping of the raw release.,include_eukaryotic,invertebrates,Riboviria,Orthornavirae,Negarnaviricota,Bunyaviricetes,Hareavirales,ssRNA(-),RNA,1,True
DeepHoF,Myriaviridae,N,1,input_original/manual_downloads/DeepHoF/41598_2021_96903_MOESM5_ESM.xlsx,Myriaviridae,ncbi_name_exact_current_ictv_species,confirmed_from_audited_mapping_table,Family-level presence from audited DeepHoF record-to-family mapping of the raw release.,include_eukaryotic,invertebrates,Riboviria,Orthornavirae,Negarnaviricota,Monjiviricetes,Jingchuvirales,ssRNA(-),RNA,1,True
DeepHoF,Nairoviridae,N,25,input_original/manual_downloads/DeepHoF/41598_2021_96903_MOESM5_ESM.xlsx,Nairoviridae,ncbi_name_exact_current_ictv_species,confirmed_from_audited_mapping_table,Family-level presence from audited DeepHoF record-to-family mapping of the raw release.,include_eukaryotic,"invertebrates; invertebrates, vertebrates; vertebrates",Riboviria,Orthornavirae,Negarnaviricota,Bunyaviricetes,Hareavirales,ssRNA(-),RNA,60,True
DeepHoF,Nanoviridae,N,13,input_original/manual_downloads/DeepHoF/41598_2021_96903_MOESM5_ESM.xlsx,Nanoviridae,ncbi_family_ancestor_harmonized; ncbi_name_exact_current_ictv_species,confirmed_from_audited_mapping_table,Family-level presence from audited DeepHoF record-to-family mapping of the raw release.,include_eukaryotic,plants,Floreoviria,Shotokuvirae,Cressdnaviricota,Arfiviricetes,Mulpavirales,ssDNA(+),DNA,15,True
DeepHoF,Narnaviridae,N,14,input_original/manual_downloads/DeepHoF/41598_2021_96903_MOESM5_ESM.xlsx,Narnaviridae,ncbi_family_ancestor_harmonized; ncbi_name_exact_current_ictv_species,confirmed_from_audited_mapping_table,Family-level presence from audited DeepHoF record-to-family mapping of the raw release.,include_eukaryotic,fungi,Riboviria,Orthornavirae,Lenarviricota,Amabiliviricetes,Wolframvirales,ssRNA(+),RNA,2,True
DeepHoF,Natareviridae,N,1,input_original/manual_downloads/DeepHoF/41598_2021_96903_MOESM5_ESM.xlsx,Natareviridae,ncbi_name_exact_current_ictv_species,confirmed_from_audited_mapping_table,Family-level presence from audited DeepHoF record-to-family mapping of the raw release.,include_eukaryotic,invertebrates,Riboviria,Orthornavirae,Negarnaviricota,Monjiviricetes,Jingchuvirales,ssRNA(-),RNA,1,True
DeepHoF,Nenyaviridae,N,2,input_original/manual_downloads/DeepHoF/41598_2021_96903_MOESM5_ESM.xlsx,Nenyaviridae,multiple_vmr_species_by_accession; ncbi_name_exact_current_ictv_species,confirmed_from_audited_mapping_table,Family-level presence from audited DeepHoF record-to-family mapping of the raw release.,include_eukaryotic,protists (s); vertebrates,Floreoviria,Shotokuvirae,Cressdnaviricota,Arfiviricetes,Rohanvirales,ssDNA(+),DNA,7,True
DeepHoF,Nimaviridae,N,1,input_original/manual_downloads/DeepHoF/41598_2021_96903_MOESM5_ESM.xlsx,Nimaviridae,ncbi_name_historical_ictv_species_alias,confirmed_from_audited_mapping_table,Family-level presence from audited DeepHoF record-to-family mapping of the raw release.,include_eukaryotic,invertebrates,,,,Naldaviricetes,,dsDNA,DNA,2,False
DeepHoF,Nodaviridae,N,15,input_original/manual_downloads/DeepHoF/41598_2021_96903_MOESM5_ESM.xlsx,Nodaviridae,ncbi_family_ancestor_harmonized; ncbi_name_exact_current_ictv_species,confirmed_from_audited_mapping_table,Family-level presence from audited DeepHoF record-to-family mapping of the raw release.,include_eukaryotic,invertebrates; vertebrates,Riboviria,Orthornavirae,Kitrinoviricota,Magsaviricetes,Nodamuvirales,ssRNA(+),RNA,9,True
DeepHoF,Nudiviridae,N,6,input_original/manual_downloads/DeepHoF/41598_2021_96903_MOESM5_ESM.xlsx,Nudiviridae,ncbi_name_exact_current_ictv_species,confirmed_from_audited_mapping_table,Family-level presence from audited DeepHoF record-to-family mapping of the raw release.,include_eukaryotic,invertebrates,,,,Naldaviricetes,Lefavirales,dsDNA,DNA,29,True
DeepHoF,Nyamiviridae,N,10,input_original/manual_downloads/DeepHoF/41598_2021_96903_MOESM5_ESM.xlsx,Nyamiviridae,ncbi_name_exact_current_ictv_species,confirmed_from_audited_mapping_table,Family-level presence from audited DeepHoF record-to-family mapping of the raw release.,include_eukaryotic,"invertebrates; invertebrates, vertebrates; vertebrates",Riboviria,Orthornavirae,Negarnaviricota,Monjiviricetes,Mononegavirales,ssRNA(-),RNA,30,True
DeepHoF,Oomyviridae,N,1,input_original/manual_downloads/DeepHoF/41598_2021_96903_MOESM5_ESM.xlsx,Oomyviridae,ncbi_name_exact_current_ictv_species,confirmed_from_audited_mapping_table,Family-level presence from audited DeepHoF record-to-family mapping of the raw release.,include_eukaryotic,"invertebrates, vertebrates",Floreoviria,Shotokuvirae,Cressdnaviricota,Arfiviricetes,Lineavirales,ssDNA,DNA,38,True
DeepHoF,Ootiviridae,N,1,input_original/manual_downloads/DeepHoF/41598_2021_96903_MOESM5_ESM.xlsx,Ootiviridae,ncbi_name_exact_current_ictv_species,confirmed_from_audited_mapping_table,Family-level presence from audited DeepHoF record-to-family mapping of the raw release.,include_eukaryotic,protists; protists (s),Riboviria,Orthornavirae,Duplornaviricota,Chrymotiviricetes,Ghabrivirales,dsRNA,RNA,7,True
DeepHoF,Orpheoviridae,N,1,input_original/manual_downloads/DeepHoF/41598_2021_96903_MOESM5_ESM.xlsx,Orpheoviridae,ncbi_name_exact_current_ictv_species,confirmed_from_audited_mapping_table,Family-level presence from audited DeepHoF record-to-family mapping of the raw release.,include_eukaryotic,protists,Varidnaviria,Bamfordvirae,Nucleocytoviricota,Megaviricetes,Pimascovirales,dsDNA,DNA,1,True
DeepHoF,Orthoherpesviridae,N,104,input_original/manual_downloads/DeepHoF/41598_2021_96903_MOESM5_ESM.xlsx,Orthoherpesviridae,ncbi_family_ancestor_harmonized; ncbi_name_exact_current_ictv_species,confirmed_from_audited_mapping_table,Family-level presence from audited DeepHoF record-to-family mapping of the raw release.,include_eukaryotic,vertebrates,Duplodnaviria,Heunggongvirae,Peploviricota,Herviviricetes,Herpesvirales,dsDNA,DNA,118,True
DeepHoF,Orthomyxoviridae,N,9,input_original/manual_downloads/DeepHoF/41598_2021_96903_MOESM5_ESM.xlsx,Orthomyxoviridae,ncbi_name_exact_current_ictv_species,confirmed_from_audited_mapping_table,Family-level presence from audited DeepHoF record-to-family mapping of the raw release.,include_eukaryotic,"invertebrates; invertebrates, vertebrates; vertebrates",Riboviria,Orthornavirae,Negarnaviricota,Insthoviricetes,Articulavirales,ssRNA(-),RNA,21,True
DeepHoF,Orthototiviridae,N,46,input_original/manual_downloads/DeepHoF/41598_2021_96903_MOESM5_ESM.xlsx,Orthototiviridae,ncbi_family_ancestor_harmonized; ncbi_name_exact_current_ictv_species,confirmed_from_audited_mapping_table,Family-level presence from audited DeepHoF record-to-family mapping of the raw release.,include_eukaryotic,fungi; invertebrates; plants; protists (s),Riboviria,Orthornavirae,Duplornaviricota,Chrymotiviricetes,Ghabrivirales,dsRNA,RNA,32,True
DeepHoF,Ourmiaviridae,N,9,input_original/manual_downloads/DeepHoF/41598_2021_96903_MOESM5_ESM.xlsx,Ourmiaviridae,ncbi_name_exact_current_ictv_species,confirmed_from_audited_mapping_table,Family-level presence from audited DeepHoF record-to-family mapping of the raw release.,include_eukaryotic,freshwater (s); invertebrates (s); plants; plants (s); soil (s),Riboviria,Orthornavirae,Lenarviricota,Miaviricetes,Ourlivirales,ssRNA(+),RNA,27,True
DeepHoF,Ouroboviridae,N,4,input_original/manual_downloads/DeepHoF/41598_2021_96903_MOESM5_ESM.xlsx,Ouroboviridae,ncbi_family_ancestor_harmonized; ncbi_name_exact_current_ictv_species,confirmed_from_audited_mapping_table,Family-level presence from audited DeepHoF record-to-family mapping of the raw release.,include_eukaryotic,freshwater (s); invertebrates; marine (s); plants; protists; vertebrates,Floreoviria,Shotokuvirae,Cressdnaviricota,Arfiviricetes,Gredzevirales,ssDNA(+/-),DNA,50,True
DeepHoF,Pamosaviridae,N,1,input_original/manual_downloads/DeepHoF/41598_2021_96903_MOESM5_ESM.xlsx,Pamosaviridae,ncbi_name_exact_current_ictv_species,confirmed_from_audited_mapping_table,Family-level presence from audited DeepHoF record-to-family mapping of the raw release.,include_eukaryotic,plants,Riboviria,,,,Tombendovirales,ssRNA(+),RNA,1,True
DeepHoF,Papillomaviridae,N,169,input_original/manual_downloads/DeepHoF/41598_2021_96903_MOESM5_ESM.xlsx,Papillomaviridae,ncbi_family_ancestor_harmonized; ncbi_name_exact_current_ictv_species,confirmed_from_audited_mapping_table,Family-level presence from audited DeepHoF record-to-family mapping of the raw release.,include_eukaryotic,vertebrates,Floreoviria,Shotokuvirae,Cossaviricota,Papovaviricetes,Zurhausenvirales,dsDNA,DNA,133,True
DeepHoF,Parahypoviridae,N,6,input_original/manual_downloads/DeepHoF/41598_2021_96903_MOESM5_ESM.xlsx,Parahypoviridae,ncbi_name_exact_current_ictv_species,confirmed_from_audited_mapping_table,Family-level presence from audited DeepHoF record-to-family mapping of the raw release.,include_eukaryotic,fungi,Riboviria,Orthornavirae,Pisuviricota,Stelpaviricetes,Hypofuvirales,ssRNA(+),RNA,14,True
DeepHoF,Paramyxoviridae,N,73,input_original/manual_downloads/DeepHoF/41598_2021_96903_MOESM5_ESM.xlsx,Paramyxoviridae,ncbi_family_ancestor_harmonized; ncbi_name_exact_current_ictv_species,confirmed_from_audited_mapping_table,Family-level presence from audited DeepHoF record-to-family mapping of the raw release.,include_eukaryotic,vertebrates,Riboviria,Orthornavirae,Negarnaviricota,Monjiviricetes,Mononegavirales,ssRNA(-),RNA,153,True
DeepHoF,Partitiviridae,N,77,input_original/manual_downloads/DeepHoF/41598_2021_96903_MOESM5_ESM.xlsx,Partitiviridae,ncbi_family_ancestor_harmonized; ncbi_name_exact_current_ictv_species,confirmed_from_audited_mapping_table,Family-level presence from audited DeepHoF record-to-family mapping of the raw release.,include_eukaryotic,fungi; plants; protists,Riboviria,Orthornavirae,Pisuviricota,Duplopiviricetes,Durnavirales,dsRNA,RNA,45,True
DeepHoF,Parvoviridae,N,113,input_original/manual_downloads/DeepHoF/41598_2021_96903_MOESM5_ESM.xlsx,Parvoviridae,ncbi_family_ancestor_harmonized; ncbi_name_exact_current_ictv_species; ncbi_name_historical_ictv_species_alias,confirmed_from_audited_mapping_table,Family-level presence from audited DeepHoF record-to-family mapping of the raw release.,include_eukaryotic,"invertebrates; invertebrates, vertebrates; vertebrates",Floreoviria,Shotokuvirae,Cossaviricota,Quintoviricetes,Piccovirales,ssDNA; ssDNA(+/-),DNA,281,True
DeepHoF,Pecoviridae,N,2,input_original/manual_downloads/DeepHoF/41598_2021_96903_MOESM5_ESM.xlsx,Pecoviridae,multiple_vmr_species_by_accession; ncbi_name_exact_current_ictv_species,confirmed_from_audited_mapping_table,Family-level presence from audited DeepHoF record-to-family mapping of the raw release.,include_eukaryotic,vertebrates,Floreoviria,Shotokuvirae,Cressdnaviricota,Arfiviricetes,Ringavirales,ssDNA(+/-),DNA,15,True
DeepHoF,Peribunyaviridae,N,83,input_original/manual_downloads/DeepHoF/41598_2021_96903_MOESM5_ESM.xlsx,Peribunyaviridae,ncbi_family_ancestor_harmonized; ncbi_name_exact_current_ictv_species,confirmed_from_audited_mapping_table,Family-level presence from audited DeepHoF record-to-family mapping of the raw release.,include_eukaryotic,"invertebrates; invertebrates, vertebrates; vertebrates",Riboviria,Orthornavirae,Negarnaviricota,Bunyaviricetes,Elliovirales,ssRNA(-),RNA,152,True
DeepHoF,Permutotetraviridae,N,1,input_original/manual_downloads/DeepHoF/41598_2021_96903_MOESM5_ESM.xlsx,Permutotetraviridae,ncbi_name_exact_current_ictv_species,confirmed_from_audited_mapping_table,Family-level presence from audited DeepHoF record-to-family mapping of the raw release.,include_eukaryotic,invertebrates,Riboviria,Orthornavirae,,,,ssRNA(+),RNA,2,False
DeepHoF,Pestiviridae,N,15,input_original/manual_downloads/DeepHoF/41598_2021_96903_MOESM5_ESM.xlsx,Pestiviridae,ncbi_name_exact_current_ictv_species; ncbi_name_historical_ictv_species_alias,confirmed_from_audited_mapping_table,Family-level presence from audited DeepHoF record-to-family mapping of the raw release.,include_eukaryotic,invertebrates; plants; vertebrates,Riboviria,Orthornavirae,Kitrinoviricota,Flasuviricetes,Amarillovirales,ssRNA(+),RNA,23,True
DeepHoF,Phasmaviridae,N,8,input_original/manual_downloads/DeepHoF/41598_2021_96903_MOESM5_ESM.xlsx,Phasmaviridae,ncbi_current_family_overrides_historical_source_family; ncbi_name_exact_current_ictv_species,confirmed_from_audited_mapping_table,Family-level presence from audited DeepHoF record-to-family mapping of the raw release.,include_eukaryotic,invertebrates; invertebrates (s),Riboviria,Orthornavirae,Negarnaviricota,Bunyaviricetes,Elliovirales,ssRNA; ssRNA(-),RNA,34,True
DeepHoF,Phenuiviridae,N,47,input_original/manual_downloads/DeepHoF/41598_2021_96903_MOESM5_ESM.xlsx,Phenuiviridae,ncbi_name_exact_current_ictv_species,confirmed_from_audited_mapping_table,Family-level presence from audited DeepHoF record-to-family mapping of the raw release.,include_eukaryotic,"fungi; invertebrates; invertebrates, plants; invertebrates, vertebrates; plants; protists; soil (s); vertebrates",Riboviria,Orthornavirae,Negarnaviricota,Bunyaviricetes,Hareavirales,ssRNA(+/-); ssRNA(-),RNA,223,True
DeepHoF,Phlegiviridae,N,2,input_original/manual_downloads/DeepHoF/41598_2021_96903_MOESM5_ESM.xlsx,Phlegiviridae,ncbi_name_exact_current_ictv_species,confirmed_from_audited_mapping_table,Family-level presence from audited DeepHoF record-to-family mapping of the raw release.,include_eukaryotic,fungi,Riboviria,Orthornavirae,Duplornaviricota,Chrymotiviricetes,Ghabrivirales,dsRNA,RNA,4,True
DeepHoF,Phycodnaviridae,N,82,input_original/manual_downloads/DeepHoF/41598_2021_96903_MOESM5_ESM.xlsx,Phycodnaviridae,ncbi_family_ancestor_harmonized; ncbi_name_exact_current_ictv_species,confirmed_from_audited_mapping_table,Family-level presence from audited DeepHoF record-to-family mapping of the raw release.,include_eukaryotic,algae; protists,Varidnaviria,Bamfordvirae,Nucleocytoviricota,Megaviricetes,Algavirales,dsDNA,DNA,28,True
DeepHoF,Phypoliviridae,N,1,input_original/manual_downloads/DeepHoF/41598_2021_96903_MOESM5_ESM.xlsx,Phypoliviridae,ncbi_name_exact_current_ictv_species,confirmed_from_audited_mapping_table,Family-level presence from audited DeepHoF record-to-family mapping of the raw release.,include_eukaryotic,protists,Varidnaviria,Bamfordvirae,Preplasmiviricota,Aquintoviricetes,Archintovirales,dsDNA,DNA,1,True
DeepHoF,Picornaviridae,N,142,input_original/manual_downloads/DeepHoF/41598_2021_96903_MOESM5_ESM.xlsx,Picornaviridae,ncbi_family_ancestor_harmonized; ncbi_name_exact_current_ictv_species,confirmed_from_audited_mapping_table,Family-level presence from audited DeepHoF record-to-family mapping of the raw release.,include_eukaryotic,vertebrates,Riboviria,Orthornavirae,Pisuviricota,Pisoniviricetes,Picornavirales,ssRNA(+),RNA,159,True
DeepHoF,Pistolviridae,N,2,input_original/manual_downloads/DeepHoF/41598_2021_96903_MOESM5_ESM.xlsx,Pistolviridae,ncbi_name_exact_current_ictv_species,confirmed_from_audited_mapping_table,Family-level presence from audited DeepHoF record-to-family mapping of the raw release.,include_eukaryotic,vertebrates,Riboviria,Orthornavirae,Duplornaviricota,Chrymotiviricetes,Ghabrivirales,dsRNA,RNA,4,True
DeepHoF,Pithoviridae,N,2,input_original/manual_downloads/DeepHoF/41598_2021_96903_MOESM5_ESM.xlsx,Pithoviridae,ncbi_name_exact_current_ictv_species; ncbi_name_historical_ictv_species_alias,confirmed_from_audited_mapping_table,Family-level presence from audited DeepHoF record-to-family mapping of the raw release.,include_eukaryotic,protists,Varidnaviria,Bamfordvirae,Nucleocytoviricota,Megaviricetes,Pimascovirales,dsDNA,DNA,6,True
DeepHoF,Pneumoviridae,N,5,input_original/manual_downloads/DeepHoF/41598_2021_96903_MOESM5_ESM.xlsx,Pneumoviridae,ncbi_name_exact_current_ictv_species,confirmed_from_audited_mapping_table,Family-level presence from audited DeepHoF record-to-family mapping of the raw release.,include_eukaryotic,vertebrates,Riboviria,Orthornavirae,Negarnaviricota,Monjiviricetes,Mononegavirales,ssRNA(-),RNA,5,True
DeepHoF,Polycipiviridae,N,8,input_original/manual_downloads/DeepHoF/41598_2021_96903_MOESM5_ESM.xlsx,Polycipiviridae,ncbi_name_exact_current_ictv_species,confirmed_from_audited_mapping_table,Family-level presence from audited DeepHoF record-to-family mapping of the raw release.,include_eukaryotic,invertebrates,Riboviria,Orthornavirae,Pisuviricota,Pisoniviricetes,Picornavirales,ssRNA(+),RNA,14,True
DeepHoF,Polydnaviriformidae,N,6,input_original/manual_downloads/DeepHoF/41598_2021_96903_MOESM5_ESM.xlsx,Polydnaviriformidae,ncbi_name_exact_current_ictv_species,confirmed_from_audited_mapping_table,Family-level presence from audited DeepHoF record-to-family mapping of the raw release.,include_eukaryotic,invertebrates,,,,,,dsDNA,DNA,53,False
DeepHoF,Polymycoviridae,N,3,input_original/manual_downloads/DeepHoF/41598_2021_96903_MOESM5_ESM.xlsx,Polymycoviridae,ncbi_name_exact_current_ictv_species; ncbi_name_historical_ictv_species_alias,confirmed_from_audited_mapping_table,Family-level presence from audited DeepHoF record-to-family mapping of the raw release.,include_eukaryotic,fungi,Riboviria,Orthornavirae,Pisuviricota,Mycopleornaviricetes,Xenadelphovirales,dsRNA,RNA,28,True
DeepHoF,Polyomaviridae,N,128,input_original/manual_downloads/DeepHoF/41598_2021_96903_MOESM5_ESM.xlsx,Polyomaviridae,ncbi_family_ancestor_harmonized; ncbi_name_exact_current_ictv_species,confirmed_from_audited_mapping_table,Family-level presence from audited DeepHoF record-to-family mapping of the raw release.,include_eukaryotic,vertebrates,Floreoviria,Shotokuvirae,Cossaviricota,Papovaviricetes,Sepolyvirales,dsDNA,DNA,122,True
DeepHoF,Potyviridae,N,211,input_original/manual_downloads/DeepHoF/41598_2021_96903_MOESM5_ESM.xlsx,Potyviridae,ncbi_family_ancestor_harmonized; ncbi_name_exact_current_ictv_species,confirmed_from_audited_mapping_table,Family-level presence from audited DeepHoF record-to-family mapping of the raw release.,include_eukaryotic,plants,Riboviria,Orthornavirae,Pisuviricota,Stelpaviricetes,Patatavirales,ssRNA(+),RNA,264,True
DeepHoF,Poxviridae,N,61,input_original/manual_downloads/DeepHoF/41598_2021_96903_MOESM5_ESM.xlsx,Poxviridae,ncbi_family_ancestor_harmonized; ncbi_name_exact_current_ictv_species,confirmed_from_audited_mapping_table,Family-level presence from audited DeepHoF record-to-family mapping of the raw release.,include_eukaryotic,invertebrates; vertebrates,Varidnaviria,Bamfordvirae,Nucleocytoviricota,Pokkesviricetes,Chitovirales,dsDNA,DNA,56,True
DeepHoF,Pseudototiviridae,N,37,input_original/manual_downloads/DeepHoF/41598_2021_96903_MOESM5_ESM.xlsx,Pseudototiviridae,ncbi_family_ancestor_harmonized; ncbi_name_exact_current_ictv_species,confirmed_from_audited_mapping_table,Family-level presence from audited DeepHoF record-to-family mapping of the raw release.,include_eukaryotic,fungi; protists; vertebrates,Riboviria,Orthornavirae,Duplornaviricota,Chrymotiviricetes,Ghabrivirales,dsRNA,RNA,46,True
DeepHoF,Qinviridae,N,8,input_original/manual_downloads/DeepHoF/41598_2021_96903_MOESM5_ESM.xlsx,Qinviridae,ncbi_name_exact_current_ictv_species,confirmed_from_audited_mapping_table,Family-level presence from audited DeepHoF record-to-family mapping of the raw release.,include_eukaryotic,invertebrates,Riboviria,Orthornavirae,Negarnaviricota,Chunqiuviricetes,Muvirales,ssRNA(-),RNA,8,True
DeepHoF,Quadriviridae,N,1,input_original/manual_downloads/DeepHoF/41598_2021_96903_MOESM5_ESM.xlsx,Quadriviridae,ncbi_name_exact_current_ictv_species,confirmed_from_audited_mapping_table,Family-level presence from audited DeepHoF record-to-family mapping of the raw release.,include_eukaryotic,fungi,Riboviria,Orthornavirae,Duplornaviricota,Chrymotiviricetes,Ghabrivirales,dsRNA,RNA,3,True
DeepHoF,Retroviridae,N,87,input_original/manual_downloads/DeepHoF/41598_2021_96903_MOESM5_ESM.xlsx,Retroviridae,ncbi_family_ancestor_harmonized; ncbi_name_exact_current_ictv_species,confirmed_from_audited_mapping_table,Family-level presence from audited DeepHoF record-to-family mapping of the raw release.,include_eukaryotic,vertebrates,Riboviria,Pararnavirae,Artverviricota,Revtraviricetes,Ortervirales,ssRNA-RT,Reverse-transcribing,65,True
DeepHoF,Rhabdoviridae,N,139,input_original/manual_downloads/DeepHoF/41598_2021_96903_MOESM5_ESM.xlsx,Rhabdoviridae,ncbi_family_ancestor_harmonized; ncbi_name_exact_current_ictv_species; ncbi_name_historical_ictv_species_alias,confirmed_from_audited_mapping_table,Family-level presence from audited DeepHoF record-to-family mapping of the raw release.,include_eukaryotic,"freshwater (s); invertebrates; invertebrates (s); invertebrates, plants; invertebrates, vertebrates; plants; soil (s); unknown (s); vertebrates",Riboviria,Orthornavirae,Negarnaviricota,Monjiviricetes,Mononegavirales,ssRNA(-),RNA,615,True
DeepHoF,Roniviridae,N,2,input_original/manual_downloads/DeepHoF/41598_2021_96903_MOESM5_ESM.xlsx,Roniviridae,ncbi_name_exact_current_ictv_species,confirmed_from_audited_mapping_table,Family-level presence from audited DeepHoF record-to-family mapping of the raw release.,include_eukaryotic,invertebrates,Riboviria,Orthornavirae,Pisuviricota,Pisoniviricetes,Nidovirales,ssRNA(+),RNA,4,True
DeepHoF,Schizomimiviridae,N,1,input_original/manual_downloads/DeepHoF/41598_2021_96903_MOESM5_ESM.xlsx,Schizomimiviridae,ncbi_name_exact_current_ictv_species,confirmed_from_audited_mapping_table,Family-level presence from audited DeepHoF record-to-family mapping of the raw release.,include_eukaryotic,protists,Varidnaviria,Bamfordvirae,Nucleocytoviricota,Megaviricetes,Imitervirales,dsDNA,DNA,2,True
DeepHoF,Secoviridae,N,75,input_original/manual_downloads/DeepHoF/41598_2021_96903_MOESM5_ESM.xlsx,Secoviridae,ncbi_family_ancestor_harmonized; ncbi_name_exact_current_ictv_species,confirmed_from_audited_mapping_table,Family-level presence from audited DeepHoF record-to-family mapping of the raw release.,include_eukaryotic,phytobiome (s); plants,Riboviria,Orthornavirae,Pisuviricota,Pisoniviricetes,Picornavirales,ssRNA(+),RNA,215,True
DeepHoF,Sedoreoviridae,N,46,input_original/manual_downloads/DeepHoF/41598_2021_96903_MOESM5_ESM.xlsx,Sedoreoviridae,ncbi_family_ancestor_harmonized; ncbi_name_exact_current_ictv_species,confirmed_from_audited_mapping_table,Family-level presence from audited DeepHoF record-to-family mapping of the raw release.,include_eukaryotic,"invertebrates; invertebrates, plants; invertebrates, vertebrates; protists; vertebrates",Riboviria,Orthornavirae,Duplornaviricota,Resentoviricetes,Reovirales,dsRNA,RNA,45,True
DeepHoF,Sinhaliviridae,N,7,input_original/manual_downloads/DeepHoF/41598_2021_96903_MOESM5_ESM.xlsx,Sinhaliviridae,ncbi_family_ancestor_harmonized; ncbi_name_historical_ictv_species_alias,confirmed_from_audited_mapping_table,Family-level presence from audited DeepHoF record-to-family mapping of the raw release.,include_eukaryotic,invertebrates,Riboviria,Orthornavirae,Kitrinoviricota,Magsaviricetes,Nodamuvirales,ssRNA(+),RNA,2,True
DeepHoF,Solemoviridae,N,61,input_original/manual_downloads/DeepHoF/41598_2021_96903_MOESM5_ESM.xlsx,Solemoviridae,ncbi_family_ancestor_harmonized; ncbi_name_exact_current_ictv_species,confirmed_from_audited_mapping_table,Family-level presence from audited DeepHoF record-to-family mapping of the raw release.,include_eukaryotic,fungi; plants,Riboviria,Orthornavirae,Pisuviricota,Pisoniviricetes,Sobelivirales,ssRNA(+),RNA,148,True
DeepHoF,Solinviviridae,N,2,input_original/manual_downloads/DeepHoF/41598_2021_96903_MOESM5_ESM.xlsx,Solinviviridae,ncbi_name_exact_current_ictv_species,confirmed_from_audited_mapping_table,Family-level presence from audited DeepHoF record-to-family mapping of the raw release.,include_eukaryotic,invertebrates,Riboviria,Orthornavirae,Pisuviricota,Pisoniviricetes,Picornavirales,ssRNA(+),RNA,2,True
DeepHoF,Spiciviridae,N,5,input_original/manual_downloads/DeepHoF/41598_2021_96903_MOESM5_ESM.xlsx,Spiciviridae,ncbi_name_exact_current_ictv_species,confirmed_from_audited_mapping_table,Family-level presence from audited DeepHoF record-to-family mapping of the raw release.,include_eukaryotic,invertebrates; plants,Riboviria,Orthornavirae,Duplornaviricota,Chrymotiviricetes,Ghabrivirales,dsRNA,RNA,13,True
DeepHoF,Spinareoviridae,N,41,input_original/manual_downloads/DeepHoF/41598_2021_96903_MOESM5_ESM.xlsx,Spinareoviridae,ncbi_family_ancestor_harmonized; ncbi_name_exact_current_ictv_species,confirmed_from_audited_mapping_table,Family-level presence from audited DeepHoF record-to-family mapping of the raw release.,include_eukaryotic,"fungi; invertebrates; invertebrates, plants; invertebrates, vertebrates; vertebrates",Riboviria,Orthornavirae,Duplornaviricota,Resentoviricetes,Reovirales,dsRNA,RNA,59,True
DeepHoF,Sputniviroviridae,N,2,input_original/manual_downloads/DeepHoF/41598_2021_96903_MOESM5_ESM.xlsx,Sputniviroviridae,ncbi_name_exact_current_ictv_species,confirmed_from_audited_mapping_table,Family-level presence from audited DeepHoF record-to-family mapping of the raw release.,include_eukaryotic,protists,Varidnaviria,Bamfordvirae,Preplasmiviricota,Virophaviricetes,Mividavirales,dsDNA,DNA,2,True
DeepHoF,Sunviridae,N,1,input_original/manual_downloads/DeepHoF/41598_2021_96903_MOESM5_ESM.xlsx,Sunviridae,ncbi_name_exact_current_ictv_species,confirmed_from_audited_mapping_table,Family-level presence from audited DeepHoF record-to-family mapping of the raw release.,include_eukaryotic,vertebrates,Riboviria,Orthornavirae,Negarnaviricota,Monjiviricetes,Mononegavirales,ssRNA(-),RNA,1,True
DeepHoF,Tobaliviridae,N,1,input_original/manual_downloads/DeepHoF/41598_2021_96903_MOESM5_ESM.xlsx,Tobaliviridae,ncbi_name_exact_current_ictv_species,confirmed_from_audited_mapping_table,Family-level presence from audited DeepHoF record-to-family mapping of the raw release.,include_eukaryotic,fungi,Riboviria,Orthornavirae,Kitrinoviricota,Alsuviricetes,Martellivirales,ssRNA(+),RNA,9,True
DeepHoF,Tobaniviridae,N,6,input_original/manual_downloads/DeepHoF/41598_2021_96903_MOESM5_ESM.xlsx,Tobaniviridae,ncbi_family_ancestor_harmonized; ncbi_name_exact_current_ictv_species,confirmed_from_audited_mapping_table,Family-level presence from audited DeepHoF record-to-family mapping of the raw release.,include_eukaryotic,invertebrates (s); vertebrates,Riboviria,Orthornavirae,Pisuviricota,Pisoniviricetes,Nidovirales,ssRNA(+),RNA,22,True
DeepHoF,Togaviridae,N,32,input_original/manual_downloads/DeepHoF/41598_2021_96903_MOESM5_ESM.xlsx,Togaviridae,ncbi_family_ancestor_harmonized; ncbi_name_exact_current_ictv_species,confirmed_from_audited_mapping_table,Family-level presence from audited DeepHoF record-to-family mapping of the raw release.,include_eukaryotic,"invertebrates; invertebrates, vertebrates; vertebrates",Riboviria,Orthornavirae,Kitrinoviricota,Alsuviricetes,Martellivirales,ssRNA(+),RNA,32,True
DeepHoF,Tolecusatellitidae,N,124,input_original/manual_downloads/DeepHoF/41598_2021_96903_MOESM5_ESM.xlsx,Tolecusatellitidae,ncbi_family_ancestor_harmonized; ncbi_name_exact_current_ictv_species,confirmed_from_audited_mapping_table,Family-level presence from audited DeepHoF record-to-family mapping of the raw release.,include_eukaryotic,plants,,,,,,ssDNA; ssDNA(+/-); ssDNA(-),DNA,133,False
DeepHoF,Tombusviridae,N,94,input_original/manual_downloads/DeepHoF/41598_2021_96903_MOESM5_ESM.xlsx,Tombusviridae,ncbi_family_ancestor_harmonized; ncbi_name_exact_current_ictv_species,confirmed_from_audited_mapping_table,Family-level presence from audited DeepHoF record-to-family mapping of the raw release.,include_eukaryotic,fungi; invertebrates (s); plants; plants (s); vertebrates,Riboviria,Orthornavirae,Kitrinoviricota,Tolucaviricetes,Tolivirales,ssRNA(+),RNA,102,True
DeepHoF,Tomosaviridae,N,2,input_original/manual_downloads/DeepHoF/41598_2021_96903_MOESM5_ESM.xlsx,Tomosaviridae,ncbi_family_ancestor_harmonized; ncbi_name_exact_current_ictv_species,confirmed_from_audited_mapping_table,Family-level presence from audited DeepHoF record-to-family mapping of the raw release.,include_eukaryotic,plants,Riboviria,,,,Tombendovirales,ssRNA(+),RNA,1,True
DeepHoF,Tonesaviridae,N,1,input_original/manual_downloads/DeepHoF/41598_2021_96903_MOESM5_ESM.xlsx,Tonesaviridae,ncbi_name_exact_current_ictv_species,confirmed_from_audited_mapping_table,Family-level presence from audited DeepHoF record-to-family mapping of the raw release.,include_eukaryotic,plants,Riboviria,,,,,ssRNA(+),RNA,4,False
DeepHoF,Tospoviridae,N,13,input_original/manual_downloads/DeepHoF/41598_2021_96903_MOESM5_ESM.xlsx,Tospoviridae,ncbi_current_family_overrides_historical_source_family; ncbi_name_exact_current_ictv_species,confirmed_from_audited_mapping_table,Family-level presence from audited DeepHoF record-to-family mapping of the raw release.,include_eukaryotic,"invertebrates, plants",Riboviria,Orthornavirae,Negarnaviricota,Bunyaviricetes,Elliovirales,ssRNA(+/-),RNA,36,True
DeepHoF,Tymoviridae,N,49,input_original/manual_downloads/DeepHoF/41598_2021_96903_MOESM5_ESM.xlsx,Tymoviridae,ncbi_family_ancestor_harmonized; ncbi_name_exact_current_ictv_species,confirmed_from_audited_mapping_table,Family-level presence from audited DeepHoF record-to-family mapping of the raw release.,include_eukaryotic,plants,Riboviria,Orthornavirae,Kitrinoviricota,Alsuviricetes,Tymovirales,ssDNA(+/-); ssRNA(+),Mixed/unknown,43,True
DeepHoF,Vilyaviridae,N,1,input_original/manual_downloads/DeepHoF/41598_2021_96903_MOESM5_ESM.xlsx,Vilyaviridae,ncbi_name_exact_current_ictv_species,confirmed_from_audited_mapping_table,Family-level presence from audited DeepHoF record-to-family mapping of the raw release.,include_eukaryotic,protists (s); vertebrates,Floreoviria,Shotokuvirae,Cressdnaviricota,Arfiviricetes,Cirlivirales,ssDNA; ssDNA(+/-),DNA,27,True
DeepHoF,Virgaviridae,N,59,input_original/manual_downloads/DeepHoF/41598_2021_96903_MOESM5_ESM.xlsx,Virgaviridae,ncbi_family_ancestor_harmonized; ncbi_name_exact_current_ictv_species,confirmed_from_audited_mapping_table,Family-level presence from audited DeepHoF record-to-family mapping of the raw release.,include_eukaryotic,plants,Riboviria,Orthornavirae,Kitrinoviricota,Alsuviricetes,Martellivirales,ssRNA(+),RNA,59,True
DeepHoF,Xinmoviridae,N,5,input_original/manual_downloads/DeepHoF/41598_2021_96903_MOESM5_ESM.xlsx,Xinmoviridae,ncbi_name_exact_current_ictv_species,confirmed_from_audited_mapping_table,Family-level presence from audited DeepHoF record-to-family mapping of the raw release.,include_eukaryotic,invertebrates; vertebrates (s),Riboviria,Orthornavirae,Negarnaviricota,Monjiviricetes,Mononegavirales,ssRNA(-),RNA,30,True
DeepHoF,Yadokariviridae,N,2,input_original/manual_downloads/DeepHoF/41598_2021_96903_MOESM5_ESM.xlsx,Yadokariviridae,ncbi_name_exact_current_ictv_species,confirmed_from_audited_mapping_table,Family-level presence from audited DeepHoF record-to-family mapping of the raw release.,include_eukaryotic,fungi; protists,Riboviria,Orthornavirae,Pisuviricota,,Yadokarivirales,ssRNA(+),RNA,10,True
DeepHoF,Yueviridae,N,2,input_original/manual_downloads/DeepHoF/41598_2021_96903_MOESM5_ESM.xlsx,Yueviridae,ncbi_name_exact_current_ictv_species,confirmed_from_audited_mapping_table,Family-level presence from audited DeepHoF record-to-family mapping of the raw release.,include_eukaryotic,invertebrates,Riboviria,Orthornavirae,Negarnaviricota,Yunchangviricetes,Goujianvirales,ssRNA(-),RNA,2,True
EvoMIL,Adenoviridae,H,182,input_original/manual_downloads/EvoMIL/evomil_vhdb_2021_author_snapshot.csv,Adenoviridae,current_ncbi_lineage:exact_current_family; exact_vmr_accession,confirmed_from_audited_mapping_table,Family-level presence from audited EvoMIL candidate-scope task taxonomy table. Source counts sum source virus-host observations before per-family presence deduplication.,include_eukaryotic,vertebrates,Varidnaviria,Bamfordvirae,Preplasmiviricota,Pharingeaviricetes,Rowavirales,dsDNA,DNA,145,True
EvoMIL,Alphaflexiviridae,H,16,input_original/manual_downloads/EvoMIL/evomil_vhdb_2021_author_snapshot.csv,Alphaflexiviridae,current_ncbi_lineage:exact_current_family,confirmed_from_audited_mapping_table,Family-level presence from audited EvoMIL candidate-scope task taxonomy table. Source counts sum source virus-host observations before per-family presence deduplication.,include_eukaryotic,fungi; plants,Riboviria,Orthornavirae,Kitrinoviricota,Alsuviricetes,Tymovirales,ssRNA(+),RNA,73,True
EvoMIL,Alphasatellitidae,H,43,input_original/manual_downloads/EvoMIL/evomil_vhdb_2021_author_snapshot.csv,Alphasatellitidae,current_ncbi_lineage:exact_current_family,confirmed_from_audited_mapping_table,Family-level presence from audited EvoMIL candidate-scope task taxonomy table. Source counts sum source virus-host observations before per-family presence deduplication.,include_eukaryotic,invertebrates; plants; plants (s),,,,,,ssDNA; ssDNA(+); ssDNA(+/-),DNA,93,False
EvoMIL,Alphatetraviridae,H,1,input_original/manual_downloads/EvoMIL/evomil_vhdb_2021_author_snapshot.csv,Alphatetraviridae,current_ncbi_lineage:exact_current_family,confirmed_from_audited_mapping_table,Family-level presence from audited EvoMIL candidate-scope task taxonomy table. Source counts sum source virus-host observations before per-family presence deduplication.,include_eukaryotic,invertebrates,Riboviria,Orthornavirae,Kitrinoviricota,Alsuviricetes,Hepelivirales,ssRNA(+),RNA,10,True
EvoMIL,Amalgaviridae,H,2,input_original/manual_downloads/EvoMIL/evomil_vhdb_2021_author_snapshot.csv,Amalgaviridae,current_ncbi_lineage:exact_current_family,confirmed_from_audited_mapping_table,Family-level presence from audited EvoMIL candidate-scope task taxonomy table. Source counts sum source virus-host observations before per-family presence deduplication.,include_eukaryotic,fungi; plants,Riboviria,Orthornavirae,Pisuviricota,Duplopiviricetes,Durnavirales,dsRNA,RNA,23,True
EvoMIL,Anelloviridae,H,85,input_original/manual_downloads/EvoMIL/evomil_vhdb_2021_author_snapshot.csv,Anelloviridae,current_ncbi_lineage:exact_current_family,confirmed_from_audited_mapping_table,Family-level presence from audited EvoMIL candidate-scope task taxonomy table. Source counts sum source virus-host observations before per-family presence deduplication.,include_eukaryotic,invertebrates; vertebrates,Floreoviria,Shotokuvirae,Commensaviricota,Cardeaviricetes,Sanitavirales,ssDNA(+/-); ssDNA(-),DNA,243,True
EvoMIL,Arenaviridae,H,14,input_original/manual_downloads/EvoMIL/evomil_vhdb_2021_author_snapshot.csv,Arenaviridae,current_ncbi_lineage:exact_current_family,confirmed_from_audited_mapping_table,Family-level presence from audited EvoMIL candidate-scope task taxonomy table. Source counts sum source virus-host observations before per-family presence deduplication.,include_eukaryotic,freshwater (s); vertebrates,Riboviria,Orthornavirae,Negarnaviricota,Bunyaviricetes,Hareavirales,ssRNA(+/-); ssRNA(-),RNA,71,True
EvoMIL,Arteriviridae,H,9,input_original/manual_downloads/EvoMIL/evomil_vhdb_2021_author_snapshot.csv,Arteriviridae,current_ncbi_lineage:exact_current_family,confirmed_from_audited_mapping_table,Family-level presence from audited EvoMIL candidate-scope task taxonomy table. Source counts sum source virus-host observations before per-family presence deduplication.,include_eukaryotic,vertebrates,Riboviria,Orthornavirae,Pisuviricota,Pisoniviricetes,Nidovirales,ssRNA(+),RNA,23,True
EvoMIL,Asfarviridae,H,6,input_original/manual_downloads/EvoMIL/evomil_vhdb_2021_author_snapshot.csv,Asfarviridae,current_ncbi_lineage:exact_current_family,confirmed_from_audited_mapping_table,Family-level presence from audited EvoMIL candidate-scope task taxonomy table. Source counts sum source virus-host observations before per-family presence deduplication.,include_eukaryotic,"invertebrates, vertebrates",Varidnaviria,Bamfordvirae,Nucleocytoviricota,Pokkesviricetes,Asfuvirales,dsDNA,DNA,1,True
EvoMIL,Aspiviridae,H,3,input_original/manual_downloads/EvoMIL/evomil_vhdb_2021_author_snapshot.csv,Aspiviridae,current_ncbi_lineage:exact_current_family; exact_vmr_accession,confirmed_from_audited_mapping_table,Family-level presence from audited EvoMIL candidate-scope task taxonomy table. Source counts sum source virus-host observations before per-family presence deduplication.,include_eukaryotic,plants,Riboviria,Orthornavirae,Negarnaviricota,Milneviricetes,Naedrevirales,ssRNA(-),RNA,22,True
EvoMIL,Astroviridae,H,54,input_original/manual_downloads/EvoMIL/evomil_vhdb_2021_author_snapshot.csv,Astroviridae,current_ncbi_lineage:exact_current_family,confirmed_from_audited_mapping_table,Family-level presence from audited EvoMIL candidate-scope task taxonomy table. Source counts sum source virus-host observations before per-family presence deduplication.,include_eukaryotic,vertebrates,Riboviria,Orthornavirae,Pisuviricota,Stelpaviricetes,Stellavirales,ssRNA(+),RNA,31,True
EvoMIL,Benyviridae,H,4,input_original/manual_downloads/EvoMIL/evomil_vhdb_2021_author_snapshot.csv,Benyviridae,current_ncbi_lineage:exact_current_family,confirmed_from_audited_mapping_table,Family-level presence from audited EvoMIL candidate-scope task taxonomy table. Source counts sum source virus-host observations before per-family presence deduplication.,include_eukaryotic,plants,Riboviria,Orthornavirae,Kitrinoviricota,Alsuviricetes,Hepelivirales,ssRNA(+),RNA,5,True
EvoMIL,Betaflexiviridae,H,32,input_original/manual_downloads/EvoMIL/evomil_vhdb_2021_author_snapshot.csv,Betaflexiviridae,current_ncbi_lineage:exact_current_family; exact_vmr_accession,confirmed_from_audited_mapping_table,Family-level presence from audited EvoMIL candidate-scope task taxonomy table. Source counts sum source virus-host observations before per-family presence deduplication.,include_eukaryotic,plants,Riboviria,Orthornavirae,Kitrinoviricota,Alsuviricetes,Tymovirales,ssRNA(+),RNA,159,True
EvoMIL,Birnaviridae,H,2,input_original/manual_downloads/EvoMIL/evomil_vhdb_2021_author_snapshot.csv,Birnaviridae,current_ncbi_lineage:exact_current_family,confirmed_from_audited_mapping_table,Family-level presence from audited EvoMIL candidate-scope task taxonomy table. Source counts sum source virus-host observations before per-family presence deduplication.,include_eukaryotic,invertebrates; vertebrates,Riboviria,Orthornavirae,,,,dsRNA,RNA,11,False
EvoMIL,Bornaviridae,H,7,input_original/manual_downloads/EvoMIL/evomil_vhdb_2021_author_snapshot.csv,Bornaviridae,current_ncbi_lineage:exact_current_family,confirmed_from_audited_mapping_table,Family-level presence from audited EvoMIL candidate-scope task taxonomy table. Source counts sum source virus-host observations before per-family presence deduplication.,include_eukaryotic,vertebrates,Riboviria,Orthornavirae,Negarnaviricota,Monjiviricetes,Mononegavirales,ssRNA(-),RNA,18,True
EvoMIL,Botourmiaviridae,H,2,input_original/manual_downloads/EvoMIL/evomil_vhdb_2021_author_snapshot.csv,Botourmiaviridae,current_ncbi_lineage:exact_current_family,confirmed_from_audited_mapping_table,Family-level presence from audited EvoMIL candidate-scope task taxonomy table. Source counts sum source virus-host observations before per-family presence deduplication.,include_eukaryotic,fungi; plants; unknown (s),Riboviria,Orthornavirae,Lenarviricota,Miaviricetes,Ourlivirales,ssRNA(+),RNA,150,True
EvoMIL,Bromoviridae,H,43,input_original/manual_downloads/EvoMIL/evomil_vhdb_2021_author_snapshot.csv,Bromoviridae,current_ncbi_lineage:exact_current_family,confirmed_from_audited_mapping_table,Family-level presence from audited EvoMIL candidate-scope task taxonomy table. Source counts sum source virus-host observations before per-family presence deduplication.,include_eukaryotic,plants,Riboviria,Orthornavirae,Kitrinoviricota,Alsuviricetes,Martellivirales,ssRNA(+),RNA,52,True
EvoMIL,Caliciviridae,H,389,input_original/manual_downloads/EvoMIL/evomil_vhdb_2021_author_snapshot.csv,Caliciviridae,current_ncbi_lineage:exact_current_family; exact_vmr_accession,confirmed_from_audited_mapping_table,Family-level presence from audited EvoMIL candidate-scope task taxonomy table. Source counts sum source virus-host observations before per-family presence deduplication.,include_eukaryotic,vertebrates,Riboviria,Orthornavirae,Pisuviricota,Pisoniviricetes,Picornavirales,ssRNA(+),RNA,12,True
EvoMIL,Caulimoviridae,H,16,input_original/manual_downloads/EvoMIL/evomil_vhdb_2021_author_snapshot.csv,Caulimoviridae,current_ncbi_lineage:exact_current_family,confirmed_from_audited_mapping_table,Family-level presence from audited EvoMIL candidate-scope task taxonomy table. Source counts sum source virus-host observations before per-family presence deduplication.,include_eukaryotic,plants,Riboviria,Pararnavirae,Artverviricota,Revtraviricetes,Ortervirales,dsDNA; dsDNA-RT,Reverse-transcribing,109,True
EvoMIL,Chrysoviridae,H,1,input_original/manual_downloads/EvoMIL/evomil_vhdb_2021_author_snapshot.csv,Chrysoviridae,current_ncbi_lineage:exact_current_family,confirmed_from_audited_mapping_table,Family-level presence from audited EvoMIL candidate-scope task taxonomy table. Source counts sum source virus-host observations before per-family presence deduplication.,include_eukaryotic,fungi; invertebrates (s); plants (s),Riboviria,Orthornavirae,Duplornaviricota,Chrymotiviricetes,Ghabrivirales,dsRNA,RNA,31,True
EvoMIL,Circoviridae,H,61,input_original/manual_downloads/EvoMIL/evomil_vhdb_2021_author_snapshot.csv,Circoviridae,current_ncbi_lineage:exact_current_family,confirmed_from_audited_mapping_table,Family-level presence from audited EvoMIL candidate-scope task taxonomy table. Source counts sum source virus-host observations before per-family presence deduplication.,include_eukaryotic,invertebrates; plants (s); vertebrates,Floreoviria,Shotokuvirae,Cressdnaviricota,Arfiviricetes,Cirlivirales,ssDNA; ssDNA(+/-),DNA,160,True
EvoMIL,Closteroviridae,H,26,input_original/manual_downloads/EvoMIL/evomil_vhdb_2021_author_snapshot.csv,Closteroviridae,current_ncbi_lineage:exact_current_family,confirmed_from_audited_mapping_table,Family-level presence from audited EvoMIL candidate-scope task taxonomy table. Source counts sum source virus-host observations before per-family presence deduplication.,include_eukaryotic,plants,Riboviria,Orthornavirae,Kitrinoviricota,Alsuviricetes,Martellivirales,ssRNA(+),RNA,88,True
EvoMIL,Coronaviridae,H,122,input_original/manual_downloads/EvoMIL/evomil_vhdb_2021_author_snapshot.csv,Coronaviridae,current_ncbi_lineage:exact_current_family; exact_vmr_accession,confirmed_from_audited_mapping_table,Family-level presence from audited EvoMIL candidate-scope task taxonomy table. Source counts sum source virus-host observations before per-family presence deduplication.,include_eukaryotic,vertebrates,Riboviria,Orthornavirae,Pisuviricota,Pisoniviricetes,Nidovirales,ssRNA(+),RNA,54,True
EvoMIL,Deltaflexiviridae,H,1,input_original/manual_downloads/EvoMIL/evomil_vhdb_2021_author_snapshot.csv,Deltaflexiviridae,current_ncbi_lineage:exact_current_family,confirmed_from_audited_mapping_table,Family-level presence from audited EvoMIL candidate-scope task taxonomy table. Source counts sum source virus-host observations before per-family presence deduplication.,include_eukaryotic,fungi,Riboviria,Orthornavirae,Kitrinoviricota,Alsuviricetes,Tymovirales,ssRNA(+),RNA,4,True
EvoMIL,Endolinaviridae,H,3,input_original/manual_downloads/EvoMIL/evomil_vhdb_2021_author_snapshot.csv,Endolinaviridae,current_ncbi_lineage:exact_current_family; exact_vmr_name,confirmed_from_audited_mapping_table,Family-level presence from audited EvoMIL candidate-scope task taxonomy table. Source counts sum source virus-host observations before per-family presence deduplication.,include_eukaryotic,vertebrates,Floreoviria,Shotokuvirae,Cressdnaviricota,Arfiviricetes,Cirlivirales,ssDNA(+/-),DNA,10,True
EvoMIL,Endornaviridae,H,5,input_original/manual_downloads/EvoMIL/evomil_vhdb_2021_author_snapshot.csv,Endornaviridae,current_ncbi_lineage:exact_current_family,confirmed_from_audited_mapping_table,Family-level presence from audited EvoMIL candidate-scope task taxonomy table. Source counts sum source virus-host observations before per-family presence deduplication.,include_eukaryotic,fungi; plants; protists,Riboviria,Orthornavirae,Kitrinoviricota,Alsuviricetes,Martellivirales,ssRNA(+),RNA,31,True
EvoMIL,Filoviridae,H,21,input_original/manual_downloads/EvoMIL/evomil_vhdb_2021_author_snapshot.csv,Filoviridae,current_ncbi_lineage:exact_current_family; exact_vmr_accession,confirmed_from_audited_mapping_table,Family-level presence from audited EvoMIL candidate-scope task taxonomy table. Source counts sum source virus-host observations before per-family presence deduplication.,include_eukaryotic,vertebrates,Riboviria,Orthornavirae,Negarnaviricota,Monjiviricetes,Mononegavirales,ssRNA(-),RNA,17,True
EvoMIL,Fimoviridae,H,3,input_original/manual_downloads/EvoMIL/evomil_vhdb_2021_author_snapshot.csv,Fimoviridae,current_ncbi_lineage:exact_current_family,confirmed_from_audited_mapping_table,Family-level presence from audited EvoMIL candidate-scope task taxonomy table. Source counts sum source virus-host observations before per-family presence deduplication.,include_eukaryotic,plants,Riboviria,Orthornavirae,Negarnaviricota,Bunyaviricetes,Elliovirales,ssRNA(-),RNA,33,True
EvoMIL,Flaviviridae,H,96,input_original/manual_downloads/EvoMIL/evomil_vhdb_2021_author_snapshot.csv,Flaviviridae,current_ncbi_lineage:exact_current_family,confirmed_from_audited_mapping_table,Family-level presence from audited EvoMIL candidate-scope task taxonomy table. Source counts sum source virus-host observations before per-family presence deduplication.,include_eukaryotic,"invertebrates; invertebrates, vertebrates; vertebrates",Riboviria,Orthornavirae,Kitrinoviricota,Flasuviricetes,Amarillovirales,ssRNA(+),RNA,61,True
EvoMIL,Geminiviridae,H,434,input_original/manual_downloads/EvoMIL/evomil_vhdb_2021_author_snapshot.csv,Geminiviridae,current_ncbi_lineage:exact_current_family; exact_vmr_accession,confirmed_from_audited_mapping_table,Family-level presence from audited EvoMIL candidate-scope task taxonomy table. Source counts sum source virus-host observations before per-family presence deduplication.,include_eukaryotic,"invertebrates; invertebrates, plants; plants",Floreoviria,Shotokuvirae,Cressdnaviricota,Repensiviricetes,Geplafuvirales,ssDNA; ssDNA(+/-),DNA,560,True
EvoMIL,Genomoviridae,H,26,input_original/manual_downloads/EvoMIL/evomil_vhdb_2021_author_snapshot.csv,Genomoviridae,current_ncbi_lineage:exact_current_family,confirmed_from_audited_mapping_table,Family-level presence from audited EvoMIL candidate-scope task taxonomy table. Source counts sum source virus-host observations before per-family presence deduplication.,include_eukaryotic,"fungi; invertebrates; invertebrates, vertebrates; plants; sewage (s); vertebrates",Floreoviria,Shotokuvirae,Cressdnaviricota,Repensiviricetes,Geplafuvirales,ssDNA(+/-),DNA,237,True
EvoMIL,Hantaviridae,H,13,input_original/manual_downloads/EvoMIL/evomil_vhdb_2021_author_snapshot.csv,Hantaviridae,current_ncbi_lineage:exact_current_family; exact_vmr_accession,confirmed_from_audited_mapping_table,Family-level presence from audited EvoMIL candidate-scope task taxonomy table. Source counts sum source virus-host observations before per-family presence deduplication.,include_eukaryotic,vertebrates,Riboviria,Orthornavirae,Negarnaviricota,Bunyaviricetes,Elliovirales,ssRNA(-),RNA,55,True
EvoMIL,Hepaciviridae,H,50,input_original/manual_downloads/EvoMIL/evomil_vhdb_2021_author_snapshot.csv,Hepaciviridae,current_ncbi_lineage:exact_current_family; exact_vmr_accession,confirmed_from_audited_mapping_table,Family-level presence from audited EvoMIL candidate-scope task taxonomy table. Source counts sum source virus-host observations before per-family presence deduplication.,include_eukaryotic,vertebrates,Riboviria,Orthornavirae,Kitrinoviricota,Flasuviricetes,Amarillovirales,ssRNA(+),RNA,25,True
EvoMIL,Hepadnaviridae,H,21,input_original/manual_downloads/EvoMIL/evomil_vhdb_2021_author_snapshot.csv,Hepadnaviridae,current_ncbi_lineage:exact_current_family,confirmed_from_audited_mapping_table,Family-level presence from audited EvoMIL candidate-scope task taxonomy table. Source counts sum source virus-host observations before per-family presence deduplication.,include_eukaryotic,vertebrates,Riboviria,Pararnavirae,Artverviricota,Revtraviricetes,Blubervirales,dsDNA-RT,Reverse-transcribing,27,True
EvoMIL,Hepeviridae,H,11,input_original/manual_downloads/EvoMIL/evomil_vhdb_2021_author_snapshot.csv,Hepeviridae,current_ncbi_lineage:exact_current_family,confirmed_from_audited_mapping_table,Family-level presence from audited EvoMIL candidate-scope task taxonomy table. Source counts sum source virus-host observations before per-family presence deduplication.,include_eukaryotic,vertebrates,Riboviria,Orthornavirae,Kitrinoviricota,Alsuviricetes,Hepelivirales,ssRNA(+); ssRNA(+/-),RNA,11,True
EvoMIL,Iflaviridae,H,1,input_original/manual_downloads/EvoMIL/evomil_vhdb_2021_author_snapshot.csv,Iflaviridae,current_ncbi_lineage:exact_current_family,confirmed_from_audited_mapping_table,Family-level presence from audited EvoMIL candidate-scope task taxonomy table. Source counts sum source virus-host observations before per-family presence deduplication.,include_eukaryotic,invertebrates,Riboviria,Orthornavirae,Pisuviricota,Pisoniviricetes,Picornavirales,ssRNA(+),RNA,16,True
EvoMIL,Kirkoviridae,H,4,input_original/manual_downloads/EvoMIL/evomil_vhdb_2021_author_snapshot.csv,Kirkoviridae,current_ncbi_lineage:exact_current_family,confirmed_from_audited_mapping_table,Family-level presence from audited EvoMIL candidate-scope task taxonomy table. Source counts sum source virus-host observations before per-family presence deduplication.,include_eukaryotic,vertebrates,Floreoviria,Shotokuvirae,Cressdnaviricota,Arfiviricetes,Rohanvirales,ssDNA(+/-),DNA,12,True
EvoMIL,Kolmioviridae,H,2,input_original/manual_downloads/EvoMIL/evomil_vhdb_2021_author_snapshot.csv,Kolmioviridae,current_ncbi_lineage:exact_current_family,confirmed_from_audited_mapping_table,Family-level presence from audited EvoMIL candidate-scope task taxonomy table. Source counts sum source virus-host observations before per-family presence deduplication.,include_eukaryotic,invertebrates; vertebrates,Ribozyviria,,,,,ssRNA(-),RNA,21,False
EvoMIL,Marseilleviridae,H,1,input_original/manual_downloads/EvoMIL/evomil_vhdb_2021_author_snapshot.csv,Marseilleviridae,current_ncbi_lineage:exact_current_family,confirmed_from_audited_mapping_table,Family-level presence from audited EvoMIL candidate-scope task taxonomy table. Source counts sum source virus-host observations before per-family presence deduplication.,include_eukaryotic,protists,Varidnaviria,Bamfordvirae,Nucleocytoviricota,Megaviricetes,Pimascovirales,dsDNA,DNA,4,True
EvoMIL,Matonaviridae,H,1,input_original/manual_downloads/EvoMIL/evomil_vhdb_2021_author_snapshot.csv,Matonaviridae,current_ncbi_lineage:exact_current_family,confirmed_from_audited_mapping_table,Family-level presence from audited EvoMIL candidate-scope task taxonomy table. Source counts sum source virus-host observations before per-family presence deduplication.,include_eukaryotic,vertebrates,Riboviria,Orthornavirae,Kitrinoviricota,Alsuviricetes,Hepelivirales,ssRNA(+),RNA,3,True
EvoMIL,Mayoviridae,H,1,input_original/manual_downloads/EvoMIL/evomil_vhdb_2021_author_snapshot.csv,Mayoviridae,current_ncbi_lineage:exact_current_family,confirmed_from_audited_mapping_table,Family-level presence from audited EvoMIL candidate-scope task taxonomy table. Source counts sum source virus-host observations before per-family presence deduplication.,include_eukaryotic,plants,Riboviria,Orthornavirae,Kitrinoviricota,Alsuviricetes,Martellivirales,ssRNA(+),RNA,4,True
EvoMIL,Mesoniviridae,H,2,input_original/manual_downloads/EvoMIL/evomil_vhdb_2021_author_snapshot.csv,Mesoniviridae,current_ncbi_lineage:exact_current_family,confirmed_from_audited_mapping_table,Family-level presence from audited EvoMIL candidate-scope task taxonomy table. Source counts sum source virus-host observations before per-family presence deduplication.,include_eukaryotic,invertebrates,Riboviria,Orthornavirae,Pisuviricota,Pisoniviricetes,Nidovirales,ssRNA(+),RNA,14,True
EvoMIL,Mitoviridae,H,1,input_original/manual_downloads/EvoMIL/evomil_vhdb_2021_author_snapshot.csv,Mitoviridae,current_ncbi_lineage:exact_current_family,confirmed_from_audited_mapping_table,Family-level presence from audited EvoMIL candidate-scope task taxonomy table. Source counts sum source virus-host observations before per-family presence deduplication.,include_eukaryotic,fungi; plants,Riboviria,Orthornavirae,Lenarviricota,Howeltoviricetes,Cryppavirales,ssRNA(+),RNA,105,True
EvoMIL,Nairoviridae,H,3,input_original/manual_downloads/EvoMIL/evomil_vhdb_2021_author_snapshot.csv,Nairoviridae,current_ncbi_lineage:exact_current_family,confirmed_from_audited_mapping_table,Family-level presence from audited EvoMIL candidate-scope task taxonomy table. Source counts sum source virus-host observations before per-family presence deduplication.,include_eukaryotic,"invertebrates; invertebrates, vertebrates; vertebrates",Riboviria,Orthornavirae,Negarnaviricota,Bunyaviricetes,Hareavirales,ssRNA(-),RNA,60,True
EvoMIL,Nanoviridae,H,13,input_original/manual_downloads/EvoMIL/evomil_vhdb_2021_author_snapshot.csv,Nanoviridae,current_ncbi_lineage:exact_current_family,confirmed_from_audited_mapping_table,Family-level presence from audited EvoMIL candidate-scope task taxonomy table. Source counts sum source virus-host observations before per-family presence deduplication.,include_eukaryotic,plants,Floreoviria,Shotokuvirae,Cressdnaviricota,Arfiviricetes,Mulpavirales,ssDNA(+),DNA,15,True
EvoMIL,Nodaviridae,H,2,input_original/manual_downloads/EvoMIL/evomil_vhdb_2021_author_snapshot.csv,Nodaviridae,current_ncbi_lineage:exact_current_family,confirmed_from_audited_mapping_table,Family-level presence from audited EvoMIL candidate-scope task taxonomy table. Source counts sum source virus-host observations before per-family presence deduplication.,include_eukaryotic,invertebrates; vertebrates,Riboviria,Orthornavirae,Kitrinoviricota,Magsaviricetes,Nodamuvirales,ssRNA(+),RNA,9,True
EvoMIL,Nyamiviridae,H,1,input_original/manual_downloads/EvoMIL/evomil_vhdb_2021_author_snapshot.csv,Nyamiviridae,current_ncbi_lineage:exact_current_family,confirmed_from_audited_mapping_table,Family-level presence from audited EvoMIL candidate-scope task taxonomy table. Source counts sum source virus-host observations before per-family presence deduplication.,include_eukaryotic,"invertebrates; invertebrates, vertebrates; vertebrates",Riboviria,Orthornavirae,Negarnaviricota,Monjiviricetes,Mononegavirales,ssRNA(-),RNA,30,True
EvoMIL,Oomyviridae,H,6,input_original/manual_downloads/EvoMIL/evomil_vhdb_2021_author_snapshot.csv,Oomyviridae,current_ncbi_lineage:exact_current_family,confirmed_from_audited_mapping_table,Family-level presence from audited EvoMIL candidate-scope task taxonomy table. Source counts sum source virus-host observations before per-family presence deduplication.,include_eukaryotic,"invertebrates, vertebrates",Floreoviria,Shotokuvirae,Cressdnaviricota,Arfiviricetes,Lineavirales,ssDNA,DNA,38,True
EvoMIL,Orthoherpesviridae,H,75,input_original/manual_downloads/EvoMIL/evomil_vhdb_2021_author_snapshot.csv,Orthoherpesviridae,current_ncbi_lineage:exact_current_family; exact_vmr_accession,confirmed_from_audited_mapping_table,Family-level presence from audited EvoMIL candidate-scope task taxonomy table. Source counts sum source virus-host observations before per-family presence deduplication.,include_eukaryotic,vertebrates,Duplodnaviria,Heunggongvirae,Peploviricota,Herviviricetes,Herpesvirales,dsDNA,DNA,118,True
EvoMIL,Orthomyxoviridae,H,37,input_original/manual_downloads/EvoMIL/evomil_vhdb_2021_author_snapshot.csv,Orthomyxoviridae,current_ncbi_lineage:exact_current_family,confirmed_from_audited_mapping_table,Family-level presence from audited EvoMIL candidate-scope task taxonomy table. Source counts sum source virus-host observations before per-family presence deduplication.,include_eukaryotic,"invertebrates; invertebrates, vertebrates; vertebrates",Riboviria,Orthornavirae,Negarnaviricota,Insthoviricetes,Articulavirales,ssRNA(-),RNA,21,True
EvoMIL,Orthototiviridae,H,3,input_original/manual_downloads/EvoMIL/evomil_vhdb_2021_author_snapshot.csv,Orthototiviridae,current_ncbi_lineage:exact_current_family,confirmed_from_audited_mapping_table,Family-level presence from audited EvoMIL candidate-scope task taxonomy table. Source counts sum source virus-host observations before per-family presence deduplication.,include_eukaryotic,fungi; invertebrates; plants; protists (s),Riboviria,Orthornavirae,Duplornaviricota,Chrymotiviricetes,Ghabrivirales,dsRNA,RNA,32,True
EvoMIL,Ourmiaviridae,H,3,input_original/manual_downloads/EvoMIL/evomil_vhdb_2021_author_snapshot.csv,Ourmiaviridae,current_ncbi_lineage:exact_current_family,confirmed_from_audited_mapping_table,Family-level presence from audited EvoMIL candidate-scope task taxonomy table. Source counts sum source virus-host observations before per-family presence deduplication.,include_eukaryotic,freshwater (s); invertebrates (s); plants; plants (s); soil (s),Riboviria,Orthornavirae,Lenarviricota,Miaviricetes,Ourlivirales,ssRNA(+),RNA,27,True
EvoMIL,Papillomaviridae,H,251,input_original/manual_downloads/EvoMIL/evomil_vhdb_2021_author_snapshot.csv,Papillomaviridae,current_ncbi_lineage:exact_current_family; exact_vmr_accession,confirmed_from_audited_mapping_table,Family-level presence from audited EvoMIL candidate-scope task taxonomy table. Source counts sum source virus-host observations before per-family presence deduplication.,include_eukaryotic,vertebrates,Floreoviria,Shotokuvirae,Cossaviricota,Papovaviricetes,Zurhausenvirales,dsDNA,DNA,133,True
EvoMIL,Paramyxoviridae,H,122,input_original/manual_downloads/EvoMIL/evomil_vhdb_2021_author_snapshot.csv,Paramyxoviridae,current_ncbi_lineage:exact_current_family; exact_vmr_accession,confirmed_from_audited_mapping_table,Family-level presence from audited EvoMIL candidate-scope task taxonomy table. Source counts sum source virus-host observations before per-family presence deduplication.,include_eukaryotic,vertebrates,Riboviria,Orthornavirae,Negarnaviricota,Monjiviricetes,Mononegavirales,ssRNA(-),RNA,153,True
EvoMIL,Partitiviridae,H,7,input_original/manual_downloads/EvoMIL/evomil_vhdb_2021_author_snapshot.csv,Partitiviridae,current_ncbi_lineage:exact_current_family,confirmed_from_audited_mapping_table,Family-level presence from audited EvoMIL candidate-scope task taxonomy table. Source counts sum source virus-host observations before per-family presence deduplication.,include_eukaryotic,fungi; plants; protists,Riboviria,Orthornavirae,Pisuviricota,Duplopiviricetes,Durnavirales,dsRNA,RNA,45,True
EvoMIL,Parvoviridae,H,107,input_original/manual_downloads/EvoMIL/evomil_vhdb_2021_author_snapshot.csv,Parvoviridae,current_ncbi_lineage:exact_current_family; exact_vmr_accession,confirmed_from_audited_mapping_table,Family-level presence from audited EvoMIL candidate-scope task taxonomy table. Source counts sum source virus-host observations before per-family presence deduplication.,include_eukaryotic,"invertebrates; invertebrates, vertebrates; vertebrates",Floreoviria,Shotokuvirae,Cossaviricota,Quintoviricetes,Piccovirales,ssDNA; ssDNA(+/-),DNA,281,True
EvoMIL,Pecoviridae,H,1,input_original/manual_downloads/EvoMIL/evomil_vhdb_2021_author_snapshot.csv,Pecoviridae,current_ncbi_lineage:exact_current_family,confirmed_from_audited_mapping_table,Family-level presence from audited EvoMIL candidate-scope task taxonomy table. Source counts sum source virus-host observations before per-family presence deduplication.,include_eukaryotic,vertebrates,Floreoviria,Shotokuvirae,Cressdnaviricota,Arfiviricetes,Ringavirales,ssDNA(+/-),DNA,15,True
EvoMIL,Peribunyaviridae,H,55,input_original/manual_downloads/EvoMIL/evomil_vhdb_2021_author_snapshot.csv,Peribunyaviridae,current_ncbi_lineage:exact_current_family,confirmed_from_audited_mapping_table,Family-level presence from audited EvoMIL candidate-scope task taxonomy table. Source counts sum source virus-host observations before per-family presence deduplication.,include_eukaryotic,"invertebrates; invertebrates, vertebrates; vertebrates",Riboviria,Orthornavirae,Negarnaviricota,Bunyaviricetes,Elliovirales,ssRNA(-),RNA,152,True
EvoMIL,Pestiviridae,H,23,input_original/manual_downloads/EvoMIL/evomil_vhdb_2021_author_snapshot.csv,Pestiviridae,current_ncbi_lineage:exact_current_family,confirmed_from_audited_mapping_table,Family-level presence from audited EvoMIL candidate-scope task taxonomy table. Source counts sum source virus-host observations before per-family presence deduplication.,include_eukaryotic,invertebrates; plants; vertebrates,Riboviria,Orthornavirae,Kitrinoviricota,Flasuviricetes,Amarillovirales,ssRNA(+),RNA,23,True
EvoMIL,Phenuiviridae,H,41,input_original/manual_downloads/EvoMIL/evomil_vhdb_2021_author_snapshot.csv,Phenuiviridae,current_ncbi_lineage:exact_current_family; exact_vmr_accession,confirmed_from_audited_mapping_table,Family-level presence from audited EvoMIL candidate-scope task taxonomy table. Source counts sum source virus-host observations before per-family presence deduplication.,include_eukaryotic,"fungi; invertebrates; invertebrates, plants; invertebrates, vertebrates; plants; protists; soil (s); vertebrates",Riboviria,Orthornavirae,Negarnaviricota,Bunyaviricetes,Hareavirales,ssRNA(+/-); ssRNA(-),RNA,223,True
EvoMIL,Picornaviridae,H,408,input_original/manual_downloads/EvoMIL/evomil_vhdb_2021_author_snapshot.csv,Picornaviridae,current_ncbi_lineage:exact_current_family; exact_vmr_accession,confirmed_from_audited_mapping_table,Family-level presence from audited EvoMIL candidate-scope task taxonomy table. Source counts sum source virus-host observations before per-family presence deduplication.,include_eukaryotic,vertebrates,Riboviria,Orthornavirae,Pisuviricota,Pisoniviricetes,Picornavirales,ssRNA(+),RNA,159,True
EvoMIL,Pneumoviridae,H,15,input_original/manual_downloads/EvoMIL/evomil_vhdb_2021_author_snapshot.csv,Pneumoviridae,current_ncbi_lineage:exact_current_family; exact_vmr_accession,confirmed_from_audited_mapping_table,Family-level presence from audited EvoMIL candidate-scope task taxonomy table. Source counts sum source virus-host observations before per-family presence deduplication.,include_eukaryotic,vertebrates,Riboviria,Orthornavirae,Negarnaviricota,Monjiviricetes,Mononegavirales,ssRNA(-),RNA,5,True
EvoMIL,Polyomaviridae,H,53,input_original/manual_downloads/EvoMIL/evomil_vhdb_2021_author_snapshot.csv,Polyomaviridae,current_ncbi_lineage:exact_current_family; exact_vmr_accession,confirmed_from_audited_mapping_table,Family-level presence from audited EvoMIL candidate-scope task taxonomy table. Source counts sum source virus-host observations before per-family presence deduplication.,include_eukaryotic,vertebrates,Floreoviria,Shotokuvirae,Cossaviricota,Papovaviricetes,Sepolyvirales,dsDNA,DNA,122,True
EvoMIL,Pospiviroidae,H,20,input_original/manual_downloads/EvoMIL/evomil_vhdb_2021_author_snapshot.csv,Pospiviroidae,current_ncbi_lineage:exact_current_family,confirmed_from_audited_mapping_table,Family-level presence from audited EvoMIL candidate-scope task taxonomy table. Source counts sum source virus-host observations before per-family presence deduplication.,include_eukaryotic,plants,,,,,,ssRNA,RNA,40,False
EvoMIL,Potyviridae,H,102,input_original/manual_downloads/EvoMIL/evomil_vhdb_2021_author_snapshot.csv,Potyviridae,current_ncbi_lineage:exact_current_family; exact_vmr_accession,confirmed_from_audited_mapping_table,Family-level presence from audited EvoMIL candidate-scope task taxonomy table. Source counts sum source virus-host observations before per-family presence deduplication.,include_eukaryotic,plants,Riboviria,Orthornavirae,Pisuviricota,Stelpaviricetes,Patatavirales,ssRNA(+),RNA,264,True
EvoMIL,Poxviridae,H,51,input_original/manual_downloads/EvoMIL/evomil_vhdb_2021_author_snapshot.csv,Poxviridae,current_ncbi_lineage:exact_current_family,confirmed_from_audited_mapping_table,Family-level presence from audited EvoMIL candidate-scope task taxonomy table. Source counts sum source virus-host observations before per-family presence deduplication.,include_eukaryotic,invertebrates; vertebrates,Varidnaviria,Bamfordvirae,Nucleocytoviricota,Pokkesviricetes,Chitovirales,dsDNA,DNA,56,True
EvoMIL,Redondoviridae,H,1,input_original/manual_downloads/EvoMIL/evomil_vhdb_2021_author_snapshot.csv,Redondoviridae,current_ncbi_lineage:exact_current_family,confirmed_from_audited_mapping_table,Family-level presence from audited EvoMIL candidate-scope task taxonomy table. Source counts sum source virus-host observations before per-family presence deduplication.,include_eukaryotic,vertebrates,Floreoviria,Shotokuvirae,Cressdnaviricota,Arfiviricetes,Recrevirales,ssDNA(+/-),DNA,2,True
EvoMIL,Retroviridae,H,110,input_original/manual_downloads/EvoMIL/evomil_vhdb_2021_author_snapshot.csv,Retroviridae,current_ncbi_lineage:exact_current_family; exact_vmr_accession,confirmed_from_audited_mapping_table,Family-level presence from audited EvoMIL candidate-scope task taxonomy table. Source counts sum source virus-host observations before per-family presence deduplication.,include_eukaryotic,vertebrates,Riboviria,Pararnavirae,Artverviricota,Revtraviricetes,Ortervirales,ssRNA-RT,Reverse-transcribing,65,True
EvoMIL,Rhabdoviridae,H,65,input_original/manual_downloads/EvoMIL/evomil_vhdb_2021_author_snapshot.csv,Rhabdoviridae,current_ncbi_lineage:exact_current_family,confirmed_from_audited_mapping_table,Family-level presence from audited EvoMIL candidate-scope task taxonomy table. Source counts sum source virus-host observations before per-family presence deduplication.,include_eukaryotic,"freshwater (s); invertebrates; invertebrates (s); invertebrates, plants; invertebrates, vertebrates; plants; soil (s); unknown (s); vertebrates",Riboviria,Orthornavirae,Negarnaviricota,Monjiviricetes,Mononegavirales,ssRNA(-),RNA,615,True
EvoMIL,Secoviridae,H,81,input_original/manual_downloads/EvoMIL/evomil_vhdb_2021_author_snapshot.csv,Secoviridae,current_ncbi_lineage:exact_current_family,confirmed_from_audited_mapping_table,Family-level presence from audited EvoMIL candidate-scope task taxonomy table. Source counts sum source virus-host observations before per-family presence deduplication.,include_eukaryotic,phytobiome (s); plants,Riboviria,Orthornavirae,Pisuviricota,Pisoniviricetes,Picornavirales,ssRNA(+),RNA,215,True
EvoMIL,Sedoreoviridae,H,52,input_original/manual_downloads/EvoMIL/evomil_vhdb_2021_author_snapshot.csv,Sedoreoviridae,current_ncbi_lineage:exact_current_family,confirmed_from_audited_mapping_table,Family-level presence from audited EvoMIL candidate-scope task taxonomy table. Source counts sum source virus-host observations before per-family presence deduplication.,include_eukaryotic,"invertebrates; invertebrates, plants; invertebrates, vertebrates; protists; vertebrates",Riboviria,Orthornavirae,Duplornaviricota,Resentoviricetes,Reovirales,dsRNA,RNA,45,True
EvoMIL,Solemoviridae,H,38,input_original/manual_downloads/EvoMIL/evomil_vhdb_2021_author_snapshot.csv,Solemoviridae,current_ncbi_lineage:exact_current_family,confirmed_from_audited_mapping_table,Family-level presence from audited EvoMIL candidate-scope task taxonomy table. Source counts sum source virus-host observations before per-family presence deduplication.,include_eukaryotic,fungi; plants,Riboviria,Orthornavirae,Pisuviricota,Pisoniviricetes,Sobelivirales,ssRNA(+),RNA,148,True
EvoMIL,Spinareoviridae,H,11,input_original/manual_downloads/EvoMIL/evomil_vhdb_2021_author_snapshot.csv,Spinareoviridae,current_ncbi_lineage:exact_current_family,confirmed_from_audited_mapping_table,Family-level presence from audited EvoMIL candidate-scope task taxonomy table. Source counts sum source virus-host observations before per-family presence deduplication.,include_eukaryotic,"fungi; invertebrates; invertebrates, plants; invertebrates, vertebrates; vertebrates",Riboviria,Orthornavirae,Duplornaviricota,Resentoviricetes,Reovirales,dsRNA,RNA,59,True
EvoMIL,Tobaniviridae,H,6,input_original/manual_downloads/EvoMIL/evomil_vhdb_2021_author_snapshot.csv,Tobaniviridae,current_ncbi_lineage:exact_current_family,confirmed_from_audited_mapping_table,Family-level presence from audited EvoMIL candidate-scope task taxonomy table. Source counts sum source virus-host observations before per-family presence deduplication.,include_eukaryotic,invertebrates (s); vertebrates,Riboviria,Orthornavirae,Pisuviricota,Pisoniviricetes,Nidovirales,ssRNA(+),RNA,22,True
EvoMIL,Togaviridae,H,46,input_original/manual_downloads/EvoMIL/evomil_vhdb_2021_author_snapshot.csv,Togaviridae,current_ncbi_lineage:exact_current_family; exact_vmr_accession,confirmed_from_audited_mapping_table,Family-level presence from audited EvoMIL candidate-scope task taxonomy table. Source counts sum source virus-host observations before per-family presence deduplication.,include_eukaryotic,"invertebrates; invertebrates, vertebrates; vertebrates",Riboviria,Orthornavirae,Kitrinoviricota,Alsuviricetes,Martellivirales,ssRNA(+),RNA,32,True
EvoMIL,Tolecusatellitidae,H,77,input_original/manual_downloads/EvoMIL/evomil_vhdb_2021_author_snapshot.csv,Tolecusatellitidae,current_ncbi_lineage:exact_current_family; exact_vmr_accession,confirmed_from_audited_mapping_table,Family-level presence from audited EvoMIL candidate-scope task taxonomy table. Source counts sum source virus-host observations before per-family presence deduplication.,include_eukaryotic,plants,,,,,,ssDNA; ssDNA(+/-); ssDNA(-),DNA,133,False
EvoMIL,Tombusviridae,H,73,input_original/manual_downloads/EvoMIL/evomil_vhdb_2021_author_snapshot.csv,Tombusviridae,current_ncbi_lineage:exact_current_family; exact_vmr_accession,confirmed_from_audited_mapping_table,Family-level presence from audited EvoMIL candidate-scope task taxonomy table. Source counts sum source virus-host observations before per-family presence deduplication.,include_eukaryotic,fungi; invertebrates (s); plants; plants (s); vertebrates,Riboviria,Orthornavirae,Kitrinoviricota,Tolucaviricetes,Tolivirales,ssRNA(+),RNA,102,True
EvoMIL,Tomosaviridae,H,3,input_original/manual_downloads/EvoMIL/evomil_vhdb_2021_author_snapshot.csv,Tomosaviridae,current_ncbi_lineage:exact_current_family,confirmed_from_audited_mapping_table,Family-level presence from audited EvoMIL candidate-scope task taxonomy table. Source counts sum source virus-host observations before per-family presence deduplication.,include_eukaryotic,plants,Riboviria,,,,Tombendovirales,ssRNA(+),RNA,1,True
EvoMIL,Tonesaviridae,H,4,input_original/manual_downloads/EvoMIL/evomil_vhdb_2021_author_snapshot.csv,Tonesaviridae,current_ncbi_lineage:exact_current_family,confirmed_from_audited_mapping_table,Family-level presence from audited EvoMIL candidate-scope task taxonomy table. Source counts sum source virus-host observations before per-family presence deduplication.,include_eukaryotic,plants,Riboviria,,,,,ssRNA(+),RNA,4,False
EvoMIL,Tospoviridae,H,32,input_original/manual_downloads/EvoMIL/evomil_vhdb_2021_author_snapshot.csv,Tospoviridae,current_ncbi_lineage:exact_current_family,confirmed_from_audited_mapping_table,Family-level presence from audited EvoMIL candidate-scope task taxonomy table. Source counts sum source virus-host observations before per-family presence deduplication.,include_eukaryotic,"invertebrates, plants",Riboviria,Orthornavirae,Negarnaviricota,Bunyaviricetes,Elliovirales,ssRNA(+/-),RNA,36,True
EvoMIL,Tymoviridae,H,29,input_original/manual_downloads/EvoMIL/evomil_vhdb_2021_author_snapshot.csv,Tymoviridae,current_ncbi_lineage:exact_current_family,confirmed_from_audited_mapping_table,Family-level presence from audited EvoMIL candidate-scope task taxonomy table. Source counts sum source virus-host observations before per-family presence deduplication.,include_eukaryotic,plants,Riboviria,Orthornavirae,Kitrinoviricota,Alsuviricetes,Tymovirales,ssDNA(+/-); ssRNA(+),Mixed/unknown,43,True
EvoMIL,Vilyaviridae,H,1,input_original/manual_downloads/EvoMIL/evomil_vhdb_2021_author_snapshot.csv,Vilyaviridae,current_ncbi_lineage:exact_current_family,confirmed_from_audited_mapping_table,Family-level presence from audited EvoMIL candidate-scope task taxonomy table. Source counts sum source virus-host observations before per-family presence deduplication.,include_eukaryotic,protists (s); vertebrates,Floreoviria,Shotokuvirae,Cressdnaviricota,Arfiviricetes,Cirlivirales,ssDNA; ssDNA(+/-),DNA,27,True
EvoMIL,Virgaviridae,H,57,input_original/manual_downloads/EvoMIL/evomil_vhdb_2021_author_snapshot.csv,Virgaviridae,current_ncbi_lineage:exact_current_family,confirmed_from_audited_mapping_table,Family-level presence from audited EvoMIL candidate-scope task taxonomy table. Source counts sum source virus-host observations before per-family presence deduplication.,include_eukaryotic,plants,Riboviria,Orthornavirae,Kitrinoviricota,Alsuviricetes,Martellivirales,ssRNA(+),RNA,59,True
GIVAL,Coronaviridae,P,970,input_original/manual_downloads/GIVAL/S_without_test_set_DCR_sampled_with_ref.csv,coronavirus downstream dataset,explicit_dataset_identity_to_current_family,confirmed_from_structured_dataset,Family-level presence inferred from GIVAL downstream task table identity and deduplicated to current ICTV families.,include_eukaryotic,vertebrates,Riboviria,Orthornavirae,Pisuviricota,Pisoniviricetes,Nidovirales,ssRNA(+),RNA,54,True
GIVAL,Orthomyxoviridae,P,121753,input_original/manual_downloads/GIVAL/df_AIV_before_sample.csv,AIV,explicit_dataset_identity_to_current_family,confirmed_from_structured_dataset,Family-level presence inferred from GIVAL downstream task table identity and deduplicated to current ICTV families.,include_eukaryotic,"invertebrates; invertebrates, vertebrates; vertebrates",Riboviria,Orthornavirae,Negarnaviricota,Insthoviricetes,Articulavirales,ssRNA(-),RNA,21,True
GIVAL,Poxviridae,P,52200,input_original/manual_downloads/GIVAL/df_all_mpox.csv,monkeypox,explicit_dataset_identity_to_current_family,confirmed_from_structured_dataset,Family-level presence inferred from GIVAL downstream task table identity and deduplicated to current ICTV families.,include_eukaryotic,invertebrates; vertebrates,Varidnaviria,Bamfordvirae,Nucleocytoviricota,Pokkesviricetes,Chitovirales,dsDNA,DNA,56,True
Host Taxon Predictor,Adenoviridae,N,1,input_original/manual_downloads/HostTaxonPredictor/supplementary_materials/datasets/all_viruses_with_desired_attributes.dump,Adenoviridae,exact_current_family,confirmed_from_audited_mapping_table,Family-level presence from audited Host Taxon Predictor record-to-family mapping of the raw release. The main learn/test and extension learn/test GI split files were verified as represented in all_viruses_with_desired_attributes.dump; new_viruses_ids requires separate remapping.,include_eukaryotic,vertebrates,Varidnaviria,Bamfordvirae,Preplasmiviricota,Pharingeaviricetes,Rowavirales,dsDNA,DNA,145,True
Host Taxon Predictor,Alloherpesviridae,N,1,input_original/manual_downloads/HostTaxonPredictor/supplementary_materials/datasets/all_viruses_with_desired_attributes.dump,Alloherpesviridae,exact_current_family,confirmed_from_audited_mapping_table,Family-level presence from audited Host Taxon Predictor record-to-family mapping of the raw release. The main learn/test and extension learn/test GI split files were verified as represented in all_viruses_with_desired_attributes.dump; new_viruses_ids requires separate remapping.,include_eukaryotic,vertebrates,Duplodnaviria,Heunggongvirae,Peploviricota,Herviviricetes,Herpesvirales,dsDNA,DNA,13,True
Host Taxon Predictor,Alphaflexiviridae,N,1,input_original/manual_downloads/HostTaxonPredictor/supplementary_materials/datasets/all_viruses_with_desired_attributes.dump,Alphaflexiviridae,current_family_from_lineage; exact_current_family,confirmed_from_audited_mapping_table,Family-level presence from audited Host Taxon Predictor record-to-family mapping of the raw release. The main learn/test and extension learn/test GI split files were verified as represented in all_viruses_with_desired_attributes.dump; new_viruses_ids requires separate remapping.,include_eukaryotic,fungi; plants,Riboviria,Orthornavirae,Kitrinoviricota,Alsuviricetes,Tymovirales,ssRNA(+),RNA,73,True
Host Taxon Predictor,Alphatetraviridae,N,1,input_original/manual_downloads/HostTaxonPredictor/supplementary_materials/datasets/all_viruses_with_desired_attributes.dump,Alphatetraviridae,exact_current_family,confirmed_from_audited_mapping_table,Family-level presence from audited Host Taxon Predictor record-to-family mapping of the raw release. The main learn/test and extension learn/test GI split files were verified as represented in all_viruses_with_desired_attributes.dump; new_viruses_ids requires separate remapping.,include_eukaryotic,invertebrates,Riboviria,Orthornavirae,Kitrinoviricota,Alsuviricetes,Hepelivirales,ssRNA(+),RNA,10,True
Host Taxon Predictor,Amalgaviridae,N,1,input_original/manual_downloads/HostTaxonPredictor/supplementary_materials/datasets/all_viruses_with_desired_attributes.dump,Amalgaviridae,current_family_from_lineage; exact_current_family,confirmed_from_audited_mapping_table,Family-level presence from audited Host Taxon Predictor record-to-family mapping of the raw release. The main learn/test and extension learn/test GI split files were verified as represented in all_viruses_with_desired_attributes.dump; new_viruses_ids requires separate remapping.,include_eukaryotic,fungi; plants,Riboviria,Orthornavirae,Pisuviricota,Duplopiviricetes,Durnavirales,dsRNA,RNA,23,True
Host Taxon Predictor,Anelloviridae,N,1,input_original/manual_downloads/HostTaxonPredictor/supplementary_materials/datasets/all_viruses_with_desired_attributes.dump,Anelloviridae,current_family_from_lineage; exact_current_family,confirmed_from_audited_mapping_table,Family-level presence from audited Host Taxon Predictor record-to-family mapping of the raw release. The main learn/test and extension learn/test GI split files were verified as represented in all_viruses_with_desired_attributes.dump; new_viruses_ids requires separate remapping.,include_eukaryotic,invertebrates; vertebrates,Floreoviria,Shotokuvirae,Commensaviricota,Cardeaviricetes,Sanitavirales,ssDNA(+/-); ssDNA(-),DNA,243,True
Host Taxon Predictor,Arenaviridae,N,1,input_original/manual_downloads/HostTaxonPredictor/supplementary_materials/datasets/all_viruses_with_desired_attributes.dump,Arenaviridae,current_family_from_lineage; exact_current_family,confirmed_from_audited_mapping_table,Family-level presence from audited Host Taxon Predictor record-to-family mapping of the raw release. The main learn/test and extension learn/test GI split files were verified as represented in all_viruses_with_desired_attributes.dump; new_viruses_ids requires separate remapping.,include_eukaryotic,freshwater (s); vertebrates,Riboviria,Orthornavirae,Negarnaviricota,Bunyaviricetes,Hareavirales,ssRNA(+/-); ssRNA(-),RNA,71,True
Host Taxon Predictor,Arteriviridae,N,1,input_original/manual_downloads/HostTaxonPredictor/supplementary_materials/datasets/all_viruses_with_desired_attributes.dump,Arteriviridae,current_family_from_lineage; exact_current_family,confirmed_from_audited_mapping_table,Family-level presence from audited Host Taxon Predictor record-to-family mapping of the raw release. The main learn/test and extension learn/test GI split files were verified as represented in all_viruses_with_desired_attributes.dump; new_viruses_ids requires separate remapping.,include_eukaryotic,vertebrates,Riboviria,Orthornavirae,Pisuviricota,Pisoniviricetes,Nidovirales,ssRNA(+),RNA,23,True
Host Taxon Predictor,Aspiviridae,N,1,input_original/manual_downloads/HostTaxonPredictor/supplementary_materials/datasets/all_viruses_with_desired_attributes.dump,Aspiviridae,current_family_from_lineage_genus,confirmed_from_audited_mapping_table,Family-level presence from audited Host Taxon Predictor record-to-family mapping of the raw release. The main learn/test and extension learn/test GI split files were verified as represented in all_viruses_with_desired_attributes.dump; new_viruses_ids requires separate remapping.,include_eukaryotic,plants,Riboviria,Orthornavirae,Negarnaviricota,Milneviricetes,Naedrevirales,ssRNA(-),RNA,22,True
Host Taxon Predictor,Astroviridae,N,1,input_original/manual_downloads/HostTaxonPredictor/supplementary_materials/datasets/all_viruses_with_desired_attributes.dump,Astroviridae,current_family_from_lineage; exact_current_family,confirmed_from_audited_mapping_table,Family-level presence from audited Host Taxon Predictor record-to-family mapping of the raw release. The main learn/test and extension learn/test GI split files were verified as represented in all_viruses_with_desired_attributes.dump; new_viruses_ids requires separate remapping.,include_eukaryotic,vertebrates,Riboviria,Orthornavirae,Pisuviricota,Stelpaviricetes,Stellavirales,ssRNA(+),RNA,31,True
Host Taxon Predictor,Baculoviridae,N,1,input_original/manual_downloads/HostTaxonPredictor/supplementary_materials/datasets/all_viruses_with_desired_attributes.dump,Baculoviridae,exact_current_family,confirmed_from_audited_mapping_table,Family-level presence from audited Host Taxon Predictor record-to-family mapping of the raw release. The main learn/test and extension learn/test GI split files were verified as represented in all_viruses_with_desired_attributes.dump; new_viruses_ids requires separate remapping.,include_eukaryotic,invertebrates,,,,Naldaviricetes,Lefavirales,dsDNA,DNA,104,True
Host Taxon Predictor,Benyviridae,N,1,input_original/manual_downloads/HostTaxonPredictor/supplementary_materials/datasets/all_viruses_with_desired_attributes.dump,Benyviridae,exact_current_family,confirmed_from_audited_mapping_table,Family-level presence from audited Host Taxon Predictor record-to-family mapping of the raw release. The main learn/test and extension learn/test GI split files were verified as represented in all_viruses_with_desired_attributes.dump; new_viruses_ids requires separate remapping.,include_eukaryotic,plants,Riboviria,Orthornavirae,Kitrinoviricota,Alsuviricetes,Hepelivirales,ssRNA(+),RNA,5,True
Host Taxon Predictor,Betaflexiviridae,N,1,input_original/manual_downloads/HostTaxonPredictor/supplementary_materials/datasets/all_viruses_with_desired_attributes.dump,Betaflexiviridae,current_family_from_lineage; exact_current_family,confirmed_from_audited_mapping_table,Family-level presence from audited Host Taxon Predictor record-to-family mapping of the raw release. The main learn/test and extension learn/test GI split files were verified as represented in all_viruses_with_desired_attributes.dump; new_viruses_ids requires separate remapping.,include_eukaryotic,plants,Riboviria,Orthornavirae,Kitrinoviricota,Alsuviricetes,Tymovirales,ssRNA(+),RNA,159,True
Host Taxon Predictor,Birnaviridae,N,1,input_original/manual_downloads/HostTaxonPredictor/supplementary_materials/datasets/all_viruses_with_desired_attributes.dump,Birnaviridae,exact_current_family,confirmed_from_audited_mapping_table,Family-level presence from audited Host Taxon Predictor record-to-family mapping of the raw release. The main learn/test and extension learn/test GI split files were verified as represented in all_viruses_with_desired_attributes.dump; new_viruses_ids requires separate remapping.,include_eukaryotic,invertebrates; vertebrates,Riboviria,Orthornavirae,,,,dsRNA,RNA,11,False
Host Taxon Predictor,Bornaviridae,N,1,input_original/manual_downloads/HostTaxonPredictor/supplementary_materials/datasets/all_viruses_with_desired_attributes.dump,Bornaviridae,exact_current_family,confirmed_from_audited_mapping_table,Family-level presence from audited Host Taxon Predictor record-to-family mapping of the raw release. The main learn/test and extension learn/test GI split files were verified as represented in all_viruses_with_desired_attributes.dump; new_viruses_ids requires separate remapping.,include_eukaryotic,vertebrates,Riboviria,Orthornavirae,Negarnaviricota,Monjiviricetes,Mononegavirales,ssRNA(-),RNA,18,True
Host Taxon Predictor,Botybirnaviridae,N,1,input_original/manual_downloads/HostTaxonPredictor/supplementary_materials/datasets/all_viruses_with_desired_attributes.dump,Botybirnaviridae,current_family_from_lineage_genus,confirmed_from_audited_mapping_table,Family-level presence from audited Host Taxon Predictor record-to-family mapping of the raw release. The main learn/test and extension learn/test GI split files were verified as represented in all_viruses_with_desired_attributes.dump; new_viruses_ids requires separate remapping.,include_eukaryotic,fungi; protists (s),Riboviria,Orthornavirae,Duplornaviricota,Chrymotiviricetes,Ghabrivirales,dsRNA,RNA,9,True
Host Taxon Predictor,Bromoviridae,N,1,input_original/manual_downloads/HostTaxonPredictor/supplementary_materials/datasets/all_viruses_with_desired_attributes.dump,Bromoviridae,exact_current_family,confirmed_from_audited_mapping_table,Family-level presence from audited Host Taxon Predictor record-to-family mapping of the raw release. The main learn/test and extension learn/test GI split files were verified as represented in all_viruses_with_desired_attributes.dump; new_viruses_ids requires separate remapping.,include_eukaryotic,plants,Riboviria,Orthornavirae,Kitrinoviricota,Alsuviricetes,Martellivirales,ssRNA(+),RNA,52,True
Host Taxon Predictor,Caliciviridae,N,1,input_original/manual_downloads/HostTaxonPredictor/supplementary_materials/datasets/all_viruses_with_desired_attributes.dump,Caliciviridae,exact_current_family,confirmed_from_audited_mapping_table,Family-level presence from audited Host Taxon Predictor record-to-family mapping of the raw release. The main learn/test and extension learn/test GI split files were verified as represented in all_viruses_with_desired_attributes.dump; new_viruses_ids requires separate remapping.,include_eukaryotic,vertebrates,Riboviria,Orthornavirae,Pisuviricota,Pisoniviricetes,Picornavirales,ssRNA(+),RNA,12,True
Host Taxon Predictor,Caulimoviridae,N,1,input_original/manual_downloads/HostTaxonPredictor/supplementary_materials/datasets/all_viruses_with_desired_attributes.dump,Caulimoviridae,current_family_from_lineage; exact_current_family,confirmed_from_audited_mapping_table,Family-level presence from audited Host Taxon Predictor record-to-family mapping of the raw release. The main learn/test and extension learn/test GI split files were verified as represented in all_viruses_with_desired_attributes.dump; new_viruses_ids requires separate remapping.,include_eukaryotic,plants,Riboviria,Pararnavirae,Artverviricota,Revtraviricetes,Ortervirales,dsDNA; dsDNA-RT,Reverse-transcribing,109,True
Host Taxon Predictor,Chrysoviridae,N,1,input_original/manual_downloads/HostTaxonPredictor/supplementary_materials/datasets/all_viruses_with_desired_attributes.dump,Chrysoviridae,exact_current_family,confirmed_from_audited_mapping_table,Family-level presence from audited Host Taxon Predictor record-to-family mapping of the raw release. The main learn/test and extension learn/test GI split files were verified as represented in all_viruses_with_desired_attributes.dump; new_viruses_ids requires separate remapping.,include_eukaryotic,fungi; invertebrates (s); plants (s),Riboviria,Orthornavirae,Duplornaviricota,Chrymotiviricetes,Ghabrivirales,dsRNA,RNA,31,True
Host Taxon Predictor,Circoviridae,N,1,input_original/manual_downloads/HostTaxonPredictor/supplementary_materials/datasets/all_viruses_with_desired_attributes.dump,Circoviridae,current_family_from_lineage; exact_current_family,confirmed_from_audited_mapping_table,Family-level presence from audited Host Taxon Predictor record-to-family mapping of the raw release. The main learn/test and extension learn/test GI split files were verified as represented in all_viruses_with_desired_attributes.dump; new_viruses_ids requires separate remapping.,include_eukaryotic,invertebrates; plants (s); vertebrates,Floreoviria,Shotokuvirae,Cressdnaviricota,Arfiviricetes,Cirlivirales,ssDNA; ssDNA(+/-),DNA,160,True
Host Taxon Predictor,Closteroviridae,N,1,input_original/manual_downloads/HostTaxonPredictor/supplementary_materials/datasets/all_viruses_with_desired_attributes.dump,Closteroviridae,current_family_from_lineage; exact_current_family,confirmed_from_audited_mapping_table,Family-level presence from audited Host Taxon Predictor record-to-family mapping of the raw release. The main learn/test and extension learn/test GI split files were verified as represented in all_viruses_with_desired_attributes.dump; new_viruses_ids requires separate remapping.,include_eukaryotic,plants,Riboviria,Orthornavirae,Kitrinoviricota,Alsuviricetes,Martellivirales,ssRNA(+),RNA,88,True
Host Taxon Predictor,Coronaviridae,N,1,input_original/manual_downloads/HostTaxonPredictor/supplementary_materials/datasets/all_viruses_with_desired_attributes.dump,Coronaviridae,exact_current_family,confirmed_from_audited_mapping_table,Family-level presence from audited Host Taxon Predictor record-to-family mapping of the raw release. The main learn/test and extension learn/test GI split files were verified as represented in all_viruses_with_desired_attributes.dump; new_viruses_ids requires separate remapping.,include_eukaryotic,vertebrates,Riboviria,Orthornavirae,Pisuviricota,Pisoniviricetes,Nidovirales,ssRNA(+),RNA,54,True
Host Taxon Predictor,Dicistroviridae,N,1,input_original/manual_downloads/HostTaxonPredictor/supplementary_materials/datasets/all_viruses_with_desired_attributes.dump,Dicistroviridae,current_family_from_lineage; exact_current_family,confirmed_from_audited_mapping_table,Family-level presence from audited Host Taxon Predictor record-to-family mapping of the raw release. The main learn/test and extension learn/test GI split files were verified as represented in all_viruses_with_desired_attributes.dump; new_viruses_ids requires separate remapping.,include_eukaryotic,invertebrates,Riboviria,Orthornavirae,Pisuviricota,Pisoniviricetes,Picornavirales,ssRNA(+),RNA,16,True
Host Taxon Predictor,Endornaviridae,N,1,input_original/manual_downloads/HostTaxonPredictor/supplementary_materials/datasets/all_viruses_with_desired_attributes.dump,Endornaviridae,exact_current_family,confirmed_from_audited_mapping_table,Family-level presence from audited Host Taxon Predictor record-to-family mapping of the raw release. The main learn/test and extension learn/test GI split files were verified as represented in all_viruses_with_desired_attributes.dump; new_viruses_ids requires separate remapping.,include_eukaryotic,fungi; plants; protists,Riboviria,Orthornavirae,Kitrinoviricota,Alsuviricetes,Martellivirales,ssRNA(+),RNA,31,True
Host Taxon Predictor,Filoviridae,N,1,input_original/manual_downloads/HostTaxonPredictor/supplementary_materials/datasets/all_viruses_with_desired_attributes.dump,Filoviridae,exact_current_family,confirmed_from_audited_mapping_table,Family-level presence from audited Host Taxon Predictor record-to-family mapping of the raw release. The main learn/test and extension learn/test GI split files were verified as represented in all_viruses_with_desired_attributes.dump; new_viruses_ids requires separate remapping.,include_eukaryotic,vertebrates,Riboviria,Orthornavirae,Negarnaviricota,Monjiviricetes,Mononegavirales,ssRNA(-),RNA,17,True
Host Taxon Predictor,Fimoviridae,N,1,input_original/manual_downloads/HostTaxonPredictor/supplementary_materials/datasets/all_viruses_with_desired_attributes.dump,Fimoviridae,exact_current_family,confirmed_from_audited_mapping_table,Family-level presence from audited Host Taxon Predictor record-to-family mapping of the raw release. The main learn/test and extension learn/test GI split files were verified as represented in all_viruses_with_desired_attributes.dump; new_viruses_ids requires separate remapping.,include_eukaryotic,plants,Riboviria,Orthornavirae,Negarnaviricota,Bunyaviricetes,Elliovirales,ssRNA(-),RNA,33,True
Host Taxon Predictor,Flaviviridae,N,1,input_original/manual_downloads/HostTaxonPredictor/supplementary_materials/datasets/all_viruses_with_desired_attributes.dump,Flaviviridae,exact_current_family,confirmed_from_audited_mapping_table,Family-level presence from audited Host Taxon Predictor record-to-family mapping of the raw release. The main learn/test and extension learn/test GI split files were verified as represented in all_viruses_with_desired_attributes.dump; new_viruses_ids requires separate remapping.,include_eukaryotic,"invertebrates; invertebrates, vertebrates; vertebrates",Riboviria,Orthornavirae,Kitrinoviricota,Flasuviricetes,Amarillovirales,ssRNA(+),RNA,61,True
Host Taxon Predictor,Gammaflexiviridae,N,1,input_original/manual_downloads/HostTaxonPredictor/supplementary_materials/datasets/all_viruses_with_desired_attributes.dump,Gammaflexiviridae,exact_current_family,confirmed_from_audited_mapping_table,Family-level presence from audited Host Taxon Predictor record-to-family mapping of the raw release. The main learn/test and extension learn/test GI split files were verified as represented in all_viruses_with_desired_attributes.dump; new_viruses_ids requires separate remapping.,include_eukaryotic,fungi,Riboviria,Orthornavirae,Kitrinoviricota,Alsuviricetes,Tymovirales,ssRNA(+),RNA,4,True
Host Taxon Predictor,Geminiviridae,N,1,input_original/manual_downloads/HostTaxonPredictor/supplementary_materials/datasets/all_viruses_with_desired_attributes.dump,Geminiviridae,current_family_from_lineage; exact_current_family,confirmed_from_audited_mapping_table,Family-level presence from audited Host Taxon Predictor record-to-family mapping of the raw release. The main learn/test and extension learn/test GI split files were verified as represented in all_viruses_with_desired_attributes.dump; new_viruses_ids requires separate remapping.,include_eukaryotic,"invertebrates; invertebrates, plants; plants",Floreoviria,Shotokuvirae,Cressdnaviricota,Repensiviricetes,Geplafuvirales,ssDNA; ssDNA(+/-),DNA,560,True
Host Taxon Predictor,Genomoviridae,N,1,input_original/manual_downloads/HostTaxonPredictor/supplementary_materials/datasets/all_viruses_with_desired_attributes.dump,Genomoviridae,current_family_from_lineage; exact_current_family,confirmed_from_audited_mapping_table,Family-level presence from audited Host Taxon Predictor record-to-family mapping of the raw release. The main learn/test and extension learn/test GI split files were verified as represented in all_viruses_with_desired_attributes.dump; new_viruses_ids requires separate remapping.,include_eukaryotic,"fungi; invertebrates; invertebrates, vertebrates; plants; sewage (s); vertebrates",Floreoviria,Shotokuvirae,Cressdnaviricota,Repensiviricetes,Geplafuvirales,ssDNA(+/-),DNA,237,True
Host Taxon Predictor,Hantaviridae,N,1,input_original/manual_downloads/HostTaxonPredictor/supplementary_materials/datasets/all_viruses_with_desired_attributes.dump,Hantaviridae,exact_current_family,confirmed_from_audited_mapping_table,Family-level presence from audited Host Taxon Predictor record-to-family mapping of the raw release. The main learn/test and extension learn/test GI split files were verified as represented in all_viruses_with_desired_attributes.dump; new_viruses_ids requires separate remapping.,include_eukaryotic,vertebrates,Riboviria,Orthornavirae,Negarnaviricota,Bunyaviricetes,Elliovirales,ssRNA(-),RNA,55,True
Host Taxon Predictor,Hepadnaviridae,N,1,input_original/manual_downloads/HostTaxonPredictor/supplementary_materials/datasets/all_viruses_with_desired_attributes.dump,Hepadnaviridae,current_family_from_lineage; exact_current_family,confirmed_from_audited_mapping_table,Family-level presence from audited Host Taxon Predictor record-to-family mapping of the raw release. The main learn/test and extension learn/test GI split files were verified as represented in all_viruses_with_desired_attributes.dump; new_viruses_ids requires separate remapping.,include_eukaryotic,vertebrates,Riboviria,Pararnavirae,Artverviricota,Revtraviricetes,Blubervirales,dsDNA-RT,Reverse-transcribing,27,True
Host Taxon Predictor,Hepeviridae,N,1,input_original/manual_downloads/HostTaxonPredictor/supplementary_materials/datasets/all_viruses_with_desired_attributes.dump,Hepeviridae,exact_current_family,confirmed_from_audited_mapping_table,Family-level presence from audited Host Taxon Predictor record-to-family mapping of the raw release. The main learn/test and extension learn/test GI split files were verified as represented in all_viruses_with_desired_attributes.dump; new_viruses_ids requires separate remapping.,include_eukaryotic,vertebrates,Riboviria,Orthornavirae,Kitrinoviricota,Alsuviricetes,Hepelivirales,ssRNA(+); ssRNA(+/-),RNA,11,True
Host Taxon Predictor,Hypoviridae,N,1,input_original/manual_downloads/HostTaxonPredictor/supplementary_materials/datasets/all_viruses_with_desired_attributes.dump,Hypoviridae,current_family_from_lineage; exact_current_family,confirmed_from_audited_mapping_table,Family-level presence from audited Host Taxon Predictor record-to-family mapping of the raw release. The main learn/test and extension learn/test GI split files were verified as represented in all_viruses_with_desired_attributes.dump; new_viruses_ids requires separate remapping.,include_eukaryotic,fungi; invertebrates,Riboviria,Orthornavirae,Pisuviricota,Stelpaviricetes,Hypofuvirales,ssRNA(+),RNA,57,True
Host Taxon Predictor,Iflaviridae,N,1,input_original/manual_downloads/HostTaxonPredictor/supplementary_materials/datasets/all_viruses_with_desired_attributes.dump,Iflaviridae,current_family_from_lineage; exact_current_family,confirmed_from_audited_mapping_table,Family-level presence from audited Host Taxon Predictor record-to-family mapping of the raw release. The main learn/test and extension learn/test GI split files were verified as represented in all_viruses_with_desired_attributes.dump; new_viruses_ids requires separate remapping.,include_eukaryotic,invertebrates,Riboviria,Orthornavirae,Pisuviricota,Pisoniviricetes,Picornavirales,ssRNA(+),RNA,16,True
Host Taxon Predictor,Iridoviridae,N,1,input_original/manual_downloads/HostTaxonPredictor/supplementary_materials/datasets/all_viruses_with_desired_attributes.dump,Iridoviridae,current_family_from_lineage; exact_current_family,confirmed_from_audited_mapping_table,Family-level presence from audited Host Taxon Predictor record-to-family mapping of the raw release. The main learn/test and extension learn/test GI split files were verified as represented in all_viruses_with_desired_attributes.dump; new_viruses_ids requires separate remapping.,include_eukaryotic,invertebrates; vertebrates,Varidnaviria,Bamfordvirae,Nucleocytoviricota,Megaviricetes,Pimascovirales,dsDNA,DNA,23,True
Host Taxon Predictor,Mayoviridae,N,1,input_original/manual_downloads/HostTaxonPredictor/supplementary_materials/datasets/all_viruses_with_desired_attributes.dump,Mayoviridae,current_family_from_lineage_genus,confirmed_from_audited_mapping_table,Family-level presence from audited Host Taxon Predictor record-to-family mapping of the raw release. The main learn/test and extension learn/test GI split files were verified as represented in all_viruses_with_desired_attributes.dump; new_viruses_ids requires separate remapping.,include_eukaryotic,plants,Riboviria,Orthornavirae,Kitrinoviricota,Alsuviricetes,Martellivirales,ssRNA(+),RNA,4,True
Host Taxon Predictor,Megabirnaviridae,N,1,input_original/manual_downloads/HostTaxonPredictor/supplementary_materials/datasets/all_viruses_with_desired_attributes.dump,Megabirnaviridae,current_family_from_lineage_genus,confirmed_from_audited_mapping_table,Family-level presence from audited Host Taxon Predictor record-to-family mapping of the raw release. The main learn/test and extension learn/test GI split files were verified as represented in all_viruses_with_desired_attributes.dump; new_viruses_ids requires separate remapping.,include_eukaryotic,fungi,Riboviria,Orthornavirae,Duplornaviricota,Chrymotiviricetes,Ghabrivirales,dsRNA,RNA,5,True
Host Taxon Predictor,Mesoniviridae,N,1,input_original/manual_downloads/HostTaxonPredictor/supplementary_materials/datasets/all_viruses_with_desired_attributes.dump,Mesoniviridae,current_family_from_lineage; exact_current_family,confirmed_from_audited_mapping_table,Family-level presence from audited Host Taxon Predictor record-to-family mapping of the raw release. The main learn/test and extension learn/test GI split files were verified as represented in all_viruses_with_desired_attributes.dump; new_viruses_ids requires separate remapping.,include_eukaryotic,invertebrates,Riboviria,Orthornavirae,Pisuviricota,Pisoniviricetes,Nidovirales,ssRNA(+),RNA,14,True
Host Taxon Predictor,Mymonaviridae,N,1,input_original/manual_downloads/HostTaxonPredictor/supplementary_materials/datasets/all_viruses_with_desired_attributes.dump,Mymonaviridae,exact_current_family,confirmed_from_audited_mapping_table,Family-level presence from audited Host Taxon Predictor record-to-family mapping of the raw release. The main learn/test and extension learn/test GI split files were verified as represented in all_viruses_with_desired_attributes.dump; new_viruses_ids requires separate remapping.,include_eukaryotic,fungi; invertebrates; invertebrates (s); phytobiome (s); protists; soil (s),Riboviria,Orthornavirae,Negarnaviricota,Monjiviricetes,Mononegavirales,ssRNA(-),RNA,61,True
Host Taxon Predictor,Nairoviridae,N,1,input_original/manual_downloads/HostTaxonPredictor/supplementary_materials/datasets/all_viruses_with_desired_attributes.dump,Nairoviridae,exact_current_family,confirmed_from_audited_mapping_table,Family-level presence from audited Host Taxon Predictor record-to-family mapping of the raw release. The main learn/test and extension learn/test GI split files were verified as represented in all_viruses_with_desired_attributes.dump; new_viruses_ids requires separate remapping.,include_eukaryotic,"invertebrates; invertebrates, vertebrates; vertebrates",Riboviria,Orthornavirae,Negarnaviricota,Bunyaviricetes,Hareavirales,ssRNA(-),RNA,60,True
Host Taxon Predictor,Nanoviridae,N,1,input_original/manual_downloads/HostTaxonPredictor/supplementary_materials/datasets/all_viruses_with_desired_attributes.dump,Nanoviridae,exact_current_family,confirmed_from_audited_mapping_table,Family-level presence from audited Host Taxon Predictor record-to-family mapping of the raw release. The main learn/test and extension learn/test GI split files were verified as represented in all_viruses_with_desired_attributes.dump; new_viruses_ids requires separate remapping.,include_eukaryotic,plants,Floreoviria,Shotokuvirae,Cressdnaviricota,Arfiviricetes,Mulpavirales,ssDNA(+),DNA,15,True
Host Taxon Predictor,Narnaviridae,N,1,input_original/manual_downloads/HostTaxonPredictor/supplementary_materials/datasets/all_viruses_with_desired_attributes.dump,Narnaviridae,current_family_from_lineage; exact_current_family,confirmed_from_audited_mapping_table,Family-level presence from audited Host Taxon Predictor record-to-family mapping of the raw release. The main learn/test and extension learn/test GI split files were verified as represented in all_viruses_with_desired_attributes.dump; new_viruses_ids requires separate remapping.,include_eukaryotic,fungi,Riboviria,Orthornavirae,Lenarviricota,Amabiliviricetes,Wolframvirales,ssRNA(+),RNA,2,True
Host Taxon Predictor,Nodaviridae,N,1,input_original/manual_downloads/HostTaxonPredictor/supplementary_materials/datasets/all_viruses_with_desired_attributes.dump,Nodaviridae,current_family_from_lineage; exact_current_family,confirmed_from_audited_mapping_table,Family-level presence from audited Host Taxon Predictor record-to-family mapping of the raw release. The main learn/test and extension learn/test GI split files were verified as represented in all_viruses_with_desired_attributes.dump; new_viruses_ids requires separate remapping.,include_eukaryotic,invertebrates; vertebrates,Riboviria,Orthornavirae,Kitrinoviricota,Magsaviricetes,Nodamuvirales,ssRNA(+),RNA,9,True
Host Taxon Predictor,Nudiviridae,N,1,input_original/manual_downloads/HostTaxonPredictor/supplementary_materials/datasets/all_viruses_with_desired_attributes.dump,Nudiviridae,current_family_from_lineage,confirmed_from_audited_mapping_table,Family-level presence from audited Host Taxon Predictor record-to-family mapping of the raw release. The main learn/test and extension learn/test GI split files were verified as represented in all_viruses_with_desired_attributes.dump; new_viruses_ids requires separate remapping.,include_eukaryotic,invertebrates,,,,Naldaviricetes,Lefavirales,dsDNA,DNA,29,True
Host Taxon Predictor,Nyamiviridae,N,1,input_original/manual_downloads/HostTaxonPredictor/supplementary_materials/datasets/all_viruses_with_desired_attributes.dump,Nyamiviridae,exact_current_family,confirmed_from_audited_mapping_table,Family-level presence from audited Host Taxon Predictor record-to-family mapping of the raw release. The main learn/test and extension learn/test GI split files were verified as represented in all_viruses_with_desired_attributes.dump; new_viruses_ids requires separate remapping.,include_eukaryotic,"invertebrates; invertebrates, vertebrates; vertebrates",Riboviria,Orthornavirae,Negarnaviricota,Monjiviricetes,Mononegavirales,ssRNA(-),RNA,30,True
Host Taxon Predictor,Orthoherpesviridae,N,1,input_original/manual_downloads/HostTaxonPredictor/supplementary_materials/datasets/all_viruses_with_desired_attributes.dump,Orthoherpesviridae,current_family_from_lineage_genus,confirmed_from_audited_mapping_table,Family-level presence from audited Host Taxon Predictor record-to-family mapping of the raw release. The main learn/test and extension learn/test GI split files were verified as represented in all_viruses_with_desired_attributes.dump; new_viruses_ids requires separate remapping.,include_eukaryotic,vertebrates,Duplodnaviria,Heunggongvirae,Peploviricota,Herviviricetes,Herpesvirales,dsDNA,DNA,118,True
Host Taxon Predictor,Orthomyxoviridae,N,1,input_original/manual_downloads/HostTaxonPredictor/supplementary_materials/datasets/all_viruses_with_desired_attributes.dump,Orthomyxoviridae,exact_current_family,confirmed_from_audited_mapping_table,Family-level presence from audited Host Taxon Predictor record-to-family mapping of the raw release. The main learn/test and extension learn/test GI split files were verified as represented in all_viruses_with_desired_attributes.dump; new_viruses_ids requires separate remapping.,include_eukaryotic,"invertebrates; invertebrates, vertebrates; vertebrates",Riboviria,Orthornavirae,Negarnaviricota,Insthoviricetes,Articulavirales,ssRNA(-),RNA,21,True
Host Taxon Predictor,Orthototiviridae,N,1,input_original/manual_downloads/HostTaxonPredictor/supplementary_materials/datasets/all_viruses_with_desired_attributes.dump,Orthototiviridae,current_family_from_lineage_genus,confirmed_from_audited_mapping_table,Family-level presence from audited Host Taxon Predictor record-to-family mapping of the raw release. The main learn/test and extension learn/test GI split files were verified as represented in all_viruses_with_desired_attributes.dump; new_viruses_ids requires separate remapping.,include_eukaryotic,fungi; invertebrates; plants; protists (s),Riboviria,Orthornavirae,Duplornaviricota,Chrymotiviricetes,Ghabrivirales,dsRNA,RNA,32,True
Host Taxon Predictor,Ourmiaviridae,N,1,input_original/manual_downloads/HostTaxonPredictor/supplementary_materials/datasets/all_viruses_with_desired_attributes.dump,Ourmiaviridae,current_family_from_lineage_genus,confirmed_from_audited_mapping_table,Family-level presence from audited Host Taxon Predictor record-to-family mapping of the raw release. The main learn/test and extension learn/test GI split files were verified as represented in all_viruses_with_desired_attributes.dump; new_viruses_ids requires separate remapping.,include_eukaryotic,freshwater (s); invertebrates (s); plants; plants (s); soil (s),Riboviria,Orthornavirae,Lenarviricota,Miaviricetes,Ourlivirales,ssRNA(+),RNA,27,True
Host Taxon Predictor,Papillomaviridae,N,1,input_original/manual_downloads/HostTaxonPredictor/supplementary_materials/datasets/all_viruses_with_desired_attributes.dump,Papillomaviridae,current_family_from_lineage; exact_current_family,confirmed_from_audited_mapping_table,Family-level presence from audited Host Taxon Predictor record-to-family mapping of the raw release. The main learn/test and extension learn/test GI split files were verified as represented in all_viruses_with_desired_attributes.dump; new_viruses_ids requires separate remapping.,include_eukaryotic,vertebrates,Floreoviria,Shotokuvirae,Cossaviricota,Papovaviricetes,Zurhausenvirales,dsDNA,DNA,133,True
Host Taxon Predictor,Paramyxoviridae,N,1,input_original/manual_downloads/HostTaxonPredictor/supplementary_materials/datasets/all_viruses_with_desired_attributes.dump,Paramyxoviridae,current_family_from_lineage; exact_current_family,confirmed_from_audited_mapping_table,Family-level presence from audited Host Taxon Predictor record-to-family mapping of the raw release. The main learn/test and extension learn/test GI split files were verified as represented in all_viruses_with_desired_attributes.dump; new_viruses_ids requires separate remapping.,include_eukaryotic,vertebrates,Riboviria,Orthornavirae,Negarnaviricota,Monjiviricetes,Mononegavirales,ssRNA(-),RNA,153,True
Host Taxon Predictor,Partitiviridae,N,1,input_original/manual_downloads/HostTaxonPredictor/supplementary_materials/datasets/all_viruses_with_desired_attributes.dump,Partitiviridae,current_family_from_lineage; exact_current_family,confirmed_from_audited_mapping_table,Family-level presence from audited Host Taxon Predictor record-to-family mapping of the raw release. The main learn/test and extension learn/test GI split files were verified as represented in all_viruses_with_desired_attributes.dump; new_viruses_ids requires separate remapping.,include_eukaryotic,fungi; plants; protists,Riboviria,Orthornavirae,Pisuviricota,Duplopiviricetes,Durnavirales,dsRNA,RNA,45,True
Host Taxon Predictor,Parvoviridae,N,1,input_original/manual_downloads/HostTaxonPredictor/supplementary_materials/datasets/all_viruses_with_desired_attributes.dump,Parvoviridae,current_family_from_lineage; exact_current_family,confirmed_from_audited_mapping_table,Family-level presence from audited Host Taxon Predictor record-to-family mapping of the raw release. The main learn/test and extension learn/test GI split files were verified as represented in all_viruses_with_desired_attributes.dump; new_viruses_ids requires separate remapping.,include_eukaryotic,"invertebrates; invertebrates, vertebrates; vertebrates",Floreoviria,Shotokuvirae,Cossaviricota,Quintoviricetes,Piccovirales,ssDNA; ssDNA(+/-),DNA,281,True
Host Taxon Predictor,Peribunyaviridae,N,1,input_original/manual_downloads/HostTaxonPredictor/supplementary_materials/datasets/all_viruses_with_desired_attributes.dump,Peribunyaviridae,current_family_from_lineage; exact_current_family,confirmed_from_audited_mapping_table,Family-level presence from audited Host Taxon Predictor record-to-family mapping of the raw release. The main learn/test and extension learn/test GI split files were verified as represented in all_viruses_with_desired_attributes.dump; new_viruses_ids requires separate remapping.,include_eukaryotic,"invertebrates; invertebrates, vertebrates; vertebrates",Riboviria,Orthornavirae,Negarnaviricota,Bunyaviricetes,Elliovirales,ssRNA(-),RNA,152,True
Host Taxon Predictor,Phasmaviridae,N,1,input_original/manual_downloads/HostTaxonPredictor/supplementary_materials/datasets/all_viruses_with_desired_attributes.dump,Phasmaviridae,exact_current_family,confirmed_from_audited_mapping_table,Family-level presence from audited Host Taxon Predictor record-to-family mapping of the raw release. The main learn/test and extension learn/test GI split files were verified as represented in all_viruses_with_desired_attributes.dump; new_viruses_ids requires separate remapping.,include_eukaryotic,invertebrates; invertebrates (s),Riboviria,Orthornavirae,Negarnaviricota,Bunyaviricetes,Elliovirales,ssRNA; ssRNA(-),RNA,34,True
Host Taxon Predictor,Phenuiviridae,N,1,input_original/manual_downloads/HostTaxonPredictor/supplementary_materials/datasets/all_viruses_with_desired_attributes.dump,Phenuiviridae,current_family_from_lineage; exact_current_family,confirmed_from_audited_mapping_table,Family-level presence from audited Host Taxon Predictor record-to-family mapping of the raw release. The main learn/test and extension learn/test GI split files were verified as represented in all_viruses_with_desired_attributes.dump; new_viruses_ids requires separate remapping.,include_eukaryotic,"fungi; invertebrates; invertebrates, plants; invertebrates, vertebrates; plants; protists; soil (s); vertebrates",Riboviria,Orthornavirae,Negarnaviricota,Bunyaviricetes,Hareavirales,ssRNA(+/-); ssRNA(-),RNA,223,True
Host Taxon Predictor,Picornaviridae,N,1,input_original/manual_downloads/HostTaxonPredictor/supplementary_materials/datasets/all_viruses_with_desired_attributes.dump,Picornaviridae,exact_current_family,confirmed_from_audited_mapping_table,Family-level presence from audited Host Taxon Predictor record-to-family mapping of the raw release. The main learn/test and extension learn/test GI split files were verified as represented in all_viruses_with_desired_attributes.dump; new_viruses_ids requires separate remapping.,include_eukaryotic,vertebrates,Riboviria,Orthornavirae,Pisuviricota,Pisoniviricetes,Picornavirales,ssRNA(+),RNA,159,True
Host Taxon Predictor,Pneumoviridae,N,1,input_original/manual_downloads/HostTaxonPredictor/supplementary_materials/datasets/all_viruses_with_desired_attributes.dump,Pneumoviridae,exact_current_family,confirmed_from_audited_mapping_table,Family-level presence from audited Host Taxon Predictor record-to-family mapping of the raw release. The main learn/test and extension learn/test GI split files were verified as represented in all_viruses_with_desired_attributes.dump; new_viruses_ids requires separate remapping.,include_eukaryotic,vertebrates,Riboviria,Orthornavirae,Negarnaviricota,Monjiviricetes,Mononegavirales,ssRNA(-),RNA,5,True
Host Taxon Predictor,Polydnaviriformidae,N,1,input_original/manual_downloads/HostTaxonPredictor/supplementary_materials/datasets/all_viruses_with_desired_attributes.dump,Polydnaviriformidae,unique_historical_family_alias,confirmed_from_audited_mapping_table,Family-level presence from audited Host Taxon Predictor record-to-family mapping of the raw release. The main learn/test and extension learn/test GI split files were verified as represented in all_viruses_with_desired_attributes.dump; new_viruses_ids requires separate remapping.,include_eukaryotic,invertebrates,,,,,,dsDNA,DNA,53,False
Host Taxon Predictor,Polyomaviridae,N,1,input_original/manual_downloads/HostTaxonPredictor/supplementary_materials/datasets/all_viruses_with_desired_attributes.dump,Polyomaviridae,current_family_from_lineage; exact_current_family,confirmed_from_audited_mapping_table,Family-level presence from audited Host Taxon Predictor record-to-family mapping of the raw release. The main learn/test and extension learn/test GI split files were verified as represented in all_viruses_with_desired_attributes.dump; new_viruses_ids requires separate remapping.,include_eukaryotic,vertebrates,Floreoviria,Shotokuvirae,Cossaviricota,Papovaviricetes,Sepolyvirales,dsDNA,DNA,122,True
Host Taxon Predictor,Potyviridae,N,1,input_original/manual_downloads/HostTaxonPredictor/supplementary_materials/datasets/all_viruses_with_desired_attributes.dump,Potyviridae,exact_current_family,confirmed_from_audited_mapping_table,Family-level presence from audited Host Taxon Predictor record-to-family mapping of the raw release. The main learn/test and extension learn/test GI split files were verified as represented in all_viruses_with_desired_attributes.dump; new_viruses_ids requires separate remapping.,include_eukaryotic,plants,Riboviria,Orthornavirae,Pisuviricota,Stelpaviricetes,Patatavirales,ssRNA(+),RNA,264,True
Host Taxon Predictor,Poxviridae,N,1,input_original/manual_downloads/HostTaxonPredictor/supplementary_materials/datasets/all_viruses_with_desired_attributes.dump,Poxviridae,exact_current_family,confirmed_from_audited_mapping_table,Family-level presence from audited Host Taxon Predictor record-to-family mapping of the raw release. The main learn/test and extension learn/test GI split files were verified as represented in all_viruses_with_desired_attributes.dump; new_viruses_ids requires separate remapping.,include_eukaryotic,invertebrates; vertebrates,Varidnaviria,Bamfordvirae,Nucleocytoviricota,Pokkesviricetes,Chitovirales,dsDNA,DNA,56,True
Host Taxon Predictor,Pseudototiviridae,N,1,input_original/manual_downloads/HostTaxonPredictor/supplementary_materials/datasets/all_viruses_with_desired_attributes.dump,Pseudototiviridae,current_family_from_lineage_genus,confirmed_from_audited_mapping_table,Family-level presence from audited Host Taxon Predictor record-to-family mapping of the raw release. The main learn/test and extension learn/test GI split files were verified as represented in all_viruses_with_desired_attributes.dump; new_viruses_ids requires separate remapping.,include_eukaryotic,fungi; protists; vertebrates,Riboviria,Orthornavirae,Duplornaviricota,Chrymotiviricetes,Ghabrivirales,dsRNA,RNA,46,True
Host Taxon Predictor,Quadriviridae,N,1,input_original/manual_downloads/HostTaxonPredictor/supplementary_materials/datasets/all_viruses_with_desired_attributes.dump,Quadriviridae,exact_current_family,confirmed_from_audited_mapping_table,Family-level presence from audited Host Taxon Predictor record-to-family mapping of the raw release. The main learn/test and extension learn/test GI split files were verified as represented in all_viruses_with_desired_attributes.dump; new_viruses_ids requires separate remapping.,include_eukaryotic,fungi,Riboviria,Orthornavirae,Duplornaviricota,Chrymotiviricetes,Ghabrivirales,dsRNA,RNA,3,True
Host Taxon Predictor,Retroviridae,N,1,input_original/manual_downloads/HostTaxonPredictor/supplementary_materials/datasets/all_viruses_with_desired_attributes.dump,Retroviridae,exact_current_family,confirmed_from_audited_mapping_table,Family-level presence from audited Host Taxon Predictor record-to-family mapping of the raw release. The main learn/test and extension learn/test GI split files were verified as represented in all_viruses_with_desired_attributes.dump; new_viruses_ids requires separate remapping.,include_eukaryotic,vertebrates,Riboviria,Pararnavirae,Artverviricota,Revtraviricetes,Ortervirales,ssRNA-RT,Reverse-transcribing,65,True
Host Taxon Predictor,Rhabdoviridae,N,1,input_original/manual_downloads/HostTaxonPredictor/supplementary_materials/datasets/all_viruses_with_desired_attributes.dump,Rhabdoviridae,current_family_from_lineage; exact_current_family,confirmed_from_audited_mapping_table,Family-level presence from audited Host Taxon Predictor record-to-family mapping of the raw release. The main learn/test and extension learn/test GI split files were verified as represented in all_viruses_with_desired_attributes.dump; new_viruses_ids requires separate remapping.,include_eukaryotic,"freshwater (s); invertebrates; invertebrates (s); invertebrates, plants; invertebrates, vertebrates; plants; soil (s); unknown (s); vertebrates",Riboviria,Orthornavirae,Negarnaviricota,Monjiviricetes,Mononegavirales,ssRNA(-),RNA,615,True
Host Taxon Predictor,Roniviridae,N,1,input_original/manual_downloads/HostTaxonPredictor/supplementary_materials/datasets/all_viruses_with_desired_attributes.dump,Roniviridae,exact_current_family,confirmed_from_audited_mapping_table,Family-level presence from audited Host Taxon Predictor record-to-family mapping of the raw release. The main learn/test and extension learn/test GI split files were verified as represented in all_viruses_with_desired_attributes.dump; new_viruses_ids requires separate remapping.,include_eukaryotic,invertebrates,Riboviria,Orthornavirae,Pisuviricota,Pisoniviricetes,Nidovirales,ssRNA(+),RNA,4,True
Host Taxon Predictor,Secoviridae,N,1,input_original/manual_downloads/HostTaxonPredictor/supplementary_materials/datasets/all_viruses_with_desired_attributes.dump,Secoviridae,current_family_from_lineage; exact_current_family,confirmed_from_audited_mapping_table,Family-level presence from audited Host Taxon Predictor record-to-family mapping of the raw release. The main learn/test and extension learn/test GI split files were verified as represented in all_viruses_with_desired_attributes.dump; new_viruses_ids requires separate remapping.,include_eukaryotic,phytobiome (s); plants,Riboviria,Orthornavirae,Pisuviricota,Pisoniviricetes,Picornavirales,ssRNA(+),RNA,215,True
Host Taxon Predictor,Sedoreoviridae,N,1,input_original/manual_downloads/HostTaxonPredictor/supplementary_materials/datasets/all_viruses_with_desired_attributes.dump,Sedoreoviridae,current_family_from_lineage_genus,confirmed_from_audited_mapping_table,Family-level presence from audited Host Taxon Predictor record-to-family mapping of the raw release. The main learn/test and extension learn/test GI split files were verified as represented in all_viruses_with_desired_attributes.dump; new_viruses_ids requires separate remapping.,include_eukaryotic,"invertebrates; invertebrates, plants; invertebrates, vertebrates; protists; vertebrates",Riboviria,Orthornavirae,Duplornaviricota,Resentoviricetes,Reovirales,dsRNA,RNA,45,True
Host Taxon Predictor,Sinhaliviridae,N,1,input_original/manual_downloads/HostTaxonPredictor/supplementary_materials/datasets/all_viruses_with_desired_attributes.dump,Sinhaliviridae,current_family_from_lineage_genus,confirmed_from_audited_mapping_table,Family-level presence from audited Host Taxon Predictor record-to-family mapping of the raw release. The main learn/test and extension learn/test GI split files were verified as represented in all_viruses_with_desired_attributes.dump; new_viruses_ids requires separate remapping.,include_eukaryotic,invertebrates,Riboviria,Orthornavirae,Kitrinoviricota,Magsaviricetes,Nodamuvirales,ssRNA(+),RNA,2,True
Host Taxon Predictor,Solemoviridae,N,1,input_original/manual_downloads/HostTaxonPredictor/supplementary_materials/datasets/all_viruses_with_desired_attributes.dump,Solemoviridae,current_family_from_lineage_genus,confirmed_from_audited_mapping_table,Family-level presence from audited Host Taxon Predictor record-to-family mapping of the raw release. The main learn/test and extension learn/test GI split files were verified as represented in all_viruses_with_desired_attributes.dump; new_viruses_ids requires separate remapping.,include_eukaryotic,fungi; plants,Riboviria,Orthornavirae,Pisuviricota,Pisoniviricetes,Sobelivirales,ssRNA(+),RNA,148,True
Host Taxon Predictor,Solinviviridae,N,1,input_original/manual_downloads/HostTaxonPredictor/supplementary_materials/datasets/all_viruses_with_desired_attributes.dump,Solinviviridae,current_family_from_lineage_genus,confirmed_from_audited_mapping_table,Family-level presence from audited Host Taxon Predictor record-to-family mapping of the raw release. The main learn/test and extension learn/test GI split files were verified as represented in all_viruses_with_desired_attributes.dump; new_viruses_ids requires separate remapping.,include_eukaryotic,invertebrates,Riboviria,Orthornavirae,Pisuviricota,Pisoniviricetes,Picornavirales,ssRNA(+),RNA,2,True
Host Taxon Predictor,Spinareoviridae,N,1,input_original/manual_downloads/HostTaxonPredictor/supplementary_materials/datasets/all_viruses_with_desired_attributes.dump,Spinareoviridae,current_family_from_lineage_genus,confirmed_from_audited_mapping_table,Family-level presence from audited Host Taxon Predictor record-to-family mapping of the raw release. The main learn/test and extension learn/test GI split files were verified as represented in all_viruses_with_desired_attributes.dump; new_viruses_ids requires separate remapping.,include_eukaryotic,"fungi; invertebrates; invertebrates, plants; invertebrates, vertebrates; vertebrates",Riboviria,Orthornavirae,Duplornaviricota,Resentoviricetes,Reovirales,dsRNA,RNA,59,True
Host Taxon Predictor,Sunviridae,N,1,input_original/manual_downloads/HostTaxonPredictor/supplementary_materials/datasets/all_viruses_with_desired_attributes.dump,Sunviridae,exact_current_family,confirmed_from_audited_mapping_table,Family-level presence from audited Host Taxon Predictor record-to-family mapping of the raw release. The main learn/test and extension learn/test GI split files were verified as represented in all_viruses_with_desired_attributes.dump; new_viruses_ids requires separate remapping.,include_eukaryotic,vertebrates,Riboviria,Orthornavirae,Negarnaviricota,Monjiviricetes,Mononegavirales,ssRNA(-),RNA,1,True
Host Taxon Predictor,Togaviridae,N,1,input_original/manual_downloads/HostTaxonPredictor/supplementary_materials/datasets/all_viruses_with_desired_attributes.dump,Togaviridae,exact_current_family,confirmed_from_audited_mapping_table,Family-level presence from audited Host Taxon Predictor record-to-family mapping of the raw release. The main learn/test and extension learn/test GI split files were verified as represented in all_viruses_with_desired_attributes.dump; new_viruses_ids requires separate remapping.,include_eukaryotic,"invertebrates; invertebrates, vertebrates; vertebrates",Riboviria,Orthornavirae,Kitrinoviricota,Alsuviricetes,Martellivirales,ssRNA(+),RNA,32,True
Host Taxon Predictor,Tolecusatellitidae,N,1,input_original/manual_downloads/HostTaxonPredictor/supplementary_materials/datasets/all_viruses_with_desired_attributes.dump,Tolecusatellitidae,current_family_from_lineage,confirmed_from_audited_mapping_table,Family-level presence from audited Host Taxon Predictor record-to-family mapping of the raw release. The main learn/test and extension learn/test GI split files were verified as represented in all_viruses_with_desired_attributes.dump; new_viruses_ids requires separate remapping.,include_eukaryotic,plants,,,,,,ssDNA; ssDNA(+/-); ssDNA(-),DNA,133,False
Host Taxon Predictor,Tombusviridae,N,1,input_original/manual_downloads/HostTaxonPredictor/supplementary_materials/datasets/all_viruses_with_desired_attributes.dump,Tombusviridae,current_family_from_lineage_genus; exact_current_family,confirmed_from_audited_mapping_table,Family-level presence from audited Host Taxon Predictor record-to-family mapping of the raw release. The main learn/test and extension learn/test GI split files were verified as represented in all_viruses_with_desired_attributes.dump; new_viruses_ids requires separate remapping.,include_eukaryotic,fungi; invertebrates (s); plants; plants (s); vertebrates,Riboviria,Orthornavirae,Kitrinoviricota,Tolucaviricetes,Tolivirales,ssRNA(+),RNA,102,True
Host Taxon Predictor,Tospoviridae,N,1,input_original/manual_downloads/HostTaxonPredictor/supplementary_materials/datasets/all_viruses_with_desired_attributes.dump,Tospoviridae,exact_current_family,confirmed_from_audited_mapping_table,Family-level presence from audited Host Taxon Predictor record-to-family mapping of the raw release. The main learn/test and extension learn/test GI split files were verified as represented in all_viruses_with_desired_attributes.dump; new_viruses_ids requires separate remapping.,include_eukaryotic,"invertebrates, plants",Riboviria,Orthornavirae,Negarnaviricota,Bunyaviricetes,Elliovirales,ssRNA(+/-),RNA,36,True
Host Taxon Predictor,Tymoviridae,N,1,input_original/manual_downloads/HostTaxonPredictor/supplementary_materials/datasets/all_viruses_with_desired_attributes.dump,Tymoviridae,current_family_from_lineage; exact_current_family,confirmed_from_audited_mapping_table,Family-level presence from audited Host Taxon Predictor record-to-family mapping of the raw release. The main learn/test and extension learn/test GI split files were verified as represented in all_viruses_with_desired_attributes.dump; new_viruses_ids requires separate remapping.,include_eukaryotic,plants,Riboviria,Orthornavirae,Kitrinoviricota,Alsuviricetes,Tymovirales,ssDNA(+/-); ssRNA(+),Mixed/unknown,43,True
Host Taxon Predictor,Virgaviridae,N,1,input_original/manual_downloads/HostTaxonPredictor/supplementary_materials/datasets/all_viruses_with_desired_attributes.dump,Virgaviridae,current_family_from_lineage; exact_current_family,confirmed_from_audited_mapping_table,Family-level presence from audited Host Taxon Predictor record-to-family mapping of the raw release. The main learn/test and extension learn/test GI split files were verified as represented in all_viruses_with_desired_attributes.dump; new_viruses_ids requires separate remapping.,include_eukaryotic,plants,Riboviria,Orthornavirae,Kitrinoviricota,Alsuviricetes,Martellivirales,ssRNA(+),RNA,59,True
HostNet,Flaviviridae,N,9623,input_original/public_sources/hostnet/hostnet/datasets/Flavivirus,Flavivirus task dataset,explicit_task_dataset_identity_to_current_family,confirmed_from_structured_dataset,Family-level presence inferred from HostNet Flavivirus task dataset identity; row count sums X_train/X_val/X_test records.,include_eukaryotic,"invertebrates; invertebrates, vertebrates; vertebrates",Riboviria,Orthornavirae,Kitrinoviricota,Flasuviricetes,Amarillovirales,ssRNA(+),RNA,61,True
HostNet,Rhabdoviridae,N,11682,input_original/public_sources/hostnet/hostnet/datasets/Rabies,Rabies lyssavirus task dataset,explicit_task_dataset_identity_to_current_family,confirmed_from_structured_dataset,Family-level presence inferred from HostNet Rabies task dataset identity; row count sums X_train/X_val/X_test records.,include_eukaryotic,"freshwater (s); invertebrates; invertebrates (s); invertebrates, plants; invertebrates, vertebrates; plants; soil (s); unknown (s); vertebrates",Riboviria,Orthornavirae,Negarnaviricota,Monjiviricetes,Mononegavirales,ssRNA(-),RNA,615,True
MENB,Arteriviridae,N,30,input_original/manual_downloads/MENB/DatasetsSpecifications/New Viruses/Arteriviridae/Swine1.csv; input_original/manual_downloads/MENB/DatasetsSpecifications/New Viruses/Arteriviridae/Swine2.csv; input_original/manual_downloads/MENB/DatasetsSpecifications/New Viruses/Arteriviridae/Swine3.csv,Arteriviridae,explicit_task_dataset_identity_to_current_family,confirmed_from_structured_dataset,Family-level presence inferred from MENB task dataset identity; row count sums listed CSV records across available train/test task partitions. Generic MENB-H pooled host-model files are not counted here because family identity is not encoded in their paths and would require separate accession-level remapping.,include_eukaryotic,vertebrates,Riboviria,Orthornavirae,Pisuviricota,Pisoniviricetes,Nidovirales,ssRNA(+),RNA,23,True
MENB,Caliciviridae,N,30,input_original/manual_downloads/MENB/DatasetsSpecifications/New Viruses/Calicivirus/Test/Avian.csv; input_original/manual_downloads/MENB/DatasetsSpecifications/New Viruses/Calicivirus/Test/Human.csv; input_original/manual_downloads/MENB/DatasetsSpecifications/New Viruses/Calicivirus/Test/Swine.csv,Caliciviridae,explicit_task_dataset_identity_to_current_family,confirmed_from_structured_dataset,Family-level presence inferred from MENB task dataset identity; row count sums listed CSV records across available train/test task partitions. Generic MENB-H pooled host-model files are not counted here because family identity is not encoded in their paths and would require separate accession-level remapping.,include_eukaryotic,vertebrates,Riboviria,Orthornavirae,Pisuviricota,Pisoniviricetes,Picornavirales,ssRNA(+),RNA,12,True
MENB,Coronaviridae,N,1670,"input_original/manual_downloads/MENB/DatasetsSpecifications/MENB-H|V&H,V/Corona; input_original/manual_downloads/MENB/DatasetsSpecifications/New Hosts/Corona/Test; input_original/manual_downloads/MENB/DatasetsSpecifications/Test sets 20 Corona-Orthomyxo/Corona/Test; input_original/manual_downloads/MENB/DatasetsSpecifications/Dataset 90 seqs Corona/Full Train Anlaysis; input_original/manual_downloads/MENB/DatasetsSpecifications/Dataset 90 seqs Corona/Non overlapping for Training and Tests",Coronaviridae,explicit_task_dataset_identity_to_current_family,confirmed_from_structured_dataset,Family-level presence inferred from MENB task dataset identity; row count sums listed CSV records across available train/test task partitions. Generic MENB-H pooled host-model files are not counted here because family identity is not encoded in their paths and would require separate accession-level remapping.,include_eukaryotic,vertebrates,Riboviria,Orthornavirae,Pisuviricota,Pisoniviricetes,Nidovirales,ssRNA(+),RNA,54,True
MENB,Flaviviridae,N,1365,"input_original/manual_downloads/MENB/DatasetsSpecifications/MENB-H|V&H,V/Flavi; input_original/manual_downloads/MENB/DatasetsSpecifications/New Hosts/Flavi/Test",Flaviviridae,explicit_task_dataset_identity_to_current_family,confirmed_from_structured_dataset,Family-level presence inferred from MENB task dataset identity; row count sums listed CSV records across available train/test task partitions. Generic MENB-H pooled host-model files are not counted here because family identity is not encoded in their paths and would require separate accession-level remapping.,include_eukaryotic,"invertebrates; invertebrates, vertebrates; vertebrates",Riboviria,Orthornavirae,Kitrinoviricota,Flasuviricetes,Amarillovirales,ssRNA(+),RNA,61,True
MENB,Orthomyxoviridae,N,1385,"input_original/manual_downloads/MENB/DatasetsSpecifications/MENB-H|V&H,V/Orthomyxo; input_original/manual_downloads/MENB/DatasetsSpecifications/New Hosts/Orthomyxo/Test; input_original/manual_downloads/MENB/DatasetsSpecifications/Test sets 20 Corona-Orthomyxo/Orthomyxo/Test",Orthomyxoviridae,explicit_task_dataset_identity_to_current_family,confirmed_from_structured_dataset,Family-level presence inferred from MENB task dataset identity; row count sums listed CSV records across available train/test task partitions. Generic MENB-H pooled host-model files are not counted here because family identity is not encoded in their paths and would require separate accession-level remapping.,include_eukaryotic,"invertebrates; invertebrates, vertebrates; vertebrates",Riboviria,Orthornavirae,Negarnaviricota,Insthoviricetes,Articulavirales,ssRNA(-),RNA,21,True
MENB,Paramyxoviridae,N,30,input_original/manual_downloads/MENB/DatasetsSpecifications/New Viruses/Paramyxoviridae/Avian1.csv; input_original/manual_downloads/MENB/DatasetsSpecifications/New Viruses/Paramyxoviridae/Avian2.csv; input_original/manual_downloads/MENB/DatasetsSpecifications/New Viruses/Paramyxoviridae/Avian3.csv,Paramyxoviridae,explicit_task_dataset_identity_to_current_family,confirmed_from_structured_dataset,Family-level presence inferred from MENB task dataset identity; row count sums listed CSV records across available train/test task partitions. Generic MENB-H pooled host-model files are not counted here because family identity is not encoded in their paths and would require separate accession-level remapping.,include_eukaryotic,vertebrates,Riboviria,Orthornavirae,Negarnaviricota,Monjiviricetes,Mononegavirales,ssRNA(-),RNA,153,True
MENB,Picornaviridae,N,1365,"input_original/manual_downloads/MENB/DatasetsSpecifications/MENB-H|V&H,V/Picorna; input_original/manual_downloads/MENB/DatasetsSpecifications/New Hosts/Picorna/Test",Picornaviridae,explicit_task_dataset_identity_to_current_family,confirmed_from_structured_dataset,Family-level presence inferred from MENB task dataset identity; row count sums listed CSV records across available train/test task partitions. Generic MENB-H pooled host-model files are not counted here because family identity is not encoded in their paths and would require separate accession-level remapping.,include_eukaryotic,vertebrates,Riboviria,Orthornavirae,Pisuviricota,Pisoniviricetes,Picornavirales,ssRNA(+),RNA,159,True
MENB,Rhabdoviridae,N,30,input_original/manual_downloads/MENB/DatasetsSpecifications/New Viruses/Rabhdoviridae/Human1.csv; input_original/manual_downloads/MENB/DatasetsSpecifications/New Viruses/Rabhdoviridae/Human2.csv; input_original/manual_downloads/MENB/DatasetsSpecifications/New Viruses/Rabhdoviridae/Human3.csv,Rhabdoviridae,explicit_task_dataset_identity_to_current_family,confirmed_from_structured_dataset,Family-level presence inferred from MENB task dataset identity; row count sums listed CSV records across available train/test task partitions. Generic MENB-H pooled host-model files are not counted here because family identity is not encoded in their paths and would require separate accession-level remapping.,include_eukaryotic,"freshwater (s); invertebrates; invertebrates (s); invertebrates, plants; invertebrates, vertebrates; plants; soil (s); unknown (s); vertebrates",Riboviria,Orthornavirae,Negarnaviricota,Monjiviricetes,Mononegavirales,ssRNA(-),RNA,615,True
MosViR,Alphatetraviridae,N,4,input_original/manual_downloads/MosViR/article_supplement/unpacked/SM_TableS1_Andrade_et_al_2024.xlsx,Alphatetraviridae,exact_current_family_token_in_virus_lineage,confirmed_from_audited_mapping_table,Deduplicated union of current ICTV families across unique virus TaxIDs in MosViR Supplementary Table S1. Host-association rows and 500 bp fragments are not counted as independent taxa; source counts sum source rows from the audited mapping table.,include_eukaryotic,invertebrates,Riboviria,Orthornavirae,Kitrinoviricota,Alsuviricetes,Hepelivirales,ssRNA(+),RNA,10,True
MosViR,Anelloviridae,N,4,input_original/manual_downloads/MosViR/article_supplement/unpacked/SM_TableS1_Andrade_et_al_2024.xlsx,Anelloviridae,exact_current_family_token_in_virus_lineage,confirmed_from_audited_mapping_table,Deduplicated union of current ICTV families across unique virus TaxIDs in MosViR Supplementary Table S1. Host-association rows and 500 bp fragments are not counted as independent taxa; source counts sum source rows from the audited mapping table.,include_eukaryotic,invertebrates; vertebrates,Floreoviria,Shotokuvirae,Commensaviricota,Cardeaviricetes,Sanitavirales,ssDNA(+/-); ssDNA(-),DNA,243,True
MosViR,Artiviridae,N,2,input_original/manual_downloads/MosViR/article_supplement/unpacked/SM_TableS1_Andrade_et_al_2024.xlsx,Artiviridae,exact_or_versionless_accession_match_to_VMR:AB555544; exact_or_versionless_accession_match_to_VMR:EU715328,confirmed_from_audited_mapping_table,Deduplicated union of current ICTV families across unique virus TaxIDs in MosViR Supplementary Table S1. Host-association rows and 500 bp fragments are not counted as independent taxa; source counts sum source rows from the audited mapping table.,include_eukaryotic,invertebrates,Riboviria,Orthornavirae,Duplornaviricota,Chrymotiviricetes,Ghabrivirales,dsRNA,RNA,9,True
MosViR,Asfarviridae,N,9,input_original/manual_downloads/MosViR/article_supplement/unpacked/SM_TableS1_Andrade_et_al_2024.xlsx,Asfarviridae,exact_current_family_token_in_virus_lineage,confirmed_from_audited_mapping_table,Deduplicated union of current ICTV families across unique virus TaxIDs in MosViR Supplementary Table S1. Host-association rows and 500 bp fragments are not counted as independent taxa; source counts sum source rows from the audited mapping table.,include_eukaryotic,"invertebrates, vertebrates",Varidnaviria,Bamfordvirae,Nucleocytoviricota,Pokkesviricetes,Asfuvirales,dsDNA,DNA,1,True
MosViR,Aspiviridae,N,1,input_original/manual_downloads/MosViR/article_supplement/unpacked/SM_TableS1_Andrade_et_al_2024.xlsx,Aspiviridae,exact_current_family_token_in_virus_lineage,confirmed_from_audited_mapping_table,Deduplicated union of current ICTV families across unique virus TaxIDs in MosViR Supplementary Table S1. Host-association rows and 500 bp fragments are not counted as independent taxa; source counts sum source rows from the audited mapping table.,include_eukaryotic,plants,Riboviria,Orthornavirae,Negarnaviricota,Milneviricetes,Naedrevirales,ssRNA(-),RNA,22,True
MosViR,Astroviridae,N,2,input_original/manual_downloads/MosViR/article_supplement/unpacked/SM_TableS1_Andrade_et_al_2024.xlsx,Astroviridae,exact_current_family_token_in_virus_lineage,confirmed_from_audited_mapping_table,Deduplicated union of current ICTV families across unique virus TaxIDs in MosViR Supplementary Table S1. Host-association rows and 500 bp fragments are not counted as independent taxa; source counts sum source rows from the audited mapping table.,include_eukaryotic,vertebrates,Riboviria,Orthornavirae,Pisuviricota,Stelpaviricetes,Stellavirales,ssRNA(+),RNA,31,True
MosViR,Birnaviridae,N,2,input_original/manual_downloads/MosViR/article_supplement/unpacked/SM_TableS1_Andrade_et_al_2024.xlsx,Birnaviridae,exact_current_family_token_in_virus_lineage,confirmed_from_audited_mapping_table,Deduplicated union of current ICTV families across unique virus TaxIDs in MosViR Supplementary Table S1. Host-association rows and 500 bp fragments are not counted as independent taxa; source counts sum source rows from the audited mapping table.,include_eukaryotic,invertebrates; vertebrates,Riboviria,Orthornavirae,,,,dsRNA,RNA,11,False
MosViR,Chrysoviridae,N,2,input_original/manual_downloads/MosViR/article_supplement/unpacked/SM_TableS1_Andrade_et_al_2024.xlsx,Chrysoviridae,exact_current_family_token_in_virus_lineage,confirmed_from_audited_mapping_table,Deduplicated union of current ICTV families across unique virus TaxIDs in MosViR Supplementary Table S1. Host-association rows and 500 bp fragments are not counted as independent taxa; source counts sum source rows from the audited mapping table.,include_eukaryotic,fungi; invertebrates (s); plants (s),Riboviria,Orthornavirae,Duplornaviricota,Chrymotiviricetes,Ghabrivirales,dsRNA,RNA,31,True
MosViR,Circoviridae,N,3,input_original/manual_downloads/MosViR/article_supplement/unpacked/SM_TableS1_Andrade_et_al_2024.xlsx,Circoviridae,exact_current_family_token_in_virus_lineage,confirmed_from_audited_mapping_table,Deduplicated union of current ICTV families across unique virus TaxIDs in MosViR Supplementary Table S1. Host-association rows and 500 bp fragments are not counted as independent taxa; source counts sum source rows from the audited mapping table.,include_eukaryotic,invertebrates; plants (s); vertebrates,Floreoviria,Shotokuvirae,Cressdnaviricota,Arfiviricetes,Cirlivirales,ssDNA; ssDNA(+/-),DNA,160,True
MosViR,Dicistroviridae,N,5,input_original/manual_downloads/MosViR/article_supplement/unpacked/SM_TableS1_Andrade_et_al_2024.xlsx,Dicistroviridae,exact_current_family_token_in_virus_lineage,confirmed_from_audited_mapping_table,Deduplicated union of current ICTV families across unique virus TaxIDs in MosViR Supplementary Table S1. Host-association rows and 500 bp fragments are not counted as independent taxa; source counts sum source rows from the audited mapping table.,include_eukaryotic,invertebrates,Riboviria,Orthornavirae,Pisuviricota,Pisoniviricetes,Picornavirales,ssRNA(+),RNA,16,True
MosViR,Flaviviridae,N,5361,input_original/manual_downloads/MosViR/article_supplement/unpacked/SM_TableS1_Andrade_et_al_2024.xlsx,Flaviviridae,exact_current_family_token_in_virus_lineage,confirmed_from_audited_mapping_table,Deduplicated union of current ICTV families across unique virus TaxIDs in MosViR Supplementary Table S1. Host-association rows and 500 bp fragments are not counted as independent taxa; source counts sum source rows from the audited mapping table.,include_eukaryotic,"invertebrates; invertebrates, vertebrates; vertebrates",Riboviria,Orthornavirae,Kitrinoviricota,Flasuviricetes,Amarillovirales,ssRNA(+),RNA,61,True
MosViR,Genomoviridae,N,1,input_original/manual_downloads/MosViR/article_supplement/unpacked/SM_TableS1_Andrade_et_al_2024.xlsx,Genomoviridae,exact_current_family_token_in_virus_lineage,confirmed_from_audited_mapping_table,Deduplicated union of current ICTV families across unique virus TaxIDs in MosViR Supplementary Table S1. Host-association rows and 500 bp fragments are not counted as independent taxa; source counts sum source rows from the audited mapping table.,include_eukaryotic,"fungi; invertebrates; invertebrates, vertebrates; plants; sewage (s); vertebrates",Floreoviria,Shotokuvirae,Cressdnaviricota,Repensiviricetes,Geplafuvirales,ssDNA(+/-),DNA,237,True
MosViR,Iflaviridae,N,4,input_original/manual_downloads/MosViR/article_supplement/unpacked/SM_TableS1_Andrade_et_al_2024.xlsx,Iflaviridae,exact_current_family_token_in_virus_lineage,confirmed_from_audited_mapping_table,Deduplicated union of current ICTV families across unique virus TaxIDs in MosViR Supplementary Table S1. Host-association rows and 500 bp fragments are not counted as independent taxa; source counts sum source rows from the audited mapping table.,include_eukaryotic,invertebrates,Riboviria,Orthornavirae,Pisuviricota,Pisoniviricetes,Picornavirales,ssRNA(+),RNA,16,True
MosViR,Iridoviridae,N,7,input_original/manual_downloads/MosViR/article_supplement/unpacked/SM_TableS1_Andrade_et_al_2024.xlsx,Iridoviridae,exact_current_family_token_in_virus_lineage,confirmed_from_audited_mapping_table,Deduplicated union of current ICTV families across unique virus TaxIDs in MosViR Supplementary Table S1. Host-association rows and 500 bp fragments are not counted as independent taxa; source counts sum source rows from the audited mapping table.,include_eukaryotic,invertebrates; vertebrates,Varidnaviria,Bamfordvirae,Nucleocytoviricota,Megaviricetes,Pimascovirales,dsDNA,DNA,23,True
MosViR,Mesoniviridae,N,61,input_original/manual_downloads/MosViR/article_supplement/unpacked/SM_TableS1_Andrade_et_al_2024.xlsx,Mesoniviridae,exact_current_family_token_in_virus_lineage,confirmed_from_audited_mapping_table,Deduplicated union of current ICTV families across unique virus TaxIDs in MosViR Supplementary Table S1. Host-association rows and 500 bp fragments are not counted as independent taxa; source counts sum source rows from the audited mapping table.,include_eukaryotic,invertebrates,Riboviria,Orthornavirae,Pisuviricota,Pisoniviricetes,Nidovirales,ssRNA(+),RNA,14,True
MosViR,Nairoviridae,N,1,input_original/manual_downloads/MosViR/article_supplement/unpacked/SM_TableS1_Andrade_et_al_2024.xlsx,Nairoviridae,exact_current_family_token_in_virus_lineage,confirmed_from_audited_mapping_table,Deduplicated union of current ICTV families across unique virus TaxIDs in MosViR Supplementary Table S1. Host-association rows and 500 bp fragments are not counted as independent taxa; source counts sum source rows from the audited mapping table.,include_eukaryotic,"invertebrates; invertebrates, vertebrates; vertebrates",Riboviria,Orthornavirae,Negarnaviricota,Bunyaviricetes,Hareavirales,ssRNA(-),RNA,60,True
MosViR,Narnaviridae,N,1,input_original/manual_downloads/MosViR/article_supplement/unpacked/SM_TableS1_Andrade_et_al_2024.xlsx,Narnaviridae,exact_current_family_token_in_virus_lineage,confirmed_from_audited_mapping_table,Deduplicated union of current ICTV families across unique virus TaxIDs in MosViR Supplementary Table S1. Host-association rows and 500 bp fragments are not counted as independent taxa; source counts sum source rows from the audited mapping table.,include_eukaryotic,fungi,Riboviria,Orthornavirae,Lenarviricota,Amabiliviricetes,Wolframvirales,ssRNA(+),RNA,2,True
MosViR,Nodaviridae,N,18,input_original/manual_downloads/MosViR/article_supplement/unpacked/SM_TableS1_Andrade_et_al_2024.xlsx,Nodaviridae,exact_current_family_token_in_virus_lineage,confirmed_from_audited_mapping_table,Deduplicated union of current ICTV families across unique virus TaxIDs in MosViR Supplementary Table S1. Host-association rows and 500 bp fragments are not counted as independent taxa; source counts sum source rows from the audited mapping table.,include_eukaryotic,invertebrates; vertebrates,Riboviria,Orthornavirae,Kitrinoviricota,Magsaviricetes,Nodamuvirales,ssRNA(+),RNA,9,True
MosViR,Orthomyxoviridae,N,9,input_original/manual_downloads/MosViR/article_supplement/unpacked/SM_TableS1_Andrade_et_al_2024.xlsx,Orthomyxoviridae,exact_current_family_token_in_virus_lineage,confirmed_from_audited_mapping_table,Deduplicated union of current ICTV families across unique virus TaxIDs in MosViR Supplementary Table S1. Host-association rows and 500 bp fragments are not counted as independent taxa; source counts sum source rows from the audited mapping table.,include_eukaryotic,"invertebrates; invertebrates, vertebrates; vertebrates",Riboviria,Orthornavirae,Negarnaviricota,Insthoviricetes,Articulavirales,ssRNA(-),RNA,21,True
MosViR,Partitiviridae,N,1,input_original/manual_downloads/MosViR/article_supplement/unpacked/SM_TableS1_Andrade_et_al_2024.xlsx,Partitiviridae,exact_current_family_token_in_virus_lineage,confirmed_from_audited_mapping_table,Deduplicated union of current ICTV families across unique virus TaxIDs in MosViR Supplementary Table S1. Host-association rows and 500 bp fragments are not counted as independent taxa; source counts sum source rows from the audited mapping table.,include_eukaryotic,fungi; plants; protists,Riboviria,Orthornavirae,Pisuviricota,Duplopiviricetes,Durnavirales,dsRNA,RNA,45,True
MosViR,Parvoviridae,N,4,input_original/manual_downloads/MosViR/article_supplement/unpacked/SM_TableS1_Andrade_et_al_2024.xlsx,Parvoviridae,exact_current_family_token_in_virus_lineage,confirmed_from_audited_mapping_table,Deduplicated union of current ICTV families across unique virus TaxIDs in MosViR Supplementary Table S1. Host-association rows and 500 bp fragments are not counted as independent taxa; source counts sum source rows from the audited mapping table.,include_eukaryotic,"invertebrates; invertebrates, vertebrates; vertebrates",Floreoviria,Shotokuvirae,Cossaviricota,Quintoviricetes,Piccovirales,ssDNA; ssDNA(+/-),DNA,281,True
MosViR,Peribunyaviridae,N,333,input_original/manual_downloads/MosViR/article_supplement/unpacked/SM_TableS1_Andrade_et_al_2024.xlsx,Peribunyaviridae,exact_current_family_token_in_virus_lineage,confirmed_from_audited_mapping_table,Deduplicated union of current ICTV families across unique virus TaxIDs in MosViR Supplementary Table S1. Host-association rows and 500 bp fragments are not counted as independent taxa; source counts sum source rows from the audited mapping table.,include_eukaryotic,"invertebrates; invertebrates, vertebrates; vertebrates",Riboviria,Orthornavirae,Negarnaviricota,Bunyaviricetes,Elliovirales,ssRNA(-),RNA,152,True
MosViR,Permutotetraviridae,N,1,input_original/manual_downloads/MosViR/article_supplement/unpacked/SM_TableS1_Andrade_et_al_2024.xlsx,Permutotetraviridae,exact_current_family_token_in_virus_lineage,confirmed_from_audited_mapping_table,Deduplicated union of current ICTV families across unique virus TaxIDs in MosViR Supplementary Table S1. Host-association rows and 500 bp fragments are not counted as independent taxa; source counts sum source rows from the audited mapping table.,include_eukaryotic,invertebrates,Riboviria,Orthornavirae,,,,ssRNA(+),RNA,2,False
MosViR,Phasmaviridae,N,46,input_original/manual_downloads/MosViR/article_supplement/unpacked/SM_TableS1_Andrade_et_al_2024.xlsx,Phasmaviridae,exact_current_family_token_in_virus_lineage,confirmed_from_audited_mapping_table,Deduplicated union of current ICTV families across unique virus TaxIDs in MosViR Supplementary Table S1. Host-association rows and 500 bp fragments are not counted as independent taxa; source counts sum source rows from the audited mapping table.,include_eukaryotic,invertebrates; invertebrates (s),Riboviria,Orthornavirae,Negarnaviricota,Bunyaviricetes,Elliovirales,ssRNA; ssRNA(-),RNA,34,True
MosViR,Phenuiviridae,N,309,input_original/manual_downloads/MosViR/article_supplement/unpacked/SM_TableS1_Andrade_et_al_2024.xlsx,Phenuiviridae,exact_current_family_token_in_virus_lineage,confirmed_from_audited_mapping_table,Deduplicated union of current ICTV families across unique virus TaxIDs in MosViR Supplementary Table S1. Host-association rows and 500 bp fragments are not counted as independent taxa; source counts sum source rows from the audited mapping table.,include_eukaryotic,"fungi; invertebrates; invertebrates, plants; invertebrates, vertebrates; plants; protists; soil (s); vertebrates",Riboviria,Orthornavirae,Negarnaviricota,Bunyaviricetes,Hareavirales,ssRNA(+/-); ssRNA(-),RNA,223,True
MosViR,Rhabdoviridae,N,192,input_original/manual_downloads/MosViR/article_supplement/unpacked/SM_TableS1_Andrade_et_al_2024.xlsx,Rhabdoviridae,exact_current_family_token_in_virus_lineage,confirmed_from_audited_mapping_table,Deduplicated union of current ICTV families across unique virus TaxIDs in MosViR Supplementary Table S1. Host-association rows and 500 bp fragments are not counted as independent taxa; source counts sum source rows from the audited mapping table.,include_eukaryotic,"freshwater (s); invertebrates; invertebrates (s); invertebrates, plants; invertebrates, vertebrates; plants; soil (s); unknown (s); vertebrates",Riboviria,Orthornavirae,Negarnaviricota,Monjiviricetes,Mononegavirales,ssRNA(-),RNA,615,True
MosViR,Sedoreoviridae,N,117,input_original/manual_downloads/MosViR/article_supplement/unpacked/SM_TableS1_Andrade_et_al_2024.xlsx,Sedoreoviridae,exact_current_family_token_in_virus_lineage,confirmed_from_audited_mapping_table,Deduplicated union of current ICTV families across unique virus TaxIDs in MosViR Supplementary Table S1. Host-association rows and 500 bp fragments are not counted as independent taxa; source counts sum source rows from the audited mapping table.,include_eukaryotic,"invertebrates; invertebrates, plants; invertebrates, vertebrates; protists; vertebrates",Riboviria,Orthornavirae,Duplornaviricota,Resentoviricetes,Reovirales,dsRNA,RNA,45,True
MosViR,Spinareoviridae,N,6,input_original/manual_downloads/MosViR/article_supplement/unpacked/SM_TableS1_Andrade_et_al_2024.xlsx,Spinareoviridae,exact_current_family_token_in_virus_lineage,confirmed_from_audited_mapping_table,Deduplicated union of current ICTV families across unique virus TaxIDs in MosViR Supplementary Table S1. Host-association rows and 500 bp fragments are not counted as independent taxa; source counts sum source rows from the audited mapping table.,include_eukaryotic,"fungi; invertebrates; invertebrates, plants; invertebrates, vertebrates; vertebrates",Riboviria,Orthornavirae,Duplornaviricota,Resentoviricetes,Reovirales,dsRNA,RNA,59,True
MosViR,Togaviridae,N,1124,input_original/manual_downloads/MosViR/article_supplement/unpacked/SM_TableS1_Andrade_et_al_2024.xlsx,Togaviridae,exact_current_family_token_in_virus_lineage,confirmed_from_audited_mapping_table,Deduplicated union of current ICTV families across unique virus TaxIDs in MosViR Supplementary Table S1. Host-association rows and 500 bp fragments are not counted as independent taxa; source counts sum source rows from the audited mapping table.,include_eukaryotic,"invertebrates; invertebrates, vertebrates; vertebrates",Riboviria,Orthornavirae,Kitrinoviricota,Alsuviricetes,Martellivirales,ssRNA(+),RNA,32,True
MosViR,Tombusviridae,N,3,input_original/manual_downloads/MosViR/article_supplement/unpacked/SM_TableS1_Andrade_et_al_2024.xlsx,Tombusviridae,exact_current_family_token_in_virus_lineage,confirmed_from_audited_mapping_table,Deduplicated union of current ICTV families across unique virus TaxIDs in MosViR Supplementary Table S1. Host-association rows and 500 bp fragments are not counted as independent taxa; source counts sum source rows from the audited mapping table.,include_eukaryotic,fungi; invertebrates (s); plants; plants (s); vertebrates,Riboviria,Orthornavirae,Kitrinoviricota,Tolucaviricetes,Tolivirales,ssRNA(+),RNA,102,True
MosViR,Tymoviridae,N,5,input_original/manual_downloads/MosViR/article_supplement/unpacked/SM_TableS1_Andrade_et_al_2024.xlsx,Tymoviridae,exact_current_family_token_in_virus_lineage,confirmed_from_audited_mapping_table,Deduplicated union of current ICTV families across unique virus TaxIDs in MosViR Supplementary Table S1. Host-association rows and 500 bp fragments are not counted as independent taxa; source counts sum source rows from the audited mapping table.,include_eukaryotic,plants,Riboviria,Orthornavirae,Kitrinoviricota,Alsuviricetes,Tymovirales,ssDNA(+/-); ssRNA(+),Mixed/unknown,43,True
MosViR,Virgaviridae,N,1,input_original/manual_downloads/MosViR/article_supplement/unpacked/SM_TableS1_Andrade_et_al_2024.xlsx,Virgaviridae,exact_current_family_token_in_virus_lineage,confirmed_from_audited_mapping_table,Deduplicated union of current ICTV families across unique virus TaxIDs in MosViR Supplementary Table S1. Host-association rows and 500 bp fragments are not counted as independent taxa; source counts sum source rows from the audited mapping table.,include_eukaryotic,plants,Riboviria,Orthornavirae,Kitrinoviricota,Alsuviricetes,Martellivirales,ssRNA(+),RNA,59,True
MosViR,Xinmoviridae,N,20,input_original/manual_downloads/MosViR/article_supplement/unpacked/SM_TableS1_Andrade_et_al_2024.xlsx,Xinmoviridae,exact_current_family_token_in_virus_lineage; exact_or_versionless_accession_match_to_VMR:MT822181; exact_or_versionless_accession_match_to_VMR:MW147277,confirmed_from_audited_mapping_table,Deduplicated union of current ICTV families across unique virus TaxIDs in MosViR Supplementary Table S1. Host-association rows and 500 bp fragments are not counted as independent taxa; source counts sum source rows from the audited mapping table.,include_eukaryotic,invertebrates; vertebrates (s),Riboviria,Orthornavirae,Negarnaviricota,Monjiviricetes,Mononegavirales,ssRNA(-),RNA,30,True
RNAVirHost,Aliusviridae,N,7,input_original/manual_downloads/RNAVirHost/virus_label(1).csv,Aliusviridae,exact_current_family,confirmed_from_structured_dataset,Family-level presence from RNAVirHost lineage table. Legacy Totiviridae rows are resolved to current ICTV families by genus where possible; unmapped/unclassified rows are excluded.,include_eukaryotic,invertebrates,Riboviria,Orthornavirae,Negarnaviricota,Monjiviricetes,Jingchuvirales,ssRNA(-),RNA,12,True
RNAVirHost,Alphaflexiviridae,N,189,input_original/manual_downloads/RNAVirHost/virus_label(1).csv,Alphaflexiviridae,exact_current_family,confirmed_from_structured_dataset,Family-level presence from RNAVirHost lineage table. Legacy Totiviridae rows are resolved to current ICTV families by genus where possible; unmapped/unclassified rows are excluded.,include_eukaryotic,fungi; plants,Riboviria,Orthornavirae,Kitrinoviricota,Alsuviricetes,Tymovirales,ssRNA(+),RNA,73,True
RNAVirHost,Alphatetraviridae,N,8,input_original/manual_downloads/RNAVirHost/virus_label(1).csv,Alphatetraviridae,exact_current_family,confirmed_from_structured_dataset,Family-level presence from RNAVirHost lineage table. Legacy Totiviridae rows are resolved to current ICTV families by genus where possible; unmapped/unclassified rows are excluded.,include_eukaryotic,invertebrates,Riboviria,Orthornavirae,Kitrinoviricota,Alsuviricetes,Hepelivirales,ssRNA(+),RNA,10,True
RNAVirHost,Alternaviridae,N,16,input_original/manual_downloads/RNAVirHost/virus_label(1).csv,Alternaviridae,exact_current_family,confirmed_from_structured_dataset,Family-level presence from RNAVirHost lineage table. Legacy Totiviridae rows are resolved to current ICTV families by genus where possible; unmapped/unclassified rows are excluded.,include_eukaryotic,fungi,Riboviria,Orthornavirae,Duplornaviricota,Chrymotiviricetes,Ghabrivirales,dsRNA,RNA,5,True
RNAVirHost,Amalgaviridae,N,44,input_original/manual_downloads/RNAVirHost/virus_label(1).csv,Amalgaviridae,exact_current_family,confirmed_from_structured_dataset,Family-level presence from RNAVirHost lineage table. Legacy Totiviridae rows are resolved to current ICTV families by genus where possible; unmapped/unclassified rows are excluded.,include_eukaryotic,fungi; plants,Riboviria,Orthornavirae,Pisuviricota,Duplopiviricetes,Durnavirales,dsRNA,RNA,23,True
RNAVirHost,Amnoonviridae,N,10,input_original/manual_downloads/RNAVirHost/virus_label(1).csv,Amnoonviridae,exact_current_family,confirmed_from_structured_dataset,Family-level presence from RNAVirHost lineage table. Legacy Totiviridae rows are resolved to current ICTV families by genus where possible; unmapped/unclassified rows are excluded.,include_eukaryotic,vertebrates,Riboviria,Orthornavirae,Negarnaviricota,Insthoviricetes,Articulavirales,ssRNA(-),RNA,1,True
RNAVirHost,Arenaviridae,N,343,input_original/manual_downloads/RNAVirHost/virus_label(1).csv,Arenaviridae,exact_current_family,confirmed_from_structured_dataset,Family-level presence from RNAVirHost lineage table. Legacy Totiviridae rows are resolved to current ICTV families by genus where possible; unmapped/unclassified rows are excluded.,include_eukaryotic,freshwater (s); vertebrates,Riboviria,Orthornavirae,Negarnaviricota,Bunyaviricetes,Hareavirales,ssRNA(+/-); ssRNA(-),RNA,71,True
RNAVirHost,Arteriviridae,N,237,input_original/manual_downloads/RNAVirHost/virus_label(1).csv,Arteriviridae,exact_current_family,confirmed_from_structured_dataset,Family-level presence from RNAVirHost lineage table. Legacy Totiviridae rows are resolved to current ICTV families by genus where possible; unmapped/unclassified rows are excluded.,include_eukaryotic,vertebrates,Riboviria,Orthornavirae,Pisuviricota,Pisoniviricetes,Nidovirales,ssRNA(+),RNA,23,True
RNAVirHost,Artoviridae,N,8,input_original/manual_downloads/RNAVirHost/virus_label(1).csv,Artoviridae,exact_current_family,confirmed_from_structured_dataset,Family-level presence from RNAVirHost lineage table. Legacy Totiviridae rows are resolved to current ICTV families by genus where possible; unmapped/unclassified rows are excluded.,include_eukaryotic,invertebrates; plants; vertebrates,Riboviria,Orthornavirae,Negarnaviricota,Monjiviricetes,Mononegavirales,ssRNA(-),RNA,14,True
RNAVirHost,Aspiviridae,N,16,input_original/manual_downloads/RNAVirHost/virus_label(1).csv,Aspiviridae,exact_current_family,confirmed_from_structured_dataset,Family-level presence from RNAVirHost lineage table. Legacy Totiviridae rows are resolved to current ICTV families by genus where possible; unmapped/unclassified rows are excluded.,include_eukaryotic,plants,Riboviria,Orthornavirae,Negarnaviricota,Milneviricetes,Naedrevirales,ssRNA(-),RNA,22,True
RNAVirHost,Astroviridae,N,296,input_original/manual_downloads/RNAVirHost/virus_label(1).csv,Astroviridae,exact_current_family,confirmed_from_structured_dataset,Family-level presence from RNAVirHost lineage table. Legacy Totiviridae rows are resolved to current ICTV families by genus where possible; unmapped/unclassified rows are excluded.,include_eukaryotic,vertebrates,Riboviria,Orthornavirae,Pisuviricota,Stelpaviricetes,Stellavirales,ssRNA(+),RNA,31,True
RNAVirHost,Benyviridae,N,22,input_original/manual_downloads/RNAVirHost/virus_label(1).csv,Benyviridae,exact_current_family,confirmed_from_structured_dataset,Family-level presence from RNAVirHost lineage table. Legacy Totiviridae rows are resolved to current ICTV families by genus where possible; unmapped/unclassified rows are excluded.,include_eukaryotic,plants,Riboviria,Orthornavirae,Kitrinoviricota,Alsuviricetes,Hepelivirales,ssRNA(+),RNA,5,True
RNAVirHost,Betaflexiviridae,N,674,input_original/manual_downloads/RNAVirHost/virus_label(1).csv,Betaflexiviridae,exact_current_family,confirmed_from_structured_dataset,Family-level presence from RNAVirHost lineage table. Legacy Totiviridae rows are resolved to current ICTV families by genus where possible; unmapped/unclassified rows are excluded.,include_eukaryotic,plants,Riboviria,Orthornavirae,Kitrinoviricota,Alsuviricetes,Tymovirales,ssRNA(+),RNA,159,True
RNAVirHost,Bornaviridae,N,21,input_original/manual_downloads/RNAVirHost/virus_label(1).csv,Bornaviridae,exact_current_family,confirmed_from_structured_dataset,Family-level presence from RNAVirHost lineage table. Legacy Totiviridae rows are resolved to current ICTV families by genus where possible; unmapped/unclassified rows are excluded.,include_eukaryotic,vertebrates,Riboviria,Orthornavirae,Negarnaviricota,Monjiviricetes,Mononegavirales,ssRNA(-),RNA,18,True
RNAVirHost,Botourmiaviridae,N,38,input_original/manual_downloads/RNAVirHost/virus_label(1).csv,Botourmiaviridae,exact_current_family,confirmed_from_structured_dataset,Family-level presence from RNAVirHost lineage table. Legacy Totiviridae rows are resolved to current ICTV families by genus where possible; unmapped/unclassified rows are excluded.,include_eukaryotic,fungi; plants; unknown (s),Riboviria,Orthornavirae,Lenarviricota,Miaviricetes,Ourlivirales,ssRNA(+),RNA,150,True
RNAVirHost,Bromoviridae,N,154,input_original/manual_downloads/RNAVirHost/virus_label(1).csv,Bromoviridae,exact_current_family,confirmed_from_structured_dataset,Family-level presence from RNAVirHost lineage table. Legacy Totiviridae rows are resolved to current ICTV families by genus where possible; unmapped/unclassified rows are excluded.,include_eukaryotic,plants,Riboviria,Orthornavirae,Kitrinoviricota,Alsuviricetes,Martellivirales,ssRNA(+),RNA,52,True
RNAVirHost,Caliciviridae,N,394,input_original/manual_downloads/RNAVirHost/virus_label(1).csv,Caliciviridae,exact_current_family,confirmed_from_structured_dataset,Family-level presence from RNAVirHost lineage table. Legacy Totiviridae rows are resolved to current ICTV families by genus where possible; unmapped/unclassified rows are excluded.,include_eukaryotic,vertebrates,Riboviria,Orthornavirae,Pisuviricota,Pisoniviricetes,Picornavirales,ssRNA(+),RNA,12,True
RNAVirHost,Carmotetraviridae,N,1,input_original/manual_downloads/RNAVirHost/virus_label(1).csv,Carmotetraviridae,exact_current_family,confirmed_from_structured_dataset,Family-level presence from RNAVirHost lineage table. Legacy Totiviridae rows are resolved to current ICTV families by genus where possible; unmapped/unclassified rows are excluded.,include_eukaryotic,invertebrates,Riboviria,Orthornavirae,Kitrinoviricota,Tolucaviricetes,Tolivirales,ssRNA(+),RNA,1,True
RNAVirHost,Caulimoviridae,N,216,input_original/manual_downloads/RNAVirHost/virus_label(1).csv,Caulimoviridae,exact_current_family,confirmed_from_structured_dataset,Family-level presence from RNAVirHost lineage table. Legacy Totiviridae rows are resolved to current ICTV families by genus where possible; unmapped/unclassified rows are excluded.,include_eukaryotic,plants,Riboviria,Pararnavirae,Artverviricota,Revtraviricetes,Ortervirales,dsDNA; dsDNA-RT,Reverse-transcribing,109,True
RNAVirHost,Chrysoviridae,N,125,input_original/manual_downloads/RNAVirHost/virus_label(1).csv,Chrysoviridae,exact_current_family,confirmed_from_structured_dataset,Family-level presence from RNAVirHost lineage table. Legacy Totiviridae rows are resolved to current ICTV families by genus where possible; unmapped/unclassified rows are excluded.,include_eukaryotic,fungi; invertebrates (s); plants (s),Riboviria,Orthornavirae,Duplornaviricota,Chrymotiviricetes,Ghabrivirales,dsRNA,RNA,31,True
RNAVirHost,Chuviridae,N,51,input_original/manual_downloads/RNAVirHost/virus_label(1).csv,Chuviridae,exact_current_family,confirmed_from_structured_dataset,Family-level presence from RNAVirHost lineage table. Legacy Totiviridae rows are resolved to current ICTV families by genus where possible; unmapped/unclassified rows are excluded.,include_eukaryotic,invertebrates; vertebrates,Riboviria,Orthornavirae,Negarnaviricota,Monjiviricetes,Jingchuvirales,ssRNA(-),RNA,43,True
RNAVirHost,Closteroviridae,N,154,input_original/manual_downloads/RNAVirHost/virus_label(1).csv,Closteroviridae,exact_current_family,confirmed_from_structured_dataset,Family-level presence from RNAVirHost lineage table. Legacy Totiviridae rows are resolved to current ICTV families by genus where possible; unmapped/unclassified rows are excluded.,include_eukaryotic,plants,Riboviria,Orthornavirae,Kitrinoviricota,Alsuviricetes,Martellivirales,ssRNA(+),RNA,88,True
RNAVirHost,Coronaviridae,N,306,input_original/manual_downloads/RNAVirHost/virus_label(1).csv,Coronaviridae,exact_current_family,confirmed_from_structured_dataset,Family-level presence from RNAVirHost lineage table. Legacy Totiviridae rows are resolved to current ICTV families by genus where possible; unmapped/unclassified rows are excluded.,include_eukaryotic,vertebrates,Riboviria,Orthornavirae,Pisuviricota,Pisoniviricetes,Nidovirales,ssRNA(+),RNA,54,True
RNAVirHost,Cremegaviridae,N,2,input_original/manual_downloads/RNAVirHost/virus_label(1).csv,Cremegaviridae,exact_current_family,confirmed_from_structured_dataset,Family-level presence from RNAVirHost lineage table. Legacy Totiviridae rows are resolved to current ICTV families by genus where possible; unmapped/unclassified rows are excluded.,include_eukaryotic,vertebrates,Riboviria,Orthornavirae,Pisuviricota,Pisoniviricetes,Nidovirales,ssRNA(+),RNA,2,True
RNAVirHost,Crepuscuviridae,N,1,input_original/manual_downloads/RNAVirHost/virus_label(1).csv,Crepuscuviridae,exact_current_family,confirmed_from_structured_dataset,Family-level presence from RNAVirHost lineage table. Legacy Totiviridae rows are resolved to current ICTV families by genus where possible; unmapped/unclassified rows are excluded.,include_eukaryotic,invertebrates,Riboviria,Orthornavirae,Negarnaviricota,Monjiviricetes,Jingchuvirales,ssRNA(-),RNA,1,True
RNAVirHost,Cruliviridae,N,2,input_original/manual_downloads/RNAVirHost/virus_label(1).csv,Cruliviridae,exact_current_family,confirmed_from_structured_dataset,Family-level presence from RNAVirHost lineage table. Legacy Totiviridae rows are resolved to current ICTV families by genus where possible; unmapped/unclassified rows are excluded.,include_eukaryotic,invertebrates,Riboviria,Orthornavirae,Negarnaviricota,Bunyaviricetes,Elliovirales,ssRNA(-),RNA,4,True
RNAVirHost,Curvulaviridae,N,8,input_original/manual_downloads/RNAVirHost/virus_label(1).csv,Curvulaviridae,exact_current_family,confirmed_from_structured_dataset,Family-level presence from RNAVirHost lineage table. Legacy Totiviridae rows are resolved to current ICTV families by genus where possible; unmapped/unclassified rows are excluded.,include_eukaryotic,fungi,Riboviria,Orthornavirae,Pisuviricota,Duplopiviricetes,Durnavirales,dsRNA,RNA,8,True
RNAVirHost,Deltaflexiviridae,N,18,input_original/manual_downloads/RNAVirHost/virus_label(1).csv,Deltaflexiviridae,exact_current_family,confirmed_from_structured_dataset,Family-level presence from RNAVirHost lineage table. Legacy Totiviridae rows are resolved to current ICTV families by genus where possible; unmapped/unclassified rows are excluded.,include_eukaryotic,fungi,Riboviria,Orthornavirae,Kitrinoviricota,Alsuviricetes,Tymovirales,ssRNA(+),RNA,4,True
RNAVirHost,Dicistroviridae,N,97,input_original/manual_downloads/RNAVirHost/virus_label(1).csv,Dicistroviridae,exact_current_family,confirmed_from_structured_dataset,Family-level presence from RNAVirHost lineage table. Legacy Totiviridae rows are resolved to current ICTV families by genus where possible; unmapped/unclassified rows are excluded.,include_eukaryotic,invertebrates,Riboviria,Orthornavirae,Pisuviricota,Pisoniviricetes,Picornavirales,ssRNA(+),RNA,16,True
RNAVirHost,Discoviridae,N,1,input_original/manual_downloads/RNAVirHost/virus_label(1).csv,Discoviridae,exact_current_family,confirmed_from_structured_dataset,Family-level presence from RNAVirHost lineage table. Legacy Totiviridae rows are resolved to current ICTV families by genus where possible; unmapped/unclassified rows are excluded.,include_eukaryotic,fungi; plants; protists,Riboviria,Orthornavirae,Negarnaviricota,Bunyaviricetes,Hareavirales,ssRNA(-),RNA,6,True
RNAVirHost,Endornaviridae,N,96,input_original/manual_downloads/RNAVirHost/virus_label(1).csv,Endornaviridae,exact_current_family,confirmed_from_structured_dataset,Family-level presence from RNAVirHost lineage table. Legacy Totiviridae rows are resolved to current ICTV families by genus where possible; unmapped/unclassified rows are excluded.,include_eukaryotic,fungi; plants; protists,Riboviria,Orthornavirae,Kitrinoviricota,Alsuviricetes,Martellivirales,ssRNA(+),RNA,31,True
RNAVirHost,Euroniviridae,N,2,input_original/manual_downloads/RNAVirHost/virus_label(1).csv,Euroniviridae,exact_current_family,confirmed_from_structured_dataset,Family-level presence from RNAVirHost lineage table. Legacy Totiviridae rows are resolved to current ICTV families by genus where possible; unmapped/unclassified rows are excluded.,include_eukaryotic,invertebrates,Riboviria,Orthornavirae,Pisuviricota,Pisoniviricetes,Nidovirales,ssRNA(+),RNA,3,True
RNAVirHost,Filoviridae,N,28,input_original/manual_downloads/RNAVirHost/virus_label(1).csv,Filoviridae,exact_current_family,confirmed_from_structured_dataset,Family-level presence from RNAVirHost lineage table. Legacy Totiviridae rows are resolved to current ICTV families by genus where possible; unmapped/unclassified rows are excluded.,include_eukaryotic,vertebrates,Riboviria,Orthornavirae,Negarnaviricota,Monjiviricetes,Mononegavirales,ssRNA(-),RNA,17,True
RNAVirHost,Fimoviridae,N,72,input_original/manual_downloads/RNAVirHost/virus_label(1).csv,Fimoviridae,exact_current_family,confirmed_from_structured_dataset,Family-level presence from RNAVirHost lineage table. Legacy Totiviridae rows are resolved to current ICTV families by genus where possible; unmapped/unclassified rows are excluded.,include_eukaryotic,plants,Riboviria,Orthornavirae,Negarnaviricota,Bunyaviricetes,Elliovirales,ssRNA(-),RNA,33,True
RNAVirHost,Flaviviridae,N,817,input_original/manual_downloads/RNAVirHost/virus_label(1).csv,Flaviviridae,exact_current_family,confirmed_from_structured_dataset,Family-level presence from RNAVirHost lineage table. Legacy Totiviridae rows are resolved to current ICTV families by genus where possible; unmapped/unclassified rows are excluded.,include_eukaryotic,"invertebrates; invertebrates, vertebrates; vertebrates",Riboviria,Orthornavirae,Kitrinoviricota,Flasuviricetes,Amarillovirales,ssRNA(+),RNA,61,True
RNAVirHost,Fusariviridae,N,54,input_original/manual_downloads/RNAVirHost/virus_label(1).csv,Fusariviridae,exact_current_family,confirmed_from_structured_dataset,Family-level presence from RNAVirHost lineage table. Legacy Totiviridae rows are resolved to current ICTV families by genus where possible; unmapped/unclassified rows are excluded.,include_eukaryotic,fungi; protists,Riboviria,Orthornavirae,Pisuviricota,Stelpaviricetes,Hypofuvirales,ssRNA(+),RNA,53,True
RNAVirHost,Gammaflexiviridae,N,6,input_original/manual_downloads/RNAVirHost/virus_label(1).csv,Gammaflexiviridae,exact_current_family,confirmed_from_structured_dataset,Family-level presence from RNAVirHost lineage table. Legacy Totiviridae rows are resolved to current ICTV families by genus where possible; unmapped/unclassified rows are excluded.,include_eukaryotic,fungi,Riboviria,Orthornavirae,Kitrinoviricota,Alsuviricetes,Tymovirales,ssRNA(+),RNA,4,True
RNAVirHost,Giardiaviridae,N,1,input_original/manual_downloads/RNAVirHost/virus_label(1).csv,Totiviridae,legacy_family_resolved_by_current_genus,confirmed_from_structured_dataset,Family-level presence from RNAVirHost lineage table. Legacy Totiviridae rows are resolved to current ICTV families by genus where possible; unmapped/unclassified rows are excluded.,include_eukaryotic,protists,Riboviria,Orthornavirae,Duplornaviricota,Chrymotiviricetes,Ghabrivirales,dsRNA,RNA,1,True
RNAVirHost,Gresnaviridae,N,1,input_original/manual_downloads/RNAVirHost/virus_label(1).csv,Gresnaviridae,exact_current_family,confirmed_from_structured_dataset,Family-level presence from RNAVirHost lineage table. Legacy Totiviridae rows are resolved to current ICTV families by genus where possible; unmapped/unclassified rows are excluded.,include_eukaryotic,vertebrates,Riboviria,Orthornavirae,Pisuviricota,Pisoniviricetes,Nidovirales,ssRNA(+),RNA,1,True
RNAVirHost,Hantaviridae,N,220,input_original/manual_downloads/RNAVirHost/virus_label(1).csv,Hantaviridae,exact_current_family,confirmed_from_structured_dataset,Family-level presence from RNAVirHost lineage table. Legacy Totiviridae rows are resolved to current ICTV families by genus where possible; unmapped/unclassified rows are excluded.,include_eukaryotic,vertebrates,Riboviria,Orthornavirae,Negarnaviricota,Bunyaviricetes,Elliovirales,ssRNA(-),RNA,55,True
RNAVirHost,Hepadnaviridae,N,108,input_original/manual_downloads/RNAVirHost/virus_label(1).csv,Hepadnaviridae,exact_current_family,confirmed_from_structured_dataset,Family-level presence from RNAVirHost lineage table. Legacy Totiviridae rows are resolved to current ICTV families by genus where possible; unmapped/unclassified rows are excluded.,include_eukaryotic,vertebrates,Riboviria,Pararnavirae,Artverviricota,Revtraviricetes,Blubervirales,dsDNA-RT,Reverse-transcribing,27,True
RNAVirHost,Hepeviridae,N,146,input_original/manual_downloads/RNAVirHost/virus_label(1).csv,Hepeviridae,exact_current_family,confirmed_from_structured_dataset,Family-level presence from RNAVirHost lineage table. Legacy Totiviridae rows are resolved to current ICTV families by genus where possible; unmapped/unclassified rows are excluded.,include_eukaryotic,vertebrates,Riboviria,Orthornavirae,Kitrinoviricota,Alsuviricetes,Hepelivirales,ssRNA(+); ssRNA(+/-),RNA,11,True
RNAVirHost,Hypoviridae,N,57,input_original/manual_downloads/RNAVirHost/virus_label(1).csv,Hypoviridae,exact_current_family,confirmed_from_structured_dataset,Family-level presence from RNAVirHost lineage table. Legacy Totiviridae rows are resolved to current ICTV families by genus where possible; unmapped/unclassified rows are excluded.,include_eukaryotic,fungi; invertebrates,Riboviria,Orthornavirae,Pisuviricota,Stelpaviricetes,Hypofuvirales,ssRNA(+),RNA,57,True
RNAVirHost,Iflaviridae,N,108,input_original/manual_downloads/RNAVirHost/virus_label(1).csv,Iflaviridae,exact_current_family,confirmed_from_structured_dataset,Family-level presence from RNAVirHost lineage table. Legacy Totiviridae rows are resolved to current ICTV families by genus where possible; unmapped/unclassified rows are excluded.,include_eukaryotic,invertebrates,Riboviria,Orthornavirae,Pisuviricota,Pisoniviricetes,Picornavirales,ssRNA(+),RNA,16,True
RNAVirHost,Kitaviridae,N,25,input_original/manual_downloads/RNAVirHost/virus_label(1).csv,Kitaviridae,exact_current_family,confirmed_from_structured_dataset,Family-level presence from RNAVirHost lineage table. Legacy Totiviridae rows are resolved to current ICTV families by genus where possible; unmapped/unclassified rows are excluded.,include_eukaryotic,"invertebrates, plants; plants",Riboviria,Orthornavirae,Kitrinoviricota,Alsuviricetes,Martellivirales,ssRNA(+),RNA,27,True
RNAVirHost,Lispiviridae,N,18,input_original/manual_downloads/RNAVirHost/virus_label(1).csv,Lispiviridae,exact_current_family,confirmed_from_structured_dataset,Family-level presence from RNAVirHost lineage table. Legacy Totiviridae rows are resolved to current ICTV families by genus where possible; unmapped/unclassified rows are excluded.,include_eukaryotic,invertebrates; vertebrates,Riboviria,Orthornavirae,Negarnaviricota,Monjiviricetes,Mononegavirales,ssRNA(-),RNA,51,True
RNAVirHost,Marnaviridae,N,8,input_original/manual_downloads/RNAVirHost/virus_label(1).csv,Marnaviridae,exact_current_family,confirmed_from_structured_dataset,Family-level presence from RNAVirHost lineage table. Legacy Totiviridae rows are resolved to current ICTV families by genus where possible; unmapped/unclassified rows are excluded.,include_eukaryotic,marine (s); protists,Riboviria,Orthornavirae,Pisuviricota,Pisoniviricetes,Picornavirales,ssRNA(+),RNA,20,True
RNAVirHost,Matonaviridae,N,4,input_original/manual_downloads/RNAVirHost/virus_label(1).csv,Matonaviridae,exact_current_family,confirmed_from_structured_dataset,Family-level presence from RNAVirHost lineage table. Legacy Totiviridae rows are resolved to current ICTV families by genus where possible; unmapped/unclassified rows are excluded.,include_eukaryotic,vertebrates,Riboviria,Orthornavirae,Kitrinoviricota,Alsuviricetes,Hepelivirales,ssRNA(+),RNA,3,True
RNAVirHost,Mayoviridae,N,11,input_original/manual_downloads/RNAVirHost/virus_label(1).csv,Mayoviridae,exact_current_family,confirmed_from_structured_dataset,Family-level presence from RNAVirHost lineage table. Legacy Totiviridae rows are resolved to current ICTV families by genus where possible; unmapped/unclassified rows are excluded.,include_eukaryotic,plants,Riboviria,Orthornavirae,Kitrinoviricota,Alsuviricetes,Martellivirales,ssRNA(+),RNA,4,True
RNAVirHost,Megabirnaviridae,N,11,input_original/manual_downloads/RNAVirHost/virus_label(1).csv,Megabirnaviridae,exact_current_family,confirmed_from_structured_dataset,Family-level presence from RNAVirHost lineage table. Legacy Totiviridae rows are resolved to current ICTV families by genus where possible; unmapped/unclassified rows are excluded.,include_eukaryotic,fungi,Riboviria,Orthornavirae,Duplornaviricota,Chrymotiviricetes,Ghabrivirales,dsRNA,RNA,5,True
RNAVirHost,Mesoniviridae,N,16,input_original/manual_downloads/RNAVirHost/virus_label(1).csv,Mesoniviridae,exact_current_family,confirmed_from_structured_dataset,Family-level presence from RNAVirHost lineage table. Legacy Totiviridae rows are resolved to current ICTV families by genus where possible; unmapped/unclassified rows are excluded.,include_eukaryotic,invertebrates,Riboviria,Orthornavirae,Pisuviricota,Pisoniviricetes,Nidovirales,ssRNA(+),RNA,14,True
RNAVirHost,Mitoviridae,N,80,input_original/manual_downloads/RNAVirHost/virus_label(1).csv,Mitoviridae,exact_current_family,confirmed_from_structured_dataset,Family-level presence from RNAVirHost lineage table. Legacy Totiviridae rows are resolved to current ICTV families by genus where possible; unmapped/unclassified rows are excluded.,include_eukaryotic,fungi; plants,Riboviria,Orthornavirae,Lenarviricota,Howeltoviricetes,Cryppavirales,ssRNA(+),RNA,105,True
RNAVirHost,Mononiviridae,N,1,input_original/manual_downloads/RNAVirHost/virus_label(1).csv,Mononiviridae,exact_current_family,confirmed_from_structured_dataset,Family-level presence from RNAVirHost lineage table. Legacy Totiviridae rows are resolved to current ICTV families by genus where possible; unmapped/unclassified rows are excluded.,include_eukaryotic,invertebrates,Riboviria,Orthornavirae,Pisuviricota,Pisoniviricetes,Nidovirales,ssRNA(+),RNA,1,True
RNAVirHost,Mymonaviridae,N,18,input_original/manual_downloads/RNAVirHost/virus_label(1).csv,Mymonaviridae,exact_current_family,confirmed_from_structured_dataset,Family-level presence from RNAVirHost lineage table. Legacy Totiviridae rows are resolved to current ICTV families by genus where possible; unmapped/unclassified rows are excluded.,include_eukaryotic,fungi; invertebrates; invertebrates (s); phytobiome (s); protists; soil (s),Riboviria,Orthornavirae,Negarnaviricota,Monjiviricetes,Mononegavirales,ssRNA(-),RNA,61,True
RNAVirHost,Mypoviridae,N,2,input_original/manual_downloads/RNAVirHost/virus_label(1).csv,Mypoviridae,exact_current_family,confirmed_from_structured_dataset,Family-level presence from RNAVirHost lineage table. Legacy Totiviridae rows are resolved to current ICTV families by genus where possible; unmapped/unclassified rows are excluded.,include_eukaryotic,invertebrates,Riboviria,Orthornavirae,Negarnaviricota,Bunyaviricetes,Hareavirales,ssRNA(-),RNA,1,True
RNAVirHost,Myriaviridae,N,1,input_original/manual_downloads/RNAVirHost/virus_label(1).csv,Myriaviridae,exact_current_family,confirmed_from_structured_dataset,Family-level presence from RNAVirHost lineage table. Legacy Totiviridae rows are resolved to current ICTV families by genus where possible; unmapped/unclassified rows are excluded.,include_eukaryotic,invertebrates,Riboviria,Orthornavirae,Negarnaviricota,Monjiviricetes,Jingchuvirales,ssRNA(-),RNA,1,True
RNAVirHost,Nairoviridae,N,89,input_original/manual_downloads/RNAVirHost/virus_label(1).csv,Nairoviridae,exact_current_family,confirmed_from_structured_dataset,Family-level presence from RNAVirHost lineage table. Legacy Totiviridae rows are resolved to current ICTV families by genus where possible; unmapped/unclassified rows are excluded.,include_eukaryotic,"invertebrates; invertebrates, vertebrates; vertebrates",Riboviria,Orthornavirae,Negarnaviricota,Bunyaviricetes,Hareavirales,ssRNA(-),RNA,60,True
RNAVirHost,Narnaviridae,N,23,input_original/manual_downloads/RNAVirHost/virus_label(1).csv,Narnaviridae,exact_current_family,confirmed_from_structured_dataset,Family-level presence from RNAVirHost lineage table. Legacy Totiviridae rows are resolved to current ICTV families by genus where possible; unmapped/unclassified rows are excluded.,include_eukaryotic,fungi,Riboviria,Orthornavirae,Lenarviricota,Amabiliviricetes,Wolframvirales,ssRNA(+),RNA,2,True
RNAVirHost,Natareviridae,N,1,input_original/manual_downloads/RNAVirHost/virus_label(1).csv,Natareviridae,exact_current_family,confirmed_from_structured_dataset,Family-level presence from RNAVirHost lineage table. Legacy Totiviridae rows are resolved to current ICTV families by genus where possible; unmapped/unclassified rows are excluded.,include_eukaryotic,invertebrates,Riboviria,Orthornavirae,Negarnaviricota,Monjiviricetes,Jingchuvirales,ssRNA(-),RNA,1,True
RNAVirHost,Nodaviridae,N,24,input_original/manual_downloads/RNAVirHost/virus_label(1).csv,Nodaviridae,exact_current_family,confirmed_from_structured_dataset,Family-level presence from RNAVirHost lineage table. Legacy Totiviridae rows are resolved to current ICTV families by genus where possible; unmapped/unclassified rows are excluded.,include_eukaryotic,invertebrates; vertebrates,Riboviria,Orthornavirae,Kitrinoviricota,Magsaviricetes,Nodamuvirales,ssRNA(+),RNA,9,True
RNAVirHost,Nyamiviridae,N,16,input_original/manual_downloads/RNAVirHost/virus_label(1).csv,Nyamiviridae,exact_current_family,confirmed_from_structured_dataset,Family-level presence from RNAVirHost lineage table. Legacy Totiviridae rows are resolved to current ICTV families by genus where possible; unmapped/unclassified rows are excluded.,include_eukaryotic,"invertebrates; invertebrates, vertebrates; vertebrates",Riboviria,Orthornavirae,Negarnaviricota,Monjiviricetes,Mononegavirales,ssRNA(-),RNA,30,True
RNAVirHost,Olifoviridae,N,1,input_original/manual_downloads/RNAVirHost/virus_label(1).csv,Olifoviridae,exact_current_family,confirmed_from_structured_dataset,Family-level presence from RNAVirHost lineage table. Legacy Totiviridae rows are resolved to current ICTV families by genus where possible; unmapped/unclassified rows are excluded.,include_eukaryotic,vertebrates,Riboviria,Orthornavirae,Pisuviricota,Pisoniviricetes,Nidovirales,ssRNA(+),RNA,1,True
RNAVirHost,Orthomyxoviridae,N,67,input_original/manual_downloads/RNAVirHost/virus_label(1).csv,Orthomyxoviridae,exact_current_family,confirmed_from_structured_dataset,Family-level presence from RNAVirHost lineage table. Legacy Totiviridae rows are resolved to current ICTV families by genus where possible; unmapped/unclassified rows are excluded.,include_eukaryotic,"invertebrates; invertebrates, vertebrates; vertebrates",Riboviria,Orthornavirae,Negarnaviricota,Insthoviricetes,Articulavirales,ssRNA(-),RNA,21,True
RNAVirHost,Orthototiviridae,N,60,input_original/manual_downloads/RNAVirHost/virus_label(1).csv,Totiviridae,legacy_family_resolved_by_current_genus,confirmed_from_structured_dataset,Family-level presence from RNAVirHost lineage table. Legacy Totiviridae rows are resolved to current ICTV families by genus where possible; unmapped/unclassified rows are excluded.,include_eukaryotic,fungi; invertebrates; plants; protists (s),Riboviria,Orthornavirae,Duplornaviricota,Chrymotiviricetes,Ghabrivirales,dsRNA,RNA,32,True
RNAVirHost,Paramyxoviridae,N,209,input_original/manual_downloads/RNAVirHost/virus_label(1).csv,Paramyxoviridae,exact_current_family,confirmed_from_structured_dataset,Family-level presence from RNAVirHost lineage table. Legacy Totiviridae rows are resolved to current ICTV families by genus where possible; unmapped/unclassified rows are excluded.,include_eukaryotic,vertebrates,Riboviria,Orthornavirae,Negarnaviricota,Monjiviricetes,Mononegavirales,ssRNA(-),RNA,153,True
RNAVirHost,Partitiviridae,N,160,input_original/manual_downloads/RNAVirHost/virus_label(1).csv,Partitiviridae,exact_current_family,confirmed_from_structured_dataset,Family-level presence from RNAVirHost lineage table. Legacy Totiviridae rows are resolved to current ICTV families by genus where possible; unmapped/unclassified rows are excluded.,include_eukaryotic,fungi; plants; protists,Riboviria,Orthornavirae,Pisuviricota,Duplopiviricetes,Durnavirales,dsRNA,RNA,45,True
RNAVirHost,Peribunyaviridae,N,314,input_original/manual_downloads/RNAVirHost/virus_label(1).csv,Peribunyaviridae,exact_current_family,confirmed_from_structured_dataset,Family-level presence from RNAVirHost lineage table. Legacy Totiviridae rows are resolved to current ICTV families by genus where possible; unmapped/unclassified rows are excluded.,include_eukaryotic,"invertebrates; invertebrates, vertebrates; vertebrates",Riboviria,Orthornavirae,Negarnaviricota,Bunyaviricetes,Elliovirales,ssRNA(-),RNA,152,True
RNAVirHost,Phasmaviridae,N,42,input_original/manual_downloads/RNAVirHost/virus_label(1).csv,Phasmaviridae,exact_current_family,confirmed_from_structured_dataset,Family-level presence from RNAVirHost lineage table. Legacy Totiviridae rows are resolved to current ICTV families by genus where possible; unmapped/unclassified rows are excluded.,include_eukaryotic,invertebrates; invertebrates (s),Riboviria,Orthornavirae,Negarnaviricota,Bunyaviricetes,Elliovirales,ssRNA; ssRNA(-),RNA,34,True
RNAVirHost,Phenuiviridae,N,300,input_original/manual_downloads/RNAVirHost/virus_label(1).csv,Phenuiviridae,exact_current_family,confirmed_from_structured_dataset,Family-level presence from RNAVirHost lineage table. Legacy Totiviridae rows are resolved to current ICTV families by genus where possible; unmapped/unclassified rows are excluded.,include_eukaryotic,"fungi; invertebrates; invertebrates, plants; invertebrates, vertebrates; plants; protists; soil (s); vertebrates",Riboviria,Orthornavirae,Negarnaviricota,Bunyaviricetes,Hareavirales,ssRNA(+/-); ssRNA(-),RNA,223,True
RNAVirHost,Picornaviridae,N,1488,input_original/manual_downloads/RNAVirHost/virus_label(1).csv,Picornaviridae,exact_current_family,confirmed_from_structured_dataset,Family-level presence from RNAVirHost lineage table. Legacy Totiviridae rows are resolved to current ICTV families by genus where possible; unmapped/unclassified rows are excluded.,include_eukaryotic,vertebrates,Riboviria,Orthornavirae,Pisuviricota,Pisoniviricetes,Picornavirales,ssRNA(+),RNA,159,True
RNAVirHost,Pneumoviridae,N,35,input_original/manual_downloads/RNAVirHost/virus_label(1).csv,Pneumoviridae,exact_current_family,confirmed_from_structured_dataset,Family-level presence from RNAVirHost lineage table. Legacy Totiviridae rows are resolved to current ICTV families by genus where possible; unmapped/unclassified rows are excluded.,include_eukaryotic,vertebrates,Riboviria,Orthornavirae,Negarnaviricota,Monjiviricetes,Mononegavirales,ssRNA(-),RNA,5,True
RNAVirHost,Polycipiviridae,N,18,input_original/manual_downloads/RNAVirHost/virus_label(1).csv,Polycipiviridae,exact_current_family,confirmed_from_structured_dataset,Family-level presence from RNAVirHost lineage table. Legacy Totiviridae rows are resolved to current ICTV families by genus where possible; unmapped/unclassified rows are excluded.,include_eukaryotic,invertebrates,Riboviria,Orthornavirae,Pisuviricota,Pisoniviricetes,Picornavirales,ssRNA(+),RNA,14,True
RNAVirHost,Potyviridae,N,558,input_original/manual_downloads/RNAVirHost/virus_label(1).csv,Potyviridae,exact_current_family,confirmed_from_structured_dataset,Family-level presence from RNAVirHost lineage table. Legacy Totiviridae rows are resolved to current ICTV families by genus where possible; unmapped/unclassified rows are excluded.,include_eukaryotic,plants,Riboviria,Orthornavirae,Pisuviricota,Stelpaviricetes,Patatavirales,ssRNA(+),RNA,264,True
RNAVirHost,Pseudototiviridae,N,67,input_original/manual_downloads/RNAVirHost/virus_label(1).csv,Totiviridae,legacy_family_resolved_by_current_genus,confirmed_from_structured_dataset,Family-level presence from RNAVirHost lineage table. Legacy Totiviridae rows are resolved to current ICTV families by genus where possible; unmapped/unclassified rows are excluded.,include_eukaryotic,fungi; protists; vertebrates,Riboviria,Orthornavirae,Duplornaviricota,Chrymotiviricetes,Ghabrivirales,dsRNA,RNA,46,True
RNAVirHost,Qinviridae,N,9,input_original/manual_downloads/RNAVirHost/virus_label(1).csv,Qinviridae,exact_current_family,confirmed_from_structured_dataset,Family-level presence from RNAVirHost lineage table. Legacy Totiviridae rows are resolved to current ICTV families by genus where possible; unmapped/unclassified rows are excluded.,include_eukaryotic,invertebrates,Riboviria,Orthornavirae,Negarnaviricota,Chunqiuviricetes,Muvirales,ssRNA(-),RNA,8,True
RNAVirHost,Quadriviridae,N,8,input_original/manual_downloads/RNAVirHost/virus_label(1).csv,Quadriviridae,exact_current_family,confirmed_from_structured_dataset,Family-level presence from RNAVirHost lineage table. Legacy Totiviridae rows are resolved to current ICTV families by genus where possible; unmapped/unclassified rows are excluded.,include_eukaryotic,fungi,Riboviria,Orthornavirae,Duplornaviricota,Chrymotiviricetes,Ghabrivirales,dsRNA,RNA,3,True
RNAVirHost,Retroviridae,N,2548,input_original/manual_downloads/RNAVirHost/virus_label(1).csv,Retroviridae,exact_current_family,confirmed_from_structured_dataset,Family-level presence from RNAVirHost lineage table. Legacy Totiviridae rows are resolved to current ICTV families by genus where possible; unmapped/unclassified rows are excluded.,include_eukaryotic,vertebrates,Riboviria,Pararnavirae,Artverviricota,Revtraviricetes,Ortervirales,ssRNA-RT,Reverse-transcribing,65,True
RNAVirHost,Rhabdoviridae,N,377,input_original/manual_downloads/RNAVirHost/virus_label(1).csv,Rhabdoviridae,exact_current_family,confirmed_from_structured_dataset,Family-level presence from RNAVirHost lineage table. Legacy Totiviridae rows are resolved to current ICTV families by genus where possible; unmapped/unclassified rows are excluded.,include_eukaryotic,"freshwater (s); invertebrates; invertebrates (s); invertebrates, plants; invertebrates, vertebrates; plants; soil (s); unknown (s); vertebrates",Riboviria,Orthornavirae,Negarnaviricota,Monjiviricetes,Mononegavirales,ssRNA(-),RNA,615,True
RNAVirHost,Roniviridae,N,10,input_original/manual_downloads/RNAVirHost/virus_label(1).csv,Roniviridae,exact_current_family,confirmed_from_structured_dataset,Family-level presence from RNAVirHost lineage table. Legacy Totiviridae rows are resolved to current ICTV families by genus where possible; unmapped/unclassified rows are excluded.,include_eukaryotic,invertebrates,Riboviria,Orthornavirae,Pisuviricota,Pisoniviricetes,Nidovirales,ssRNA(+),RNA,4,True
RNAVirHost,Secoviridae,N,323,input_original/manual_downloads/RNAVirHost/virus_label(1).csv,Secoviridae,exact_current_family,confirmed_from_structured_dataset,Family-level presence from RNAVirHost lineage table. Legacy Totiviridae rows are resolved to current ICTV families by genus where possible; unmapped/unclassified rows are excluded.,include_eukaryotic,phytobiome (s); plants,Riboviria,Orthornavirae,Pisuviricota,Pisoniviricetes,Picornavirales,ssRNA(+),RNA,215,True
RNAVirHost,Sedoreoviridae,N,443,input_original/manual_downloads/RNAVirHost/virus_label(1).csv,Sedoreoviridae,exact_current_family,confirmed_from_structured_dataset,Family-level presence from RNAVirHost lineage table. Legacy Totiviridae rows are resolved to current ICTV families by genus where possible; unmapped/unclassified rows are excluded.,include_eukaryotic,"invertebrates; invertebrates, plants; invertebrates, vertebrates; protists; vertebrates",Riboviria,Orthornavirae,Duplornaviricota,Resentoviricetes,Reovirales,dsRNA,RNA,45,True
RNAVirHost,Sinhaliviridae,N,18,input_original/manual_downloads/RNAVirHost/virus_label(1).csv,Sinhaliviridae,exact_current_family,confirmed_from_structured_dataset,Family-level presence from RNAVirHost lineage table. Legacy Totiviridae rows are resolved to current ICTV families by genus where possible; unmapped/unclassified rows are excluded.,include_eukaryotic,invertebrates,Riboviria,Orthornavirae,Kitrinoviricota,Magsaviricetes,Nodamuvirales,ssRNA(+),RNA,2,True
RNAVirHost,Solemoviridae,N,120,input_original/manual_downloads/RNAVirHost/virus_label(1).csv,Solemoviridae,exact_current_family,confirmed_from_structured_dataset,Family-level presence from RNAVirHost lineage table. Legacy Totiviridae rows are resolved to current ICTV families by genus where possible; unmapped/unclassified rows are excluded.,include_eukaryotic,fungi; plants,Riboviria,Orthornavirae,Pisuviricota,Pisoniviricetes,Sobelivirales,ssRNA(+),RNA,148,True
RNAVirHost,Solinviviridae,N,5,input_original/manual_downloads/RNAVirHost/virus_label(1).csv,Solinviviridae,exact_current_family,confirmed_from_structured_dataset,Family-level presence from RNAVirHost lineage table. Legacy Totiviridae rows are resolved to current ICTV families by genus where possible; unmapped/unclassified rows are excluded.,include_eukaryotic,invertebrates,Riboviria,Orthornavirae,Pisuviricota,Pisoniviricetes,Picornavirales,ssRNA(+),RNA,2,True
RNAVirHost,Spinareoviridae,N,479,input_original/manual_downloads/RNAVirHost/virus_label(1).csv,Spinareoviridae,exact_current_family,confirmed_from_structured_dataset,Family-level presence from RNAVirHost lineage table. Legacy Totiviridae rows are resolved to current ICTV families by genus where possible; unmapped/unclassified rows are excluded.,include_eukaryotic,"fungi; invertebrates; invertebrates, plants; invertebrates, vertebrates; vertebrates",Riboviria,Orthornavirae,Duplornaviricota,Resentoviricetes,Reovirales,dsRNA,RNA,59,True
RNAVirHost,Sunviridae,N,1,input_original/manual_downloads/RNAVirHost/virus_label(1).csv,Sunviridae,exact_current_family,confirmed_from_structured_dataset,Family-level presence from RNAVirHost lineage table. Legacy Totiviridae rows are resolved to current ICTV families by genus where possible; unmapped/unclassified rows are excluded.,include_eukaryotic,vertebrates,Riboviria,Orthornavirae,Negarnaviricota,Monjiviricetes,Mononegavirales,ssRNA(-),RNA,1,True
RNAVirHost,Tobaniviridae,N,30,input_original/manual_downloads/RNAVirHost/virus_label(1).csv,Tobaniviridae,exact_current_family,confirmed_from_structured_dataset,Family-level presence from RNAVirHost lineage table. Legacy Totiviridae rows are resolved to current ICTV families by genus where possible; unmapped/unclassified rows are excluded.,include_eukaryotic,invertebrates (s); vertebrates,Riboviria,Orthornavirae,Pisuviricota,Pisoniviricetes,Nidovirales,ssRNA(+),RNA,22,True
RNAVirHost,Togaviridae,N,63,input_original/manual_downloads/RNAVirHost/virus_label(1).csv,Togaviridae,exact_current_family,confirmed_from_structured_dataset,Family-level presence from RNAVirHost lineage table. Legacy Totiviridae rows are resolved to current ICTV families by genus where possible; unmapped/unclassified rows are excluded.,include_eukaryotic,"invertebrates; invertebrates, vertebrates; vertebrates",Riboviria,Orthornavirae,Kitrinoviricota,Alsuviricetes,Martellivirales,ssRNA(+),RNA,32,True
RNAVirHost,Tombusviridae,N,219,input_original/manual_downloads/RNAVirHost/virus_label(1).csv,Tombusviridae,exact_current_family,confirmed_from_structured_dataset,Family-level presence from RNAVirHost lineage table. Legacy Totiviridae rows are resolved to current ICTV families by genus where possible; unmapped/unclassified rows are excluded.,include_eukaryotic,fungi; invertebrates (s); plants; plants (s); vertebrates,Riboviria,Orthornavirae,Kitrinoviricota,Tolucaviricetes,Tolivirales,ssRNA(+),RNA,102,True
RNAVirHost,Tospoviridae,N,94,input_original/manual_downloads/RNAVirHost/virus_label(1).csv,Tospoviridae,exact_current_family,confirmed_from_structured_dataset,Family-level presence from RNAVirHost lineage table. Legacy Totiviridae rows are resolved to current ICTV families by genus where possible; unmapped/unclassified rows are excluded.,include_eukaryotic,"invertebrates, plants",Riboviria,Orthornavirae,Negarnaviricota,Bunyaviricetes,Elliovirales,ssRNA(+/-),RNA,36,True
RNAVirHost,Tulasviridae,N,2,input_original/manual_downloads/RNAVirHost/virus_label(1).csv,Tulasviridae,exact_current_family,confirmed_from_structured_dataset,Family-level presence from RNAVirHost lineage table. Legacy Totiviridae rows are resolved to current ICTV families by genus where possible; unmapped/unclassified rows are excluded.,include_eukaryotic,fungi,Riboviria,Orthornavirae,Negarnaviricota,Bunyaviricetes,Elliovirales,ssRNA(+/-),RNA,2,True
RNAVirHost,Tymoviridae,N,131,input_original/manual_downloads/RNAVirHost/virus_label(1).csv,Tymoviridae,exact_current_family,confirmed_from_structured_dataset,Family-level presence from RNAVirHost lineage table. Legacy Totiviridae rows are resolved to current ICTV families by genus where possible; unmapped/unclassified rows are excluded.,include_eukaryotic,plants,Riboviria,Orthornavirae,Kitrinoviricota,Alsuviricetes,Tymovirales,ssDNA(+/-); ssRNA(+),Mixed/unknown,43,True
RNAVirHost,Virgaviridae,N,165,input_original/manual_downloads/RNAVirHost/virus_label(1).csv,Virgaviridae,exact_current_family,confirmed_from_structured_dataset,Family-level presence from RNAVirHost lineage table. Legacy Totiviridae rows are resolved to current ICTV families by genus where possible; unmapped/unclassified rows are excluded.,include_eukaryotic,plants,Riboviria,Orthornavirae,Kitrinoviricota,Alsuviricetes,Martellivirales,ssRNA(+),RNA,59,True
RNAVirHost,Wupedeviridae,N,3,input_original/manual_downloads/RNAVirHost/virus_label(1).csv,Wupedeviridae,exact_current_family,confirmed_from_structured_dataset,Family-level presence from RNAVirHost lineage table. Legacy Totiviridae rows are resolved to current ICTV families by genus where possible; unmapped/unclassified rows are excluded.,include_eukaryotic,invertebrates,Riboviria,Orthornavirae,Negarnaviricota,Bunyaviricetes,Hareavirales,ssRNA(-),RNA,1,True
RNAVirHost,Xinmoviridae,N,10,input_original/manual_downloads/RNAVirHost/virus_label(1).csv,Xinmoviridae,exact_current_family,confirmed_from_structured_dataset,Family-level presence from RNAVirHost lineage table. Legacy Totiviridae rows are resolved to current ICTV families by genus where possible; unmapped/unclassified rows are excluded.,include_eukaryotic,invertebrates; vertebrates (s),Riboviria,Orthornavirae,Negarnaviricota,Monjiviricetes,Mononegavirales,ssRNA(-),RNA,30,True
RNAVirHost,Yadokariviridae,N,7,input_original/manual_downloads/RNAVirHost/virus_label(1).csv,Yadokariviridae,exact_current_family,confirmed_from_structured_dataset,Family-level presence from RNAVirHost lineage table. Legacy Totiviridae rows are resolved to current ICTV families by genus where possible; unmapped/unclassified rows are excluded.,include_eukaryotic,fungi; protists,Riboviria,Orthornavirae,Pisuviricota,,Yadokarivirales,ssRNA(+),RNA,10,True
RNAVirHost,Yueviridae,N,3,input_original/manual_downloads/RNAVirHost/virus_label(1).csv,Yueviridae,exact_current_family,confirmed_from_structured_dataset,Family-level presence from RNAVirHost lineage table. Legacy Totiviridae rows are resolved to current ICTV families by genus where possible; unmapped/unclassified rows are excluded.,include_eukaryotic,invertebrates,Riboviria,Orthornavirae,Negarnaviricota,Yunchangviricetes,Goujianvirales,ssRNA(-),RNA,2,True
SPHAK,Adenoviridae,P,156,input_original/manual_downloads/SPHAK/animal_virus_data.csv,Adenoviridae,exact_current_family,confirmed_from_structured_dataset,Family-level presence inferred from SPHAK protein records and deduplicated to current ICTV families.,include_eukaryotic,vertebrates,Varidnaviria,Bamfordvirae,Preplasmiviricota,Pharingeaviricetes,Rowavirales,dsDNA,DNA,145,True
SPHAK,Anelloviridae,P,3713,input_original/manual_downloads/SPHAK/animal_virus_data.csv,Anelloviridae,exact_current_family,confirmed_from_structured_dataset,Family-level presence inferred from SPHAK protein records and deduplicated to current ICTV families.,include_eukaryotic,invertebrates; vertebrates,Floreoviria,Shotokuvirae,Commensaviricota,Cardeaviricetes,Sanitavirales,ssDNA(+/-); ssDNA(-),DNA,243,True
SPHAK,Astroviridae,P,305,input_original/manual_downloads/SPHAK/animal_virus_data.csv,Astroviridae,exact_current_family,confirmed_from_structured_dataset,Family-level presence inferred from SPHAK protein records and deduplicated to current ICTV families.,include_eukaryotic,vertebrates,Riboviria,Orthornavirae,Pisuviricota,Stelpaviricetes,Stellavirales,ssRNA(+),RNA,31,True
SPHAK,Bromoviridae,P,222,input_original/manual_downloads/SPHAK/plant_virus_data.csv,Bromoviridae,exact_current_family,confirmed_from_structured_dataset,Family-level presence inferred from SPHAK protein records and deduplicated to current ICTV families.,include_eukaryotic,plants,Riboviria,Orthornavirae,Kitrinoviricota,Alsuviricetes,Martellivirales,ssRNA(+),RNA,52,True
SPHAK,Caliciviridae,P,666,input_original/manual_downloads/SPHAK/animal_virus_data.csv,Caliciviridae,exact_current_family,confirmed_from_structured_dataset,Family-level presence inferred from SPHAK protein records and deduplicated to current ICTV families.,include_eukaryotic,vertebrates,Riboviria,Orthornavirae,Pisuviricota,Pisoniviricetes,Picornavirales,ssRNA(+),RNA,12,True
SPHAK,Closteroviridae,P,241,input_original/manual_downloads/SPHAK/plant_virus_data.csv,Closteroviridae,exact_current_family,confirmed_from_structured_dataset,Family-level presence inferred from SPHAK protein records and deduplicated to current ICTV families.,include_eukaryotic,plants,Riboviria,Orthornavirae,Kitrinoviricota,Alsuviricetes,Martellivirales,ssRNA(+),RNA,88,True
SPHAK,Coronaviridae,P,897,input_original/manual_downloads/SPHAK/animal_virus_data.csv,Coronaviridae,exact_current_family,confirmed_from_structured_dataset,Family-level presence inferred from SPHAK protein records and deduplicated to current ICTV families.,include_eukaryotic,vertebrates,Riboviria,Orthornavirae,Pisuviricota,Pisoniviricetes,Nidovirales,ssRNA(+),RNA,54,True
SPHAK,Geminiviridae,P,4081,input_original/manual_downloads/SPHAK/plant_virus_data.csv,Geminiviridae,exact_current_family,confirmed_from_structured_dataset,Family-level presence inferred from SPHAK protein records and deduplicated to current ICTV families.,include_eukaryotic,"invertebrates; invertebrates, plants; plants",Floreoviria,Shotokuvirae,Cressdnaviricota,Repensiviricetes,Geplafuvirales,ssDNA; ssDNA(+/-),DNA,560,True
SPHAK,Nanoviridae,P,141,input_original/manual_downloads/SPHAK/plant_virus_data.csv,Nanoviridae,exact_current_family,confirmed_from_structured_dataset,Family-level presence inferred from SPHAK protein records and deduplicated to current ICTV families.,include_eukaryotic,plants,Floreoviria,Shotokuvirae,Cressdnaviricota,Arfiviricetes,Mulpavirales,ssDNA(+),DNA,15,True
SPHAK,Orthomyxoviridae,P,1227,input_original/manual_downloads/SPHAK/animal_virus_data.csv,Orthomyxoviridae,exact_current_family,confirmed_from_structured_dataset,Family-level presence inferred from SPHAK protein records and deduplicated to current ICTV families.,include_eukaryotic,"invertebrates; invertebrates, vertebrates; vertebrates",Riboviria,Orthornavirae,Negarnaviricota,Insthoviricetes,Articulavirales,ssRNA(-),RNA,21,True
SPHAK,Papillomaviridae,P,1190,input_original/manual_downloads/SPHAK/animal_virus_data.csv,Papillomaviridae,exact_current_family,confirmed_from_structured_dataset,Family-level presence inferred from SPHAK protein records and deduplicated to current ICTV families.,include_eukaryotic,vertebrates,Floreoviria,Shotokuvirae,Cossaviricota,Papovaviricetes,Zurhausenvirales,dsDNA,DNA,133,True
SPHAK,Paramyxoviridae,P,1764,input_original/manual_downloads/SPHAK/animal_virus_data.csv,Paramyxoviridae,exact_current_family,confirmed_from_structured_dataset,Family-level presence inferred from SPHAK protein records and deduplicated to current ICTV families.,include_eukaryotic,vertebrates,Riboviria,Orthornavirae,Negarnaviricota,Monjiviricetes,Mononegavirales,ssRNA(-),RNA,153,True
SPHAK,Parvoviridae,P,226,input_original/manual_downloads/SPHAK/animal_virus_data.csv,Parvoviridae,exact_current_family,confirmed_from_structured_dataset,Family-level presence inferred from SPHAK protein records and deduplicated to current ICTV families.,include_eukaryotic,"invertebrates; invertebrates, vertebrates; vertebrates",Floreoviria,Shotokuvirae,Cossaviricota,Quintoviricetes,Piccovirales,ssDNA; ssDNA(+/-),DNA,281,True
SPHAK,Pneumoviridae,P,238,input_original/manual_downloads/SPHAK/animal_virus_data.csv,Pneumoviridae,exact_current_family,confirmed_from_structured_dataset,Family-level presence inferred from SPHAK protein records and deduplicated to current ICTV families.,include_eukaryotic,vertebrates,Riboviria,Orthornavirae,Negarnaviricota,Monjiviricetes,Mononegavirales,ssRNA(-),RNA,5,True
SPHAK,Polyomaviridae,P,381,input_original/manual_downloads/SPHAK/animal_virus_data.csv,Polyomaviridae,exact_current_family,confirmed_from_structured_dataset,Family-level presence inferred from SPHAK protein records and deduplicated to current ICTV families.,include_eukaryotic,vertebrates,Floreoviria,Shotokuvirae,Cossaviricota,Papovaviricetes,Sepolyvirales,dsDNA,DNA,122,True
SPHAK,Potyviridae,P,118,input_original/manual_downloads/SPHAK/plant_virus_data.csv,Potyviridae,exact_current_family,confirmed_from_structured_dataset,Family-level presence inferred from SPHAK protein records and deduplicated to current ICTV families.,include_eukaryotic,plants,Riboviria,Orthornavirae,Pisuviricota,Stelpaviricetes,Patatavirales,ssRNA(+),RNA,264,True
SPHAK,Retroviridae,P,292,input_original/manual_downloads/SPHAK/animal_virus_data.csv,Retroviridae,exact_current_family,confirmed_from_structured_dataset,Family-level presence inferred from SPHAK protein records and deduplicated to current ICTV families.,include_eukaryotic,vertebrates,Riboviria,Pararnavirae,Artverviricota,Revtraviricetes,Ortervirales,ssRNA-RT,Reverse-transcribing,65,True
SPHAK,Virgaviridae,P,209,input_original/manual_downloads/SPHAK/plant_virus_data.csv,Virgaviridae,exact_current_family,confirmed_from_structured_dataset,Family-level presence inferred from SPHAK protein records and deduplicated to current ICTV families.,include_eukaryotic,plants,Riboviria,Orthornavirae,Kitrinoviricota,Alsuviricetes,Martellivirales,ssRNA(+),RNA,59,True
UniVH,Alphaflexiviridae,H,17,input_original/manual_downloads/UniVH/dataset.csv,Alphaflexiviridae,ncbi_family_ancestor_harmonized; ncbi_name_exact_current_ictv_species,confirmed_from_audited_mapping_table,Family-level presence from audited UniVH record-to-family mapping of the raw release.,include_eukaryotic,fungi; plants,Riboviria,Orthornavirae,Kitrinoviricota,Alsuviricetes,Tymovirales,ssRNA(+),RNA,73,True
UniVH,Alphatetraviridae,H,1,input_original/manual_downloads/UniVH/dataset.csv,Alphatetraviridae,ncbi_family_ancestor_harmonized,confirmed_from_audited_mapping_table,Family-level presence from audited UniVH record-to-family mapping of the raw release.,include_eukaryotic,invertebrates,Riboviria,Orthornavirae,Kitrinoviricota,Alsuviricetes,Hepelivirales,ssRNA(+),RNA,10,True
UniVH,Alternaviridae,H,3,input_original/manual_downloads/UniVH/dataset.csv,Alternaviridae,ncbi_family_ancestor_harmonized; ncbi_name_exact_current_ictv_species,confirmed_from_audited_mapping_table,Family-level presence from audited UniVH record-to-family mapping of the raw release.,include_eukaryotic,fungi,Riboviria,Orthornavirae,Duplornaviricota,Chrymotiviricetes,Ghabrivirales,dsRNA,RNA,5,True
UniVH,Amalgaviridae,H,14,input_original/manual_downloads/UniVH/dataset.csv,Amalgaviridae,ncbi_family_ancestor_harmonized; ncbi_name_exact_current_ictv_species; unique_vmr_genbank_accession,confirmed_from_audited_mapping_table,Family-level presence from audited UniVH record-to-family mapping of the raw release.,include_eukaryotic,fungi; plants,Riboviria,Orthornavirae,Pisuviricota,Duplopiviricetes,Durnavirales,dsRNA,RNA,23,True
UniVH,Ambiguiviridae,H,8,input_original/manual_downloads/UniVH/dataset.csv,Ambiguiviridae,ncbi_name_exact_current_ictv_species,confirmed_from_audited_mapping_table,Family-level presence from audited UniVH record-to-family mapping of the raw release.,include_eukaryotic,fungi; invertebrates (s); phytobiome (s); plants (s); soil (s),Riboviria,Orthornavirae,Kitrinoviricota,Tolucaviricetes,Tolivirales,ssRNA(+),RNA,42,True
UniVH,Arenaviridae,H,16,input_original/manual_downloads/UniVH/dataset.csv,Arenaviridae,ncbi_family_ancestor_harmonized; ncbi_name_exact_current_ictv_species,confirmed_from_audited_mapping_table,Family-level presence from audited UniVH record-to-family mapping of the raw release.,include_eukaryotic,freshwater (s); vertebrates,Riboviria,Orthornavirae,Negarnaviricota,Bunyaviricetes,Hareavirales,ssRNA(+/-); ssRNA(-),RNA,71,True
UniVH,Arteriviridae,H,14,input_original/manual_downloads/UniVH/dataset.csv,Arteriviridae,ncbi_family_ancestor_harmonized; ncbi_name_exact_current_ictv_species,confirmed_from_audited_mapping_table,Family-level presence from audited UniVH record-to-family mapping of the raw release.,include_eukaryotic,vertebrates,Riboviria,Orthornavirae,Pisuviricota,Pisoniviricetes,Nidovirales,ssRNA(+),RNA,23,True
UniVH,Artiviridae,H,3,input_original/manual_downloads/UniVH/dataset.csv,Artiviridae,ncbi_family_ancestor_harmonized; ncbi_name_exact_current_ictv_species,confirmed_from_audited_mapping_table,Family-level presence from audited UniVH record-to-family mapping of the raw release.,include_eukaryotic,invertebrates,Riboviria,Orthornavirae,Duplornaviricota,Chrymotiviricetes,Ghabrivirales,dsRNA,RNA,9,True
UniVH,Artoviridae,H,1,input_original/manual_downloads/UniVH/dataset.csv,Artoviridae,unique_vmr_genbank_accession,confirmed_from_audited_mapping_table,Family-level presence from audited UniVH record-to-family mapping of the raw release.,include_eukaryotic,invertebrates; plants; vertebrates,Riboviria,Orthornavirae,Negarnaviricota,Monjiviricetes,Mononegavirales,ssRNA(-),RNA,14,True
UniVH,Astroviridae,H,70,input_original/manual_downloads/UniVH/dataset.csv,Astroviridae,ncbi_family_ancestor_harmonized; ncbi_name_exact_current_ictv_species; ncbi_name_historical_ictv_species_alias,confirmed_from_audited_mapping_table,Family-level presence from audited UniVH record-to-family mapping of the raw release.,include_eukaryotic,vertebrates,Riboviria,Orthornavirae,Pisuviricota,Stelpaviricetes,Stellavirales,ssRNA(+),RNA,31,True
UniVH,Benyviridae,H,3,input_original/manual_downloads/UniVH/dataset.csv,Benyviridae,ncbi_name_exact_current_ictv_species,confirmed_from_audited_mapping_table,Family-level presence from audited UniVH record-to-family mapping of the raw release.,include_eukaryotic,plants,Riboviria,Orthornavirae,Kitrinoviricota,Alsuviricetes,Hepelivirales,ssRNA(+),RNA,5,True
UniVH,Betaflexiviridae,H,85,input_original/manual_downloads/UniVH/dataset.csv,Betaflexiviridae,ncbi_family_ancestor_harmonized; ncbi_name_exact_current_ictv_species,confirmed_from_audited_mapping_table,Family-level presence from audited UniVH record-to-family mapping of the raw release.,include_eukaryotic,plants,Riboviria,Orthornavirae,Kitrinoviricota,Alsuviricetes,Tymovirales,ssRNA(+),RNA,159,True
UniVH,Birnaviridae,H,12,input_original/manual_downloads/UniVH/dataset.csv,Birnaviridae,ncbi_family_ancestor_harmonized; ncbi_name_exact_current_ictv_species,confirmed_from_audited_mapping_table,Family-level presence from audited UniVH record-to-family mapping of the raw release.,include_eukaryotic,invertebrates; vertebrates,Riboviria,Orthornavirae,,,,dsRNA,RNA,11,False
UniVH,Bornaviridae,H,4,input_original/manual_downloads/UniVH/dataset.csv,Bornaviridae,ncbi_name_exact_current_ictv_species,confirmed_from_audited_mapping_table,Family-level presence from audited UniVH record-to-family mapping of the raw release.,include_eukaryotic,vertebrates,Riboviria,Orthornavirae,Negarnaviricota,Monjiviricetes,Mononegavirales,ssRNA(-),RNA,18,True
UniVH,Botourmiaviridae,H,48,input_original/manual_downloads/UniVH/dataset.csv,Botourmiaviridae,ncbi_family_ancestor_harmonized; ncbi_name_exact_current_ictv_species,confirmed_from_audited_mapping_table,Family-level presence from audited UniVH record-to-family mapping of the raw release.,include_eukaryotic,fungi; plants; unknown (s),Riboviria,Orthornavirae,Lenarviricota,Miaviricetes,Ourlivirales,ssRNA(+),RNA,150,True
UniVH,Botybirnaviridae,H,6,input_original/manual_downloads/UniVH/dataset.csv,Botybirnaviridae,ncbi_family_ancestor_harmonized; ncbi_name_exact_current_ictv_species,confirmed_from_audited_mapping_table,Family-level presence from audited UniVH record-to-family mapping of the raw release.,include_eukaryotic,fungi; protists (s),Riboviria,Orthornavirae,Duplornaviricota,Chrymotiviricetes,Ghabrivirales,dsRNA,RNA,9,True
UniVH,Bromoviridae,H,26,input_original/manual_downloads/UniVH/dataset.csv,Bromoviridae,ncbi_family_ancestor_harmonized; ncbi_name_exact_current_ictv_species,confirmed_from_audited_mapping_table,Family-level presence from audited UniVH record-to-family mapping of the raw release.,include_eukaryotic,plants,Riboviria,Orthornavirae,Kitrinoviricota,Alsuviricetes,Martellivirales,ssRNA(+),RNA,52,True
UniVH,Caliciviridae,H,29,input_original/manual_downloads/UniVH/dataset.csv,Caliciviridae,ncbi_family_ancestor_harmonized; ncbi_name_exact_current_ictv_species,confirmed_from_audited_mapping_table,Family-level presence from audited UniVH record-to-family mapping of the raw release.,include_eukaryotic,vertebrates,Riboviria,Orthornavirae,Pisuviricota,Pisoniviricetes,Picornavirales,ssRNA(+),RNA,12,True
UniVH,Carmotetraviridae,H,1,input_original/manual_downloads/UniVH/dataset.csv,Carmotetraviridae,ncbi_name_exact_current_ictv_species,confirmed_from_audited_mapping_table,Family-level presence from audited UniVH record-to-family mapping of the raw release.,include_eukaryotic,invertebrates,Riboviria,Orthornavirae,Kitrinoviricota,Tolucaviricetes,Tolivirales,ssRNA(+),RNA,1,True
UniVH,Chrysoviridae,H,12,input_original/manual_downloads/UniVH/dataset.csv,Chrysoviridae,ncbi_family_ancestor_harmonized; ncbi_name_exact_current_ictv_species,confirmed_from_audited_mapping_table,Family-level presence from audited UniVH record-to-family mapping of the raw release.,include_eukaryotic,fungi; invertebrates (s); plants (s),Riboviria,Orthornavirae,Duplornaviricota,Chrymotiviricetes,Ghabrivirales,dsRNA,RNA,31,True
UniVH,Chuviridae,H,13,input_original/manual_downloads/UniVH/dataset.csv,Chuviridae,ncbi_family_ancestor_harmonized; ncbi_name_exact_current_ictv_species,confirmed_from_audited_mapping_table,Family-level presence from audited UniVH record-to-family mapping of the raw release.,include_eukaryotic,invertebrates; vertebrates,Riboviria,Orthornavirae,Negarnaviricota,Monjiviricetes,Jingchuvirales,ssRNA(-),RNA,43,True
UniVH,Closteroviridae,H,44,input_original/manual_downloads/UniVH/dataset.csv,Closteroviridae,ncbi_family_ancestor_harmonized; ncbi_name_exact_current_ictv_species,confirmed_from_audited_mapping_table,Family-level presence from audited UniVH record-to-family mapping of the raw release.,include_eukaryotic,plants,Riboviria,Orthornavirae,Kitrinoviricota,Alsuviricetes,Martellivirales,ssRNA(+),RNA,88,True
UniVH,Coronaviridae,H,77,input_original/manual_downloads/UniVH/dataset.csv,Coronaviridae,ncbi_family_ancestor_harmonized; ncbi_name_exact_current_ictv_species,confirmed_from_audited_mapping_table,Family-level presence from audited UniVH record-to-family mapping of the raw release.,include_eukaryotic,vertebrates,Riboviria,Orthornavirae,Pisuviricota,Pisoniviricetes,Nidovirales,ssRNA(+),RNA,54,True
UniVH,Cremegaviridae,H,1,input_original/manual_downloads/UniVH/dataset.csv,Cremegaviridae,ncbi_name_exact_current_ictv_species,confirmed_from_audited_mapping_table,Family-level presence from audited UniVH record-to-family mapping of the raw release.,include_eukaryotic,vertebrates,Riboviria,Orthornavirae,Pisuviricota,Pisoniviricetes,Nidovirales,ssRNA(+),RNA,2,True
UniVH,Curvulaviridae,H,4,input_original/manual_downloads/UniVH/dataset.csv,Curvulaviridae,ncbi_family_ancestor_harmonized; ncbi_name_exact_current_ictv_species,confirmed_from_audited_mapping_table,Family-level presence from audited UniVH record-to-family mapping of the raw release.,include_eukaryotic,fungi,Riboviria,Orthornavirae,Pisuviricota,Duplopiviricetes,Durnavirales,dsRNA,RNA,8,True
UniVH,Deltaflexiviridae,H,10,input_original/manual_downloads/UniVH/dataset.csv,Deltaflexiviridae,ncbi_family_ancestor_harmonized; ncbi_name_exact_current_ictv_species,confirmed_from_audited_mapping_table,Family-level presence from audited UniVH record-to-family mapping of the raw release.,include_eukaryotic,fungi,Riboviria,Orthornavirae,Kitrinoviricota,Alsuviricetes,Tymovirales,ssRNA(+),RNA,4,True
UniVH,Dicistroviridae,H,40,input_original/manual_downloads/UniVH/dataset.csv,Dicistroviridae,ncbi_family_ancestor_harmonized; ncbi_name_exact_current_ictv_species,confirmed_from_audited_mapping_table,Family-level presence from audited UniVH record-to-family mapping of the raw release.,include_eukaryotic,invertebrates,Riboviria,Orthornavirae,Pisuviricota,Pisoniviricetes,Picornavirales,ssRNA(+),RNA,16,True
UniVH,Endornaviridae,H,16,input_original/manual_downloads/UniVH/dataset.csv,Endornaviridae,ncbi_family_ancestor_harmonized; ncbi_name_exact_current_ictv_species,confirmed_from_audited_mapping_table,Family-level presence from audited UniVH record-to-family mapping of the raw release.,include_eukaryotic,fungi; plants; protists,Riboviria,Orthornavirae,Kitrinoviricota,Alsuviricetes,Martellivirales,ssRNA(+),RNA,31,True
UniVH,Filoviridae,H,8,input_original/manual_downloads/UniVH/dataset.csv,Filoviridae,ncbi_name_exact_current_ictv_species,confirmed_from_audited_mapping_table,Family-level presence from audited UniVH record-to-family mapping of the raw release.,include_eukaryotic,vertebrates,Riboviria,Orthornavirae,Negarnaviricota,Monjiviricetes,Mononegavirales,ssRNA(-),RNA,17,True
UniVH,Fimoviridae,H,7,input_original/manual_downloads/UniVH/dataset.csv,Fimoviridae,ncbi_family_ancestor_harmonized; ncbi_name_exact_current_ictv_species,confirmed_from_audited_mapping_table,Family-level presence from audited UniVH record-to-family mapping of the raw release.,include_eukaryotic,plants,Riboviria,Orthornavirae,Negarnaviricota,Bunyaviricetes,Elliovirales,ssRNA(-),RNA,33,True
UniVH,Flaviviridae,H,39,input_original/manual_downloads/UniVH/dataset.csv,Flaviviridae,ncbi_family_ancestor_harmonized; ncbi_name_exact_current_ictv_species,confirmed_from_audited_mapping_table,Family-level presence from audited UniVH record-to-family mapping of the raw release.,include_eukaryotic,"invertebrates; invertebrates, vertebrates; vertebrates",Riboviria,Orthornavirae,Kitrinoviricota,Flasuviricetes,Amarillovirales,ssRNA(+),RNA,61,True
UniVH,Fusagraviridae,H,5,input_original/manual_downloads/UniVH/dataset.csv,Fusagraviridae,ncbi_name_exact_current_ictv_species,confirmed_from_audited_mapping_table,Family-level presence from audited UniVH record-to-family mapping of the raw release.,include_eukaryotic,fungi; plants; protists,Riboviria,Orthornavirae,Duplornaviricota,Chrymotiviricetes,Ghabrivirales,dsRNA,RNA,20,True
UniVH,Fusariviridae,H,28,input_original/manual_downloads/UniVH/dataset.csv,Fusariviridae,ncbi_family_ancestor_harmonized; ncbi_name_exact_current_ictv_species,confirmed_from_audited_mapping_table,Family-level presence from audited UniVH record-to-family mapping of the raw release.,include_eukaryotic,fungi; protists,Riboviria,Orthornavirae,Pisuviricota,Stelpaviricetes,Hypofuvirales,ssRNA(+),RNA,53,True
UniVH,Hadakaviridae,H,1,input_original/manual_downloads/UniVH/dataset.csv,Hadakaviridae,ncbi_name_exact_current_ictv_species,confirmed_from_audited_mapping_table,Family-level presence from audited UniVH record-to-family mapping of the raw release.,include_eukaryotic,fungi,Riboviria,Orthornavirae,Pisuviricota,Mycopleornaviricetes,Xenadelphovirales,ssRNA(+),RNA,1,True
UniVH,Hantaviridae,H,8,input_original/manual_downloads/UniVH/dataset.csv,Hantaviridae,ncbi_family_ancestor_harmonized; ncbi_name_exact_current_ictv_species,confirmed_from_audited_mapping_table,Family-level presence from audited UniVH record-to-family mapping of the raw release.,include_eukaryotic,vertebrates,Riboviria,Orthornavirae,Negarnaviricota,Bunyaviricetes,Elliovirales,ssRNA(-),RNA,55,True
UniVH,Hepaciviridae,H,30,input_original/manual_downloads/UniVH/dataset.csv,Hepaciviridae,ncbi_current_family_overrides_historical_source_family; ncbi_name_exact_current_ictv_species; ncbi_name_historical_ictv_species_alias,confirmed_from_audited_mapping_table,Family-level presence from audited UniVH record-to-family mapping of the raw release.,include_eukaryotic,vertebrates,Riboviria,Orthornavirae,Kitrinoviricota,Flasuviricetes,Amarillovirales,ssRNA(+),RNA,25,True
UniVH,Hepeviridae,H,11,input_original/manual_downloads/UniVH/dataset.csv,Hepeviridae,ncbi_family_ancestor_harmonized; ncbi_name_exact_current_ictv_species,confirmed_from_audited_mapping_table,Family-level presence from audited UniVH record-to-family mapping of the raw release.,include_eukaryotic,vertebrates,Riboviria,Orthornavirae,Kitrinoviricota,Alsuviricetes,Hepelivirales,ssRNA(+); ssRNA(+/-),RNA,11,True
UniVH,Hypoviridae,H,10,input_original/manual_downloads/UniVH/dataset.csv,Hypoviridae,ncbi_family_ancestor_harmonized; ncbi_name_exact_current_ictv_species,confirmed_from_audited_mapping_table,Family-level presence from audited UniVH record-to-family mapping of the raw release.,include_eukaryotic,fungi; invertebrates,Riboviria,Orthornavirae,Pisuviricota,Stelpaviricetes,Hypofuvirales,ssRNA(+),RNA,57,True
UniVH,Iflaviridae,H,34,input_original/manual_downloads/UniVH/dataset.csv,Iflaviridae,ncbi_family_ancestor_harmonized; ncbi_name_exact_current_ictv_species,confirmed_from_audited_mapping_table,Family-level presence from audited UniVH record-to-family mapping of the raw release.,include_eukaryotic,invertebrates,Riboviria,Orthornavirae,Pisuviricota,Pisoniviricetes,Picornavirales,ssRNA(+),RNA,16,True
UniVH,Inseviridae,H,2,input_original/manual_downloads/UniVH/dataset.csv,Inseviridae,ncbi_name_exact_current_ictv_species,confirmed_from_audited_mapping_table,Family-level presence from audited UniVH record-to-family mapping of the raw release.,include_eukaryotic,invertebrates,Riboviria,Orthornavirae,Duplornaviricota,Chrymotiviricetes,Ghabrivirales,dsRNA,RNA,16,True
UniVH,Kitaviridae,H,3,input_original/manual_downloads/UniVH/dataset.csv,Kitaviridae,ncbi_name_exact_current_ictv_species,confirmed_from_audited_mapping_table,Family-level presence from audited UniVH record-to-family mapping of the raw release.,include_eukaryotic,"invertebrates, plants; plants",Riboviria,Orthornavirae,Kitrinoviricota,Alsuviricetes,Martellivirales,ssRNA(+),RNA,27,True
UniVH,Lebotiviridae,H,3,input_original/manual_downloads/UniVH/dataset.csv,Lebotiviridae,ncbi_name_exact_current_ictv_species,confirmed_from_audited_mapping_table,Family-level presence from audited UniVH record-to-family mapping of the raw release.,include_eukaryotic,invertebrates,Riboviria,Orthornavirae,Duplornaviricota,Chrymotiviricetes,Ghabrivirales,dsRNA,RNA,8,True
UniVH,Lispiviridae,H,3,input_original/manual_downloads/UniVH/dataset.csv,Lispiviridae,ncbi_name_exact_current_ictv_species,confirmed_from_audited_mapping_table,Family-level presence from audited UniVH record-to-family mapping of the raw release.,include_eukaryotic,invertebrates; vertebrates,Riboviria,Orthornavirae,Negarnaviricota,Monjiviricetes,Mononegavirales,ssRNA(-),RNA,51,True
UniVH,Mayoviridae,H,2,input_original/manual_downloads/UniVH/dataset.csv,Mayoviridae,ncbi_name_exact_current_ictv_species,confirmed_from_audited_mapping_table,Family-level presence from audited UniVH record-to-family mapping of the raw release.,include_eukaryotic,plants,Riboviria,Orthornavirae,Kitrinoviricota,Alsuviricetes,Martellivirales,ssRNA(+),RNA,4,True
UniVH,Megabirnaviridae,H,3,input_original/manual_downloads/UniVH/dataset.csv,Megabirnaviridae,ncbi_name_exact_current_ictv_species,confirmed_from_audited_mapping_table,Family-level presence from audited UniVH record-to-family mapping of the raw release.,include_eukaryotic,fungi,Riboviria,Orthornavirae,Duplornaviricota,Chrymotiviricetes,Ghabrivirales,dsRNA,RNA,5,True
UniVH,Megatotiviridae,H,1,input_original/manual_downloads/UniVH/dataset.csv,Megatotiviridae,ncbi_name_exact_current_ictv_species,confirmed_from_audited_mapping_table,Family-level presence from audited UniVH record-to-family mapping of the raw release.,include_eukaryotic,fungi,Riboviria,Orthornavirae,Duplornaviricota,Chrymotiviricetes,Ghabrivirales,dsRNA,RNA,2,True
UniVH,Mesoniviridae,H,2,input_original/manual_downloads/UniVH/dataset.csv,Mesoniviridae,ncbi_name_exact_current_ictv_species,confirmed_from_audited_mapping_table,Family-level presence from audited UniVH record-to-family mapping of the raw release.,include_eukaryotic,invertebrates,Riboviria,Orthornavirae,Pisuviricota,Pisoniviricetes,Nidovirales,ssRNA(+),RNA,14,True
UniVH,Metaviridae,H,1,input_original/manual_downloads/UniVH/dataset.csv,Metaviridae,ncbi_family_ancestor_harmonized,confirmed_from_audited_mapping_table,Family-level presence from audited UniVH record-to-family mapping of the raw release.,include_eukaryotic,fungi; invertebrates; plants; protists; vertebrates,Riboviria,Pararnavirae,Artverviricota,Revtraviricetes,Ortervirales,ssRNA-RT,Reverse-transcribing,31,True
UniVH,Mitoviridae,H,55,input_original/manual_downloads/UniVH/dataset.csv,Mitoviridae,ncbi_family_ancestor_harmonized; ncbi_name_exact_current_ictv_species,confirmed_from_audited_mapping_table,Family-level presence from audited UniVH record-to-family mapping of the raw release.,include_eukaryotic,fungi; plants,Riboviria,Orthornavirae,Lenarviricota,Howeltoviricetes,Cryppavirales,ssRNA(+),RNA,105,True
UniVH,Mycoalphaviridae,H,1,input_original/manual_downloads/UniVH/dataset.csv,Mycoalphaviridae,ncbi_name_exact_current_ictv_species,confirmed_from_audited_mapping_table,Family-level presence from audited UniVH record-to-family mapping of the raw release.,include_eukaryotic,fungi,Riboviria,Orthornavirae,Kitrinoviricota,Alsuviricetes,Hepelivirales,ssRNA(+),RNA,7,True
UniVH,Mymonaviridae,H,16,input_original/manual_downloads/UniVH/dataset.csv,Mymonaviridae,ncbi_family_ancestor_harmonized; ncbi_name_exact_current_ictv_species,confirmed_from_audited_mapping_table,Family-level presence from audited UniVH record-to-family mapping of the raw release.,include_eukaryotic,fungi; invertebrates; invertebrates (s); phytobiome (s); protists; soil (s),Riboviria,Orthornavirae,Negarnaviricota,Monjiviricetes,Mononegavirales,ssRNA(-),RNA,61,True
UniVH,Nairoviridae,H,6,input_original/manual_downloads/UniVH/dataset.csv,Nairoviridae,ncbi_family_ancestor_harmonized; ncbi_name_exact_current_ictv_species,confirmed_from_audited_mapping_table,Family-level presence from audited UniVH record-to-family mapping of the raw release.,include_eukaryotic,"invertebrates; invertebrates, vertebrates; vertebrates",Riboviria,Orthornavirae,Negarnaviricota,Bunyaviricetes,Hareavirales,ssRNA(-),RNA,60,True
UniVH,Narnaviridae,H,38,input_original/manual_downloads/UniVH/dataset.csv,Narnaviridae,ncbi_family_ancestor_harmonized,confirmed_from_audited_mapping_table,Family-level presence from audited UniVH record-to-family mapping of the raw release.,include_eukaryotic,fungi,Riboviria,Orthornavirae,Lenarviricota,Amabiliviricetes,Wolframvirales,ssRNA(+),RNA,2,True
UniVH,Nodaviridae,H,13,input_original/manual_downloads/UniVH/dataset.csv,Nodaviridae,ncbi_family_ancestor_harmonized; ncbi_name_exact_current_ictv_species,confirmed_from_audited_mapping_table,Family-level presence from audited UniVH record-to-family mapping of the raw release.,include_eukaryotic,invertebrates; vertebrates,Riboviria,Orthornavirae,Kitrinoviricota,Magsaviricetes,Nodamuvirales,ssRNA(+),RNA,9,True
UniVH,Nyamiviridae,H,1,input_original/manual_downloads/UniVH/dataset.csv,Nyamiviridae,ncbi_name_exact_current_ictv_species,confirmed_from_audited_mapping_table,Family-level presence from audited UniVH record-to-family mapping of the raw release.,include_eukaryotic,"invertebrates; invertebrates, vertebrates; vertebrates",Riboviria,Orthornavirae,Negarnaviricota,Monjiviricetes,Mononegavirales,ssRNA(-),RNA,30,True
UniVH,Orthomyxoviridae,H,6,input_original/manual_downloads/UniVH/dataset.csv,Orthomyxoviridae,ncbi_family_ancestor_harmonized; ncbi_name_exact_current_ictv_species,confirmed_from_audited_mapping_table,Family-level presence from audited UniVH record-to-family mapping of the raw release.,include_eukaryotic,"invertebrates; invertebrates, vertebrates; vertebrates",Riboviria,Orthornavirae,Negarnaviricota,Insthoviricetes,Articulavirales,ssRNA(-),RNA,21,True
UniVH,Orthototiviridae,H,41,input_original/manual_downloads/UniVH/dataset.csv,Orthototiviridae,ncbi_family_ancestor_harmonized; ncbi_name_exact_current_ictv_species,confirmed_from_audited_mapping_table,Family-level presence from audited UniVH record-to-family mapping of the raw release.,include_eukaryotic,fungi; invertebrates; plants; protists (s),Riboviria,Orthornavirae,Duplornaviricota,Chrymotiviricetes,Ghabrivirales,dsRNA,RNA,32,True
UniVH,Ourmiaviridae,H,1,input_original/manual_downloads/UniVH/dataset.csv,Ourmiaviridae,ncbi_name_exact_current_ictv_species,confirmed_from_audited_mapping_table,Family-level presence from audited UniVH record-to-family mapping of the raw release.,include_eukaryotic,freshwater (s); invertebrates (s); plants; plants (s); soil (s),Riboviria,Orthornavirae,Lenarviricota,Miaviricetes,Ourlivirales,ssRNA(+),RNA,27,True
UniVH,Parahypoviridae,H,4,input_original/manual_downloads/UniVH/dataset.csv,Parahypoviridae,ncbi_name_exact_current_ictv_species,confirmed_from_audited_mapping_table,Family-level presence from audited UniVH record-to-family mapping of the raw release.,include_eukaryotic,fungi,Riboviria,Orthornavirae,Pisuviricota,Stelpaviricetes,Hypofuvirales,ssRNA(+),RNA,14,True
UniVH,Paramyxoviridae,H,62,input_original/manual_downloads/UniVH/dataset.csv,Paramyxoviridae,ncbi_family_ancestor_harmonized; ncbi_name_exact_current_ictv_species,confirmed_from_audited_mapping_table,Family-level presence from audited UniVH record-to-family mapping of the raw release.,include_eukaryotic,vertebrates,Riboviria,Orthornavirae,Negarnaviricota,Monjiviricetes,Mononegavirales,ssRNA(-),RNA,153,True
UniVH,Partitiviridae,H,65,input_original/manual_downloads/UniVH/dataset.csv,Partitiviridae,ncbi_family_ancestor_harmonized; ncbi_name_exact_current_ictv_species,confirmed_from_audited_mapping_table,Family-level presence from audited UniVH record-to-family mapping of the raw release.,include_eukaryotic,fungi; plants; protists,Riboviria,Orthornavirae,Pisuviricota,Duplopiviricetes,Durnavirales,dsRNA,RNA,45,True
UniVH,Peribunyaviridae,H,37,input_original/manual_downloads/UniVH/dataset.csv,Peribunyaviridae,ncbi_name_exact_current_ictv_species,confirmed_from_audited_mapping_table,Family-level presence from audited UniVH record-to-family mapping of the raw release.,include_eukaryotic,"invertebrates; invertebrates, vertebrates; vertebrates",Riboviria,Orthornavirae,Negarnaviricota,Bunyaviricetes,Elliovirales,ssRNA(-),RNA,152,True
UniVH,Permutotetraviridae,H,2,input_original/manual_downloads/UniVH/dataset.csv,Permutotetraviridae,ncbi_family_ancestor_harmonized,confirmed_from_audited_mapping_table,Family-level presence from audited UniVH record-to-family mapping of the raw release.,include_eukaryotic,invertebrates,Riboviria,Orthornavirae,,,,ssRNA(+),RNA,2,False
UniVH,Pestiviridae,H,13,input_original/manual_downloads/UniVH/dataset.csv,Pestiviridae,ncbi_current_family_overrides_historical_source_family; ncbi_name_historical_ictv_species_alias,confirmed_from_audited_mapping_table,Family-level presence from audited UniVH record-to-family mapping of the raw release.,include_eukaryotic,invertebrates; plants; vertebrates,Riboviria,Orthornavirae,Kitrinoviricota,Flasuviricetes,Amarillovirales,ssRNA(+),RNA,23,True
UniVH,Phasmaviridae,H,4,input_original/manual_downloads/UniVH/dataset.csv,Phasmaviridae,ncbi_family_ancestor_harmonized; ncbi_name_exact_current_ictv_species,confirmed_from_audited_mapping_table,Family-level presence from audited UniVH record-to-family mapping of the raw release.,include_eukaryotic,invertebrates; invertebrates (s),Riboviria,Orthornavirae,Negarnaviricota,Bunyaviricetes,Elliovirales,ssRNA; ssRNA(-),RNA,34,True
UniVH,Phenuiviridae,H,34,input_original/manual_downloads/UniVH/dataset.csv,Phenuiviridae,ncbi_family_ancestor_harmonized; ncbi_name_exact_current_ictv_species,confirmed_from_audited_mapping_table,Family-level presence from audited UniVH record-to-family mapping of the raw release.,include_eukaryotic,"fungi; invertebrates; invertebrates, plants; invertebrates, vertebrates; plants; protists; soil (s); vertebrates",Riboviria,Orthornavirae,Negarnaviricota,Bunyaviricetes,Hareavirales,ssRNA(+/-); ssRNA(-),RNA,223,True
UniVH,Phlegiviridae,H,3,input_original/manual_downloads/UniVH/dataset.csv,Phlegiviridae,ncbi_family_ancestor_harmonized; ncbi_name_exact_current_ictv_species,confirmed_from_audited_mapping_table,Family-level presence from audited UniVH record-to-family mapping of the raw release.,include_eukaryotic,fungi,Riboviria,Orthornavirae,Duplornaviricota,Chrymotiviricetes,Ghabrivirales,dsRNA,RNA,4,True
UniVH,Picornaviridae,H,123,input_original/manual_downloads/UniVH/dataset.csv,Picornaviridae,ncbi_family_ancestor_harmonized; ncbi_name_exact_current_ictv_species,confirmed_from_audited_mapping_table,Family-level presence from audited UniVH record-to-family mapping of the raw release.,include_eukaryotic,vertebrates,Riboviria,Orthornavirae,Pisuviricota,Pisoniviricetes,Picornavirales,ssRNA(+),RNA,159,True
UniVH,Pistolviridae,H,2,input_original/manual_downloads/UniVH/dataset.csv,Pistolviridae,ncbi_name_exact_current_ictv_species,confirmed_from_audited_mapping_table,Family-level presence from audited UniVH record-to-family mapping of the raw release.,include_eukaryotic,vertebrates,Riboviria,Orthornavirae,Duplornaviricota,Chrymotiviricetes,Ghabrivirales,dsRNA,RNA,4,True
UniVH,Pneumoviridae,H,8,input_original/manual_downloads/UniVH/dataset.csv,Pneumoviridae,ncbi_family_ancestor_harmonized; ncbi_name_exact_current_ictv_species,confirmed_from_audited_mapping_table,Family-level presence from audited UniVH record-to-family mapping of the raw release.,include_eukaryotic,vertebrates,Riboviria,Orthornavirae,Negarnaviricota,Monjiviricetes,Mononegavirales,ssRNA(-),RNA,5,True
UniVH,Polycipiviridae,H,12,input_original/manual_downloads/UniVH/dataset.csv,Polycipiviridae,ncbi_family_ancestor_harmonized; ncbi_name_exact_current_ictv_species,confirmed_from_audited_mapping_table,Family-level presence from audited UniVH record-to-family mapping of the raw release.,include_eukaryotic,invertebrates,Riboviria,Orthornavirae,Pisuviricota,Pisoniviricetes,Picornavirales,ssRNA(+),RNA,14,True
UniVH,Polymycoviridae,H,6,input_original/manual_downloads/UniVH/dataset.csv,Polymycoviridae,ncbi_family_ancestor_harmonized; ncbi_name_exact_current_ictv_species,confirmed_from_audited_mapping_table,Family-level presence from audited UniVH record-to-family mapping of the raw release.,include_eukaryotic,fungi,Riboviria,Orthornavirae,Pisuviricota,Mycopleornaviricetes,Xenadelphovirales,dsRNA,RNA,28,True
UniVH,Potyviridae,H,91,input_original/manual_downloads/UniVH/dataset.csv,Potyviridae,ncbi_family_ancestor_harmonized; ncbi_name_exact_current_ictv_species,confirmed_from_audited_mapping_table,Family-level presence from audited UniVH record-to-family mapping of the raw release.,include_eukaryotic,plants,Riboviria,Orthornavirae,Pisuviricota,Stelpaviricetes,Patatavirales,ssRNA(+),RNA,264,True
UniVH,Pseudototiviridae,H,34,input_original/manual_downloads/UniVH/dataset.csv,Pseudototiviridae,ncbi_family_ancestor_harmonized; ncbi_name_exact_current_ictv_species,confirmed_from_audited_mapping_table,Family-level presence from audited UniVH record-to-family mapping of the raw release.,include_eukaryotic,fungi; protists; vertebrates,Riboviria,Orthornavirae,Duplornaviricota,Chrymotiviricetes,Ghabrivirales,dsRNA,RNA,46,True
UniVH,Quadriviridae,H,2,input_original/manual_downloads/UniVH/dataset.csv,Quadriviridae,ncbi_name_exact_current_ictv_species,confirmed_from_audited_mapping_table,Family-level presence from audited UniVH record-to-family mapping of the raw release.,include_eukaryotic,fungi,Riboviria,Orthornavirae,Duplornaviricota,Chrymotiviricetes,Ghabrivirales,dsRNA,RNA,3,True
UniVH,Retroviridae,H,43,input_original/manual_downloads/UniVH/dataset.csv,Retroviridae,ncbi_family_ancestor_harmonized; ncbi_name_exact_current_ictv_species,confirmed_from_audited_mapping_table,Family-level presence from audited UniVH record-to-family mapping of the raw release.,include_eukaryotic,vertebrates,Riboviria,Pararnavirae,Artverviricota,Revtraviricetes,Ortervirales,ssRNA-RT,Reverse-transcribing,65,True
UniVH,Rhabdoviridae,H,145,input_original/manual_downloads/UniVH/dataset.csv,Rhabdoviridae,ncbi_family_ancestor_harmonized; ncbi_name_exact_current_ictv_species; ncbi_name_historical_ictv_species_alias,confirmed_from_audited_mapping_table,Family-level presence from audited UniVH record-to-family mapping of the raw release.,include_eukaryotic,"freshwater (s); invertebrates; invertebrates (s); invertebrates, plants; invertebrates, vertebrates; plants; soil (s); unknown (s); vertebrates",Riboviria,Orthornavirae,Negarnaviricota,Monjiviricetes,Mononegavirales,ssRNA(-),RNA,615,True
UniVH,Rhizouliviridae,H,4,input_original/manual_downloads/UniVH/dataset.csv,Rhizouliviridae,ncbi_name_exact_current_ictv_species,confirmed_from_audited_mapping_table,Family-level presence from audited UniVH record-to-family mapping of the raw release.,include_eukaryotic,fungi,Riboviria,Orthornavirae,Lenarviricota,Miaviricetes,Ourlivirales,ssRNA(+),RNA,6,True
UniVH,Roniviridae,H,4,input_original/manual_downloads/UniVH/dataset.csv,Roniviridae,ncbi_name_exact_current_ictv_species,confirmed_from_audited_mapping_table,Family-level presence from audited UniVH record-to-family mapping of the raw release.,include_eukaryotic,invertebrates,Riboviria,Orthornavirae,Pisuviricota,Pisoniviricetes,Nidovirales,ssRNA(+),RNA,4,True
UniVH,Secoviridae,H,56,input_original/manual_downloads/UniVH/dataset.csv,Secoviridae,ncbi_family_ancestor_harmonized; ncbi_name_exact_current_ictv_species; unique_vmr_genbank_accession,confirmed_from_audited_mapping_table,Family-level presence from audited UniVH record-to-family mapping of the raw release.,include_eukaryotic,phytobiome (s); plants,Riboviria,Orthornavirae,Pisuviricota,Pisoniviricetes,Picornavirales,ssRNA(+),RNA,215,True
UniVH,Sedoreoviridae,H,22,input_original/manual_downloads/UniVH/dataset.csv,Sedoreoviridae,ncbi_family_ancestor_harmonized; ncbi_name_exact_current_ictv_species,confirmed_from_audited_mapping_table,Family-level presence from audited UniVH record-to-family mapping of the raw release.,include_eukaryotic,"invertebrates; invertebrates, plants; invertebrates, vertebrates; protists; vertebrates",Riboviria,Orthornavirae,Duplornaviricota,Resentoviricetes,Reovirales,dsRNA,RNA,45,True
UniVH,Sinhaliviridae,H,11,input_original/manual_downloads/UniVH/dataset.csv,Sinhaliviridae,ncbi_family_ancestor_harmonized; ncbi_name_historical_ictv_species_alias,confirmed_from_audited_mapping_table,Family-level presence from audited UniVH record-to-family mapping of the raw release.,include_eukaryotic,invertebrates,Riboviria,Orthornavirae,Kitrinoviricota,Magsaviricetes,Nodamuvirales,ssRNA(+),RNA,2,True
UniVH,Solemoviridae,H,71,input_original/manual_downloads/UniVH/dataset.csv,Solemoviridae,ncbi_family_ancestor_harmonized; ncbi_name_exact_current_ictv_species,confirmed_from_audited_mapping_table,Family-level presence from audited UniVH record-to-family mapping of the raw release.,include_eukaryotic,fungi; plants,Riboviria,Orthornavirae,Pisuviricota,Pisoniviricetes,Sobelivirales,ssRNA(+),RNA,148,True
UniVH,Solinviviridae,H,5,input_original/manual_downloads/UniVH/dataset.csv,Solinviviridae,ncbi_family_ancestor_harmonized; ncbi_name_exact_current_ictv_species,confirmed_from_audited_mapping_table,Family-level presence from audited UniVH record-to-family mapping of the raw release.,include_eukaryotic,invertebrates,Riboviria,Orthornavirae,Pisuviricota,Pisoniviricetes,Picornavirales,ssRNA(+),RNA,2,True
UniVH,Spiciviridae,H,1,input_original/manual_downloads/UniVH/dataset.csv,Spiciviridae,ncbi_name_exact_current_ictv_species,confirmed_from_audited_mapping_table,Family-level presence from audited UniVH record-to-family mapping of the raw release.,include_eukaryotic,invertebrates; plants,Riboviria,Orthornavirae,Duplornaviricota,Chrymotiviricetes,Ghabrivirales,dsRNA,RNA,13,True
UniVH,Spinareoviridae,H,15,input_original/manual_downloads/UniVH/dataset.csv,Spinareoviridae,ncbi_family_ancestor_harmonized; ncbi_name_exact_current_ictv_species,confirmed_from_audited_mapping_table,Family-level presence from audited UniVH record-to-family mapping of the raw release.,include_eukaryotic,"fungi; invertebrates; invertebrates, plants; invertebrates, vertebrates; vertebrates",Riboviria,Orthornavirae,Duplornaviricota,Resentoviricetes,Reovirales,dsRNA,RNA,59,True
UniVH,Splipalmiviridae,H,1,input_original/manual_downloads/UniVH/dataset.csv,Splipalmiviridae,ncbi_name_exact_current_ictv_species,confirmed_from_audited_mapping_table,Family-level presence from audited UniVH record-to-family mapping of the raw release.,include_eukaryotic,fungi,Riboviria,Orthornavirae,Lenarviricota,Amabiliviricetes,Wolframvirales,ssRNA(+),RNA,16,True
UniVH,Tobaniviridae,H,9,input_original/manual_downloads/UniVH/dataset.csv,Tobaniviridae,ncbi_family_ancestor_harmonized; ncbi_name_exact_current_ictv_species,confirmed_from_audited_mapping_table,Family-level presence from audited UniVH record-to-family mapping of the raw release.,include_eukaryotic,invertebrates (s); vertebrates,Riboviria,Orthornavirae,Pisuviricota,Pisoniviricetes,Nidovirales,ssRNA(+),RNA,22,True
UniVH,Togaviridae,H,20,input_original/manual_downloads/UniVH/dataset.csv,Togaviridae,ncbi_family_ancestor_harmonized; ncbi_name_exact_current_ictv_species,confirmed_from_audited_mapping_table,Family-level presence from audited UniVH record-to-family mapping of the raw release.,include_eukaryotic,"invertebrates; invertebrates, vertebrates; vertebrates",Riboviria,Orthornavirae,Kitrinoviricota,Alsuviricetes,Martellivirales,ssRNA(+),RNA,32,True
UniVH,Tombusviridae,H,59,input_original/manual_downloads/UniVH/dataset.csv,Tombusviridae,ncbi_family_ancestor_harmonized; ncbi_name_exact_current_ictv_species,confirmed_from_audited_mapping_table,Family-level presence from audited UniVH record-to-family mapping of the raw release.,include_eukaryotic,fungi; invertebrates (s); plants; plants (s); vertebrates,Riboviria,Orthornavirae,Kitrinoviricota,Tolucaviricetes,Tolivirales,ssRNA(+),RNA,102,True
UniVH,Tonesaviridae,H,1,input_original/manual_downloads/UniVH/dataset.csv,Tonesaviridae,ncbi_family_ancestor_harmonized,confirmed_from_audited_mapping_table,Family-level presence from audited UniVH record-to-family mapping of the raw release.,include_eukaryotic,plants,Riboviria,,,,,ssRNA(+),RNA,4,False
UniVH,Tospoviridae,H,18,input_original/manual_downloads/UniVH/dataset.csv,Tospoviridae,ncbi_family_ancestor_harmonized; ncbi_name_exact_current_ictv_species,confirmed_from_audited_mapping_table,Family-level presence from audited UniVH record-to-family mapping of the raw release.,include_eukaryotic,"invertebrates, plants",Riboviria,Orthornavirae,Negarnaviricota,Bunyaviricetes,Elliovirales,ssRNA(+/-),RNA,36,True
UniVH,Tulasviridae,H,1,input_original/manual_downloads/UniVH/dataset.csv,Tulasviridae,ncbi_name_exact_current_ictv_species,confirmed_from_audited_mapping_table,Family-level presence from audited UniVH record-to-family mapping of the raw release.,include_eukaryotic,fungi,Riboviria,Orthornavirae,Negarnaviricota,Bunyaviricetes,Elliovirales,ssRNA(+/-),RNA,2,True
UniVH,Tymoviridae,H,23,input_original/manual_downloads/UniVH/dataset.csv,Tymoviridae,ncbi_family_ancestor_harmonized; ncbi_name_exact_current_ictv_species,confirmed_from_audited_mapping_table,Family-level presence from audited UniVH record-to-family mapping of the raw release.,include_eukaryotic,plants,Riboviria,Orthornavirae,Kitrinoviricota,Alsuviricetes,Tymovirales,ssDNA(+/-); ssRNA(+),Mixed/unknown,43,True
UniVH,Virgaviridae,H,28,input_original/manual_downloads/UniVH/dataset.csv,Virgaviridae,ncbi_family_ancestor_harmonized; ncbi_name_exact_current_ictv_species,confirmed_from_audited_mapping_table,Family-level presence from audited UniVH record-to-family mapping of the raw release.,include_eukaryotic,plants,Riboviria,Orthornavirae,Kitrinoviricota,Alsuviricetes,Martellivirales,ssRNA(+),RNA,59,True
UniVH,Xinmoviridae,H,8,input_original/manual_downloads/UniVH/dataset.csv,Xinmoviridae,ncbi_family_ancestor_harmonized; ncbi_name_exact_current_ictv_species,confirmed_from_audited_mapping_table,Family-level presence from audited UniVH record-to-family mapping of the raw release.,include_eukaryotic,invertebrates; vertebrates (s),Riboviria,Orthornavirae,Negarnaviricota,Monjiviricetes,Mononegavirales,ssRNA(-),RNA,30,True
UniVH,Yadonushiviridae,H,1,input_original/manual_downloads/UniVH/dataset.csv,Yadonushiviridae,unique_vmr_genbank_accession,confirmed_from_audited_mapping_table,Family-level presence from audited UniVH record-to-family mapping of the raw release.,include_eukaryotic,fungi,Riboviria,Orthornavirae,Duplornaviricota,Chrymotiviricetes,Ghabrivirales,dsRNA,RNA,1,True
VIDHOP,Orthomyxoviridae,N,211679,input_original/manual_downloads/VIDHOP/train_data/small_paper_version_Influ_strict/species,Influenza species-level task dataset,explicit_task_dataset_identity_to_current_family,confirmed_from_structured_dataset,Family-level presence inferred from VIDHOP task dataset identity; row count sums X_train/X_val/X_test records.,include_eukaryotic,"invertebrates; invertebrates, vertebrates; vertebrates",Riboviria,Orthornavirae,Negarnaviricota,Insthoviricetes,Articulavirales,ssRNA(-),RNA,21,True
VIDHOP,Rhabdoviridae,N,12025,input_original/manual_downloads/VIDHOP/train_data/small_paper_version_Rabies_strict/species,Rabies species-level task dataset,explicit_task_dataset_identity_to_current_family,confirmed_from_structured_dataset,Family-level presence inferred from VIDHOP task dataset identity; row count sums X_train/X_val/X_test records.,include_eukaryotic,"freshwater (s); invertebrates; invertebrates (s); invertebrates, plants; invertebrates, vertebrates; plants; soil (s); unknown (s); vertebrates",Riboviria,Orthornavirae,Negarnaviricota,Monjiviricetes,Mononegavirales,ssRNA(-),RNA,615,True
VIDHOP,Sedoreoviridae,N,40258,input_original/manual_downloads/VIDHOP/train_data/small_paper_version_Rota_strict/species,Rotavirus species-level task dataset,explicit_task_dataset_identity_to_current_family,confirmed_from_structured_dataset,Family-level presence inferred from VIDHOP task dataset identity; row count sums X_train/X_val/X_test records.,include_eukaryotic,"invertebrates; invertebrates, plants; invertebrates, vertebrates; protists; vertebrates",Riboviria,Orthornavirae,Duplornaviricota,Resentoviricetes,Reovirales,dsRNA,RNA,45,True
VPF-Class,Adenoviridae,V,711,input_original/manual_downloads/VPF_Class/2019_VPF_FamTax_REclassification_new.tsv; input_original/manual_downloads/VPF_Class/2019_VPF_GenTax_REclassification_new.tsv,Adenoviridae; Aviadenovirus; Mastadenovirus; Siadenovirus,exact_current_family_or_family_level_taxon; exact_current_genus_unique_family,confirmed_profile_level_source_not_record_level,"Family-level presence inferred from classified VPF profiles; percentages and categories remain in raw VPF-Class files; VPF rows are not viruses, genomes, or virus-host observations.",include_eukaryotic,vertebrates,Varidnaviria,Bamfordvirae,Preplasmiviricota,Pharingeaviricetes,Rowavirales,dsDNA,DNA,145,True
VPF-Class,Alloherpesviridae,V,2891,input_original/manual_downloads/VPF_Class/2019_VPF_FamTax_REclassification_new.tsv,Alloherpesviridae,exact_current_family_or_family_level_taxon,confirmed_profile_level_source_not_record_level,"Family-level presence inferred from classified VPF profiles; percentages and categories remain in raw VPF-Class files; VPF rows are not viruses, genomes, or virus-host observations.",include_eukaryotic,vertebrates,Duplodnaviria,Heunggongvirae,Peploviricota,Herviviricetes,Herpesvirales,dsDNA,DNA,13,True
VPF-Class,Anelloviridae,V,33,input_original/manual_downloads/VPF_Class/2019_VPF_FamTax_REclassification_new.tsv; input_original/manual_downloads/VPF_Class/2019_VPF_GenTax_REclassification_new.tsv,Alphatorquevirus; Anelloviridae; Betatorquevirus; Gammatorquevirus; Gyrovirus; Iotatorquevirus; Lambdatorquevirus; Thetatorquevirus,exact_current_family_or_family_level_taxon; exact_current_genus_unique_family,confirmed_profile_level_source_not_record_level,"Family-level presence inferred from classified VPF profiles; percentages and categories remain in raw VPF-Class files; VPF rows are not viruses, genomes, or virus-host observations.",include_eukaryotic,invertebrates; vertebrates,Floreoviria,Shotokuvirae,Commensaviricota,Cardeaviricetes,Sanitavirales,ssDNA(+/-); ssDNA(-),DNA,243,True
VPF-Class,Ascoviridae,V,375,input_original/manual_downloads/VPF_Class/2019_VPF_FamTax_REclassification_new.tsv; input_original/manual_downloads/VPF_Class/2019_VPF_GenTax_REclassification_new.tsv,Ascoviridae; Ascovirus,exact_current_family_or_family_level_taxon; exact_current_genus_unique_family,confirmed_profile_level_source_not_record_level,"Family-level presence inferred from classified VPF profiles; percentages and categories remain in raw VPF-Class files; VPF rows are not viruses, genomes, or virus-host observations.",include_eukaryotic,invertebrates,Varidnaviria,Bamfordvirae,Nucleocytoviricota,Megaviricetes,Pimascovirales,dsDNA,DNA,4,True
VPF-Class,Asfarviridae,V,205,input_original/manual_downloads/VPF_Class/2019_VPF_FamTax_REclassification_new.tsv; input_original/manual_downloads/VPF_Class/2019_VPF_GenTax_REclassification_new.tsv,Asfarviridae; Asfivirus,exact_current_family_or_family_level_taxon; exact_current_genus_unique_family,confirmed_profile_level_source_not_record_level,"Family-level presence inferred from classified VPF profiles; percentages and categories remain in raw VPF-Class files; VPF rows are not viruses, genomes, or virus-host observations.",include_eukaryotic,"invertebrates, vertebrates",Varidnaviria,Bamfordvirae,Nucleocytoviricota,Pokkesviricetes,Asfuvirales,dsDNA,DNA,1,True
VPF-Class,Baculoviridae,V,4271,input_original/manual_downloads/VPF_Class/2019_VPF_FamTax_REclassification_new.tsv; input_original/manual_downloads/VPF_Class/2019_VPF_GenTax_REclassification_new.tsv,Alphabaculovirus; Baculoviridae; Betabaculovirus; Gammabaculovirus,exact_current_family_or_family_level_taxon; exact_current_genus_unique_family,confirmed_profile_level_source_not_record_level,"Family-level presence inferred from classified VPF profiles; percentages and categories remain in raw VPF-Class files; VPF rows are not viruses, genomes, or virus-host observations.",include_eukaryotic,invertebrates,,,,Naldaviricetes,Lefavirales,dsDNA,DNA,104,True
VPF-Class,Bidnaviridae,V,814,input_original/manual_downloads/VPF_Class/2019_VPF_FamTax_REclassification_new.tsv; input_original/manual_downloads/VPF_Class/2019_VPF_GenTax_REclassification_new.tsv,Bidensovirus; Bidnaviridae,exact_current_family_or_family_level_taxon; exact_current_genus_unique_family,confirmed_profile_level_source_not_record_level,"Family-level presence inferred from classified VPF profiles; percentages and categories remain in raw VPF-Class files; VPF rows are not viruses, genomes, or virus-host observations.",include_eukaryotic,invertebrates,Floreoviria,Shotokuvirae,Cossaviricota,Mouviricetes,Polivirales,ssDNA(+/-),DNA,1,True
VPF-Class,Caulimoviridae,V,520,input_original/manual_downloads/VPF_Class/2019_VPF_FamTax_REclassification_new.tsv; input_original/manual_downloads/VPF_Class/2019_VPF_GenTax_REclassification_new.tsv,Badnavirus; Caulimoviridae; Caulimovirus; Soymovirus; Tungrovirus,exact_current_family_or_family_level_taxon; exact_current_genus_unique_family,confirmed_profile_level_source_not_record_level,"Family-level presence inferred from classified VPF profiles; percentages and categories remain in raw VPF-Class files; VPF rows are not viruses, genomes, or virus-host observations.",include_eukaryotic,plants,Riboviria,Pararnavirae,Artverviricota,Revtraviricetes,Ortervirales,dsDNA; dsDNA-RT,Reverse-transcribing,109,True
VPF-Class,Circoviridae,V,6,input_original/manual_downloads/VPF_Class/2019_VPF_FamTax_REclassification_new.tsv; input_original/manual_downloads/VPF_Class/2019_VPF_GenTax_REclassification_new.tsv,Circoviridae; Circovirus,exact_current_family_or_family_level_taxon; exact_current_genus_unique_family,confirmed_profile_level_source_not_record_level,"Family-level presence inferred from classified VPF profiles; percentages and categories remain in raw VPF-Class files; VPF rows are not viruses, genomes, or virus-host observations.",include_eukaryotic,invertebrates; plants (s); vertebrates,Floreoviria,Shotokuvirae,Cressdnaviricota,Arfiviricetes,Cirlivirales,ssDNA; ssDNA(+/-),DNA,160,True
VPF-Class,Geminiviridae,V,15,input_original/manual_downloads/VPF_Class/2019_VPF_FamTax_REclassification_new.tsv; input_original/manual_downloads/VPF_Class/2019_VPF_GenTax_REclassification_new.tsv,Becurtovirus; Begomovirus; Curtovirus; Geminiviridae; Mastrevirus,exact_current_family_or_family_level_taxon; exact_current_genus_unique_family,confirmed_profile_level_source_not_record_level,"Family-level presence inferred from classified VPF profiles; percentages and categories remain in raw VPF-Class files; VPF rows are not viruses, genomes, or virus-host observations.",include_eukaryotic,"invertebrates; invertebrates, plants; plants",Floreoviria,Shotokuvirae,Cressdnaviricota,Repensiviricetes,Geplafuvirales,ssDNA; ssDNA(+/-),DNA,560,True
VPF-Class,Hepadnaviridae,V,5,input_original/manual_downloads/VPF_Class/2019_VPF_FamTax_REclassification_new.tsv; input_original/manual_downloads/VPF_Class/2019_VPF_GenTax_REclassification_new.tsv,Avihepadnavirus; Hepadnaviridae; Orthohepadnavirus,exact_current_family_or_family_level_taxon; exact_current_genus_unique_family,confirmed_profile_level_source_not_record_level,"Family-level presence inferred from classified VPF profiles; percentages and categories remain in raw VPF-Class files; VPF rows are not viruses, genomes, or virus-host observations.",include_eukaryotic,vertebrates,Riboviria,Pararnavirae,Artverviricota,Revtraviricetes,Blubervirales,dsDNA-RT,Reverse-transcribing,27,True
VPF-Class,Hytrosaviridae,V,410,input_original/manual_downloads/VPF_Class/2019_VPF_FamTax_REclassification_new.tsv; input_original/manual_downloads/VPF_Class/2019_VPF_GenTax_REclassification_new.tsv,Glossinavirus; Hytrosaviridae,exact_current_family_or_family_level_taxon; exact_current_genus_unique_family,confirmed_profile_level_source_not_record_level,"Family-level presence inferred from classified VPF profiles; percentages and categories remain in raw VPF-Class files; VPF rows are not viruses, genomes, or virus-host observations.",include_eukaryotic,invertebrates,,,,Naldaviricetes,Lefavirales,dsDNA,DNA,2,True
VPF-Class,Iridoviridae,V,3900,input_original/manual_downloads/VPF_Class/2019_VPF_FamTax_REclassification_new.tsv; input_original/manual_downloads/VPF_Class/2019_VPF_GenTax_REclassification_new.tsv,Chloriridovirus; Iridoviridae; Iridovirus; Lymphocystivirus; Megalocytivirus; Ranavirus,exact_current_family_or_family_level_taxon; exact_current_genus_unique_family,confirmed_profile_level_source_not_record_level,"Family-level presence inferred from classified VPF profiles; percentages and categories remain in raw VPF-Class files; VPF rows are not viruses, genomes, or virus-host observations.",include_eukaryotic,invertebrates; vertebrates,Varidnaviria,Bamfordvirae,Nucleocytoviricota,Megaviricetes,Pimascovirales,dsDNA,DNA,23,True
VPF-Class,Malacoherpesviridae,V,201,input_original/manual_downloads/VPF_Class/2019_VPF_FamTax_REclassification_new.tsv; input_original/manual_downloads/VPF_Class/2019_VPF_GenTax_REclassification_new.tsv,Malacoherpesviridae; Ostreavirus,exact_current_family_or_family_level_taxon; exact_current_genus_unique_family,confirmed_profile_level_source_not_record_level,"Family-level presence inferred from classified VPF profiles; percentages and categories remain in raw VPF-Class files; VPF rows are not viruses, genomes, or virus-host observations.",include_eukaryotic,invertebrates,Duplodnaviria,Heunggongvirae,Peploviricota,Herviviricetes,Herpesvirales,dsDNA,DNA,2,True
VPF-Class,Marseilleviridae,V,2118,input_original/manual_downloads/VPF_Class/2019_VPF_FamTax_REclassification_new.tsv; input_original/manual_downloads/VPF_Class/2019_VPF_GenTax_REclassification_new.tsv,Marseilleviridae; Marseillevirus,exact_current_family_or_family_level_taxon; exact_current_genus_unique_family,confirmed_profile_level_source_not_record_level,"Family-level presence inferred from classified VPF profiles; percentages and categories remain in raw VPF-Class files; VPF rows are not viruses, genomes, or virus-host observations.",include_eukaryotic,protists,Varidnaviria,Bamfordvirae,Nucleocytoviricota,Megaviricetes,Pimascovirales,dsDNA,DNA,4,True
VPF-Class,Megabirnaviridae,V,48,input_original/manual_downloads/VPF_Class/2019_VPF_FamTax_REclassification_new.tsv; input_original/manual_downloads/VPF_Class/2019_VPF_GenTax_REclassification_new.tsv,Megabirnaviridae; Megabirnavirus,exact_current_family_or_family_level_taxon; exact_current_genus_unique_family,confirmed_profile_level_source_not_record_level,"Family-level presence inferred from classified VPF profiles; percentages and categories remain in raw VPF-Class files; VPF rows are not viruses, genomes, or virus-host observations.",include_eukaryotic,fungi,Riboviria,Orthornavirae,Duplornaviricota,Chrymotiviricetes,Ghabrivirales,dsRNA,RNA,5,True
VPF-Class,Mimiviridae,V,9592,input_original/manual_downloads/VPF_Class/2019_VPF_FamTax_REclassification_new.tsv; input_original/manual_downloads/VPF_Class/2019_VPF_GenTax_REclassification_new.tsv,Catovirus; Mimiviridae; Mimivirus,exact_current_family_or_family_level_taxon; exact_current_genus_unique_family,confirmed_profile_level_source_not_record_level,"Family-level presence inferred from classified VPF profiles; percentages and categories remain in raw VPF-Class files; VPF rows are not viruses, genomes, or virus-host observations.",include_eukaryotic,protists,Varidnaviria,Bamfordvirae,Nucleocytoviricota,Megaviricetes,Imitervirales,dsDNA,DNA,19,True
VPF-Class,Nanoviridae,V,20,input_original/manual_downloads/VPF_Class/2019_VPF_FamTax_REclassification_new.tsv; input_original/manual_downloads/VPF_Class/2019_VPF_GenTax_REclassification_new.tsv,Babuvirus; Nanoviridae; Nanovirus,exact_current_family_or_family_level_taxon; exact_current_genus_unique_family,confirmed_profile_level_source_not_record_level,"Family-level presence inferred from classified VPF profiles; percentages and categories remain in raw VPF-Class files; VPF rows are not viruses, genomes, or virus-host observations.",include_eukaryotic,plants,Floreoviria,Shotokuvirae,Cressdnaviricota,Arfiviricetes,Mulpavirales,ssDNA(+),DNA,15,True
VPF-Class,Nimaviridae,V,934,input_original/manual_downloads/VPF_Class/2019_VPF_FamTax_REclassification_new.tsv; input_original/manual_downloads/VPF_Class/2019_VPF_GenTax_REclassification_new.tsv,Nimaviridae; Whispovirus,exact_current_family_or_family_level_taxon; exact_current_genus_unique_family,confirmed_profile_level_source_not_record_level,"Family-level presence inferred from classified VPF profiles; percentages and categories remain in raw VPF-Class files; VPF rows are not viruses, genomes, or virus-host observations.",include_eukaryotic,invertebrates,,,,Naldaviricetes,,dsDNA,DNA,2,False
VPF-Class,Nudiviridae,V,1092,input_original/manual_downloads/VPF_Class/2019_VPF_FamTax_REclassification_new.tsv,Nudiviridae,exact_current_family_or_family_level_taxon,confirmed_profile_level_source_not_record_level,"Family-level presence inferred from classified VPF profiles; percentages and categories remain in raw VPF-Class files; VPF rows are not viruses, genomes, or virus-host observations.",include_eukaryotic,invertebrates,,,,Naldaviricetes,Lefavirales,dsDNA,DNA,29,True
VPF-Class,Orthoherpesviridae,V,2349,input_original/manual_downloads/VPF_Class/2019_VPF_GenTax_REclassification_new.tsv,Cytomegalovirus; Iltovirus; Lymphocryptovirus; Macavirus; Mardivirus; Muromegalovirus; Percavirus; Proboscivirus; Rhadinovirus; Roseolovirus; Simplexvirus; Varicellovirus,exact_current_genus_unique_family,confirmed_profile_level_source_not_record_level,"Family-level presence inferred from classified VPF profiles; percentages and categories remain in raw VPF-Class files; VPF rows are not viruses, genomes, or virus-host observations.",include_eukaryotic,vertebrates,Duplodnaviria,Heunggongvirae,Peploviricota,Herviviricetes,Herpesvirales,dsDNA,DNA,118,True
VPF-Class,Papillomaviridae,V,55,input_original/manual_downloads/VPF_Class/2019_VPF_FamTax_REclassification_new.tsv; input_original/manual_downloads/VPF_Class/2019_VPF_GenTax_REclassification_new.tsv,Alphapapillomavirus; Betapapillomavirus; Deltapapillomavirus; Dyoiotapapillomavirus; Dyonupapillomavirus; Kappapapillomavirus; Papillomaviridae; Pipapillomavirus; Rhopapillomavirus,exact_current_family_or_family_level_taxon; exact_current_genus_unique_family,confirmed_profile_level_source_not_record_level,"Family-level presence inferred from classified VPF profiles; percentages and categories remain in raw VPF-Class files; VPF rows are not viruses, genomes, or virus-host observations.",include_eukaryotic,vertebrates,Floreoviria,Shotokuvirae,Cossaviricota,Papovaviricetes,Zurhausenvirales,dsDNA,DNA,133,True
VPF-Class,Parvoviridae,V,187,input_original/manual_downloads/VPF_Class/2019_VPF_FamTax_REclassification_new.tsv; input_original/manual_downloads/VPF_Class/2019_VPF_GenTax_REclassification_new.tsv,Bocaparvovirus; Iteradensovirus; Parvoviridae,exact_current_family_or_family_level_taxon; exact_current_genus_unique_family,confirmed_profile_level_source_not_record_level,"Family-level presence inferred from classified VPF profiles; percentages and categories remain in raw VPF-Class files; VPF rows are not viruses, genomes, or virus-host observations.",include_eukaryotic,"invertebrates; invertebrates, vertebrates; vertebrates",Floreoviria,Shotokuvirae,Cossaviricota,Quintoviricetes,Piccovirales,ssDNA; ssDNA(+/-),DNA,281,True
VPF-Class,Phycodnaviridae,V,9222,input_original/manual_downloads/VPF_Class/2019_VPF_FamTax_REclassification_new.tsv; input_original/manual_downloads/VPF_Class/2019_VPF_GenTax_REclassification_new.tsv,Chlorovirus; Coccolithovirus; Phaeovirus; Phycodnaviridae; Prasinovirus; Prymnesiovirus,exact_current_family_or_family_level_taxon; exact_current_genus_unique_family,confirmed_profile_level_source_not_record_level,"Family-level presence inferred from classified VPF profiles; percentages and categories remain in raw VPF-Class files; VPF rows are not viruses, genomes, or virus-host observations.",include_eukaryotic,algae; protists,Varidnaviria,Bamfordvirae,Nucleocytoviricota,Megaviricetes,Algavirales,dsDNA,DNA,28,True
VPF-Class,Pithoviridae,V,1199,input_original/manual_downloads/VPF_Class/2019_VPF_FamTax_REclassification_new.tsv,Pithoviridae,exact_current_family_or_family_level_taxon,confirmed_profile_level_source_not_record_level,"Family-level presence inferred from classified VPF profiles; percentages and categories remain in raw VPF-Class files; VPF rows are not viruses, genomes, or virus-host observations.",include_eukaryotic,protists,Varidnaviria,Bamfordvirae,Nucleocytoviricota,Megaviricetes,Pimascovirales,dsDNA,DNA,6,True
VPF-Class,Polydnaviriformidae,V,548,input_original/manual_downloads/VPF_Class/2019_VPF_FamTax_REclassification_new.tsv,Polydnaviridae,manual_direct_successor_family_level_taxon,confirmed_profile_level_source_not_record_level,"Family-level presence inferred from classified VPF profiles; percentages and categories remain in raw VPF-Class files; VPF rows are not viruses, genomes, or virus-host observations.",include_eukaryotic,invertebrates,,,,,,dsDNA,DNA,53,False
VPF-Class,Polyomaviridae,V,5,input_original/manual_downloads/VPF_Class/2019_VPF_FamTax_REclassification_new.tsv; input_original/manual_downloads/VPF_Class/2019_VPF_GenTax_REclassification_new.tsv,Betapolyomavirus; Gammapolyomavirus; Polyomaviridae,exact_current_family_or_family_level_taxon; exact_current_genus_unique_family,confirmed_profile_level_source_not_record_level,"Family-level presence inferred from classified VPF profiles; percentages and categories remain in raw VPF-Class files; VPF rows are not viruses, genomes, or virus-host observations.",include_eukaryotic,vertebrates,Floreoviria,Shotokuvirae,Cossaviricota,Papovaviricetes,Sepolyvirales,dsDNA,DNA,122,True
VPF-Class,Poxviridae,V,3603,input_original/manual_downloads/VPF_Class/2019_VPF_FamTax_REclassification_new.tsv; input_original/manual_downloads/VPF_Class/2019_VPF_GenTax_REclassification_new.tsv,Alphaentomopoxvirus; Avipoxvirus; Betaentomopoxvirus; Capripoxvirus; Cervidpoxvirus; Leporipoxvirus; Molluscipoxvirus; Orthopoxvirus; Parapoxvirus; Poxviridae; Yatapoxvirus,exact_current_family_or_family_level_taxon; exact_current_genus_unique_family,confirmed_profile_level_source_not_record_level,"Family-level presence inferred from classified VPF profiles; percentages and categories remain in raw VPF-Class files; VPF rows are not viruses, genomes, or virus-host observations.",include_eukaryotic,invertebrates; vertebrates,Varidnaviria,Bamfordvirae,Nucleocytoviricota,Pokkesviricetes,Chitovirales,dsDNA,DNA,56,True
VPF-Class,Retroviridae,V,94,input_original/manual_downloads/VPF_Class/2019_VPF_FamTax_REclassification_new.tsv; input_original/manual_downloads/VPF_Class/2019_VPF_GenTax_REclassification_new.tsv,Deltaretrovirus; Lentivirus; Retroviridae,exact_current_family_or_family_level_taxon; exact_current_genus_unique_family,confirmed_profile_level_source_not_record_level,"Family-level presence inferred from classified VPF profiles; percentages and categories remain in raw VPF-Class files; VPF rows are not viruses, genomes, or virus-host observations.",include_eukaryotic,vertebrates,Riboviria,Pararnavirae,Artverviricota,Revtraviricetes,Ortervirales,ssRNA-RT,Reverse-transcribing,65,True
VPF-Class,Sputniviroviridae,V,127,input_original/manual_downloads/VPF_Class/2019_VPF_GenTax_REclassification_new.tsv,Sputnikvirus,exact_current_genus_unique_family,confirmed_profile_level_source_not_record_level,"Family-level presence inferred from classified VPF profiles; percentages and categories remain in raw VPF-Class files; VPF rows are not viruses, genomes, or virus-host observations.",include_eukaryotic,protists,Varidnaviria,Bamfordvirae,Preplasmiviricota,Virophaviricetes,Mividavirales,dsDNA,DNA,2,True
VirHostPRED,Adenoviridae,P,157,input_original/manual_downloads/VirHostPRED/random_dataset_1.fasta; input_original/manual_downloads/VirHostPRED/reps70.fasta,Adenoviridae,exact_current_family,confirmed_from_audited_mapping_table,Family-level presence from audited VirHostPRED protein-accession taxonomy mapping. Source counts are unique protein accessions per current ICTV family.,include_eukaryotic,vertebrates,Varidnaviria,Bamfordvirae,Preplasmiviricota,Pharingeaviricetes,Rowavirales,dsDNA,DNA,145,True
VirHostPRED,Alloherpesviridae,P,14,input_original/manual_downloads/VirHostPRED/random_dataset_1.fasta,Alloherpesviridae,exact_current_family,confirmed_from_audited_mapping_table,Family-level presence from audited VirHostPRED protein-accession taxonomy mapping. Source counts are unique protein accessions per current ICTV family.,include_eukaryotic,vertebrates,Duplodnaviria,Heunggongvirae,Peploviricota,Herviviricetes,Herpesvirales,dsDNA,DNA,13,True
VirHostPRED,Allomimiviridae,P,9,input_original/manual_downloads/VirHostPRED/random_dataset_1.fasta,Allomimiviridae,exact_current_family,confirmed_from_audited_mapping_table,Family-level presence from audited VirHostPRED protein-accession taxonomy mapping. Source counts are unique protein accessions per current ICTV family.,include_eukaryotic,protists,Varidnaviria,Bamfordvirae,Nucleocytoviricota,Megaviricetes,Imitervirales,dsDNA,DNA,4,True
VirHostPRED,Alphaflexiviridae,P,4,input_original/manual_downloads/VirHostPRED/random_dataset_1.fasta,Alphaflexiviridae,exact_current_family,confirmed_from_audited_mapping_table,Family-level presence from audited VirHostPRED protein-accession taxonomy mapping. Source counts are unique protein accessions per current ICTV family.,include_eukaryotic,fungi; plants,Riboviria,Orthornavirae,Kitrinoviricota,Alsuviricetes,Tymovirales,ssRNA(+),RNA,73,True
VirHostPRED,Alphasatellitidae,P,2,input_original/manual_downloads/VirHostPRED/random_dataset_1.fasta,Alphasatellitidae,exact_current_family,confirmed_from_audited_mapping_table,Family-level presence from audited VirHostPRED protein-accession taxonomy mapping. Source counts are unique protein accessions per current ICTV family.,include_eukaryotic,invertebrates; plants; plants (s),,,,,,ssDNA; ssDNA(+); ssDNA(+/-),DNA,93,False
VirHostPRED,Alternaviridae,P,1,input_original/manual_downloads/VirHostPRED/random_dataset_1.fasta,Alternaviridae,exact_current_family,confirmed_from_audited_mapping_table,Family-level presence from audited VirHostPRED protein-accession taxonomy mapping. Source counts are unique protein accessions per current ICTV family.,include_eukaryotic,fungi,Riboviria,Orthornavirae,Duplornaviricota,Chrymotiviricetes,Ghabrivirales,dsRNA,RNA,5,True
VirHostPRED,Anelloviridae,P,151,input_original/manual_downloads/VirHostPRED/random_dataset_1.fasta; input_original/manual_downloads/VirHostPRED/reps70.fasta,Anelloviridae,exact_current_family,confirmed_from_audited_mapping_table,Family-level presence from audited VirHostPRED protein-accession taxonomy mapping. Source counts are unique protein accessions per current ICTV family.,include_eukaryotic,invertebrates; vertebrates,Floreoviria,Shotokuvirae,Commensaviricota,Cardeaviricetes,Sanitavirales,ssDNA(+/-); ssDNA(-),DNA,243,True
VirHostPRED,Arenaviridae,P,10,input_original/manual_downloads/VirHostPRED/random_dataset_1.fasta; input_original/manual_downloads/VirHostPRED/reps70.fasta,Arenaviridae,exact_current_family,confirmed_from_audited_mapping_table,Family-level presence from audited VirHostPRED protein-accession taxonomy mapping. Source counts are unique protein accessions per current ICTV family.,include_eukaryotic,freshwater (s); vertebrates,Riboviria,Orthornavirae,Negarnaviricota,Bunyaviricetes,Hareavirales,ssRNA(+/-); ssRNA(-),RNA,71,True
VirHostPRED,Ascoviridae,P,2,input_original/manual_downloads/VirHostPRED/random_dataset_1.fasta,Ascoviridae,exact_current_family,confirmed_from_audited_mapping_table,Family-level presence from audited VirHostPRED protein-accession taxonomy mapping. Source counts are unique protein accessions per current ICTV family.,include_eukaryotic,invertebrates,Varidnaviria,Bamfordvirae,Nucleocytoviricota,Megaviricetes,Pimascovirales,dsDNA,DNA,4,True
VirHostPRED,Astroviridae,P,13,input_original/manual_downloads/VirHostPRED/random_dataset_1.fasta; input_original/manual_downloads/VirHostPRED/reps70.fasta,Astroviridae,exact_current_family,confirmed_from_audited_mapping_table,Family-level presence from audited VirHostPRED protein-accession taxonomy mapping. Source counts are unique protein accessions per current ICTV family.,include_eukaryotic,vertebrates,Riboviria,Orthornavirae,Pisuviricota,Stelpaviricetes,Stellavirales,ssRNA(+),RNA,31,True
VirHostPRED,Baculoviridae,P,51,input_original/manual_downloads/VirHostPRED/random_dataset_1.fasta,Baculoviridae,exact_current_family,confirmed_from_audited_mapping_table,Family-level presence from audited VirHostPRED protein-accession taxonomy mapping. Source counts are unique protein accessions per current ICTV family.,include_eukaryotic,invertebrates,,,,Naldaviricetes,Lefavirales,dsDNA,DNA,104,True
VirHostPRED,Betaflexiviridae,P,3,input_original/manual_downloads/VirHostPRED/random_dataset_1.fasta,Betaflexiviridae,exact_current_family,confirmed_from_audited_mapping_table,Family-level presence from audited VirHostPRED protein-accession taxonomy mapping. Source counts are unique protein accessions per current ICTV family.,include_eukaryotic,plants,Riboviria,Orthornavirae,Kitrinoviricota,Alsuviricetes,Tymovirales,ssRNA(+),RNA,159,True
VirHostPRED,Caliciviridae,P,31,input_original/manual_downloads/VirHostPRED/reps70.fasta,Caliciviridae,exact_current_family,confirmed_from_audited_mapping_table,Family-level presence from audited VirHostPRED protein-accession taxonomy mapping. Source counts are unique protein accessions per current ICTV family.,include_eukaryotic,vertebrates,Riboviria,Orthornavirae,Pisuviricota,Pisoniviricetes,Picornavirales,ssRNA(+),RNA,12,True
VirHostPRED,Caulimoviridae,P,3,input_original/manual_downloads/VirHostPRED/random_dataset_1.fasta,Caulimoviridae,exact_current_family,confirmed_from_audited_mapping_table,Family-level presence from audited VirHostPRED protein-accession taxonomy mapping. Source counts are unique protein accessions per current ICTV family.,include_eukaryotic,plants,Riboviria,Pararnavirae,Artverviricota,Revtraviricetes,Ortervirales,dsDNA; dsDNA-RT,Reverse-transcribing,109,True
VirHostPRED,Chrysoviridae,P,2,input_original/manual_downloads/VirHostPRED/random_dataset_1.fasta,Chrysoviridae,exact_current_family,confirmed_from_audited_mapping_table,Family-level presence from audited VirHostPRED protein-accession taxonomy mapping. Source counts are unique protein accessions per current ICTV family.,include_eukaryotic,fungi; invertebrates (s); plants (s),Riboviria,Orthornavirae,Duplornaviricota,Chrymotiviricetes,Ghabrivirales,dsRNA,RNA,31,True
VirHostPRED,Chuviridae,P,2,input_original/manual_downloads/VirHostPRED/random_dataset_1.fasta,Chuviridae,exact_current_family,confirmed_from_audited_mapping_table,Family-level presence from audited VirHostPRED protein-accession taxonomy mapping. Source counts are unique protein accessions per current ICTV family.,include_eukaryotic,invertebrates; vertebrates,Riboviria,Orthornavirae,Negarnaviricota,Monjiviricetes,Jingchuvirales,ssRNA(-),RNA,43,True
VirHostPRED,Circoviridae,P,34,input_original/manual_downloads/VirHostPRED/random_dataset_1.fasta; input_original/manual_downloads/VirHostPRED/reps70.fasta,Circoviridae,exact_current_family,confirmed_from_audited_mapping_table,Family-level presence from audited VirHostPRED protein-accession taxonomy mapping. Source counts are unique protein accessions per current ICTV family.,include_eukaryotic,invertebrates; plants (s); vertebrates,Floreoviria,Shotokuvirae,Cressdnaviricota,Arfiviricetes,Cirlivirales,ssDNA; ssDNA(+/-),DNA,160,True
VirHostPRED,Closteroviridae,P,3,input_original/manual_downloads/VirHostPRED/random_dataset_1.fasta,Closteroviridae,exact_current_family,confirmed_from_audited_mapping_table,Family-level presence from audited VirHostPRED protein-accession taxonomy mapping. Source counts are unique protein accessions per current ICTV family.,include_eukaryotic,plants,Riboviria,Orthornavirae,Kitrinoviricota,Alsuviricetes,Martellivirales,ssRNA(+),RNA,88,True
VirHostPRED,Coronaviridae,P,39,input_original/manual_downloads/VirHostPRED/random_dataset_1.fasta; input_original/manual_downloads/VirHostPRED/reps70.fasta,Coronaviridae,exact_current_family,confirmed_from_audited_mapping_table,Family-level presence from audited VirHostPRED protein-accession taxonomy mapping. Source counts are unique protein accessions per current ICTV family.,include_eukaryotic,vertebrates,Riboviria,Orthornavirae,Pisuviricota,Pisoniviricetes,Nidovirales,ssRNA(+),RNA,54,True
VirHostPRED,Endolinaviridae,P,2,input_original/manual_downloads/VirHostPRED/reps70.fasta,Endolinaviridae,exact_current_family,confirmed_from_audited_mapping_table,Family-level presence from audited VirHostPRED protein-accession taxonomy mapping. Source counts are unique protein accessions per current ICTV family.,include_eukaryotic,vertebrates,Floreoviria,Shotokuvirae,Cressdnaviricota,Arfiviricetes,Cirlivirales,ssDNA(+/-),DNA,10,True
VirHostPRED,Filoviridae,P,19,input_original/manual_downloads/VirHostPRED/reps70.fasta,Filoviridae,exact_current_family,confirmed_from_audited_mapping_table,Family-level presence from audited VirHostPRED protein-accession taxonomy mapping. Source counts are unique protein accessions per current ICTV family.,include_eukaryotic,vertebrates,Riboviria,Orthornavirae,Negarnaviricota,Monjiviricetes,Mononegavirales,ssRNA(-),RNA,17,True
VirHostPRED,Flaviviridae,P,1,input_original/manual_downloads/VirHostPRED/reps70.fasta,Flaviviridae,exact_current_family,confirmed_from_audited_mapping_table,Family-level presence from audited VirHostPRED protein-accession taxonomy mapping. Source counts are unique protein accessions per current ICTV family.,include_eukaryotic,"invertebrates; invertebrates, vertebrates; vertebrates",Riboviria,Orthornavirae,Kitrinoviricota,Flasuviricetes,Amarillovirales,ssRNA(+),RNA,61,True
VirHostPRED,Geminiviridae,P,11,input_original/manual_downloads/VirHostPRED/random_dataset_1.fasta,Geminiviridae,exact_current_family,confirmed_from_audited_mapping_table,Family-level presence from audited VirHostPRED protein-accession taxonomy mapping. Source counts are unique protein accessions per current ICTV family.,include_eukaryotic,"invertebrates; invertebrates, plants; plants",Floreoviria,Shotokuvirae,Cressdnaviricota,Repensiviricetes,Geplafuvirales,ssDNA; ssDNA(+/-),DNA,560,True
VirHostPRED,Genomoviridae,P,21,input_original/manual_downloads/VirHostPRED/random_dataset_1.fasta; input_original/manual_downloads/VirHostPRED/reps70.fasta,Genomoviridae,exact_current_family,confirmed_from_audited_mapping_table,Family-level presence from audited VirHostPRED protein-accession taxonomy mapping. Source counts are unique protein accessions per current ICTV family.,include_eukaryotic,"fungi; invertebrates; invertebrates, vertebrates; plants; sewage (s); vertebrates",Floreoviria,Shotokuvirae,Cressdnaviricota,Repensiviricetes,Geplafuvirales,ssDNA(+/-),DNA,237,True
VirHostPRED,Hantaviridae,P,5,input_original/manual_downloads/VirHostPRED/random_dataset_1.fasta; input_original/manual_downloads/VirHostPRED/reps70.fasta,Hantaviridae,exact_current_family,confirmed_from_audited_mapping_table,Family-level presence from audited VirHostPRED protein-accession taxonomy mapping. Source counts are unique protein accessions per current ICTV family.,include_eukaryotic,vertebrates,Riboviria,Orthornavirae,Negarnaviricota,Bunyaviricetes,Elliovirales,ssRNA(-),RNA,55,True
VirHostPRED,Hepaciviridae,P,5,input_original/manual_downloads/VirHostPRED/random_dataset_1.fasta; input_original/manual_downloads/VirHostPRED/reps70.fasta,Hepaciviridae,exact_current_family,confirmed_from_audited_mapping_table,Family-level presence from audited VirHostPRED protein-accession taxonomy mapping. Source counts are unique protein accessions per current ICTV family.,include_eukaryotic,vertebrates,Riboviria,Orthornavirae,Kitrinoviricota,Flasuviricetes,Amarillovirales,ssRNA(+),RNA,25,True
VirHostPRED,Hepeviridae,P,1,input_original/manual_downloads/VirHostPRED/random_dataset_1.fasta,Hepeviridae,exact_current_family,confirmed_from_audited_mapping_table,Family-level presence from audited VirHostPRED protein-accession taxonomy mapping. Source counts are unique protein accessions per current ICTV family.,include_eukaryotic,vertebrates,Riboviria,Orthornavirae,Kitrinoviricota,Alsuviricetes,Hepelivirales,ssRNA(+); ssRNA(+/-),RNA,11,True
VirHostPRED,Hytrosaviridae,P,1,input_original/manual_downloads/VirHostPRED/random_dataset_1.fasta,Hytrosaviridae,exact_current_family,confirmed_from_audited_mapping_table,Family-level presence from audited VirHostPRED protein-accession taxonomy mapping. Source counts are unique protein accessions per current ICTV family.,include_eukaryotic,invertebrates,,,,Naldaviricetes,Lefavirales,dsDNA,DNA,2,True
VirHostPRED,Inseviridae,P,1,input_original/manual_downloads/VirHostPRED/random_dataset_1.fasta,Inseviridae,exact_current_family,confirmed_from_audited_mapping_table,Family-level presence from audited VirHostPRED protein-accession taxonomy mapping. Source counts are unique protein accessions per current ICTV family.,include_eukaryotic,invertebrates,Riboviria,Orthornavirae,Duplornaviricota,Chrymotiviricetes,Ghabrivirales,dsRNA,RNA,16,True
VirHostPRED,Iridoviridae,P,8,input_original/manual_downloads/VirHostPRED/random_dataset_1.fasta,Iridoviridae,exact_current_family,confirmed_from_audited_mapping_table,Family-level presence from audited VirHostPRED protein-accession taxonomy mapping. Source counts are unique protein accessions per current ICTV family.,include_eukaryotic,invertebrates; vertebrates,Varidnaviria,Bamfordvirae,Nucleocytoviricota,Megaviricetes,Pimascovirales,dsDNA,DNA,23,True
VirHostPRED,Kirkoviridae,P,1,input_original/manual_downloads/VirHostPRED/random_dataset_1.fasta,Kirkoviridae,exact_current_family,confirmed_from_audited_mapping_table,Family-level presence from audited VirHostPRED protein-accession taxonomy mapping. Source counts are unique protein accessions per current ICTV family.,include_eukaryotic,vertebrates,Floreoviria,Shotokuvirae,Cressdnaviricota,Arfiviricetes,Rohanvirales,ssDNA(+/-),DNA,12,True
VirHostPRED,Lispiviridae,P,1,input_original/manual_downloads/VirHostPRED/random_dataset_1.fasta,Lispiviridae,exact_current_family,confirmed_from_audited_mapping_table,Family-level presence from audited VirHostPRED protein-accession taxonomy mapping. Source counts are unique protein accessions per current ICTV family.,include_eukaryotic,invertebrates; vertebrates,Riboviria,Orthornavirae,Negarnaviricota,Monjiviricetes,Mononegavirales,ssRNA(-),RNA,51,True
VirHostPRED,Marseilleviridae,P,20,input_original/manual_downloads/VirHostPRED/random_dataset_1.fasta,Marseilleviridae,exact_current_family,confirmed_from_audited_mapping_table,Family-level presence from audited VirHostPRED protein-accession taxonomy mapping. Source counts are unique protein accessions per current ICTV family.,include_eukaryotic,protists,Varidnaviria,Bamfordvirae,Nucleocytoviricota,Megaviricetes,Pimascovirales,dsDNA,DNA,4,True
VirHostPRED,Matonaviridae,P,2,input_original/manual_downloads/VirHostPRED/reps70.fasta,Matonaviridae,exact_current_family,confirmed_from_audited_mapping_table,Family-level presence from audited VirHostPRED protein-accession taxonomy mapping. Source counts are unique protein accessions per current ICTV family.,include_eukaryotic,vertebrates,Riboviria,Orthornavirae,Kitrinoviricota,Alsuviricetes,Hepelivirales,ssRNA(+),RNA,3,True
VirHostPRED,Mayoviridae,P,1,input_original/manual_downloads/VirHostPRED/random_dataset_1.fasta,Mayoviridae,exact_current_family,confirmed_from_audited_mapping_table,Family-level presence from audited VirHostPRED protein-accession taxonomy mapping. Source counts are unique protein accessions per current ICTV family.,include_eukaryotic,plants,Riboviria,Orthornavirae,Kitrinoviricota,Alsuviricetes,Martellivirales,ssRNA(+),RNA,4,True
VirHostPRED,Mesoniviridae,P,1,input_original/manual_downloads/VirHostPRED/random_dataset_1.fasta,Mesoniviridae,exact_current_family,confirmed_from_audited_mapping_table,Family-level presence from audited VirHostPRED protein-accession taxonomy mapping. Source counts are unique protein accessions per current ICTV family.,include_eukaryotic,invertebrates,Riboviria,Orthornavirae,Pisuviricota,Pisoniviricetes,Nidovirales,ssRNA(+),RNA,14,True
VirHostPRED,Mimiviridae,P,52,input_original/manual_downloads/VirHostPRED/random_dataset_1.fasta,Mimiviridae,exact_current_family,confirmed_from_audited_mapping_table,Family-level presence from audited VirHostPRED protein-accession taxonomy mapping. Source counts are unique protein accessions per current ICTV family.,include_eukaryotic,protists,Varidnaviria,Bamfordvirae,Nucleocytoviricota,Megaviricetes,Imitervirales,dsDNA,DNA,19,True
VirHostPRED,Mitoviridae,P,1,input_original/manual_downloads/VirHostPRED/random_dataset_1.fasta,Mitoviridae,exact_current_family,confirmed_from_audited_mapping_table,Family-level presence from audited VirHostPRED protein-accession taxonomy mapping. Source counts are unique protein accessions per current ICTV family.,include_eukaryotic,fungi; plants,Riboviria,Orthornavirae,Lenarviricota,Howeltoviricetes,Cryppavirales,ssRNA(+),RNA,105,True
VirHostPRED,Mymonaviridae,P,1,input_original/manual_downloads/VirHostPRED/random_dataset_1.fasta,Mymonaviridae,exact_current_family,confirmed_from_audited_mapping_table,Family-level presence from audited VirHostPRED protein-accession taxonomy mapping. Source counts are unique protein accessions per current ICTV family.,include_eukaryotic,fungi; invertebrates; invertebrates (s); phytobiome (s); protists; soil (s),Riboviria,Orthornavirae,Negarnaviricota,Monjiviricetes,Mononegavirales,ssRNA(-),RNA,61,True
VirHostPRED,Nairoviridae,P,9,input_original/manual_downloads/VirHostPRED/random_dataset_1.fasta; input_original/manual_downloads/VirHostPRED/reps70.fasta,Nairoviridae,exact_current_family,confirmed_from_audited_mapping_table,Family-level presence from audited VirHostPRED protein-accession taxonomy mapping. Source counts are unique protein accessions per current ICTV family.,include_eukaryotic,"invertebrates; invertebrates, vertebrates; vertebrates",Riboviria,Orthornavirae,Negarnaviricota,Bunyaviricetes,Hareavirales,ssRNA(-),RNA,60,True
VirHostPRED,Nudiviridae,P,9,input_original/manual_downloads/VirHostPRED/random_dataset_1.fasta,Nudiviridae,exact_current_family,confirmed_from_audited_mapping_table,Family-level presence from audited VirHostPRED protein-accession taxonomy mapping. Source counts are unique protein accessions per current ICTV family.,include_eukaryotic,invertebrates,,,,Naldaviricetes,Lefavirales,dsDNA,DNA,29,True
VirHostPRED,Nyamiviridae,P,1,input_original/manual_downloads/VirHostPRED/random_dataset_1.fasta,Nyamiviridae,exact_current_family,confirmed_from_audited_mapping_table,Family-level presence from audited VirHostPRED protein-accession taxonomy mapping. Source counts are unique protein accessions per current ICTV family.,include_eukaryotic,"invertebrates; invertebrates, vertebrates; vertebrates",Riboviria,Orthornavirae,Negarnaviricota,Monjiviricetes,Mononegavirales,ssRNA(-),RNA,30,True
VirHostPRED,Oomyviridae,P,3,input_original/manual_downloads/VirHostPRED/reps70.fasta,Oomyviridae,exact_current_family,confirmed_from_audited_mapping_table,Family-level presence from audited VirHostPRED protein-accession taxonomy mapping. Source counts are unique protein accessions per current ICTV family.,include_eukaryotic,"invertebrates, vertebrates",Floreoviria,Shotokuvirae,Cressdnaviricota,Arfiviricetes,Lineavirales,ssDNA,DNA,38,True
VirHostPRED,Orthoherpesviridae,P,619,input_original/manual_downloads/VirHostPRED/random_dataset_1.fasta; input_original/manual_downloads/VirHostPRED/reps70.fasta,Orthoherpesviridae,exact_current_family,confirmed_from_audited_mapping_table,Family-level presence from audited VirHostPRED protein-accession taxonomy mapping. Source counts are unique protein accessions per current ICTV family.,include_eukaryotic,vertebrates,Duplodnaviria,Heunggongvirae,Peploviricota,Herviviricetes,Herpesvirales,dsDNA,DNA,118,True
VirHostPRED,Orthomyxoviridae,P,16,input_original/manual_downloads/VirHostPRED/reps70.fasta,Orthomyxoviridae,exact_current_family,confirmed_from_audited_mapping_table,Family-level presence from audited VirHostPRED protein-accession taxonomy mapping. Source counts are unique protein accessions per current ICTV family.,include_eukaryotic,"invertebrates; invertebrates, vertebrates; vertebrates",Riboviria,Orthornavirae,Negarnaviricota,Insthoviricetes,Articulavirales,ssRNA(-),RNA,21,True
VirHostPRED,Orthototiviridae,P,1,input_original/manual_downloads/VirHostPRED/random_dataset_1.fasta,Orthototiviridae,exact_current_family,confirmed_from_audited_mapping_table,Family-level presence from audited VirHostPRED protein-accession taxonomy mapping. Source counts are unique protein accessions per current ICTV family.,include_eukaryotic,fungi; invertebrates; plants; protists (s),Riboviria,Orthornavirae,Duplornaviricota,Chrymotiviricetes,Ghabrivirales,dsRNA,RNA,32,True
VirHostPRED,Papillomaviridae,P,235,input_original/manual_downloads/VirHostPRED/random_dataset_1.fasta; input_original/manual_downloads/VirHostPRED/reps70.fasta,Papillomaviridae,exact_current_family,confirmed_from_audited_mapping_table,Family-level presence from audited VirHostPRED protein-accession taxonomy mapping. Source counts are unique protein accessions per current ICTV family.,include_eukaryotic,vertebrates,Floreoviria,Shotokuvirae,Cossaviricota,Papovaviricetes,Zurhausenvirales,dsDNA,DNA,133,True
VirHostPRED,Paramyxoviridae,P,7,input_original/manual_downloads/VirHostPRED/random_dataset_1.fasta; input_original/manual_downloads/VirHostPRED/reps70.fasta,Paramyxoviridae,exact_current_family,confirmed_from_audited_mapping_table,Family-level presence from audited VirHostPRED protein-accession taxonomy mapping. Source counts are unique protein accessions per current ICTV family.,include_eukaryotic,vertebrates,Riboviria,Orthornavirae,Negarnaviricota,Monjiviricetes,Mononegavirales,ssRNA(-),RNA,153,True
VirHostPRED,Parvoviridae,P,24,input_original/manual_downloads/VirHostPRED/random_dataset_1.fasta; input_original/manual_downloads/VirHostPRED/reps70.fasta,Parvoviridae,exact_current_family,confirmed_from_audited_mapping_table,Family-level presence from audited VirHostPRED protein-accession taxonomy mapping. Source counts are unique protein accessions per current ICTV family.,include_eukaryotic,"invertebrates; invertebrates, vertebrates; vertebrates",Floreoviria,Shotokuvirae,Cossaviricota,Quintoviricetes,Piccovirales,ssDNA; ssDNA(+/-),DNA,281,True
VirHostPRED,Pecoviridae,P,4,input_original/manual_downloads/VirHostPRED/reps70.fasta,Pecoviridae,exact_current_family,confirmed_from_audited_mapping_table,Family-level presence from audited VirHostPRED protein-accession taxonomy mapping. Source counts are unique protein accessions per current ICTV family.,include_eukaryotic,vertebrates,Floreoviria,Shotokuvirae,Cressdnaviricota,Arfiviricetes,Ringavirales,ssDNA(+/-),DNA,15,True
VirHostPRED,Peribunyaviridae,P,21,input_original/manual_downloads/VirHostPRED/random_dataset_1.fasta; input_original/manual_downloads/VirHostPRED/reps70.fasta,Peribunyaviridae,exact_current_family,confirmed_from_audited_mapping_table,Family-level presence from audited VirHostPRED protein-accession taxonomy mapping. Source counts are unique protein accessions per current ICTV family.,include_eukaryotic,"invertebrates; invertebrates, vertebrates; vertebrates",Riboviria,Orthornavirae,Negarnaviricota,Bunyaviricetes,Elliovirales,ssRNA(-),RNA,152,True
VirHostPRED,Phenuiviridae,P,30,input_original/manual_downloads/VirHostPRED/random_dataset_1.fasta; input_original/manual_downloads/VirHostPRED/reps70.fasta,Phenuiviridae,exact_current_family,confirmed_from_audited_mapping_table,Family-level presence from audited VirHostPRED protein-accession taxonomy mapping. Source counts are unique protein accessions per current ICTV family.,include_eukaryotic,"fungi; invertebrates; invertebrates, plants; invertebrates, vertebrates; plants; protists; soil (s); vertebrates",Riboviria,Orthornavirae,Negarnaviricota,Bunyaviricetes,Hareavirales,ssRNA(+/-); ssRNA(-),RNA,223,True
VirHostPRED,Phycodnaviridae,P,40,input_original/manual_downloads/VirHostPRED/random_dataset_1.fasta,Phycodnaviridae,exact_current_family,confirmed_from_audited_mapping_table,Family-level presence from audited VirHostPRED protein-accession taxonomy mapping. Source counts are unique protein accessions per current ICTV family.,include_eukaryotic,algae; protists,Varidnaviria,Bamfordvirae,Nucleocytoviricota,Megaviricetes,Algavirales,dsDNA,DNA,28,True
VirHostPRED,Phypoliviridae,P,1,input_original/manual_downloads/VirHostPRED/random_dataset_1.fasta,Phypoliviridae,exact_current_family,confirmed_from_audited_mapping_table,Family-level presence from audited VirHostPRED protein-accession taxonomy mapping. Source counts are unique protein accessions per current ICTV family.,include_eukaryotic,protists,Varidnaviria,Bamfordvirae,Preplasmiviricota,Aquintoviricetes,Archintovirales,dsDNA,DNA,1,True
VirHostPRED,Picornaviridae,P,11,input_original/manual_downloads/VirHostPRED/reps70.fasta,Picornaviridae,exact_current_family,confirmed_from_audited_mapping_table,Family-level presence from audited VirHostPRED protein-accession taxonomy mapping. Source counts are unique protein accessions per current ICTV family.,include_eukaryotic,vertebrates,Riboviria,Orthornavirae,Pisuviricota,Pisoniviricetes,Picornavirales,ssRNA(+),RNA,159,True
VirHostPRED,Pithoviridae,P,7,input_original/manual_downloads/VirHostPRED/random_dataset_1.fasta,Pithoviridae,exact_current_family,confirmed_from_audited_mapping_table,Family-level presence from audited VirHostPRED protein-accession taxonomy mapping. Source counts are unique protein accessions per current ICTV family.,include_eukaryotic,protists,Varidnaviria,Bamfordvirae,Nucleocytoviricota,Megaviricetes,Pimascovirales,dsDNA,DNA,6,True
VirHostPRED,Polycipiviridae,P,1,input_original/manual_downloads/VirHostPRED/random_dataset_1.fasta,Polycipiviridae,exact_current_family,confirmed_from_audited_mapping_table,Family-level presence from audited VirHostPRED protein-accession taxonomy mapping. Source counts are unique protein accessions per current ICTV family.,include_eukaryotic,invertebrates,Riboviria,Orthornavirae,Pisuviricota,Pisoniviricetes,Picornavirales,ssRNA(+),RNA,14,True
VirHostPRED,Polydnaviriformidae,P,3,input_original/manual_downloads/VirHostPRED/random_dataset_1.fasta,Polydnaviriformidae,exact_current_family,confirmed_from_audited_mapping_table,Family-level presence from audited VirHostPRED protein-accession taxonomy mapping. Source counts are unique protein accessions per current ICTV family.,include_eukaryotic,invertebrates,,,,,,dsDNA,DNA,53,False
VirHostPRED,Polyomaviridae,P,35,input_original/manual_downloads/VirHostPRED/random_dataset_1.fasta; input_original/manual_downloads/VirHostPRED/reps70.fasta,Polyomaviridae,exact_current_family,confirmed_from_audited_mapping_table,Family-level presence from audited VirHostPRED protein-accession taxonomy mapping. Source counts are unique protein accessions per current ICTV family.,include_eukaryotic,vertebrates,Floreoviria,Shotokuvirae,Cossaviricota,Papovaviricetes,Sepolyvirales,dsDNA,DNA,122,True
VirHostPRED,Potyviridae,P,3,input_original/manual_downloads/VirHostPRED/random_dataset_1.fasta,Potyviridae,exact_current_family,confirmed_from_audited_mapping_table,Family-level presence from audited VirHostPRED protein-accession taxonomy mapping. Source counts are unique protein accessions per current ICTV family.,include_eukaryotic,plants,Riboviria,Orthornavirae,Pisuviricota,Stelpaviricetes,Patatavirales,ssRNA(+),RNA,264,True
VirHostPRED,Poxviridae,P,369,input_original/manual_downloads/VirHostPRED/random_dataset_1.fasta; input_original/manual_downloads/VirHostPRED/reps70.fasta,Poxviridae,exact_current_family,confirmed_from_audited_mapping_table,Family-level presence from audited VirHostPRED protein-accession taxonomy mapping. Source counts are unique protein accessions per current ICTV family.,include_eukaryotic,invertebrates; vertebrates,Varidnaviria,Bamfordvirae,Nucleocytoviricota,Pokkesviricetes,Chitovirales,dsDNA,DNA,56,True
VirHostPRED,Redondoviridae,P,2,input_original/manual_downloads/VirHostPRED/reps70.fasta,Redondoviridae,exact_current_family,confirmed_from_audited_mapping_table,Family-level presence from audited VirHostPRED protein-accession taxonomy mapping. Source counts are unique protein accessions per current ICTV family.,include_eukaryotic,vertebrates,Floreoviria,Shotokuvirae,Cressdnaviricota,Arfiviricetes,Recrevirales,ssDNA(+/-),DNA,2,True
VirHostPRED,Retroviridae,P,37,input_original/manual_downloads/VirHostPRED/random_dataset_1.fasta; input_original/manual_downloads/VirHostPRED/reps70.fasta,Retroviridae,exact_current_family,confirmed_from_audited_mapping_table,Family-level presence from audited VirHostPRED protein-accession taxonomy mapping. Source counts are unique protein accessions per current ICTV family.,include_eukaryotic,vertebrates,Riboviria,Pararnavirae,Artverviricota,Revtraviricetes,Ortervirales,ssRNA-RT,Reverse-transcribing,65,True
VirHostPRED,Rhabdoviridae,P,48,input_original/manual_downloads/VirHostPRED/random_dataset_1.fasta; input_original/manual_downloads/VirHostPRED/reps70.fasta,Rhabdoviridae,exact_current_family,confirmed_from_audited_mapping_table,Family-level presence from audited VirHostPRED protein-accession taxonomy mapping. Source counts are unique protein accessions per current ICTV family.,include_eukaryotic,"freshwater (s); invertebrates; invertebrates (s); invertebrates, plants; invertebrates, vertebrates; plants; soil (s); unknown (s); vertebrates",Riboviria,Orthornavirae,Negarnaviricota,Monjiviricetes,Mononegavirales,ssRNA(-),RNA,615,True
VirHostPRED,Roniviridae,P,1,input_original/manual_downloads/VirHostPRED/random_dataset_1.fasta,Roniviridae,exact_current_family,confirmed_from_audited_mapping_table,Family-level presence from audited VirHostPRED protein-accession taxonomy mapping. Source counts are unique protein accessions per current ICTV family.,include_eukaryotic,invertebrates,Riboviria,Orthornavirae,Pisuviricota,Pisoniviricetes,Nidovirales,ssRNA(+),RNA,4,True
VirHostPRED,Schizomimiviridae,P,4,input_original/manual_downloads/VirHostPRED/random_dataset_1.fasta,Schizomimiviridae,exact_current_family,confirmed_from_audited_mapping_table,Family-level presence from audited VirHostPRED protein-accession taxonomy mapping. Source counts are unique protein accessions per current ICTV family.,include_eukaryotic,protists,Varidnaviria,Bamfordvirae,Nucleocytoviricota,Megaviricetes,Imitervirales,dsDNA,DNA,2,True
VirHostPRED,Secoviridae,P,2,input_original/manual_downloads/VirHostPRED/random_dataset_1.fasta,Secoviridae,exact_current_family,confirmed_from_audited_mapping_table,Family-level presence from audited VirHostPRED protein-accession taxonomy mapping. Source counts are unique protein accessions per current ICTV family.,include_eukaryotic,phytobiome (s); plants,Riboviria,Orthornavirae,Pisuviricota,Pisoniviricetes,Picornavirales,ssRNA(+),RNA,215,True
VirHostPRED,Sedoreoviridae,P,23,input_original/manual_downloads/VirHostPRED/random_dataset_1.fasta; input_original/manual_downloads/VirHostPRED/reps70.fasta,Sedoreoviridae,exact_current_family,confirmed_from_audited_mapping_table,Family-level presence from audited VirHostPRED protein-accession taxonomy mapping. Source counts are unique protein accessions per current ICTV family.,include_eukaryotic,"invertebrates; invertebrates, plants; invertebrates, vertebrates; protists; vertebrates",Riboviria,Orthornavirae,Duplornaviricota,Resentoviricetes,Reovirales,dsRNA,RNA,45,True
VirHostPRED,Solemoviridae,P,1,input_original/manual_downloads/VirHostPRED/random_dataset_1.fasta,Solemoviridae,exact_current_family,confirmed_from_audited_mapping_table,Family-level presence from audited VirHostPRED protein-accession taxonomy mapping. Source counts are unique protein accessions per current ICTV family.,include_eukaryotic,fungi; plants,Riboviria,Orthornavirae,Pisuviricota,Pisoniviricetes,Sobelivirales,ssRNA(+),RNA,148,True
VirHostPRED,Spinareoviridae,P,14,input_original/manual_downloads/VirHostPRED/random_dataset_1.fasta; input_original/manual_downloads/VirHostPRED/reps70.fasta,Spinareoviridae,exact_current_family,confirmed_from_audited_mapping_table,Family-level presence from audited VirHostPRED protein-accession taxonomy mapping. Source counts are unique protein accessions per current ICTV family.,include_eukaryotic,"fungi; invertebrates; invertebrates, plants; invertebrates, vertebrates; vertebrates",Riboviria,Orthornavirae,Duplornaviricota,Resentoviricetes,Reovirales,dsRNA,RNA,59,True
VirHostPRED,Togaviridae,P,2,input_original/manual_downloads/VirHostPRED/reps70.fasta,Togaviridae,exact_current_family,confirmed_from_audited_mapping_table,Family-level presence from audited VirHostPRED protein-accession taxonomy mapping. Source counts are unique protein accessions per current ICTV family.,include_eukaryotic,"invertebrates; invertebrates, vertebrates; vertebrates",Riboviria,Orthornavirae,Kitrinoviricota,Alsuviricetes,Martellivirales,ssRNA(+),RNA,32,True
VirHostPRED,Tolecusatellitidae,P,1,input_original/manual_downloads/VirHostPRED/random_dataset_1.fasta,Tolecusatellitidae,exact_current_family,confirmed_from_audited_mapping_table,Family-level presence from audited VirHostPRED protein-accession taxonomy mapping. Source counts are unique protein accessions per current ICTV family.,include_eukaryotic,plants,,,,,,ssDNA; ssDNA(+/-); ssDNA(-),DNA,133,False
VirHostPRED,Tombusviridae,P,2,input_original/manual_downloads/VirHostPRED/random_dataset_1.fasta,Tombusviridae,exact_current_family,confirmed_from_audited_mapping_table,Family-level presence from audited VirHostPRED protein-accession taxonomy mapping. Source counts are unique protein accessions per current ICTV family.,include_eukaryotic,fungi; invertebrates (s); plants; plants (s); vertebrates,Riboviria,Orthornavirae,Kitrinoviricota,Tolucaviricetes,Tolivirales,ssRNA(+),RNA,102,True
VirHostPRED,Tospoviridae,P,1,input_original/manual_downloads/VirHostPRED/random_dataset_1.fasta,Tospoviridae,exact_current_family,confirmed_from_audited_mapping_table,Family-level presence from audited VirHostPRED protein-accession taxonomy mapping. Source counts are unique protein accessions per current ICTV family.,include_eukaryotic,"invertebrates, plants",Riboviria,Orthornavirae,Negarnaviricota,Bunyaviricetes,Elliovirales,ssRNA(+/-),RNA,36,True
VirHostPRED,Virgaviridae,P,1,input_original/manual_downloads/VirHostPRED/random_dataset_1.fasta,Virgaviridae,exact_current_family,confirmed_from_audited_mapping_table,Family-level presence from audited VirHostPRED protein-accession taxonomy mapping. Source counts are unique protein accessions per current ICTV family.,include_eukaryotic,plants,Riboviria,Orthornavirae,Kitrinoviricota,Alsuviricetes,Martellivirales,ssRNA(+),RNA,59,True
VirHostPRED,Yaraviridae,P,1,input_original/manual_downloads/VirHostPRED/random_dataset_1.fasta,Yaraviridae,exact_current_family,confirmed_from_audited_mapping_table,Family-level presence from audited VirHostPRED protein-accession taxonomy mapping. Source counts are unique protein accessions per current ICTV family.,include_eukaryotic,protists,Varidnaviria,Bamfordvirae,Nucleocytoviricota,Mriyaviricetes,,dsDNA,DNA,1,False
ViralHostPredictor,Arenaviridae,N,45,input_original/manual_downloads/ViralHostPredictor/BabayanEtAl_VirusData.csv,Arenaviridae,current_family_from_ictv_lineage_name; exact_current_ncbi_family,confirmed_from_audited_mapping_table,Family-level presence from audited ViralHostPredictor nucleotide-accession taxonomy mapping. Source counts are unique resolved nucleotide accessions per current ICTV family.,include_eukaryotic,freshwater (s); vertebrates,Riboviria,Orthornavirae,Negarnaviricota,Bunyaviricetes,Hareavirales,ssRNA(+/-); ssRNA(-),RNA,71,True
ViralHostPredictor,Astroviridae,N,42,input_original/manual_downloads/ViralHostPredictor/BabayanEtAl_VirusData.csv,Astroviridae,current_family_from_ictv_lineage_name; exact_current_ncbi_family,confirmed_from_audited_mapping_table,Family-level presence from audited ViralHostPredictor nucleotide-accession taxonomy mapping. Source counts are unique resolved nucleotide accessions per current ICTV family.,include_eukaryotic,vertebrates,Riboviria,Orthornavirae,Pisuviricota,Stelpaviricetes,Stellavirales,ssRNA(+),RNA,31,True
ViralHostPredictor,Caliciviridae,N,36,input_original/manual_downloads/ViralHostPredictor/BabayanEtAl_VirusData.csv,Caliciviridae,current_family_from_ictv_lineage_name; exact_current_ncbi_family,confirmed_from_audited_mapping_table,Family-level presence from audited ViralHostPredictor nucleotide-accession taxonomy mapping. Source counts are unique resolved nucleotide accessions per current ICTV family.,include_eukaryotic,vertebrates,Riboviria,Orthornavirae,Pisuviricota,Pisoniviricetes,Picornavirales,ssRNA(+),RNA,12,True
ViralHostPredictor,Coronaviridae,N,48,input_original/manual_downloads/ViralHostPredictor/BabayanEtAl_VirusData.csv,Coronaviridae,current_family_from_ictv_lineage_name,confirmed_from_audited_mapping_table,Family-level presence from audited ViralHostPredictor nucleotide-accession taxonomy mapping. Source counts are unique resolved nucleotide accessions per current ICTV family.,include_eukaryotic,vertebrates,Riboviria,Orthornavirae,Pisuviricota,Pisoniviricetes,Nidovirales,ssRNA(+),RNA,54,True
ViralHostPredictor,Filoviridae,N,7,input_original/manual_downloads/ViralHostPredictor/BabayanEtAl_VirusData.csv,Filoviridae,current_family_from_ictv_lineage_name,confirmed_from_audited_mapping_table,Family-level presence from audited ViralHostPredictor nucleotide-accession taxonomy mapping. Source counts are unique resolved nucleotide accessions per current ICTV family.,include_eukaryotic,vertebrates,Riboviria,Orthornavirae,Negarnaviricota,Monjiviricetes,Mononegavirales,ssRNA(-),RNA,17,True
ViralHostPredictor,Flaviviridae,N,54,input_original/manual_downloads/ViralHostPredictor/BabayanEtAl_VirusData.csv,Flaviviridae,current_family_from_ictv_lineage_name,confirmed_from_audited_mapping_table,Family-level presence from audited ViralHostPredictor nucleotide-accession taxonomy mapping. Source counts are unique resolved nucleotide accessions per current ICTV family.,include_eukaryotic,"invertebrates; invertebrates, vertebrates; vertebrates",Riboviria,Orthornavirae,Kitrinoviricota,Flasuviricetes,Amarillovirales,ssRNA(+),RNA,61,True
ViralHostPredictor,Hantaviridae,N,8,input_original/manual_downloads/ViralHostPredictor/BabayanEtAl_VirusData.csv,Hantaviridae,current_family_from_ictv_lineage_name,confirmed_from_audited_mapping_table,Family-level presence from audited ViralHostPredictor nucleotide-accession taxonomy mapping. Source counts are unique resolved nucleotide accessions per current ICTV family.,include_eukaryotic,vertebrates,Riboviria,Orthornavirae,Negarnaviricota,Bunyaviricetes,Elliovirales,ssRNA(-),RNA,55,True
ViralHostPredictor,Hepaciviridae,N,13,input_original/manual_downloads/ViralHostPredictor/BabayanEtAl_VirusData.csv,Hepaciviridae,current_family_from_ictv_lineage_name,confirmed_from_audited_mapping_table,Family-level presence from audited ViralHostPredictor nucleotide-accession taxonomy mapping. Source counts are unique resolved nucleotide accessions per current ICTV family.,include_eukaryotic,vertebrates,Riboviria,Orthornavirae,Kitrinoviricota,Flasuviricetes,Amarillovirales,ssRNA(+),RNA,25,True
ViralHostPredictor,Hepeviridae,N,10,input_original/manual_downloads/ViralHostPredictor/BabayanEtAl_VirusData.csv,Hepeviridae,current_family_from_ictv_lineage_name; exact_current_ncbi_family,confirmed_from_audited_mapping_table,Family-level presence from audited ViralHostPredictor nucleotide-accession taxonomy mapping. Source counts are unique resolved nucleotide accessions per current ICTV family.,include_eukaryotic,vertebrates,Riboviria,Orthornavirae,Kitrinoviricota,Alsuviricetes,Hepelivirales,ssRNA(+); ssRNA(+/-),RNA,11,True
ViralHostPredictor,Matonaviridae,N,1,input_original/manual_downloads/ViralHostPredictor/BabayanEtAl_VirusData.csv,Matonaviridae,current_family_from_ictv_lineage_name,confirmed_from_audited_mapping_table,Family-level presence from audited ViralHostPredictor nucleotide-accession taxonomy mapping. Source counts are unique resolved nucleotide accessions per current ICTV family.,include_eukaryotic,vertebrates,Riboviria,Orthornavirae,Kitrinoviricota,Alsuviricetes,Hepelivirales,ssRNA(+),RNA,3,True
ViralHostPredictor,Nairoviridae,N,3,input_original/manual_downloads/ViralHostPredictor/BabayanEtAl_VirusData.csv,Nairoviridae,current_family_from_ictv_lineage_name,confirmed_from_audited_mapping_table,Family-level presence from audited ViralHostPredictor nucleotide-accession taxonomy mapping. Source counts are unique resolved nucleotide accessions per current ICTV family.,include_eukaryotic,"invertebrates; invertebrates, vertebrates; vertebrates",Riboviria,Orthornavirae,Negarnaviricota,Bunyaviricetes,Hareavirales,ssRNA(-),RNA,60,True
ViralHostPredictor,Paramyxoviridae,N,52,input_original/manual_downloads/ViralHostPredictor/BabayanEtAl_VirusData.csv,Paramyxoviridae,current_family_from_ictv_lineage_name; exact_current_ncbi_family,confirmed_from_audited_mapping_table,Family-level presence from audited ViralHostPredictor nucleotide-accession taxonomy mapping. Source counts are unique resolved nucleotide accessions per current ICTV family.,include_eukaryotic,vertebrates,Riboviria,Orthornavirae,Negarnaviricota,Monjiviricetes,Mononegavirales,ssRNA(-),RNA,153,True
ViralHostPredictor,Peribunyaviridae,N,10,input_original/manual_downloads/ViralHostPredictor/BabayanEtAl_VirusData.csv,Peribunyaviridae,current_family_from_ictv_lineage_name; exact_current_ncbi_family,confirmed_from_audited_mapping_table,Family-level presence from audited ViralHostPredictor nucleotide-accession taxonomy mapping. Source counts are unique resolved nucleotide accessions per current ICTV family.,include_eukaryotic,"invertebrates; invertebrates, vertebrates; vertebrates",Riboviria,Orthornavirae,Negarnaviricota,Bunyaviricetes,Elliovirales,ssRNA(-),RNA,152,True
ViralHostPredictor,Pestiviridae,N,11,input_original/manual_downloads/ViralHostPredictor/BabayanEtAl_VirusData.csv,Pestiviridae,current_family_from_ictv_lineage_name,confirmed_from_audited_mapping_table,Family-level presence from audited ViralHostPredictor nucleotide-accession taxonomy mapping. Source counts are unique resolved nucleotide accessions per current ICTV family.,include_eukaryotic,invertebrates; plants; vertebrates,Riboviria,Orthornavirae,Kitrinoviricota,Flasuviricetes,Amarillovirales,ssRNA(+),RNA,23,True
ViralHostPredictor,Phasmaviridae,N,2,input_original/manual_downloads/ViralHostPredictor/BabayanEtAl_VirusData.csv,Phasmaviridae,current_family_from_ictv_lineage_name,confirmed_from_audited_mapping_table,Family-level presence from audited ViralHostPredictor nucleotide-accession taxonomy mapping. Source counts are unique resolved nucleotide accessions per current ICTV family.,include_eukaryotic,invertebrates; invertebrates (s),Riboviria,Orthornavirae,Negarnaviricota,Bunyaviricetes,Elliovirales,ssRNA; ssRNA(-),RNA,34,True
ViralHostPredictor,Phenuiviridae,N,12,input_original/manual_downloads/ViralHostPredictor/BabayanEtAl_VirusData.csv,Phenuiviridae,current_family_from_ictv_lineage_name,confirmed_from_audited_mapping_table,Family-level presence from audited ViralHostPredictor nucleotide-accession taxonomy mapping. Source counts are unique resolved nucleotide accessions per current ICTV family.,include_eukaryotic,"fungi; invertebrates; invertebrates, plants; invertebrates, vertebrates; plants; protists; soil (s); vertebrates",Riboviria,Orthornavirae,Negarnaviricota,Bunyaviricetes,Hareavirales,ssRNA(+/-); ssRNA(-),RNA,223,True
ViralHostPredictor,Picornaviridae,N,47,input_original/manual_downloads/ViralHostPredictor/BabayanEtAl_VirusData.csv,Picornaviridae,current_family_from_ictv_lineage_name; exact_current_ncbi_family,confirmed_from_audited_mapping_table,Family-level presence from audited ViralHostPredictor nucleotide-accession taxonomy mapping. Source counts are unique resolved nucleotide accessions per current ICTV family.,include_eukaryotic,vertebrates,Riboviria,Orthornavirae,Pisuviricota,Pisoniviricetes,Picornavirales,ssRNA(+),RNA,159,True
ViralHostPredictor,Pneumoviridae,N,6,input_original/manual_downloads/ViralHostPredictor/BabayanEtAl_VirusData.csv,Pneumoviridae,current_family_from_ictv_lineage_name,confirmed_from_audited_mapping_table,Family-level presence from audited ViralHostPredictor nucleotide-accession taxonomy mapping. Source counts are unique resolved nucleotide accessions per current ICTV family.,include_eukaryotic,vertebrates,Riboviria,Orthornavirae,Negarnaviricota,Monjiviricetes,Mononegavirales,ssRNA(-),RNA,5,True
ViralHostPredictor,Rhabdoviridae,N,89,input_original/manual_downloads/ViralHostPredictor/BabayanEtAl_VirusData.csv,Rhabdoviridae,current_family_from_ictv_lineage_name,confirmed_from_audited_mapping_table,Family-level presence from audited ViralHostPredictor nucleotide-accession taxonomy mapping. Source counts are unique resolved nucleotide accessions per current ICTV family.,include_eukaryotic,"freshwater (s); invertebrates; invertebrates (s); invertebrates, plants; invertebrates, vertebrates; plants; soil (s); unknown (s); vertebrates",Riboviria,Orthornavirae,Negarnaviricota,Monjiviricetes,Mononegavirales,ssRNA(-),RNA,615,True
ViralHostPredictor,Sunviridae,N,1,input_original/manual_downloads/ViralHostPredictor/BabayanEtAl_VirusData.csv,Sunviridae,current_family_from_ictv_lineage_name,confirmed_from_audited_mapping_table,Family-level presence from audited ViralHostPredictor nucleotide-accession taxonomy mapping. Source counts are unique resolved nucleotide accessions per current ICTV family.,include_eukaryotic,vertebrates,Riboviria,Orthornavirae,Negarnaviricota,Monjiviricetes,Mononegavirales,ssRNA(-),RNA,1,True
ViralHostPredictor,Tobaniviridae,N,3,input_original/manual_downloads/ViralHostPredictor/BabayanEtAl_VirusData.csv,Tobaniviridae,current_family_from_ictv_lineage_name,confirmed_from_audited_mapping_table,Family-level presence from audited ViralHostPredictor nucleotide-accession taxonomy mapping. Source counts are unique resolved nucleotide accessions per current ICTV family.,include_eukaryotic,invertebrates (s); vertebrates,Riboviria,Orthornavirae,Pisuviricota,Pisoniviricetes,Nidovirales,ssRNA(+),RNA,22,True
ViralHostPredictor,Togaviridae,N,28,input_original/manual_downloads/ViralHostPredictor/BabayanEtAl_VirusData.csv,Togaviridae,current_family_from_ictv_lineage_name,confirmed_from_audited_mapping_table,Family-level presence from audited ViralHostPredictor nucleotide-accession taxonomy mapping. Source counts are unique resolved nucleotide accessions per current ICTV family.,include_eukaryotic,"invertebrates; invertebrates, vertebrates; vertebrates",Riboviria,Orthornavirae,Kitrinoviricota,Alsuviricetes,Martellivirales,ssRNA(+),RNA,32,True
ViralHostPredictor,Tospoviridae,N,8,input_original/manual_downloads/ViralHostPredictor/BabayanEtAl_VirusData.csv,Tospoviridae,current_family_from_ictv_lineage_name,confirmed_from_audited_mapping_table,Family-level presence from audited ViralHostPredictor nucleotide-accession taxonomy mapping. Source counts are unique resolved nucleotide accessions per current ICTV family.,include_eukaryotic,"invertebrates, plants",Riboviria,Orthornavirae,Negarnaviricota,Bunyaviricetes,Elliovirales,ssRNA(+/-),RNA,36,True
Zoonotic rank model,Adenoviridae,S,21,input_original/manual_downloads/ZoonoticRankModel/FinalData_Cleaned.csv,Adenoviridae,exact_current_family_from_author_figure_table; unique_current_ictv_genus_token,confirmed_from_audited_mapping_table,Family-level presence from audited Zoonotic rank model record-to-family mapping of the raw release.,include_eukaryotic,vertebrates,Varidnaviria,Bamfordvirae,Preplasmiviricota,Pharingeaviricetes,Rowavirales,dsDNA,DNA,145,True
Zoonotic rank model,Arenaviridae,S,36,input_original/manual_downloads/ZoonoticRankModel/FinalData_Cleaned.csv,Arenaviridae,exact_current_family_from_author_figure_table; unique_current_ictv_genus_token,confirmed_from_audited_mapping_table,Family-level presence from audited Zoonotic rank model record-to-family mapping of the raw release.,include_eukaryotic,freshwater (s); vertebrates,Riboviria,Orthornavirae,Negarnaviricota,Bunyaviricetes,Hareavirales,ssRNA(+/-); ssRNA(-),RNA,71,True
Zoonotic rank model,Arteriviridae,S,17,input_original/manual_downloads/ZoonoticRankModel/FinalData_Cleaned.csv,Arteriviridae,exact_current_family_from_author_figure_table,confirmed_from_audited_mapping_table,Family-level presence from audited Zoonotic rank model record-to-family mapping of the raw release.,include_eukaryotic,vertebrates,Riboviria,Orthornavirae,Pisuviricota,Pisoniviricetes,Nidovirales,ssRNA(+),RNA,23,True
Zoonotic rank model,Asfarviridae,S,1,input_original/manual_downloads/ZoonoticRankModel/FinalData_Cleaned.csv,Asfarviridae,exact_current_family_from_author_figure_table,confirmed_from_audited_mapping_table,Family-level presence from audited Zoonotic rank model record-to-family mapping of the raw release.,include_eukaryotic,"invertebrates, vertebrates",Varidnaviria,Bamfordvirae,Nucleocytoviricota,Pokkesviricetes,Asfuvirales,dsDNA,DNA,1,True
Zoonotic rank model,Astroviridae,S,22,input_original/manual_downloads/ZoonoticRankModel/FinalData_Cleaned.csv,Astroviridae,exact_current_family_from_author_figure_table; exact_vmr_genbank_accession; exact_vmr_virus_name,confirmed_from_audited_mapping_table,Family-level presence from audited Zoonotic rank model record-to-family mapping of the raw release.,include_eukaryotic,vertebrates,Riboviria,Orthornavirae,Pisuviricota,Stelpaviricetes,Stellavirales,ssRNA(+),RNA,31,True
Zoonotic rank model,Birnaviridae,S,6,input_original/manual_downloads/ZoonoticRankModel/FinalData_Cleaned.csv,Birnaviridae,exact_current_family_from_author_figure_table; exact_vmr_virus_name,confirmed_from_audited_mapping_table,Family-level presence from audited Zoonotic rank model record-to-family mapping of the raw release.,include_eukaryotic,invertebrates; vertebrates,Riboviria,Orthornavirae,,,,dsRNA,RNA,11,False
Zoonotic rank model,Bornaviridae,S,8,input_original/manual_downloads/ZoonoticRankModel/FinalData_Cleaned.csv,Bornaviridae,exact_current_family_from_author_figure_table; unique_current_ictv_genus_token,confirmed_from_audited_mapping_table,Family-level presence from audited Zoonotic rank model record-to-family mapping of the raw release.,include_eukaryotic,vertebrates,Riboviria,Orthornavirae,Negarnaviricota,Monjiviricetes,Mononegavirales,ssRNA(-),RNA,18,True
Zoonotic rank model,Caliciviridae,S,7,input_original/manual_downloads/ZoonoticRankModel/FinalData_Cleaned.csv,Caliciviridae,exact_current_family_from_author_figure_table,confirmed_from_audited_mapping_table,Family-level presence from audited Zoonotic rank model record-to-family mapping of the raw release.,include_eukaryotic,vertebrates,Riboviria,Orthornavirae,Pisuviricota,Pisoniviricetes,Picornavirales,ssRNA(+),RNA,12,True
Zoonotic rank model,Circoviridae,S,2,input_original/manual_downloads/ZoonoticRankModel/FinalData_Cleaned.csv,Circoviridae,exact_current_family_from_author_figure_table,confirmed_from_audited_mapping_table,Family-level presence from audited Zoonotic rank model record-to-family mapping of the raw release.,include_eukaryotic,invertebrates; plants (s); vertebrates,Floreoviria,Shotokuvirae,Cressdnaviricota,Arfiviricetes,Cirlivirales,ssDNA; ssDNA(+/-),DNA,160,True
Zoonotic rank model,Coronaviridae,S,29,input_original/manual_downloads/ZoonoticRankModel/FinalData_Cleaned.csv,Coronaviridae,exact_current_family_from_author_figure_table,confirmed_from_audited_mapping_table,Family-level presence from audited Zoonotic rank model record-to-family mapping of the raw release.,include_eukaryotic,vertebrates,Riboviria,Orthornavirae,Pisuviricota,Pisoniviricetes,Nidovirales,ssRNA(+),RNA,54,True
Zoonotic rank model,Filoviridae,S,7,input_original/manual_downloads/ZoonoticRankModel/FinalData_Cleaned.csv,Filoviridae,exact_current_family_from_author_figure_table,confirmed_from_audited_mapping_table,Family-level presence from audited Zoonotic rank model record-to-family mapping of the raw release.,include_eukaryotic,vertebrates,Riboviria,Orthornavirae,Negarnaviricota,Monjiviricetes,Mononegavirales,ssRNA(-),RNA,17,True
Zoonotic rank model,Flaviviridae,S,78,input_original/manual_downloads/ZoonoticRankModel/FinalData_Cleaned.csv,Flaviviridae,exact_current_family_from_author_figure_table,confirmed_from_audited_mapping_table,Family-level presence from audited Zoonotic rank model record-to-family mapping of the raw release.,include_eukaryotic,"invertebrates; invertebrates, vertebrates; vertebrates",Riboviria,Orthornavirae,Kitrinoviricota,Flasuviricetes,Amarillovirales,ssRNA(+),RNA,61,True
Zoonotic rank model,Hantaviridae,S,41,input_original/manual_downloads/ZoonoticRankModel/FinalData_Cleaned.csv,Hantaviridae,exact_current_family_from_author_figure_table; exact_vmr_genbank_accession; unique_current_ictv_genus_token,confirmed_from_audited_mapping_table,Family-level presence from audited Zoonotic rank model record-to-family mapping of the raw release.,include_eukaryotic,vertebrates,Riboviria,Orthornavirae,Negarnaviricota,Bunyaviricetes,Elliovirales,ssRNA(-),RNA,55,True
Zoonotic rank model,Hepadnaviridae,S,3,input_original/manual_downloads/ZoonoticRankModel/FinalData_Cleaned.csv,Hepadnaviridae,exact_current_family_from_author_figure_table,confirmed_from_audited_mapping_table,Family-level presence from audited Zoonotic rank model record-to-family mapping of the raw release.,include_eukaryotic,vertebrates,Riboviria,Pararnavirae,Artverviricota,Revtraviricetes,Blubervirales,dsDNA-RT,Reverse-transcribing,27,True
Zoonotic rank model,Hepeviridae,S,5,input_original/manual_downloads/ZoonoticRankModel/FinalData_Cleaned.csv,Hepeviridae,exact_current_family_from_author_figure_table,confirmed_from_audited_mapping_table,Family-level presence from audited Zoonotic rank model record-to-family mapping of the raw release.,include_eukaryotic,vertebrates,Riboviria,Orthornavirae,Kitrinoviricota,Alsuviricetes,Hepelivirales,ssRNA(+); ssRNA(+/-),RNA,11,True
Zoonotic rank model,Matonaviridae,S,1,input_original/manual_downloads/ZoonoticRankModel/FinalData_Cleaned.csv,Matonaviridae,exact_current_family_from_author_figure_table,confirmed_from_audited_mapping_table,Family-level presence from audited Zoonotic rank model record-to-family mapping of the raw release.,include_eukaryotic,vertebrates,Riboviria,Orthornavirae,Kitrinoviricota,Alsuviricetes,Hepelivirales,ssRNA(+),RNA,3,True
Zoonotic rank model,Nairoviridae,S,13,input_original/manual_downloads/ZoonoticRankModel/FinalData_Cleaned.csv,Nairoviridae,exact_current_family_from_author_figure_table; exact_vmr_genbank_accession,confirmed_from_audited_mapping_table,Family-level presence from audited Zoonotic rank model record-to-family mapping of the raw release.,include_eukaryotic,"invertebrates; invertebrates, vertebrates; vertebrates",Riboviria,Orthornavirae,Negarnaviricota,Bunyaviricetes,Hareavirales,ssRNA(-),RNA,60,True
Zoonotic rank model,Orthoherpesviridae,S,54,input_original/manual_downloads/ZoonoticRankModel/FinalData_Cleaned.csv,Orthoherpesviridae,exact_vmr_genbank_accession; exact_vmr_virus_name,confirmed_from_audited_mapping_table,Family-level presence from audited Zoonotic rank model record-to-family mapping of the raw release.,include_eukaryotic,vertebrates,Duplodnaviria,Heunggongvirae,Peploviricota,Herviviricetes,Herpesvirales,dsDNA,DNA,118,True
Zoonotic rank model,Orthomyxoviridae,S,9,input_original/manual_downloads/ZoonoticRankModel/FinalData_Cleaned.csv,Orthomyxoviridae,exact_current_family_from_author_figure_table; exact_vmr_virus_name,confirmed_from_audited_mapping_table,Family-level presence from audited Zoonotic rank model record-to-family mapping of the raw release.,include_eukaryotic,"invertebrates; invertebrates, vertebrates; vertebrates",Riboviria,Orthornavirae,Negarnaviricota,Insthoviricetes,Articulavirales,ssRNA(-),RNA,21,True
Zoonotic rank model,Papillomaviridae,S,41,input_original/manual_downloads/ZoonoticRankModel/FinalData_Cleaned.csv,Papillomaviridae,exact_current_family_from_author_figure_table,confirmed_from_audited_mapping_table,Family-level presence from audited Zoonotic rank model record-to-family mapping of the raw release.,include_eukaryotic,vertebrates,Floreoviria,Shotokuvirae,Cossaviricota,Papovaviricetes,Zurhausenvirales,dsDNA,DNA,133,True
Zoonotic rank model,Paramyxoviridae,S,49,input_original/manual_downloads/ZoonoticRankModel/FinalData_Cleaned.csv,Paramyxoviridae,exact_current_family_from_author_figure_table,confirmed_from_audited_mapping_table,Family-level presence from audited Zoonotic rank model record-to-family mapping of the raw release.,include_eukaryotic,vertebrates,Riboviria,Orthornavirae,Negarnaviricota,Monjiviricetes,Mononegavirales,ssRNA(-),RNA,153,True
Zoonotic rank model,Parvoviridae,S,14,input_original/manual_downloads/ZoonoticRankModel/FinalData_Cleaned.csv,Parvoviridae,exact_current_family_from_author_figure_table; exact_vmr_genbank_accession,confirmed_from_audited_mapping_table,Family-level presence from audited Zoonotic rank model record-to-family mapping of the raw release.,include_eukaryotic,"invertebrates; invertebrates, vertebrates; vertebrates",Floreoviria,Shotokuvirae,Cossaviricota,Quintoviricetes,Piccovirales,ssDNA; ssDNA(+/-),DNA,281,True
Zoonotic rank model,Peribunyaviridae,S,43,input_original/manual_downloads/ZoonoticRankModel/FinalData_Cleaned.csv,Peribunyaviridae,exact_current_family_from_author_figure_table; unique_current_ictv_genus_token,confirmed_from_audited_mapping_table,Family-level presence from audited Zoonotic rank model record-to-family mapping of the raw release.,include_eukaryotic,"invertebrates; invertebrates, vertebrates; vertebrates",Riboviria,Orthornavirae,Negarnaviricota,Bunyaviricetes,Elliovirales,ssRNA(-),RNA,152,True
Zoonotic rank model,Phasmaviridae,S,2,input_original/manual_downloads/ZoonoticRankModel/FinalData_Cleaned.csv,Phasmaviridae,exact_current_family_from_author_figure_table,confirmed_from_audited_mapping_table,Family-level presence from audited Zoonotic rank model record-to-family mapping of the raw release.,include_eukaryotic,invertebrates; invertebrates (s),Riboviria,Orthornavirae,Negarnaviricota,Bunyaviricetes,Elliovirales,ssRNA; ssRNA(-),RNA,34,True
Zoonotic rank model,Phenuiviridae,S,24,input_original/manual_downloads/ZoonoticRankModel/FinalData_Cleaned.csv,Phenuiviridae,exact_current_family_from_author_figure_table; unique_current_ictv_genus_token,confirmed_from_audited_mapping_table,Family-level presence from audited Zoonotic rank model record-to-family mapping of the raw release.,include_eukaryotic,"fungi; invertebrates; invertebrates, plants; invertebrates, vertebrates; plants; protists; soil (s); vertebrates",Riboviria,Orthornavirae,Negarnaviricota,Bunyaviricetes,Hareavirales,ssRNA(+/-); ssRNA(-),RNA,223,True
Zoonotic rank model,Picornaviridae,S,80,input_original/manual_downloads/ZoonoticRankModel/FinalData_Cleaned.csv,Picornaviridae,exact_current_family_from_author_figure_table,confirmed_from_audited_mapping_table,Family-level presence from audited Zoonotic rank model record-to-family mapping of the raw release.,include_eukaryotic,vertebrates,Riboviria,Orthornavirae,Pisuviricota,Pisoniviricetes,Picornavirales,ssRNA(+),RNA,159,True
Zoonotic rank model,Pneumoviridae,S,5,input_original/manual_downloads/ZoonoticRankModel/FinalData_Cleaned.csv,Pneumoviridae,exact_current_family_from_author_figure_table,confirmed_from_audited_mapping_table,Family-level presence from audited Zoonotic rank model record-to-family mapping of the raw release.,include_eukaryotic,vertebrates,Riboviria,Orthornavirae,Negarnaviricota,Monjiviricetes,Mononegavirales,ssRNA(-),RNA,5,True
Zoonotic rank model,Polyomaviridae,S,7,input_original/manual_downloads/ZoonoticRankModel/FinalData_Cleaned.csv,Polyomaviridae,exact_current_family_from_author_figure_table,confirmed_from_audited_mapping_table,Family-level presence from audited Zoonotic rank model record-to-family mapping of the raw release.,include_eukaryotic,vertebrates,Floreoviria,Shotokuvirae,Cossaviricota,Papovaviricetes,Sepolyvirales,dsDNA,DNA,122,True
Zoonotic rank model,Poxviridae,S,22,input_original/manual_downloads/ZoonoticRankModel/FinalData_Cleaned.csv,Poxviridae,exact_current_family_from_author_figure_table,confirmed_from_audited_mapping_table,Family-level presence from audited Zoonotic rank model record-to-family mapping of the raw release.,include_eukaryotic,invertebrates; vertebrates,Varidnaviria,Bamfordvirae,Nucleocytoviricota,Pokkesviricetes,Chitovirales,dsDNA,DNA,56,True
Zoonotic rank model,Retroviridae,S,36,input_original/manual_downloads/ZoonoticRankModel/FinalData_Cleaned.csv,Retroviridae,exact_current_family_from_author_figure_table; exact_vmr_virus_name,confirmed_from_audited_mapping_table,Family-level presence from audited Zoonotic rank model record-to-family mapping of the raw release.,include_eukaryotic,vertebrates,Riboviria,Pararnavirae,Artverviricota,Revtraviricetes,Ortervirales,ssRNA-RT,Reverse-transcribing,65,True
Zoonotic rank model,Rhabdoviridae,S,122,input_original/manual_downloads/ZoonoticRankModel/FinalData_Cleaned.csv,Rhabdoviridae,exact_current_family_from_author_figure_table; exact_vmr_genbank_accession; historical_genus_to_current_family; unique_current_ictv_genus_token,confirmed_from_audited_mapping_table,Family-level presence from audited Zoonotic rank model record-to-family mapping of the raw release.,include_eukaryotic,"freshwater (s); invertebrates; invertebrates (s); invertebrates, plants; invertebrates, vertebrates; plants; soil (s); unknown (s); vertebrates",Riboviria,Orthornavirae,Negarnaviricota,Monjiviricetes,Mononegavirales,ssRNA(-),RNA,615,True
Zoonotic rank model,Sedoreoviridae,S,36,input_original/manual_downloads/ZoonoticRankModel/FinalData_Cleaned.csv,Sedoreoviridae,exact_vmr_genbank_accession; exact_vmr_virus_name,confirmed_from_audited_mapping_table,Family-level presence from audited Zoonotic rank model record-to-family mapping of the raw release.,include_eukaryotic,"invertebrates; invertebrates, plants; invertebrates, vertebrates; protists; vertebrates",Riboviria,Orthornavirae,Duplornaviricota,Resentoviricetes,Reovirales,dsRNA,RNA,45,True
Zoonotic rank model,Spinareoviridae,S,30,input_original/manual_downloads/ZoonoticRankModel/FinalData_Cleaned.csv,Spinareoviridae,exact_vmr_genbank_accession; exact_vmr_virus_name; unique_current_ictv_genus_token,confirmed_from_audited_mapping_table,Family-level presence from audited Zoonotic rank model record-to-family mapping of the raw release.,include_eukaryotic,"fungi; invertebrates; invertebrates, plants; invertebrates, vertebrates; vertebrates",Riboviria,Orthornavirae,Duplornaviricota,Resentoviricetes,Reovirales,dsRNA,RNA,59,True
Zoonotic rank model,Sunviridae,S,1,input_original/manual_downloads/ZoonoticRankModel/FinalData_Cleaned.csv,Sunviridae,exact_current_family_from_author_figure_table,confirmed_from_audited_mapping_table,Family-level presence from audited Zoonotic rank model record-to-family mapping of the raw release.,include_eukaryotic,vertebrates,Riboviria,Orthornavirae,Negarnaviricota,Monjiviricetes,Mononegavirales,ssRNA(-),RNA,1,True
Zoonotic rank model,Tobaniviridae,S,8,input_original/manual_downloads/ZoonoticRankModel/FinalData_Cleaned.csv,Tobaniviridae,exact_current_family_from_author_figure_table,confirmed_from_audited_mapping_table,Family-level presence from audited Zoonotic rank model record-to-family mapping of the raw release.,include_eukaryotic,invertebrates (s); vertebrates,Riboviria,Orthornavirae,Pisuviricota,Pisoniviricetes,Nidovirales,ssRNA(+),RNA,22,True
Zoonotic rank model,Togaviridae,S,31,input_original/manual_downloads/ZoonoticRankModel/FinalData_Cleaned.csv,Togaviridae,exact_current_family_from_author_figure_table; exact_vmr_genbank_accession,confirmed_from_audited_mapping_table,Family-level presence from audited Zoonotic rank model record-to-family mapping of the raw release.,include_eukaryotic,"invertebrates; invertebrates, vertebrates; vertebrates",Riboviria,Orthornavirae,Kitrinoviricota,Alsuviricetes,Martellivirales,ssRNA(+),RNA,32,True
