Tool,Display_name,Endpoint_category,Current_ICTV_family,ICTV_order,Genome,Genome_class,Source_unit,Source_label_before_harmonization,Source_record_count_total,Source_files,Mapping_methods,Verification_status,Eukaryotic_scope_status,Host_sources,Has_order_assignment
GIVAL,GIVAL,Host-adaptation scoring,Orthomyxoviridae,Articulavirales,ssRNA(-),RNA,P,AIV,121753,input_original/manual_downloads/GIVAL/df_AIV_before_sample.csv,explicit_dataset_identity_to_current_family,confirmed_from_structured_dataset,include_eukaryotic,"invertebrates; invertebrates, vertebrates; vertebrates",True
GIVAL,GIVAL,Host-adaptation scoring,Poxviridae,Chitovirales,dsDNA,DNA,P,monkeypox,52200,input_original/manual_downloads/GIVAL/df_all_mpox.csv,explicit_dataset_identity_to_current_family,confirmed_from_structured_dataset,include_eukaryotic,invertebrates; vertebrates,True
GIVAL,GIVAL,Host-adaptation scoring,Coronaviridae,Nidovirales,ssRNA(+),RNA,P,coronavirus downstream dataset,970,input_original/manual_downloads/GIVAL/S_without_test_set_DCR_sampled_with_ref.csv,explicit_dataset_identity_to_current_family,confirmed_from_structured_dataset,include_eukaryotic,vertebrates,True
DeepHoF,DeepHoF,Host-taxon classification,Phycodnaviridae,Algavirales,dsDNA,DNA,N,Phycodnaviridae,82,input_original/manual_downloads/DeepHoF/41598_2021_96903_MOESM5_ESM.xlsx,ncbi_family_ancestor_harmonized; ncbi_name_exact_current_ictv_species,confirmed_from_audited_mapping_table,include_eukaryotic,algae; protists,True
DeepHoF,DeepHoF,Host-taxon classification,Flaviviridae,Amarillovirales,ssRNA(+),RNA,N,Flaviviridae,95,input_original/manual_downloads/DeepHoF/41598_2021_96903_MOESM5_ESM.xlsx,ncbi_family_ancestor_harmonized; ncbi_name_exact_current_ictv_species,confirmed_from_audited_mapping_table,include_eukaryotic,"invertebrates; invertebrates, vertebrates; vertebrates",True
DeepHoF,DeepHoF,Host-taxon classification,Hepaciviridae,Amarillovirales,ssRNA(+),RNA,N,Hepaciviridae,25,input_original/manual_downloads/DeepHoF/41598_2021_96903_MOESM5_ESM.xlsx,ncbi_current_family_overrides_historical_source_family; ncbi_name_exact_current_ictv_species; ncbi_name_historical_ictv_species_alias,confirmed_from_audited_mapping_table,include_eukaryotic,vertebrates,True
DeepHoF,DeepHoF,Host-taxon classification,Pestiviridae,Amarillovirales,ssRNA(+),RNA,N,Pestiviridae,15,input_original/manual_downloads/DeepHoF/41598_2021_96903_MOESM5_ESM.xlsx,ncbi_name_exact_current_ictv_species; ncbi_name_historical_ictv_species_alias,confirmed_from_audited_mapping_table,include_eukaryotic,invertebrates; plants; vertebrates,True
DeepHoF,DeepHoF,Host-taxon classification,Phypoliviridae,Archintovirales,dsDNA,DNA,N,Phypoliviridae,1,input_original/manual_downloads/DeepHoF/41598_2021_96903_MOESM5_ESM.xlsx,ncbi_name_exact_current_ictv_species,confirmed_from_audited_mapping_table,include_eukaryotic,protists,True
DeepHoF,DeepHoF,Host-taxon classification,Amnoonviridae,Articulavirales,ssRNA(-),RNA,N,Amnoonviridae,1,input_original/manual_downloads/DeepHoF/41598_2021_96903_MOESM5_ESM.xlsx,ncbi_name_exact_current_ictv_species,confirmed_from_audited_mapping_table,include_eukaryotic,vertebrates,True
DeepHoF,DeepHoF,Host-taxon classification,Orthomyxoviridae,Articulavirales,ssRNA(-),RNA,N,Orthomyxoviridae,9,input_original/manual_downloads/DeepHoF/41598_2021_96903_MOESM5_ESM.xlsx,ncbi_name_exact_current_ictv_species,confirmed_from_audited_mapping_table,include_eukaryotic,"invertebrates; invertebrates, vertebrates; vertebrates",True
DeepHoF,DeepHoF,Host-taxon classification,Asfarviridae,Asfuvirales,dsDNA,DNA,N,Asfarviridae,1,input_original/manual_downloads/DeepHoF/41598_2021_96903_MOESM5_ESM.xlsx,ncbi_name_exact_current_ictv_species,confirmed_from_audited_mapping_table,include_eukaryotic,"invertebrates, vertebrates",True
DeepHoF,DeepHoF,Host-taxon classification,Bacilladnaviridae,Baphyvirales,ssDNA(+/-),DNA,N,Bacilladnaviridae,2,input_original/manual_downloads/DeepHoF/41598_2021_96903_MOESM5_ESM.xlsx,ncbi_family_ancestor_harmonized; ncbi_name_exact_current_ictv_species,confirmed_from_audited_mapping_table,include_eukaryotic,invertebrates; marine (s); protists,True
DeepHoF,DeepHoF,Host-taxon classification,Hepadnaviridae,Blubervirales,dsDNA-RT,Reverse-transcribing,N,Hepadnaviridae,17,input_original/manual_downloads/DeepHoF/41598_2021_96903_MOESM5_ESM.xlsx,ncbi_family_ancestor_harmonized; ncbi_name_exact_current_ictv_species,confirmed_from_audited_mapping_table,include_eukaryotic,vertebrates,True
DeepHoF,DeepHoF,Host-taxon classification,Poxviridae,Chitovirales,dsDNA,DNA,N,Poxviridae,61,input_original/manual_downloads/DeepHoF/41598_2021_96903_MOESM5_ESM.xlsx,ncbi_family_ancestor_harmonized; ncbi_name_exact_current_ictv_species,confirmed_from_audited_mapping_table,include_eukaryotic,invertebrates; vertebrates,True
DeepHoF,DeepHoF,Host-taxon classification,Circoviridae,Cirlivirales,ssDNA; ssDNA(+/-),DNA,N,Circoviridae,193,input_original/manual_downloads/DeepHoF/41598_2021_96903_MOESM5_ESM.xlsx,ncbi_family_ancestor_harmonized; ncbi_name_exact_current_ictv_species,confirmed_from_audited_mapping_table,include_eukaryotic,invertebrates; plants (s); vertebrates,True
DeepHoF,DeepHoF,Host-taxon classification,Endolinaviridae,Cirlivirales,ssDNA(+/-),DNA,N,Endolinaviridae,1,input_original/manual_downloads/DeepHoF/41598_2021_96903_MOESM5_ESM.xlsx,unique_vmr_virus_name,confirmed_from_audited_mapping_table,include_eukaryotic,vertebrates,True
DeepHoF,DeepHoF,Host-taxon classification,Vilyaviridae,Cirlivirales,ssDNA; ssDNA(+/-),DNA,N,Vilyaviridae,1,input_original/manual_downloads/DeepHoF/41598_2021_96903_MOESM5_ESM.xlsx,ncbi_name_exact_current_ictv_species,confirmed_from_audited_mapping_table,include_eukaryotic,protists (s); vertebrates,True
DeepHoF,DeepHoF,Host-taxon classification,Mitoviridae,Cryppavirales,ssRNA(+),RNA,N,Mitoviridae,46,input_original/manual_downloads/DeepHoF/41598_2021_96903_MOESM5_ESM.xlsx,ncbi_current_family_overrides_historical_source_family; ncbi_name_exact_current_ictv_species,confirmed_from_audited_mapping_table,include_eukaryotic,fungi; plants,True
DeepHoF,DeepHoF,Host-taxon classification,Amalgaviridae,Durnavirales,dsRNA,RNA,N,Amalgaviridae,12,input_original/manual_downloads/DeepHoF/41598_2021_96903_MOESM5_ESM.xlsx,ncbi_family_ancestor_harmonized; ncbi_name_exact_current_ictv_species,confirmed_from_audited_mapping_table,include_eukaryotic,fungi; plants,True
DeepHoF,DeepHoF,Host-taxon classification,Curvulaviridae,Durnavirales,dsRNA,RNA,N,Curvulaviridae,3,input_original/manual_downloads/DeepHoF/41598_2021_96903_MOESM5_ESM.xlsx,ncbi_name_exact_current_ictv_species,confirmed_from_audited_mapping_table,include_eukaryotic,fungi,True
DeepHoF,DeepHoF,Host-taxon classification,Partitiviridae,Durnavirales,dsRNA,RNA,N,Partitiviridae,77,input_original/manual_downloads/DeepHoF/41598_2021_96903_MOESM5_ESM.xlsx,ncbi_family_ancestor_harmonized; ncbi_name_exact_current_ictv_species,confirmed_from_audited_mapping_table,include_eukaryotic,fungi; plants; protists,True
DeepHoF,DeepHoF,Host-taxon classification,Cruliviridae,Elliovirales,ssRNA(-),RNA,N,Cruliviridae,1,input_original/manual_downloads/DeepHoF/41598_2021_96903_MOESM5_ESM.xlsx,ncbi_name_exact_current_ictv_species,confirmed_from_audited_mapping_table,include_eukaryotic,invertebrates,True
DeepHoF,DeepHoF,Host-taxon classification,Fimoviridae,Elliovirales,ssRNA(-),RNA,N,Fimoviridae,7,input_original/manual_downloads/DeepHoF/41598_2021_96903_MOESM5_ESM.xlsx,ncbi_name_exact_current_ictv_species,confirmed_from_audited_mapping_table,include_eukaryotic,plants,True
DeepHoF,DeepHoF,Host-taxon classification,Hantaviridae,Elliovirales,ssRNA(-),RNA,N,Hantaviridae,38,input_original/manual_downloads/DeepHoF/41598_2021_96903_MOESM5_ESM.xlsx,ncbi_family_ancestor_harmonized; ncbi_name_exact_current_ictv_species,confirmed_from_audited_mapping_table,include_eukaryotic,vertebrates,True
DeepHoF,DeepHoF,Host-taxon classification,Peribunyaviridae,Elliovirales,ssRNA(-),RNA,N,Peribunyaviridae,83,input_original/manual_downloads/DeepHoF/41598_2021_96903_MOESM5_ESM.xlsx,ncbi_family_ancestor_harmonized; ncbi_name_exact_current_ictv_species,confirmed_from_audited_mapping_table,include_eukaryotic,"invertebrates; invertebrates, vertebrates; vertebrates",True
DeepHoF,DeepHoF,Host-taxon classification,Phasmaviridae,Elliovirales,ssRNA; ssRNA(-),RNA,N,Phasmaviridae,8,input_original/manual_downloads/DeepHoF/41598_2021_96903_MOESM5_ESM.xlsx,ncbi_current_family_overrides_historical_source_family; ncbi_name_exact_current_ictv_species,confirmed_from_audited_mapping_table,include_eukaryotic,invertebrates; invertebrates (s),True
DeepHoF,DeepHoF,Host-taxon classification,Tospoviridae,Elliovirales,ssRNA(+/-),RNA,N,Tospoviridae,13,input_original/manual_downloads/DeepHoF/41598_2021_96903_MOESM5_ESM.xlsx,ncbi_current_family_overrides_historical_source_family; ncbi_name_exact_current_ictv_species,confirmed_from_audited_mapping_table,include_eukaryotic,"invertebrates, plants",True
DeepHoF,DeepHoF,Host-taxon classification,Geminiviridae,Geplafuvirales,ssDNA; ssDNA(+/-),DNA,N,Geminiviridae,510,input_original/manual_downloads/DeepHoF/41598_2021_96903_MOESM5_ESM.xlsx,ncbi_family_ancestor_harmonized; ncbi_name_exact_current_ictv_species,confirmed_from_audited_mapping_table,include_eukaryotic,"invertebrates; invertebrates, plants; plants",True
DeepHoF,DeepHoF,Host-taxon classification,Genomoviridae,Geplafuvirales,ssDNA(+/-),DNA,N,Genomoviridae,56,input_original/manual_downloads/DeepHoF/41598_2021_96903_MOESM5_ESM.xlsx,ncbi_family_ancestor_harmonized; ncbi_name_exact_current_ictv_species,confirmed_from_audited_mapping_table,include_eukaryotic,"fungi; invertebrates; invertebrates, vertebrates; plants; sewage (s); vertebrates",True
DeepHoF,DeepHoF,Host-taxon classification,Geplanaviridae,Geplafuvirales,ssDNA(+/-),DNA,N,Geplanaviridae,4,input_original/manual_downloads/DeepHoF/41598_2021_96903_MOESM5_ESM.xlsx,ncbi_name_exact_current_ictv_species,confirmed_from_audited_mapping_table,include_eukaryotic,air (s); freshwater (s); invertebrates; plants; vertebrates,True
DeepHoF,DeepHoF,Host-taxon classification,Alternaviridae,Ghabrivirales,dsRNA,RNA,N,Alternaviridae,3,input_original/manual_downloads/DeepHoF/41598_2021_96903_MOESM5_ESM.xlsx,ncbi_family_ancestor_harmonized; ncbi_name_exact_current_ictv_species,confirmed_from_audited_mapping_table,include_eukaryotic,fungi,True
DeepHoF,DeepHoF,Host-taxon classification,Artiviridae,Ghabrivirales,dsRNA,RNA,N,Artiviridae,5,input_original/manual_downloads/DeepHoF/41598_2021_96903_MOESM5_ESM.xlsx,ncbi_name_exact_current_ictv_species,confirmed_from_audited_mapping_table,include_eukaryotic,invertebrates,True
DeepHoF,DeepHoF,Host-taxon classification,Botybirnaviridae,Ghabrivirales,dsRNA,RNA,N,Botybirnaviridae,2,input_original/manual_downloads/DeepHoF/41598_2021_96903_MOESM5_ESM.xlsx,ncbi_name_exact_current_ictv_species,confirmed_from_audited_mapping_table,include_eukaryotic,fungi; protists (s),True
DeepHoF,DeepHoF,Host-taxon classification,Chrysoviridae,Ghabrivirales,dsRNA,RNA,N,Chrysoviridae,22,input_original/manual_downloads/DeepHoF/41598_2021_96903_MOESM5_ESM.xlsx,ncbi_family_ancestor_harmonized; ncbi_name_exact_current_ictv_species,confirmed_from_audited_mapping_table,include_eukaryotic,fungi; invertebrates (s); plants (s),True
DeepHoF,DeepHoF,Host-taxon classification,Fusagraviridae,Ghabrivirales,dsRNA,RNA,N,Fusagraviridae,5,input_original/manual_downloads/DeepHoF/41598_2021_96903_MOESM5_ESM.xlsx,ncbi_name_exact_current_ictv_species,confirmed_from_audited_mapping_table,include_eukaryotic,fungi; plants; protists,True
DeepHoF,DeepHoF,Host-taxon classification,Giardiaviridae,Ghabrivirales,dsRNA,RNA,N,Giardiaviridae,2,input_original/manual_downloads/DeepHoF/41598_2021_96903_MOESM5_ESM.xlsx,ncbi_family_ancestor_harmonized; ncbi_name_exact_current_ictv_species,confirmed_from_audited_mapping_table,include_eukaryotic,protists,True
DeepHoF,DeepHoF,Host-taxon classification,Inseviridae,Ghabrivirales,dsRNA,RNA,N,Inseviridae,11,input_original/manual_downloads/DeepHoF/41598_2021_96903_MOESM5_ESM.xlsx,ncbi_name_exact_current_ictv_species,confirmed_from_audited_mapping_table,include_eukaryotic,invertebrates,True
DeepHoF,DeepHoF,Host-taxon classification,Lebotiviridae,Ghabrivirales,dsRNA,RNA,N,Lebotiviridae,6,input_original/manual_downloads/DeepHoF/41598_2021_96903_MOESM5_ESM.xlsx,ncbi_name_exact_current_ictv_species,confirmed_from_audited_mapping_table,include_eukaryotic,invertebrates,True
DeepHoF,DeepHoF,Host-taxon classification,Megabirnaviridae,Ghabrivirales,dsRNA,RNA,N,Megabirnaviridae,3,input_original/manual_downloads/DeepHoF/41598_2021_96903_MOESM5_ESM.xlsx,ncbi_name_exact_current_ictv_species,confirmed_from_audited_mapping_table,include_eukaryotic,fungi,True
DeepHoF,DeepHoF,Host-taxon classification,Monocitiviridae,Ghabrivirales,dsRNA,RNA,N,Monocitiviridae,1,input_original/manual_downloads/DeepHoF/41598_2021_96903_MOESM5_ESM.xlsx,ncbi_name_exact_current_ictv_species,confirmed_from_audited_mapping_table,include_eukaryotic,fungi,True
DeepHoF,DeepHoF,Host-taxon classification,Ootiviridae,Ghabrivirales,dsRNA,RNA,N,Ootiviridae,1,input_original/manual_downloads/DeepHoF/41598_2021_96903_MOESM5_ESM.xlsx,ncbi_name_exact_current_ictv_species,confirmed_from_audited_mapping_table,include_eukaryotic,protists; protists (s),True
DeepHoF,DeepHoF,Host-taxon classification,Orthototiviridae,Ghabrivirales,dsRNA,RNA,N,Orthototiviridae,46,input_original/manual_downloads/DeepHoF/41598_2021_96903_MOESM5_ESM.xlsx,ncbi_family_ancestor_harmonized; ncbi_name_exact_current_ictv_species,confirmed_from_audited_mapping_table,include_eukaryotic,fungi; invertebrates; plants; protists (s),True
DeepHoF,DeepHoF,Host-taxon classification,Phlegiviridae,Ghabrivirales,dsRNA,RNA,N,Phlegiviridae,2,input_original/manual_downloads/DeepHoF/41598_2021_96903_MOESM5_ESM.xlsx,ncbi_name_exact_current_ictv_species,confirmed_from_audited_mapping_table,include_eukaryotic,fungi,True
DeepHoF,DeepHoF,Host-taxon classification,Pistolviridae,Ghabrivirales,dsRNA,RNA,N,Pistolviridae,2,input_original/manual_downloads/DeepHoF/41598_2021_96903_MOESM5_ESM.xlsx,ncbi_name_exact_current_ictv_species,confirmed_from_audited_mapping_table,include_eukaryotic,vertebrates,True
DeepHoF,DeepHoF,Host-taxon classification,Pseudototiviridae,Ghabrivirales,dsRNA,RNA,N,Pseudototiviridae,37,input_original/manual_downloads/DeepHoF/41598_2021_96903_MOESM5_ESM.xlsx,ncbi_family_ancestor_harmonized; ncbi_name_exact_current_ictv_species,confirmed_from_audited_mapping_table,include_eukaryotic,fungi; protists; vertebrates,True
DeepHoF,DeepHoF,Host-taxon classification,Quadriviridae,Ghabrivirales,dsRNA,RNA,N,Quadriviridae,1,input_original/manual_downloads/DeepHoF/41598_2021_96903_MOESM5_ESM.xlsx,ncbi_name_exact_current_ictv_species,confirmed_from_audited_mapping_table,include_eukaryotic,fungi,True
DeepHoF,DeepHoF,Host-taxon classification,Spiciviridae,Ghabrivirales,dsRNA,RNA,N,Spiciviridae,5,input_original/manual_downloads/DeepHoF/41598_2021_96903_MOESM5_ESM.xlsx,ncbi_name_exact_current_ictv_species,confirmed_from_audited_mapping_table,include_eukaryotic,invertebrates; plants,True
DeepHoF,DeepHoF,Host-taxon classification,Yueviridae,Goujianvirales,ssRNA(-),RNA,N,Yueviridae,2,input_original/manual_downloads/DeepHoF/41598_2021_96903_MOESM5_ESM.xlsx,ncbi_name_exact_current_ictv_species,confirmed_from_audited_mapping_table,include_eukaryotic,invertebrates,True
DeepHoF,DeepHoF,Host-taxon classification,Ouroboviridae,Gredzevirales,ssDNA(+/-),DNA,N,Ouroboviridae,4,input_original/manual_downloads/DeepHoF/41598_2021_96903_MOESM5_ESM.xlsx,ncbi_family_ancestor_harmonized; ncbi_name_exact_current_ictv_species,confirmed_from_audited_mapping_table,include_eukaryotic,freshwater (s); invertebrates; marine (s); plants; protists; vertebrates,True
DeepHoF,DeepHoF,Host-taxon classification,Arenaviridae,Hareavirales,ssRNA(+/-); ssRNA(-),RNA,N,Arenaviridae,46,input_original/manual_downloads/DeepHoF/41598_2021_96903_MOESM5_ESM.xlsx,ncbi_family_ancestor_harmonized; ncbi_name_exact_current_ictv_species,confirmed_from_audited_mapping_table,include_eukaryotic,freshwater (s); vertebrates,True
DeepHoF,DeepHoF,Host-taxon classification,Mypoviridae,Hareavirales,ssRNA(-),RNA,N,Mypoviridae,1,input_original/manual_downloads/DeepHoF/41598_2021_96903_MOESM5_ESM.xlsx,ncbi_name_exact_current_ictv_species,confirmed_from_audited_mapping_table,include_eukaryotic,invertebrates,True
DeepHoF,DeepHoF,Host-taxon classification,Nairoviridae,Hareavirales,ssRNA(-),RNA,N,Nairoviridae,25,input_original/manual_downloads/DeepHoF/41598_2021_96903_MOESM5_ESM.xlsx,ncbi_name_exact_current_ictv_species,confirmed_from_audited_mapping_table,include_eukaryotic,"invertebrates; invertebrates, vertebrates; vertebrates",True
DeepHoF,DeepHoF,Host-taxon classification,Phenuiviridae,Hareavirales,ssRNA(+/-); ssRNA(-),RNA,N,Phenuiviridae,47,input_original/manual_downloads/DeepHoF/41598_2021_96903_MOESM5_ESM.xlsx,ncbi_name_exact_current_ictv_species,confirmed_from_audited_mapping_table,include_eukaryotic,"fungi; invertebrates; invertebrates, plants; invertebrates, vertebrates; plants; protists; soil (s); vertebrates",True
DeepHoF,DeepHoF,Host-taxon classification,Alphatetraviridae,Hepelivirales,ssRNA(+),RNA,N,Alphatetraviridae,3,input_original/manual_downloads/DeepHoF/41598_2021_96903_MOESM5_ESM.xlsx,ncbi_name_exact_current_ictv_species,confirmed_from_audited_mapping_table,include_eukaryotic,invertebrates,True
DeepHoF,DeepHoF,Host-taxon classification,Benyviridae,Hepelivirales,ssRNA(+),RNA,N,Benyviridae,4,input_original/manual_downloads/DeepHoF/41598_2021_96903_MOESM5_ESM.xlsx,ncbi_name_exact_current_ictv_species,confirmed_from_audited_mapping_table,include_eukaryotic,plants,True
DeepHoF,DeepHoF,Host-taxon classification,Hepeviridae,Hepelivirales,ssRNA(+); ssRNA(+/-),RNA,N,Hepeviridae,7,input_original/manual_downloads/DeepHoF/41598_2021_96903_MOESM5_ESM.xlsx,ncbi_family_ancestor_harmonized; ncbi_name_exact_current_ictv_species,confirmed_from_audited_mapping_table,include_eukaryotic,vertebrates,True
DeepHoF,DeepHoF,Host-taxon classification,Matonaviridae,Hepelivirales,ssRNA(+),RNA,N,Matonaviridae,1,input_original/manual_downloads/DeepHoF/41598_2021_96903_MOESM5_ESM.xlsx,ncbi_name_exact_current_ictv_species,confirmed_from_audited_mapping_table,include_eukaryotic,vertebrates,True
DeepHoF,DeepHoF,Host-taxon classification,Alloherpesviridae,Herpesvirales,dsDNA,DNA,N,Alloherpesviridae,9,input_original/manual_downloads/DeepHoF/41598_2021_96903_MOESM5_ESM.xlsx,ncbi_name_exact_current_ictv_species,confirmed_from_audited_mapping_table,include_eukaryotic,vertebrates,True
DeepHoF,DeepHoF,Host-taxon classification,Malacoherpesviridae,Herpesvirales,dsDNA,DNA,N,Malacoherpesviridae,2,input_original/manual_downloads/DeepHoF/41598_2021_96903_MOESM5_ESM.xlsx,ncbi_name_exact_current_ictv_species,confirmed_from_audited_mapping_table,include_eukaryotic,invertebrates,True
DeepHoF,DeepHoF,Host-taxon classification,Orthoherpesviridae,Herpesvirales,dsDNA,DNA,N,Orthoherpesviridae,104,input_original/manual_downloads/DeepHoF/41598_2021_96903_MOESM5_ESM.xlsx,ncbi_family_ancestor_harmonized; ncbi_name_exact_current_ictv_species,confirmed_from_audited_mapping_table,include_eukaryotic,vertebrates,True
DeepHoF,DeepHoF,Host-taxon classification,Fusariviridae,Hypofuvirales,ssRNA(+),RNA,N,Fusariviridae,9,input_original/manual_downloads/DeepHoF/41598_2021_96903_MOESM5_ESM.xlsx,ncbi_name_exact_current_ictv_species,confirmed_from_audited_mapping_table,include_eukaryotic,fungi; protists,True
DeepHoF,DeepHoF,Host-taxon classification,Hypoviridae,Hypofuvirales,ssRNA(+),RNA,N,Hypoviridae,10,input_original/manual_downloads/DeepHoF/41598_2021_96903_MOESM5_ESM.xlsx,ncbi_name_exact_current_ictv_species,confirmed_from_audited_mapping_table,include_eukaryotic,fungi; invertebrates,True
DeepHoF,DeepHoF,Host-taxon classification,Parahypoviridae,Hypofuvirales,ssRNA(+),RNA,N,Parahypoviridae,6,input_original/manual_downloads/DeepHoF/41598_2021_96903_MOESM5_ESM.xlsx,ncbi_name_exact_current_ictv_species,confirmed_from_audited_mapping_table,include_eukaryotic,fungi,True
DeepHoF,DeepHoF,Host-taxon classification,Mimiviridae,Imitervirales,dsDNA,DNA,N,Mimiviridae,19,input_original/manual_downloads/DeepHoF/41598_2021_96903_MOESM5_ESM.xlsx,ncbi_family_ancestor_harmonized; ncbi_name_exact_current_ictv_species,confirmed_from_audited_mapping_table,include_eukaryotic,protists,True
DeepHoF,DeepHoF,Host-taxon classification,Schizomimiviridae,Imitervirales,dsDNA,DNA,N,Schizomimiviridae,1,input_original/manual_downloads/DeepHoF/41598_2021_96903_MOESM5_ESM.xlsx,ncbi_name_exact_current_ictv_species,confirmed_from_audited_mapping_table,include_eukaryotic,protists,True
DeepHoF,DeepHoF,Host-taxon classification,Aliusviridae,Jingchuvirales,ssRNA(-),RNA,N,Aliusviridae,2,input_original/manual_downloads/DeepHoF/41598_2021_96903_MOESM5_ESM.xlsx,ncbi_name_exact_current_ictv_species,confirmed_from_audited_mapping_table,include_eukaryotic,invertebrates,True
DeepHoF,DeepHoF,Host-taxon classification,Chuviridae,Jingchuvirales,ssRNA(-),RNA,N,Chuviridae,24,input_original/manual_downloads/DeepHoF/41598_2021_96903_MOESM5_ESM.xlsx,ncbi_family_ancestor_harmonized; ncbi_name_exact_current_ictv_species,confirmed_from_audited_mapping_table,include_eukaryotic,invertebrates; vertebrates,True
DeepHoF,DeepHoF,Host-taxon classification,Myriaviridae,Jingchuvirales,ssRNA(-),RNA,N,Myriaviridae,1,input_original/manual_downloads/DeepHoF/41598_2021_96903_MOESM5_ESM.xlsx,ncbi_name_exact_current_ictv_species,confirmed_from_audited_mapping_table,include_eukaryotic,invertebrates,True
DeepHoF,DeepHoF,Host-taxon classification,Natareviridae,Jingchuvirales,ssRNA(-),RNA,N,Natareviridae,1,input_original/manual_downloads/DeepHoF/41598_2021_96903_MOESM5_ESM.xlsx,ncbi_name_exact_current_ictv_species,confirmed_from_audited_mapping_table,include_eukaryotic,invertebrates,True
DeepHoF,DeepHoF,Host-taxon classification,Draupnirviridae,Jormunvirales,ssDNA(+/-),DNA,N,Draupnirviridae,8,input_original/manual_downloads/DeepHoF/41598_2021_96903_MOESM5_ESM.xlsx,ncbi_family_ancestor_harmonized; ncbi_name_exact_current_ictv_species,confirmed_from_audited_mapping_table,include_eukaryotic,air (s); freshwater (s); invertebrates; invertebrates (s); marine (s); plants; sewage (s); vertebrates,True
DeepHoF,DeepHoF,Host-taxon classification,Maviroviridae,Lavidavirales,dsDNA,DNA,N,Maviroviridae,1,input_original/manual_downloads/DeepHoF/41598_2021_96903_MOESM5_ESM.xlsx,ncbi_name_exact_current_ictv_species,confirmed_from_audited_mapping_table,include_eukaryotic,protists,True
DeepHoF,DeepHoF,Host-taxon classification,Baculoviridae,Lefavirales,dsDNA,DNA,N,Baculoviridae,83,input_original/manual_downloads/DeepHoF/41598_2021_96903_MOESM5_ESM.xlsx,ncbi_family_ancestor_harmonized; ncbi_name_exact_current_ictv_species,confirmed_from_audited_mapping_table,include_eukaryotic,invertebrates,True
DeepHoF,DeepHoF,Host-taxon classification,Filamentoviridae,Lefavirales,dsDNA,DNA,N,Filamentoviridae,1,input_original/manual_downloads/DeepHoF/41598_2021_96903_MOESM5_ESM.xlsx,ncbi_name_exact_current_ictv_species,confirmed_from_audited_mapping_table,include_eukaryotic,invertebrates,True
DeepHoF,DeepHoF,Host-taxon classification,Hytrosaviridae,Lefavirales,dsDNA,DNA,N,Hytrosaviridae,2,input_original/manual_downloads/DeepHoF/41598_2021_96903_MOESM5_ESM.xlsx,ncbi_name_exact_current_ictv_species,confirmed_from_audited_mapping_table,include_eukaryotic,invertebrates,True
DeepHoF,DeepHoF,Host-taxon classification,Nudiviridae,Lefavirales,dsDNA,DNA,N,Nudiviridae,6,input_original/manual_downloads/DeepHoF/41598_2021_96903_MOESM5_ESM.xlsx,ncbi_name_exact_current_ictv_species,confirmed_from_audited_mapping_table,include_eukaryotic,invertebrates,True
DeepHoF,DeepHoF,Host-taxon classification,Oomyviridae,Lineavirales,ssDNA,DNA,N,Oomyviridae,1,input_original/manual_downloads/DeepHoF/41598_2021_96903_MOESM5_ESM.xlsx,ncbi_name_exact_current_ictv_species,confirmed_from_audited_mapping_table,include_eukaryotic,"invertebrates, vertebrates",True
DeepHoF,DeepHoF,Host-taxon classification,Bromoviridae,Martellivirales,ssRNA(+),RNA,N,Bromoviridae,41,input_original/manual_downloads/DeepHoF/41598_2021_96903_MOESM5_ESM.xlsx,ncbi_family_ancestor_harmonized; ncbi_name_exact_current_ictv_species,confirmed_from_audited_mapping_table,include_eukaryotic,plants,True
DeepHoF,DeepHoF,Host-taxon classification,Closteroviridae,Martellivirales,ssRNA(+),RNA,N,Closteroviridae,55,input_original/manual_downloads/DeepHoF/41598_2021_96903_MOESM5_ESM.xlsx,ncbi_family_ancestor_harmonized; ncbi_name_exact_current_ictv_species,confirmed_from_audited_mapping_table,include_eukaryotic,plants,True
DeepHoF,DeepHoF,Host-taxon classification,Endornaviridae,Martellivirales,ssRNA(+),RNA,N,Endornaviridae,32,input_original/manual_downloads/DeepHoF/41598_2021_96903_MOESM5_ESM.xlsx,ncbi_family_ancestor_harmonized; ncbi_name_exact_current_ictv_species,confirmed_from_audited_mapping_table,include_eukaryotic,fungi; plants; protists,True
DeepHoF,DeepHoF,Host-taxon classification,Kitaviridae,Martellivirales,ssRNA(+),RNA,N,Kitaviridae,3,input_original/manual_downloads/DeepHoF/41598_2021_96903_MOESM5_ESM.xlsx,ncbi_name_exact_current_ictv_species,confirmed_from_audited_mapping_table,include_eukaryotic,"invertebrates, plants; plants",True
DeepHoF,DeepHoF,Host-taxon classification,Mayoviridae,Martellivirales,ssRNA(+),RNA,N,Mayoviridae,4,input_original/manual_downloads/DeepHoF/41598_2021_96903_MOESM5_ESM.xlsx,ncbi_family_ancestor_harmonized; ncbi_name_exact_current_ictv_species,confirmed_from_audited_mapping_table,include_eukaryotic,plants,True
DeepHoF,DeepHoF,Host-taxon classification,Tobaliviridae,Martellivirales,ssRNA(+),RNA,N,Tobaliviridae,1,input_original/manual_downloads/DeepHoF/41598_2021_96903_MOESM5_ESM.xlsx,ncbi_name_exact_current_ictv_species,confirmed_from_audited_mapping_table,include_eukaryotic,fungi,True
DeepHoF,DeepHoF,Host-taxon classification,Togaviridae,Martellivirales,ssRNA(+),RNA,N,Togaviridae,32,input_original/manual_downloads/DeepHoF/41598_2021_96903_MOESM5_ESM.xlsx,ncbi_family_ancestor_harmonized; ncbi_name_exact_current_ictv_species,confirmed_from_audited_mapping_table,include_eukaryotic,"invertebrates; invertebrates, vertebrates; vertebrates",True
DeepHoF,DeepHoF,Host-taxon classification,Virgaviridae,Martellivirales,ssRNA(+),RNA,N,Virgaviridae,59,input_original/manual_downloads/DeepHoF/41598_2021_96903_MOESM5_ESM.xlsx,ncbi_family_ancestor_harmonized; ncbi_name_exact_current_ictv_species,confirmed_from_audited_mapping_table,include_eukaryotic,plants,True
DeepHoF,DeepHoF,Host-taxon classification,Sputniviroviridae,Mividavirales,dsDNA,DNA,N,Sputniviroviridae,2,input_original/manual_downloads/DeepHoF/41598_2021_96903_MOESM5_ESM.xlsx,ncbi_name_exact_current_ictv_species,confirmed_from_audited_mapping_table,include_eukaryotic,protists,True
DeepHoF,DeepHoF,Host-taxon classification,Artoviridae,Mononegavirales,ssRNA(-),RNA,N,Artoviridae,3,input_original/manual_downloads/DeepHoF/41598_2021_96903_MOESM5_ESM.xlsx,ncbi_name_exact_current_ictv_species,confirmed_from_audited_mapping_table,include_eukaryotic,invertebrates; plants; vertebrates,True
DeepHoF,DeepHoF,Host-taxon classification,Bornaviridae,Mononegavirales,ssRNA(-),RNA,N,Bornaviridae,11,input_original/manual_downloads/DeepHoF/41598_2021_96903_MOESM5_ESM.xlsx,ncbi_name_exact_current_ictv_species,confirmed_from_audited_mapping_table,include_eukaryotic,vertebrates,True
DeepHoF,DeepHoF,Host-taxon classification,Filoviridae,Mononegavirales,ssRNA(-),RNA,N,Filoviridae,10,input_original/manual_downloads/DeepHoF/41598_2021_96903_MOESM5_ESM.xlsx,ncbi_name_exact_current_ictv_species,confirmed_from_audited_mapping_table,include_eukaryotic,vertebrates,True
DeepHoF,DeepHoF,Host-taxon classification,Lispiviridae,Mononegavirales,ssRNA(-),RNA,N,Lispiviridae,6,input_original/manual_downloads/DeepHoF/41598_2021_96903_MOESM5_ESM.xlsx,ncbi_name_exact_current_ictv_species,confirmed_from_audited_mapping_table,include_eukaryotic,invertebrates; vertebrates,True
DeepHoF,DeepHoF,Host-taxon classification,Mymonaviridae,Mononegavirales,ssRNA(-),RNA,N,Mymonaviridae,2,input_original/manual_downloads/DeepHoF/41598_2021_96903_MOESM5_ESM.xlsx,ncbi_name_exact_current_ictv_species,confirmed_from_audited_mapping_table,include_eukaryotic,fungi; invertebrates; invertebrates (s); phytobiome (s); protists; soil (s),True
DeepHoF,DeepHoF,Host-taxon classification,Nyamiviridae,Mononegavirales,ssRNA(-),RNA,N,Nyamiviridae,10,input_original/manual_downloads/DeepHoF/41598_2021_96903_MOESM5_ESM.xlsx,ncbi_name_exact_current_ictv_species,confirmed_from_audited_mapping_table,include_eukaryotic,"invertebrates; invertebrates, vertebrates; vertebrates",True
DeepHoF,DeepHoF,Host-taxon classification,Paramyxoviridae,Mononegavirales,ssRNA(-),RNA,N,Paramyxoviridae,73,input_original/manual_downloads/DeepHoF/41598_2021_96903_MOESM5_ESM.xlsx,ncbi_family_ancestor_harmonized; ncbi_name_exact_current_ictv_species,confirmed_from_audited_mapping_table,include_eukaryotic,vertebrates,True
DeepHoF,DeepHoF,Host-taxon classification,Pneumoviridae,Mononegavirales,ssRNA(-),RNA,N,Pneumoviridae,5,input_original/manual_downloads/DeepHoF/41598_2021_96903_MOESM5_ESM.xlsx,ncbi_name_exact_current_ictv_species,confirmed_from_audited_mapping_table,include_eukaryotic,vertebrates,True
DeepHoF,DeepHoF,Host-taxon classification,Rhabdoviridae,Mononegavirales,ssRNA(-),RNA,N,Rhabdoviridae,139,input_original/manual_downloads/DeepHoF/41598_2021_96903_MOESM5_ESM.xlsx,ncbi_family_ancestor_harmonized; ncbi_name_exact_current_ictv_species; ncbi_name_historical_ictv_species_alias,confirmed_from_audited_mapping_table,include_eukaryotic,"freshwater (s); invertebrates; invertebrates (s); invertebrates, plants; invertebrates, vertebrates; plants; soil (s); unknown (s); vertebrates",True
DeepHoF,DeepHoF,Host-taxon classification,Sunviridae,Mononegavirales,ssRNA(-),RNA,N,Sunviridae,1,input_original/manual_downloads/DeepHoF/41598_2021_96903_MOESM5_ESM.xlsx,ncbi_name_exact_current_ictv_species,confirmed_from_audited_mapping_table,include_eukaryotic,vertebrates,True
DeepHoF,DeepHoF,Host-taxon classification,Xinmoviridae,Mononegavirales,ssRNA(-),RNA,N,Xinmoviridae,5,input_original/manual_downloads/DeepHoF/41598_2021_96903_MOESM5_ESM.xlsx,ncbi_name_exact_current_ictv_species,confirmed_from_audited_mapping_table,include_eukaryotic,invertebrates; vertebrates (s),True
DeepHoF,DeepHoF,Host-taxon classification,Amesuviridae,Mulpavirales,ssDNA(+/-),DNA,N,Amesuviridae,1,input_original/manual_downloads/DeepHoF/41598_2021_96903_MOESM5_ESM.xlsx,ncbi_name_exact_current_ictv_species,confirmed_from_audited_mapping_table,include_eukaryotic,plants,True
DeepHoF,DeepHoF,Host-taxon classification,Anicreviridae,Mulpavirales,ssDNA(+/-),DNA,N,Anicreviridae,1,input_original/manual_downloads/DeepHoF/41598_2021_96903_MOESM5_ESM.xlsx,ncbi_name_exact_current_ictv_species,confirmed_from_audited_mapping_table,include_eukaryotic,invertebrates; vertebrates; vertebrates (s),True
DeepHoF,DeepHoF,Host-taxon classification,Metaxyviridae,Mulpavirales,ssDNA(+),DNA,N,Metaxyviridae,1,input_original/manual_downloads/DeepHoF/41598_2021_96903_MOESM5_ESM.xlsx,ncbi_name_exact_current_ictv_species,confirmed_from_audited_mapping_table,include_eukaryotic,plants,True
DeepHoF,DeepHoF,Host-taxon classification,Nanoviridae,Mulpavirales,ssDNA(+),DNA,N,Nanoviridae,13,input_original/manual_downloads/DeepHoF/41598_2021_96903_MOESM5_ESM.xlsx,ncbi_family_ancestor_harmonized; ncbi_name_exact_current_ictv_species,confirmed_from_audited_mapping_table,include_eukaryotic,plants,True
DeepHoF,DeepHoF,Host-taxon classification,Qinviridae,Muvirales,ssRNA(-),RNA,N,Qinviridae,8,input_original/manual_downloads/DeepHoF/41598_2021_96903_MOESM5_ESM.xlsx,ncbi_name_exact_current_ictv_species,confirmed_from_audited_mapping_table,include_eukaryotic,invertebrates,True
DeepHoF,DeepHoF,Host-taxon classification,Aspiviridae,Naedrevirales,ssRNA(-),RNA,N,Aspiviridae,6,input_original/manual_downloads/DeepHoF/41598_2021_96903_MOESM5_ESM.xlsx,ncbi_name_exact_current_ictv_species; ncbi_name_historical_ictv_species_alias,confirmed_from_audited_mapping_table,include_eukaryotic,plants,True
DeepHoF,DeepHoF,Host-taxon classification,Arteriviridae,Nidovirales,ssRNA(+),RNA,N,Arteriviridae,20,input_original/manual_downloads/DeepHoF/41598_2021_96903_MOESM5_ESM.xlsx,ncbi_family_ancestor_harmonized; ncbi_name_exact_current_ictv_species,confirmed_from_audited_mapping_table,include_eukaryotic,vertebrates,True
DeepHoF,DeepHoF,Host-taxon classification,Coronaviridae,Nidovirales,ssRNA(+),RNA,N,Coronaviridae,47,input_original/manual_downloads/DeepHoF/41598_2021_96903_MOESM5_ESM.xlsx,ncbi_family_ancestor_harmonized; ncbi_name_exact_current_ictv_species,confirmed_from_audited_mapping_table,include_eukaryotic,vertebrates,True
DeepHoF,DeepHoF,Host-taxon classification,Euroniviridae,Nidovirales,ssRNA(+),RNA,N,Euroniviridae,3,input_original/manual_downloads/DeepHoF/41598_2021_96903_MOESM5_ESM.xlsx,ncbi_name_exact_current_ictv_species,confirmed_from_audited_mapping_table,include_eukaryotic,invertebrates,True
DeepHoF,DeepHoF,Host-taxon classification,Medioniviridae,Nidovirales,ssRNA(+),RNA,N,Medioniviridae,1,input_original/manual_downloads/DeepHoF/41598_2021_96903_MOESM5_ESM.xlsx,ncbi_name_exact_current_ictv_species,confirmed_from_audited_mapping_table,include_eukaryotic,invertebrates,True
DeepHoF,DeepHoF,Host-taxon classification,Mesoniviridae,Nidovirales,ssRNA(+),RNA,N,Mesoniviridae,6,input_original/manual_downloads/DeepHoF/41598_2021_96903_MOESM5_ESM.xlsx,ncbi_name_exact_current_ictv_species,confirmed_from_audited_mapping_table,include_eukaryotic,invertebrates,True
DeepHoF,DeepHoF,Host-taxon classification,Roniviridae,Nidovirales,ssRNA(+),RNA,N,Roniviridae,2,input_original/manual_downloads/DeepHoF/41598_2021_96903_MOESM5_ESM.xlsx,ncbi_name_exact_current_ictv_species,confirmed_from_audited_mapping_table,include_eukaryotic,invertebrates,True
DeepHoF,DeepHoF,Host-taxon classification,Tobaniviridae,Nidovirales,ssRNA(+),RNA,N,Tobaniviridae,6,input_original/manual_downloads/DeepHoF/41598_2021_96903_MOESM5_ESM.xlsx,ncbi_family_ancestor_harmonized; ncbi_name_exact_current_ictv_species,confirmed_from_audited_mapping_table,include_eukaryotic,invertebrates (s); vertebrates,True
DeepHoF,DeepHoF,Host-taxon classification,Nodaviridae,Nodamuvirales,ssRNA(+),RNA,N,Nodaviridae,15,input_original/manual_downloads/DeepHoF/41598_2021_96903_MOESM5_ESM.xlsx,ncbi_family_ancestor_harmonized; ncbi_name_exact_current_ictv_species,confirmed_from_audited_mapping_table,include_eukaryotic,invertebrates; vertebrates,True
DeepHoF,DeepHoF,Host-taxon classification,Sinhaliviridae,Nodamuvirales,ssRNA(+),RNA,N,Sinhaliviridae,7,input_original/manual_downloads/DeepHoF/41598_2021_96903_MOESM5_ESM.xlsx,ncbi_family_ancestor_harmonized; ncbi_name_historical_ictv_species_alias,confirmed_from_audited_mapping_table,include_eukaryotic,invertebrates,True
DeepHoF,DeepHoF,Host-taxon classification,Caulimoviridae,Ortervirales,dsDNA; dsDNA-RT,Reverse-transcribing,N,Caulimoviridae,92,input_original/manual_downloads/DeepHoF/41598_2021_96903_MOESM5_ESM.xlsx,ncbi_family_ancestor_harmonized; ncbi_name_exact_current_ictv_species,confirmed_from_audited_mapping_table,include_eukaryotic,plants,True
DeepHoF,DeepHoF,Host-taxon classification,Metaviridae,Ortervirales,ssRNA-RT,Reverse-transcribing,N,Metaviridae,2,input_original/manual_downloads/DeepHoF/41598_2021_96903_MOESM5_ESM.xlsx,ncbi_name_exact_current_ictv_species,confirmed_from_audited_mapping_table,include_eukaryotic,fungi; invertebrates; plants; protists; vertebrates,True
DeepHoF,DeepHoF,Host-taxon classification,Retroviridae,Ortervirales,ssRNA-RT,Reverse-transcribing,N,Retroviridae,87,input_original/manual_downloads/DeepHoF/41598_2021_96903_MOESM5_ESM.xlsx,ncbi_family_ancestor_harmonized; ncbi_name_exact_current_ictv_species,confirmed_from_audited_mapping_table,include_eukaryotic,vertebrates,True
DeepHoF,DeepHoF,Host-taxon classification,Botourmiaviridae,Ourlivirales,ssRNA(+),RNA,N,Botourmiaviridae,4,input_original/manual_downloads/DeepHoF/41598_2021_96903_MOESM5_ESM.xlsx,ncbi_name_exact_current_ictv_species,confirmed_from_audited_mapping_table,include_eukaryotic,fungi; plants; unknown (s),True
DeepHoF,DeepHoF,Host-taxon classification,Ourmiaviridae,Ourlivirales,ssRNA(+),RNA,N,Ourmiaviridae,9,input_original/manual_downloads/DeepHoF/41598_2021_96903_MOESM5_ESM.xlsx,ncbi_name_exact_current_ictv_species,confirmed_from_audited_mapping_table,include_eukaryotic,freshwater (s); invertebrates (s); plants; plants (s); soil (s),True
DeepHoF,DeepHoF,Host-taxon classification,Potyviridae,Patatavirales,ssRNA(+),RNA,N,Potyviridae,211,input_original/manual_downloads/DeepHoF/41598_2021_96903_MOESM5_ESM.xlsx,ncbi_family_ancestor_harmonized; ncbi_name_exact_current_ictv_species,confirmed_from_audited_mapping_table,include_eukaryotic,plants,True
DeepHoF,DeepHoF,Host-taxon classification,Parvoviridae,Piccovirales,ssDNA; ssDNA(+/-),DNA,N,Parvoviridae,113,input_original/manual_downloads/DeepHoF/41598_2021_96903_MOESM5_ESM.xlsx,ncbi_family_ancestor_harmonized; ncbi_name_exact_current_ictv_species; ncbi_name_historical_ictv_species_alias,confirmed_from_audited_mapping_table,include_eukaryotic,"invertebrates; invertebrates, vertebrates; vertebrates",True
DeepHoF,DeepHoF,Host-taxon classification,Caliciviridae,Picornavirales,ssRNA(+),RNA,N,Caliciviridae,26,input_original/manual_downloads/DeepHoF/41598_2021_96903_MOESM5_ESM.xlsx,ncbi_family_ancestor_harmonized; ncbi_name_exact_current_ictv_species,confirmed_from_audited_mapping_table,include_eukaryotic,vertebrates,True
DeepHoF,DeepHoF,Host-taxon classification,Dicistroviridae,Picornavirales,ssRNA(+),RNA,N,Dicistroviridae,26,input_original/manual_downloads/DeepHoF/41598_2021_96903_MOESM5_ESM.xlsx,ncbi_family_ancestor_harmonized; ncbi_name_exact_current_ictv_species,confirmed_from_audited_mapping_table,include_eukaryotic,invertebrates,True
DeepHoF,DeepHoF,Host-taxon classification,Iflaviridae,Picornavirales,ssRNA(+),RNA,N,Iflaviridae,41,input_original/manual_downloads/DeepHoF/41598_2021_96903_MOESM5_ESM.xlsx,ncbi_family_ancestor_harmonized; ncbi_name_exact_current_ictv_species,confirmed_from_audited_mapping_table,include_eukaryotic,invertebrates,True
DeepHoF,DeepHoF,Host-taxon classification,Marnaviridae,Picornavirales,ssRNA(+),RNA,N,Marnaviridae,15,input_original/manual_downloads/DeepHoF/41598_2021_96903_MOESM5_ESM.xlsx,ncbi_family_ancestor_harmonized; ncbi_name_exact_current_ictv_species,confirmed_from_audited_mapping_table,include_eukaryotic,marine (s); protists,True
DeepHoF,DeepHoF,Host-taxon classification,Picornaviridae,Picornavirales,ssRNA(+),RNA,N,Picornaviridae,142,input_original/manual_downloads/DeepHoF/41598_2021_96903_MOESM5_ESM.xlsx,ncbi_family_ancestor_harmonized; ncbi_name_exact_current_ictv_species,confirmed_from_audited_mapping_table,include_eukaryotic,vertebrates,True
DeepHoF,DeepHoF,Host-taxon classification,Polycipiviridae,Picornavirales,ssRNA(+),RNA,N,Polycipiviridae,8,input_original/manual_downloads/DeepHoF/41598_2021_96903_MOESM5_ESM.xlsx,ncbi_name_exact_current_ictv_species,confirmed_from_audited_mapping_table,include_eukaryotic,invertebrates,True
DeepHoF,DeepHoF,Host-taxon classification,Secoviridae,Picornavirales,ssRNA(+),RNA,N,Secoviridae,75,input_original/manual_downloads/DeepHoF/41598_2021_96903_MOESM5_ESM.xlsx,ncbi_family_ancestor_harmonized; ncbi_name_exact_current_ictv_species,confirmed_from_audited_mapping_table,include_eukaryotic,phytobiome (s); plants,True
DeepHoF,DeepHoF,Host-taxon classification,Solinviviridae,Picornavirales,ssRNA(+),RNA,N,Solinviviridae,2,input_original/manual_downloads/DeepHoF/41598_2021_96903_MOESM5_ESM.xlsx,ncbi_name_exact_current_ictv_species,confirmed_from_audited_mapping_table,include_eukaryotic,invertebrates,True
DeepHoF,DeepHoF,Host-taxon classification,Ascoviridae,Pimascovirales,dsDNA,DNA,N,Ascoviridae,8,input_original/manual_downloads/DeepHoF/41598_2021_96903_MOESM5_ESM.xlsx,ncbi_family_ancestor_harmonized; ncbi_name_exact_current_ictv_species,confirmed_from_audited_mapping_table,include_eukaryotic,invertebrates,True
DeepHoF,DeepHoF,Host-taxon classification,Iridoviridae,Pimascovirales,dsDNA,DNA,N,Iridoviridae,25,input_original/manual_downloads/DeepHoF/41598_2021_96903_MOESM5_ESM.xlsx,ncbi_family_ancestor_harmonized; ncbi_name_exact_current_ictv_species,confirmed_from_audited_mapping_table,include_eukaryotic,invertebrates; vertebrates,True
DeepHoF,DeepHoF,Host-taxon classification,Marseilleviridae,Pimascovirales,dsDNA,DNA,N,Marseilleviridae,7,input_original/manual_downloads/DeepHoF/41598_2021_96903_MOESM5_ESM.xlsx,ncbi_family_ancestor_harmonized; ncbi_name_exact_current_ictv_species,confirmed_from_audited_mapping_table,include_eukaryotic,protists,True
DeepHoF,DeepHoF,Host-taxon classification,Orpheoviridae,Pimascovirales,dsDNA,DNA,N,Orpheoviridae,1,input_original/manual_downloads/DeepHoF/41598_2021_96903_MOESM5_ESM.xlsx,ncbi_name_exact_current_ictv_species,confirmed_from_audited_mapping_table,include_eukaryotic,protists,True
DeepHoF,DeepHoF,Host-taxon classification,Pithoviridae,Pimascovirales,dsDNA,DNA,N,Pithoviridae,2,input_original/manual_downloads/DeepHoF/41598_2021_96903_MOESM5_ESM.xlsx,ncbi_name_exact_current_ictv_species; ncbi_name_historical_ictv_species_alias,confirmed_from_audited_mapping_table,include_eukaryotic,protists,True
DeepHoF,DeepHoF,Host-taxon classification,Bidnaviridae,Polivirales,ssDNA(+/-),DNA,N,Bidnaviridae,1,input_original/manual_downloads/DeepHoF/41598_2021_96903_MOESM5_ESM.xlsx,ncbi_name_historical_ictv_species_alias,confirmed_from_audited_mapping_table,include_eukaryotic,invertebrates,True
DeepHoF,DeepHoF,Host-taxon classification,Sedoreoviridae,Reovirales,dsRNA,RNA,N,Sedoreoviridae,46,input_original/manual_downloads/DeepHoF/41598_2021_96903_MOESM5_ESM.xlsx,ncbi_family_ancestor_harmonized; ncbi_name_exact_current_ictv_species,confirmed_from_audited_mapping_table,include_eukaryotic,"invertebrates; invertebrates, plants; invertebrates, vertebrates; protists; vertebrates",True
DeepHoF,DeepHoF,Host-taxon classification,Spinareoviridae,Reovirales,dsRNA,RNA,N,Spinareoviridae,41,input_original/manual_downloads/DeepHoF/41598_2021_96903_MOESM5_ESM.xlsx,ncbi_family_ancestor_harmonized; ncbi_name_exact_current_ictv_species,confirmed_from_audited_mapping_table,include_eukaryotic,"fungi; invertebrates; invertebrates, plants; invertebrates, vertebrates; vertebrates",True
DeepHoF,DeepHoF,Host-taxon classification,Pecoviridae,Ringavirales,ssDNA(+/-),DNA,N,Pecoviridae,2,input_original/manual_downloads/DeepHoF/41598_2021_96903_MOESM5_ESM.xlsx,multiple_vmr_species_by_accession; ncbi_name_exact_current_ictv_species,confirmed_from_audited_mapping_table,include_eukaryotic,vertebrates,True
DeepHoF,DeepHoF,Host-taxon classification,Adamaviridae,Rohanvirales,ssDNA(+/-),DNA,N,Adamaviridae,5,input_original/manual_downloads/DeepHoF/41598_2021_96903_MOESM5_ESM.xlsx,multiple_vmr_species_by_accession; ncbi_name_exact_current_ictv_species,confirmed_from_audited_mapping_table,include_eukaryotic,freshwater (s); invertebrates; invertebrates (s); marine (s); sewage (s); vertebrates,True
DeepHoF,DeepHoF,Host-taxon classification,Kirkoviridae,Rohanvirales,ssDNA(+/-),DNA,N,Kirkoviridae,3,input_original/manual_downloads/DeepHoF/41598_2021_96903_MOESM5_ESM.xlsx,ncbi_name_exact_current_ictv_species,confirmed_from_audited_mapping_table,include_eukaryotic,vertebrates,True
DeepHoF,DeepHoF,Host-taxon classification,Nenyaviridae,Rohanvirales,ssDNA(+),DNA,N,Nenyaviridae,2,input_original/manual_downloads/DeepHoF/41598_2021_96903_MOESM5_ESM.xlsx,multiple_vmr_species_by_accession; ncbi_name_exact_current_ictv_species,confirmed_from_audited_mapping_table,include_eukaryotic,protists (s); vertebrates,True
DeepHoF,DeepHoF,Host-taxon classification,Adenoviridae,Rowavirales,dsDNA,DNA,N,Adenoviridae,97,input_original/manual_downloads/DeepHoF/41598_2021_96903_MOESM5_ESM.xlsx,ncbi_family_ancestor_harmonized; ncbi_name_exact_current_ictv_species; ncbi_name_historical_ictv_species_alias,confirmed_from_audited_mapping_table,include_eukaryotic,vertebrates,True
DeepHoF,DeepHoF,Host-taxon classification,Anelloviridae,Sanitavirales,ssDNA(+/-); ssDNA(-),DNA,N,Anelloviridae,98,input_original/manual_downloads/DeepHoF/41598_2021_96903_MOESM5_ESM.xlsx,ncbi_family_ancestor_harmonized; ncbi_name_exact_current_ictv_species,confirmed_from_audited_mapping_table,include_eukaryotic,invertebrates; vertebrates,True
DeepHoF,DeepHoF,Host-taxon classification,Kanorauviridae,Saturnivirales,ssDNA(+/-),DNA,N,Kanorauviridae,5,input_original/manual_downloads/DeepHoF/41598_2021_96903_MOESM5_ESM.xlsx,ncbi_family_ancestor_harmonized; ncbi_name_exact_current_ictv_species,confirmed_from_audited_mapping_table,include_eukaryotic,air (s); freshwater (s); invertebrates; marine (s); plants; sewage (s); unknown (s); vertebrates,True
DeepHoF,DeepHoF,Host-taxon classification,Mahapunaviridae,Saturnivirales,ssDNA(+/-),DNA,N,Mahapunaviridae,2,input_original/manual_downloads/DeepHoF/41598_2021_96903_MOESM5_ESM.xlsx,ncbi_family_ancestor_harmonized; ncbi_name_exact_current_ictv_species,confirmed_from_audited_mapping_table,include_eukaryotic,freshwater (s); invertebrates; plants; sewage (s); vertebrates,True
DeepHoF,DeepHoF,Host-taxon classification,Polyomaviridae,Sepolyvirales,dsDNA,DNA,N,Polyomaviridae,128,input_original/manual_downloads/DeepHoF/41598_2021_96903_MOESM5_ESM.xlsx,ncbi_family_ancestor_harmonized; ncbi_name_exact_current_ictv_species,confirmed_from_audited_mapping_table,include_eukaryotic,vertebrates,True
DeepHoF,DeepHoF,Host-taxon classification,Alvernaviridae,Sobelivirales,ssRNA(+),RNA,N,Alvernaviridae,1,input_original/manual_downloads/DeepHoF/41598_2021_96903_MOESM5_ESM.xlsx,ncbi_name_historical_ictv_species_alias,confirmed_from_audited_mapping_table,include_eukaryotic,protists,True
DeepHoF,DeepHoF,Host-taxon classification,Barnaviridae,Sobelivirales,ssRNA(+),RNA,N,Barnaviridae,1,input_original/manual_downloads/DeepHoF/41598_2021_96903_MOESM5_ESM.xlsx,ncbi_name_historical_ictv_species_alias,confirmed_from_audited_mapping_table,include_eukaryotic,fungi,True
DeepHoF,DeepHoF,Host-taxon classification,Solemoviridae,Sobelivirales,ssRNA(+),RNA,N,Solemoviridae,61,input_original/manual_downloads/DeepHoF/41598_2021_96903_MOESM5_ESM.xlsx,ncbi_family_ancestor_harmonized; ncbi_name_exact_current_ictv_species,confirmed_from_audited_mapping_table,include_eukaryotic,fungi; plants,True
DeepHoF,DeepHoF,Host-taxon classification,Astroviridae,Stellavirales,ssRNA(+),RNA,N,Astroviridae,56,input_original/manual_downloads/DeepHoF/41598_2021_96903_MOESM5_ESM.xlsx,ncbi_family_ancestor_harmonized; ncbi_name_exact_current_ictv_species; ncbi_name_historical_ictv_species_alias,confirmed_from_audited_mapping_table,include_eukaryotic,vertebrates,True
DeepHoF,DeepHoF,Host-taxon classification,Ambiguiviridae,Tolivirales,ssRNA(+),RNA,N,Ambiguiviridae,3,input_original/manual_downloads/DeepHoF/41598_2021_96903_MOESM5_ESM.xlsx,ncbi_name_exact_current_ictv_species,confirmed_from_audited_mapping_table,include_eukaryotic,fungi; invertebrates (s); phytobiome (s); plants (s); soil (s),True
DeepHoF,DeepHoF,Host-taxon classification,Carmotetraviridae,Tolivirales,ssRNA(+),RNA,N,Carmotetraviridae,1,input_original/manual_downloads/DeepHoF/41598_2021_96903_MOESM5_ESM.xlsx,ncbi_name_exact_current_ictv_species,confirmed_from_audited_mapping_table,include_eukaryotic,invertebrates,True
DeepHoF,DeepHoF,Host-taxon classification,Tombusviridae,Tolivirales,ssRNA(+),RNA,N,Tombusviridae,94,input_original/manual_downloads/DeepHoF/41598_2021_96903_MOESM5_ESM.xlsx,ncbi_family_ancestor_harmonized; ncbi_name_exact_current_ictv_species,confirmed_from_audited_mapping_table,include_eukaryotic,fungi; invertebrates (s); plants; plants (s); vertebrates,True
DeepHoF,DeepHoF,Host-taxon classification,Pamosaviridae,Tombendovirales,ssRNA(+),RNA,N,Pamosaviridae,1,input_original/manual_downloads/DeepHoF/41598_2021_96903_MOESM5_ESM.xlsx,ncbi_name_exact_current_ictv_species,confirmed_from_audited_mapping_table,include_eukaryotic,plants,True
DeepHoF,DeepHoF,Host-taxon classification,Tomosaviridae,Tombendovirales,ssRNA(+),RNA,N,Tomosaviridae,2,input_original/manual_downloads/DeepHoF/41598_2021_96903_MOESM5_ESM.xlsx,ncbi_family_ancestor_harmonized; ncbi_name_exact_current_ictv_species,confirmed_from_audited_mapping_table,include_eukaryotic,plants,True
DeepHoF,DeepHoF,Host-taxon classification,Alphaflexiviridae,Tymovirales,ssRNA(+),RNA,N,Alphaflexiviridae,60,input_original/manual_downloads/DeepHoF/41598_2021_96903_MOESM5_ESM.xlsx,ncbi_family_ancestor_harmonized; ncbi_name_exact_current_ictv_species,confirmed_from_audited_mapping_table,include_eukaryotic,fungi; plants,True
DeepHoF,DeepHoF,Host-taxon classification,Betaflexiviridae,Tymovirales,ssRNA(+),RNA,N,Betaflexiviridae,121,input_original/manual_downloads/DeepHoF/41598_2021_96903_MOESM5_ESM.xlsx,ncbi_family_ancestor_harmonized; ncbi_name_exact_current_ictv_species,confirmed_from_audited_mapping_table,include_eukaryotic,plants,True
DeepHoF,DeepHoF,Host-taxon classification,Deltaflexiviridae,Tymovirales,ssRNA(+),RNA,N,Deltaflexiviridae,4,input_original/manual_downloads/DeepHoF/41598_2021_96903_MOESM5_ESM.xlsx,ncbi_family_ancestor_harmonized; ncbi_name_exact_current_ictv_species,confirmed_from_audited_mapping_table,include_eukaryotic,fungi,True
DeepHoF,DeepHoF,Host-taxon classification,Gammaflexiviridae,Tymovirales,ssRNA(+),RNA,N,Gammaflexiviridae,1,input_original/manual_downloads/DeepHoF/41598_2021_96903_MOESM5_ESM.xlsx,ncbi_name_exact_current_ictv_species,confirmed_from_audited_mapping_table,include_eukaryotic,fungi,True
DeepHoF,DeepHoF,Host-taxon classification,Tymoviridae,Tymovirales,ssDNA(+/-); ssRNA(+),Mixed/unknown,N,Tymoviridae,49,input_original/manual_downloads/DeepHoF/41598_2021_96903_MOESM5_ESM.xlsx,ncbi_family_ancestor_harmonized; ncbi_name_exact_current_ictv_species,confirmed_from_audited_mapping_table,include_eukaryotic,plants,True
DeepHoF,DeepHoF,Host-taxon classification,Narnaviridae,Wolframvirales,ssRNA(+),RNA,N,Narnaviridae,14,input_original/manual_downloads/DeepHoF/41598_2021_96903_MOESM5_ESM.xlsx,ncbi_family_ancestor_harmonized; ncbi_name_exact_current_ictv_species,confirmed_from_audited_mapping_table,include_eukaryotic,fungi,True
DeepHoF,DeepHoF,Host-taxon classification,Polymycoviridae,Xenadelphovirales,dsRNA,RNA,N,Polymycoviridae,3,input_original/manual_downloads/DeepHoF/41598_2021_96903_MOESM5_ESM.xlsx,ncbi_name_exact_current_ictv_species; ncbi_name_historical_ictv_species_alias,confirmed_from_audited_mapping_table,include_eukaryotic,fungi,True
DeepHoF,DeepHoF,Host-taxon classification,Yadokariviridae,Yadokarivirales,ssRNA(+),RNA,N,Yadokariviridae,2,input_original/manual_downloads/DeepHoF/41598_2021_96903_MOESM5_ESM.xlsx,ncbi_name_exact_current_ictv_species,confirmed_from_audited_mapping_table,include_eukaryotic,fungi; protists,True
DeepHoF,DeepHoF,Host-taxon classification,Papillomaviridae,Zurhausenvirales,dsDNA,DNA,N,Papillomaviridae,169,input_original/manual_downloads/DeepHoF/41598_2021_96903_MOESM5_ESM.xlsx,ncbi_family_ancestor_harmonized; ncbi_name_exact_current_ictv_species,confirmed_from_audited_mapping_table,include_eukaryotic,vertebrates,True
DeepHoF,DeepHoF,Host-taxon classification,Alphasatellitidae,,ssDNA; ssDNA(+); ssDNA(+/-),DNA,N,Alphasatellitidae,81,input_original/manual_downloads/DeepHoF/41598_2021_96903_MOESM5_ESM.xlsx,ncbi_family_ancestor_harmonized; ncbi_name_exact_current_ictv_species,confirmed_from_audited_mapping_table,include_eukaryotic,invertebrates; plants; plants (s),False
DeepHoF,DeepHoF,Host-taxon classification,Birnaviridae,,dsRNA,RNA,N,Birnaviridae,10,input_original/manual_downloads/DeepHoF/41598_2021_96903_MOESM5_ESM.xlsx,ncbi_family_ancestor_harmonized; ncbi_name_exact_current_ictv_species,confirmed_from_audited_mapping_table,include_eukaryotic,invertebrates; vertebrates,False
DeepHoF,DeepHoF,Host-taxon classification,Kolmioviridae,,ssRNA(-),RNA,N,Kolmioviridae,3,input_original/manual_downloads/DeepHoF/41598_2021_96903_MOESM5_ESM.xlsx,ncbi_family_ancestor_harmonized; ncbi_name_exact_current_ictv_species,confirmed_from_audited_mapping_table,include_eukaryotic,invertebrates; vertebrates,False
DeepHoF,DeepHoF,Host-taxon classification,Nimaviridae,,dsDNA,DNA,N,Nimaviridae,1,input_original/manual_downloads/DeepHoF/41598_2021_96903_MOESM5_ESM.xlsx,ncbi_name_historical_ictv_species_alias,confirmed_from_audited_mapping_table,include_eukaryotic,invertebrates,False
DeepHoF,DeepHoF,Host-taxon classification,Permutotetraviridae,,ssRNA(+),RNA,N,Permutotetraviridae,1,input_original/manual_downloads/DeepHoF/41598_2021_96903_MOESM5_ESM.xlsx,ncbi_name_exact_current_ictv_species,confirmed_from_audited_mapping_table,include_eukaryotic,invertebrates,False
DeepHoF,DeepHoF,Host-taxon classification,Polydnaviriformidae,,dsDNA,DNA,N,Polydnaviriformidae,6,input_original/manual_downloads/DeepHoF/41598_2021_96903_MOESM5_ESM.xlsx,ncbi_name_exact_current_ictv_species,confirmed_from_audited_mapping_table,include_eukaryotic,invertebrates,False
DeepHoF,DeepHoF,Host-taxon classification,Tolecusatellitidae,,ssDNA; ssDNA(+/-); ssDNA(-),DNA,N,Tolecusatellitidae,124,input_original/manual_downloads/DeepHoF/41598_2021_96903_MOESM5_ESM.xlsx,ncbi_family_ancestor_harmonized; ncbi_name_exact_current_ictv_species,confirmed_from_audited_mapping_table,include_eukaryotic,plants,False
DeepHoF,DeepHoF,Host-taxon classification,Tonesaviridae,,ssRNA(+),RNA,N,Tonesaviridae,1,input_original/manual_downloads/DeepHoF/41598_2021_96903_MOESM5_ESM.xlsx,ncbi_name_exact_current_ictv_species,confirmed_from_audited_mapping_table,include_eukaryotic,plants,False
Host Taxon Predictor,HTP,Host-taxon classification,Flaviviridae,Amarillovirales,ssRNA(+),RNA,N,Flaviviridae,1,input_original/manual_downloads/HostTaxonPredictor/supplementary_materials/datasets/all_viruses_with_desired_attributes.dump,exact_current_family,confirmed_from_audited_mapping_table,include_eukaryotic,"invertebrates; invertebrates, vertebrates; vertebrates",True
Host Taxon Predictor,HTP,Host-taxon classification,Orthomyxoviridae,Articulavirales,ssRNA(-),RNA,N,Orthomyxoviridae,1,input_original/manual_downloads/HostTaxonPredictor/supplementary_materials/datasets/all_viruses_with_desired_attributes.dump,exact_current_family,confirmed_from_audited_mapping_table,include_eukaryotic,"invertebrates; invertebrates, vertebrates; vertebrates",True
Host Taxon Predictor,HTP,Host-taxon classification,Hepadnaviridae,Blubervirales,dsDNA-RT,Reverse-transcribing,N,Hepadnaviridae,1,input_original/manual_downloads/HostTaxonPredictor/supplementary_materials/datasets/all_viruses_with_desired_attributes.dump,current_family_from_lineage; exact_current_family,confirmed_from_audited_mapping_table,include_eukaryotic,vertebrates,True
Host Taxon Predictor,HTP,Host-taxon classification,Poxviridae,Chitovirales,dsDNA,DNA,N,Poxviridae,1,input_original/manual_downloads/HostTaxonPredictor/supplementary_materials/datasets/all_viruses_with_desired_attributes.dump,exact_current_family,confirmed_from_audited_mapping_table,include_eukaryotic,invertebrates; vertebrates,True
Host Taxon Predictor,HTP,Host-taxon classification,Circoviridae,Cirlivirales,ssDNA; ssDNA(+/-),DNA,N,Circoviridae,1,input_original/manual_downloads/HostTaxonPredictor/supplementary_materials/datasets/all_viruses_with_desired_attributes.dump,current_family_from_lineage; exact_current_family,confirmed_from_audited_mapping_table,include_eukaryotic,invertebrates; plants (s); vertebrates,True
Host Taxon Predictor,HTP,Host-taxon classification,Amalgaviridae,Durnavirales,dsRNA,RNA,N,Amalgaviridae,1,input_original/manual_downloads/HostTaxonPredictor/supplementary_materials/datasets/all_viruses_with_desired_attributes.dump,current_family_from_lineage; exact_current_family,confirmed_from_audited_mapping_table,include_eukaryotic,fungi; plants,True
Host Taxon Predictor,HTP,Host-taxon classification,Partitiviridae,Durnavirales,dsRNA,RNA,N,Partitiviridae,1,input_original/manual_downloads/HostTaxonPredictor/supplementary_materials/datasets/all_viruses_with_desired_attributes.dump,current_family_from_lineage; exact_current_family,confirmed_from_audited_mapping_table,include_eukaryotic,fungi; plants; protists,True
Host Taxon Predictor,HTP,Host-taxon classification,Fimoviridae,Elliovirales,ssRNA(-),RNA,N,Fimoviridae,1,input_original/manual_downloads/HostTaxonPredictor/supplementary_materials/datasets/all_viruses_with_desired_attributes.dump,exact_current_family,confirmed_from_audited_mapping_table,include_eukaryotic,plants,True
Host Taxon Predictor,HTP,Host-taxon classification,Hantaviridae,Elliovirales,ssRNA(-),RNA,N,Hantaviridae,1,input_original/manual_downloads/HostTaxonPredictor/supplementary_materials/datasets/all_viruses_with_desired_attributes.dump,exact_current_family,confirmed_from_audited_mapping_table,include_eukaryotic,vertebrates,True
Host Taxon Predictor,HTP,Host-taxon classification,Peribunyaviridae,Elliovirales,ssRNA(-),RNA,N,Peribunyaviridae,1,input_original/manual_downloads/HostTaxonPredictor/supplementary_materials/datasets/all_viruses_with_desired_attributes.dump,current_family_from_lineage; exact_current_family,confirmed_from_audited_mapping_table,include_eukaryotic,"invertebrates; invertebrates, vertebrates; vertebrates",True
Host Taxon Predictor,HTP,Host-taxon classification,Phasmaviridae,Elliovirales,ssRNA; ssRNA(-),RNA,N,Phasmaviridae,1,input_original/manual_downloads/HostTaxonPredictor/supplementary_materials/datasets/all_viruses_with_desired_attributes.dump,exact_current_family,confirmed_from_audited_mapping_table,include_eukaryotic,invertebrates; invertebrates (s),True
Host Taxon Predictor,HTP,Host-taxon classification,Tospoviridae,Elliovirales,ssRNA(+/-),RNA,N,Tospoviridae,1,input_original/manual_downloads/HostTaxonPredictor/supplementary_materials/datasets/all_viruses_with_desired_attributes.dump,exact_current_family,confirmed_from_audited_mapping_table,include_eukaryotic,"invertebrates, plants",True
Host Taxon Predictor,HTP,Host-taxon classification,Geminiviridae,Geplafuvirales,ssDNA; ssDNA(+/-),DNA,N,Geminiviridae,1,input_original/manual_downloads/HostTaxonPredictor/supplementary_materials/datasets/all_viruses_with_desired_attributes.dump,current_family_from_lineage; exact_current_family,confirmed_from_audited_mapping_table,include_eukaryotic,"invertebrates; invertebrates, plants; plants",True
Host Taxon Predictor,HTP,Host-taxon classification,Genomoviridae,Geplafuvirales,ssDNA(+/-),DNA,N,Genomoviridae,1,input_original/manual_downloads/HostTaxonPredictor/supplementary_materials/datasets/all_viruses_with_desired_attributes.dump,current_family_from_lineage; exact_current_family,confirmed_from_audited_mapping_table,include_eukaryotic,"fungi; invertebrates; invertebrates, vertebrates; plants; sewage (s); vertebrates",True
Host Taxon Predictor,HTP,Host-taxon classification,Botybirnaviridae,Ghabrivirales,dsRNA,RNA,N,Botybirnaviridae,1,input_original/manual_downloads/HostTaxonPredictor/supplementary_materials/datasets/all_viruses_with_desired_attributes.dump,current_family_from_lineage_genus,confirmed_from_audited_mapping_table,include_eukaryotic,fungi; protists (s),True
Host Taxon Predictor,HTP,Host-taxon classification,Chrysoviridae,Ghabrivirales,dsRNA,RNA,N,Chrysoviridae,1,input_original/manual_downloads/HostTaxonPredictor/supplementary_materials/datasets/all_viruses_with_desired_attributes.dump,exact_current_family,confirmed_from_audited_mapping_table,include_eukaryotic,fungi; invertebrates (s); plants (s),True
Host Taxon Predictor,HTP,Host-taxon classification,Megabirnaviridae,Ghabrivirales,dsRNA,RNA,N,Megabirnaviridae,1,input_original/manual_downloads/HostTaxonPredictor/supplementary_materials/datasets/all_viruses_with_desired_attributes.dump,current_family_from_lineage_genus,confirmed_from_audited_mapping_table,include_eukaryotic,fungi,True
Host Taxon Predictor,HTP,Host-taxon classification,Orthototiviridae,Ghabrivirales,dsRNA,RNA,N,Orthototiviridae,1,input_original/manual_downloads/HostTaxonPredictor/supplementary_materials/datasets/all_viruses_with_desired_attributes.dump,current_family_from_lineage_genus,confirmed_from_audited_mapping_table,include_eukaryotic,fungi; invertebrates; plants; protists (s),True
Host Taxon Predictor,HTP,Host-taxon classification,Pseudototiviridae,Ghabrivirales,dsRNA,RNA,N,Pseudototiviridae,1,input_original/manual_downloads/HostTaxonPredictor/supplementary_materials/datasets/all_viruses_with_desired_attributes.dump,current_family_from_lineage_genus,confirmed_from_audited_mapping_table,include_eukaryotic,fungi; protists; vertebrates,True
Host Taxon Predictor,HTP,Host-taxon classification,Quadriviridae,Ghabrivirales,dsRNA,RNA,N,Quadriviridae,1,input_original/manual_downloads/HostTaxonPredictor/supplementary_materials/datasets/all_viruses_with_desired_attributes.dump,exact_current_family,confirmed_from_audited_mapping_table,include_eukaryotic,fungi,True
Host Taxon Predictor,HTP,Host-taxon classification,Arenaviridae,Hareavirales,ssRNA(+/-); ssRNA(-),RNA,N,Arenaviridae,1,input_original/manual_downloads/HostTaxonPredictor/supplementary_materials/datasets/all_viruses_with_desired_attributes.dump,current_family_from_lineage; exact_current_family,confirmed_from_audited_mapping_table,include_eukaryotic,freshwater (s); vertebrates,True
Host Taxon Predictor,HTP,Host-taxon classification,Nairoviridae,Hareavirales,ssRNA(-),RNA,N,Nairoviridae,1,input_original/manual_downloads/HostTaxonPredictor/supplementary_materials/datasets/all_viruses_with_desired_attributes.dump,exact_current_family,confirmed_from_audited_mapping_table,include_eukaryotic,"invertebrates; invertebrates, vertebrates; vertebrates",True
Host Taxon Predictor,HTP,Host-taxon classification,Phenuiviridae,Hareavirales,ssRNA(+/-); ssRNA(-),RNA,N,Phenuiviridae,1,input_original/manual_downloads/HostTaxonPredictor/supplementary_materials/datasets/all_viruses_with_desired_attributes.dump,current_family_from_lineage; exact_current_family,confirmed_from_audited_mapping_table,include_eukaryotic,"fungi; invertebrates; invertebrates, plants; invertebrates, vertebrates; plants; protists; soil (s); vertebrates",True
Host Taxon Predictor,HTP,Host-taxon classification,Alphatetraviridae,Hepelivirales,ssRNA(+),RNA,N,Alphatetraviridae,1,input_original/manual_downloads/HostTaxonPredictor/supplementary_materials/datasets/all_viruses_with_desired_attributes.dump,exact_current_family,confirmed_from_audited_mapping_table,include_eukaryotic,invertebrates,True
Host Taxon Predictor,HTP,Host-taxon classification,Benyviridae,Hepelivirales,ssRNA(+),RNA,N,Benyviridae,1,input_original/manual_downloads/HostTaxonPredictor/supplementary_materials/datasets/all_viruses_with_desired_attributes.dump,exact_current_family,confirmed_from_audited_mapping_table,include_eukaryotic,plants,True
Host Taxon Predictor,HTP,Host-taxon classification,Hepeviridae,Hepelivirales,ssRNA(+); ssRNA(+/-),RNA,N,Hepeviridae,1,input_original/manual_downloads/HostTaxonPredictor/supplementary_materials/datasets/all_viruses_with_desired_attributes.dump,exact_current_family,confirmed_from_audited_mapping_table,include_eukaryotic,vertebrates,True
Host Taxon Predictor,HTP,Host-taxon classification,Alloherpesviridae,Herpesvirales,dsDNA,DNA,N,Alloherpesviridae,1,input_original/manual_downloads/HostTaxonPredictor/supplementary_materials/datasets/all_viruses_with_desired_attributes.dump,exact_current_family,confirmed_from_audited_mapping_table,include_eukaryotic,vertebrates,True
Host Taxon Predictor,HTP,Host-taxon classification,Orthoherpesviridae,Herpesvirales,dsDNA,DNA,N,Orthoherpesviridae,1,input_original/manual_downloads/HostTaxonPredictor/supplementary_materials/datasets/all_viruses_with_desired_attributes.dump,current_family_from_lineage_genus,confirmed_from_audited_mapping_table,include_eukaryotic,vertebrates,True
Host Taxon Predictor,HTP,Host-taxon classification,Hypoviridae,Hypofuvirales,ssRNA(+),RNA,N,Hypoviridae,1,input_original/manual_downloads/HostTaxonPredictor/supplementary_materials/datasets/all_viruses_with_desired_attributes.dump,current_family_from_lineage; exact_current_family,confirmed_from_audited_mapping_table,include_eukaryotic,fungi; invertebrates,True
Host Taxon Predictor,HTP,Host-taxon classification,Baculoviridae,Lefavirales,dsDNA,DNA,N,Baculoviridae,1,input_original/manual_downloads/HostTaxonPredictor/supplementary_materials/datasets/all_viruses_with_desired_attributes.dump,exact_current_family,confirmed_from_audited_mapping_table,include_eukaryotic,invertebrates,True
Host Taxon Predictor,HTP,Host-taxon classification,Nudiviridae,Lefavirales,dsDNA,DNA,N,Nudiviridae,1,input_original/manual_downloads/HostTaxonPredictor/supplementary_materials/datasets/all_viruses_with_desired_attributes.dump,current_family_from_lineage,confirmed_from_audited_mapping_table,include_eukaryotic,invertebrates,True
Host Taxon Predictor,HTP,Host-taxon classification,Bromoviridae,Martellivirales,ssRNA(+),RNA,N,Bromoviridae,1,input_original/manual_downloads/HostTaxonPredictor/supplementary_materials/datasets/all_viruses_with_desired_attributes.dump,exact_current_family,confirmed_from_audited_mapping_table,include_eukaryotic,plants,True
Host Taxon Predictor,HTP,Host-taxon classification,Closteroviridae,Martellivirales,ssRNA(+),RNA,N,Closteroviridae,1,input_original/manual_downloads/HostTaxonPredictor/supplementary_materials/datasets/all_viruses_with_desired_attributes.dump,current_family_from_lineage; exact_current_family,confirmed_from_audited_mapping_table,include_eukaryotic,plants,True
Host Taxon Predictor,HTP,Host-taxon classification,Endornaviridae,Martellivirales,ssRNA(+),RNA,N,Endornaviridae,1,input_original/manual_downloads/HostTaxonPredictor/supplementary_materials/datasets/all_viruses_with_desired_attributes.dump,exact_current_family,confirmed_from_audited_mapping_table,include_eukaryotic,fungi; plants; protists,True
Host Taxon Predictor,HTP,Host-taxon classification,Mayoviridae,Martellivirales,ssRNA(+),RNA,N,Mayoviridae,1,input_original/manual_downloads/HostTaxonPredictor/supplementary_materials/datasets/all_viruses_with_desired_attributes.dump,current_family_from_lineage_genus,confirmed_from_audited_mapping_table,include_eukaryotic,plants,True
Host Taxon Predictor,HTP,Host-taxon classification,Togaviridae,Martellivirales,ssRNA(+),RNA,N,Togaviridae,1,input_original/manual_downloads/HostTaxonPredictor/supplementary_materials/datasets/all_viruses_with_desired_attributes.dump,exact_current_family,confirmed_from_audited_mapping_table,include_eukaryotic,"invertebrates; invertebrates, vertebrates; vertebrates",True
Host Taxon Predictor,HTP,Host-taxon classification,Virgaviridae,Martellivirales,ssRNA(+),RNA,N,Virgaviridae,1,input_original/manual_downloads/HostTaxonPredictor/supplementary_materials/datasets/all_viruses_with_desired_attributes.dump,current_family_from_lineage; exact_current_family,confirmed_from_audited_mapping_table,include_eukaryotic,plants,True
Host Taxon Predictor,HTP,Host-taxon classification,Bornaviridae,Mononegavirales,ssRNA(-),RNA,N,Bornaviridae,1,input_original/manual_downloads/HostTaxonPredictor/supplementary_materials/datasets/all_viruses_with_desired_attributes.dump,exact_current_family,confirmed_from_audited_mapping_table,include_eukaryotic,vertebrates,True
Host Taxon Predictor,HTP,Host-taxon classification,Filoviridae,Mononegavirales,ssRNA(-),RNA,N,Filoviridae,1,input_original/manual_downloads/HostTaxonPredictor/supplementary_materials/datasets/all_viruses_with_desired_attributes.dump,exact_current_family,confirmed_from_audited_mapping_table,include_eukaryotic,vertebrates,True
Host Taxon Predictor,HTP,Host-taxon classification,Mymonaviridae,Mononegavirales,ssRNA(-),RNA,N,Mymonaviridae,1,input_original/manual_downloads/HostTaxonPredictor/supplementary_materials/datasets/all_viruses_with_desired_attributes.dump,exact_current_family,confirmed_from_audited_mapping_table,include_eukaryotic,fungi; invertebrates; invertebrates (s); phytobiome (s); protists; soil (s),True
Host Taxon Predictor,HTP,Host-taxon classification,Nyamiviridae,Mononegavirales,ssRNA(-),RNA,N,Nyamiviridae,1,input_original/manual_downloads/HostTaxonPredictor/supplementary_materials/datasets/all_viruses_with_desired_attributes.dump,exact_current_family,confirmed_from_audited_mapping_table,include_eukaryotic,"invertebrates; invertebrates, vertebrates; vertebrates",True
Host Taxon Predictor,HTP,Host-taxon classification,Paramyxoviridae,Mononegavirales,ssRNA(-),RNA,N,Paramyxoviridae,1,input_original/manual_downloads/HostTaxonPredictor/supplementary_materials/datasets/all_viruses_with_desired_attributes.dump,current_family_from_lineage; exact_current_family,confirmed_from_audited_mapping_table,include_eukaryotic,vertebrates,True
Host Taxon Predictor,HTP,Host-taxon classification,Pneumoviridae,Mononegavirales,ssRNA(-),RNA,N,Pneumoviridae,1,input_original/manual_downloads/HostTaxonPredictor/supplementary_materials/datasets/all_viruses_with_desired_attributes.dump,exact_current_family,confirmed_from_audited_mapping_table,include_eukaryotic,vertebrates,True
Host Taxon Predictor,HTP,Host-taxon classification,Rhabdoviridae,Mononegavirales,ssRNA(-),RNA,N,Rhabdoviridae,1,input_original/manual_downloads/HostTaxonPredictor/supplementary_materials/datasets/all_viruses_with_desired_attributes.dump,current_family_from_lineage; exact_current_family,confirmed_from_audited_mapping_table,include_eukaryotic,"freshwater (s); invertebrates; invertebrates (s); invertebrates, plants; invertebrates, vertebrates; plants; soil (s); unknown (s); vertebrates",True
Host Taxon Predictor,HTP,Host-taxon classification,Sunviridae,Mononegavirales,ssRNA(-),RNA,N,Sunviridae,1,input_original/manual_downloads/HostTaxonPredictor/supplementary_materials/datasets/all_viruses_with_desired_attributes.dump,exact_current_family,confirmed_from_audited_mapping_table,include_eukaryotic,vertebrates,True
Host Taxon Predictor,HTP,Host-taxon classification,Nanoviridae,Mulpavirales,ssDNA(+),DNA,N,Nanoviridae,1,input_original/manual_downloads/HostTaxonPredictor/supplementary_materials/datasets/all_viruses_with_desired_attributes.dump,exact_current_family,confirmed_from_audited_mapping_table,include_eukaryotic,plants,True
Host Taxon Predictor,HTP,Host-taxon classification,Aspiviridae,Naedrevirales,ssRNA(-),RNA,N,Aspiviridae,1,input_original/manual_downloads/HostTaxonPredictor/supplementary_materials/datasets/all_viruses_with_desired_attributes.dump,current_family_from_lineage_genus,confirmed_from_audited_mapping_table,include_eukaryotic,plants,True
Host Taxon Predictor,HTP,Host-taxon classification,Arteriviridae,Nidovirales,ssRNA(+),RNA,N,Arteriviridae,1,input_original/manual_downloads/HostTaxonPredictor/supplementary_materials/datasets/all_viruses_with_desired_attributes.dump,current_family_from_lineage; exact_current_family,confirmed_from_audited_mapping_table,include_eukaryotic,vertebrates,True
Host Taxon Predictor,HTP,Host-taxon classification,Coronaviridae,Nidovirales,ssRNA(+),RNA,N,Coronaviridae,1,input_original/manual_downloads/HostTaxonPredictor/supplementary_materials/datasets/all_viruses_with_desired_attributes.dump,exact_current_family,confirmed_from_audited_mapping_table,include_eukaryotic,vertebrates,True
Host Taxon Predictor,HTP,Host-taxon classification,Mesoniviridae,Nidovirales,ssRNA(+),RNA,N,Mesoniviridae,1,input_original/manual_downloads/HostTaxonPredictor/supplementary_materials/datasets/all_viruses_with_desired_attributes.dump,current_family_from_lineage; exact_current_family,confirmed_from_audited_mapping_table,include_eukaryotic,invertebrates,True
Host Taxon Predictor,HTP,Host-taxon classification,Roniviridae,Nidovirales,ssRNA(+),RNA,N,Roniviridae,1,input_original/manual_downloads/HostTaxonPredictor/supplementary_materials/datasets/all_viruses_with_desired_attributes.dump,exact_current_family,confirmed_from_audited_mapping_table,include_eukaryotic,invertebrates,True
Host Taxon Predictor,HTP,Host-taxon classification,Nodaviridae,Nodamuvirales,ssRNA(+),RNA,N,Nodaviridae,1,input_original/manual_downloads/HostTaxonPredictor/supplementary_materials/datasets/all_viruses_with_desired_attributes.dump,current_family_from_lineage; exact_current_family,confirmed_from_audited_mapping_table,include_eukaryotic,invertebrates; vertebrates,True
Host Taxon Predictor,HTP,Host-taxon classification,Sinhaliviridae,Nodamuvirales,ssRNA(+),RNA,N,Sinhaliviridae,1,input_original/manual_downloads/HostTaxonPredictor/supplementary_materials/datasets/all_viruses_with_desired_attributes.dump,current_family_from_lineage_genus,confirmed_from_audited_mapping_table,include_eukaryotic,invertebrates,True
Host Taxon Predictor,HTP,Host-taxon classification,Caulimoviridae,Ortervirales,dsDNA; dsDNA-RT,Reverse-transcribing,N,Caulimoviridae,1,input_original/manual_downloads/HostTaxonPredictor/supplementary_materials/datasets/all_viruses_with_desired_attributes.dump,current_family_from_lineage; exact_current_family,confirmed_from_audited_mapping_table,include_eukaryotic,plants,True
Host Taxon Predictor,HTP,Host-taxon classification,Retroviridae,Ortervirales,ssRNA-RT,Reverse-transcribing,N,Retroviridae,1,input_original/manual_downloads/HostTaxonPredictor/supplementary_materials/datasets/all_viruses_with_desired_attributes.dump,exact_current_family,confirmed_from_audited_mapping_table,include_eukaryotic,vertebrates,True
Host Taxon Predictor,HTP,Host-taxon classification,Ourmiaviridae,Ourlivirales,ssRNA(+),RNA,N,Ourmiaviridae,1,input_original/manual_downloads/HostTaxonPredictor/supplementary_materials/datasets/all_viruses_with_desired_attributes.dump,current_family_from_lineage_genus,confirmed_from_audited_mapping_table,include_eukaryotic,freshwater (s); invertebrates (s); plants; plants (s); soil (s),True
Host Taxon Predictor,HTP,Host-taxon classification,Potyviridae,Patatavirales,ssRNA(+),RNA,N,Potyviridae,1,input_original/manual_downloads/HostTaxonPredictor/supplementary_materials/datasets/all_viruses_with_desired_attributes.dump,exact_current_family,confirmed_from_audited_mapping_table,include_eukaryotic,plants,True
Host Taxon Predictor,HTP,Host-taxon classification,Parvoviridae,Piccovirales,ssDNA; ssDNA(+/-),DNA,N,Parvoviridae,1,input_original/manual_downloads/HostTaxonPredictor/supplementary_materials/datasets/all_viruses_with_desired_attributes.dump,current_family_from_lineage; exact_current_family,confirmed_from_audited_mapping_table,include_eukaryotic,"invertebrates; invertebrates, vertebrates; vertebrates",True
Host Taxon Predictor,HTP,Host-taxon classification,Caliciviridae,Picornavirales,ssRNA(+),RNA,N,Caliciviridae,1,input_original/manual_downloads/HostTaxonPredictor/supplementary_materials/datasets/all_viruses_with_desired_attributes.dump,exact_current_family,confirmed_from_audited_mapping_table,include_eukaryotic,vertebrates,True
Host Taxon Predictor,HTP,Host-taxon classification,Dicistroviridae,Picornavirales,ssRNA(+),RNA,N,Dicistroviridae,1,input_original/manual_downloads/HostTaxonPredictor/supplementary_materials/datasets/all_viruses_with_desired_attributes.dump,current_family_from_lineage; exact_current_family,confirmed_from_audited_mapping_table,include_eukaryotic,invertebrates,True
Host Taxon Predictor,HTP,Host-taxon classification,Iflaviridae,Picornavirales,ssRNA(+),RNA,N,Iflaviridae,1,input_original/manual_downloads/HostTaxonPredictor/supplementary_materials/datasets/all_viruses_with_desired_attributes.dump,current_family_from_lineage; exact_current_family,confirmed_from_audited_mapping_table,include_eukaryotic,invertebrates,True
Host Taxon Predictor,HTP,Host-taxon classification,Picornaviridae,Picornavirales,ssRNA(+),RNA,N,Picornaviridae,1,input_original/manual_downloads/HostTaxonPredictor/supplementary_materials/datasets/all_viruses_with_desired_attributes.dump,exact_current_family,confirmed_from_audited_mapping_table,include_eukaryotic,vertebrates,True
Host Taxon Predictor,HTP,Host-taxon classification,Secoviridae,Picornavirales,ssRNA(+),RNA,N,Secoviridae,1,input_original/manual_downloads/HostTaxonPredictor/supplementary_materials/datasets/all_viruses_with_desired_attributes.dump,current_family_from_lineage; exact_current_family,confirmed_from_audited_mapping_table,include_eukaryotic,phytobiome (s); plants,True
Host Taxon Predictor,HTP,Host-taxon classification,Solinviviridae,Picornavirales,ssRNA(+),RNA,N,Solinviviridae,1,input_original/manual_downloads/HostTaxonPredictor/supplementary_materials/datasets/all_viruses_with_desired_attributes.dump,current_family_from_lineage_genus,confirmed_from_audited_mapping_table,include_eukaryotic,invertebrates,True
Host Taxon Predictor,HTP,Host-taxon classification,Iridoviridae,Pimascovirales,dsDNA,DNA,N,Iridoviridae,1,input_original/manual_downloads/HostTaxonPredictor/supplementary_materials/datasets/all_viruses_with_desired_attributes.dump,current_family_from_lineage; exact_current_family,confirmed_from_audited_mapping_table,include_eukaryotic,invertebrates; vertebrates,True
Host Taxon Predictor,HTP,Host-taxon classification,Sedoreoviridae,Reovirales,dsRNA,RNA,N,Sedoreoviridae,1,input_original/manual_downloads/HostTaxonPredictor/supplementary_materials/datasets/all_viruses_with_desired_attributes.dump,current_family_from_lineage_genus,confirmed_from_audited_mapping_table,include_eukaryotic,"invertebrates; invertebrates, plants; invertebrates, vertebrates; protists; vertebrates",True
Host Taxon Predictor,HTP,Host-taxon classification,Spinareoviridae,Reovirales,dsRNA,RNA,N,Spinareoviridae,1,input_original/manual_downloads/HostTaxonPredictor/supplementary_materials/datasets/all_viruses_with_desired_attributes.dump,current_family_from_lineage_genus,confirmed_from_audited_mapping_table,include_eukaryotic,"fungi; invertebrates; invertebrates, plants; invertebrates, vertebrates; vertebrates",True
Host Taxon Predictor,HTP,Host-taxon classification,Adenoviridae,Rowavirales,dsDNA,DNA,N,Adenoviridae,1,input_original/manual_downloads/HostTaxonPredictor/supplementary_materials/datasets/all_viruses_with_desired_attributes.dump,exact_current_family,confirmed_from_audited_mapping_table,include_eukaryotic,vertebrates,True
Host Taxon Predictor,HTP,Host-taxon classification,Anelloviridae,Sanitavirales,ssDNA(+/-); ssDNA(-),DNA,N,Anelloviridae,1,input_original/manual_downloads/HostTaxonPredictor/supplementary_materials/datasets/all_viruses_with_desired_attributes.dump,current_family_from_lineage; exact_current_family,confirmed_from_audited_mapping_table,include_eukaryotic,invertebrates; vertebrates,True
Host Taxon Predictor,HTP,Host-taxon classification,Polyomaviridae,Sepolyvirales,dsDNA,DNA,N,Polyomaviridae,1,input_original/manual_downloads/HostTaxonPredictor/supplementary_materials/datasets/all_viruses_with_desired_attributes.dump,current_family_from_lineage; exact_current_family,confirmed_from_audited_mapping_table,include_eukaryotic,vertebrates,True
Host Taxon Predictor,HTP,Host-taxon classification,Solemoviridae,Sobelivirales,ssRNA(+),RNA,N,Solemoviridae,1,input_original/manual_downloads/HostTaxonPredictor/supplementary_materials/datasets/all_viruses_with_desired_attributes.dump,current_family_from_lineage_genus,confirmed_from_audited_mapping_table,include_eukaryotic,fungi; plants,True
Host Taxon Predictor,HTP,Host-taxon classification,Astroviridae,Stellavirales,ssRNA(+),RNA,N,Astroviridae,1,input_original/manual_downloads/HostTaxonPredictor/supplementary_materials/datasets/all_viruses_with_desired_attributes.dump,current_family_from_lineage; exact_current_family,confirmed_from_audited_mapping_table,include_eukaryotic,vertebrates,True
Host Taxon Predictor,HTP,Host-taxon classification,Tombusviridae,Tolivirales,ssRNA(+),RNA,N,Tombusviridae,1,input_original/manual_downloads/HostTaxonPredictor/supplementary_materials/datasets/all_viruses_with_desired_attributes.dump,current_family_from_lineage_genus; exact_current_family,confirmed_from_audited_mapping_table,include_eukaryotic,fungi; invertebrates (s); plants; plants (s); vertebrates,True
Host Taxon Predictor,HTP,Host-taxon classification,Alphaflexiviridae,Tymovirales,ssRNA(+),RNA,N,Alphaflexiviridae,1,input_original/manual_downloads/HostTaxonPredictor/supplementary_materials/datasets/all_viruses_with_desired_attributes.dump,current_family_from_lineage; exact_current_family,confirmed_from_audited_mapping_table,include_eukaryotic,fungi; plants,True
Host Taxon Predictor,HTP,Host-taxon classification,Betaflexiviridae,Tymovirales,ssRNA(+),RNA,N,Betaflexiviridae,1,input_original/manual_downloads/HostTaxonPredictor/supplementary_materials/datasets/all_viruses_with_desired_attributes.dump,current_family_from_lineage; exact_current_family,confirmed_from_audited_mapping_table,include_eukaryotic,plants,True
Host Taxon Predictor,HTP,Host-taxon classification,Gammaflexiviridae,Tymovirales,ssRNA(+),RNA,N,Gammaflexiviridae,1,input_original/manual_downloads/HostTaxonPredictor/supplementary_materials/datasets/all_viruses_with_desired_attributes.dump,exact_current_family,confirmed_from_audited_mapping_table,include_eukaryotic,fungi,True
Host Taxon Predictor,HTP,Host-taxon classification,Tymoviridae,Tymovirales,ssDNA(+/-); ssRNA(+),Mixed/unknown,N,Tymoviridae,1,input_original/manual_downloads/HostTaxonPredictor/supplementary_materials/datasets/all_viruses_with_desired_attributes.dump,current_family_from_lineage; exact_current_family,confirmed_from_audited_mapping_table,include_eukaryotic,plants,True
Host Taxon Predictor,HTP,Host-taxon classification,Narnaviridae,Wolframvirales,ssRNA(+),RNA,N,Narnaviridae,1,input_original/manual_downloads/HostTaxonPredictor/supplementary_materials/datasets/all_viruses_with_desired_attributes.dump,current_family_from_lineage; exact_current_family,confirmed_from_audited_mapping_table,include_eukaryotic,fungi,True
Host Taxon Predictor,HTP,Host-taxon classification,Papillomaviridae,Zurhausenvirales,dsDNA,DNA,N,Papillomaviridae,1,input_original/manual_downloads/HostTaxonPredictor/supplementary_materials/datasets/all_viruses_with_desired_attributes.dump,current_family_from_lineage; exact_current_family,confirmed_from_audited_mapping_table,include_eukaryotic,vertebrates,True
Host Taxon Predictor,HTP,Host-taxon classification,Birnaviridae,,dsRNA,RNA,N,Birnaviridae,1,input_original/manual_downloads/HostTaxonPredictor/supplementary_materials/datasets/all_viruses_with_desired_attributes.dump,exact_current_family,confirmed_from_audited_mapping_table,include_eukaryotic,invertebrates; vertebrates,False
Host Taxon Predictor,HTP,Host-taxon classification,Polydnaviriformidae,,dsDNA,DNA,N,Polydnaviriformidae,1,input_original/manual_downloads/HostTaxonPredictor/supplementary_materials/datasets/all_viruses_with_desired_attributes.dump,unique_historical_family_alias,confirmed_from_audited_mapping_table,include_eukaryotic,invertebrates,False
Host Taxon Predictor,HTP,Host-taxon classification,Tolecusatellitidae,,ssDNA; ssDNA(+/-); ssDNA(-),DNA,N,Tolecusatellitidae,1,input_original/manual_downloads/HostTaxonPredictor/supplementary_materials/datasets/all_viruses_with_desired_attributes.dump,current_family_from_lineage,confirmed_from_audited_mapping_table,include_eukaryotic,plants,False
MENB,MENB,Host-taxon classification,Flaviviridae,Amarillovirales,ssRNA(+),RNA,N,Flaviviridae,1365,"input_original/manual_downloads/MENB/DatasetsSpecifications/MENB-H|V&H,V/Flavi; input_original/manual_downloads/MENB/DatasetsSpecifications/New Hosts/Flavi/Test",explicit_task_dataset_identity_to_current_family,confirmed_from_structured_dataset,include_eukaryotic,"invertebrates; invertebrates, vertebrates; vertebrates",True
MENB,MENB,Host-taxon classification,Orthomyxoviridae,Articulavirales,ssRNA(-),RNA,N,Orthomyxoviridae,1385,"input_original/manual_downloads/MENB/DatasetsSpecifications/MENB-H|V&H,V/Orthomyxo; input_original/manual_downloads/MENB/DatasetsSpecifications/New Hosts/Orthomyxo/Test; input_original/manual_downloads/MENB/DatasetsSpecifications/Test sets 20 Corona-Orthomyxo/Orthomyxo/Test",explicit_task_dataset_identity_to_current_family,confirmed_from_structured_dataset,include_eukaryotic,"invertebrates; invertebrates, vertebrates; vertebrates",True
MENB,MENB,Host-taxon classification,Paramyxoviridae,Mononegavirales,ssRNA(-),RNA,N,Paramyxoviridae,30,input_original/manual_downloads/MENB/DatasetsSpecifications/New Viruses/Paramyxoviridae/Avian1.csv; input_original/manual_downloads/MENB/DatasetsSpecifications/New Viruses/Paramyxoviridae/Avian2.csv; input_original/manual_downloads/MENB/DatasetsSpecifications/New Viruses/Paramyxoviridae/Avian3.csv,explicit_task_dataset_identity_to_current_family,confirmed_from_structured_dataset,include_eukaryotic,vertebrates,True
MENB,MENB,Host-taxon classification,Rhabdoviridae,Mononegavirales,ssRNA(-),RNA,N,Rhabdoviridae,30,input_original/manual_downloads/MENB/DatasetsSpecifications/New Viruses/Rabhdoviridae/Human1.csv; input_original/manual_downloads/MENB/DatasetsSpecifications/New Viruses/Rabhdoviridae/Human2.csv; input_original/manual_downloads/MENB/DatasetsSpecifications/New Viruses/Rabhdoviridae/Human3.csv,explicit_task_dataset_identity_to_current_family,confirmed_from_structured_dataset,include_eukaryotic,"freshwater (s); invertebrates; invertebrates (s); invertebrates, plants; invertebrates, vertebrates; plants; soil (s); unknown (s); vertebrates",True
MENB,MENB,Host-taxon classification,Arteriviridae,Nidovirales,ssRNA(+),RNA,N,Arteriviridae,30,input_original/manual_downloads/MENB/DatasetsSpecifications/New Viruses/Arteriviridae/Swine1.csv; input_original/manual_downloads/MENB/DatasetsSpecifications/New Viruses/Arteriviridae/Swine2.csv; input_original/manual_downloads/MENB/DatasetsSpecifications/New Viruses/Arteriviridae/Swine3.csv,explicit_task_dataset_identity_to_current_family,confirmed_from_structured_dataset,include_eukaryotic,vertebrates,True
MENB,MENB,Host-taxon classification,Coronaviridae,Nidovirales,ssRNA(+),RNA,N,Coronaviridae,1670,"input_original/manual_downloads/MENB/DatasetsSpecifications/MENB-H|V&H,V/Corona; input_original/manual_downloads/MENB/DatasetsSpecifications/New Hosts/Corona/Test; input_original/manual_downloads/MENB/DatasetsSpecifications/Test sets 20 Corona-Orthomyxo/Corona/Test; input_original/manual_downloads/MENB/DatasetsSpecifications/Dataset 90 seqs Corona/Full Train Anlaysis; input_original/manual_downloads/MENB/DatasetsSpecifications/Dataset 90 seqs Corona/Non overlapping for Training and Tests",explicit_task_dataset_identity_to_current_family,confirmed_from_structured_dataset,include_eukaryotic,vertebrates,True
MENB,MENB,Host-taxon classification,Caliciviridae,Picornavirales,ssRNA(+),RNA,N,Caliciviridae,30,input_original/manual_downloads/MENB/DatasetsSpecifications/New Viruses/Calicivirus/Test/Avian.csv; input_original/manual_downloads/MENB/DatasetsSpecifications/New Viruses/Calicivirus/Test/Human.csv; input_original/manual_downloads/MENB/DatasetsSpecifications/New Viruses/Calicivirus/Test/Swine.csv,explicit_task_dataset_identity_to_current_family,confirmed_from_structured_dataset,include_eukaryotic,vertebrates,True
MENB,MENB,Host-taxon classification,Picornaviridae,Picornavirales,ssRNA(+),RNA,N,Picornaviridae,1365,"input_original/manual_downloads/MENB/DatasetsSpecifications/MENB-H|V&H,V/Picorna; input_original/manual_downloads/MENB/DatasetsSpecifications/New Hosts/Picorna/Test",explicit_task_dataset_identity_to_current_family,confirmed_from_structured_dataset,include_eukaryotic,vertebrates,True
RNAVirHost,RNAVirHost,Host-taxon classification,Flaviviridae,Amarillovirales,ssRNA(+),RNA,N,Flaviviridae,817,input_original/manual_downloads/RNAVirHost/virus_label(1).csv,exact_current_family,confirmed_from_structured_dataset,include_eukaryotic,"invertebrates; invertebrates, vertebrates; vertebrates",True
RNAVirHost,RNAVirHost,Host-taxon classification,Amnoonviridae,Articulavirales,ssRNA(-),RNA,N,Amnoonviridae,10,input_original/manual_downloads/RNAVirHost/virus_label(1).csv,exact_current_family,confirmed_from_structured_dataset,include_eukaryotic,vertebrates,True
RNAVirHost,RNAVirHost,Host-taxon classification,Orthomyxoviridae,Articulavirales,ssRNA(-),RNA,N,Orthomyxoviridae,67,input_original/manual_downloads/RNAVirHost/virus_label(1).csv,exact_current_family,confirmed_from_structured_dataset,include_eukaryotic,"invertebrates; invertebrates, vertebrates; vertebrates",True
RNAVirHost,RNAVirHost,Host-taxon classification,Hepadnaviridae,Blubervirales,dsDNA-RT,Reverse-transcribing,N,Hepadnaviridae,108,input_original/manual_downloads/RNAVirHost/virus_label(1).csv,exact_current_family,confirmed_from_structured_dataset,include_eukaryotic,vertebrates,True
RNAVirHost,RNAVirHost,Host-taxon classification,Mitoviridae,Cryppavirales,ssRNA(+),RNA,N,Mitoviridae,80,input_original/manual_downloads/RNAVirHost/virus_label(1).csv,exact_current_family,confirmed_from_structured_dataset,include_eukaryotic,fungi; plants,True
RNAVirHost,RNAVirHost,Host-taxon classification,Amalgaviridae,Durnavirales,dsRNA,RNA,N,Amalgaviridae,44,input_original/manual_downloads/RNAVirHost/virus_label(1).csv,exact_current_family,confirmed_from_structured_dataset,include_eukaryotic,fungi; plants,True
RNAVirHost,RNAVirHost,Host-taxon classification,Curvulaviridae,Durnavirales,dsRNA,RNA,N,Curvulaviridae,8,input_original/manual_downloads/RNAVirHost/virus_label(1).csv,exact_current_family,confirmed_from_structured_dataset,include_eukaryotic,fungi,True
RNAVirHost,RNAVirHost,Host-taxon classification,Partitiviridae,Durnavirales,dsRNA,RNA,N,Partitiviridae,160,input_original/manual_downloads/RNAVirHost/virus_label(1).csv,exact_current_family,confirmed_from_structured_dataset,include_eukaryotic,fungi; plants; protists,True
RNAVirHost,RNAVirHost,Host-taxon classification,Cruliviridae,Elliovirales,ssRNA(-),RNA,N,Cruliviridae,2,input_original/manual_downloads/RNAVirHost/virus_label(1).csv,exact_current_family,confirmed_from_structured_dataset,include_eukaryotic,invertebrates,True
RNAVirHost,RNAVirHost,Host-taxon classification,Fimoviridae,Elliovirales,ssRNA(-),RNA,N,Fimoviridae,72,input_original/manual_downloads/RNAVirHost/virus_label(1).csv,exact_current_family,confirmed_from_structured_dataset,include_eukaryotic,plants,True
RNAVirHost,RNAVirHost,Host-taxon classification,Hantaviridae,Elliovirales,ssRNA(-),RNA,N,Hantaviridae,220,input_original/manual_downloads/RNAVirHost/virus_label(1).csv,exact_current_family,confirmed_from_structured_dataset,include_eukaryotic,vertebrates,True
RNAVirHost,RNAVirHost,Host-taxon classification,Peribunyaviridae,Elliovirales,ssRNA(-),RNA,N,Peribunyaviridae,314,input_original/manual_downloads/RNAVirHost/virus_label(1).csv,exact_current_family,confirmed_from_structured_dataset,include_eukaryotic,"invertebrates; invertebrates, vertebrates; vertebrates",True
RNAVirHost,RNAVirHost,Host-taxon classification,Phasmaviridae,Elliovirales,ssRNA; ssRNA(-),RNA,N,Phasmaviridae,42,input_original/manual_downloads/RNAVirHost/virus_label(1).csv,exact_current_family,confirmed_from_structured_dataset,include_eukaryotic,invertebrates; invertebrates (s),True
RNAVirHost,RNAVirHost,Host-taxon classification,Tospoviridae,Elliovirales,ssRNA(+/-),RNA,N,Tospoviridae,94,input_original/manual_downloads/RNAVirHost/virus_label(1).csv,exact_current_family,confirmed_from_structured_dataset,include_eukaryotic,"invertebrates, plants",True
RNAVirHost,RNAVirHost,Host-taxon classification,Tulasviridae,Elliovirales,ssRNA(+/-),RNA,N,Tulasviridae,2,input_original/manual_downloads/RNAVirHost/virus_label(1).csv,exact_current_family,confirmed_from_structured_dataset,include_eukaryotic,fungi,True
RNAVirHost,RNAVirHost,Host-taxon classification,Alternaviridae,Ghabrivirales,dsRNA,RNA,N,Alternaviridae,16,input_original/manual_downloads/RNAVirHost/virus_label(1).csv,exact_current_family,confirmed_from_structured_dataset,include_eukaryotic,fungi,True
RNAVirHost,RNAVirHost,Host-taxon classification,Chrysoviridae,Ghabrivirales,dsRNA,RNA,N,Chrysoviridae,125,input_original/manual_downloads/RNAVirHost/virus_label(1).csv,exact_current_family,confirmed_from_structured_dataset,include_eukaryotic,fungi; invertebrates (s); plants (s),True
RNAVirHost,RNAVirHost,Host-taxon classification,Giardiaviridae,Ghabrivirales,dsRNA,RNA,N,Totiviridae,1,input_original/manual_downloads/RNAVirHost/virus_label(1).csv,legacy_family_resolved_by_current_genus,confirmed_from_structured_dataset,include_eukaryotic,protists,True
RNAVirHost,RNAVirHost,Host-taxon classification,Megabirnaviridae,Ghabrivirales,dsRNA,RNA,N,Megabirnaviridae,11,input_original/manual_downloads/RNAVirHost/virus_label(1).csv,exact_current_family,confirmed_from_structured_dataset,include_eukaryotic,fungi,True
RNAVirHost,RNAVirHost,Host-taxon classification,Orthototiviridae,Ghabrivirales,dsRNA,RNA,N,Totiviridae,60,input_original/manual_downloads/RNAVirHost/virus_label(1).csv,legacy_family_resolved_by_current_genus,confirmed_from_structured_dataset,include_eukaryotic,fungi; invertebrates; plants; protists (s),True
RNAVirHost,RNAVirHost,Host-taxon classification,Pseudototiviridae,Ghabrivirales,dsRNA,RNA,N,Totiviridae,67,input_original/manual_downloads/RNAVirHost/virus_label(1).csv,legacy_family_resolved_by_current_genus,confirmed_from_structured_dataset,include_eukaryotic,fungi; protists; vertebrates,True
RNAVirHost,RNAVirHost,Host-taxon classification,Quadriviridae,Ghabrivirales,dsRNA,RNA,N,Quadriviridae,8,input_original/manual_downloads/RNAVirHost/virus_label(1).csv,exact_current_family,confirmed_from_structured_dataset,include_eukaryotic,fungi,True
RNAVirHost,RNAVirHost,Host-taxon classification,Yueviridae,Goujianvirales,ssRNA(-),RNA,N,Yueviridae,3,input_original/manual_downloads/RNAVirHost/virus_label(1).csv,exact_current_family,confirmed_from_structured_dataset,include_eukaryotic,invertebrates,True
RNAVirHost,RNAVirHost,Host-taxon classification,Arenaviridae,Hareavirales,ssRNA(+/-); ssRNA(-),RNA,N,Arenaviridae,343,input_original/manual_downloads/RNAVirHost/virus_label(1).csv,exact_current_family,confirmed_from_structured_dataset,include_eukaryotic,freshwater (s); vertebrates,True
RNAVirHost,RNAVirHost,Host-taxon classification,Discoviridae,Hareavirales,ssRNA(-),RNA,N,Discoviridae,1,input_original/manual_downloads/RNAVirHost/virus_label(1).csv,exact_current_family,confirmed_from_structured_dataset,include_eukaryotic,fungi; plants; protists,True
RNAVirHost,RNAVirHost,Host-taxon classification,Mypoviridae,Hareavirales,ssRNA(-),RNA,N,Mypoviridae,2,input_original/manual_downloads/RNAVirHost/virus_label(1).csv,exact_current_family,confirmed_from_structured_dataset,include_eukaryotic,invertebrates,True
RNAVirHost,RNAVirHost,Host-taxon classification,Nairoviridae,Hareavirales,ssRNA(-),RNA,N,Nairoviridae,89,input_original/manual_downloads/RNAVirHost/virus_label(1).csv,exact_current_family,confirmed_from_structured_dataset,include_eukaryotic,"invertebrates; invertebrates, vertebrates; vertebrates",True
RNAVirHost,RNAVirHost,Host-taxon classification,Phenuiviridae,Hareavirales,ssRNA(+/-); ssRNA(-),RNA,N,Phenuiviridae,300,input_original/manual_downloads/RNAVirHost/virus_label(1).csv,exact_current_family,confirmed_from_structured_dataset,include_eukaryotic,"fungi; invertebrates; invertebrates, plants; invertebrates, vertebrates; plants; protists; soil (s); vertebrates",True
RNAVirHost,RNAVirHost,Host-taxon classification,Wupedeviridae,Hareavirales,ssRNA(-),RNA,N,Wupedeviridae,3,input_original/manual_downloads/RNAVirHost/virus_label(1).csv,exact_current_family,confirmed_from_structured_dataset,include_eukaryotic,invertebrates,True
RNAVirHost,RNAVirHost,Host-taxon classification,Alphatetraviridae,Hepelivirales,ssRNA(+),RNA,N,Alphatetraviridae,8,input_original/manual_downloads/RNAVirHost/virus_label(1).csv,exact_current_family,confirmed_from_structured_dataset,include_eukaryotic,invertebrates,True
RNAVirHost,RNAVirHost,Host-taxon classification,Benyviridae,Hepelivirales,ssRNA(+),RNA,N,Benyviridae,22,input_original/manual_downloads/RNAVirHost/virus_label(1).csv,exact_current_family,confirmed_from_structured_dataset,include_eukaryotic,plants,True
RNAVirHost,RNAVirHost,Host-taxon classification,Hepeviridae,Hepelivirales,ssRNA(+); ssRNA(+/-),RNA,N,Hepeviridae,146,input_original/manual_downloads/RNAVirHost/virus_label(1).csv,exact_current_family,confirmed_from_structured_dataset,include_eukaryotic,vertebrates,True
RNAVirHost,RNAVirHost,Host-taxon classification,Matonaviridae,Hepelivirales,ssRNA(+),RNA,N,Matonaviridae,4,input_original/manual_downloads/RNAVirHost/virus_label(1).csv,exact_current_family,confirmed_from_structured_dataset,include_eukaryotic,vertebrates,True
RNAVirHost,RNAVirHost,Host-taxon classification,Fusariviridae,Hypofuvirales,ssRNA(+),RNA,N,Fusariviridae,54,input_original/manual_downloads/RNAVirHost/virus_label(1).csv,exact_current_family,confirmed_from_structured_dataset,include_eukaryotic,fungi; protists,True
RNAVirHost,RNAVirHost,Host-taxon classification,Hypoviridae,Hypofuvirales,ssRNA(+),RNA,N,Hypoviridae,57,input_original/manual_downloads/RNAVirHost/virus_label(1).csv,exact_current_family,confirmed_from_structured_dataset,include_eukaryotic,fungi; invertebrates,True
RNAVirHost,RNAVirHost,Host-taxon classification,Aliusviridae,Jingchuvirales,ssRNA(-),RNA,N,Aliusviridae,7,input_original/manual_downloads/RNAVirHost/virus_label(1).csv,exact_current_family,confirmed_from_structured_dataset,include_eukaryotic,invertebrates,True
RNAVirHost,RNAVirHost,Host-taxon classification,Chuviridae,Jingchuvirales,ssRNA(-),RNA,N,Chuviridae,51,input_original/manual_downloads/RNAVirHost/virus_label(1).csv,exact_current_family,confirmed_from_structured_dataset,include_eukaryotic,invertebrates; vertebrates,True
RNAVirHost,RNAVirHost,Host-taxon classification,Crepuscuviridae,Jingchuvirales,ssRNA(-),RNA,N,Crepuscuviridae,1,input_original/manual_downloads/RNAVirHost/virus_label(1).csv,exact_current_family,confirmed_from_structured_dataset,include_eukaryotic,invertebrates,True
RNAVirHost,RNAVirHost,Host-taxon classification,Myriaviridae,Jingchuvirales,ssRNA(-),RNA,N,Myriaviridae,1,input_original/manual_downloads/RNAVirHost/virus_label(1).csv,exact_current_family,confirmed_from_structured_dataset,include_eukaryotic,invertebrates,True
RNAVirHost,RNAVirHost,Host-taxon classification,Natareviridae,Jingchuvirales,ssRNA(-),RNA,N,Natareviridae,1,input_original/manual_downloads/RNAVirHost/virus_label(1).csv,exact_current_family,confirmed_from_structured_dataset,include_eukaryotic,invertebrates,True
RNAVirHost,RNAVirHost,Host-taxon classification,Bromoviridae,Martellivirales,ssRNA(+),RNA,N,Bromoviridae,154,input_original/manual_downloads/RNAVirHost/virus_label(1).csv,exact_current_family,confirmed_from_structured_dataset,include_eukaryotic,plants,True
RNAVirHost,RNAVirHost,Host-taxon classification,Closteroviridae,Martellivirales,ssRNA(+),RNA,N,Closteroviridae,154,input_original/manual_downloads/RNAVirHost/virus_label(1).csv,exact_current_family,confirmed_from_structured_dataset,include_eukaryotic,plants,True
RNAVirHost,RNAVirHost,Host-taxon classification,Endornaviridae,Martellivirales,ssRNA(+),RNA,N,Endornaviridae,96,input_original/manual_downloads/RNAVirHost/virus_label(1).csv,exact_current_family,confirmed_from_structured_dataset,include_eukaryotic,fungi; plants; protists,True
RNAVirHost,RNAVirHost,Host-taxon classification,Kitaviridae,Martellivirales,ssRNA(+),RNA,N,Kitaviridae,25,input_original/manual_downloads/RNAVirHost/virus_label(1).csv,exact_current_family,confirmed_from_structured_dataset,include_eukaryotic,"invertebrates, plants; plants",True
RNAVirHost,RNAVirHost,Host-taxon classification,Mayoviridae,Martellivirales,ssRNA(+),RNA,N,Mayoviridae,11,input_original/manual_downloads/RNAVirHost/virus_label(1).csv,exact_current_family,confirmed_from_structured_dataset,include_eukaryotic,plants,True
RNAVirHost,RNAVirHost,Host-taxon classification,Togaviridae,Martellivirales,ssRNA(+),RNA,N,Togaviridae,63,input_original/manual_downloads/RNAVirHost/virus_label(1).csv,exact_current_family,confirmed_from_structured_dataset,include_eukaryotic,"invertebrates; invertebrates, vertebrates; vertebrates",True
RNAVirHost,RNAVirHost,Host-taxon classification,Virgaviridae,Martellivirales,ssRNA(+),RNA,N,Virgaviridae,165,input_original/manual_downloads/RNAVirHost/virus_label(1).csv,exact_current_family,confirmed_from_structured_dataset,include_eukaryotic,plants,True
RNAVirHost,RNAVirHost,Host-taxon classification,Artoviridae,Mononegavirales,ssRNA(-),RNA,N,Artoviridae,8,input_original/manual_downloads/RNAVirHost/virus_label(1).csv,exact_current_family,confirmed_from_structured_dataset,include_eukaryotic,invertebrates; plants; vertebrates,True
RNAVirHost,RNAVirHost,Host-taxon classification,Bornaviridae,Mononegavirales,ssRNA(-),RNA,N,Bornaviridae,21,input_original/manual_downloads/RNAVirHost/virus_label(1).csv,exact_current_family,confirmed_from_structured_dataset,include_eukaryotic,vertebrates,True
RNAVirHost,RNAVirHost,Host-taxon classification,Filoviridae,Mononegavirales,ssRNA(-),RNA,N,Filoviridae,28,input_original/manual_downloads/RNAVirHost/virus_label(1).csv,exact_current_family,confirmed_from_structured_dataset,include_eukaryotic,vertebrates,True
RNAVirHost,RNAVirHost,Host-taxon classification,Lispiviridae,Mononegavirales,ssRNA(-),RNA,N,Lispiviridae,18,input_original/manual_downloads/RNAVirHost/virus_label(1).csv,exact_current_family,confirmed_from_structured_dataset,include_eukaryotic,invertebrates; vertebrates,True
RNAVirHost,RNAVirHost,Host-taxon classification,Mymonaviridae,Mononegavirales,ssRNA(-),RNA,N,Mymonaviridae,18,input_original/manual_downloads/RNAVirHost/virus_label(1).csv,exact_current_family,confirmed_from_structured_dataset,include_eukaryotic,fungi; invertebrates; invertebrates (s); phytobiome (s); protists; soil (s),True
RNAVirHost,RNAVirHost,Host-taxon classification,Nyamiviridae,Mononegavirales,ssRNA(-),RNA,N,Nyamiviridae,16,input_original/manual_downloads/RNAVirHost/virus_label(1).csv,exact_current_family,confirmed_from_structured_dataset,include_eukaryotic,"invertebrates; invertebrates, vertebrates; vertebrates",True
RNAVirHost,RNAVirHost,Host-taxon classification,Paramyxoviridae,Mononegavirales,ssRNA(-),RNA,N,Paramyxoviridae,209,input_original/manual_downloads/RNAVirHost/virus_label(1).csv,exact_current_family,confirmed_from_structured_dataset,include_eukaryotic,vertebrates,True
RNAVirHost,RNAVirHost,Host-taxon classification,Pneumoviridae,Mononegavirales,ssRNA(-),RNA,N,Pneumoviridae,35,input_original/manual_downloads/RNAVirHost/virus_label(1).csv,exact_current_family,confirmed_from_structured_dataset,include_eukaryotic,vertebrates,True
RNAVirHost,RNAVirHost,Host-taxon classification,Rhabdoviridae,Mononegavirales,ssRNA(-),RNA,N,Rhabdoviridae,377,input_original/manual_downloads/RNAVirHost/virus_label(1).csv,exact_current_family,confirmed_from_structured_dataset,include_eukaryotic,"freshwater (s); invertebrates; invertebrates (s); invertebrates, plants; invertebrates, vertebrates; plants; soil (s); unknown (s); vertebrates",True
RNAVirHost,RNAVirHost,Host-taxon classification,Sunviridae,Mononegavirales,ssRNA(-),RNA,N,Sunviridae,1,input_original/manual_downloads/RNAVirHost/virus_label(1).csv,exact_current_family,confirmed_from_structured_dataset,include_eukaryotic,vertebrates,True
RNAVirHost,RNAVirHost,Host-taxon classification,Xinmoviridae,Mononegavirales,ssRNA(-),RNA,N,Xinmoviridae,10,input_original/manual_downloads/RNAVirHost/virus_label(1).csv,exact_current_family,confirmed_from_structured_dataset,include_eukaryotic,invertebrates; vertebrates (s),True
RNAVirHost,RNAVirHost,Host-taxon classification,Qinviridae,Muvirales,ssRNA(-),RNA,N,Qinviridae,9,input_original/manual_downloads/RNAVirHost/virus_label(1).csv,exact_current_family,confirmed_from_structured_dataset,include_eukaryotic,invertebrates,True
RNAVirHost,RNAVirHost,Host-taxon classification,Aspiviridae,Naedrevirales,ssRNA(-),RNA,N,Aspiviridae,16,input_original/manual_downloads/RNAVirHost/virus_label(1).csv,exact_current_family,confirmed_from_structured_dataset,include_eukaryotic,plants,True
RNAVirHost,RNAVirHost,Host-taxon classification,Arteriviridae,Nidovirales,ssRNA(+),RNA,N,Arteriviridae,237,input_original/manual_downloads/RNAVirHost/virus_label(1).csv,exact_current_family,confirmed_from_structured_dataset,include_eukaryotic,vertebrates,True
RNAVirHost,RNAVirHost,Host-taxon classification,Coronaviridae,Nidovirales,ssRNA(+),RNA,N,Coronaviridae,306,input_original/manual_downloads/RNAVirHost/virus_label(1).csv,exact_current_family,confirmed_from_structured_dataset,include_eukaryotic,vertebrates,True
RNAVirHost,RNAVirHost,Host-taxon classification,Cremegaviridae,Nidovirales,ssRNA(+),RNA,N,Cremegaviridae,2,input_original/manual_downloads/RNAVirHost/virus_label(1).csv,exact_current_family,confirmed_from_structured_dataset,include_eukaryotic,vertebrates,True
RNAVirHost,RNAVirHost,Host-taxon classification,Euroniviridae,Nidovirales,ssRNA(+),RNA,N,Euroniviridae,2,input_original/manual_downloads/RNAVirHost/virus_label(1).csv,exact_current_family,confirmed_from_structured_dataset,include_eukaryotic,invertebrates,True
RNAVirHost,RNAVirHost,Host-taxon classification,Gresnaviridae,Nidovirales,ssRNA(+),RNA,N,Gresnaviridae,1,input_original/manual_downloads/RNAVirHost/virus_label(1).csv,exact_current_family,confirmed_from_structured_dataset,include_eukaryotic,vertebrates,True
RNAVirHost,RNAVirHost,Host-taxon classification,Mesoniviridae,Nidovirales,ssRNA(+),RNA,N,Mesoniviridae,16,input_original/manual_downloads/RNAVirHost/virus_label(1).csv,exact_current_family,confirmed_from_structured_dataset,include_eukaryotic,invertebrates,True
RNAVirHost,RNAVirHost,Host-taxon classification,Mononiviridae,Nidovirales,ssRNA(+),RNA,N,Mononiviridae,1,input_original/manual_downloads/RNAVirHost/virus_label(1).csv,exact_current_family,confirmed_from_structured_dataset,include_eukaryotic,invertebrates,True
RNAVirHost,RNAVirHost,Host-taxon classification,Olifoviridae,Nidovirales,ssRNA(+),RNA,N,Olifoviridae,1,input_original/manual_downloads/RNAVirHost/virus_label(1).csv,exact_current_family,confirmed_from_structured_dataset,include_eukaryotic,vertebrates,True
RNAVirHost,RNAVirHost,Host-taxon classification,Roniviridae,Nidovirales,ssRNA(+),RNA,N,Roniviridae,10,input_original/manual_downloads/RNAVirHost/virus_label(1).csv,exact_current_family,confirmed_from_structured_dataset,include_eukaryotic,invertebrates,True
RNAVirHost,RNAVirHost,Host-taxon classification,Tobaniviridae,Nidovirales,ssRNA(+),RNA,N,Tobaniviridae,30,input_original/manual_downloads/RNAVirHost/virus_label(1).csv,exact_current_family,confirmed_from_structured_dataset,include_eukaryotic,invertebrates (s); vertebrates,True
RNAVirHost,RNAVirHost,Host-taxon classification,Nodaviridae,Nodamuvirales,ssRNA(+),RNA,N,Nodaviridae,24,input_original/manual_downloads/RNAVirHost/virus_label(1).csv,exact_current_family,confirmed_from_structured_dataset,include_eukaryotic,invertebrates; vertebrates,True
RNAVirHost,RNAVirHost,Host-taxon classification,Sinhaliviridae,Nodamuvirales,ssRNA(+),RNA,N,Sinhaliviridae,18,input_original/manual_downloads/RNAVirHost/virus_label(1).csv,exact_current_family,confirmed_from_structured_dataset,include_eukaryotic,invertebrates,True
RNAVirHost,RNAVirHost,Host-taxon classification,Caulimoviridae,Ortervirales,dsDNA; dsDNA-RT,Reverse-transcribing,N,Caulimoviridae,216,input_original/manual_downloads/RNAVirHost/virus_label(1).csv,exact_current_family,confirmed_from_structured_dataset,include_eukaryotic,plants,True
RNAVirHost,RNAVirHost,Host-taxon classification,Retroviridae,Ortervirales,ssRNA-RT,Reverse-transcribing,N,Retroviridae,2548,input_original/manual_downloads/RNAVirHost/virus_label(1).csv,exact_current_family,confirmed_from_structured_dataset,include_eukaryotic,vertebrates,True
RNAVirHost,RNAVirHost,Host-taxon classification,Botourmiaviridae,Ourlivirales,ssRNA(+),RNA,N,Botourmiaviridae,38,input_original/manual_downloads/RNAVirHost/virus_label(1).csv,exact_current_family,confirmed_from_structured_dataset,include_eukaryotic,fungi; plants; unknown (s),True
RNAVirHost,RNAVirHost,Host-taxon classification,Potyviridae,Patatavirales,ssRNA(+),RNA,N,Potyviridae,558,input_original/manual_downloads/RNAVirHost/virus_label(1).csv,exact_current_family,confirmed_from_structured_dataset,include_eukaryotic,plants,True
RNAVirHost,RNAVirHost,Host-taxon classification,Caliciviridae,Picornavirales,ssRNA(+),RNA,N,Caliciviridae,394,input_original/manual_downloads/RNAVirHost/virus_label(1).csv,exact_current_family,confirmed_from_structured_dataset,include_eukaryotic,vertebrates,True
RNAVirHost,RNAVirHost,Host-taxon classification,Dicistroviridae,Picornavirales,ssRNA(+),RNA,N,Dicistroviridae,97,input_original/manual_downloads/RNAVirHost/virus_label(1).csv,exact_current_family,confirmed_from_structured_dataset,include_eukaryotic,invertebrates,True
RNAVirHost,RNAVirHost,Host-taxon classification,Iflaviridae,Picornavirales,ssRNA(+),RNA,N,Iflaviridae,108,input_original/manual_downloads/RNAVirHost/virus_label(1).csv,exact_current_family,confirmed_from_structured_dataset,include_eukaryotic,invertebrates,True
RNAVirHost,RNAVirHost,Host-taxon classification,Marnaviridae,Picornavirales,ssRNA(+),RNA,N,Marnaviridae,8,input_original/manual_downloads/RNAVirHost/virus_label(1).csv,exact_current_family,confirmed_from_structured_dataset,include_eukaryotic,marine (s); protists,True
RNAVirHost,RNAVirHost,Host-taxon classification,Picornaviridae,Picornavirales,ssRNA(+),RNA,N,Picornaviridae,1488,input_original/manual_downloads/RNAVirHost/virus_label(1).csv,exact_current_family,confirmed_from_structured_dataset,include_eukaryotic,vertebrates,True
RNAVirHost,RNAVirHost,Host-taxon classification,Polycipiviridae,Picornavirales,ssRNA(+),RNA,N,Polycipiviridae,18,input_original/manual_downloads/RNAVirHost/virus_label(1).csv,exact_current_family,confirmed_from_structured_dataset,include_eukaryotic,invertebrates,True
RNAVirHost,RNAVirHost,Host-taxon classification,Secoviridae,Picornavirales,ssRNA(+),RNA,N,Secoviridae,323,input_original/manual_downloads/RNAVirHost/virus_label(1).csv,exact_current_family,confirmed_from_structured_dataset,include_eukaryotic,phytobiome (s); plants,True
RNAVirHost,RNAVirHost,Host-taxon classification,Solinviviridae,Picornavirales,ssRNA(+),RNA,N,Solinviviridae,5,input_original/manual_downloads/RNAVirHost/virus_label(1).csv,exact_current_family,confirmed_from_structured_dataset,include_eukaryotic,invertebrates,True
RNAVirHost,RNAVirHost,Host-taxon classification,Sedoreoviridae,Reovirales,dsRNA,RNA,N,Sedoreoviridae,443,input_original/manual_downloads/RNAVirHost/virus_label(1).csv,exact_current_family,confirmed_from_structured_dataset,include_eukaryotic,"invertebrates; invertebrates, plants; invertebrates, vertebrates; protists; vertebrates",True
RNAVirHost,RNAVirHost,Host-taxon classification,Spinareoviridae,Reovirales,dsRNA,RNA,N,Spinareoviridae,479,input_original/manual_downloads/RNAVirHost/virus_label(1).csv,exact_current_family,confirmed_from_structured_dataset,include_eukaryotic,"fungi; invertebrates; invertebrates, plants; invertebrates, vertebrates; vertebrates",True
RNAVirHost,RNAVirHost,Host-taxon classification,Solemoviridae,Sobelivirales,ssRNA(+),RNA,N,Solemoviridae,120,input_original/manual_downloads/RNAVirHost/virus_label(1).csv,exact_current_family,confirmed_from_structured_dataset,include_eukaryotic,fungi; plants,True
RNAVirHost,RNAVirHost,Host-taxon classification,Astroviridae,Stellavirales,ssRNA(+),RNA,N,Astroviridae,296,input_original/manual_downloads/RNAVirHost/virus_label(1).csv,exact_current_family,confirmed_from_structured_dataset,include_eukaryotic,vertebrates,True
RNAVirHost,RNAVirHost,Host-taxon classification,Carmotetraviridae,Tolivirales,ssRNA(+),RNA,N,Carmotetraviridae,1,input_original/manual_downloads/RNAVirHost/virus_label(1).csv,exact_current_family,confirmed_from_structured_dataset,include_eukaryotic,invertebrates,True
RNAVirHost,RNAVirHost,Host-taxon classification,Tombusviridae,Tolivirales,ssRNA(+),RNA,N,Tombusviridae,219,input_original/manual_downloads/RNAVirHost/virus_label(1).csv,exact_current_family,confirmed_from_structured_dataset,include_eukaryotic,fungi; invertebrates (s); plants; plants (s); vertebrates,True
RNAVirHost,RNAVirHost,Host-taxon classification,Alphaflexiviridae,Tymovirales,ssRNA(+),RNA,N,Alphaflexiviridae,189,input_original/manual_downloads/RNAVirHost/virus_label(1).csv,exact_current_family,confirmed_from_structured_dataset,include_eukaryotic,fungi; plants,True
RNAVirHost,RNAVirHost,Host-taxon classification,Betaflexiviridae,Tymovirales,ssRNA(+),RNA,N,Betaflexiviridae,674,input_original/manual_downloads/RNAVirHost/virus_label(1).csv,exact_current_family,confirmed_from_structured_dataset,include_eukaryotic,plants,True
RNAVirHost,RNAVirHost,Host-taxon classification,Deltaflexiviridae,Tymovirales,ssRNA(+),RNA,N,Deltaflexiviridae,18,input_original/manual_downloads/RNAVirHost/virus_label(1).csv,exact_current_family,confirmed_from_structured_dataset,include_eukaryotic,fungi,True
RNAVirHost,RNAVirHost,Host-taxon classification,Gammaflexiviridae,Tymovirales,ssRNA(+),RNA,N,Gammaflexiviridae,6,input_original/manual_downloads/RNAVirHost/virus_label(1).csv,exact_current_family,confirmed_from_structured_dataset,include_eukaryotic,fungi,True
RNAVirHost,RNAVirHost,Host-taxon classification,Tymoviridae,Tymovirales,ssDNA(+/-); ssRNA(+),Mixed/unknown,N,Tymoviridae,131,input_original/manual_downloads/RNAVirHost/virus_label(1).csv,exact_current_family,confirmed_from_structured_dataset,include_eukaryotic,plants,True
RNAVirHost,RNAVirHost,Host-taxon classification,Narnaviridae,Wolframvirales,ssRNA(+),RNA,N,Narnaviridae,23,input_original/manual_downloads/RNAVirHost/virus_label(1).csv,exact_current_family,confirmed_from_structured_dataset,include_eukaryotic,fungi,True
RNAVirHost,RNAVirHost,Host-taxon classification,Yadokariviridae,Yadokarivirales,ssRNA(+),RNA,N,Yadokariviridae,7,input_original/manual_downloads/RNAVirHost/virus_label(1).csv,exact_current_family,confirmed_from_structured_dataset,include_eukaryotic,fungi; protists,True
VPF-Class,VPF-Class,Host-taxon classification,Phycodnaviridae,Algavirales,dsDNA,DNA,V,Chlorovirus; Coccolithovirus; Phaeovirus; Phycodnaviridae; Prasinovirus; Prymnesiovirus,9222,input_original/manual_downloads/VPF_Class/2019_VPF_FamTax_REclassification_new.tsv; input_original/manual_downloads/VPF_Class/2019_VPF_GenTax_REclassification_new.tsv,exact_current_family_or_family_level_taxon; exact_current_genus_unique_family,confirmed_profile_level_source_not_record_level,include_eukaryotic,algae; protists,True
VPF-Class,VPF-Class,Host-taxon classification,Asfarviridae,Asfuvirales,dsDNA,DNA,V,Asfarviridae; Asfivirus,205,input_original/manual_downloads/VPF_Class/2019_VPF_FamTax_REclassification_new.tsv; input_original/manual_downloads/VPF_Class/2019_VPF_GenTax_REclassification_new.tsv,exact_current_family_or_family_level_taxon; exact_current_genus_unique_family,confirmed_profile_level_source_not_record_level,include_eukaryotic,"invertebrates, vertebrates",True
VPF-Class,VPF-Class,Host-taxon classification,Hepadnaviridae,Blubervirales,dsDNA-RT,Reverse-transcribing,V,Avihepadnavirus; Hepadnaviridae; Orthohepadnavirus,5,input_original/manual_downloads/VPF_Class/2019_VPF_FamTax_REclassification_new.tsv; input_original/manual_downloads/VPF_Class/2019_VPF_GenTax_REclassification_new.tsv,exact_current_family_or_family_level_taxon; exact_current_genus_unique_family,confirmed_profile_level_source_not_record_level,include_eukaryotic,vertebrates,True
VPF-Class,VPF-Class,Host-taxon classification,Poxviridae,Chitovirales,dsDNA,DNA,V,Alphaentomopoxvirus; Avipoxvirus; Betaentomopoxvirus; Capripoxvirus; Cervidpoxvirus; Leporipoxvirus; Molluscipoxvirus; Orthopoxvirus; Parapoxvirus; Poxviridae; Yatapoxvirus,3603,input_original/manual_downloads/VPF_Class/2019_VPF_FamTax_REclassification_new.tsv; input_original/manual_downloads/VPF_Class/2019_VPF_GenTax_REclassification_new.tsv,exact_current_family_or_family_level_taxon; exact_current_genus_unique_family,confirmed_profile_level_source_not_record_level,include_eukaryotic,invertebrates; vertebrates,True
VPF-Class,VPF-Class,Host-taxon classification,Circoviridae,Cirlivirales,ssDNA; ssDNA(+/-),DNA,V,Circoviridae; Circovirus,6,input_original/manual_downloads/VPF_Class/2019_VPF_FamTax_REclassification_new.tsv; input_original/manual_downloads/VPF_Class/2019_VPF_GenTax_REclassification_new.tsv,exact_current_family_or_family_level_taxon; exact_current_genus_unique_family,confirmed_profile_level_source_not_record_level,include_eukaryotic,invertebrates; plants (s); vertebrates,True
VPF-Class,VPF-Class,Host-taxon classification,Geminiviridae,Geplafuvirales,ssDNA; ssDNA(+/-),DNA,V,Becurtovirus; Begomovirus; Curtovirus; Geminiviridae; Mastrevirus,15,input_original/manual_downloads/VPF_Class/2019_VPF_FamTax_REclassification_new.tsv; input_original/manual_downloads/VPF_Class/2019_VPF_GenTax_REclassification_new.tsv,exact_current_family_or_family_level_taxon; exact_current_genus_unique_family,confirmed_profile_level_source_not_record_level,include_eukaryotic,"invertebrates; invertebrates, plants; plants",True
VPF-Class,VPF-Class,Host-taxon classification,Megabirnaviridae,Ghabrivirales,dsRNA,RNA,V,Megabirnaviridae; Megabirnavirus,48,input_original/manual_downloads/VPF_Class/2019_VPF_FamTax_REclassification_new.tsv; input_original/manual_downloads/VPF_Class/2019_VPF_GenTax_REclassification_new.tsv,exact_current_family_or_family_level_taxon; exact_current_genus_unique_family,confirmed_profile_level_source_not_record_level,include_eukaryotic,fungi,True
VPF-Class,VPF-Class,Host-taxon classification,Alloherpesviridae,Herpesvirales,dsDNA,DNA,V,Alloherpesviridae,2891,input_original/manual_downloads/VPF_Class/2019_VPF_FamTax_REclassification_new.tsv,exact_current_family_or_family_level_taxon,confirmed_profile_level_source_not_record_level,include_eukaryotic,vertebrates,True
VPF-Class,VPF-Class,Host-taxon classification,Malacoherpesviridae,Herpesvirales,dsDNA,DNA,V,Malacoherpesviridae; Ostreavirus,201,input_original/manual_downloads/VPF_Class/2019_VPF_FamTax_REclassification_new.tsv; input_original/manual_downloads/VPF_Class/2019_VPF_GenTax_REclassification_new.tsv,exact_current_family_or_family_level_taxon; exact_current_genus_unique_family,confirmed_profile_level_source_not_record_level,include_eukaryotic,invertebrates,True
VPF-Class,VPF-Class,Host-taxon classification,Orthoherpesviridae,Herpesvirales,dsDNA,DNA,V,Cytomegalovirus; Iltovirus; Lymphocryptovirus; Macavirus; Mardivirus; Muromegalovirus; Percavirus; Proboscivirus; Rhadinovirus; Roseolovirus; Simplexvirus; Varicellovirus,2349,input_original/manual_downloads/VPF_Class/2019_VPF_GenTax_REclassification_new.tsv,exact_current_genus_unique_family,confirmed_profile_level_source_not_record_level,include_eukaryotic,vertebrates,True
VPF-Class,VPF-Class,Host-taxon classification,Mimiviridae,Imitervirales,dsDNA,DNA,V,Catovirus; Mimiviridae; Mimivirus,9592,input_original/manual_downloads/VPF_Class/2019_VPF_FamTax_REclassification_new.tsv; input_original/manual_downloads/VPF_Class/2019_VPF_GenTax_REclassification_new.tsv,exact_current_family_or_family_level_taxon; exact_current_genus_unique_family,confirmed_profile_level_source_not_record_level,include_eukaryotic,protists,True
VPF-Class,VPF-Class,Host-taxon classification,Baculoviridae,Lefavirales,dsDNA,DNA,V,Alphabaculovirus; Baculoviridae; Betabaculovirus; Gammabaculovirus,4271,input_original/manual_downloads/VPF_Class/2019_VPF_FamTax_REclassification_new.tsv; input_original/manual_downloads/VPF_Class/2019_VPF_GenTax_REclassification_new.tsv,exact_current_family_or_family_level_taxon; exact_current_genus_unique_family,confirmed_profile_level_source_not_record_level,include_eukaryotic,invertebrates,True
VPF-Class,VPF-Class,Host-taxon classification,Hytrosaviridae,Lefavirales,dsDNA,DNA,V,Glossinavirus; Hytrosaviridae,410,input_original/manual_downloads/VPF_Class/2019_VPF_FamTax_REclassification_new.tsv; input_original/manual_downloads/VPF_Class/2019_VPF_GenTax_REclassification_new.tsv,exact_current_family_or_family_level_taxon; exact_current_genus_unique_family,confirmed_profile_level_source_not_record_level,include_eukaryotic,invertebrates,True
VPF-Class,VPF-Class,Host-taxon classification,Nudiviridae,Lefavirales,dsDNA,DNA,V,Nudiviridae,1092,input_original/manual_downloads/VPF_Class/2019_VPF_FamTax_REclassification_new.tsv,exact_current_family_or_family_level_taxon,confirmed_profile_level_source_not_record_level,include_eukaryotic,invertebrates,True
VPF-Class,VPF-Class,Host-taxon classification,Sputniviroviridae,Mividavirales,dsDNA,DNA,V,Sputnikvirus,127,input_original/manual_downloads/VPF_Class/2019_VPF_GenTax_REclassification_new.tsv,exact_current_genus_unique_family,confirmed_profile_level_source_not_record_level,include_eukaryotic,protists,True
VPF-Class,VPF-Class,Host-taxon classification,Nanoviridae,Mulpavirales,ssDNA(+),DNA,V,Babuvirus; Nanoviridae; Nanovirus,20,input_original/manual_downloads/VPF_Class/2019_VPF_FamTax_REclassification_new.tsv; input_original/manual_downloads/VPF_Class/2019_VPF_GenTax_REclassification_new.tsv,exact_current_family_or_family_level_taxon; exact_current_genus_unique_family,confirmed_profile_level_source_not_record_level,include_eukaryotic,plants,True
VPF-Class,VPF-Class,Host-taxon classification,Caulimoviridae,Ortervirales,dsDNA; dsDNA-RT,Reverse-transcribing,V,Badnavirus; Caulimoviridae; Caulimovirus; Soymovirus; Tungrovirus,520,input_original/manual_downloads/VPF_Class/2019_VPF_FamTax_REclassification_new.tsv; input_original/manual_downloads/VPF_Class/2019_VPF_GenTax_REclassification_new.tsv,exact_current_family_or_family_level_taxon; exact_current_genus_unique_family,confirmed_profile_level_source_not_record_level,include_eukaryotic,plants,True
VPF-Class,VPF-Class,Host-taxon classification,Retroviridae,Ortervirales,ssRNA-RT,Reverse-transcribing,V,Deltaretrovirus; Lentivirus; Retroviridae,94,input_original/manual_downloads/VPF_Class/2019_VPF_FamTax_REclassification_new.tsv; input_original/manual_downloads/VPF_Class/2019_VPF_GenTax_REclassification_new.tsv,exact_current_family_or_family_level_taxon; exact_current_genus_unique_family,confirmed_profile_level_source_not_record_level,include_eukaryotic,vertebrates,True
VPF-Class,VPF-Class,Host-taxon classification,Parvoviridae,Piccovirales,ssDNA; ssDNA(+/-),DNA,V,Bocaparvovirus; Iteradensovirus; Parvoviridae,187,input_original/manual_downloads/VPF_Class/2019_VPF_FamTax_REclassification_new.tsv; input_original/manual_downloads/VPF_Class/2019_VPF_GenTax_REclassification_new.tsv,exact_current_family_or_family_level_taxon; exact_current_genus_unique_family,confirmed_profile_level_source_not_record_level,include_eukaryotic,"invertebrates; invertebrates, vertebrates; vertebrates",True
VPF-Class,VPF-Class,Host-taxon classification,Ascoviridae,Pimascovirales,dsDNA,DNA,V,Ascoviridae; Ascovirus,375,input_original/manual_downloads/VPF_Class/2019_VPF_FamTax_REclassification_new.tsv; input_original/manual_downloads/VPF_Class/2019_VPF_GenTax_REclassification_new.tsv,exact_current_family_or_family_level_taxon; exact_current_genus_unique_family,confirmed_profile_level_source_not_record_level,include_eukaryotic,invertebrates,True
VPF-Class,VPF-Class,Host-taxon classification,Iridoviridae,Pimascovirales,dsDNA,DNA,V,Chloriridovirus; Iridoviridae; Iridovirus; Lymphocystivirus; Megalocytivirus; Ranavirus,3900,input_original/manual_downloads/VPF_Class/2019_VPF_FamTax_REclassification_new.tsv; input_original/manual_downloads/VPF_Class/2019_VPF_GenTax_REclassification_new.tsv,exact_current_family_or_family_level_taxon; exact_current_genus_unique_family,confirmed_profile_level_source_not_record_level,include_eukaryotic,invertebrates; vertebrates,True
VPF-Class,VPF-Class,Host-taxon classification,Marseilleviridae,Pimascovirales,dsDNA,DNA,V,Marseilleviridae; Marseillevirus,2118,input_original/manual_downloads/VPF_Class/2019_VPF_FamTax_REclassification_new.tsv; input_original/manual_downloads/VPF_Class/2019_VPF_GenTax_REclassification_new.tsv,exact_current_family_or_family_level_taxon; exact_current_genus_unique_family,confirmed_profile_level_source_not_record_level,include_eukaryotic,protists,True
VPF-Class,VPF-Class,Host-taxon classification,Pithoviridae,Pimascovirales,dsDNA,DNA,V,Pithoviridae,1199,input_original/manual_downloads/VPF_Class/2019_VPF_FamTax_REclassification_new.tsv,exact_current_family_or_family_level_taxon,confirmed_profile_level_source_not_record_level,include_eukaryotic,protists,True
VPF-Class,VPF-Class,Host-taxon classification,Bidnaviridae,Polivirales,ssDNA(+/-),DNA,V,Bidensovirus; Bidnaviridae,814,input_original/manual_downloads/VPF_Class/2019_VPF_FamTax_REclassification_new.tsv; input_original/manual_downloads/VPF_Class/2019_VPF_GenTax_REclassification_new.tsv,exact_current_family_or_family_level_taxon; exact_current_genus_unique_family,confirmed_profile_level_source_not_record_level,include_eukaryotic,invertebrates,True
VPF-Class,VPF-Class,Host-taxon classification,Adenoviridae,Rowavirales,dsDNA,DNA,V,Adenoviridae; Aviadenovirus; Mastadenovirus; Siadenovirus,711,input_original/manual_downloads/VPF_Class/2019_VPF_FamTax_REclassification_new.tsv; input_original/manual_downloads/VPF_Class/2019_VPF_GenTax_REclassification_new.tsv,exact_current_family_or_family_level_taxon; exact_current_genus_unique_family,confirmed_profile_level_source_not_record_level,include_eukaryotic,vertebrates,True
VPF-Class,VPF-Class,Host-taxon classification,Anelloviridae,Sanitavirales,ssDNA(+/-); ssDNA(-),DNA,V,Alphatorquevirus; Anelloviridae; Betatorquevirus; Gammatorquevirus; Gyrovirus; Iotatorquevirus; Lambdatorquevirus; Thetatorquevirus,33,input_original/manual_downloads/VPF_Class/2019_VPF_FamTax_REclassification_new.tsv; input_original/manual_downloads/VPF_Class/2019_VPF_GenTax_REclassification_new.tsv,exact_current_family_or_family_level_taxon; exact_current_genus_unique_family,confirmed_profile_level_source_not_record_level,include_eukaryotic,invertebrates; vertebrates,True
VPF-Class,VPF-Class,Host-taxon classification,Polyomaviridae,Sepolyvirales,dsDNA,DNA,V,Betapolyomavirus; Gammapolyomavirus; Polyomaviridae,5,input_original/manual_downloads/VPF_Class/2019_VPF_FamTax_REclassification_new.tsv; input_original/manual_downloads/VPF_Class/2019_VPF_GenTax_REclassification_new.tsv,exact_current_family_or_family_level_taxon; exact_current_genus_unique_family,confirmed_profile_level_source_not_record_level,include_eukaryotic,vertebrates,True
VPF-Class,VPF-Class,Host-taxon classification,Papillomaviridae,Zurhausenvirales,dsDNA,DNA,V,Alphapapillomavirus; Betapapillomavirus; Deltapapillomavirus; Dyoiotapapillomavirus; Dyonupapillomavirus; Kappapapillomavirus; Papillomaviridae; Pipapillomavirus; Rhopapillomavirus,55,input_original/manual_downloads/VPF_Class/2019_VPF_FamTax_REclassification_new.tsv; input_original/manual_downloads/VPF_Class/2019_VPF_GenTax_REclassification_new.tsv,exact_current_family_or_family_level_taxon; exact_current_genus_unique_family,confirmed_profile_level_source_not_record_level,include_eukaryotic,vertebrates,True
VPF-Class,VPF-Class,Host-taxon classification,Nimaviridae,,dsDNA,DNA,V,Nimaviridae; Whispovirus,934,input_original/manual_downloads/VPF_Class/2019_VPF_FamTax_REclassification_new.tsv; input_original/manual_downloads/VPF_Class/2019_VPF_GenTax_REclassification_new.tsv,exact_current_family_or_family_level_taxon; exact_current_genus_unique_family,confirmed_profile_level_source_not_record_level,include_eukaryotic,invertebrates,False
VPF-Class,VPF-Class,Host-taxon classification,Polydnaviriformidae,,dsDNA,DNA,V,Polydnaviridae,548,input_original/manual_downloads/VPF_Class/2019_VPF_FamTax_REclassification_new.tsv,manual_direct_successor_family_level_taxon,confirmed_profile_level_source_not_record_level,include_eukaryotic,invertebrates,False
DeePaC-vir,DeePaC-vir,Human-infectivity prediction,Phycodnaviridae,Algavirales,dsDNA,DNA,S,Phycodnaviridae,27,input_original/manual_downloads/DeePaC_vir/zenodo_4312525/*.rds,lineage_family_token,confirmed_from_audited_mapping_table,include_eukaryotic,algae; protists,True
DeePaC-vir,DeePaC-vir,Human-infectivity prediction,Flaviviridae,Amarillovirales,ssRNA(+),RNA,S,Flaviviridae,136,input_original/manual_downloads/DeePaC_vir/zenodo_4312525/*.rds,lineage_family_token; local_taxid_mapping_Species.taxid,confirmed_from_audited_mapping_table,include_eukaryotic,"invertebrates; invertebrates, vertebrates; vertebrates",True
DeePaC-vir,DeePaC-vir,Human-infectivity prediction,Hepaciviridae,Amarillovirales,ssRNA(+),RNA,S,Hepaciviridae,1,input_original/manual_downloads/DeePaC_vir/zenodo_4312525/*.rds,local_taxid_mapping_Species.taxid,confirmed_from_audited_mapping_table,include_eukaryotic,vertebrates,True
DeePaC-vir,DeePaC-vir,Human-infectivity prediction,Pestiviridae,Amarillovirales,ssRNA(+),RNA,S,Pestiviridae,3,input_original/manual_downloads/DeePaC_vir/zenodo_4312525/*.rds,local_taxid_mapping_Species.taxid,confirmed_from_audited_mapping_table,include_eukaryotic,invertebrates; plants; vertebrates,True
DeePaC-vir,DeePaC-vir,Human-infectivity prediction,Phypoliviridae,Archintovirales,dsDNA,DNA,S,Phypoliviridae,1,input_original/manual_downloads/DeePaC_vir/zenodo_4312525/*.rds,local_taxid_mapping_Species.taxid,confirmed_from_audited_mapping_table,include_eukaryotic,protists,True
DeePaC-vir,DeePaC-vir,Human-infectivity prediction,Amnoonviridae,Articulavirales,ssRNA(-),RNA,S,Amnoonviridae,1,input_original/manual_downloads/DeePaC_vir/zenodo_4312525/*.rds,lineage_family_token,confirmed_from_audited_mapping_table,include_eukaryotic,vertebrates,True
DeePaC-vir,DeePaC-vir,Human-infectivity prediction,Orthomyxoviridae,Articulavirales,ssRNA(-),RNA,S,Orthomyxoviridae,10,input_original/manual_downloads/DeePaC_vir/zenodo_4312525/*.rds,lineage_family_token,confirmed_from_audited_mapping_table,include_eukaryotic,"invertebrates; invertebrates, vertebrates; vertebrates",True
DeePaC-vir,DeePaC-vir,Human-infectivity prediction,Asfarviridae,Asfuvirales,dsDNA,DNA,S,Asfarviridae,1,input_original/manual_downloads/DeePaC_vir/zenodo_4312525/*.rds,lineage_family_token,confirmed_from_audited_mapping_table,include_eukaryotic,"invertebrates, vertebrates",True
DeePaC-vir,DeePaC-vir,Human-infectivity prediction,Bacilladnaviridae,Baphyvirales,ssDNA(+/-),DNA,S,Bacilladnaviridae,7,input_original/manual_downloads/DeePaC_vir/zenodo_4312525/*.rds,lineage_family_token,confirmed_from_audited_mapping_table,include_eukaryotic,invertebrates; marine (s); protists,True
DeePaC-vir,DeePaC-vir,Human-infectivity prediction,Hepadnaviridae,Blubervirales,dsDNA-RT,Reverse-transcribing,S,Hepadnaviridae,16,input_original/manual_downloads/DeePaC_vir/zenodo_4312525/*.rds,lineage_family_token,confirmed_from_audited_mapping_table,include_eukaryotic,vertebrates,True
DeePaC-vir,DeePaC-vir,Human-infectivity prediction,Poxviridae,Chitovirales,dsDNA,DNA,S,Poxviridae,51,input_original/manual_downloads/DeePaC_vir/zenodo_4312525/*.rds,lineage_family_token,confirmed_from_audited_mapping_table,include_eukaryotic,invertebrates; vertebrates,True
DeePaC-vir,DeePaC-vir,Human-infectivity prediction,Circoviridae,Cirlivirales,ssDNA; ssDNA(+/-),DNA,S,Circoviridae,176,input_original/manual_downloads/DeePaC_vir/zenodo_4312525/*.rds,lineage_family_token,confirmed_from_audited_mapping_table,include_eukaryotic,invertebrates; plants (s); vertebrates,True
DeePaC-vir,DeePaC-vir,Human-infectivity prediction,Endolinaviridae,Cirlivirales,ssDNA(+/-),DNA,S,Endolinaviridae,3,input_original/manual_downloads/DeePaC_vir/zenodo_4312525/*.rds,local_taxid_mapping_Species.taxid; vmr_exact_Species,confirmed_from_audited_mapping_table,include_eukaryotic,vertebrates,True
DeePaC-vir,DeePaC-vir,Human-infectivity prediction,Vilyaviridae,Cirlivirales,ssDNA; ssDNA(+/-),DNA,S,Vilyaviridae,3,input_original/manual_downloads/DeePaC_vir/zenodo_4312525/*.rds,vmr_exact_Species; vmr_refseq_accession,confirmed_from_audited_mapping_table,include_eukaryotic,protists (s); vertebrates,True
DeePaC-vir,DeePaC-vir,Human-infectivity prediction,Amalgaviridae,Durnavirales,dsRNA,RNA,S,Amalgaviridae,23,input_original/manual_downloads/DeePaC_vir/zenodo_4312525/*.rds,lineage_family_token; local_taxid_mapping_Species.taxid,confirmed_from_audited_mapping_table,include_eukaryotic,fungi; plants,True
DeePaC-vir,DeePaC-vir,Human-infectivity prediction,Curvulaviridae,Durnavirales,dsRNA,RNA,S,Curvulaviridae,4,input_original/manual_downloads/DeePaC_vir/zenodo_4312525/*.rds,local_taxid_mapping_Species.taxid,confirmed_from_audited_mapping_table,include_eukaryotic,fungi,True
DeePaC-vir,DeePaC-vir,Human-infectivity prediction,Partitiviridae,Durnavirales,dsRNA,RNA,S,Partitiviridae,73,input_original/manual_downloads/DeePaC_vir/zenodo_4312525/*.rds,lineage_family_token,confirmed_from_audited_mapping_table,include_eukaryotic,fungi; plants; protists,True
DeePaC-vir,DeePaC-vir,Human-infectivity prediction,Fimoviridae,Elliovirales,ssRNA(-),RNA,S,Fimoviridae,9,input_original/manual_downloads/DeePaC_vir/zenodo_4312525/*.rds,lineage_family_token,confirmed_from_audited_mapping_table,include_eukaryotic,plants,True
DeePaC-vir,DeePaC-vir,Human-infectivity prediction,Hantaviridae,Elliovirales,ssRNA(-),RNA,S,Hantaviridae,36,input_original/manual_downloads/DeePaC_vir/zenodo_4312525/*.rds,lineage_family_token,confirmed_from_audited_mapping_table,include_eukaryotic,vertebrates,True
DeePaC-vir,DeePaC-vir,Human-infectivity prediction,Peribunyaviridae,Elliovirales,ssRNA(-),RNA,S,Peribunyaviridae,56,input_original/manual_downloads/DeePaC_vir/zenodo_4312525/*.rds,lineage_family_token,confirmed_from_audited_mapping_table,include_eukaryotic,"invertebrates; invertebrates, vertebrates; vertebrates",True
DeePaC-vir,DeePaC-vir,Human-infectivity prediction,Phasmaviridae,Elliovirales,ssRNA; ssRNA(-),RNA,S,Phasmaviridae,7,input_original/manual_downloads/DeePaC_vir/zenodo_4312525/*.rds,lineage_family_token,confirmed_from_audited_mapping_table,include_eukaryotic,invertebrates; invertebrates (s),True
DeePaC-vir,DeePaC-vir,Human-infectivity prediction,Tospoviridae,Elliovirales,ssRNA(+/-),RNA,S,Tospoviridae,11,input_original/manual_downloads/DeePaC_vir/zenodo_4312525/*.rds,lineage_family_token,confirmed_from_audited_mapping_table,include_eukaryotic,"invertebrates, plants",True
DeePaC-vir,DeePaC-vir,Human-infectivity prediction,Geminiviridae,Geplafuvirales,ssDNA; ssDNA(+/-),DNA,S,Geminiviridae,518,input_original/manual_downloads/DeePaC_vir/zenodo_4312525/*.rds,lineage_family_token,confirmed_from_audited_mapping_table,include_eukaryotic,"invertebrates; invertebrates, plants; plants",True
DeePaC-vir,DeePaC-vir,Human-infectivity prediction,Genomoviridae,Geplafuvirales,ssDNA(+/-),DNA,S,Genomoviridae,90,input_original/manual_downloads/DeePaC_vir/zenodo_4312525/*.rds,lineage_family_token,confirmed_from_audited_mapping_table,include_eukaryotic,"fungi; invertebrates; invertebrates, vertebrates; plants; sewage (s); vertebrates",True
DeePaC-vir,DeePaC-vir,Human-infectivity prediction,Geplanaviridae,Geplafuvirales,ssDNA(+/-),DNA,S,Geplanaviridae,5,input_original/manual_downloads/DeePaC_vir/zenodo_4312525/*.rds,local_taxid_mapping_Species.taxid; vmr_exact_Species,confirmed_from_audited_mapping_table,include_eukaryotic,air (s); freshwater (s); invertebrates; plants; vertebrates,True
DeePaC-vir,DeePaC-vir,Human-infectivity prediction,Alternaviridae,Ghabrivirales,dsRNA,RNA,S,Alternaviridae,5,input_original/manual_downloads/DeePaC_vir/zenodo_4312525/*.rds,local_taxid_mapping_Species.taxid; vmr_exact_Species,confirmed_from_audited_mapping_table,include_eukaryotic,fungi,True
DeePaC-vir,DeePaC-vir,Human-infectivity prediction,Artiviridae,Ghabrivirales,dsRNA,RNA,S,Artiviridae,1,input_original/manual_downloads/DeePaC_vir/zenodo_4312525/*.rds,local_taxid_mapping_Species.taxid,confirmed_from_audited_mapping_table,include_eukaryotic,invertebrates,True
DeePaC-vir,DeePaC-vir,Human-infectivity prediction,Botybirnaviridae,Ghabrivirales,dsRNA,RNA,S,Botybirnaviridae,3,input_original/manual_downloads/DeePaC_vir/zenodo_4312525/*.rds,local_taxid_mapping_Species.taxid,confirmed_from_audited_mapping_table,include_eukaryotic,fungi; protists (s),True
DeePaC-vir,DeePaC-vir,Human-infectivity prediction,Chrysoviridae,Ghabrivirales,dsRNA,RNA,S,Chrysoviridae,14,input_original/manual_downloads/DeePaC_vir/zenodo_4312525/*.rds,lineage_family_token,confirmed_from_audited_mapping_table,include_eukaryotic,fungi; invertebrates (s); plants (s),True
DeePaC-vir,DeePaC-vir,Human-infectivity prediction,Fusagraviridae,Ghabrivirales,dsRNA,RNA,S,Fusagraviridae,7,input_original/manual_downloads/DeePaC_vir/zenodo_4312525/*.rds,local_taxid_mapping_Species.taxid; vmr_exact_Species,confirmed_from_audited_mapping_table,include_eukaryotic,fungi; plants; protists,True
DeePaC-vir,DeePaC-vir,Human-infectivity prediction,Giardiaviridae,Ghabrivirales,dsRNA,RNA,S,Giardiaviridae,2,input_original/manual_downloads/DeePaC_vir/zenodo_4312525/*.rds,local_taxid_mapping_Species.taxid,confirmed_from_audited_mapping_table,include_eukaryotic,protists,True
DeePaC-vir,DeePaC-vir,Human-infectivity prediction,Inseviridae,Ghabrivirales,dsRNA,RNA,S,Inseviridae,5,input_original/manual_downloads/DeePaC_vir/zenodo_4312525/*.rds,local_taxid_mapping_Species.taxid,confirmed_from_audited_mapping_table,include_eukaryotic,invertebrates,True
DeePaC-vir,DeePaC-vir,Human-infectivity prediction,Lebotiviridae,Ghabrivirales,dsRNA,RNA,S,Lebotiviridae,1,input_original/manual_downloads/DeePaC_vir/zenodo_4312525/*.rds,local_taxid_mapping_Species.taxid,confirmed_from_audited_mapping_table,include_eukaryotic,invertebrates,True
DeePaC-vir,DeePaC-vir,Human-infectivity prediction,Megabirnaviridae,Ghabrivirales,dsRNA,RNA,S,Megabirnaviridae,3,input_original/manual_downloads/DeePaC_vir/zenodo_4312525/*.rds,lineage_family_token,confirmed_from_audited_mapping_table,include_eukaryotic,fungi,True
DeePaC-vir,DeePaC-vir,Human-infectivity prediction,Monocitiviridae,Ghabrivirales,dsRNA,RNA,S,Monocitiviridae,1,input_original/manual_downloads/DeePaC_vir/zenodo_4312525/*.rds,local_taxid_mapping_Species.taxid,confirmed_from_audited_mapping_table,include_eukaryotic,fungi,True
DeePaC-vir,DeePaC-vir,Human-infectivity prediction,Ootiviridae,Ghabrivirales,dsRNA,RNA,S,Ootiviridae,1,input_original/manual_downloads/DeePaC_vir/zenodo_4312525/*.rds,local_taxid_mapping_Species.taxid,confirmed_from_audited_mapping_table,include_eukaryotic,protists; protists (s),True
DeePaC-vir,DeePaC-vir,Human-infectivity prediction,Orthototiviridae,Ghabrivirales,dsRNA,RNA,S,Orthototiviridae,43,input_original/manual_downloads/DeePaC_vir/zenodo_4312525/*.rds,local_taxid_mapping_Species.taxid,confirmed_from_audited_mapping_table,include_eukaryotic,fungi; invertebrates; plants; protists (s),True
DeePaC-vir,DeePaC-vir,Human-infectivity prediction,Phlegiviridae,Ghabrivirales,dsRNA,RNA,S,Phlegiviridae,2,input_original/manual_downloads/DeePaC_vir/zenodo_4312525/*.rds,local_taxid_mapping_Species.taxid,confirmed_from_audited_mapping_table,include_eukaryotic,fungi,True
DeePaC-vir,DeePaC-vir,Human-infectivity prediction,Pistolviridae,Ghabrivirales,dsRNA,RNA,S,Pistolviridae,2,input_original/manual_downloads/DeePaC_vir/zenodo_4312525/*.rds,local_taxid_mapping_Species.taxid,confirmed_from_audited_mapping_table,include_eukaryotic,vertebrates,True
DeePaC-vir,DeePaC-vir,Human-infectivity prediction,Pseudototiviridae,Ghabrivirales,dsRNA,RNA,S,Pseudototiviridae,37,input_original/manual_downloads/DeePaC_vir/zenodo_4312525/*.rds,local_taxid_mapping_Species.taxid; local_taxid_mapping_virus.tax.id,confirmed_from_audited_mapping_table,include_eukaryotic,fungi; protists; vertebrates,True
DeePaC-vir,DeePaC-vir,Human-infectivity prediction,Quadriviridae,Ghabrivirales,dsRNA,RNA,S,Quadriviridae,1,input_original/manual_downloads/DeePaC_vir/zenodo_4312525/*.rds,lineage_family_token,confirmed_from_audited_mapping_table,include_eukaryotic,fungi,True
DeePaC-vir,DeePaC-vir,Human-infectivity prediction,Spiciviridae,Ghabrivirales,dsRNA,RNA,S,Spiciviridae,4,input_original/manual_downloads/DeePaC_vir/zenodo_4312525/*.rds,local_taxid_mapping_Species.taxid,confirmed_from_audited_mapping_table,include_eukaryotic,invertebrates; plants,True
DeePaC-vir,DeePaC-vir,Human-infectivity prediction,Ouroboviridae,Gredzevirales,ssDNA(+/-),DNA,S,Ouroboviridae,1,input_original/manual_downloads/DeePaC_vir/zenodo_4312525/*.rds,local_taxid_mapping_Species.taxid,confirmed_from_audited_mapping_table,include_eukaryotic,freshwater (s); invertebrates; marine (s); plants; protists; vertebrates,True
DeePaC-vir,DeePaC-vir,Human-infectivity prediction,Arenaviridae,Hareavirales,ssRNA(+/-); ssRNA(-),RNA,S,Arenaviridae,45,input_original/manual_downloads/DeePaC_vir/zenodo_4312525/*.rds,lineage_family_token,confirmed_from_audited_mapping_table,include_eukaryotic,freshwater (s); vertebrates,True
DeePaC-vir,DeePaC-vir,Human-infectivity prediction,Nairoviridae,Hareavirales,ssRNA(-),RNA,S,Nairoviridae,21,input_original/manual_downloads/DeePaC_vir/zenodo_4312525/*.rds,lineage_family_token; local_taxid_mapping_Species.taxid; vmr_exact_Species,confirmed_from_audited_mapping_table,include_eukaryotic,"invertebrates; invertebrates, vertebrates; vertebrates",True
DeePaC-vir,DeePaC-vir,Human-infectivity prediction,Phenuiviridae,Hareavirales,ssRNA(+/-); ssRNA(-),RNA,S,Phenuiviridae,41,input_original/manual_downloads/DeePaC_vir/zenodo_4312525/*.rds,lineage_family_token; local_taxid_mapping_virus.tax.id,confirmed_from_audited_mapping_table,include_eukaryotic,"fungi; invertebrates; invertebrates, plants; invertebrates, vertebrates; plants; protists; soil (s); vertebrates",True
DeePaC-vir,DeePaC-vir,Human-infectivity prediction,Alphatetraviridae,Hepelivirales,ssRNA(+),RNA,S,Alphatetraviridae,6,input_original/manual_downloads/DeePaC_vir/zenodo_4312525/*.rds,lineage_family_token,confirmed_from_audited_mapping_table,include_eukaryotic,invertebrates,True
DeePaC-vir,DeePaC-vir,Human-infectivity prediction,Benyviridae,Hepelivirales,ssRNA(+),RNA,S,Benyviridae,5,input_original/manual_downloads/DeePaC_vir/zenodo_4312525/*.rds,lineage_family_token,confirmed_from_audited_mapping_table,include_eukaryotic,plants,True
DeePaC-vir,DeePaC-vir,Human-infectivity prediction,Hepeviridae,Hepelivirales,ssRNA(+); ssRNA(+/-),RNA,S,Hepeviridae,7,input_original/manual_downloads/DeePaC_vir/zenodo_4312525/*.rds,lineage_family_token,confirmed_from_audited_mapping_table,include_eukaryotic,vertebrates,True
DeePaC-vir,DeePaC-vir,Human-infectivity prediction,Matonaviridae,Hepelivirales,ssRNA(+),RNA,S,Matonaviridae,1,input_original/manual_downloads/DeePaC_vir/zenodo_4312525/*.rds,lineage_family_token,confirmed_from_audited_mapping_table,include_eukaryotic,vertebrates,True
DeePaC-vir,DeePaC-vir,Human-infectivity prediction,Alloherpesviridae,Herpesvirales,dsDNA,DNA,S,Alloherpesviridae,10,input_original/manual_downloads/DeePaC_vir/zenodo_4312525/*.rds,lineage_family_token; local_taxid_mapping_Species.taxid,confirmed_from_audited_mapping_table,include_eukaryotic,vertebrates,True
DeePaC-vir,DeePaC-vir,Human-infectivity prediction,Malacoherpesviridae,Herpesvirales,dsDNA,DNA,S,Malacoherpesviridae,3,input_original/manual_downloads/DeePaC_vir/zenodo_4312525/*.rds,lineage_family_token,confirmed_from_audited_mapping_table,include_eukaryotic,invertebrates,True
DeePaC-vir,DeePaC-vir,Human-infectivity prediction,Orthoherpesviridae,Herpesvirales,dsDNA,DNA,S,Orthoherpesviridae,84,input_original/manual_downloads/DeePaC_vir/zenodo_4312525/*.rds,local_taxid_mapping_Species.taxid; local_taxid_mapping_virus.tax.id; vmr_exact_Species; vmr_refseq_accession,confirmed_from_audited_mapping_table,include_eukaryotic,vertebrates,True
DeePaC-vir,DeePaC-vir,Human-infectivity prediction,Fusariviridae,Hypofuvirales,ssRNA(+),RNA,S,Fusariviridae,12,input_original/manual_downloads/DeePaC_vir/zenodo_4312525/*.rds,lineage_family_token; local_taxid_mapping_Species.taxid,confirmed_from_audited_mapping_table,include_eukaryotic,fungi; protists,True
DeePaC-vir,DeePaC-vir,Human-infectivity prediction,Hypoviridae,Hypofuvirales,ssRNA(+),RNA,S,Hypoviridae,16,input_original/manual_downloads/DeePaC_vir/zenodo_4312525/*.rds,lineage_family_token,confirmed_from_audited_mapping_table,include_eukaryotic,fungi; invertebrates,True
DeePaC-vir,DeePaC-vir,Human-infectivity prediction,Mimiviridae,Imitervirales,dsDNA,DNA,S,Mimiviridae,6,input_original/manual_downloads/DeePaC_vir/zenodo_4312525/*.rds,lineage_family_token,confirmed_from_audited_mapping_table,include_eukaryotic,protists,True
DeePaC-vir,DeePaC-vir,Human-infectivity prediction,Aliusviridae,Jingchuvirales,ssRNA(-),RNA,S,Aliusviridae,1,input_original/manual_downloads/DeePaC_vir/zenodo_4312525/*.rds,local_taxid_mapping_virus.tax.id,confirmed_from_audited_mapping_table,include_eukaryotic,invertebrates,True
DeePaC-vir,DeePaC-vir,Human-infectivity prediction,Chuviridae,Jingchuvirales,ssRNA(-),RNA,S,Chuviridae,9,input_original/manual_downloads/DeePaC_vir/zenodo_4312525/*.rds,lineage_family_token; local_taxid_mapping_Species.taxid; local_taxid_mapping_virus.tax.id,confirmed_from_audited_mapping_table,include_eukaryotic,invertebrates; vertebrates,True
DeePaC-vir,DeePaC-vir,Human-infectivity prediction,Natareviridae,Jingchuvirales,ssRNA(-),RNA,S,Natareviridae,1,input_original/manual_downloads/DeePaC_vir/zenodo_4312525/*.rds,local_taxid_mapping_virus.tax.id,confirmed_from_audited_mapping_table,include_eukaryotic,invertebrates,True
DeePaC-vir,DeePaC-vir,Human-infectivity prediction,Draupnirviridae,Jormunvirales,ssDNA(+/-),DNA,S,Draupnirviridae,3,input_original/manual_downloads/DeePaC_vir/zenodo_4312525/*.rds,local_taxid_mapping_Species.taxid; vmr_exact_Species; vmr_refseq_accession,confirmed_from_audited_mapping_table,include_eukaryotic,air (s); freshwater (s); invertebrates; invertebrates (s); marine (s); plants; sewage (s); vertebrates,True
DeePaC-vir,DeePaC-vir,Human-infectivity prediction,Maviroviridae,Lavidavirales,dsDNA,DNA,S,Maviroviridae,1,input_original/manual_downloads/DeePaC_vir/zenodo_4312525/*.rds,local_taxid_mapping_Species.taxid,confirmed_from_audited_mapping_table,include_eukaryotic,protists,True
DeePaC-vir,DeePaC-vir,Human-infectivity prediction,Baculoviridae,Lefavirales,dsDNA,DNA,S,Baculoviridae,82,input_original/manual_downloads/DeePaC_vir/zenodo_4312525/*.rds,lineage_family_token,confirmed_from_audited_mapping_table,include_eukaryotic,invertebrates,True
DeePaC-vir,DeePaC-vir,Human-infectivity prediction,Filamentoviridae,Lefavirales,dsDNA,DNA,S,Filamentoviridae,1,input_original/manual_downloads/DeePaC_vir/zenodo_4312525/*.rds,local_taxid_mapping_Species.taxid,confirmed_from_audited_mapping_table,include_eukaryotic,invertebrates,True
DeePaC-vir,DeePaC-vir,Human-infectivity prediction,Hytrosaviridae,Lefavirales,dsDNA,DNA,S,Hytrosaviridae,2,input_original/manual_downloads/DeePaC_vir/zenodo_4312525/*.rds,lineage_family_token,confirmed_from_audited_mapping_table,include_eukaryotic,invertebrates,True
DeePaC-vir,DeePaC-vir,Human-infectivity prediction,Nudiviridae,Lefavirales,dsDNA,DNA,S,Nudiviridae,9,input_original/manual_downloads/DeePaC_vir/zenodo_4312525/*.rds,lineage_family_token,confirmed_from_audited_mapping_table,include_eukaryotic,invertebrates,True
DeePaC-vir,DeePaC-vir,Human-infectivity prediction,Bromoviridae,Martellivirales,ssRNA(+),RNA,S,Bromoviridae,42,input_original/manual_downloads/DeePaC_vir/zenodo_4312525/*.rds,lineage_family_token,confirmed_from_audited_mapping_table,include_eukaryotic,plants,True
DeePaC-vir,DeePaC-vir,Human-infectivity prediction,Closteroviridae,Martellivirales,ssRNA(+),RNA,S,Closteroviridae,55,input_original/manual_downloads/DeePaC_vir/zenodo_4312525/*.rds,lineage_family_token,confirmed_from_audited_mapping_table,include_eukaryotic,plants,True
DeePaC-vir,DeePaC-vir,Human-infectivity prediction,Endornaviridae,Martellivirales,ssRNA(+),RNA,S,Endornaviridae,36,input_original/manual_downloads/DeePaC_vir/zenodo_4312525/*.rds,lineage_family_token,confirmed_from_audited_mapping_table,include_eukaryotic,fungi; plants; protists,True
DeePaC-vir,DeePaC-vir,Human-infectivity prediction,Kitaviridae,Martellivirales,ssRNA(+),RNA,S,Kitaviridae,5,input_original/manual_downloads/DeePaC_vir/zenodo_4312525/*.rds,lineage_family_token,confirmed_from_audited_mapping_table,include_eukaryotic,"invertebrates, plants; plants",True
DeePaC-vir,DeePaC-vir,Human-infectivity prediction,Mayoviridae,Martellivirales,ssRNA(+),RNA,S,Mayoviridae,4,input_original/manual_downloads/DeePaC_vir/zenodo_4312525/*.rds,local_taxid_mapping_Species.taxid,confirmed_from_audited_mapping_table,include_eukaryotic,plants,True
DeePaC-vir,DeePaC-vir,Human-infectivity prediction,Togaviridae,Martellivirales,ssRNA(+),RNA,S,Togaviridae,25,input_original/manual_downloads/DeePaC_vir/zenodo_4312525/*.rds,lineage_family_token,confirmed_from_audited_mapping_table,include_eukaryotic,"invertebrates; invertebrates, vertebrates; vertebrates",True
DeePaC-vir,DeePaC-vir,Human-infectivity prediction,Virgaviridae,Martellivirales,ssRNA(+),RNA,S,Virgaviridae,58,input_original/manual_downloads/DeePaC_vir/zenodo_4312525/*.rds,lineage_family_token,confirmed_from_audited_mapping_table,include_eukaryotic,plants,True
DeePaC-vir,DeePaC-vir,Human-infectivity prediction,Sputniviroviridae,Mividavirales,dsDNA,DNA,S,Sputniviroviridae,2,input_original/manual_downloads/DeePaC_vir/zenodo_4312525/*.rds,local_taxid_mapping_virus.tax.id,confirmed_from_audited_mapping_table,include_eukaryotic,protists,True
DeePaC-vir,DeePaC-vir,Human-infectivity prediction,Artoviridae,Mononegavirales,ssRNA(-),RNA,S,Artoviridae,1,input_original/manual_downloads/DeePaC_vir/zenodo_4312525/*.rds,lineage_family_token,confirmed_from_audited_mapping_table,include_eukaryotic,invertebrates; plants; vertebrates,True
DeePaC-vir,DeePaC-vir,Human-infectivity prediction,Bornaviridae,Mononegavirales,ssRNA(-),RNA,S,Bornaviridae,10,input_original/manual_downloads/DeePaC_vir/zenodo_4312525/*.rds,lineage_family_token,confirmed_from_audited_mapping_table,include_eukaryotic,vertebrates,True
DeePaC-vir,DeePaC-vir,Human-infectivity prediction,Filoviridae,Mononegavirales,ssRNA(-),RNA,S,Filoviridae,8,input_original/manual_downloads/DeePaC_vir/zenodo_4312525/*.rds,lineage_family_token,confirmed_from_audited_mapping_table,include_eukaryotic,vertebrates,True
DeePaC-vir,DeePaC-vir,Human-infectivity prediction,Lispiviridae,Mononegavirales,ssRNA(-),RNA,S,Lispiviridae,3,input_original/manual_downloads/DeePaC_vir/zenodo_4312525/*.rds,lineage_family_token; local_taxid_mapping_Species.taxid,confirmed_from_audited_mapping_table,include_eukaryotic,invertebrates; vertebrates,True
DeePaC-vir,DeePaC-vir,Human-infectivity prediction,Mymonaviridae,Mononegavirales,ssRNA(-),RNA,S,Mymonaviridae,2,input_original/manual_downloads/DeePaC_vir/zenodo_4312525/*.rds,lineage_family_token; local_taxid_mapping_Species.taxid,confirmed_from_audited_mapping_table,include_eukaryotic,fungi; invertebrates; invertebrates (s); phytobiome (s); protists; soil (s),True
DeePaC-vir,DeePaC-vir,Human-infectivity prediction,Nyamiviridae,Mononegavirales,ssRNA(-),RNA,S,Nyamiviridae,5,input_original/manual_downloads/DeePaC_vir/zenodo_4312525/*.rds,lineage_family_token,confirmed_from_audited_mapping_table,include_eukaryotic,"invertebrates; invertebrates, vertebrates; vertebrates",True
DeePaC-vir,DeePaC-vir,Human-infectivity prediction,Paramyxoviridae,Mononegavirales,ssRNA(-),RNA,S,Paramyxoviridae,63,input_original/manual_downloads/DeePaC_vir/zenodo_4312525/*.rds,lineage_family_token,confirmed_from_audited_mapping_table,include_eukaryotic,vertebrates,True
DeePaC-vir,DeePaC-vir,Human-infectivity prediction,Pneumoviridae,Mononegavirales,ssRNA(-),RNA,S,Pneumoviridae,6,input_original/manual_downloads/DeePaC_vir/zenodo_4312525/*.rds,lineage_family_token,confirmed_from_audited_mapping_table,include_eukaryotic,vertebrates,True
DeePaC-vir,DeePaC-vir,Human-infectivity prediction,Rhabdoviridae,Mononegavirales,ssRNA(-),RNA,S,Rhabdoviridae,177,input_original/manual_downloads/DeePaC_vir/zenodo_4312525/*.rds,lineage_family_token; local_taxid_mapping_Species.taxid,confirmed_from_audited_mapping_table,include_eukaryotic,"freshwater (s); invertebrates; invertebrates (s); invertebrates, plants; invertebrates, vertebrates; plants; soil (s); unknown (s); vertebrates",True
DeePaC-vir,DeePaC-vir,Human-infectivity prediction,Sunviridae,Mononegavirales,ssRNA(-),RNA,S,Sunviridae,1,input_original/manual_downloads/DeePaC_vir/zenodo_4312525/*.rds,lineage_family_token,confirmed_from_audited_mapping_table,include_eukaryotic,vertebrates,True
DeePaC-vir,DeePaC-vir,Human-infectivity prediction,Xinmoviridae,Mononegavirales,ssRNA(-),RNA,S,Xinmoviridae,2,input_original/manual_downloads/DeePaC_vir/zenodo_4312525/*.rds,lineage_family_token; local_taxid_mapping_Species.taxid,confirmed_from_audited_mapping_table,include_eukaryotic,invertebrates; vertebrates (s),True
DeePaC-vir,DeePaC-vir,Human-infectivity prediction,Amesuviridae,Mulpavirales,ssDNA(+/-),DNA,S,Amesuviridae,1,input_original/manual_downloads/DeePaC_vir/zenodo_4312525/*.rds,local_taxid_mapping_Species.taxid,confirmed_from_audited_mapping_table,include_eukaryotic,plants,True
DeePaC-vir,DeePaC-vir,Human-infectivity prediction,Anicreviridae,Mulpavirales,ssDNA(+/-),DNA,S,Anicreviridae,2,input_original/manual_downloads/DeePaC_vir/zenodo_4312525/*.rds,local_taxid_mapping_Species.taxid; vmr_exact_Species,confirmed_from_audited_mapping_table,include_eukaryotic,invertebrates; vertebrates; vertebrates (s),True
DeePaC-vir,DeePaC-vir,Human-infectivity prediction,Nanoviridae,Mulpavirales,ssDNA(+),DNA,S,Nanoviridae,14,input_original/manual_downloads/DeePaC_vir/zenodo_4312525/*.rds,lineage_family_token,confirmed_from_audited_mapping_table,include_eukaryotic,plants,True
DeePaC-vir,DeePaC-vir,Human-infectivity prediction,Aspiviridae,Naedrevirales,ssRNA(-),RNA,S,Aspiviridae,4,input_original/manual_downloads/DeePaC_vir/zenodo_4312525/*.rds,lineage_family_token,confirmed_from_audited_mapping_table,include_eukaryotic,plants,True
DeePaC-vir,DeePaC-vir,Human-infectivity prediction,Arteriviridae,Nidovirales,ssRNA(+),RNA,S,Arteriviridae,21,input_original/manual_downloads/DeePaC_vir/zenodo_4312525/*.rds,lineage_family_token,confirmed_from_audited_mapping_table,include_eukaryotic,vertebrates,True
DeePaC-vir,DeePaC-vir,Human-infectivity prediction,Coronaviridae,Nidovirales,ssRNA(+),RNA,S,Coronaviridae,49,input_original/manual_downloads/DeePaC_vir/zenodo_4312525/*.rds,lineage_family_token,confirmed_from_audited_mapping_table,include_eukaryotic,vertebrates,True
DeePaC-vir,DeePaC-vir,Human-infectivity prediction,Mesoniviridae,Nidovirales,ssRNA(+),RNA,S,Mesoniviridae,9,input_original/manual_downloads/DeePaC_vir/zenodo_4312525/*.rds,lineage_family_token,confirmed_from_audited_mapping_table,include_eukaryotic,invertebrates,True
DeePaC-vir,DeePaC-vir,Human-infectivity prediction,Mononiviridae,Nidovirales,ssRNA(+),RNA,S,Mononiviridae,1,input_original/manual_downloads/DeePaC_vir/zenodo_4312525/*.rds,lineage_family_token,confirmed_from_audited_mapping_table,include_eukaryotic,invertebrates,True
DeePaC-vir,DeePaC-vir,Human-infectivity prediction,Roniviridae,Nidovirales,ssRNA(+),RNA,S,Roniviridae,2,input_original/manual_downloads/DeePaC_vir/zenodo_4312525/*.rds,lineage_family_token,confirmed_from_audited_mapping_table,include_eukaryotic,invertebrates,True
DeePaC-vir,DeePaC-vir,Human-infectivity prediction,Tobaniviridae,Nidovirales,ssRNA(+),RNA,S,Tobaniviridae,9,input_original/manual_downloads/DeePaC_vir/zenodo_4312525/*.rds,lineage_family_token; local_taxid_mapping_virus.tax.id,confirmed_from_audited_mapping_table,include_eukaryotic,invertebrates (s); vertebrates,True
DeePaC-vir,DeePaC-vir,Human-infectivity prediction,Nodaviridae,Nodamuvirales,ssRNA(+),RNA,S,Nodaviridae,15,input_original/manual_downloads/DeePaC_vir/zenodo_4312525/*.rds,lineage_family_token,confirmed_from_audited_mapping_table,include_eukaryotic,invertebrates; vertebrates,True
DeePaC-vir,DeePaC-vir,Human-infectivity prediction,Sinhaliviridae,Nodamuvirales,ssRNA(+),RNA,S,Sinhaliviridae,7,input_original/manual_downloads/DeePaC_vir/zenodo_4312525/*.rds,local_taxid_mapping_Species.taxid,confirmed_from_audited_mapping_table,include_eukaryotic,invertebrates,True
DeePaC-vir,DeePaC-vir,Human-infectivity prediction,Caulimoviridae,Ortervirales,dsDNA; dsDNA-RT,Reverse-transcribing,S,Caulimoviridae,89,input_original/manual_downloads/DeePaC_vir/zenodo_4312525/*.rds,lineage_family_token,confirmed_from_audited_mapping_table,include_eukaryotic,plants,True
DeePaC-vir,DeePaC-vir,Human-infectivity prediction,Metaviridae,Ortervirales,ssRNA-RT,Reverse-transcribing,S,Metaviridae,1,input_original/manual_downloads/DeePaC_vir/zenodo_4312525/*.rds,lineage_family_token,confirmed_from_audited_mapping_table,include_eukaryotic,fungi; invertebrates; plants; protists; vertebrates,True
DeePaC-vir,DeePaC-vir,Human-infectivity prediction,Retroviridae,Ortervirales,ssRNA-RT,Reverse-transcribing,S,Retroviridae,87,input_original/manual_downloads/DeePaC_vir/zenodo_4312525/*.rds,lineage_family_token,confirmed_from_audited_mapping_table,include_eukaryotic,vertebrates,True
DeePaC-vir,DeePaC-vir,Human-infectivity prediction,Botourmiaviridae,Ourlivirales,ssRNA(+),RNA,S,Botourmiaviridae,4,input_original/manual_downloads/DeePaC_vir/zenodo_4312525/*.rds,lineage_family_token,confirmed_from_audited_mapping_table,include_eukaryotic,fungi; plants; unknown (s),True
DeePaC-vir,DeePaC-vir,Human-infectivity prediction,Potyviridae,Patatavirales,ssRNA(+),RNA,S,Potyviridae,160,input_original/manual_downloads/DeePaC_vir/zenodo_4312525/*.rds,lineage_family_token,confirmed_from_audited_mapping_table,include_eukaryotic,plants,True
DeePaC-vir,DeePaC-vir,Human-infectivity prediction,Parvoviridae,Piccovirales,ssDNA; ssDNA(+/-),DNA,S,Parvoviridae,121,input_original/manual_downloads/DeePaC_vir/zenodo_4312525/*.rds,lineage_family_token,confirmed_from_audited_mapping_table,include_eukaryotic,"invertebrates; invertebrates, vertebrates; vertebrates",True
DeePaC-vir,DeePaC-vir,Human-infectivity prediction,Caliciviridae,Picornavirales,ssRNA(+),RNA,S,Caliciviridae,27,input_original/manual_downloads/DeePaC_vir/zenodo_4312525/*.rds,lineage_family_token,confirmed_from_audited_mapping_table,include_eukaryotic,vertebrates,True
DeePaC-vir,DeePaC-vir,Human-infectivity prediction,Dicistroviridae,Picornavirales,ssRNA(+),RNA,S,Dicistroviridae,26,input_original/manual_downloads/DeePaC_vir/zenodo_4312525/*.rds,lineage_family_token,confirmed_from_audited_mapping_table,include_eukaryotic,invertebrates,True
DeePaC-vir,DeePaC-vir,Human-infectivity prediction,Iflaviridae,Picornavirales,ssRNA(+),RNA,S,Iflaviridae,42,input_original/manual_downloads/DeePaC_vir/zenodo_4312525/*.rds,lineage_family_token,confirmed_from_audited_mapping_table,include_eukaryotic,invertebrates,True
DeePaC-vir,DeePaC-vir,Human-infectivity prediction,Marnaviridae,Picornavirales,ssRNA(+),RNA,S,Marnaviridae,8,input_original/manual_downloads/DeePaC_vir/zenodo_4312525/*.rds,lineage_family_token; local_taxid_mapping_Species.taxid,confirmed_from_audited_mapping_table,include_eukaryotic,marine (s); protists,True
DeePaC-vir,DeePaC-vir,Human-infectivity prediction,Picornaviridae,Picornavirales,ssRNA(+),RNA,S,Picornaviridae,144,input_original/manual_downloads/DeePaC_vir/zenodo_4312525/*.rds,lineage_family_token; local_taxid_mapping_Species.taxid,confirmed_from_audited_mapping_table,include_eukaryotic,vertebrates,True
DeePaC-vir,DeePaC-vir,Human-infectivity prediction,Polycipiviridae,Picornavirales,ssRNA(+),RNA,S,Polycipiviridae,6,input_original/manual_downloads/DeePaC_vir/zenodo_4312525/*.rds,lineage_family_token,confirmed_from_audited_mapping_table,include_eukaryotic,invertebrates,True
DeePaC-vir,DeePaC-vir,Human-infectivity prediction,Secoviridae,Picornavirales,ssRNA(+),RNA,S,Secoviridae,72,input_original/manual_downloads/DeePaC_vir/zenodo_4312525/*.rds,lineage_family_token,confirmed_from_audited_mapping_table,include_eukaryotic,phytobiome (s); plants,True
DeePaC-vir,DeePaC-vir,Human-infectivity prediction,Solinviviridae,Picornavirales,ssRNA(+),RNA,S,Solinviviridae,2,input_original/manual_downloads/DeePaC_vir/zenodo_4312525/*.rds,lineage_family_token,confirmed_from_audited_mapping_table,include_eukaryotic,invertebrates,True
DeePaC-vir,DeePaC-vir,Human-infectivity prediction,Ascoviridae,Pimascovirales,dsDNA,DNA,S,Ascoviridae,4,input_original/manual_downloads/DeePaC_vir/zenodo_4312525/*.rds,lineage_family_token,confirmed_from_audited_mapping_table,include_eukaryotic,invertebrates,True
DeePaC-vir,DeePaC-vir,Human-infectivity prediction,Iridoviridae,Pimascovirales,dsDNA,DNA,S,Iridoviridae,22,input_original/manual_downloads/DeePaC_vir/zenodo_4312525/*.rds,lineage_family_token,confirmed_from_audited_mapping_table,include_eukaryotic,invertebrates; vertebrates,True
DeePaC-vir,DeePaC-vir,Human-infectivity prediction,Marseilleviridae,Pimascovirales,dsDNA,DNA,S,Marseilleviridae,9,input_original/manual_downloads/DeePaC_vir/zenodo_4312525/*.rds,lineage_family_token,confirmed_from_audited_mapping_table,include_eukaryotic,protists,True
DeePaC-vir,DeePaC-vir,Human-infectivity prediction,Pithoviridae,Pimascovirales,dsDNA,DNA,S,Pithoviridae,1,input_original/manual_downloads/DeePaC_vir/zenodo_4312525/*.rds,lineage_family_token,confirmed_from_audited_mapping_table,include_eukaryotic,protists,True
DeePaC-vir,DeePaC-vir,Human-infectivity prediction,Bidnaviridae,Polivirales,ssDNA(+/-),DNA,S,Bidnaviridae,1,input_original/manual_downloads/DeePaC_vir/zenodo_4312525/*.rds,lineage_family_token,confirmed_from_audited_mapping_table,include_eukaryotic,invertebrates,True
DeePaC-vir,DeePaC-vir,Human-infectivity prediction,Sedoreoviridae,Reovirales,dsRNA,RNA,S,Sedoreoviridae,42,input_original/manual_downloads/DeePaC_vir/zenodo_4312525/*.rds,local_taxid_mapping_Species.taxid; local_taxid_mapping_virus.tax.id; vmr_exact_Species,confirmed_from_audited_mapping_table,include_eukaryotic,"invertebrates; invertebrates, plants; invertebrates, vertebrates; protists; vertebrates",True
DeePaC-vir,DeePaC-vir,Human-infectivity prediction,Spinareoviridae,Reovirales,dsRNA,RNA,S,Spinareoviridae,41,input_original/manual_downloads/DeePaC_vir/zenodo_4312525/*.rds,local_taxid_mapping_Species.taxid; local_taxid_mapping_virus.tax.id; vmr_exact_Species,confirmed_from_audited_mapping_table,include_eukaryotic,"fungi; invertebrates; invertebrates, plants; invertebrates, vertebrates; vertebrates",True
DeePaC-vir,DeePaC-vir,Human-infectivity prediction,Adamaviridae,Rohanvirales,ssDNA(+/-),DNA,S,Adamaviridae,4,input_original/manual_downloads/DeePaC_vir/zenodo_4312525/*.rds,local_taxid_mapping_Species.taxid; vmr_exact_Species,confirmed_from_audited_mapping_table,include_eukaryotic,freshwater (s); invertebrates; invertebrates (s); marine (s); sewage (s); vertebrates,True
DeePaC-vir,DeePaC-vir,Human-infectivity prediction,Nenyaviridae,Rohanvirales,ssDNA(+),DNA,S,Nenyaviridae,1,input_original/manual_downloads/DeePaC_vir/zenodo_4312525/*.rds,vmr_exact_Species,confirmed_from_audited_mapping_table,include_eukaryotic,protists (s); vertebrates,True
DeePaC-vir,DeePaC-vir,Human-infectivity prediction,Adenoviridae,Rowavirales,dsDNA,DNA,S,Adenoviridae,73,input_original/manual_downloads/DeePaC_vir/zenodo_4312525/*.rds,lineage_family_token,confirmed_from_audited_mapping_table,include_eukaryotic,vertebrates,True
DeePaC-vir,DeePaC-vir,Human-infectivity prediction,Anelloviridae,Sanitavirales,ssDNA(+/-); ssDNA(-),DNA,S,Anelloviridae,99,input_original/manual_downloads/DeePaC_vir/zenodo_4312525/*.rds,lineage_family_token,confirmed_from_audited_mapping_table,include_eukaryotic,invertebrates; vertebrates,True
DeePaC-vir,DeePaC-vir,Human-infectivity prediction,Kanorauviridae,Saturnivirales,ssDNA(+/-),DNA,S,Kanorauviridae,2,input_original/manual_downloads/DeePaC_vir/zenodo_4312525/*.rds,local_taxid_mapping_Species.taxid,confirmed_from_audited_mapping_table,include_eukaryotic,air (s); freshwater (s); invertebrates; marine (s); plants; sewage (s); unknown (s); vertebrates,True
DeePaC-vir,DeePaC-vir,Human-infectivity prediction,Mahapunaviridae,Saturnivirales,ssDNA(+/-),DNA,S,Mahapunaviridae,1,input_original/manual_downloads/DeePaC_vir/zenodo_4312525/*.rds,local_taxid_mapping_Species.taxid,confirmed_from_audited_mapping_table,include_eukaryotic,freshwater (s); invertebrates; plants; sewage (s); vertebrates,True
DeePaC-vir,DeePaC-vir,Human-infectivity prediction,Polyomaviridae,Sepolyvirales,dsDNA,DNA,S,Polyomaviridae,126,input_original/manual_downloads/DeePaC_vir/zenodo_4312525/*.rds,lineage_family_token,confirmed_from_audited_mapping_table,include_eukaryotic,vertebrates,True
DeePaC-vir,DeePaC-vir,Human-infectivity prediction,Alvernaviridae,Sobelivirales,ssRNA(+),RNA,S,Alvernaviridae,1,input_original/manual_downloads/DeePaC_vir/zenodo_4312525/*.rds,lineage_family_token,confirmed_from_audited_mapping_table,include_eukaryotic,protists,True
DeePaC-vir,DeePaC-vir,Human-infectivity prediction,Barnaviridae,Sobelivirales,ssRNA(+),RNA,S,Barnaviridae,1,input_original/manual_downloads/DeePaC_vir/zenodo_4312525/*.rds,lineage_family_token,confirmed_from_audited_mapping_table,include_eukaryotic,fungi,True
DeePaC-vir,DeePaC-vir,Human-infectivity prediction,Solemoviridae,Sobelivirales,ssRNA(+),RNA,S,Solemoviridae,62,input_original/manual_downloads/DeePaC_vir/zenodo_4312525/*.rds,lineage_family_token; local_taxid_mapping_Species.taxid,confirmed_from_audited_mapping_table,include_eukaryotic,fungi; plants,True
DeePaC-vir,DeePaC-vir,Human-infectivity prediction,Astroviridae,Stellavirales,ssRNA(+),RNA,S,Astroviridae,51,input_original/manual_downloads/DeePaC_vir/zenodo_4312525/*.rds,lineage_family_token,confirmed_from_audited_mapping_table,include_eukaryotic,vertebrates,True
DeePaC-vir,DeePaC-vir,Human-infectivity prediction,Ambiguiviridae,Tolivirales,ssRNA(+),RNA,S,Ambiguiviridae,2,input_original/manual_downloads/DeePaC_vir/zenodo_4312525/*.rds,local_taxid_mapping_Species.taxid,confirmed_from_audited_mapping_table,include_eukaryotic,fungi; invertebrates (s); phytobiome (s); plants (s); soil (s),True
DeePaC-vir,DeePaC-vir,Human-infectivity prediction,Carmotetraviridae,Tolivirales,ssRNA(+),RNA,S,Carmotetraviridae,1,input_original/manual_downloads/DeePaC_vir/zenodo_4312525/*.rds,lineage_family_token,confirmed_from_audited_mapping_table,include_eukaryotic,invertebrates,True
DeePaC-vir,DeePaC-vir,Human-infectivity prediction,Tombusviridae,Tolivirales,ssRNA(+),RNA,S,Tombusviridae,88,input_original/manual_downloads/DeePaC_vir/zenodo_4312525/*.rds,lineage_family_token; local_taxid_mapping_Species.taxid,confirmed_from_audited_mapping_table,include_eukaryotic,fungi; invertebrates (s); plants; plants (s); vertebrates,True
DeePaC-vir,DeePaC-vir,Human-infectivity prediction,Alphaflexiviridae,Tymovirales,ssRNA(+),RNA,S,Alphaflexiviridae,59,input_original/manual_downloads/DeePaC_vir/zenodo_4312525/*.rds,lineage_family_token,confirmed_from_audited_mapping_table,include_eukaryotic,fungi; plants,True
DeePaC-vir,DeePaC-vir,Human-infectivity prediction,Betaflexiviridae,Tymovirales,ssRNA(+),RNA,S,Betaflexiviridae,110,input_original/manual_downloads/DeePaC_vir/zenodo_4312525/*.rds,lineage_family_token,confirmed_from_audited_mapping_table,include_eukaryotic,plants,True
DeePaC-vir,DeePaC-vir,Human-infectivity prediction,Deltaflexiviridae,Tymovirales,ssRNA(+),RNA,S,Deltaflexiviridae,4,input_original/manual_downloads/DeePaC_vir/zenodo_4312525/*.rds,lineage_family_token,confirmed_from_audited_mapping_table,include_eukaryotic,fungi,True
DeePaC-vir,DeePaC-vir,Human-infectivity prediction,Gammaflexiviridae,Tymovirales,ssRNA(+),RNA,S,Gammaflexiviridae,1,input_original/manual_downloads/DeePaC_vir/zenodo_4312525/*.rds,lineage_family_token,confirmed_from_audited_mapping_table,include_eukaryotic,fungi,True
DeePaC-vir,DeePaC-vir,Human-infectivity prediction,Tymoviridae,Tymovirales,ssDNA(+/-); ssRNA(+),Mixed/unknown,S,Tymoviridae,47,input_original/manual_downloads/DeePaC_vir/zenodo_4312525/*.rds,lineage_family_token,confirmed_from_audited_mapping_table,include_eukaryotic,plants,True
DeePaC-vir,DeePaC-vir,Human-infectivity prediction,Narnaviridae,Wolframvirales,ssRNA(+),RNA,S,Narnaviridae,61,input_original/manual_downloads/DeePaC_vir/zenodo_4312525/*.rds,lineage_family_token,confirmed_from_audited_mapping_table,include_eukaryotic,fungi,True
DeePaC-vir,DeePaC-vir,Human-infectivity prediction,Polymycoviridae,Xenadelphovirales,dsRNA,RNA,S,Polymycoviridae,4,input_original/manual_downloads/DeePaC_vir/zenodo_4312525/*.rds,local_taxid_mapping_Species.taxid; vmr_exact_Species,confirmed_from_audited_mapping_table,include_eukaryotic,fungi,True
DeePaC-vir,DeePaC-vir,Human-infectivity prediction,Yadokariviridae,Yadokarivirales,ssRNA(+),RNA,S,Yadokariviridae,2,input_original/manual_downloads/DeePaC_vir/zenodo_4312525/*.rds,local_taxid_mapping_Species.taxid,confirmed_from_audited_mapping_table,include_eukaryotic,fungi; protists,True
DeePaC-vir,DeePaC-vir,Human-infectivity prediction,Papillomaviridae,Zurhausenvirales,dsDNA,DNA,S,Papillomaviridae,165,input_original/manual_downloads/DeePaC_vir/zenodo_4312525/*.rds,lineage_family_token,confirmed_from_audited_mapping_table,include_eukaryotic,vertebrates,True
DeePaC-vir,DeePaC-vir,Human-infectivity prediction,Birnaviridae,,dsRNA,RNA,S,Birnaviridae,9,input_original/manual_downloads/DeePaC_vir/zenodo_4312525/*.rds,lineage_family_token,confirmed_from_audited_mapping_table,include_eukaryotic,invertebrates; vertebrates,False
DeePaC-vir,DeePaC-vir,Human-infectivity prediction,Kolmioviridae,,ssRNA(-),RNA,S,Kolmioviridae,2,input_original/manual_downloads/DeePaC_vir/zenodo_4312525/*.rds,local_taxid_mapping_Species.taxid,confirmed_from_audited_mapping_table,include_eukaryotic,invertebrates; vertebrates,False
DeePaC-vir,DeePaC-vir,Human-infectivity prediction,Nimaviridae,,dsDNA,DNA,S,Nimaviridae,1,input_original/manual_downloads/DeePaC_vir/zenodo_4312525/*.rds,lineage_family_token,confirmed_from_audited_mapping_table,include_eukaryotic,invertebrates,False
DeePaC-vir,DeePaC-vir,Human-infectivity prediction,Permutotetraviridae,,ssRNA(+),RNA,S,Permutotetraviridae,1,input_original/manual_downloads/DeePaC_vir/zenodo_4312525/*.rds,lineage_family_token,confirmed_from_audited_mapping_table,include_eukaryotic,invertebrates,False
DeePaC-vir,DeePaC-vir,Human-infectivity prediction,Polydnaviriformidae,,dsDNA,DNA,S,Polydnaviriformidae,7,input_original/manual_downloads/DeePaC_vir/zenodo_4312525/*.rds,local_taxid_mapping_Species.taxid; vmr_exact_Species,confirmed_from_audited_mapping_table,include_eukaryotic,invertebrates,False
VirHostPRED,VirHostPRED,Human-infectivity prediction,Phycodnaviridae,Algavirales,dsDNA,DNA,P,Phycodnaviridae,40,input_original/manual_downloads/VirHostPRED/random_dataset_1.fasta,exact_current_family,confirmed_from_audited_mapping_table,include_eukaryotic,algae; protists,True
VirHostPRED,VirHostPRED,Human-infectivity prediction,Flaviviridae,Amarillovirales,ssRNA(+),RNA,P,Flaviviridae,1,input_original/manual_downloads/VirHostPRED/reps70.fasta,exact_current_family,confirmed_from_audited_mapping_table,include_eukaryotic,"invertebrates; invertebrates, vertebrates; vertebrates",True
VirHostPRED,VirHostPRED,Human-infectivity prediction,Hepaciviridae,Amarillovirales,ssRNA(+),RNA,P,Hepaciviridae,5,input_original/manual_downloads/VirHostPRED/random_dataset_1.fasta; input_original/manual_downloads/VirHostPRED/reps70.fasta,exact_current_family,confirmed_from_audited_mapping_table,include_eukaryotic,vertebrates,True
VirHostPRED,VirHostPRED,Human-infectivity prediction,Phypoliviridae,Archintovirales,dsDNA,DNA,P,Phypoliviridae,1,input_original/manual_downloads/VirHostPRED/random_dataset_1.fasta,exact_current_family,confirmed_from_audited_mapping_table,include_eukaryotic,protists,True
VirHostPRED,VirHostPRED,Human-infectivity prediction,Orthomyxoviridae,Articulavirales,ssRNA(-),RNA,P,Orthomyxoviridae,16,input_original/manual_downloads/VirHostPRED/reps70.fasta,exact_current_family,confirmed_from_audited_mapping_table,include_eukaryotic,"invertebrates; invertebrates, vertebrates; vertebrates",True
VirHostPRED,VirHostPRED,Human-infectivity prediction,Poxviridae,Chitovirales,dsDNA,DNA,P,Poxviridae,369,input_original/manual_downloads/VirHostPRED/random_dataset_1.fasta; input_original/manual_downloads/VirHostPRED/reps70.fasta,exact_current_family,confirmed_from_audited_mapping_table,include_eukaryotic,invertebrates; vertebrates,True
VirHostPRED,VirHostPRED,Human-infectivity prediction,Circoviridae,Cirlivirales,ssDNA; ssDNA(+/-),DNA,P,Circoviridae,34,input_original/manual_downloads/VirHostPRED/random_dataset_1.fasta; input_original/manual_downloads/VirHostPRED/reps70.fasta,exact_current_family,confirmed_from_audited_mapping_table,include_eukaryotic,invertebrates; plants (s); vertebrates,True
VirHostPRED,VirHostPRED,Human-infectivity prediction,Endolinaviridae,Cirlivirales,ssDNA(+/-),DNA,P,Endolinaviridae,2,input_original/manual_downloads/VirHostPRED/reps70.fasta,exact_current_family,confirmed_from_audited_mapping_table,include_eukaryotic,vertebrates,True
VirHostPRED,VirHostPRED,Human-infectivity prediction,Mitoviridae,Cryppavirales,ssRNA(+),RNA,P,Mitoviridae,1,input_original/manual_downloads/VirHostPRED/random_dataset_1.fasta,exact_current_family,confirmed_from_audited_mapping_table,include_eukaryotic,fungi; plants,True
VirHostPRED,VirHostPRED,Human-infectivity prediction,Hantaviridae,Elliovirales,ssRNA(-),RNA,P,Hantaviridae,5,input_original/manual_downloads/VirHostPRED/random_dataset_1.fasta; input_original/manual_downloads/VirHostPRED/reps70.fasta,exact_current_family,confirmed_from_audited_mapping_table,include_eukaryotic,vertebrates,True
VirHostPRED,VirHostPRED,Human-infectivity prediction,Peribunyaviridae,Elliovirales,ssRNA(-),RNA,P,Peribunyaviridae,21,input_original/manual_downloads/VirHostPRED/random_dataset_1.fasta; input_original/manual_downloads/VirHostPRED/reps70.fasta,exact_current_family,confirmed_from_audited_mapping_table,include_eukaryotic,"invertebrates; invertebrates, vertebrates; vertebrates",True
VirHostPRED,VirHostPRED,Human-infectivity prediction,Tospoviridae,Elliovirales,ssRNA(+/-),RNA,P,Tospoviridae,1,input_original/manual_downloads/VirHostPRED/random_dataset_1.fasta,exact_current_family,confirmed_from_audited_mapping_table,include_eukaryotic,"invertebrates, plants",True
VirHostPRED,VirHostPRED,Human-infectivity prediction,Geminiviridae,Geplafuvirales,ssDNA; ssDNA(+/-),DNA,P,Geminiviridae,11,input_original/manual_downloads/VirHostPRED/random_dataset_1.fasta,exact_current_family,confirmed_from_audited_mapping_table,include_eukaryotic,"invertebrates; invertebrates, plants; plants",True
VirHostPRED,VirHostPRED,Human-infectivity prediction,Genomoviridae,Geplafuvirales,ssDNA(+/-),DNA,P,Genomoviridae,21,input_original/manual_downloads/VirHostPRED/random_dataset_1.fasta; input_original/manual_downloads/VirHostPRED/reps70.fasta,exact_current_family,confirmed_from_audited_mapping_table,include_eukaryotic,"fungi; invertebrates; invertebrates, vertebrates; plants; sewage (s); vertebrates",True
VirHostPRED,VirHostPRED,Human-infectivity prediction,Alternaviridae,Ghabrivirales,dsRNA,RNA,P,Alternaviridae,1,input_original/manual_downloads/VirHostPRED/random_dataset_1.fasta,exact_current_family,confirmed_from_audited_mapping_table,include_eukaryotic,fungi,True
VirHostPRED,VirHostPRED,Human-infectivity prediction,Chrysoviridae,Ghabrivirales,dsRNA,RNA,P,Chrysoviridae,2,input_original/manual_downloads/VirHostPRED/random_dataset_1.fasta,exact_current_family,confirmed_from_audited_mapping_table,include_eukaryotic,fungi; invertebrates (s); plants (s),True
VirHostPRED,VirHostPRED,Human-infectivity prediction,Inseviridae,Ghabrivirales,dsRNA,RNA,P,Inseviridae,1,input_original/manual_downloads/VirHostPRED/random_dataset_1.fasta,exact_current_family,confirmed_from_audited_mapping_table,include_eukaryotic,invertebrates,True
VirHostPRED,VirHostPRED,Human-infectivity prediction,Orthototiviridae,Ghabrivirales,dsRNA,RNA,P,Orthototiviridae,1,input_original/manual_downloads/VirHostPRED/random_dataset_1.fasta,exact_current_family,confirmed_from_audited_mapping_table,include_eukaryotic,fungi; invertebrates; plants; protists (s),True
VirHostPRED,VirHostPRED,Human-infectivity prediction,Arenaviridae,Hareavirales,ssRNA(+/-); ssRNA(-),RNA,P,Arenaviridae,10,input_original/manual_downloads/VirHostPRED/random_dataset_1.fasta; input_original/manual_downloads/VirHostPRED/reps70.fasta,exact_current_family,confirmed_from_audited_mapping_table,include_eukaryotic,freshwater (s); vertebrates,True
VirHostPRED,VirHostPRED,Human-infectivity prediction,Nairoviridae,Hareavirales,ssRNA(-),RNA,P,Nairoviridae,9,input_original/manual_downloads/VirHostPRED/random_dataset_1.fasta; input_original/manual_downloads/VirHostPRED/reps70.fasta,exact_current_family,confirmed_from_audited_mapping_table,include_eukaryotic,"invertebrates; invertebrates, vertebrates; vertebrates",True
VirHostPRED,VirHostPRED,Human-infectivity prediction,Phenuiviridae,Hareavirales,ssRNA(+/-); ssRNA(-),RNA,P,Phenuiviridae,30,input_original/manual_downloads/VirHostPRED/random_dataset_1.fasta; input_original/manual_downloads/VirHostPRED/reps70.fasta,exact_current_family,confirmed_from_audited_mapping_table,include_eukaryotic,"fungi; invertebrates; invertebrates, plants; invertebrates, vertebrates; plants; protists; soil (s); vertebrates",True
VirHostPRED,VirHostPRED,Human-infectivity prediction,Hepeviridae,Hepelivirales,ssRNA(+); ssRNA(+/-),RNA,P,Hepeviridae,1,input_original/manual_downloads/VirHostPRED/random_dataset_1.fasta,exact_current_family,confirmed_from_audited_mapping_table,include_eukaryotic,vertebrates,True
VirHostPRED,VirHostPRED,Human-infectivity prediction,Matonaviridae,Hepelivirales,ssRNA(+),RNA,P,Matonaviridae,2,input_original/manual_downloads/VirHostPRED/reps70.fasta,exact_current_family,confirmed_from_audited_mapping_table,include_eukaryotic,vertebrates,True
VirHostPRED,VirHostPRED,Human-infectivity prediction,Alloherpesviridae,Herpesvirales,dsDNA,DNA,P,Alloherpesviridae,14,input_original/manual_downloads/VirHostPRED/random_dataset_1.fasta,exact_current_family,confirmed_from_audited_mapping_table,include_eukaryotic,vertebrates,True
VirHostPRED,VirHostPRED,Human-infectivity prediction,Orthoherpesviridae,Herpesvirales,dsDNA,DNA,P,Orthoherpesviridae,619,input_original/manual_downloads/VirHostPRED/random_dataset_1.fasta; input_original/manual_downloads/VirHostPRED/reps70.fasta,exact_current_family,confirmed_from_audited_mapping_table,include_eukaryotic,vertebrates,True
VirHostPRED,VirHostPRED,Human-infectivity prediction,Allomimiviridae,Imitervirales,dsDNA,DNA,P,Allomimiviridae,9,input_original/manual_downloads/VirHostPRED/random_dataset_1.fasta,exact_current_family,confirmed_from_audited_mapping_table,include_eukaryotic,protists,True
VirHostPRED,VirHostPRED,Human-infectivity prediction,Mimiviridae,Imitervirales,dsDNA,DNA,P,Mimiviridae,52,input_original/manual_downloads/VirHostPRED/random_dataset_1.fasta,exact_current_family,confirmed_from_audited_mapping_table,include_eukaryotic,protists,True
VirHostPRED,VirHostPRED,Human-infectivity prediction,Schizomimiviridae,Imitervirales,dsDNA,DNA,P,Schizomimiviridae,4,input_original/manual_downloads/VirHostPRED/random_dataset_1.fasta,exact_current_family,confirmed_from_audited_mapping_table,include_eukaryotic,protists,True
VirHostPRED,VirHostPRED,Human-infectivity prediction,Chuviridae,Jingchuvirales,ssRNA(-),RNA,P,Chuviridae,2,input_original/manual_downloads/VirHostPRED/random_dataset_1.fasta,exact_current_family,confirmed_from_audited_mapping_table,include_eukaryotic,invertebrates; vertebrates,True
VirHostPRED,VirHostPRED,Human-infectivity prediction,Baculoviridae,Lefavirales,dsDNA,DNA,P,Baculoviridae,51,input_original/manual_downloads/VirHostPRED/random_dataset_1.fasta,exact_current_family,confirmed_from_audited_mapping_table,include_eukaryotic,invertebrates,True
VirHostPRED,VirHostPRED,Human-infectivity prediction,Hytrosaviridae,Lefavirales,dsDNA,DNA,P,Hytrosaviridae,1,input_original/manual_downloads/VirHostPRED/random_dataset_1.fasta,exact_current_family,confirmed_from_audited_mapping_table,include_eukaryotic,invertebrates,True
VirHostPRED,VirHostPRED,Human-infectivity prediction,Nudiviridae,Lefavirales,dsDNA,DNA,P,Nudiviridae,9,input_original/manual_downloads/VirHostPRED/random_dataset_1.fasta,exact_current_family,confirmed_from_audited_mapping_table,include_eukaryotic,invertebrates,True
VirHostPRED,VirHostPRED,Human-infectivity prediction,Oomyviridae,Lineavirales,ssDNA,DNA,P,Oomyviridae,3,input_original/manual_downloads/VirHostPRED/reps70.fasta,exact_current_family,confirmed_from_audited_mapping_table,include_eukaryotic,"invertebrates, vertebrates",True
VirHostPRED,VirHostPRED,Human-infectivity prediction,Closteroviridae,Martellivirales,ssRNA(+),RNA,P,Closteroviridae,3,input_original/manual_downloads/VirHostPRED/random_dataset_1.fasta,exact_current_family,confirmed_from_audited_mapping_table,include_eukaryotic,plants,True
VirHostPRED,VirHostPRED,Human-infectivity prediction,Mayoviridae,Martellivirales,ssRNA(+),RNA,P,Mayoviridae,1,input_original/manual_downloads/VirHostPRED/random_dataset_1.fasta,exact_current_family,confirmed_from_audited_mapping_table,include_eukaryotic,plants,True
VirHostPRED,VirHostPRED,Human-infectivity prediction,Togaviridae,Martellivirales,ssRNA(+),RNA,P,Togaviridae,2,input_original/manual_downloads/VirHostPRED/reps70.fasta,exact_current_family,confirmed_from_audited_mapping_table,include_eukaryotic,"invertebrates; invertebrates, vertebrates; vertebrates",True
VirHostPRED,VirHostPRED,Human-infectivity prediction,Virgaviridae,Martellivirales,ssRNA(+),RNA,P,Virgaviridae,1,input_original/manual_downloads/VirHostPRED/random_dataset_1.fasta,exact_current_family,confirmed_from_audited_mapping_table,include_eukaryotic,plants,True
VirHostPRED,VirHostPRED,Human-infectivity prediction,Filoviridae,Mononegavirales,ssRNA(-),RNA,P,Filoviridae,19,input_original/manual_downloads/VirHostPRED/reps70.fasta,exact_current_family,confirmed_from_audited_mapping_table,include_eukaryotic,vertebrates,True
VirHostPRED,VirHostPRED,Human-infectivity prediction,Lispiviridae,Mononegavirales,ssRNA(-),RNA,P,Lispiviridae,1,input_original/manual_downloads/VirHostPRED/random_dataset_1.fasta,exact_current_family,confirmed_from_audited_mapping_table,include_eukaryotic,invertebrates; vertebrates,True
VirHostPRED,VirHostPRED,Human-infectivity prediction,Mymonaviridae,Mononegavirales,ssRNA(-),RNA,P,Mymonaviridae,1,input_original/manual_downloads/VirHostPRED/random_dataset_1.fasta,exact_current_family,confirmed_from_audited_mapping_table,include_eukaryotic,fungi; invertebrates; invertebrates (s); phytobiome (s); protists; soil (s),True
VirHostPRED,VirHostPRED,Human-infectivity prediction,Nyamiviridae,Mononegavirales,ssRNA(-),RNA,P,Nyamiviridae,1,input_original/manual_downloads/VirHostPRED/random_dataset_1.fasta,exact_current_family,confirmed_from_audited_mapping_table,include_eukaryotic,"invertebrates; invertebrates, vertebrates; vertebrates",True
VirHostPRED,VirHostPRED,Human-infectivity prediction,Paramyxoviridae,Mononegavirales,ssRNA(-),RNA,P,Paramyxoviridae,7,input_original/manual_downloads/VirHostPRED/random_dataset_1.fasta; input_original/manual_downloads/VirHostPRED/reps70.fasta,exact_current_family,confirmed_from_audited_mapping_table,include_eukaryotic,vertebrates,True
VirHostPRED,VirHostPRED,Human-infectivity prediction,Rhabdoviridae,Mononegavirales,ssRNA(-),RNA,P,Rhabdoviridae,48,input_original/manual_downloads/VirHostPRED/random_dataset_1.fasta; input_original/manual_downloads/VirHostPRED/reps70.fasta,exact_current_family,confirmed_from_audited_mapping_table,include_eukaryotic,"freshwater (s); invertebrates; invertebrates (s); invertebrates, plants; invertebrates, vertebrates; plants; soil (s); unknown (s); vertebrates",True
VirHostPRED,VirHostPRED,Human-infectivity prediction,Coronaviridae,Nidovirales,ssRNA(+),RNA,P,Coronaviridae,39,input_original/manual_downloads/VirHostPRED/random_dataset_1.fasta; input_original/manual_downloads/VirHostPRED/reps70.fasta,exact_current_family,confirmed_from_audited_mapping_table,include_eukaryotic,vertebrates,True
VirHostPRED,VirHostPRED,Human-infectivity prediction,Mesoniviridae,Nidovirales,ssRNA(+),RNA,P,Mesoniviridae,1,input_original/manual_downloads/VirHostPRED/random_dataset_1.fasta,exact_current_family,confirmed_from_audited_mapping_table,include_eukaryotic,invertebrates,True
VirHostPRED,VirHostPRED,Human-infectivity prediction,Roniviridae,Nidovirales,ssRNA(+),RNA,P,Roniviridae,1,input_original/manual_downloads/VirHostPRED/random_dataset_1.fasta,exact_current_family,confirmed_from_audited_mapping_table,include_eukaryotic,invertebrates,True
VirHostPRED,VirHostPRED,Human-infectivity prediction,Caulimoviridae,Ortervirales,dsDNA; dsDNA-RT,Reverse-transcribing,P,Caulimoviridae,3,input_original/manual_downloads/VirHostPRED/random_dataset_1.fasta,exact_current_family,confirmed_from_audited_mapping_table,include_eukaryotic,plants,True
VirHostPRED,VirHostPRED,Human-infectivity prediction,Retroviridae,Ortervirales,ssRNA-RT,Reverse-transcribing,P,Retroviridae,37,input_original/manual_downloads/VirHostPRED/random_dataset_1.fasta; input_original/manual_downloads/VirHostPRED/reps70.fasta,exact_current_family,confirmed_from_audited_mapping_table,include_eukaryotic,vertebrates,True
VirHostPRED,VirHostPRED,Human-infectivity prediction,Potyviridae,Patatavirales,ssRNA(+),RNA,P,Potyviridae,3,input_original/manual_downloads/VirHostPRED/random_dataset_1.fasta,exact_current_family,confirmed_from_audited_mapping_table,include_eukaryotic,plants,True
VirHostPRED,VirHostPRED,Human-infectivity prediction,Parvoviridae,Piccovirales,ssDNA; ssDNA(+/-),DNA,P,Parvoviridae,24,input_original/manual_downloads/VirHostPRED/random_dataset_1.fasta; input_original/manual_downloads/VirHostPRED/reps70.fasta,exact_current_family,confirmed_from_audited_mapping_table,include_eukaryotic,"invertebrates; invertebrates, vertebrates; vertebrates",True
VirHostPRED,VirHostPRED,Human-infectivity prediction,Caliciviridae,Picornavirales,ssRNA(+),RNA,P,Caliciviridae,31,input_original/manual_downloads/VirHostPRED/reps70.fasta,exact_current_family,confirmed_from_audited_mapping_table,include_eukaryotic,vertebrates,True
VirHostPRED,VirHostPRED,Human-infectivity prediction,Picornaviridae,Picornavirales,ssRNA(+),RNA,P,Picornaviridae,11,input_original/manual_downloads/VirHostPRED/reps70.fasta,exact_current_family,confirmed_from_audited_mapping_table,include_eukaryotic,vertebrates,True
VirHostPRED,VirHostPRED,Human-infectivity prediction,Polycipiviridae,Picornavirales,ssRNA(+),RNA,P,Polycipiviridae,1,input_original/manual_downloads/VirHostPRED/random_dataset_1.fasta,exact_current_family,confirmed_from_audited_mapping_table,include_eukaryotic,invertebrates,True
VirHostPRED,VirHostPRED,Human-infectivity prediction,Secoviridae,Picornavirales,ssRNA(+),RNA,P,Secoviridae,2,input_original/manual_downloads/VirHostPRED/random_dataset_1.fasta,exact_current_family,confirmed_from_audited_mapping_table,include_eukaryotic,phytobiome (s); plants,True
VirHostPRED,VirHostPRED,Human-infectivity prediction,Ascoviridae,Pimascovirales,dsDNA,DNA,P,Ascoviridae,2,input_original/manual_downloads/VirHostPRED/random_dataset_1.fasta,exact_current_family,confirmed_from_audited_mapping_table,include_eukaryotic,invertebrates,True
VirHostPRED,VirHostPRED,Human-infectivity prediction,Iridoviridae,Pimascovirales,dsDNA,DNA,P,Iridoviridae,8,input_original/manual_downloads/VirHostPRED/random_dataset_1.fasta,exact_current_family,confirmed_from_audited_mapping_table,include_eukaryotic,invertebrates; vertebrates,True
VirHostPRED,VirHostPRED,Human-infectivity prediction,Marseilleviridae,Pimascovirales,dsDNA,DNA,P,Marseilleviridae,20,input_original/manual_downloads/VirHostPRED/random_dataset_1.fasta,exact_current_family,confirmed_from_audited_mapping_table,include_eukaryotic,protists,True
VirHostPRED,VirHostPRED,Human-infectivity prediction,Pithoviridae,Pimascovirales,dsDNA,DNA,P,Pithoviridae,7,input_original/manual_downloads/VirHostPRED/random_dataset_1.fasta,exact_current_family,confirmed_from_audited_mapping_table,include_eukaryotic,protists,True
VirHostPRED,VirHostPRED,Human-infectivity prediction,Redondoviridae,Recrevirales,ssDNA(+/-),DNA,P,Redondoviridae,2,input_original/manual_downloads/VirHostPRED/reps70.fasta,exact_current_family,confirmed_from_audited_mapping_table,include_eukaryotic,vertebrates,True
VirHostPRED,VirHostPRED,Human-infectivity prediction,Sedoreoviridae,Reovirales,dsRNA,RNA,P,Sedoreoviridae,23,input_original/manual_downloads/VirHostPRED/random_dataset_1.fasta; input_original/manual_downloads/VirHostPRED/reps70.fasta,exact_current_family,confirmed_from_audited_mapping_table,include_eukaryotic,"invertebrates; invertebrates, plants; invertebrates, vertebrates; protists; vertebrates",True
VirHostPRED,VirHostPRED,Human-infectivity prediction,Spinareoviridae,Reovirales,dsRNA,RNA,P,Spinareoviridae,14,input_original/manual_downloads/VirHostPRED/random_dataset_1.fasta; input_original/manual_downloads/VirHostPRED/reps70.fasta,exact_current_family,confirmed_from_audited_mapping_table,include_eukaryotic,"fungi; invertebrates; invertebrates, plants; invertebrates, vertebrates; vertebrates",True
VirHostPRED,VirHostPRED,Human-infectivity prediction,Pecoviridae,Ringavirales,ssDNA(+/-),DNA,P,Pecoviridae,4,input_original/manual_downloads/VirHostPRED/reps70.fasta,exact_current_family,confirmed_from_audited_mapping_table,include_eukaryotic,vertebrates,True
VirHostPRED,VirHostPRED,Human-infectivity prediction,Kirkoviridae,Rohanvirales,ssDNA(+/-),DNA,P,Kirkoviridae,1,input_original/manual_downloads/VirHostPRED/random_dataset_1.fasta,exact_current_family,confirmed_from_audited_mapping_table,include_eukaryotic,vertebrates,True
VirHostPRED,VirHostPRED,Human-infectivity prediction,Adenoviridae,Rowavirales,dsDNA,DNA,P,Adenoviridae,157,input_original/manual_downloads/VirHostPRED/random_dataset_1.fasta; input_original/manual_downloads/VirHostPRED/reps70.fasta,exact_current_family,confirmed_from_audited_mapping_table,include_eukaryotic,vertebrates,True
VirHostPRED,VirHostPRED,Human-infectivity prediction,Anelloviridae,Sanitavirales,ssDNA(+/-); ssDNA(-),DNA,P,Anelloviridae,151,input_original/manual_downloads/VirHostPRED/random_dataset_1.fasta; input_original/manual_downloads/VirHostPRED/reps70.fasta,exact_current_family,confirmed_from_audited_mapping_table,include_eukaryotic,invertebrates; vertebrates,True
VirHostPRED,VirHostPRED,Human-infectivity prediction,Polyomaviridae,Sepolyvirales,dsDNA,DNA,P,Polyomaviridae,35,input_original/manual_downloads/VirHostPRED/random_dataset_1.fasta; input_original/manual_downloads/VirHostPRED/reps70.fasta,exact_current_family,confirmed_from_audited_mapping_table,include_eukaryotic,vertebrates,True
VirHostPRED,VirHostPRED,Human-infectivity prediction,Solemoviridae,Sobelivirales,ssRNA(+),RNA,P,Solemoviridae,1,input_original/manual_downloads/VirHostPRED/random_dataset_1.fasta,exact_current_family,confirmed_from_audited_mapping_table,include_eukaryotic,fungi; plants,True
VirHostPRED,VirHostPRED,Human-infectivity prediction,Astroviridae,Stellavirales,ssRNA(+),RNA,P,Astroviridae,13,input_original/manual_downloads/VirHostPRED/random_dataset_1.fasta; input_original/manual_downloads/VirHostPRED/reps70.fasta,exact_current_family,confirmed_from_audited_mapping_table,include_eukaryotic,vertebrates,True
VirHostPRED,VirHostPRED,Human-infectivity prediction,Tombusviridae,Tolivirales,ssRNA(+),RNA,P,Tombusviridae,2,input_original/manual_downloads/VirHostPRED/random_dataset_1.fasta,exact_current_family,confirmed_from_audited_mapping_table,include_eukaryotic,fungi; invertebrates (s); plants; plants (s); vertebrates,True
VirHostPRED,VirHostPRED,Human-infectivity prediction,Alphaflexiviridae,Tymovirales,ssRNA(+),RNA,P,Alphaflexiviridae,4,input_original/manual_downloads/VirHostPRED/random_dataset_1.fasta,exact_current_family,confirmed_from_audited_mapping_table,include_eukaryotic,fungi; plants,True
VirHostPRED,VirHostPRED,Human-infectivity prediction,Betaflexiviridae,Tymovirales,ssRNA(+),RNA,P,Betaflexiviridae,3,input_original/manual_downloads/VirHostPRED/random_dataset_1.fasta,exact_current_family,confirmed_from_audited_mapping_table,include_eukaryotic,plants,True
VirHostPRED,VirHostPRED,Human-infectivity prediction,Papillomaviridae,Zurhausenvirales,dsDNA,DNA,P,Papillomaviridae,235,input_original/manual_downloads/VirHostPRED/random_dataset_1.fasta; input_original/manual_downloads/VirHostPRED/reps70.fasta,exact_current_family,confirmed_from_audited_mapping_table,include_eukaryotic,vertebrates,True
VirHostPRED,VirHostPRED,Human-infectivity prediction,Alphasatellitidae,,ssDNA; ssDNA(+); ssDNA(+/-),DNA,P,Alphasatellitidae,2,input_original/manual_downloads/VirHostPRED/random_dataset_1.fasta,exact_current_family,confirmed_from_audited_mapping_table,include_eukaryotic,invertebrates; plants; plants (s),False
VirHostPRED,VirHostPRED,Human-infectivity prediction,Polydnaviriformidae,,dsDNA,DNA,P,Polydnaviriformidae,3,input_original/manual_downloads/VirHostPRED/random_dataset_1.fasta,exact_current_family,confirmed_from_audited_mapping_table,include_eukaryotic,invertebrates,False
VirHostPRED,VirHostPRED,Human-infectivity prediction,Tolecusatellitidae,,ssDNA; ssDNA(+/-); ssDNA(-),DNA,P,Tolecusatellitidae,1,input_original/manual_downloads/VirHostPRED/random_dataset_1.fasta,exact_current_family,confirmed_from_audited_mapping_table,include_eukaryotic,plants,False
VirHostPRED,VirHostPRED,Human-infectivity prediction,Yaraviridae,,dsDNA,DNA,P,Yaraviridae,1,input_original/manual_downloads/VirHostPRED/random_dataset_1.fasta,exact_current_family,confirmed_from_audited_mapping_table,include_eukaryotic,protists,False
Zoonotic rank model,zoonotic rank,Human-infectivity prediction,Flaviviridae,Amarillovirales,ssRNA(+),RNA,S,Flaviviridae,78,input_original/manual_downloads/ZoonoticRankModel/FinalData_Cleaned.csv,exact_current_family_from_author_figure_table,confirmed_from_audited_mapping_table,include_eukaryotic,"invertebrates; invertebrates, vertebrates; vertebrates",True
Zoonotic rank model,zoonotic rank,Human-infectivity prediction,Orthomyxoviridae,Articulavirales,ssRNA(-),RNA,S,Orthomyxoviridae,9,input_original/manual_downloads/ZoonoticRankModel/FinalData_Cleaned.csv,exact_current_family_from_author_figure_table; exact_vmr_virus_name,confirmed_from_audited_mapping_table,include_eukaryotic,"invertebrates; invertebrates, vertebrates; vertebrates",True
Zoonotic rank model,zoonotic rank,Human-infectivity prediction,Asfarviridae,Asfuvirales,dsDNA,DNA,S,Asfarviridae,1,input_original/manual_downloads/ZoonoticRankModel/FinalData_Cleaned.csv,exact_current_family_from_author_figure_table,confirmed_from_audited_mapping_table,include_eukaryotic,"invertebrates, vertebrates",True
Zoonotic rank model,zoonotic rank,Human-infectivity prediction,Hepadnaviridae,Blubervirales,dsDNA-RT,Reverse-transcribing,S,Hepadnaviridae,3,input_original/manual_downloads/ZoonoticRankModel/FinalData_Cleaned.csv,exact_current_family_from_author_figure_table,confirmed_from_audited_mapping_table,include_eukaryotic,vertebrates,True
Zoonotic rank model,zoonotic rank,Human-infectivity prediction,Poxviridae,Chitovirales,dsDNA,DNA,S,Poxviridae,22,input_original/manual_downloads/ZoonoticRankModel/FinalData_Cleaned.csv,exact_current_family_from_author_figure_table,confirmed_from_audited_mapping_table,include_eukaryotic,invertebrates; vertebrates,True
Zoonotic rank model,zoonotic rank,Human-infectivity prediction,Circoviridae,Cirlivirales,ssDNA; ssDNA(+/-),DNA,S,Circoviridae,2,input_original/manual_downloads/ZoonoticRankModel/FinalData_Cleaned.csv,exact_current_family_from_author_figure_table,confirmed_from_audited_mapping_table,include_eukaryotic,invertebrates; plants (s); vertebrates,True
Zoonotic rank model,zoonotic rank,Human-infectivity prediction,Hantaviridae,Elliovirales,ssRNA(-),RNA,S,Hantaviridae,41,input_original/manual_downloads/ZoonoticRankModel/FinalData_Cleaned.csv,exact_current_family_from_author_figure_table; exact_vmr_genbank_accession; unique_current_ictv_genus_token,confirmed_from_audited_mapping_table,include_eukaryotic,vertebrates,True
Zoonotic rank model,zoonotic rank,Human-infectivity prediction,Peribunyaviridae,Elliovirales,ssRNA(-),RNA,S,Peribunyaviridae,43,input_original/manual_downloads/ZoonoticRankModel/FinalData_Cleaned.csv,exact_current_family_from_author_figure_table; unique_current_ictv_genus_token,confirmed_from_audited_mapping_table,include_eukaryotic,"invertebrates; invertebrates, vertebrates; vertebrates",True
Zoonotic rank model,zoonotic rank,Human-infectivity prediction,Phasmaviridae,Elliovirales,ssRNA; ssRNA(-),RNA,S,Phasmaviridae,2,input_original/manual_downloads/ZoonoticRankModel/FinalData_Cleaned.csv,exact_current_family_from_author_figure_table,confirmed_from_audited_mapping_table,include_eukaryotic,invertebrates; invertebrates (s),True
Zoonotic rank model,zoonotic rank,Human-infectivity prediction,Arenaviridae,Hareavirales,ssRNA(+/-); ssRNA(-),RNA,S,Arenaviridae,36,input_original/manual_downloads/ZoonoticRankModel/FinalData_Cleaned.csv,exact_current_family_from_author_figure_table; unique_current_ictv_genus_token,confirmed_from_audited_mapping_table,include_eukaryotic,freshwater (s); vertebrates,True
Zoonotic rank model,zoonotic rank,Human-infectivity prediction,Nairoviridae,Hareavirales,ssRNA(-),RNA,S,Nairoviridae,13,input_original/manual_downloads/ZoonoticRankModel/FinalData_Cleaned.csv,exact_current_family_from_author_figure_table; exact_vmr_genbank_accession,confirmed_from_audited_mapping_table,include_eukaryotic,"invertebrates; invertebrates, vertebrates; vertebrates",True
Zoonotic rank model,zoonotic rank,Human-infectivity prediction,Phenuiviridae,Hareavirales,ssRNA(+/-); ssRNA(-),RNA,S,Phenuiviridae,24,input_original/manual_downloads/ZoonoticRankModel/FinalData_Cleaned.csv,exact_current_family_from_author_figure_table; unique_current_ictv_genus_token,confirmed_from_audited_mapping_table,include_eukaryotic,"fungi; invertebrates; invertebrates, plants; invertebrates, vertebrates; plants; protists; soil (s); vertebrates",True
Zoonotic rank model,zoonotic rank,Human-infectivity prediction,Hepeviridae,Hepelivirales,ssRNA(+); ssRNA(+/-),RNA,S,Hepeviridae,5,input_original/manual_downloads/ZoonoticRankModel/FinalData_Cleaned.csv,exact_current_family_from_author_figure_table,confirmed_from_audited_mapping_table,include_eukaryotic,vertebrates,True
Zoonotic rank model,zoonotic rank,Human-infectivity prediction,Matonaviridae,Hepelivirales,ssRNA(+),RNA,S,Matonaviridae,1,input_original/manual_downloads/ZoonoticRankModel/FinalData_Cleaned.csv,exact_current_family_from_author_figure_table,confirmed_from_audited_mapping_table,include_eukaryotic,vertebrates,True
Zoonotic rank model,zoonotic rank,Human-infectivity prediction,Orthoherpesviridae,Herpesvirales,dsDNA,DNA,S,Orthoherpesviridae,54,input_original/manual_downloads/ZoonoticRankModel/FinalData_Cleaned.csv,exact_vmr_genbank_accession; exact_vmr_virus_name,confirmed_from_audited_mapping_table,include_eukaryotic,vertebrates,True
Zoonotic rank model,zoonotic rank,Human-infectivity prediction,Togaviridae,Martellivirales,ssRNA(+),RNA,S,Togaviridae,31,input_original/manual_downloads/ZoonoticRankModel/FinalData_Cleaned.csv,exact_current_family_from_author_figure_table; exact_vmr_genbank_accession,confirmed_from_audited_mapping_table,include_eukaryotic,"invertebrates; invertebrates, vertebrates; vertebrates",True
Zoonotic rank model,zoonotic rank,Human-infectivity prediction,Bornaviridae,Mononegavirales,ssRNA(-),RNA,S,Bornaviridae,8,input_original/manual_downloads/ZoonoticRankModel/FinalData_Cleaned.csv,exact_current_family_from_author_figure_table; unique_current_ictv_genus_token,confirmed_from_audited_mapping_table,include_eukaryotic,vertebrates,True
Zoonotic rank model,zoonotic rank,Human-infectivity prediction,Filoviridae,Mononegavirales,ssRNA(-),RNA,S,Filoviridae,7,input_original/manual_downloads/ZoonoticRankModel/FinalData_Cleaned.csv,exact_current_family_from_author_figure_table,confirmed_from_audited_mapping_table,include_eukaryotic,vertebrates,True
Zoonotic rank model,zoonotic rank,Human-infectivity prediction,Paramyxoviridae,Mononegavirales,ssRNA(-),RNA,S,Paramyxoviridae,49,input_original/manual_downloads/ZoonoticRankModel/FinalData_Cleaned.csv,exact_current_family_from_author_figure_table,confirmed_from_audited_mapping_table,include_eukaryotic,vertebrates,True
Zoonotic rank model,zoonotic rank,Human-infectivity prediction,Pneumoviridae,Mononegavirales,ssRNA(-),RNA,S,Pneumoviridae,5,input_original/manual_downloads/ZoonoticRankModel/FinalData_Cleaned.csv,exact_current_family_from_author_figure_table,confirmed_from_audited_mapping_table,include_eukaryotic,vertebrates,True
Zoonotic rank model,zoonotic rank,Human-infectivity prediction,Rhabdoviridae,Mononegavirales,ssRNA(-),RNA,S,Rhabdoviridae,122,input_original/manual_downloads/ZoonoticRankModel/FinalData_Cleaned.csv,exact_current_family_from_author_figure_table; exact_vmr_genbank_accession; historical_genus_to_current_family; unique_current_ictv_genus_token,confirmed_from_audited_mapping_table,include_eukaryotic,"freshwater (s); invertebrates; invertebrates (s); invertebrates, plants; invertebrates, vertebrates; plants; soil (s); unknown (s); vertebrates",True
Zoonotic rank model,zoonotic rank,Human-infectivity prediction,Sunviridae,Mononegavirales,ssRNA(-),RNA,S,Sunviridae,1,input_original/manual_downloads/ZoonoticRankModel/FinalData_Cleaned.csv,exact_current_family_from_author_figure_table,confirmed_from_audited_mapping_table,include_eukaryotic,vertebrates,True
Zoonotic rank model,zoonotic rank,Human-infectivity prediction,Arteriviridae,Nidovirales,ssRNA(+),RNA,S,Arteriviridae,17,input_original/manual_downloads/ZoonoticRankModel/FinalData_Cleaned.csv,exact_current_family_from_author_figure_table,confirmed_from_audited_mapping_table,include_eukaryotic,vertebrates,True
Zoonotic rank model,zoonotic rank,Human-infectivity prediction,Coronaviridae,Nidovirales,ssRNA(+),RNA,S,Coronaviridae,29,input_original/manual_downloads/ZoonoticRankModel/FinalData_Cleaned.csv,exact_current_family_from_author_figure_table,confirmed_from_audited_mapping_table,include_eukaryotic,vertebrates,True
Zoonotic rank model,zoonotic rank,Human-infectivity prediction,Tobaniviridae,Nidovirales,ssRNA(+),RNA,S,Tobaniviridae,8,input_original/manual_downloads/ZoonoticRankModel/FinalData_Cleaned.csv,exact_current_family_from_author_figure_table,confirmed_from_audited_mapping_table,include_eukaryotic,invertebrates (s); vertebrates,True
Zoonotic rank model,zoonotic rank,Human-infectivity prediction,Retroviridae,Ortervirales,ssRNA-RT,Reverse-transcribing,S,Retroviridae,36,input_original/manual_downloads/ZoonoticRankModel/FinalData_Cleaned.csv,exact_current_family_from_author_figure_table; exact_vmr_virus_name,confirmed_from_audited_mapping_table,include_eukaryotic,vertebrates,True
Zoonotic rank model,zoonotic rank,Human-infectivity prediction,Parvoviridae,Piccovirales,ssDNA; ssDNA(+/-),DNA,S,Parvoviridae,14,input_original/manual_downloads/ZoonoticRankModel/FinalData_Cleaned.csv,exact_current_family_from_author_figure_table; exact_vmr_genbank_accession,confirmed_from_audited_mapping_table,include_eukaryotic,"invertebrates; invertebrates, vertebrates; vertebrates",True
Zoonotic rank model,zoonotic rank,Human-infectivity prediction,Caliciviridae,Picornavirales,ssRNA(+),RNA,S,Caliciviridae,7,input_original/manual_downloads/ZoonoticRankModel/FinalData_Cleaned.csv,exact_current_family_from_author_figure_table,confirmed_from_audited_mapping_table,include_eukaryotic,vertebrates,True
Zoonotic rank model,zoonotic rank,Human-infectivity prediction,Picornaviridae,Picornavirales,ssRNA(+),RNA,S,Picornaviridae,80,input_original/manual_downloads/ZoonoticRankModel/FinalData_Cleaned.csv,exact_current_family_from_author_figure_table,confirmed_from_audited_mapping_table,include_eukaryotic,vertebrates,True
Zoonotic rank model,zoonotic rank,Human-infectivity prediction,Sedoreoviridae,Reovirales,dsRNA,RNA,S,Sedoreoviridae,36,input_original/manual_downloads/ZoonoticRankModel/FinalData_Cleaned.csv,exact_vmr_genbank_accession; exact_vmr_virus_name,confirmed_from_audited_mapping_table,include_eukaryotic,"invertebrates; invertebrates, plants; invertebrates, vertebrates; protists; vertebrates",True
Zoonotic rank model,zoonotic rank,Human-infectivity prediction,Spinareoviridae,Reovirales,dsRNA,RNA,S,Spinareoviridae,30,input_original/manual_downloads/ZoonoticRankModel/FinalData_Cleaned.csv,exact_vmr_genbank_accession; exact_vmr_virus_name; unique_current_ictv_genus_token,confirmed_from_audited_mapping_table,include_eukaryotic,"fungi; invertebrates; invertebrates, plants; invertebrates, vertebrates; vertebrates",True
Zoonotic rank model,zoonotic rank,Human-infectivity prediction,Adenoviridae,Rowavirales,dsDNA,DNA,S,Adenoviridae,21,input_original/manual_downloads/ZoonoticRankModel/FinalData_Cleaned.csv,exact_current_family_from_author_figure_table; unique_current_ictv_genus_token,confirmed_from_audited_mapping_table,include_eukaryotic,vertebrates,True
Zoonotic rank model,zoonotic rank,Human-infectivity prediction,Polyomaviridae,Sepolyvirales,dsDNA,DNA,S,Polyomaviridae,7,input_original/manual_downloads/ZoonoticRankModel/FinalData_Cleaned.csv,exact_current_family_from_author_figure_table,confirmed_from_audited_mapping_table,include_eukaryotic,vertebrates,True
Zoonotic rank model,zoonotic rank,Human-infectivity prediction,Astroviridae,Stellavirales,ssRNA(+),RNA,S,Astroviridae,22,input_original/manual_downloads/ZoonoticRankModel/FinalData_Cleaned.csv,exact_current_family_from_author_figure_table; exact_vmr_genbank_accession; exact_vmr_virus_name,confirmed_from_audited_mapping_table,include_eukaryotic,vertebrates,True
Zoonotic rank model,zoonotic rank,Human-infectivity prediction,Papillomaviridae,Zurhausenvirales,dsDNA,DNA,S,Papillomaviridae,41,input_original/manual_downloads/ZoonoticRankModel/FinalData_Cleaned.csv,exact_current_family_from_author_figure_table,confirmed_from_audited_mapping_table,include_eukaryotic,vertebrates,True
Zoonotic rank model,zoonotic rank,Human-infectivity prediction,Birnaviridae,,dsRNA,RNA,S,Birnaviridae,6,input_original/manual_downloads/ZoonoticRankModel/FinalData_Cleaned.csv,exact_current_family_from_author_figure_table; exact_vmr_virus_name,confirmed_from_audited_mapping_table,include_eukaryotic,invertebrates; vertebrates,False
MosViR,MosViR,Reservoir or vector prediction,Flaviviridae,Amarillovirales,ssRNA(+),RNA,N,Flaviviridae,5361,input_original/manual_downloads/MosViR/article_supplement/unpacked/SM_TableS1_Andrade_et_al_2024.xlsx,exact_current_family_token_in_virus_lineage,confirmed_from_audited_mapping_table,include_eukaryotic,"invertebrates; invertebrates, vertebrates; vertebrates",True
MosViR,MosViR,Reservoir or vector prediction,Orthomyxoviridae,Articulavirales,ssRNA(-),RNA,N,Orthomyxoviridae,9,input_original/manual_downloads/MosViR/article_supplement/unpacked/SM_TableS1_Andrade_et_al_2024.xlsx,exact_current_family_token_in_virus_lineage,confirmed_from_audited_mapping_table,include_eukaryotic,"invertebrates; invertebrates, vertebrates; vertebrates",True
MosViR,MosViR,Reservoir or vector prediction,Asfarviridae,Asfuvirales,dsDNA,DNA,N,Asfarviridae,9,input_original/manual_downloads/MosViR/article_supplement/unpacked/SM_TableS1_Andrade_et_al_2024.xlsx,exact_current_family_token_in_virus_lineage,confirmed_from_audited_mapping_table,include_eukaryotic,"invertebrates, vertebrates",True
MosViR,MosViR,Reservoir or vector prediction,Circoviridae,Cirlivirales,ssDNA; ssDNA(+/-),DNA,N,Circoviridae,3,input_original/manual_downloads/MosViR/article_supplement/unpacked/SM_TableS1_Andrade_et_al_2024.xlsx,exact_current_family_token_in_virus_lineage,confirmed_from_audited_mapping_table,include_eukaryotic,invertebrates; plants (s); vertebrates,True
MosViR,MosViR,Reservoir or vector prediction,Partitiviridae,Durnavirales,dsRNA,RNA,N,Partitiviridae,1,input_original/manual_downloads/MosViR/article_supplement/unpacked/SM_TableS1_Andrade_et_al_2024.xlsx,exact_current_family_token_in_virus_lineage,confirmed_from_audited_mapping_table,include_eukaryotic,fungi; plants; protists,True
MosViR,MosViR,Reservoir or vector prediction,Peribunyaviridae,Elliovirales,ssRNA(-),RNA,N,Peribunyaviridae,333,input_original/manual_downloads/MosViR/article_supplement/unpacked/SM_TableS1_Andrade_et_al_2024.xlsx,exact_current_family_token_in_virus_lineage,confirmed_from_audited_mapping_table,include_eukaryotic,"invertebrates; invertebrates, vertebrates; vertebrates",True
MosViR,MosViR,Reservoir or vector prediction,Phasmaviridae,Elliovirales,ssRNA; ssRNA(-),RNA,N,Phasmaviridae,46,input_original/manual_downloads/MosViR/article_supplement/unpacked/SM_TableS1_Andrade_et_al_2024.xlsx,exact_current_family_token_in_virus_lineage,confirmed_from_audited_mapping_table,include_eukaryotic,invertebrates; invertebrates (s),True
MosViR,MosViR,Reservoir or vector prediction,Genomoviridae,Geplafuvirales,ssDNA(+/-),DNA,N,Genomoviridae,1,input_original/manual_downloads/MosViR/article_supplement/unpacked/SM_TableS1_Andrade_et_al_2024.xlsx,exact_current_family_token_in_virus_lineage,confirmed_from_audited_mapping_table,include_eukaryotic,"fungi; invertebrates; invertebrates, vertebrates; plants; sewage (s); vertebrates",True
MosViR,MosViR,Reservoir or vector prediction,Artiviridae,Ghabrivirales,dsRNA,RNA,N,Artiviridae,2,input_original/manual_downloads/MosViR/article_supplement/unpacked/SM_TableS1_Andrade_et_al_2024.xlsx,exact_or_versionless_accession_match_to_VMR:AB555544; exact_or_versionless_accession_match_to_VMR:EU715328,confirmed_from_audited_mapping_table,include_eukaryotic,invertebrates,True
MosViR,MosViR,Reservoir or vector prediction,Chrysoviridae,Ghabrivirales,dsRNA,RNA,N,Chrysoviridae,2,input_original/manual_downloads/MosViR/article_supplement/unpacked/SM_TableS1_Andrade_et_al_2024.xlsx,exact_current_family_token_in_virus_lineage,confirmed_from_audited_mapping_table,include_eukaryotic,fungi; invertebrates (s); plants (s),True
MosViR,MosViR,Reservoir or vector prediction,Nairoviridae,Hareavirales,ssRNA(-),RNA,N,Nairoviridae,1,input_original/manual_downloads/MosViR/article_supplement/unpacked/SM_TableS1_Andrade_et_al_2024.xlsx,exact_current_family_token_in_virus_lineage,confirmed_from_audited_mapping_table,include_eukaryotic,"invertebrates; invertebrates, vertebrates; vertebrates",True
MosViR,MosViR,Reservoir or vector prediction,Phenuiviridae,Hareavirales,ssRNA(+/-); ssRNA(-),RNA,N,Phenuiviridae,309,input_original/manual_downloads/MosViR/article_supplement/unpacked/SM_TableS1_Andrade_et_al_2024.xlsx,exact_current_family_token_in_virus_lineage,confirmed_from_audited_mapping_table,include_eukaryotic,"fungi; invertebrates; invertebrates, plants; invertebrates, vertebrates; plants; protists; soil (s); vertebrates",True
MosViR,MosViR,Reservoir or vector prediction,Alphatetraviridae,Hepelivirales,ssRNA(+),RNA,N,Alphatetraviridae,4,input_original/manual_downloads/MosViR/article_supplement/unpacked/SM_TableS1_Andrade_et_al_2024.xlsx,exact_current_family_token_in_virus_lineage,confirmed_from_audited_mapping_table,include_eukaryotic,invertebrates,True
MosViR,MosViR,Reservoir or vector prediction,Togaviridae,Martellivirales,ssRNA(+),RNA,N,Togaviridae,1124,input_original/manual_downloads/MosViR/article_supplement/unpacked/SM_TableS1_Andrade_et_al_2024.xlsx,exact_current_family_token_in_virus_lineage,confirmed_from_audited_mapping_table,include_eukaryotic,"invertebrates; invertebrates, vertebrates; vertebrates",True
MosViR,MosViR,Reservoir or vector prediction,Virgaviridae,Martellivirales,ssRNA(+),RNA,N,Virgaviridae,1,input_original/manual_downloads/MosViR/article_supplement/unpacked/SM_TableS1_Andrade_et_al_2024.xlsx,exact_current_family_token_in_virus_lineage,confirmed_from_audited_mapping_table,include_eukaryotic,plants,True
MosViR,MosViR,Reservoir or vector prediction,Rhabdoviridae,Mononegavirales,ssRNA(-),RNA,N,Rhabdoviridae,192,input_original/manual_downloads/MosViR/article_supplement/unpacked/SM_TableS1_Andrade_et_al_2024.xlsx,exact_current_family_token_in_virus_lineage,confirmed_from_audited_mapping_table,include_eukaryotic,"freshwater (s); invertebrates; invertebrates (s); invertebrates, plants; invertebrates, vertebrates; plants; soil (s); unknown (s); vertebrates",True
MosViR,MosViR,Reservoir or vector prediction,Xinmoviridae,Mononegavirales,ssRNA(-),RNA,N,Xinmoviridae,20,input_original/manual_downloads/MosViR/article_supplement/unpacked/SM_TableS1_Andrade_et_al_2024.xlsx,exact_current_family_token_in_virus_lineage; exact_or_versionless_accession_match_to_VMR:MT822181; exact_or_versionless_accession_match_to_VMR:MW147277,confirmed_from_audited_mapping_table,include_eukaryotic,invertebrates; vertebrates (s),True
MosViR,MosViR,Reservoir or vector prediction,Aspiviridae,Naedrevirales,ssRNA(-),RNA,N,Aspiviridae,1,input_original/manual_downloads/MosViR/article_supplement/unpacked/SM_TableS1_Andrade_et_al_2024.xlsx,exact_current_family_token_in_virus_lineage,confirmed_from_audited_mapping_table,include_eukaryotic,plants,True
MosViR,MosViR,Reservoir or vector prediction,Mesoniviridae,Nidovirales,ssRNA(+),RNA,N,Mesoniviridae,61,input_original/manual_downloads/MosViR/article_supplement/unpacked/SM_TableS1_Andrade_et_al_2024.xlsx,exact_current_family_token_in_virus_lineage,confirmed_from_audited_mapping_table,include_eukaryotic,invertebrates,True
MosViR,MosViR,Reservoir or vector prediction,Nodaviridae,Nodamuvirales,ssRNA(+),RNA,N,Nodaviridae,18,input_original/manual_downloads/MosViR/article_supplement/unpacked/SM_TableS1_Andrade_et_al_2024.xlsx,exact_current_family_token_in_virus_lineage,confirmed_from_audited_mapping_table,include_eukaryotic,invertebrates; vertebrates,True
MosViR,MosViR,Reservoir or vector prediction,Parvoviridae,Piccovirales,ssDNA; ssDNA(+/-),DNA,N,Parvoviridae,4,input_original/manual_downloads/MosViR/article_supplement/unpacked/SM_TableS1_Andrade_et_al_2024.xlsx,exact_current_family_token_in_virus_lineage,confirmed_from_audited_mapping_table,include_eukaryotic,"invertebrates; invertebrates, vertebrates; vertebrates",True
MosViR,MosViR,Reservoir or vector prediction,Dicistroviridae,Picornavirales,ssRNA(+),RNA,N,Dicistroviridae,5,input_original/manual_downloads/MosViR/article_supplement/unpacked/SM_TableS1_Andrade_et_al_2024.xlsx,exact_current_family_token_in_virus_lineage,confirmed_from_audited_mapping_table,include_eukaryotic,invertebrates,True
MosViR,MosViR,Reservoir or vector prediction,Iflaviridae,Picornavirales,ssRNA(+),RNA,N,Iflaviridae,4,input_original/manual_downloads/MosViR/article_supplement/unpacked/SM_TableS1_Andrade_et_al_2024.xlsx,exact_current_family_token_in_virus_lineage,confirmed_from_audited_mapping_table,include_eukaryotic,invertebrates,True
MosViR,MosViR,Reservoir or vector prediction,Iridoviridae,Pimascovirales,dsDNA,DNA,N,Iridoviridae,7,input_original/manual_downloads/MosViR/article_supplement/unpacked/SM_TableS1_Andrade_et_al_2024.xlsx,exact_current_family_token_in_virus_lineage,confirmed_from_audited_mapping_table,include_eukaryotic,invertebrates; vertebrates,True
MosViR,MosViR,Reservoir or vector prediction,Sedoreoviridae,Reovirales,dsRNA,RNA,N,Sedoreoviridae,117,input_original/manual_downloads/MosViR/article_supplement/unpacked/SM_TableS1_Andrade_et_al_2024.xlsx,exact_current_family_token_in_virus_lineage,confirmed_from_audited_mapping_table,include_eukaryotic,"invertebrates; invertebrates, plants; invertebrates, vertebrates; protists; vertebrates",True
MosViR,MosViR,Reservoir or vector prediction,Spinareoviridae,Reovirales,dsRNA,RNA,N,Spinareoviridae,6,input_original/manual_downloads/MosViR/article_supplement/unpacked/SM_TableS1_Andrade_et_al_2024.xlsx,exact_current_family_token_in_virus_lineage,confirmed_from_audited_mapping_table,include_eukaryotic,"fungi; invertebrates; invertebrates, plants; invertebrates, vertebrates; vertebrates",True
MosViR,MosViR,Reservoir or vector prediction,Anelloviridae,Sanitavirales,ssDNA(+/-); ssDNA(-),DNA,N,Anelloviridae,4,input_original/manual_downloads/MosViR/article_supplement/unpacked/SM_TableS1_Andrade_et_al_2024.xlsx,exact_current_family_token_in_virus_lineage,confirmed_from_audited_mapping_table,include_eukaryotic,invertebrates; vertebrates,True
MosViR,MosViR,Reservoir or vector prediction,Astroviridae,Stellavirales,ssRNA(+),RNA,N,Astroviridae,2,input_original/manual_downloads/MosViR/article_supplement/unpacked/SM_TableS1_Andrade_et_al_2024.xlsx,exact_current_family_token_in_virus_lineage,confirmed_from_audited_mapping_table,include_eukaryotic,vertebrates,True
MosViR,MosViR,Reservoir or vector prediction,Tombusviridae,Tolivirales,ssRNA(+),RNA,N,Tombusviridae,3,input_original/manual_downloads/MosViR/article_supplement/unpacked/SM_TableS1_Andrade_et_al_2024.xlsx,exact_current_family_token_in_virus_lineage,confirmed_from_audited_mapping_table,include_eukaryotic,fungi; invertebrates (s); plants; plants (s); vertebrates,True
MosViR,MosViR,Reservoir or vector prediction,Tymoviridae,Tymovirales,ssDNA(+/-); ssRNA(+),Mixed/unknown,N,Tymoviridae,5,input_original/manual_downloads/MosViR/article_supplement/unpacked/SM_TableS1_Andrade_et_al_2024.xlsx,exact_current_family_token_in_virus_lineage,confirmed_from_audited_mapping_table,include_eukaryotic,plants,True
MosViR,MosViR,Reservoir or vector prediction,Narnaviridae,Wolframvirales,ssRNA(+),RNA,N,Narnaviridae,1,input_original/manual_downloads/MosViR/article_supplement/unpacked/SM_TableS1_Andrade_et_al_2024.xlsx,exact_current_family_token_in_virus_lineage,confirmed_from_audited_mapping_table,include_eukaryotic,fungi,True
MosViR,MosViR,Reservoir or vector prediction,Birnaviridae,,dsRNA,RNA,N,Birnaviridae,2,input_original/manual_downloads/MosViR/article_supplement/unpacked/SM_TableS1_Andrade_et_al_2024.xlsx,exact_current_family_token_in_virus_lineage,confirmed_from_audited_mapping_table,include_eukaryotic,invertebrates; vertebrates,False
MosViR,MosViR,Reservoir or vector prediction,Permutotetraviridae,,ssRNA(+),RNA,N,Permutotetraviridae,1,input_original/manual_downloads/MosViR/article_supplement/unpacked/SM_TableS1_Andrade_et_al_2024.xlsx,exact_current_family_token_in_virus_lineage,confirmed_from_audited_mapping_table,include_eukaryotic,invertebrates,False
ViralHostPredictor,ViralHostPredictor,Reservoir or vector prediction,Flaviviridae,Amarillovirales,ssRNA(+),RNA,N,Flaviviridae,54,input_original/manual_downloads/ViralHostPredictor/BabayanEtAl_VirusData.csv,current_family_from_ictv_lineage_name,confirmed_from_audited_mapping_table,include_eukaryotic,"invertebrates; invertebrates, vertebrates; vertebrates",True
ViralHostPredictor,ViralHostPredictor,Reservoir or vector prediction,Hepaciviridae,Amarillovirales,ssRNA(+),RNA,N,Hepaciviridae,13,input_original/manual_downloads/ViralHostPredictor/BabayanEtAl_VirusData.csv,current_family_from_ictv_lineage_name,confirmed_from_audited_mapping_table,include_eukaryotic,vertebrates,True
ViralHostPredictor,ViralHostPredictor,Reservoir or vector prediction,Pestiviridae,Amarillovirales,ssRNA(+),RNA,N,Pestiviridae,11,input_original/manual_downloads/ViralHostPredictor/BabayanEtAl_VirusData.csv,current_family_from_ictv_lineage_name,confirmed_from_audited_mapping_table,include_eukaryotic,invertebrates; plants; vertebrates,True
ViralHostPredictor,ViralHostPredictor,Reservoir or vector prediction,Hantaviridae,Elliovirales,ssRNA(-),RNA,N,Hantaviridae,8,input_original/manual_downloads/ViralHostPredictor/BabayanEtAl_VirusData.csv,current_family_from_ictv_lineage_name,confirmed_from_audited_mapping_table,include_eukaryotic,vertebrates,True
ViralHostPredictor,ViralHostPredictor,Reservoir or vector prediction,Peribunyaviridae,Elliovirales,ssRNA(-),RNA,N,Peribunyaviridae,10,input_original/manual_downloads/ViralHostPredictor/BabayanEtAl_VirusData.csv,current_family_from_ictv_lineage_name; exact_current_ncbi_family,confirmed_from_audited_mapping_table,include_eukaryotic,"invertebrates; invertebrates, vertebrates; vertebrates",True
ViralHostPredictor,ViralHostPredictor,Reservoir or vector prediction,Phasmaviridae,Elliovirales,ssRNA; ssRNA(-),RNA,N,Phasmaviridae,2,input_original/manual_downloads/ViralHostPredictor/BabayanEtAl_VirusData.csv,current_family_from_ictv_lineage_name,confirmed_from_audited_mapping_table,include_eukaryotic,invertebrates; invertebrates (s),True
ViralHostPredictor,ViralHostPredictor,Reservoir or vector prediction,Tospoviridae,Elliovirales,ssRNA(+/-),RNA,N,Tospoviridae,8,input_original/manual_downloads/ViralHostPredictor/BabayanEtAl_VirusData.csv,current_family_from_ictv_lineage_name,confirmed_from_audited_mapping_table,include_eukaryotic,"invertebrates, plants",True
ViralHostPredictor,ViralHostPredictor,Reservoir or vector prediction,Arenaviridae,Hareavirales,ssRNA(+/-); ssRNA(-),RNA,N,Arenaviridae,45,input_original/manual_downloads/ViralHostPredictor/BabayanEtAl_VirusData.csv,current_family_from_ictv_lineage_name; exact_current_ncbi_family,confirmed_from_audited_mapping_table,include_eukaryotic,freshwater (s); vertebrates,True
ViralHostPredictor,ViralHostPredictor,Reservoir or vector prediction,Nairoviridae,Hareavirales,ssRNA(-),RNA,N,Nairoviridae,3,input_original/manual_downloads/ViralHostPredictor/BabayanEtAl_VirusData.csv,current_family_from_ictv_lineage_name,confirmed_from_audited_mapping_table,include_eukaryotic,"invertebrates; invertebrates, vertebrates; vertebrates",True
ViralHostPredictor,ViralHostPredictor,Reservoir or vector prediction,Phenuiviridae,Hareavirales,ssRNA(+/-); ssRNA(-),RNA,N,Phenuiviridae,12,input_original/manual_downloads/ViralHostPredictor/BabayanEtAl_VirusData.csv,current_family_from_ictv_lineage_name,confirmed_from_audited_mapping_table,include_eukaryotic,"fungi; invertebrates; invertebrates, plants; invertebrates, vertebrates; plants; protists; soil (s); vertebrates",True
ViralHostPredictor,ViralHostPredictor,Reservoir or vector prediction,Hepeviridae,Hepelivirales,ssRNA(+); ssRNA(+/-),RNA,N,Hepeviridae,10,input_original/manual_downloads/ViralHostPredictor/BabayanEtAl_VirusData.csv,current_family_from_ictv_lineage_name; exact_current_ncbi_family,confirmed_from_audited_mapping_table,include_eukaryotic,vertebrates,True
ViralHostPredictor,ViralHostPredictor,Reservoir or vector prediction,Matonaviridae,Hepelivirales,ssRNA(+),RNA,N,Matonaviridae,1,input_original/manual_downloads/ViralHostPredictor/BabayanEtAl_VirusData.csv,current_family_from_ictv_lineage_name,confirmed_from_audited_mapping_table,include_eukaryotic,vertebrates,True
ViralHostPredictor,ViralHostPredictor,Reservoir or vector prediction,Togaviridae,Martellivirales,ssRNA(+),RNA,N,Togaviridae,28,input_original/manual_downloads/ViralHostPredictor/BabayanEtAl_VirusData.csv,current_family_from_ictv_lineage_name,confirmed_from_audited_mapping_table,include_eukaryotic,"invertebrates; invertebrates, vertebrates; vertebrates",True
ViralHostPredictor,ViralHostPredictor,Reservoir or vector prediction,Filoviridae,Mononegavirales,ssRNA(-),RNA,N,Filoviridae,7,input_original/manual_downloads/ViralHostPredictor/BabayanEtAl_VirusData.csv,current_family_from_ictv_lineage_name,confirmed_from_audited_mapping_table,include_eukaryotic,vertebrates,True
ViralHostPredictor,ViralHostPredictor,Reservoir or vector prediction,Paramyxoviridae,Mononegavirales,ssRNA(-),RNA,N,Paramyxoviridae,52,input_original/manual_downloads/ViralHostPredictor/BabayanEtAl_VirusData.csv,current_family_from_ictv_lineage_name; exact_current_ncbi_family,confirmed_from_audited_mapping_table,include_eukaryotic,vertebrates,True
ViralHostPredictor,ViralHostPredictor,Reservoir or vector prediction,Pneumoviridae,Mononegavirales,ssRNA(-),RNA,N,Pneumoviridae,6,input_original/manual_downloads/ViralHostPredictor/BabayanEtAl_VirusData.csv,current_family_from_ictv_lineage_name,confirmed_from_audited_mapping_table,include_eukaryotic,vertebrates,True
ViralHostPredictor,ViralHostPredictor,Reservoir or vector prediction,Rhabdoviridae,Mononegavirales,ssRNA(-),RNA,N,Rhabdoviridae,89,input_original/manual_downloads/ViralHostPredictor/BabayanEtAl_VirusData.csv,current_family_from_ictv_lineage_name,confirmed_from_audited_mapping_table,include_eukaryotic,"freshwater (s); invertebrates; invertebrates (s); invertebrates, plants; invertebrates, vertebrates; plants; soil (s); unknown (s); vertebrates",True
ViralHostPredictor,ViralHostPredictor,Reservoir or vector prediction,Sunviridae,Mononegavirales,ssRNA(-),RNA,N,Sunviridae,1,input_original/manual_downloads/ViralHostPredictor/BabayanEtAl_VirusData.csv,current_family_from_ictv_lineage_name,confirmed_from_audited_mapping_table,include_eukaryotic,vertebrates,True
ViralHostPredictor,ViralHostPredictor,Reservoir or vector prediction,Coronaviridae,Nidovirales,ssRNA(+),RNA,N,Coronaviridae,48,input_original/manual_downloads/ViralHostPredictor/BabayanEtAl_VirusData.csv,current_family_from_ictv_lineage_name,confirmed_from_audited_mapping_table,include_eukaryotic,vertebrates,True
ViralHostPredictor,ViralHostPredictor,Reservoir or vector prediction,Tobaniviridae,Nidovirales,ssRNA(+),RNA,N,Tobaniviridae,3,input_original/manual_downloads/ViralHostPredictor/BabayanEtAl_VirusData.csv,current_family_from_ictv_lineage_name,confirmed_from_audited_mapping_table,include_eukaryotic,invertebrates (s); vertebrates,True
ViralHostPredictor,ViralHostPredictor,Reservoir or vector prediction,Caliciviridae,Picornavirales,ssRNA(+),RNA,N,Caliciviridae,36,input_original/manual_downloads/ViralHostPredictor/BabayanEtAl_VirusData.csv,current_family_from_ictv_lineage_name; exact_current_ncbi_family,confirmed_from_audited_mapping_table,include_eukaryotic,vertebrates,True
ViralHostPredictor,ViralHostPredictor,Reservoir or vector prediction,Picornaviridae,Picornavirales,ssRNA(+),RNA,N,Picornaviridae,47,input_original/manual_downloads/ViralHostPredictor/BabayanEtAl_VirusData.csv,current_family_from_ictv_lineage_name; exact_current_ncbi_family,confirmed_from_audited_mapping_table,include_eukaryotic,vertebrates,True
ViralHostPredictor,ViralHostPredictor,Reservoir or vector prediction,Astroviridae,Stellavirales,ssRNA(+),RNA,N,Astroviridae,42,input_original/manual_downloads/ViralHostPredictor/BabayanEtAl_VirusData.csv,current_family_from_ictv_lineage_name; exact_current_ncbi_family,confirmed_from_audited_mapping_table,include_eukaryotic,vertebrates,True
SPHAK,SPHAK,Spillover-risk prioritization,Orthomyxoviridae,Articulavirales,ssRNA(-),RNA,P,Orthomyxoviridae,1227,input_original/manual_downloads/SPHAK/animal_virus_data.csv,exact_current_family,confirmed_from_structured_dataset,include_eukaryotic,"invertebrates; invertebrates, vertebrates; vertebrates",True
SPHAK,SPHAK,Spillover-risk prioritization,Geminiviridae,Geplafuvirales,ssDNA; ssDNA(+/-),DNA,P,Geminiviridae,4081,input_original/manual_downloads/SPHAK/plant_virus_data.csv,exact_current_family,confirmed_from_structured_dataset,include_eukaryotic,"invertebrates; invertebrates, plants; plants",True
SPHAK,SPHAK,Spillover-risk prioritization,Bromoviridae,Martellivirales,ssRNA(+),RNA,P,Bromoviridae,222,input_original/manual_downloads/SPHAK/plant_virus_data.csv,exact_current_family,confirmed_from_structured_dataset,include_eukaryotic,plants,True
SPHAK,SPHAK,Spillover-risk prioritization,Closteroviridae,Martellivirales,ssRNA(+),RNA,P,Closteroviridae,241,input_original/manual_downloads/SPHAK/plant_virus_data.csv,exact_current_family,confirmed_from_structured_dataset,include_eukaryotic,plants,True
SPHAK,SPHAK,Spillover-risk prioritization,Virgaviridae,Martellivirales,ssRNA(+),RNA,P,Virgaviridae,209,input_original/manual_downloads/SPHAK/plant_virus_data.csv,exact_current_family,confirmed_from_structured_dataset,include_eukaryotic,plants,True
SPHAK,SPHAK,Spillover-risk prioritization,Paramyxoviridae,Mononegavirales,ssRNA(-),RNA,P,Paramyxoviridae,1764,input_original/manual_downloads/SPHAK/animal_virus_data.csv,exact_current_family,confirmed_from_structured_dataset,include_eukaryotic,vertebrates,True
SPHAK,SPHAK,Spillover-risk prioritization,Pneumoviridae,Mononegavirales,ssRNA(-),RNA,P,Pneumoviridae,238,input_original/manual_downloads/SPHAK/animal_virus_data.csv,exact_current_family,confirmed_from_structured_dataset,include_eukaryotic,vertebrates,True
SPHAK,SPHAK,Spillover-risk prioritization,Nanoviridae,Mulpavirales,ssDNA(+),DNA,P,Nanoviridae,141,input_original/manual_downloads/SPHAK/plant_virus_data.csv,exact_current_family,confirmed_from_structured_dataset,include_eukaryotic,plants,True
SPHAK,SPHAK,Spillover-risk prioritization,Coronaviridae,Nidovirales,ssRNA(+),RNA,P,Coronaviridae,897,input_original/manual_downloads/SPHAK/animal_virus_data.csv,exact_current_family,confirmed_from_structured_dataset,include_eukaryotic,vertebrates,True
SPHAK,SPHAK,Spillover-risk prioritization,Retroviridae,Ortervirales,ssRNA-RT,Reverse-transcribing,P,Retroviridae,292,input_original/manual_downloads/SPHAK/animal_virus_data.csv,exact_current_family,confirmed_from_structured_dataset,include_eukaryotic,vertebrates,True
SPHAK,SPHAK,Spillover-risk prioritization,Potyviridae,Patatavirales,ssRNA(+),RNA,P,Potyviridae,118,input_original/manual_downloads/SPHAK/plant_virus_data.csv,exact_current_family,confirmed_from_structured_dataset,include_eukaryotic,plants,True
SPHAK,SPHAK,Spillover-risk prioritization,Parvoviridae,Piccovirales,ssDNA; ssDNA(+/-),DNA,P,Parvoviridae,226,input_original/manual_downloads/SPHAK/animal_virus_data.csv,exact_current_family,confirmed_from_structured_dataset,include_eukaryotic,"invertebrates; invertebrates, vertebrates; vertebrates",True
SPHAK,SPHAK,Spillover-risk prioritization,Caliciviridae,Picornavirales,ssRNA(+),RNA,P,Caliciviridae,666,input_original/manual_downloads/SPHAK/animal_virus_data.csv,exact_current_family,confirmed_from_structured_dataset,include_eukaryotic,vertebrates,True
SPHAK,SPHAK,Spillover-risk prioritization,Adenoviridae,Rowavirales,dsDNA,DNA,P,Adenoviridae,156,input_original/manual_downloads/SPHAK/animal_virus_data.csv,exact_current_family,confirmed_from_structured_dataset,include_eukaryotic,vertebrates,True
SPHAK,SPHAK,Spillover-risk prioritization,Anelloviridae,Sanitavirales,ssDNA(+/-); ssDNA(-),DNA,P,Anelloviridae,3713,input_original/manual_downloads/SPHAK/animal_virus_data.csv,exact_current_family,confirmed_from_structured_dataset,include_eukaryotic,invertebrates; vertebrates,True
SPHAK,SPHAK,Spillover-risk prioritization,Polyomaviridae,Sepolyvirales,dsDNA,DNA,P,Polyomaviridae,381,input_original/manual_downloads/SPHAK/animal_virus_data.csv,exact_current_family,confirmed_from_structured_dataset,include_eukaryotic,vertebrates,True
SPHAK,SPHAK,Spillover-risk prioritization,Astroviridae,Stellavirales,ssRNA(+),RNA,P,Astroviridae,305,input_original/manual_downloads/SPHAK/animal_virus_data.csv,exact_current_family,confirmed_from_structured_dataset,include_eukaryotic,vertebrates,True
SPHAK,SPHAK,Spillover-risk prioritization,Papillomaviridae,Zurhausenvirales,dsDNA,DNA,P,Papillomaviridae,1190,input_original/manual_downloads/SPHAK/animal_virus_data.csv,exact_current_family,confirmed_from_structured_dataset,include_eukaryotic,vertebrates,True
EvoMIL,EvoMIL,Virus–host association scoring,Flaviviridae,Amarillovirales,ssRNA(+),RNA,H,Flaviviridae,96,input_original/manual_downloads/EvoMIL/evomil_vhdb_2021_author_snapshot.csv,current_ncbi_lineage:exact_current_family,confirmed_from_audited_mapping_table,include_eukaryotic,"invertebrates; invertebrates, vertebrates; vertebrates",True
EvoMIL,EvoMIL,Virus–host association scoring,Hepaciviridae,Amarillovirales,ssRNA(+),RNA,H,Hepaciviridae,50,input_original/manual_downloads/EvoMIL/evomil_vhdb_2021_author_snapshot.csv,current_ncbi_lineage:exact_current_family; exact_vmr_accession,confirmed_from_audited_mapping_table,include_eukaryotic,vertebrates,True
EvoMIL,EvoMIL,Virus–host association scoring,Pestiviridae,Amarillovirales,ssRNA(+),RNA,H,Pestiviridae,23,input_original/manual_downloads/EvoMIL/evomil_vhdb_2021_author_snapshot.csv,current_ncbi_lineage:exact_current_family,confirmed_from_audited_mapping_table,include_eukaryotic,invertebrates; plants; vertebrates,True
EvoMIL,EvoMIL,Virus–host association scoring,Orthomyxoviridae,Articulavirales,ssRNA(-),RNA,H,Orthomyxoviridae,37,input_original/manual_downloads/EvoMIL/evomil_vhdb_2021_author_snapshot.csv,current_ncbi_lineage:exact_current_family,confirmed_from_audited_mapping_table,include_eukaryotic,"invertebrates; invertebrates, vertebrates; vertebrates",True
EvoMIL,EvoMIL,Virus–host association scoring,Asfarviridae,Asfuvirales,dsDNA,DNA,H,Asfarviridae,6,input_original/manual_downloads/EvoMIL/evomil_vhdb_2021_author_snapshot.csv,current_ncbi_lineage:exact_current_family,confirmed_from_audited_mapping_table,include_eukaryotic,"invertebrates, vertebrates",True
EvoMIL,EvoMIL,Virus–host association scoring,Hepadnaviridae,Blubervirales,dsDNA-RT,Reverse-transcribing,H,Hepadnaviridae,21,input_original/manual_downloads/EvoMIL/evomil_vhdb_2021_author_snapshot.csv,current_ncbi_lineage:exact_current_family,confirmed_from_audited_mapping_table,include_eukaryotic,vertebrates,True
EvoMIL,EvoMIL,Virus–host association scoring,Poxviridae,Chitovirales,dsDNA,DNA,H,Poxviridae,51,input_original/manual_downloads/EvoMIL/evomil_vhdb_2021_author_snapshot.csv,current_ncbi_lineage:exact_current_family,confirmed_from_audited_mapping_table,include_eukaryotic,invertebrates; vertebrates,True
EvoMIL,EvoMIL,Virus–host association scoring,Circoviridae,Cirlivirales,ssDNA; ssDNA(+/-),DNA,H,Circoviridae,61,input_original/manual_downloads/EvoMIL/evomil_vhdb_2021_author_snapshot.csv,current_ncbi_lineage:exact_current_family,confirmed_from_audited_mapping_table,include_eukaryotic,invertebrates; plants (s); vertebrates,True
EvoMIL,EvoMIL,Virus–host association scoring,Endolinaviridae,Cirlivirales,ssDNA(+/-),DNA,H,Endolinaviridae,3,input_original/manual_downloads/EvoMIL/evomil_vhdb_2021_author_snapshot.csv,current_ncbi_lineage:exact_current_family; exact_vmr_name,confirmed_from_audited_mapping_table,include_eukaryotic,vertebrates,True
EvoMIL,EvoMIL,Virus–host association scoring,Vilyaviridae,Cirlivirales,ssDNA; ssDNA(+/-),DNA,H,Vilyaviridae,1,input_original/manual_downloads/EvoMIL/evomil_vhdb_2021_author_snapshot.csv,current_ncbi_lineage:exact_current_family,confirmed_from_audited_mapping_table,include_eukaryotic,protists (s); vertebrates,True
EvoMIL,EvoMIL,Virus–host association scoring,Mitoviridae,Cryppavirales,ssRNA(+),RNA,H,Mitoviridae,1,input_original/manual_downloads/EvoMIL/evomil_vhdb_2021_author_snapshot.csv,current_ncbi_lineage:exact_current_family,confirmed_from_audited_mapping_table,include_eukaryotic,fungi; plants,True
EvoMIL,EvoMIL,Virus–host association scoring,Amalgaviridae,Durnavirales,dsRNA,RNA,H,Amalgaviridae,2,input_original/manual_downloads/EvoMIL/evomil_vhdb_2021_author_snapshot.csv,current_ncbi_lineage:exact_current_family,confirmed_from_audited_mapping_table,include_eukaryotic,fungi; plants,True
EvoMIL,EvoMIL,Virus–host association scoring,Partitiviridae,Durnavirales,dsRNA,RNA,H,Partitiviridae,7,input_original/manual_downloads/EvoMIL/evomil_vhdb_2021_author_snapshot.csv,current_ncbi_lineage:exact_current_family,confirmed_from_audited_mapping_table,include_eukaryotic,fungi; plants; protists,True
EvoMIL,EvoMIL,Virus–host association scoring,Fimoviridae,Elliovirales,ssRNA(-),RNA,H,Fimoviridae,3,input_original/manual_downloads/EvoMIL/evomil_vhdb_2021_author_snapshot.csv,current_ncbi_lineage:exact_current_family,confirmed_from_audited_mapping_table,include_eukaryotic,plants,True
EvoMIL,EvoMIL,Virus–host association scoring,Hantaviridae,Elliovirales,ssRNA(-),RNA,H,Hantaviridae,13,input_original/manual_downloads/EvoMIL/evomil_vhdb_2021_author_snapshot.csv,current_ncbi_lineage:exact_current_family; exact_vmr_accession,confirmed_from_audited_mapping_table,include_eukaryotic,vertebrates,True
EvoMIL,EvoMIL,Virus–host association scoring,Peribunyaviridae,Elliovirales,ssRNA(-),RNA,H,Peribunyaviridae,55,input_original/manual_downloads/EvoMIL/evomil_vhdb_2021_author_snapshot.csv,current_ncbi_lineage:exact_current_family,confirmed_from_audited_mapping_table,include_eukaryotic,"invertebrates; invertebrates, vertebrates; vertebrates",True
EvoMIL,EvoMIL,Virus–host association scoring,Tospoviridae,Elliovirales,ssRNA(+/-),RNA,H,Tospoviridae,32,input_original/manual_downloads/EvoMIL/evomil_vhdb_2021_author_snapshot.csv,current_ncbi_lineage:exact_current_family,confirmed_from_audited_mapping_table,include_eukaryotic,"invertebrates, plants",True
EvoMIL,EvoMIL,Virus–host association scoring,Geminiviridae,Geplafuvirales,ssDNA; ssDNA(+/-),DNA,H,Geminiviridae,434,input_original/manual_downloads/EvoMIL/evomil_vhdb_2021_author_snapshot.csv,current_ncbi_lineage:exact_current_family; exact_vmr_accession,confirmed_from_audited_mapping_table,include_eukaryotic,"invertebrates; invertebrates, plants; plants",True
EvoMIL,EvoMIL,Virus–host association scoring,Genomoviridae,Geplafuvirales,ssDNA(+/-),DNA,H,Genomoviridae,26,input_original/manual_downloads/EvoMIL/evomil_vhdb_2021_author_snapshot.csv,current_ncbi_lineage:exact_current_family,confirmed_from_audited_mapping_table,include_eukaryotic,"fungi; invertebrates; invertebrates, vertebrates; plants; sewage (s); vertebrates",True
EvoMIL,EvoMIL,Virus–host association scoring,Chrysoviridae,Ghabrivirales,dsRNA,RNA,H,Chrysoviridae,1,input_original/manual_downloads/EvoMIL/evomil_vhdb_2021_author_snapshot.csv,current_ncbi_lineage:exact_current_family,confirmed_from_audited_mapping_table,include_eukaryotic,fungi; invertebrates (s); plants (s),True
EvoMIL,EvoMIL,Virus–host association scoring,Orthototiviridae,Ghabrivirales,dsRNA,RNA,H,Orthototiviridae,3,input_original/manual_downloads/EvoMIL/evomil_vhdb_2021_author_snapshot.csv,current_ncbi_lineage:exact_current_family,confirmed_from_audited_mapping_table,include_eukaryotic,fungi; invertebrates; plants; protists (s),True
EvoMIL,EvoMIL,Virus–host association scoring,Arenaviridae,Hareavirales,ssRNA(+/-); ssRNA(-),RNA,H,Arenaviridae,14,input_original/manual_downloads/EvoMIL/evomil_vhdb_2021_author_snapshot.csv,current_ncbi_lineage:exact_current_family,confirmed_from_audited_mapping_table,include_eukaryotic,freshwater (s); vertebrates,True
EvoMIL,EvoMIL,Virus–host association scoring,Nairoviridae,Hareavirales,ssRNA(-),RNA,H,Nairoviridae,3,input_original/manual_downloads/EvoMIL/evomil_vhdb_2021_author_snapshot.csv,current_ncbi_lineage:exact_current_family,confirmed_from_audited_mapping_table,include_eukaryotic,"invertebrates; invertebrates, vertebrates; vertebrates",True
EvoMIL,EvoMIL,Virus–host association scoring,Phenuiviridae,Hareavirales,ssRNA(+/-); ssRNA(-),RNA,H,Phenuiviridae,41,input_original/manual_downloads/EvoMIL/evomil_vhdb_2021_author_snapshot.csv,current_ncbi_lineage:exact_current_family; exact_vmr_accession,confirmed_from_audited_mapping_table,include_eukaryotic,"fungi; invertebrates; invertebrates, plants; invertebrates, vertebrates; plants; protists; soil (s); vertebrates",True
EvoMIL,EvoMIL,Virus–host association scoring,Alphatetraviridae,Hepelivirales,ssRNA(+),RNA,H,Alphatetraviridae,1,input_original/manual_downloads/EvoMIL/evomil_vhdb_2021_author_snapshot.csv,current_ncbi_lineage:exact_current_family,confirmed_from_audited_mapping_table,include_eukaryotic,invertebrates,True
EvoMIL,EvoMIL,Virus–host association scoring,Benyviridae,Hepelivirales,ssRNA(+),RNA,H,Benyviridae,4,input_original/manual_downloads/EvoMIL/evomil_vhdb_2021_author_snapshot.csv,current_ncbi_lineage:exact_current_family,confirmed_from_audited_mapping_table,include_eukaryotic,plants,True
EvoMIL,EvoMIL,Virus–host association scoring,Hepeviridae,Hepelivirales,ssRNA(+); ssRNA(+/-),RNA,H,Hepeviridae,11,input_original/manual_downloads/EvoMIL/evomil_vhdb_2021_author_snapshot.csv,current_ncbi_lineage:exact_current_family,confirmed_from_audited_mapping_table,include_eukaryotic,vertebrates,True
EvoMIL,EvoMIL,Virus–host association scoring,Matonaviridae,Hepelivirales,ssRNA(+),RNA,H,Matonaviridae,1,input_original/manual_downloads/EvoMIL/evomil_vhdb_2021_author_snapshot.csv,current_ncbi_lineage:exact_current_family,confirmed_from_audited_mapping_table,include_eukaryotic,vertebrates,True
EvoMIL,EvoMIL,Virus–host association scoring,Orthoherpesviridae,Herpesvirales,dsDNA,DNA,H,Orthoherpesviridae,75,input_original/manual_downloads/EvoMIL/evomil_vhdb_2021_author_snapshot.csv,current_ncbi_lineage:exact_current_family; exact_vmr_accession,confirmed_from_audited_mapping_table,include_eukaryotic,vertebrates,True
EvoMIL,EvoMIL,Virus–host association scoring,Oomyviridae,Lineavirales,ssDNA,DNA,H,Oomyviridae,6,input_original/manual_downloads/EvoMIL/evomil_vhdb_2021_author_snapshot.csv,current_ncbi_lineage:exact_current_family,confirmed_from_audited_mapping_table,include_eukaryotic,"invertebrates, vertebrates",True
EvoMIL,EvoMIL,Virus–host association scoring,Bromoviridae,Martellivirales,ssRNA(+),RNA,H,Bromoviridae,43,input_original/manual_downloads/EvoMIL/evomil_vhdb_2021_author_snapshot.csv,current_ncbi_lineage:exact_current_family,confirmed_from_audited_mapping_table,include_eukaryotic,plants,True
EvoMIL,EvoMIL,Virus–host association scoring,Closteroviridae,Martellivirales,ssRNA(+),RNA,H,Closteroviridae,26,input_original/manual_downloads/EvoMIL/evomil_vhdb_2021_author_snapshot.csv,current_ncbi_lineage:exact_current_family,confirmed_from_audited_mapping_table,include_eukaryotic,plants,True
EvoMIL,EvoMIL,Virus–host association scoring,Endornaviridae,Martellivirales,ssRNA(+),RNA,H,Endornaviridae,5,input_original/manual_downloads/EvoMIL/evomil_vhdb_2021_author_snapshot.csv,current_ncbi_lineage:exact_current_family,confirmed_from_audited_mapping_table,include_eukaryotic,fungi; plants; protists,True
EvoMIL,EvoMIL,Virus–host association scoring,Mayoviridae,Martellivirales,ssRNA(+),RNA,H,Mayoviridae,1,input_original/manual_downloads/EvoMIL/evomil_vhdb_2021_author_snapshot.csv,current_ncbi_lineage:exact_current_family,confirmed_from_audited_mapping_table,include_eukaryotic,plants,True
EvoMIL,EvoMIL,Virus–host association scoring,Togaviridae,Martellivirales,ssRNA(+),RNA,H,Togaviridae,46,input_original/manual_downloads/EvoMIL/evomil_vhdb_2021_author_snapshot.csv,current_ncbi_lineage:exact_current_family; exact_vmr_accession,confirmed_from_audited_mapping_table,include_eukaryotic,"invertebrates; invertebrates, vertebrates; vertebrates",True
EvoMIL,EvoMIL,Virus–host association scoring,Virgaviridae,Martellivirales,ssRNA(+),RNA,H,Virgaviridae,57,input_original/manual_downloads/EvoMIL/evomil_vhdb_2021_author_snapshot.csv,current_ncbi_lineage:exact_current_family,confirmed_from_audited_mapping_table,include_eukaryotic,plants,True
EvoMIL,EvoMIL,Virus–host association scoring,Bornaviridae,Mononegavirales,ssRNA(-),RNA,H,Bornaviridae,7,input_original/manual_downloads/EvoMIL/evomil_vhdb_2021_author_snapshot.csv,current_ncbi_lineage:exact_current_family,confirmed_from_audited_mapping_table,include_eukaryotic,vertebrates,True
EvoMIL,EvoMIL,Virus–host association scoring,Filoviridae,Mononegavirales,ssRNA(-),RNA,H,Filoviridae,21,input_original/manual_downloads/EvoMIL/evomil_vhdb_2021_author_snapshot.csv,current_ncbi_lineage:exact_current_family; exact_vmr_accession,confirmed_from_audited_mapping_table,include_eukaryotic,vertebrates,True
EvoMIL,EvoMIL,Virus–host association scoring,Nyamiviridae,Mononegavirales,ssRNA(-),RNA,H,Nyamiviridae,1,input_original/manual_downloads/EvoMIL/evomil_vhdb_2021_author_snapshot.csv,current_ncbi_lineage:exact_current_family,confirmed_from_audited_mapping_table,include_eukaryotic,"invertebrates; invertebrates, vertebrates; vertebrates",True
EvoMIL,EvoMIL,Virus–host association scoring,Paramyxoviridae,Mononegavirales,ssRNA(-),RNA,H,Paramyxoviridae,122,input_original/manual_downloads/EvoMIL/evomil_vhdb_2021_author_snapshot.csv,current_ncbi_lineage:exact_current_family; exact_vmr_accession,confirmed_from_audited_mapping_table,include_eukaryotic,vertebrates,True
EvoMIL,EvoMIL,Virus–host association scoring,Pneumoviridae,Mononegavirales,ssRNA(-),RNA,H,Pneumoviridae,15,input_original/manual_downloads/EvoMIL/evomil_vhdb_2021_author_snapshot.csv,current_ncbi_lineage:exact_current_family; exact_vmr_accession,confirmed_from_audited_mapping_table,include_eukaryotic,vertebrates,True
EvoMIL,EvoMIL,Virus–host association scoring,Rhabdoviridae,Mononegavirales,ssRNA(-),RNA,H,Rhabdoviridae,65,input_original/manual_downloads/EvoMIL/evomil_vhdb_2021_author_snapshot.csv,current_ncbi_lineage:exact_current_family,confirmed_from_audited_mapping_table,include_eukaryotic,"freshwater (s); invertebrates; invertebrates (s); invertebrates, plants; invertebrates, vertebrates; plants; soil (s); unknown (s); vertebrates",True
EvoMIL,EvoMIL,Virus–host association scoring,Nanoviridae,Mulpavirales,ssDNA(+),DNA,H,Nanoviridae,13,input_original/manual_downloads/EvoMIL/evomil_vhdb_2021_author_snapshot.csv,current_ncbi_lineage:exact_current_family,confirmed_from_audited_mapping_table,include_eukaryotic,plants,True
EvoMIL,EvoMIL,Virus–host association scoring,Aspiviridae,Naedrevirales,ssRNA(-),RNA,H,Aspiviridae,3,input_original/manual_downloads/EvoMIL/evomil_vhdb_2021_author_snapshot.csv,current_ncbi_lineage:exact_current_family; exact_vmr_accession,confirmed_from_audited_mapping_table,include_eukaryotic,plants,True
EvoMIL,EvoMIL,Virus–host association scoring,Arteriviridae,Nidovirales,ssRNA(+),RNA,H,Arteriviridae,9,input_original/manual_downloads/EvoMIL/evomil_vhdb_2021_author_snapshot.csv,current_ncbi_lineage:exact_current_family,confirmed_from_audited_mapping_table,include_eukaryotic,vertebrates,True
EvoMIL,EvoMIL,Virus–host association scoring,Coronaviridae,Nidovirales,ssRNA(+),RNA,H,Coronaviridae,122,input_original/manual_downloads/EvoMIL/evomil_vhdb_2021_author_snapshot.csv,current_ncbi_lineage:exact_current_family; exact_vmr_accession,confirmed_from_audited_mapping_table,include_eukaryotic,vertebrates,True
EvoMIL,EvoMIL,Virus–host association scoring,Mesoniviridae,Nidovirales,ssRNA(+),RNA,H,Mesoniviridae,2,input_original/manual_downloads/EvoMIL/evomil_vhdb_2021_author_snapshot.csv,current_ncbi_lineage:exact_current_family,confirmed_from_audited_mapping_table,include_eukaryotic,invertebrates,True
EvoMIL,EvoMIL,Virus–host association scoring,Tobaniviridae,Nidovirales,ssRNA(+),RNA,H,Tobaniviridae,6,input_original/manual_downloads/EvoMIL/evomil_vhdb_2021_author_snapshot.csv,current_ncbi_lineage:exact_current_family,confirmed_from_audited_mapping_table,include_eukaryotic,invertebrates (s); vertebrates,True
EvoMIL,EvoMIL,Virus–host association scoring,Nodaviridae,Nodamuvirales,ssRNA(+),RNA,H,Nodaviridae,2,input_original/manual_downloads/EvoMIL/evomil_vhdb_2021_author_snapshot.csv,current_ncbi_lineage:exact_current_family,confirmed_from_audited_mapping_table,include_eukaryotic,invertebrates; vertebrates,True
EvoMIL,EvoMIL,Virus–host association scoring,Caulimoviridae,Ortervirales,dsDNA; dsDNA-RT,Reverse-transcribing,H,Caulimoviridae,16,input_original/manual_downloads/EvoMIL/evomil_vhdb_2021_author_snapshot.csv,current_ncbi_lineage:exact_current_family,confirmed_from_audited_mapping_table,include_eukaryotic,plants,True
EvoMIL,EvoMIL,Virus–host association scoring,Retroviridae,Ortervirales,ssRNA-RT,Reverse-transcribing,H,Retroviridae,110,input_original/manual_downloads/EvoMIL/evomil_vhdb_2021_author_snapshot.csv,current_ncbi_lineage:exact_current_family; exact_vmr_accession,confirmed_from_audited_mapping_table,include_eukaryotic,vertebrates,True
EvoMIL,EvoMIL,Virus–host association scoring,Botourmiaviridae,Ourlivirales,ssRNA(+),RNA,H,Botourmiaviridae,2,input_original/manual_downloads/EvoMIL/evomil_vhdb_2021_author_snapshot.csv,current_ncbi_lineage:exact_current_family,confirmed_from_audited_mapping_table,include_eukaryotic,fungi; plants; unknown (s),True
EvoMIL,EvoMIL,Virus–host association scoring,Ourmiaviridae,Ourlivirales,ssRNA(+),RNA,H,Ourmiaviridae,3,input_original/manual_downloads/EvoMIL/evomil_vhdb_2021_author_snapshot.csv,current_ncbi_lineage:exact_current_family,confirmed_from_audited_mapping_table,include_eukaryotic,freshwater (s); invertebrates (s); plants; plants (s); soil (s),True
EvoMIL,EvoMIL,Virus–host association scoring,Potyviridae,Patatavirales,ssRNA(+),RNA,H,Potyviridae,102,input_original/manual_downloads/EvoMIL/evomil_vhdb_2021_author_snapshot.csv,current_ncbi_lineage:exact_current_family; exact_vmr_accession,confirmed_from_audited_mapping_table,include_eukaryotic,plants,True
EvoMIL,EvoMIL,Virus–host association scoring,Parvoviridae,Piccovirales,ssDNA; ssDNA(+/-),DNA,H,Parvoviridae,107,input_original/manual_downloads/EvoMIL/evomil_vhdb_2021_author_snapshot.csv,current_ncbi_lineage:exact_current_family; exact_vmr_accession,confirmed_from_audited_mapping_table,include_eukaryotic,"invertebrates; invertebrates, vertebrates; vertebrates",True
EvoMIL,EvoMIL,Virus–host association scoring,Caliciviridae,Picornavirales,ssRNA(+),RNA,H,Caliciviridae,389,input_original/manual_downloads/EvoMIL/evomil_vhdb_2021_author_snapshot.csv,current_ncbi_lineage:exact_current_family; exact_vmr_accession,confirmed_from_audited_mapping_table,include_eukaryotic,vertebrates,True
EvoMIL,EvoMIL,Virus–host association scoring,Iflaviridae,Picornavirales,ssRNA(+),RNA,H,Iflaviridae,1,input_original/manual_downloads/EvoMIL/evomil_vhdb_2021_author_snapshot.csv,current_ncbi_lineage:exact_current_family,confirmed_from_audited_mapping_table,include_eukaryotic,invertebrates,True
EvoMIL,EvoMIL,Virus–host association scoring,Picornaviridae,Picornavirales,ssRNA(+),RNA,H,Picornaviridae,408,input_original/manual_downloads/EvoMIL/evomil_vhdb_2021_author_snapshot.csv,current_ncbi_lineage:exact_current_family; exact_vmr_accession,confirmed_from_audited_mapping_table,include_eukaryotic,vertebrates,True
EvoMIL,EvoMIL,Virus–host association scoring,Secoviridae,Picornavirales,ssRNA(+),RNA,H,Secoviridae,81,input_original/manual_downloads/EvoMIL/evomil_vhdb_2021_author_snapshot.csv,current_ncbi_lineage:exact_current_family,confirmed_from_audited_mapping_table,include_eukaryotic,phytobiome (s); plants,True
EvoMIL,EvoMIL,Virus–host association scoring,Marseilleviridae,Pimascovirales,dsDNA,DNA,H,Marseilleviridae,1,input_original/manual_downloads/EvoMIL/evomil_vhdb_2021_author_snapshot.csv,current_ncbi_lineage:exact_current_family,confirmed_from_audited_mapping_table,include_eukaryotic,protists,True
EvoMIL,EvoMIL,Virus–host association scoring,Redondoviridae,Recrevirales,ssDNA(+/-),DNA,H,Redondoviridae,1,input_original/manual_downloads/EvoMIL/evomil_vhdb_2021_author_snapshot.csv,current_ncbi_lineage:exact_current_family,confirmed_from_audited_mapping_table,include_eukaryotic,vertebrates,True
EvoMIL,EvoMIL,Virus–host association scoring,Sedoreoviridae,Reovirales,dsRNA,RNA,H,Sedoreoviridae,52,input_original/manual_downloads/EvoMIL/evomil_vhdb_2021_author_snapshot.csv,current_ncbi_lineage:exact_current_family,confirmed_from_audited_mapping_table,include_eukaryotic,"invertebrates; invertebrates, plants; invertebrates, vertebrates; protists; vertebrates",True
EvoMIL,EvoMIL,Virus–host association scoring,Spinareoviridae,Reovirales,dsRNA,RNA,H,Spinareoviridae,11,input_original/manual_downloads/EvoMIL/evomil_vhdb_2021_author_snapshot.csv,current_ncbi_lineage:exact_current_family,confirmed_from_audited_mapping_table,include_eukaryotic,"fungi; invertebrates; invertebrates, plants; invertebrates, vertebrates; vertebrates",True
EvoMIL,EvoMIL,Virus–host association scoring,Pecoviridae,Ringavirales,ssDNA(+/-),DNA,H,Pecoviridae,1,input_original/manual_downloads/EvoMIL/evomil_vhdb_2021_author_snapshot.csv,current_ncbi_lineage:exact_current_family,confirmed_from_audited_mapping_table,include_eukaryotic,vertebrates,True
EvoMIL,EvoMIL,Virus–host association scoring,Kirkoviridae,Rohanvirales,ssDNA(+/-),DNA,H,Kirkoviridae,4,input_original/manual_downloads/EvoMIL/evomil_vhdb_2021_author_snapshot.csv,current_ncbi_lineage:exact_current_family,confirmed_from_audited_mapping_table,include_eukaryotic,vertebrates,True
EvoMIL,EvoMIL,Virus–host association scoring,Adenoviridae,Rowavirales,dsDNA,DNA,H,Adenoviridae,182,input_original/manual_downloads/EvoMIL/evomil_vhdb_2021_author_snapshot.csv,current_ncbi_lineage:exact_current_family; exact_vmr_accession,confirmed_from_audited_mapping_table,include_eukaryotic,vertebrates,True
EvoMIL,EvoMIL,Virus–host association scoring,Anelloviridae,Sanitavirales,ssDNA(+/-); ssDNA(-),DNA,H,Anelloviridae,85,input_original/manual_downloads/EvoMIL/evomil_vhdb_2021_author_snapshot.csv,current_ncbi_lineage:exact_current_family,confirmed_from_audited_mapping_table,include_eukaryotic,invertebrates; vertebrates,True
EvoMIL,EvoMIL,Virus–host association scoring,Polyomaviridae,Sepolyvirales,dsDNA,DNA,H,Polyomaviridae,53,input_original/manual_downloads/EvoMIL/evomil_vhdb_2021_author_snapshot.csv,current_ncbi_lineage:exact_current_family; exact_vmr_accession,confirmed_from_audited_mapping_table,include_eukaryotic,vertebrates,True
EvoMIL,EvoMIL,Virus–host association scoring,Solemoviridae,Sobelivirales,ssRNA(+),RNA,H,Solemoviridae,38,input_original/manual_downloads/EvoMIL/evomil_vhdb_2021_author_snapshot.csv,current_ncbi_lineage:exact_current_family,confirmed_from_audited_mapping_table,include_eukaryotic,fungi; plants,True
EvoMIL,EvoMIL,Virus–host association scoring,Astroviridae,Stellavirales,ssRNA(+),RNA,H,Astroviridae,54,input_original/manual_downloads/EvoMIL/evomil_vhdb_2021_author_snapshot.csv,current_ncbi_lineage:exact_current_family,confirmed_from_audited_mapping_table,include_eukaryotic,vertebrates,True
EvoMIL,EvoMIL,Virus–host association scoring,Tombusviridae,Tolivirales,ssRNA(+),RNA,H,Tombusviridae,73,input_original/manual_downloads/EvoMIL/evomil_vhdb_2021_author_snapshot.csv,current_ncbi_lineage:exact_current_family; exact_vmr_accession,confirmed_from_audited_mapping_table,include_eukaryotic,fungi; invertebrates (s); plants; plants (s); vertebrates,True
EvoMIL,EvoMIL,Virus–host association scoring,Tomosaviridae,Tombendovirales,ssRNA(+),RNA,H,Tomosaviridae,3,input_original/manual_downloads/EvoMIL/evomil_vhdb_2021_author_snapshot.csv,current_ncbi_lineage:exact_current_family,confirmed_from_audited_mapping_table,include_eukaryotic,plants,True
EvoMIL,EvoMIL,Virus–host association scoring,Alphaflexiviridae,Tymovirales,ssRNA(+),RNA,H,Alphaflexiviridae,16,input_original/manual_downloads/EvoMIL/evomil_vhdb_2021_author_snapshot.csv,current_ncbi_lineage:exact_current_family,confirmed_from_audited_mapping_table,include_eukaryotic,fungi; plants,True
EvoMIL,EvoMIL,Virus–host association scoring,Betaflexiviridae,Tymovirales,ssRNA(+),RNA,H,Betaflexiviridae,32,input_original/manual_downloads/EvoMIL/evomil_vhdb_2021_author_snapshot.csv,current_ncbi_lineage:exact_current_family; exact_vmr_accession,confirmed_from_audited_mapping_table,include_eukaryotic,plants,True
EvoMIL,EvoMIL,Virus–host association scoring,Deltaflexiviridae,Tymovirales,ssRNA(+),RNA,H,Deltaflexiviridae,1,input_original/manual_downloads/EvoMIL/evomil_vhdb_2021_author_snapshot.csv,current_ncbi_lineage:exact_current_family,confirmed_from_audited_mapping_table,include_eukaryotic,fungi,True
EvoMIL,EvoMIL,Virus–host association scoring,Tymoviridae,Tymovirales,ssDNA(+/-); ssRNA(+),Mixed/unknown,H,Tymoviridae,29,input_original/manual_downloads/EvoMIL/evomil_vhdb_2021_author_snapshot.csv,current_ncbi_lineage:exact_current_family,confirmed_from_audited_mapping_table,include_eukaryotic,plants,True
EvoMIL,EvoMIL,Virus–host association scoring,Papillomaviridae,Zurhausenvirales,dsDNA,DNA,H,Papillomaviridae,251,input_original/manual_downloads/EvoMIL/evomil_vhdb_2021_author_snapshot.csv,current_ncbi_lineage:exact_current_family; exact_vmr_accession,confirmed_from_audited_mapping_table,include_eukaryotic,vertebrates,True
EvoMIL,EvoMIL,Virus–host association scoring,Alphasatellitidae,,ssDNA; ssDNA(+); ssDNA(+/-),DNA,H,Alphasatellitidae,43,input_original/manual_downloads/EvoMIL/evomil_vhdb_2021_author_snapshot.csv,current_ncbi_lineage:exact_current_family,confirmed_from_audited_mapping_table,include_eukaryotic,invertebrates; plants; plants (s),False
EvoMIL,EvoMIL,Virus–host association scoring,Birnaviridae,,dsRNA,RNA,H,Birnaviridae,2,input_original/manual_downloads/EvoMIL/evomil_vhdb_2021_author_snapshot.csv,current_ncbi_lineage:exact_current_family,confirmed_from_audited_mapping_table,include_eukaryotic,invertebrates; vertebrates,False
EvoMIL,EvoMIL,Virus–host association scoring,Kolmioviridae,,ssRNA(-),RNA,H,Kolmioviridae,2,input_original/manual_downloads/EvoMIL/evomil_vhdb_2021_author_snapshot.csv,current_ncbi_lineage:exact_current_family,confirmed_from_audited_mapping_table,include_eukaryotic,invertebrates; vertebrates,False
EvoMIL,EvoMIL,Virus–host association scoring,Pospiviroidae,,ssRNA,RNA,H,Pospiviroidae,20,input_original/manual_downloads/EvoMIL/evomil_vhdb_2021_author_snapshot.csv,current_ncbi_lineage:exact_current_family,confirmed_from_audited_mapping_table,include_eukaryotic,plants,False
EvoMIL,EvoMIL,Virus–host association scoring,Tolecusatellitidae,,ssDNA; ssDNA(+/-); ssDNA(-),DNA,H,Tolecusatellitidae,77,input_original/manual_downloads/EvoMIL/evomil_vhdb_2021_author_snapshot.csv,current_ncbi_lineage:exact_current_family; exact_vmr_accession,confirmed_from_audited_mapping_table,include_eukaryotic,plants,False
EvoMIL,EvoMIL,Virus–host association scoring,Tonesaviridae,,ssRNA(+),RNA,H,Tonesaviridae,4,input_original/manual_downloads/EvoMIL/evomil_vhdb_2021_author_snapshot.csv,current_ncbi_lineage:exact_current_family,confirmed_from_audited_mapping_table,include_eukaryotic,plants,False
HostNet,HostNet,Virus–host association scoring,Flaviviridae,Amarillovirales,ssRNA(+),RNA,N,Flavivirus task dataset,9623,input_original/public_sources/hostnet/hostnet/datasets/Flavivirus,explicit_task_dataset_identity_to_current_family,confirmed_from_structured_dataset,include_eukaryotic,"invertebrates; invertebrates, vertebrates; vertebrates",True
HostNet,HostNet,Virus–host association scoring,Rhabdoviridae,Mononegavirales,ssRNA(-),RNA,N,Rabies lyssavirus task dataset,11682,input_original/public_sources/hostnet/hostnet/datasets/Rabies,explicit_task_dataset_identity_to_current_family,confirmed_from_structured_dataset,include_eukaryotic,"freshwater (s); invertebrates; invertebrates (s); invertebrates, plants; invertebrates, vertebrates; plants; soil (s); unknown (s); vertebrates",True
UniVH,UniVH,Virus–host association scoring,Flaviviridae,Amarillovirales,ssRNA(+),RNA,H,Flaviviridae,39,input_original/manual_downloads/UniVH/dataset.csv,ncbi_family_ancestor_harmonized; ncbi_name_exact_current_ictv_species,confirmed_from_audited_mapping_table,include_eukaryotic,"invertebrates; invertebrates, vertebrates; vertebrates",True
UniVH,UniVH,Virus–host association scoring,Hepaciviridae,Amarillovirales,ssRNA(+),RNA,H,Hepaciviridae,30,input_original/manual_downloads/UniVH/dataset.csv,ncbi_current_family_overrides_historical_source_family; ncbi_name_exact_current_ictv_species; ncbi_name_historical_ictv_species_alias,confirmed_from_audited_mapping_table,include_eukaryotic,vertebrates,True
UniVH,UniVH,Virus–host association scoring,Pestiviridae,Amarillovirales,ssRNA(+),RNA,H,Pestiviridae,13,input_original/manual_downloads/UniVH/dataset.csv,ncbi_current_family_overrides_historical_source_family; ncbi_name_historical_ictv_species_alias,confirmed_from_audited_mapping_table,include_eukaryotic,invertebrates; plants; vertebrates,True
UniVH,UniVH,Virus–host association scoring,Orthomyxoviridae,Articulavirales,ssRNA(-),RNA,H,Orthomyxoviridae,6,input_original/manual_downloads/UniVH/dataset.csv,ncbi_family_ancestor_harmonized; ncbi_name_exact_current_ictv_species,confirmed_from_audited_mapping_table,include_eukaryotic,"invertebrates; invertebrates, vertebrates; vertebrates",True
UniVH,UniVH,Virus–host association scoring,Mitoviridae,Cryppavirales,ssRNA(+),RNA,H,Mitoviridae,55,input_original/manual_downloads/UniVH/dataset.csv,ncbi_family_ancestor_harmonized; ncbi_name_exact_current_ictv_species,confirmed_from_audited_mapping_table,include_eukaryotic,fungi; plants,True
UniVH,UniVH,Virus–host association scoring,Amalgaviridae,Durnavirales,dsRNA,RNA,H,Amalgaviridae,14,input_original/manual_downloads/UniVH/dataset.csv,ncbi_family_ancestor_harmonized; ncbi_name_exact_current_ictv_species; unique_vmr_genbank_accession,confirmed_from_audited_mapping_table,include_eukaryotic,fungi; plants,True
UniVH,UniVH,Virus–host association scoring,Curvulaviridae,Durnavirales,dsRNA,RNA,H,Curvulaviridae,4,input_original/manual_downloads/UniVH/dataset.csv,ncbi_family_ancestor_harmonized; ncbi_name_exact_current_ictv_species,confirmed_from_audited_mapping_table,include_eukaryotic,fungi,True
UniVH,UniVH,Virus–host association scoring,Partitiviridae,Durnavirales,dsRNA,RNA,H,Partitiviridae,65,input_original/manual_downloads/UniVH/dataset.csv,ncbi_family_ancestor_harmonized; ncbi_name_exact_current_ictv_species,confirmed_from_audited_mapping_table,include_eukaryotic,fungi; plants; protists,True
UniVH,UniVH,Virus–host association scoring,Fimoviridae,Elliovirales,ssRNA(-),RNA,H,Fimoviridae,7,input_original/manual_downloads/UniVH/dataset.csv,ncbi_family_ancestor_harmonized; ncbi_name_exact_current_ictv_species,confirmed_from_audited_mapping_table,include_eukaryotic,plants,True
UniVH,UniVH,Virus–host association scoring,Hantaviridae,Elliovirales,ssRNA(-),RNA,H,Hantaviridae,8,input_original/manual_downloads/UniVH/dataset.csv,ncbi_family_ancestor_harmonized; ncbi_name_exact_current_ictv_species,confirmed_from_audited_mapping_table,include_eukaryotic,vertebrates,True
UniVH,UniVH,Virus–host association scoring,Peribunyaviridae,Elliovirales,ssRNA(-),RNA,H,Peribunyaviridae,37,input_original/manual_downloads/UniVH/dataset.csv,ncbi_name_exact_current_ictv_species,confirmed_from_audited_mapping_table,include_eukaryotic,"invertebrates; invertebrates, vertebrates; vertebrates",True
UniVH,UniVH,Virus–host association scoring,Phasmaviridae,Elliovirales,ssRNA; ssRNA(-),RNA,H,Phasmaviridae,4,input_original/manual_downloads/UniVH/dataset.csv,ncbi_family_ancestor_harmonized; ncbi_name_exact_current_ictv_species,confirmed_from_audited_mapping_table,include_eukaryotic,invertebrates; invertebrates (s),True
UniVH,UniVH,Virus–host association scoring,Tospoviridae,Elliovirales,ssRNA(+/-),RNA,H,Tospoviridae,18,input_original/manual_downloads/UniVH/dataset.csv,ncbi_family_ancestor_harmonized; ncbi_name_exact_current_ictv_species,confirmed_from_audited_mapping_table,include_eukaryotic,"invertebrates, plants",True
UniVH,UniVH,Virus–host association scoring,Tulasviridae,Elliovirales,ssRNA(+/-),RNA,H,Tulasviridae,1,input_original/manual_downloads/UniVH/dataset.csv,ncbi_name_exact_current_ictv_species,confirmed_from_audited_mapping_table,include_eukaryotic,fungi,True
UniVH,UniVH,Virus–host association scoring,Alternaviridae,Ghabrivirales,dsRNA,RNA,H,Alternaviridae,3,input_original/manual_downloads/UniVH/dataset.csv,ncbi_family_ancestor_harmonized; ncbi_name_exact_current_ictv_species,confirmed_from_audited_mapping_table,include_eukaryotic,fungi,True
UniVH,UniVH,Virus–host association scoring,Artiviridae,Ghabrivirales,dsRNA,RNA,H,Artiviridae,3,input_original/manual_downloads/UniVH/dataset.csv,ncbi_family_ancestor_harmonized; ncbi_name_exact_current_ictv_species,confirmed_from_audited_mapping_table,include_eukaryotic,invertebrates,True
UniVH,UniVH,Virus–host association scoring,Botybirnaviridae,Ghabrivirales,dsRNA,RNA,H,Botybirnaviridae,6,input_original/manual_downloads/UniVH/dataset.csv,ncbi_family_ancestor_harmonized; ncbi_name_exact_current_ictv_species,confirmed_from_audited_mapping_table,include_eukaryotic,fungi; protists (s),True
UniVH,UniVH,Virus–host association scoring,Chrysoviridae,Ghabrivirales,dsRNA,RNA,H,Chrysoviridae,12,input_original/manual_downloads/UniVH/dataset.csv,ncbi_family_ancestor_harmonized; ncbi_name_exact_current_ictv_species,confirmed_from_audited_mapping_table,include_eukaryotic,fungi; invertebrates (s); plants (s),True
UniVH,UniVH,Virus–host association scoring,Fusagraviridae,Ghabrivirales,dsRNA,RNA,H,Fusagraviridae,5,input_original/manual_downloads/UniVH/dataset.csv,ncbi_name_exact_current_ictv_species,confirmed_from_audited_mapping_table,include_eukaryotic,fungi; plants; protists,True
UniVH,UniVH,Virus–host association scoring,Inseviridae,Ghabrivirales,dsRNA,RNA,H,Inseviridae,2,input_original/manual_downloads/UniVH/dataset.csv,ncbi_name_exact_current_ictv_species,confirmed_from_audited_mapping_table,include_eukaryotic,invertebrates,True
UniVH,UniVH,Virus–host association scoring,Lebotiviridae,Ghabrivirales,dsRNA,RNA,H,Lebotiviridae,3,input_original/manual_downloads/UniVH/dataset.csv,ncbi_name_exact_current_ictv_species,confirmed_from_audited_mapping_table,include_eukaryotic,invertebrates,True
UniVH,UniVH,Virus–host association scoring,Megabirnaviridae,Ghabrivirales,dsRNA,RNA,H,Megabirnaviridae,3,input_original/manual_downloads/UniVH/dataset.csv,ncbi_name_exact_current_ictv_species,confirmed_from_audited_mapping_table,include_eukaryotic,fungi,True
UniVH,UniVH,Virus–host association scoring,Megatotiviridae,Ghabrivirales,dsRNA,RNA,H,Megatotiviridae,1,input_original/manual_downloads/UniVH/dataset.csv,ncbi_name_exact_current_ictv_species,confirmed_from_audited_mapping_table,include_eukaryotic,fungi,True
UniVH,UniVH,Virus–host association scoring,Orthototiviridae,Ghabrivirales,dsRNA,RNA,H,Orthototiviridae,41,input_original/manual_downloads/UniVH/dataset.csv,ncbi_family_ancestor_harmonized; ncbi_name_exact_current_ictv_species,confirmed_from_audited_mapping_table,include_eukaryotic,fungi; invertebrates; plants; protists (s),True
UniVH,UniVH,Virus–host association scoring,Phlegiviridae,Ghabrivirales,dsRNA,RNA,H,Phlegiviridae,3,input_original/manual_downloads/UniVH/dataset.csv,ncbi_family_ancestor_harmonized; ncbi_name_exact_current_ictv_species,confirmed_from_audited_mapping_table,include_eukaryotic,fungi,True
UniVH,UniVH,Virus–host association scoring,Pistolviridae,Ghabrivirales,dsRNA,RNA,H,Pistolviridae,2,input_original/manual_downloads/UniVH/dataset.csv,ncbi_name_exact_current_ictv_species,confirmed_from_audited_mapping_table,include_eukaryotic,vertebrates,True
UniVH,UniVH,Virus–host association scoring,Pseudototiviridae,Ghabrivirales,dsRNA,RNA,H,Pseudototiviridae,34,input_original/manual_downloads/UniVH/dataset.csv,ncbi_family_ancestor_harmonized; ncbi_name_exact_current_ictv_species,confirmed_from_audited_mapping_table,include_eukaryotic,fungi; protists; vertebrates,True
UniVH,UniVH,Virus–host association scoring,Quadriviridae,Ghabrivirales,dsRNA,RNA,H,Quadriviridae,2,input_original/manual_downloads/UniVH/dataset.csv,ncbi_name_exact_current_ictv_species,confirmed_from_audited_mapping_table,include_eukaryotic,fungi,True
UniVH,UniVH,Virus–host association scoring,Spiciviridae,Ghabrivirales,dsRNA,RNA,H,Spiciviridae,1,input_original/manual_downloads/UniVH/dataset.csv,ncbi_name_exact_current_ictv_species,confirmed_from_audited_mapping_table,include_eukaryotic,invertebrates; plants,True
UniVH,UniVH,Virus–host association scoring,Yadonushiviridae,Ghabrivirales,dsRNA,RNA,H,Yadonushiviridae,1,input_original/manual_downloads/UniVH/dataset.csv,unique_vmr_genbank_accession,confirmed_from_audited_mapping_table,include_eukaryotic,fungi,True
UniVH,UniVH,Virus–host association scoring,Arenaviridae,Hareavirales,ssRNA(+/-); ssRNA(-),RNA,H,Arenaviridae,16,input_original/manual_downloads/UniVH/dataset.csv,ncbi_family_ancestor_harmonized; ncbi_name_exact_current_ictv_species,confirmed_from_audited_mapping_table,include_eukaryotic,freshwater (s); vertebrates,True
UniVH,UniVH,Virus–host association scoring,Nairoviridae,Hareavirales,ssRNA(-),RNA,H,Nairoviridae,6,input_original/manual_downloads/UniVH/dataset.csv,ncbi_family_ancestor_harmonized; ncbi_name_exact_current_ictv_species,confirmed_from_audited_mapping_table,include_eukaryotic,"invertebrates; invertebrates, vertebrates; vertebrates",True
UniVH,UniVH,Virus–host association scoring,Phenuiviridae,Hareavirales,ssRNA(+/-); ssRNA(-),RNA,H,Phenuiviridae,34,input_original/manual_downloads/UniVH/dataset.csv,ncbi_family_ancestor_harmonized; ncbi_name_exact_current_ictv_species,confirmed_from_audited_mapping_table,include_eukaryotic,"fungi; invertebrates; invertebrates, plants; invertebrates, vertebrates; plants; protists; soil (s); vertebrates",True
UniVH,UniVH,Virus–host association scoring,Alphatetraviridae,Hepelivirales,ssRNA(+),RNA,H,Alphatetraviridae,1,input_original/manual_downloads/UniVH/dataset.csv,ncbi_family_ancestor_harmonized,confirmed_from_audited_mapping_table,include_eukaryotic,invertebrates,True
UniVH,UniVH,Virus–host association scoring,Benyviridae,Hepelivirales,ssRNA(+),RNA,H,Benyviridae,3,input_original/manual_downloads/UniVH/dataset.csv,ncbi_name_exact_current_ictv_species,confirmed_from_audited_mapping_table,include_eukaryotic,plants,True
UniVH,UniVH,Virus–host association scoring,Hepeviridae,Hepelivirales,ssRNA(+); ssRNA(+/-),RNA,H,Hepeviridae,11,input_original/manual_downloads/UniVH/dataset.csv,ncbi_family_ancestor_harmonized; ncbi_name_exact_current_ictv_species,confirmed_from_audited_mapping_table,include_eukaryotic,vertebrates,True
UniVH,UniVH,Virus–host association scoring,Mycoalphaviridae,Hepelivirales,ssRNA(+),RNA,H,Mycoalphaviridae,1,input_original/manual_downloads/UniVH/dataset.csv,ncbi_name_exact_current_ictv_species,confirmed_from_audited_mapping_table,include_eukaryotic,fungi,True
UniVH,UniVH,Virus–host association scoring,Fusariviridae,Hypofuvirales,ssRNA(+),RNA,H,Fusariviridae,28,input_original/manual_downloads/UniVH/dataset.csv,ncbi_family_ancestor_harmonized; ncbi_name_exact_current_ictv_species,confirmed_from_audited_mapping_table,include_eukaryotic,fungi; protists,True
UniVH,UniVH,Virus–host association scoring,Hypoviridae,Hypofuvirales,ssRNA(+),RNA,H,Hypoviridae,10,input_original/manual_downloads/UniVH/dataset.csv,ncbi_family_ancestor_harmonized; ncbi_name_exact_current_ictv_species,confirmed_from_audited_mapping_table,include_eukaryotic,fungi; invertebrates,True
UniVH,UniVH,Virus–host association scoring,Parahypoviridae,Hypofuvirales,ssRNA(+),RNA,H,Parahypoviridae,4,input_original/manual_downloads/UniVH/dataset.csv,ncbi_name_exact_current_ictv_species,confirmed_from_audited_mapping_table,include_eukaryotic,fungi,True
UniVH,UniVH,Virus–host association scoring,Chuviridae,Jingchuvirales,ssRNA(-),RNA,H,Chuviridae,13,input_original/manual_downloads/UniVH/dataset.csv,ncbi_family_ancestor_harmonized; ncbi_name_exact_current_ictv_species,confirmed_from_audited_mapping_table,include_eukaryotic,invertebrates; vertebrates,True
UniVH,UniVH,Virus–host association scoring,Bromoviridae,Martellivirales,ssRNA(+),RNA,H,Bromoviridae,26,input_original/manual_downloads/UniVH/dataset.csv,ncbi_family_ancestor_harmonized; ncbi_name_exact_current_ictv_species,confirmed_from_audited_mapping_table,include_eukaryotic,plants,True
UniVH,UniVH,Virus–host association scoring,Closteroviridae,Martellivirales,ssRNA(+),RNA,H,Closteroviridae,44,input_original/manual_downloads/UniVH/dataset.csv,ncbi_family_ancestor_harmonized; ncbi_name_exact_current_ictv_species,confirmed_from_audited_mapping_table,include_eukaryotic,plants,True
UniVH,UniVH,Virus–host association scoring,Endornaviridae,Martellivirales,ssRNA(+),RNA,H,Endornaviridae,16,input_original/manual_downloads/UniVH/dataset.csv,ncbi_family_ancestor_harmonized; ncbi_name_exact_current_ictv_species,confirmed_from_audited_mapping_table,include_eukaryotic,fungi; plants; protists,True
UniVH,UniVH,Virus–host association scoring,Kitaviridae,Martellivirales,ssRNA(+),RNA,H,Kitaviridae,3,input_original/manual_downloads/UniVH/dataset.csv,ncbi_name_exact_current_ictv_species,confirmed_from_audited_mapping_table,include_eukaryotic,"invertebrates, plants; plants",True
UniVH,UniVH,Virus–host association scoring,Mayoviridae,Martellivirales,ssRNA(+),RNA,H,Mayoviridae,2,input_original/manual_downloads/UniVH/dataset.csv,ncbi_name_exact_current_ictv_species,confirmed_from_audited_mapping_table,include_eukaryotic,plants,True
UniVH,UniVH,Virus–host association scoring,Togaviridae,Martellivirales,ssRNA(+),RNA,H,Togaviridae,20,input_original/manual_downloads/UniVH/dataset.csv,ncbi_family_ancestor_harmonized; ncbi_name_exact_current_ictv_species,confirmed_from_audited_mapping_table,include_eukaryotic,"invertebrates; invertebrates, vertebrates; vertebrates",True
UniVH,UniVH,Virus–host association scoring,Virgaviridae,Martellivirales,ssRNA(+),RNA,H,Virgaviridae,28,input_original/manual_downloads/UniVH/dataset.csv,ncbi_family_ancestor_harmonized; ncbi_name_exact_current_ictv_species,confirmed_from_audited_mapping_table,include_eukaryotic,plants,True
UniVH,UniVH,Virus–host association scoring,Artoviridae,Mononegavirales,ssRNA(-),RNA,H,Artoviridae,1,input_original/manual_downloads/UniVH/dataset.csv,unique_vmr_genbank_accession,confirmed_from_audited_mapping_table,include_eukaryotic,invertebrates; plants; vertebrates,True
UniVH,UniVH,Virus–host association scoring,Bornaviridae,Mononegavirales,ssRNA(-),RNA,H,Bornaviridae,4,input_original/manual_downloads/UniVH/dataset.csv,ncbi_name_exact_current_ictv_species,confirmed_from_audited_mapping_table,include_eukaryotic,vertebrates,True
UniVH,UniVH,Virus–host association scoring,Filoviridae,Mononegavirales,ssRNA(-),RNA,H,Filoviridae,8,input_original/manual_downloads/UniVH/dataset.csv,ncbi_name_exact_current_ictv_species,confirmed_from_audited_mapping_table,include_eukaryotic,vertebrates,True
UniVH,UniVH,Virus–host association scoring,Lispiviridae,Mononegavirales,ssRNA(-),RNA,H,Lispiviridae,3,input_original/manual_downloads/UniVH/dataset.csv,ncbi_name_exact_current_ictv_species,confirmed_from_audited_mapping_table,include_eukaryotic,invertebrates; vertebrates,True
UniVH,UniVH,Virus–host association scoring,Mymonaviridae,Mononegavirales,ssRNA(-),RNA,H,Mymonaviridae,16,input_original/manual_downloads/UniVH/dataset.csv,ncbi_family_ancestor_harmonized; ncbi_name_exact_current_ictv_species,confirmed_from_audited_mapping_table,include_eukaryotic,fungi; invertebrates; invertebrates (s); phytobiome (s); protists; soil (s),True
UniVH,UniVH,Virus–host association scoring,Nyamiviridae,Mononegavirales,ssRNA(-),RNA,H,Nyamiviridae,1,input_original/manual_downloads/UniVH/dataset.csv,ncbi_name_exact_current_ictv_species,confirmed_from_audited_mapping_table,include_eukaryotic,"invertebrates; invertebrates, vertebrates; vertebrates",True
UniVH,UniVH,Virus–host association scoring,Paramyxoviridae,Mononegavirales,ssRNA(-),RNA,H,Paramyxoviridae,62,input_original/manual_downloads/UniVH/dataset.csv,ncbi_family_ancestor_harmonized; ncbi_name_exact_current_ictv_species,confirmed_from_audited_mapping_table,include_eukaryotic,vertebrates,True
UniVH,UniVH,Virus–host association scoring,Pneumoviridae,Mononegavirales,ssRNA(-),RNA,H,Pneumoviridae,8,input_original/manual_downloads/UniVH/dataset.csv,ncbi_family_ancestor_harmonized; ncbi_name_exact_current_ictv_species,confirmed_from_audited_mapping_table,include_eukaryotic,vertebrates,True
UniVH,UniVH,Virus–host association scoring,Rhabdoviridae,Mononegavirales,ssRNA(-),RNA,H,Rhabdoviridae,145,input_original/manual_downloads/UniVH/dataset.csv,ncbi_family_ancestor_harmonized; ncbi_name_exact_current_ictv_species; ncbi_name_historical_ictv_species_alias,confirmed_from_audited_mapping_table,include_eukaryotic,"freshwater (s); invertebrates; invertebrates (s); invertebrates, plants; invertebrates, vertebrates; plants; soil (s); unknown (s); vertebrates",True
UniVH,UniVH,Virus–host association scoring,Xinmoviridae,Mononegavirales,ssRNA(-),RNA,H,Xinmoviridae,8,input_original/manual_downloads/UniVH/dataset.csv,ncbi_family_ancestor_harmonized; ncbi_name_exact_current_ictv_species,confirmed_from_audited_mapping_table,include_eukaryotic,invertebrates; vertebrates (s),True
UniVH,UniVH,Virus–host association scoring,Arteriviridae,Nidovirales,ssRNA(+),RNA,H,Arteriviridae,14,input_original/manual_downloads/UniVH/dataset.csv,ncbi_family_ancestor_harmonized; ncbi_name_exact_current_ictv_species,confirmed_from_audited_mapping_table,include_eukaryotic,vertebrates,True
UniVH,UniVH,Virus–host association scoring,Coronaviridae,Nidovirales,ssRNA(+),RNA,H,Coronaviridae,77,input_original/manual_downloads/UniVH/dataset.csv,ncbi_family_ancestor_harmonized; ncbi_name_exact_current_ictv_species,confirmed_from_audited_mapping_table,include_eukaryotic,vertebrates,True
UniVH,UniVH,Virus–host association scoring,Cremegaviridae,Nidovirales,ssRNA(+),RNA,H,Cremegaviridae,1,input_original/manual_downloads/UniVH/dataset.csv,ncbi_name_exact_current_ictv_species,confirmed_from_audited_mapping_table,include_eukaryotic,vertebrates,True
UniVH,UniVH,Virus–host association scoring,Mesoniviridae,Nidovirales,ssRNA(+),RNA,H,Mesoniviridae,2,input_original/manual_downloads/UniVH/dataset.csv,ncbi_name_exact_current_ictv_species,confirmed_from_audited_mapping_table,include_eukaryotic,invertebrates,True
UniVH,UniVH,Virus–host association scoring,Roniviridae,Nidovirales,ssRNA(+),RNA,H,Roniviridae,4,input_original/manual_downloads/UniVH/dataset.csv,ncbi_name_exact_current_ictv_species,confirmed_from_audited_mapping_table,include_eukaryotic,invertebrates,True
UniVH,UniVH,Virus–host association scoring,Tobaniviridae,Nidovirales,ssRNA(+),RNA,H,Tobaniviridae,9,input_original/manual_downloads/UniVH/dataset.csv,ncbi_family_ancestor_harmonized; ncbi_name_exact_current_ictv_species,confirmed_from_audited_mapping_table,include_eukaryotic,invertebrates (s); vertebrates,True
UniVH,UniVH,Virus–host association scoring,Nodaviridae,Nodamuvirales,ssRNA(+),RNA,H,Nodaviridae,13,input_original/manual_downloads/UniVH/dataset.csv,ncbi_family_ancestor_harmonized; ncbi_name_exact_current_ictv_species,confirmed_from_audited_mapping_table,include_eukaryotic,invertebrates; vertebrates,True
UniVH,UniVH,Virus–host association scoring,Sinhaliviridae,Nodamuvirales,ssRNA(+),RNA,H,Sinhaliviridae,11,input_original/manual_downloads/UniVH/dataset.csv,ncbi_family_ancestor_harmonized; ncbi_name_historical_ictv_species_alias,confirmed_from_audited_mapping_table,include_eukaryotic,invertebrates,True
UniVH,UniVH,Virus–host association scoring,Metaviridae,Ortervirales,ssRNA-RT,Reverse-transcribing,H,Metaviridae,1,input_original/manual_downloads/UniVH/dataset.csv,ncbi_family_ancestor_harmonized,confirmed_from_audited_mapping_table,include_eukaryotic,fungi; invertebrates; plants; protists; vertebrates,True
UniVH,UniVH,Virus–host association scoring,Retroviridae,Ortervirales,ssRNA-RT,Reverse-transcribing,H,Retroviridae,43,input_original/manual_downloads/UniVH/dataset.csv,ncbi_family_ancestor_harmonized; ncbi_name_exact_current_ictv_species,confirmed_from_audited_mapping_table,include_eukaryotic,vertebrates,True
UniVH,UniVH,Virus–host association scoring,Botourmiaviridae,Ourlivirales,ssRNA(+),RNA,H,Botourmiaviridae,48,input_original/manual_downloads/UniVH/dataset.csv,ncbi_family_ancestor_harmonized; ncbi_name_exact_current_ictv_species,confirmed_from_audited_mapping_table,include_eukaryotic,fungi; plants; unknown (s),True
UniVH,UniVH,Virus–host association scoring,Ourmiaviridae,Ourlivirales,ssRNA(+),RNA,H,Ourmiaviridae,1,input_original/manual_downloads/UniVH/dataset.csv,ncbi_name_exact_current_ictv_species,confirmed_from_audited_mapping_table,include_eukaryotic,freshwater (s); invertebrates (s); plants; plants (s); soil (s),True
UniVH,UniVH,Virus–host association scoring,Rhizouliviridae,Ourlivirales,ssRNA(+),RNA,H,Rhizouliviridae,4,input_original/manual_downloads/UniVH/dataset.csv,ncbi_name_exact_current_ictv_species,confirmed_from_audited_mapping_table,include_eukaryotic,fungi,True
UniVH,UniVH,Virus–host association scoring,Potyviridae,Patatavirales,ssRNA(+),RNA,H,Potyviridae,91,input_original/manual_downloads/UniVH/dataset.csv,ncbi_family_ancestor_harmonized; ncbi_name_exact_current_ictv_species,confirmed_from_audited_mapping_table,include_eukaryotic,plants,True
UniVH,UniVH,Virus–host association scoring,Caliciviridae,Picornavirales,ssRNA(+),RNA,H,Caliciviridae,29,input_original/manual_downloads/UniVH/dataset.csv,ncbi_family_ancestor_harmonized; ncbi_name_exact_current_ictv_species,confirmed_from_audited_mapping_table,include_eukaryotic,vertebrates,True
UniVH,UniVH,Virus–host association scoring,Dicistroviridae,Picornavirales,ssRNA(+),RNA,H,Dicistroviridae,40,input_original/manual_downloads/UniVH/dataset.csv,ncbi_family_ancestor_harmonized; ncbi_name_exact_current_ictv_species,confirmed_from_audited_mapping_table,include_eukaryotic,invertebrates,True
UniVH,UniVH,Virus–host association scoring,Iflaviridae,Picornavirales,ssRNA(+),RNA,H,Iflaviridae,34,input_original/manual_downloads/UniVH/dataset.csv,ncbi_family_ancestor_harmonized; ncbi_name_exact_current_ictv_species,confirmed_from_audited_mapping_table,include_eukaryotic,invertebrates,True
UniVH,UniVH,Virus–host association scoring,Picornaviridae,Picornavirales,ssRNA(+),RNA,H,Picornaviridae,123,input_original/manual_downloads/UniVH/dataset.csv,ncbi_family_ancestor_harmonized; ncbi_name_exact_current_ictv_species,confirmed_from_audited_mapping_table,include_eukaryotic,vertebrates,True
UniVH,UniVH,Virus–host association scoring,Polycipiviridae,Picornavirales,ssRNA(+),RNA,H,Polycipiviridae,12,input_original/manual_downloads/UniVH/dataset.csv,ncbi_family_ancestor_harmonized; ncbi_name_exact_current_ictv_species,confirmed_from_audited_mapping_table,include_eukaryotic,invertebrates,True
UniVH,UniVH,Virus–host association scoring,Secoviridae,Picornavirales,ssRNA(+),RNA,H,Secoviridae,56,input_original/manual_downloads/UniVH/dataset.csv,ncbi_family_ancestor_harmonized; ncbi_name_exact_current_ictv_species; unique_vmr_genbank_accession,confirmed_from_audited_mapping_table,include_eukaryotic,phytobiome (s); plants,True
UniVH,UniVH,Virus–host association scoring,Solinviviridae,Picornavirales,ssRNA(+),RNA,H,Solinviviridae,5,input_original/manual_downloads/UniVH/dataset.csv,ncbi_family_ancestor_harmonized; ncbi_name_exact_current_ictv_species,confirmed_from_audited_mapping_table,include_eukaryotic,invertebrates,True
UniVH,UniVH,Virus–host association scoring,Sedoreoviridae,Reovirales,dsRNA,RNA,H,Sedoreoviridae,22,input_original/manual_downloads/UniVH/dataset.csv,ncbi_family_ancestor_harmonized; ncbi_name_exact_current_ictv_species,confirmed_from_audited_mapping_table,include_eukaryotic,"invertebrates; invertebrates, plants; invertebrates, vertebrates; protists; vertebrates",True
UniVH,UniVH,Virus–host association scoring,Spinareoviridae,Reovirales,dsRNA,RNA,H,Spinareoviridae,15,input_original/manual_downloads/UniVH/dataset.csv,ncbi_family_ancestor_harmonized; ncbi_name_exact_current_ictv_species,confirmed_from_audited_mapping_table,include_eukaryotic,"fungi; invertebrates; invertebrates, plants; invertebrates, vertebrates; vertebrates",True
UniVH,UniVH,Virus–host association scoring,Solemoviridae,Sobelivirales,ssRNA(+),RNA,H,Solemoviridae,71,input_original/manual_downloads/UniVH/dataset.csv,ncbi_family_ancestor_harmonized; ncbi_name_exact_current_ictv_species,confirmed_from_audited_mapping_table,include_eukaryotic,fungi; plants,True
UniVH,UniVH,Virus–host association scoring,Astroviridae,Stellavirales,ssRNA(+),RNA,H,Astroviridae,70,input_original/manual_downloads/UniVH/dataset.csv,ncbi_family_ancestor_harmonized; ncbi_name_exact_current_ictv_species; ncbi_name_historical_ictv_species_alias,confirmed_from_audited_mapping_table,include_eukaryotic,vertebrates,True
UniVH,UniVH,Virus–host association scoring,Ambiguiviridae,Tolivirales,ssRNA(+),RNA,H,Ambiguiviridae,8,input_original/manual_downloads/UniVH/dataset.csv,ncbi_name_exact_current_ictv_species,confirmed_from_audited_mapping_table,include_eukaryotic,fungi; invertebrates (s); phytobiome (s); plants (s); soil (s),True
UniVH,UniVH,Virus–host association scoring,Carmotetraviridae,Tolivirales,ssRNA(+),RNA,H,Carmotetraviridae,1,input_original/manual_downloads/UniVH/dataset.csv,ncbi_name_exact_current_ictv_species,confirmed_from_audited_mapping_table,include_eukaryotic,invertebrates,True
UniVH,UniVH,Virus–host association scoring,Tombusviridae,Tolivirales,ssRNA(+),RNA,H,Tombusviridae,59,input_original/manual_downloads/UniVH/dataset.csv,ncbi_family_ancestor_harmonized; ncbi_name_exact_current_ictv_species,confirmed_from_audited_mapping_table,include_eukaryotic,fungi; invertebrates (s); plants; plants (s); vertebrates,True
UniVH,UniVH,Virus–host association scoring,Alphaflexiviridae,Tymovirales,ssRNA(+),RNA,H,Alphaflexiviridae,17,input_original/manual_downloads/UniVH/dataset.csv,ncbi_family_ancestor_harmonized; ncbi_name_exact_current_ictv_species,confirmed_from_audited_mapping_table,include_eukaryotic,fungi; plants,True
UniVH,UniVH,Virus–host association scoring,Betaflexiviridae,Tymovirales,ssRNA(+),RNA,H,Betaflexiviridae,85,input_original/manual_downloads/UniVH/dataset.csv,ncbi_family_ancestor_harmonized; ncbi_name_exact_current_ictv_species,confirmed_from_audited_mapping_table,include_eukaryotic,plants,True
UniVH,UniVH,Virus–host association scoring,Deltaflexiviridae,Tymovirales,ssRNA(+),RNA,H,Deltaflexiviridae,10,input_original/manual_downloads/UniVH/dataset.csv,ncbi_family_ancestor_harmonized; ncbi_name_exact_current_ictv_species,confirmed_from_audited_mapping_table,include_eukaryotic,fungi,True
UniVH,UniVH,Virus–host association scoring,Tymoviridae,Tymovirales,ssDNA(+/-); ssRNA(+),Mixed/unknown,H,Tymoviridae,23,input_original/manual_downloads/UniVH/dataset.csv,ncbi_family_ancestor_harmonized; ncbi_name_exact_current_ictv_species,confirmed_from_audited_mapping_table,include_eukaryotic,plants,True
UniVH,UniVH,Virus–host association scoring,Narnaviridae,Wolframvirales,ssRNA(+),RNA,H,Narnaviridae,38,input_original/manual_downloads/UniVH/dataset.csv,ncbi_family_ancestor_harmonized,confirmed_from_audited_mapping_table,include_eukaryotic,fungi,True
UniVH,UniVH,Virus–host association scoring,Splipalmiviridae,Wolframvirales,ssRNA(+),RNA,H,Splipalmiviridae,1,input_original/manual_downloads/UniVH/dataset.csv,ncbi_name_exact_current_ictv_species,confirmed_from_audited_mapping_table,include_eukaryotic,fungi,True
UniVH,UniVH,Virus–host association scoring,Hadakaviridae,Xenadelphovirales,ssRNA(+),RNA,H,Hadakaviridae,1,input_original/manual_downloads/UniVH/dataset.csv,ncbi_name_exact_current_ictv_species,confirmed_from_audited_mapping_table,include_eukaryotic,fungi,True
UniVH,UniVH,Virus–host association scoring,Polymycoviridae,Xenadelphovirales,dsRNA,RNA,H,Polymycoviridae,6,input_original/manual_downloads/UniVH/dataset.csv,ncbi_family_ancestor_harmonized; ncbi_name_exact_current_ictv_species,confirmed_from_audited_mapping_table,include_eukaryotic,fungi,True
UniVH,UniVH,Virus–host association scoring,Birnaviridae,,dsRNA,RNA,H,Birnaviridae,12,input_original/manual_downloads/UniVH/dataset.csv,ncbi_family_ancestor_harmonized; ncbi_name_exact_current_ictv_species,confirmed_from_audited_mapping_table,include_eukaryotic,invertebrates; vertebrates,False
UniVH,UniVH,Virus–host association scoring,Permutotetraviridae,,ssRNA(+),RNA,H,Permutotetraviridae,2,input_original/manual_downloads/UniVH/dataset.csv,ncbi_family_ancestor_harmonized,confirmed_from_audited_mapping_table,include_eukaryotic,invertebrates,False
UniVH,UniVH,Virus–host association scoring,Tonesaviridae,,ssRNA(+),RNA,H,Tonesaviridae,1,input_original/manual_downloads/UniVH/dataset.csv,ncbi_family_ancestor_harmonized,confirmed_from_audited_mapping_table,include_eukaryotic,plants,False
VIDHOP,VIDHOP,Virus–host association scoring,Orthomyxoviridae,Articulavirales,ssRNA(-),RNA,N,Influenza species-level task dataset,211679,input_original/manual_downloads/VIDHOP/train_data/small_paper_version_Influ_strict/species,explicit_task_dataset_identity_to_current_family,confirmed_from_structured_dataset,include_eukaryotic,"invertebrates; invertebrates, vertebrates; vertebrates",True
VIDHOP,VIDHOP,Virus–host association scoring,Rhabdoviridae,Mononegavirales,ssRNA(-),RNA,N,Rabies species-level task dataset,12025,input_original/manual_downloads/VIDHOP/train_data/small_paper_version_Rabies_strict/species,explicit_task_dataset_identity_to_current_family,confirmed_from_structured_dataset,include_eukaryotic,"freshwater (s); invertebrates; invertebrates (s); invertebrates, plants; invertebrates, vertebrates; plants; soil (s); unknown (s); vertebrates",True
VIDHOP,VIDHOP,Virus–host association scoring,Sedoreoviridae,Reovirales,dsRNA,RNA,N,Rotavirus species-level task dataset,40258,input_original/manual_downloads/VIDHOP/train_data/small_paper_version_Rota_strict/species,explicit_task_dataset_identity_to_current_family,confirmed_from_structured_dataset,include_eukaryotic,"invertebrates; invertebrates, plants; invertebrates, vertebrates; protists; vertebrates",True
