classification,Current_ICTV_family,Current_ICTV_order,Current_ICTV_genome,ICTV_species_count,Genus_mapping_rule
Aalivirus,Picornaviridae,Picornavirales,ssRNA(+),1,exact_current_genus_unique_family
Aarhusvirus,Autotranscriptaviridae,Autographivirales,dsDNA,4,exact_current_genus_unique_family
Aastrivirus,Atkinsviridae,Norzivirales,ssRNA(+),1,exact_current_genus_unique_family
Abaestuovirus,Inoviridae,Tubulavirales,ssDNA(+),1,exact_current_genus_unique_family
Aberdnavirus,Bacilladnaviridae,Baphyvirales,ssDNA(+/-),1,exact_current_genus_unique_family
Abidjanvirus,Mesyanzhinovviridae,,dsDNA,4,exact_current_genus_unique_family
Acadevirus,Autosignataviridae,Autographivirales,dsDNA,6,exact_current_genus_unique_family
Acajnonavirus,Straboviridae,Pantevenvirales,dsDNA,1,exact_current_genus_unique_family
Acamarivirus,Mahapunaviridae,Saturnivirales,ssDNA(+/-),8,exact_current_genus_unique_family
Acanvirus,Schitoviridae,,dsDNA,4,exact_current_genus_unique_family
Acarajevirus,Peduoviridae,,dsDNA,1,exact_current_genus_unique_family
Acciovirus,Geplanaviridae,Geplafuvirales,ssDNA(+/-),2,exact_current_genus_unique_family
Acionnavirus,Kyanoviridae,Pantevenvirales,dsDNA,1,exact_current_genus_unique_family
Aclydivirus,Inoviridae,Tubulavirales,ssDNA(+),1,exact_current_genus_unique_family
Acontivirus,Inoviridae,Tubulavirales,ssDNA(+),1,exact_current_genus_unique_family
Acridvirus,Lispiviridae,Mononegavirales,ssRNA(-),1,exact_current_genus_unique_family
Actinidiaevirus,Autoscriptoviridae,Autographivirales,dsDNA,1,exact_current_genus_unique_family
Actinovirus,Hantaviridae,Elliovirales,ssRNA(-),3,exact_current_genus_unique_family
Actovirus,Inoviridae,Tubulavirales,ssDNA(+),2,exact_current_genus_unique_family
Adahmuvirus,Steitzviridae,Timlovirales,ssRNA(+),1,exact_current_genus_unique_family
Adiligaturavirus,Inoviridae,Tubulavirales,ssDNA(+),1,exact_current_genus_unique_family
Aerosvirus,Autonotataviridae,Autographivirales,dsDNA,3,exact_current_genus_unique_family
Affertcholeramvirus,Inoviridae,Tubulavirales,ssDNA(+/-),3,exact_current_genus_unique_family
Afonbuvirus,Suoliviridae,Crassvirales,dsDNA,3,exact_current_genus_unique_family
Agatevirus,Herelleviridae,,dsDNA,3,exact_current_genus_unique_family
Ageyesisatellite,Alphasatellitidae,,ssDNA(+),2,exact_current_genus_unique_family
Aghbyvirus,Autonotataviridae,Autographivirales,dsDNA,1,exact_current_genus_unique_family
Aglavirus,Kirkoviridae,Rohanvirales,ssDNA(+/-),1,exact_current_genus_unique_family
Agnathovirus,Hantaviridae,Elliovirales,ssRNA(-),1,exact_current_genus_unique_family
Agnivirus,Apasviridae,Magrovirales,dsDNA,1,exact_current_genus_unique_family
Agricanvirus,Chimalliviridae,,dsDNA,6,exact_current_genus_unique_family
Agtrevirus,Ackermannviridae,Pantevenvirales,dsDNA,5,exact_current_genus_unique_family
Aguamentivirus,Geplanaviridae,Geplafuvirales,ssDNA(+/-),2,exact_current_genus_unique_family
Ahduovirus,Casjensviridae,,dsDNA,1,exact_current_genus_unique_family
Ahphunavirus,Autonotataviridae,Autographivirales,dsDNA,8,exact_current_genus_unique_family
Ahtivirus,Kyanoviridae,Pantevenvirales,dsDNA,1,exact_current_genus_unique_family
Ailurivirus,Picornaviridae,Picornavirales,ssRNA(+),1,exact_current_genus_unique_family
Akedovirus,Konodaiviridae,,dsDNA,1,exact_current_genus_unique_family
Akihdevirus,Steigviridae,Crassvirales,dsDNA,1,exact_current_genus_unique_family
Alasvirus,Xinmoviridae,Mononegavirales,ssRNA(-),1,exact_current_genus_unique_family
Albetovirus,Tonesaviridae,,ssRNA(+),3,exact_current_genus_unique_family
Alcafavirus,Litilviridae,Alpavirales,ssDNA(+),1,exact_current_genus_unique_family
Alcanfavirus,Litenviridae,Alpavirales,ssDNA(+),1,exact_current_genus_unique_family
Alcanivirus,Litenviridae,Alpavirales,ssDNA(+),1,exact_current_genus_unique_family
Alcapybaravirus,Pikkuviridae,Alpavirales,ssDNA(+),1,exact_current_genus_unique_family
Alcestovirus,Steitzviridae,Timlovirales,ssRNA(+),1,exact_current_genus_unique_family
Alciorovirus,Litilviridae,Alpavirales,ssDNA(+),1,exact_current_genus_unique_family
Alcryvirus,Litilviridae,Alpavirales,ssDNA(+),1,exact_current_genus_unique_family
Aldormivirus,Atkinsviridae,Norzivirales,ssRNA(+),6,exact_current_genus_unique_family
Alefpapillomavirus,Papillomaviridae,Zurhausenvirales,dsDNA,1,exact_current_genus_unique_family
Alegriavirus,Zimmerviridae,,dsDNA,1,exact_current_genus_unique_family
Alehndavirus,Blumeviridae,Timlovirales,ssRNA(+),1,exact_current_genus_unique_family
Alehxovirus,Steitzviridae,Timlovirales,ssRNA(+),64,exact_current_genus_unique_family
Aleptorquevirus,Anelloviridae,Sanitavirales,ssDNA(-),2,exact_current_genus_unique_family
Alepusivirus,Pieniviridae,Alpavirales,ssDNA(+),1,exact_current_genus_unique_family
Alevirus,Nanicoviridae,Ducavirales,dsDNA,1,exact_current_genus_unique_family
Aleyavirus,Lispiviridae,Mononegavirales,ssRNA(-),1,exact_current_genus_unique_family
Aleybvirus,Lispiviridae,Mononegavirales,ssRNA(-),1,exact_current_genus_unique_family
Alfamovirus,Bromoviridae,Martellivirales,ssRNA(+),1,exact_current_genus_unique_family
Algomorvirus,Litenviridae,Alpavirales,ssDNA(+),1,exact_current_genus_unique_family
Algophervirus,Lilleviridae,Alpavirales,ssDNA(+),1,exact_current_genus_unique_family
Algopmovirus,Litenviridae,Alpavirales,ssDNA(+),1,exact_current_genus_unique_family
Alhyhydvirus,Litilviridae,Alpavirales,ssDNA(+),1,exact_current_genus_unique_family
Alimacvirus,Litenviridae,Alpavirales,ssDNA(+),1,exact_current_genus_unique_family
Alisovirus,Kyanoviridae,Pantevenvirales,dsDNA,1,exact_current_genus_unique_family
Alkesdovirus,Atkinsviridae,Norzivirales,ssRNA(+),12,exact_current_genus_unique_family
Allexivirus,Alphaflexiviridae,Tymovirales,ssRNA(+),15,exact_current_genus_unique_family
Almacaqusvirus,Pikkuviridae,Alpavirales,ssDNA(+),1,exact_current_genus_unique_family
Almaoniuvirus,Pikkuviridae,Alpavirales,ssDNA(+),1,exact_current_genus_unique_family
Almendravirus,Rhabdoviridae,Mononegavirales,ssRNA(-),8,exact_current_genus_unique_family
Almiluvirus,Pikkuviridae,Alpavirales,ssDNA(+),1,exact_current_genus_unique_family
Almumusvirus,Litenviridae,Alpavirales,ssDNA(+),1,exact_current_genus_unique_family
Almusivirus,Pieniviridae,Alpavirales,ssDNA(+),1,exact_current_genus_unique_family
Alnafnavirus,Lilleviridae,Alpavirales,ssDNA(+),1,exact_current_genus_unique_family
Alnifnivirus,Lilleviridae,Alpavirales,ssDNA(+),1,exact_current_genus_unique_family
Alnoufnouvirus,Litenviridae,Alpavirales,ssDNA(+),1,exact_current_genus_unique_family
Alohovirus,Geplanaviridae,Geplafuvirales,ssDNA(+/-),4,exact_current_genus_unique_family
Alpacinvirus,Pikkuviridae,Alpavirales,ssDNA(+),1,exact_current_genus_unique_family
Alpaglavirus,Litilviridae,Alpavirales,ssDNA(+),1,exact_current_genus_unique_family
Alpecorivirus,Litenviridae,Alpavirales,ssDNA(+),1,exact_current_genus_unique_family
Alpecusivirus,Pieniviridae,Alpavirales,ssDNA(+),1,exact_current_genus_unique_family
Alphaabyssovirus,Abyssoviridae,Nidovirales,ssRNA(+),1,exact_current_genus_unique_family
Alphaarterivirus,Arteriviridae,Nidovirales,ssRNA(+),1,exact_current_genus_unique_family
Alphabaculovirus,Baculoviridae,Lefavirales,dsDNA,71,exact_current_genus_unique_family
Alphacarmotetravirus,Carmotetraviridae,Tolivirales,ssRNA(+),1,exact_current_genus_unique_family
Alphacarmovirus,Tombusviridae,Tolivirales,ssRNA(+),8,exact_current_genus_unique_family
Alphacedratvirus,Pithoviridae,Pimascovirales,dsDNA,4,exact_current_genus_unique_family
Alphachrysovirus,Chrysoviridae,Ghabrivirales,dsRNA,20,exact_current_genus_unique_family
Alphacoronavirus,Coronaviridae,Nidovirales,ssRNA(+),26,exact_current_genus_unique_family
Alphacrustrhavirus,Rhabdoviridae,Mononegavirales,ssRNA(-),3,exact_current_genus_unique_family
Alphacystovirus,Cystoviridae,Mindivirales,dsRNA,1,exact_current_genus_unique_family
Alphacytorhabdovirus,Rhabdoviridae,Mononegavirales,ssRNA(-),72,exact_current_genus_unique_family
Alphadintovirus,Eupolintoviridae,Amphintovirales,dsDNA,1,exact_current_genus_unique_family
Alphadrosrhavirus,Rhabdoviridae,Mononegavirales,ssRNA(-),2,exact_current_genus_unique_family
Alphaendornavirus,Endornaviridae,Martellivirales,ssRNA(+),24,exact_current_genus_unique_family
Alphaentomopoxvirus,Poxviridae,Chitovirales,dsDNA,2,exact_current_genus_unique_family
Alphafilamentovirus,Filamentoviridae,Lefavirales,dsDNA,1,exact_current_genus_unique_family
Alphafusarivirus,Fusariviridae,Hypofuvirales,ssRNA(+),31,exact_current_genus_unique_family
Alphafusellovirus,Fuselloviridae,,dsDNA,7,exact_current_genus_unique_family
Alphaglobulovirus,Globuloviridae,,dsDNA,4,exact_current_genus_unique_family
Alphagymnorhavirus,Rhabdoviridae,Mononegavirales,ssRNA(-),9,exact_current_genus_unique_family
Alphahydrivirus,Hydriviridae,Pimascovirales,dsDNA,1,exact_current_genus_unique_family
Alphahymrhavirus,Rhabdoviridae,Mononegavirales,ssRNA(-),8,exact_current_genus_unique_family
Alphahypovirus,Hypoviridae,Hypofuvirales,ssRNA(+),22,exact_current_genus_unique_family
Alphainfluenzavirus,Orthomyxoviridae,Articulavirales,ssRNA(-),1,exact_current_genus_unique_family
Alphaletovirus,Coronaviridae,Nidovirales,ssRNA(+),1,exact_current_genus_unique_family
Alphalipothrixvirus,Lipothrixviridae,Ligamenvirales,dsDNA,2,exact_current_genus_unique_family
Alphambiguivirus,Ambiguiviridae,Tolivirales,ssRNA(+),29,exact_current_genus_unique_family
Alphamesonivirus,Mesoniviridae,Nidovirales,ssRNA(+),11,exact_current_genus_unique_family
Alphamononivirus,Mononiviridae,Nidovirales,ssRNA(+),1,exact_current_genus_unique_family
Alphanecrovirus,Tombusviridae,Tolivirales,ssRNA(+),4,exact_current_genus_unique_family
Alphanemrhavirus,Rhabdoviridae,Mononegavirales,ssRNA(-),5,exact_current_genus_unique_family
Alphanodavirus,Nodaviridae,Nodamuvirales,ssRNA(+),5,exact_current_genus_unique_family
Alphanucleorhabdovirus,Rhabdoviridae,Mononegavirales,ssRNA(-),17,exact_current_genus_unique_family
Alphanudivirus,Nudiviridae,Lefavirales,dsDNA,8,exact_current_genus_unique_family
Alphaorpheovirus,Orpheoviridae,Pimascovirales,dsDNA,1,exact_current_genus_unique_family
Alphaourmiavirus,Ourmiaviridae,Ourlivirales,ssRNA(+),4,exact_current_genus_unique_family
Alphaovalivirus,Ovaliviridae,,dsDNA,1,exact_current_genus_unique_family
Alphapapillomavirus,Papillomaviridae,Zurhausenvirales,dsDNA,14,exact_current_genus_unique_family
Alphapaprhavirus,Rhabdoviridae,Mononegavirales,ssRNA(-),4,exact_current_genus_unique_family
Alphapartitivirus,Partitiviridae,Durnavirales,dsRNA,14,exact_current_genus_unique_family
Alphapermutotetravirus,Permutotetraviridae,,ssRNA(+),2,exact_current_genus_unique_family
Alphapironavirus,Coronaviridae,Nidovirales,ssRNA(+),1,exact_current_genus_unique_family
Alphapithovirus,Pithoviridae,Pimascovirales,dsDNA,2,exact_current_genus_unique_family
Alphaplatrhavirus,Rhabdoviridae,Mononegavirales,ssRNA(-),18,exact_current_genus_unique_family
Alphapleolipovirus,Pleolipoviridae,Haloruvirales,dsDNA; ssDNA; ssDNA(+/-),5,exact_current_genus_unique_family
Alphapolyomavirus,Polyomaviridae,Sepolyvirales,dsDNA,54,exact_current_genus_unique_family
Alphaportoglobovirus,Portogloboviridae,,dsDNA,2,exact_current_genus_unique_family
Alpharetrovirus,Retroviridae,Ortervirales,ssRNA-RT,9,exact_current_genus_unique_family
Alpharicinrhavirus,Rhabdoviridae,Mononegavirales,ssRNA(-),19,exact_current_genus_unique_family
Alphasclernavirus,Mycoalphaviridae,Hepelivirales,ssRNA(+),2,exact_current_genus_unique_family
Alphasphaerolipovirus,Sphaerolipoviridae,Halopanivirales,dsDNA,4,exact_current_genus_unique_family
Alphaspiravirus,Spiraviridae,,ssDNA(+),1,exact_current_genus_unique_family
Alphatectivirus,Tectiviridae,Kalamavirales,dsDNA,2,exact_current_genus_unique_family
Alphathriprhavirus,Rhabdoviridae,Mononegavirales,ssRNA(-),2,exact_current_genus_unique_family
Alphatorquevirus,Anelloviridae,Sanitavirales,ssDNA(-),26,exact_current_genus_unique_family
Alphatrevirus,Eubullaviridae,Bullavirales,ssDNA(+),10,exact_current_genus_unique_family
Alphatristromavirus,Tristromaviridae,Primavirales,dsDNA,2,exact_current_genus_unique_family
Alphaturrivirus,Turriviridae,Belfryvirales,dsDNA,2,exact_current_genus_unique_family
Alphavirus,Togaviridae,Martellivirales,ssRNA(+),32,exact_current_genus_unique_family
Alphayadokarivirus,Yadokariviridae,Yadokarivirales,ssRNA(+),6,exact_current_genus_unique_family
Altadenavirus,Berryhillviridae,,dsDNA,2,exact_current_genus_unique_family
Alternavirus,Alternaviridae,Ghabrivirales,dsRNA,5,exact_current_genus_unique_family
Alvestavirus,Steitzviridae,Timlovirales,ssRNA(+),1,exact_current_genus_unique_family
Alvostovirus,Atkinsviridae,Norzivirales,ssRNA(+),1,exact_current_genus_unique_family
Alydrochavirus,Pieniviridae,Alpavirales,ssDNA(+),1,exact_current_genus_unique_family
Alzhudosvirus,Pikkuviridae,Alpavirales,ssDNA(+),1,exact_current_genus_unique_family
Alzhuvirus,Pikkuviridae,Alpavirales,ssDNA(+),1,exact_current_genus_unique_family
Amalgavirus,Amalgaviridae,Durnavirales,dsRNA,9,exact_current_genus_unique_family
Amalthevirus,Mahapunaviridae,Saturnivirales,ssDNA(+/-),1,exact_current_genus_unique_family
Amaruvirus,Pecoviridae,Ringavirales,ssDNA(+/-),3,exact_current_genus_unique_family
Amboselivirus,Lakviridae,Grandevirales,dsDNA,1,exact_current_genus_unique_family
Amdoparvovirus,Parvoviridae,Piccovirales,ssDNA,11,exact_current_genus_unique_family
Ameliavirus,Autolykiviridae,Vinavirales,dsDNA,1,exact_current_genus_unique_family
Amentovirus,Inoviridae,Tubulavirales,ssDNA(+),3,exact_current_genus_unique_family
Aminivirus,Mazaviridae,Amoyvirales,ssDNA(+),1,exact_current_genus_unique_family
Ampelovirus,Closteroviridae,Martellivirales,ssRNA(+),28,exact_current_genus_unique_family
Ampivirus,Picornaviridae,Picornavirales,ssRNA(+),1,exact_current_genus_unique_family
Amplylivirus,Rhabdoviridae,Mononegavirales,ssRNA(-),2,exact_current_genus_unique_family
Ampunavirus,Autonotataviridae,Autographivirales,dsDNA,2,exact_current_genus_unique_family
Amubhivirus,Fiersviridae,Norzivirales,ssRNA(+),6,exact_current_genus_unique_family
Anademivirus,Inoviridae,Tubulavirales,ssDNA(+),1,exact_current_genus_unique_family
Anaposvirus,Kyanoviridae,Pantevenvirales,dsDNA,1,exact_current_genus_unique_family
Anathvirus,Ehrlichviridae,,dsDNA,1,exact_current_genus_unique_family
Anativirus,Picornaviridae,Picornavirales,ssRNA(+),2,exact_current_genus_unique_family
Ancalagonvirus,Vilyaviridae,Cirlivirales,ssDNA(+/-),2,exact_current_genus_unique_family
Anchaingvirus,Autonotataviridae,Autographivirales,dsDNA,1,exact_current_genus_unique_family
Andhasavirus,Fiersviridae,Norzivirales,ssRNA(+),5,exact_current_genus_unique_family
Andhaxevirus,Fiersviridae,Norzivirales,ssRNA(+),15,exact_current_genus_unique_family
Andhevirus,Atkinsviridae,Norzivirales,ssRNA(+),1,exact_current_genus_unique_family
Andhravirus,Rountreeviridae,,dsDNA,4,exact_current_genus_unique_family
Andihavirus,Solspiviridae,Norzivirales,ssRNA(+),1,exact_current_genus_unique_family
Andorivirus,Adamaviridae,Rohanvirales,ssDNA(+/-),3,exact_current_genus_unique_family
Andromedavirus,Ehrlichviridae,,dsDNA,11,exact_current_genus_unique_family
Andurilvirus,Vilyaviridae,Cirlivirales,ssDNA(+/-),2,exact_current_genus_unique_family
Angainorvirus,Nenyaviridae,Rohanvirales,ssDNA(+),1,exact_current_genus_unique_family
Angelvirus,Straboviridae,Pantevenvirales,dsDNA,1,exact_current_genus_unique_family
Angristvirus,Vilyaviridae,Cirlivirales,ssDNA; ssDNA(+/-),2,exact_current_genus_unique_family
Anicalvirus,Lispiviridae,Mononegavirales,ssRNA(-),2,exact_current_genus_unique_family
Anidravirus,Lispiviridae,Mononegavirales,ssRNA(-),1,exact_current_genus_unique_family
Ankaravirus,Hirszfeldviridae,,dsDNA,1,exact_current_genus_unique_family
Annadreamyvirus,Stanwilliamsviridae,,dsDNA,2,exact_current_genus_unique_family
Anphevirus,Xinmoviridae,Mononegavirales,ssRNA(-),1,exact_current_genus_unique_family
Antennavirus,Arenaviridae,Hareavirales,ssRNA(+/-); ssRNA(-); ssRNA(-); ssRNA(+/-),4,exact_current_genus_unique_family
Anthevirus,Mahapunaviridae,Saturnivirales,ssDNA(+/-),7,exact_current_genus_unique_family
Antiavirus,Inoviridae,Tubulavirales,ssDNA(+),1,exact_current_genus_unique_family
Antichaacvirus,Chaacviridae,Coyopavirales,dsDNA,1,exact_current_genus_unique_family
Anticleavirus,Mestraviridae,Vinavirales,dsDNA,1,exact_current_genus_unique_family
Anulavirus,Bromoviridae,Martellivirales,ssRNA(+),3,exact_current_genus_unique_family
Aobingvirus,Aoguangviridae,Magrovirales,dsDNA,1,exact_current_genus_unique_family
Aoqinvirus,Schitoviridae,,dsDNA,1,exact_current_genus_unique_family
Aorunvirus,Schitoviridae,,dsDNA,2,exact_current_genus_unique_family
Aparavirus,Dicistroviridae,Picornavirales,ssRNA(+),6,exact_current_genus_unique_family
Aparevirus,Geplanaviridae,Geplafuvirales,ssDNA(+/-),1,exact_current_genus_unique_family
Apdecimavirus,Autotranscriptaviridae,Autographivirales,dsDNA,2,exact_current_genus_unique_family
Apeevirus,Duinviridae,Norzivirales,ssRNA(+),2,exact_current_genus_unique_family
Aphroditevirus,Chimalliviridae,,dsDNA,4,exact_current_genus_unique_family
Aphthovirus,Picornaviridae,Picornavirales,ssRNA(+),4,exact_current_genus_unique_family
Apihcavirus,Atkinsviridae,Norzivirales,ssRNA(+),4,exact_current_genus_unique_family
Aprofuvirus,Thalassapleoviridae,Ageovirales,dsDNA,1,exact_current_genus_unique_family
Apscaviroid,Pospiviroidae,,ssRNA,19,exact_current_genus_unique_family
Aptresvirus,Peduoviridae,,dsDNA,2,exact_current_genus_unique_family
Aquabirnavirus,Birnaviridae,,dsRNA,3,exact_current_genus_unique_family
Aqualaruvirus,Crepuscuviridae,Jingchuvirales,ssRNA(-),1,exact_current_genus_unique_family
Aqualcavirus,Autonotataviridae,Autographivirales,dsDNA,1,exact_current_genus_unique_family
Aquamavirus,Picornaviridae,Picornavirales,ssRNA(+),1,exact_current_genus_unique_family
Aquambidensovirus,Parvoviridae,Piccovirales,ssDNA(+/-),24,exact_current_genus_unique_family
Aquaneticvirus,Grimontviridae,,dsDNA,1,exact_current_genus_unique_family
Aquaparamyxovirus,Paramyxoviridae,Mononegavirales,ssRNA(-),2,exact_current_genus_unique_family
Aquareovirus,Spinareoviridae,Reovirales,dsRNA,7,exact_current_genus_unique_family
Aquintavirus,Schitoviridae,,dsDNA,1,exact_current_genus_unique_family
Aracevirus,Schitoviridae,,dsDNA,1,exact_current_genus_unique_family
Arachnivirus,Pestiviridae,Amarillovirales,ssRNA(+),1,exact_current_genus_unique_family
Aranavirus,Lispiviridae,Mononegavirales,ssRNA(-),1,exact_current_genus_unique_family
Aranbvirus,Lispiviridae,Mononegavirales,ssRNA(-),1,exact_current_genus_unique_family
Aranruthvirus,Vilyaviridae,Cirlivirales,ssDNA,1,exact_current_genus_unique_family
Arepavirus,Potyviridae,Patatavirales,ssRNA(+),3,exact_current_genus_unique_family
Aresaunavirus,Peduoviridae,,dsDNA,2,exact_current_genus_unique_family
Aretevirus,Ouroboviridae,Gredzevirales,ssDNA(+/-),3,exact_current_genus_unique_family
Ariesvirus,Armatusviridae,Methanobavirales,dsDNA,1,exact_current_genus_unique_family
Arihsbuvirus,Atkinsviridae,Norzivirales,ssRNA(+),1,exact_current_genus_unique_family
Aristophanesvirus,Autoscriptoviridae,Autographivirales,dsDNA,1,exact_current_genus_unique_family
Arkenivirus,Naryaviridae,Rivendellvirales,ssDNA(+/-),1,exact_current_genus_unique_family
Arlivirus,Lispiviridae,Mononegavirales,ssRNA(-),3,exact_current_genus_unique_family
Armandvirus,Autotranscriptaviridae,Autographivirales,dsDNA,4,exact_current_genus_unique_family
Armipotenivirus,Draupnirviridae,Jormunvirales,ssDNA(+/-),1,exact_current_genus_unique_family
Arnorvirus,Vilyaviridae,Cirlivirales,ssDNA,1,exact_current_genus_unique_family
Arnovirus,Andersonviridae,,dsDNA,3,exact_current_genus_unique_family
Arseivirus,Crevaviridae,Crassvirales,dsDNA,3,exact_current_genus_unique_family
Arsenicumvirus,Peduoviridae,,dsDNA,1,exact_current_genus_unique_family
Arsyunavirus,Peduoviridae,,dsDNA,1,exact_current_genus_unique_family
Artemrhavirus,Rhabdoviridae,Mononegavirales,ssRNA(-),1,exact_current_genus_unique_family
Artemvirus,Lispiviridae,Mononegavirales,ssRNA(-),7,exact_current_genus_unique_family
Arthrovirus,Saffermanviridae,,dsDNA,1,exact_current_genus_unique_family
Artiparvovirus,Parvoviridae,Piccovirales,ssDNA,1,exact_current_genus_unique_family
Artivirus,Artiviridae,Ghabrivirales,dsRNA,9,exact_current_genus_unique_family
Arurhavirus,Rhabdoviridae,Mononegavirales,ssRNA(-),4,exact_current_genus_unique_family
Ascovirus,Ascoviridae,Pimascovirales,dsDNA,3,exact_current_genus_unique_family
Ascunsovirus,Tainaviridae,Secretvirales,ssDNA(+),1,exact_current_genus_unique_family
Asdankavirus,Steitzviridae,Timlovirales,ssRNA(+),1,exact_current_genus_unique_family
Asfivirus,Asfarviridae,Asfuvirales,dsDNA,1,exact_current_genus_unique_family
Ashcevirus,Steitzviridae,Timlovirales,ssRNA(+),5,exact_current_genus_unique_family
Ashucavirus,Fiersviridae,Norzivirales,ssRNA(+),6,exact_current_genus_unique_family
Ashurnovirus,Atkinsviridae,Norzivirales,ssRNA(+),2,exact_current_genus_unique_family
Asperivirus,Draupnirviridae,Jormunvirales,ssDNA(+/-),2,exact_current_genus_unique_family
Aspidivirus,Inoviridae,Tubulavirales,ssDNA(+),2,exact_current_genus_unique_family
Astuncavirus,Atkinsviridae,Norzivirales,ssRNA(+),1,exact_current_genus_unique_family
Atduovirus,Schitoviridae,,dsDNA,1,exact_current_genus_unique_family
Atlauavirus,Kyanoviridae,Pantevenvirales,dsDNA,3,exact_current_genus_unique_family
Atoyacvirus,Autonotataviridae,Autographivirales,dsDNA,2,exact_current_genus_unique_family
Atripovirus,Gandrviridae,Gredzevirales,ssDNA(+/-),1,exact_current_genus_unique_family
Atroxivirus,Draupnirviridae,Jormunvirales,ssDNA(+/-),1,exact_current_genus_unique_family
Atsuirnavirus,Hakuzoviridae,Divaquavirales,ssRNA,1,exact_current_genus_unique_family
Audacivirus,Draupnirviridae,Jormunvirales,ssDNA(+/-),1,exact_current_genus_unique_family
Audaxivirus,Draupnirviridae,Jormunvirales,ssDNA(+/-),4,exact_current_genus_unique_family
Augustepiccardvirus,Drexlerviridae,,dsDNA,1,exact_current_genus_unique_family
Aumaivirus,Tonesaviridae,,ssRNA(+),1,exact_current_genus_unique_family
Aureusvirus,Tombusviridae,Tolivirales,ssRNA(+),6,exact_current_genus_unique_family
Auricularimonavirus,Mymonaviridae,Mononegavirales,ssRNA(-),3,exact_current_genus_unique_family
Aurivirus,Malacoherpesviridae,Herpesvirales,dsDNA,1,exact_current_genus_unique_family
Aurodevirus,Suoliviridae,Crassvirales,dsDNA,1,exact_current_genus_unique_family
Austrovirus,Steitzviridae,Timlovirales,ssRNA(+),1,exact_current_genus_unique_family
Avacavirus,Mazaviridae,Amoyvirales,ssDNA(+),1,exact_current_genus_unique_family
Avadavirus,Geplanaviridae,Geplafuvirales,ssDNA(+/-),1,exact_current_genus_unique_family
Avantavirus,Atkinsviridae,Norzivirales,ssRNA(+),1,exact_current_genus_unique_family
Avastrovirus,Astroviridae,Stellavirales,ssRNA(+),4,exact_current_genus_unique_family
Avenavirus,Tombusviridae,Tolivirales,ssRNA(+),1,exact_current_genus_unique_family
Avenivirus,Thalassapleoviridae,Ageovirales,dsDNA,1,exact_current_genus_unique_family
Aveparvovirus,Parvoviridae,Piccovirales,ssDNA,11,exact_current_genus_unique_family
Avesvirus,Lispiviridae,Mononegavirales,ssRNA(-),1,exact_current_genus_unique_family
Aviadenovirus,Adenoviridae,Rowavirales,dsDNA,29,exact_current_genus_unique_family
Avibirnavirus,Birnaviridae,,dsRNA,1,exact_current_genus_unique_family
Avihepadnavirus,Hepadnaviridae,Blubervirales,dsDNA-RT,5,exact_current_genus_unique_family
Avihepatovirus,Picornaviridae,Picornavirales,ssRNA(+),1,exact_current_genus_unique_family
Avihepevirus,Hepeviridae,Hepelivirales,ssRNA(+),2,exact_current_genus_unique_family
Avipoxvirus,Poxviridae,Chitovirales,dsDNA,7,exact_current_genus_unique_family
Avisivirus,Picornaviridae,Picornavirales,ssRNA(+),3,exact_current_genus_unique_family
Avoomyvirus,Oomyviridae,Lineavirales,ssDNA,21,exact_current_genus_unique_family
Avsunviroid,Avsunviroidae,,ssRNA,1,exact_current_genus_unique_family
Axomammavirus,Autosignataviridae,Autographivirales,dsDNA,1,exact_current_genus_unique_family
Axvirus,Schitoviridae,,dsDNA,1,exact_current_genus_unique_family
Axyvirus,Autoscriptoviridae,Autographivirales,dsDNA,3,exact_current_genus_unique_family
Ayakvirus,Autoscriptoviridae,Autographivirales,dsDNA,1,exact_current_genus_unique_family
Ayintorquevirus,Anelloviridae,Sanitavirales,ssDNA(+/-),1,exact_current_genus_unique_family
Ayohtrevirus,Berryhillviridae,,dsDNA,1,exact_current_genus_unique_family
Azorudivirus,Rudiviridae,Ligamenvirales,dsDNA,1,exact_current_genus_unique_family
Babosmacovirus,Smacoviridae,Cremevirales,ssDNA(+/-),1,exact_current_genus_unique_family
Babusatellite,Alphasatellitidae,,ssDNA(+),1,exact_current_genus_unique_family
Babuvirus,Nanoviridae,Mulpavirales,ssDNA(+),3,exact_current_genus_unique_family
Bacelvirus,Pachyviridae,,dsDNA,1,exact_current_genus_unique_family
Bacillarnavirus,Marnaviridae,Picornavirales,ssRNA(+),3,exact_current_genus_unique_family
Badaguanvirus,Drexlerviridae,,dsDNA,1,exact_current_genus_unique_family
Badnavirus,Caulimoviridae,Ortervirales,dsDNA; dsDNA-RT,75,exact_current_genus_unique_family
Badtivirus,Steitzviridae,Timlovirales,ssRNA(+),1,exact_current_genus_unique_family
Bafinivirus,Tobaniviridae,Nidovirales,ssRNA(+),2,exact_current_genus_unique_family
Bahdevirus,Atkinsviridae,Norzivirales,ssRNA(+),1,exact_current_genus_unique_family
Bahdevuvirus,Atkinsviridae,Norzivirales,ssRNA(+),2,exact_current_genus_unique_family
Bahguvirus,Atkinsviridae,Norzivirales,ssRNA(+),2,exact_current_genus_unique_family
Bahkauvirus,Salasmaviridae,,dsDNA,1,exact_current_genus_unique_family
Bahrchivirus,Steitzviridae,Timlovirales,ssRNA(+),6,exact_current_genus_unique_family
Bahscuvirus,Fiersviridae,Norzivirales,ssRNA(+),1,exact_current_genus_unique_family
Bahxtivirus,Steitzviridae,Timlovirales,ssRNA(+),1,exact_current_genus_unique_family
Baiafusivirus,Nipumfusiviridae,,dsDNA,2,exact_current_genus_unique_family
Baihuvirus,Drexlerviridae,,dsDNA,1,exact_current_genus_unique_family
Baileybluvirus,Casidaviridae,,dsDNA,2,exact_current_genus_unique_family
Bajunvirus,Jeanschmidtviridae,,dsDNA,1,exact_current_genus_unique_family
Bakolyvirus,Anamaviridae,,dsDNA,6,exact_current_genus_unique_family
Baldwinvirus,Vandenendeviridae,,dsDNA,1,exact_current_genus_unique_family
Balsavirus,Atkinsviridae,Norzivirales,ssRNA(+),1,exact_current_genus_unique_family
Baltimorevirus,Schitoviridae,,dsDNA,1,exact_current_genus_unique_family
Baltivirus,Pachyviridae,,dsDNA,3,exact_current_genus_unique_family
Bamvirus,Autotranscriptaviridae,Autographivirales,dsDNA,1,exact_current_genus_unique_family
Banaphisatellite,Alphasatellitidae,,ssDNA,3,exact_current_genus_unique_family
Bandavirus,Phenuiviridae,Hareavirales,ssRNA(-); ssRNA(+/-),9,exact_current_genus_unique_family
Banmivirus,Betaflexiviridae,Tymovirales,ssRNA(+),3,exact_current_genus_unique_family
Baoshanvirus,Herelleviridae,,dsDNA,2,exact_current_genus_unique_family
Baranavirus,Anicreviridae,Mulpavirales,ssDNA(+/-),1,exact_current_genus_unique_family
Barchevirus,Atkinsviridae,Norzivirales,ssRNA(+),2,exact_current_genus_unique_family
Bardovirus,Atkinsviridae,Norzivirales,ssRNA(+),1,exact_current_genus_unique_family
Barhavirus,Rhabdoviridae,Mononegavirales,ssRNA(-),2,exact_current_genus_unique_family
Barnavirus,Barnaviridae,Sobelivirales,ssRNA(+),1,exact_current_genus_unique_family
Barnstormervirus,Casidaviridae,,dsDNA,2,exact_current_genus_unique_family
Barthadenovirus,Adenoviridae,Rowavirales,dsDNA,21,exact_current_genus_unique_family
Bartonegtaviriform,Bartogtaviriformidae,,dsDNA,1,exact_current_genus_unique_family
Bartovirus,Atkinsviridae,Norzivirales,ssRNA(+),3,exact_current_genus_unique_family
Bartuvirus,Steitzviridae,Timlovirales,ssRNA(+),2,exact_current_genus_unique_family
Bascudevirus,Atkinsviridae,Norzivirales,ssRNA(+),1,exact_current_genus_unique_family
Bastillevirus,Herelleviridae,,dsDNA,4,exact_current_genus_unique_family
Batdovirus,Atkinsviridae,Norzivirales,ssRNA(+),1,exact_current_genus_unique_family
Batravirus,Alloherpesviridae,Herpesvirales,dsDNA,3,exact_current_genus_unique_family
Bavovirus,Caliciviridae,Picornavirales,ssRNA(+),1,exact_current_genus_unique_family
Baylorvirus,Peduoviridae,,dsDNA,2,exact_current_genus_unique_family
Bcepfunavirus,Lindbergviridae,,dsDNA,1,exact_current_genus_unique_family
Bdellomicrovirus,Betagokushoviridae,Gokushovirales,ssDNA(+),1,exact_current_genus_unique_family
Beahrlevirus,Atkinsviridae,Norzivirales,ssRNA(+),1,exact_current_genus_unique_family
Becurtovirus,Geminiviridae,Geplafuvirales,ssDNA(+/-),3,exact_current_genus_unique_family
Beecentumtrevirus,Salasmaviridae,,dsDNA,3,exact_current_genus_unique_family
Beejeyvirus,Graaviviridae,Kirjokansivirales,dsDNA,1,exact_current_genus_unique_family
Begindovirus,Solspiviridae,Norzivirales,ssRNA(+),1,exact_current_genus_unique_family
Begomovirus,Geminiviridae,Geplafuvirales,ssDNA; ssDNA(+/-),466,exact_current_genus_unique_family
Behauvirus,Atkinsviridae,Norzivirales,ssRNA(+),1,exact_current_genus_unique_family
Beheusavirus,Atkinsviridae,Norzivirales,ssRNA(+),1,exact_current_genus_unique_family
Behevivirus,Fiersviridae,Norzivirales,ssRNA(+),1,exact_current_genus_unique_family
Behlfluvirus,Fiersviridae,Norzivirales,ssRNA(+),1,exact_current_genus_unique_family
Behntlevirus,Atkinsviridae,Norzivirales,ssRNA(+),1,exact_current_genus_unique_family
Behrmavirus,Steitzviridae,Timlovirales,ssRNA(+),2,exact_current_genus_unique_family
Behrmuvirus,Atkinsviridae,Norzivirales,ssRNA(+),1,exact_current_genus_unique_family
Beidivirus,Phenuiviridae,Hareavirales,ssRNA(-),4,exact_current_genus_unique_family
Beiedevirus,Steitzviridae,Timlovirales,ssRNA(+),1,exact_current_genus_unique_family
Beijingvirus,Hirszfeldviridae,,dsDNA,1,exact_current_genus_unique_family
Beirlevirus,Steitzviridae,Timlovirales,ssRNA(+),1,exact_current_genus_unique_family
Bellamyvirus,Kyanoviridae,Pantevenvirales,dsDNA,1,exact_current_genus_unique_family
Bellicusivirus,Draupnirviridae,Jormunvirales,ssDNA(+/-),1,exact_current_genus_unique_family
Belligerivirus,Draupnirviridae,Jormunvirales,ssDNA(+/-),1,exact_current_genus_unique_family
Benllochvirus,Autotranscriptaviridae,Autographivirales,dsDNA,4,exact_current_genus_unique_family
Benyvirus,Benyviridae,Hepelivirales,ssRNA(+),5,exact_current_genus_unique_family
Beograduvirus,Anamaviridae,,dsDNA,4,exact_current_genus_unique_family
Beornivirus,Naryaviridae,Rivendellvirales,ssDNA(+/-),1,exact_current_genus_unique_family
Bepbevirus,Steitzviridae,Timlovirales,ssRNA(+),1,exact_current_genus_unique_family
Bequatrovirus,Herelleviridae,,dsDNA,6,exact_current_genus_unique_family
Bercswevirus,Atkinsviridae,Norzivirales,ssRNA(+),1,exact_current_genus_unique_family
Berdovirus,Steitzviridae,Timlovirales,ssRNA(+),1,exact_current_genus_unique_family
Berenvirus,Vilyaviridae,Cirlivirales,ssDNA(+/-),1,exact_current_genus_unique_family
Berhavirus,Nyamiviridae,Mononegavirales,ssRNA(-),7,exact_current_genus_unique_family
Berlinvirus,Autotranscriptaviridae,Autographivirales,dsDNA,30,exact_current_genus_unique_family
Bermivirus,Atkinsviridae,Norzivirales,ssRNA(+),1,exact_current_genus_unique_family
Bertelyvirus,Jeanschmidtviridae,,dsDNA,2,exact_current_genus_unique_family
Bertilvirus,Autoscriptoviridae,Autographivirales,dsDNA,1,exact_current_genus_unique_family
Bertovirus,Steitzviridae,Timlovirales,ssRNA(+),1,exact_current_genus_unique_family
Bescotivirus,Steitzviridae,Timlovirales,ssRNA(+),2,exact_current_genus_unique_family
Beshanovirus,Duinviridae,Norzivirales,ssRNA(+),1,exact_current_genus_unique_family
Besingivirus,Suoliviridae,Crassvirales,dsDNA,1,exact_current_genus_unique_family
Betaarterivirus,Arteriviridae,Nidovirales,ssRNA(+),6,exact_current_genus_unique_family
Betabaculovirus,Baculoviridae,Lefavirales,dsDNA,29,exact_current_genus_unique_family
Betabotoulivirus,Botourmiaviridae,Ourlivirales,ssRNA(+),10,exact_current_genus_unique_family
Betacarmovirus,Tombusviridae,Tolivirales,ssRNA(+),4,exact_current_genus_unique_family
Betachrysovirus,Chrysoviridae,Ghabrivirales,dsRNA,11,exact_current_genus_unique_family
Betacoronavirus,Coronaviridae,Nidovirales,ssRNA(+),14,exact_current_genus_unique_family
Betacystovirus,Cystoviridae,Mindivirales,dsRNA,1,exact_current_genus_unique_family
Betacytorhabdovirus,Rhabdoviridae,Mononegavirales,ssRNA(-),62,exact_current_genus_unique_family
Betadintovirus,Eupolintoviridae,Amphintovirales,dsDNA,1,exact_current_genus_unique_family
Betaendornavirus,Endornaviridae,Martellivirales,ssRNA(+),7,exact_current_genus_unique_family
Betaentomopoxvirus,Poxviridae,Chitovirales,dsDNA,6,exact_current_genus_unique_family
Betafilamentovirus,Filamentoviridae,Lefavirales,dsDNA,2,exact_current_genus_unique_family
Betafusarivirus,Fusariviridae,Hypofuvirales,ssRNA(+),16,exact_current_genus_unique_family
Betafusellovirus,Fuselloviridae,,dsDNA,2,exact_current_genus_unique_family
Betaguttavirus,Guttaviridae,,dsDNA,1,exact_current_genus_unique_family
Betagymnorhavirus,Rhabdoviridae,Mononegavirales,ssRNA(-),1,exact_current_genus_unique_family
Betahymrhavirus,Rhabdoviridae,Mononegavirales,ssRNA(-),3,exact_current_genus_unique_family
Betahypovirus,Parahypoviridae,Hypofuvirales,ssRNA(+),14,exact_current_genus_unique_family
Betainfluenzavirus,Orthomyxoviridae,Articulavirales,ssRNA(-),1,exact_current_genus_unique_family
Betalipothrixvirus,Lipothrixviridae,Ligamenvirales,dsDNA,6,exact_current_genus_unique_family
Betambiguivirus,Ambiguiviridae,Tolivirales,ssRNA(+),9,exact_current_genus_unique_family
Betanecrovirus,Tombusviridae,Tolivirales,ssRNA(+),3,exact_current_genus_unique_family
Betanemrhavirus,Rhabdoviridae,Mononegavirales,ssRNA(-),2,exact_current_genus_unique_family
Betanodavirus,Nodaviridae,Nodamuvirales,ssRNA(+),4,exact_current_genus_unique_family
Betanucleorhabdovirus,Rhabdoviridae,Mononegavirales,ssRNA(-),26,exact_current_genus_unique_family
Betanudivirus,Nudiviridae,Lefavirales,dsDNA,1,exact_current_genus_unique_family
Betaourmiavirus,Ourmiaviridae,Ourlivirales,ssRNA(+),3,exact_current_genus_unique_family
Betapapillomavirus,Papillomaviridae,Zurhausenvirales,dsDNA,6,exact_current_genus_unique_family
Betapaprhavirus,Rhabdoviridae,Mononegavirales,ssRNA(-),2,exact_current_genus_unique_family
Betapartitivirus,Partitiviridae,Durnavirales,dsRNA,17,exact_current_genus_unique_family
Betaplatrhavirus,Rhabdoviridae,Mononegavirales,ssRNA(-),14,exact_current_genus_unique_family
Betapleolipovirus,Pleolipoviridae,Haloruvirales,dsDNA,10,exact_current_genus_unique_family
Betapolyomavirus,Polyomaviridae,Sepolyvirales,dsDNA,42,exact_current_genus_unique_family
Betaretrovirus,Retroviridae,Ortervirales,ssRNA-RT,5,exact_current_genus_unique_family
Betarhizoulivirus,Rhizouliviridae,Ourlivirales,ssRNA(+),1,exact_current_genus_unique_family
Betaricinrhavirus,Rhabdoviridae,Mononegavirales,ssRNA(-),5,exact_current_genus_unique_family
Betasatellite,Tolecusatellitidae,,ssDNA; ssDNA(-),120,exact_current_genus_unique_family
Betasclernavirus,Mycoalphaviridae,Hepelivirales,ssRNA(+),5,exact_current_genus_unique_family
Betascleroulivirus,Botourmiaviridae,Ourlivirales,ssRNA(+),14,exact_current_genus_unique_family
Betatectivirus,Tectiviridae,Kalamavirales,dsDNA,6,exact_current_genus_unique_family
Betatetravirus,Alphatetraviridae,Hepelivirales,ssRNA(+),7,exact_current_genus_unique_family
Betathriprhavirus,Rhabdoviridae,Mononegavirales,ssRNA(-),4,exact_current_genus_unique_family
Betatorquevirus,Anelloviridae,Sanitavirales,ssDNA(-),38,exact_current_genus_unique_family
Betatristromavirus,Tristromaviridae,Primavirales,dsDNA,1,exact_current_genus_unique_family
Betayadokarivirus,Yadokariviridae,Yadokarivirales,ssRNA(+),4,exact_current_genus_unique_family
Bevemovirus,Potyviridae,Patatavirales,ssRNA(+),1,exact_current_genus_unique_family
Bexdevirus,Atkinsviridae,Norzivirales,ssRNA(+),10,exact_current_genus_unique_family
Biavirus,Schizomimiviridae,Imitervirales,dsDNA,1,exact_current_genus_unique_family
Bicaudavirus,Bicaudaviridae,,dsDNA,1,exact_current_genus_unique_family
Bicehmovirus,Steitzviridae,Timlovirales,ssRNA(+),33,exact_current_genus_unique_family
Bidensovirus,Bidnaviridae,Polivirales,ssDNA(+/-),1,exact_current_genus_unique_family
Bidwovirus,Steitzviridae,Timlovirales,ssRNA(+),1,exact_current_genus_unique_family
Bidwuvirus,Atkinsviridae,Norzivirales,ssRNA(+),1,exact_current_genus_unique_family
Bielevirus,Peduoviridae,,dsDNA,2,exact_current_genus_unique_family
Bievrevirus,Zimmerviridae,,dsDNA,1,exact_current_genus_unique_family
Bifilivirus,Paulinoviridae,Tubulavirales,ssDNA(+),2,exact_current_genus_unique_family
Bifseptvirus,Autonotataviridae,Autographivirales,dsDNA,4,exact_current_genus_unique_family
Bihckevirus,Steitzviridae,Timlovirales,ssRNA(+),1,exact_current_genus_unique_family
Bihdfovirus,Atkinsviridae,Norzivirales,ssRNA(+),2,exact_current_genus_unique_family
Bihdovirus,Fiersviridae,Norzivirales,ssRNA(+),1,exact_current_genus_unique_family
Bihndovirus,Steitzviridae,Timlovirales,ssRNA(+),1,exact_current_genus_unique_family
Bihshovirus,Atkinsviridae,Norzivirales,ssRNA(+),2,exact_current_genus_unique_family
Bilifuvirus,Atkinsviridae,Norzivirales,ssRNA(+),1,exact_current_genus_unique_family
Bilsavirus,Atkinsviridae,Norzivirales,ssRNA(+),2,exact_current_genus_unique_family
Bilsivirus,Steitzviridae,Timlovirales,ssRNA(+),1,exact_current_genus_unique_family
Biquartavirus,Straboviridae,Pantevenvirales,dsDNA,1,exact_current_genus_unique_family
Bircswevirus,Steitzviridae,Timlovirales,ssRNA(+),1,exact_current_genus_unique_family
Birdonovirus,Atkinsviridae,Norzivirales,ssRNA(+),1,exact_current_genus_unique_family
Birfecvirus,Lispiviridae,Mononegavirales,ssRNA(-),1,exact_current_genus_unique_family
Birfovirus,Atkinsviridae,Norzivirales,ssRNA(+),1,exact_current_genus_unique_family
Birpovirus,Suoliviridae,Crassvirales,dsDNA,1,exact_current_genus_unique_family
Birstovirus,Atkinsviridae,Norzivirales,ssRNA(+),1,exact_current_genus_unique_family
Bisdanovirus,Fiersviridae,Norzivirales,ssRNA(+),1,exact_current_genus_unique_family
Bishavirus,Steitzviridae,Timlovirales,ssRNA(+),1,exact_current_genus_unique_family
Bishovirus,Steitzviridae,Timlovirales,ssRNA(+),2,exact_current_genus_unique_family
Bivalveiridovirus,Iridoviridae,Pimascovirales,dsDNA,1,exact_current_genus_unique_family
Blacdavirus,Steitzviridae,Timlovirales,ssRNA(+),1,exact_current_genus_unique_family
Blafavirus,Fiersviridae,Norzivirales,ssRNA(+),1,exact_current_genus_unique_family
Blattambidensovirus,Parvoviridae,Piccovirales,ssDNA(+/-),6,exact_current_genus_unique_family
Blictovirus,Atkinsviridae,Norzivirales,ssRNA(+),1,exact_current_genus_unique_family
Blinduvirus,Atkinsviridae,Norzivirales,ssRNA(+),21,exact_current_genus_unique_family
Blohavirus,Suoliviridae,Crassvirales,dsDNA,2,exact_current_genus_unique_family
Blosnavirus,Birnaviridae,,dsRNA,2,exact_current_genus_unique_family
Blunervirus,Kitaviridae,Martellivirales,ssRNA(+),15,exact_current_genus_unique_family
Bluvavirus,Closteroviridae,Martellivirales,ssRNA(+),1,exact_current_genus_unique_family
Boaesivirus,Steitzviridae,Timlovirales,ssRNA(+),1,exact_current_genus_unique_family
Bocaparvovirus,Parvoviridae,Piccovirales,ssDNA,36,exact_current_genus_unique_family
Bocivirus,Phenuiviridae,Hareavirales,ssRNA(-); ssRNA(-); ssRNA(+/-),7,exact_current_genus_unique_family
Boebeisivirus,Ouroboviridae,Gredzevirales,ssDNA(+/-),2,exact_current_genus_unique_family
Bohlehivirus,Steitzviridae,Timlovirales,ssRNA(+),1,exact_current_genus_unique_family
Bohnovirus,Fiersviridae,Norzivirales,ssRNA(+),1,exact_current_genus_unique_family
Bohwovirus,Fiersviridae,Norzivirales,ssRNA(+),1,exact_current_genus_unique_family
Bohxovirus,Darmviridae,Crassvirales,dsDNA,1,exact_current_genus_unique_family
Boldovirus,Steitzviridae,Timlovirales,ssRNA(+),2,exact_current_genus_unique_family
Bolekvirus,Autoscriptoviridae,Autographivirales,dsDNA,2,exact_current_genus_unique_family
Bolenivirus,Medioniviridae,Nidovirales,ssRNA(+),1,exact_current_genus_unique_family
Boletivirus,Pestiviridae,Amarillovirales,ssRNA(+),1,exact_current_genus_unique_family
Bolihivirus,Atkinsviridae,Norzivirales,ssRNA(+),4,exact_current_genus_unique_family
Bolislovirus,Atkinsviridae,Norzivirales,ssRNA(+),1,exact_current_genus_unique_family
Boltovirus,Atkinsviridae,Norzivirales,ssRNA(+),1,exact_current_genus_unique_family
Bonaevitaevirus,Orlajensenviridae,,dsDNA,1,exact_current_genus_unique_family
Bonghivirus,Blumeviridae,Timlovirales,ssRNA(+),1,exact_current_genus_unique_family
Bongovirus,Vilmaviridae,,dsDNA,2,exact_current_genus_unique_family
Bonnellvirus,Autoscriptoviridae,Autographivirales,dsDNA,9,exact_current_genus_unique_family
Bonzesmacovirus,Smacoviridae,Cremevirales,ssDNA(+/-),2,exact_current_genus_unique_family
Boosepivirus,Picornaviridae,Picornavirales,ssRNA(+),3,exact_current_genus_unique_family
Bopivirus,Picornaviridae,Picornavirales,ssRNA(+),1,exact_current_genus_unique_family
Bormycovirus,Deltaormycoviridae,Bormycovirales,ssRNA,4,exact_current_genus_unique_family
Bosavirus,Mesyanzhinovviridae,,dsDNA,6,exact_current_genus_unique_family
Boschuvirus,Fiersviridae,Norzivirales,ssRNA(+),1,exact_current_genus_unique_family
Boscovirus,Chuviridae,Jingchuvirales,ssRNA(-),2,exact_current_genus_unique_family
Bossavirus,Orthoherpesviridae,Herpesvirales,dsDNA,1,exact_current_genus_unique_family
Bostasmacovirus,Smacoviridae,Cremevirales,ssDNA(+/-),1,exact_current_genus_unique_family
Bostovirus,Tobaniviridae,Nidovirales,ssRNA(+),1,exact_current_genus_unique_family
Botoulivirus,Botourmiaviridae,Ourlivirales,ssRNA(+),22,exact_current_genus_unique_family
Botrexvirus,Alphaflexiviridae,Tymovirales,ssRNA(+),3,exact_current_genus_unique_family
Botrytimonavirus,Mymonaviridae,Mononegavirales,ssRNA(-),4,exact_current_genus_unique_family
Bottigliavirus,Ampullaviridae,,dsDNA,3,exact_current_genus_unique_family
Botybirnavirus,Botybirnaviridae,Ghabrivirales,dsRNA,9,exact_current_genus_unique_family
Bouhrtavirus,Atkinsviridae,Norzivirales,ssRNA(+),1,exact_current_genus_unique_family
Bourtovirus,Steitzviridae,Timlovirales,ssRNA(+),4,exact_current_genus_unique_family
Bovdisavirus,Endolinaviridae,Cirlivirales,ssDNA(+/-),1,exact_current_genus_unique_family
Bovinavirus,Paramyxoviridae,Mononegavirales,ssRNA(-),1,exact_current_genus_unique_family
Bovismacovirus,Smacoviridae,Cremevirales,ssDNA(+/-),7,exact_current_genus_unique_family
Bovispumavirus,Retroviridae,Ortervirales,ssRNA-RT,1,exact_current_genus_unique_family
Bracchivirus,Peduoviridae,,dsDNA,1,exact_current_genus_unique_family
Brachyspigtaviriform,Brachygtaviriformidae,,dsDNA,1,exact_current_genus_unique_family
Bracoviriform,Polydnaviriformidae,,dsDNA,31,exact_current_genus_unique_family
Bragavirus,Straboviridae,Pantevenvirales,dsDNA,3,exact_current_genus_unique_family
Brahivirus,Blumeviridae,Timlovirales,ssRNA(+),1,exact_current_genus_unique_family
Braholevirus,Atkinsviridae,Norzivirales,ssRNA(+),1,exact_current_genus_unique_family
Brambyvirus,Potyviridae,Patatavirales,ssRNA(+),1,exact_current_genus_unique_family
Bramcovirus,Atkinsviridae,Norzivirales,ssRNA(+),2,exact_current_genus_unique_family
Bramkuvirus,Atkinsviridae,Norzivirales,ssRNA(+),1,exact_current_genus_unique_family
Branavirus,Atkinsviridae,Norzivirales,ssRNA(+),1,exact_current_genus_unique_family
Brandovirus,Atkinsviridae,Norzivirales,ssRNA(+),1,exact_current_genus_unique_family
Branisovskavirus,Chimalliviridae,,dsDNA,1,exact_current_genus_unique_family
Brehdfovirus,Atkinsviridae,Norzivirales,ssRNA(+),1,exact_current_genus_unique_family
Breudwovirus,Fiersviridae,Norzivirales,ssRNA(+),1,exact_current_genus_unique_family
Brevipenbrevirus,Parvoviridae,Piccovirales,ssDNA; ssDNA(+/-),4,exact_current_genus_unique_family
Bridfovirus,Steitzviridae,Timlovirales,ssRNA(+),4,exact_current_genus_unique_family
Brikhyavirus,Steitzviridae,Timlovirales,ssRNA(+),1,exact_current_genus_unique_family
Brimcuvirus,Steitzviridae,Timlovirales,ssRNA(+),2,exact_current_genus_unique_family
Brimkuvirus,Steitzviridae,Timlovirales,ssRNA(+),1,exact_current_genus_unique_family
Bristolvirus,Kyanoviridae,Pantevenvirales,dsDNA,1,exact_current_genus_unique_family
Brizovirus,Kyanoviridae,Pantevenvirales,dsDNA,3,exact_current_genus_unique_family
Broedwivirus,Steitzviridae,Timlovirales,ssRNA(+),3,exact_current_genus_unique_family
Broetwevirus,Atkinsviridae,Norzivirales,ssRNA(+),1,exact_current_genus_unique_family
Broinstvirus,Casjensviridae,,dsDNA,1,exact_current_genus_unique_family
Bromdenvirus,Vilmaviridae,,dsDNA,2,exact_current_genus_unique_family
Bromovirus,Bromoviridae,Martellivirales,ssRNA(+),7,exact_current_genus_unique_family
Bronvirus,Vilmaviridae,,dsDNA,6,exact_current_genus_unique_family
Brucesealvirus,Guelinviridae,,dsDNA,6,exact_current_genus_unique_family
Bruncluvirus,Atkinsviridae,Norzivirales,ssRNA(+),9,exact_current_genus_unique_family
Brussowvirus,Aliceevansviridae,,dsDNA,34,exact_current_genus_unique_family
Brutusvirus,Hirszfeldviridae,,dsDNA,1,exact_current_genus_unique_family
Buchavirus,Suoliviridae,Crassvirales,dsDNA,2,exact_current_genus_unique_family
Buckevirus,Atkinsviridae,Norzivirales,ssRNA(+),2,exact_current_genus_unique_family
Bucovirus,Autoscriptoviridae,Autographivirales,dsDNA,1,exact_current_genus_unique_family
Budprovirus,Atkinsviridae,Norzivirales,ssRNA(+),1,exact_current_genus_unique_family
Budvirus,Allomimiviridae,Imitervirales,dsDNA,1,exact_current_genus_unique_family
Buhdavirus,Fiersviridae,Norzivirales,ssRNA(+),1,exact_current_genus_unique_family
Buhdlovirus,Atkinsviridae,Norzivirales,ssRNA(+),1,exact_current_genus_unique_family
Buhdprovirus,Steitzviridae,Timlovirales,ssRNA(+),2,exact_current_genus_unique_family
Buhlduvirus,Darmviridae,Crassvirales,dsDNA,1,exact_current_genus_unique_family
Buhpbivirus,Atkinsviridae,Norzivirales,ssRNA(+),1,exact_current_genus_unique_family
Buhrmuvirus,Steitzviridae,Timlovirales,ssRNA(+),1,exact_current_genus_unique_family
Buhshwavirus,Atkinsviridae,Norzivirales,ssRNA(+),1,exact_current_genus_unique_family
Bulcivirus,Atkinsviridae,Norzivirales,ssRNA(+),1,exact_current_genus_unique_family
Bulkovirus,Steitzviridae,Timlovirales,ssRNA(+),1,exact_current_genus_unique_family
Bundooravirus,Salasmaviridae,,dsDNA,3,exact_current_genus_unique_family
Bunlevirus,Atkinsviridae,Norzivirales,ssRNA(+),2,exact_current_genus_unique_family
Buntovirus,Atkinsviridae,Norzivirales,ssRNA(+),1,exact_current_genus_unique_family
Buorbuivirus,Suoliviridae,Crassvirales,dsDNA,2,exact_current_genus_unique_family
Burdivirus,Atkinsviridae,Norzivirales,ssRNA(+),2,exact_current_genus_unique_family
Burnvirus,Hirszfeldviridae,,dsDNA,11,exact_current_genus_unique_family
Burquivirus,Burtonviroviridae,Priklausovirales,dsDNA,1,exact_current_genus_unique_family
Burtuvirus,Atkinsviridae,Norzivirales,ssRNA(+),1,exact_current_genus_unique_family
Burzaovirus,Darmviridae,Crassvirales,dsDNA,1,exact_current_genus_unique_family
Bushuvirus,Atkinsviridae,Norzivirales,ssRNA(+),1,exact_current_genus_unique_family
Bushwuavirus,Steitzviridae,Timlovirales,ssRNA(+),1,exact_current_genus_unique_family
Butlevirus,Steitzviridae,Timlovirales,ssRNA(+),1,exact_current_genus_unique_family
Bymovirus,Potyviridae,Patatavirales,ssRNA(+),6,exact_current_genus_unique_family
Cacepaovirus,Darmviridae,Crassvirales,dsDNA,1,exact_current_genus_unique_family
Caecilivirus,Picornaviridae,Picornavirales,ssRNA(+),1,exact_current_genus_unique_family
Caeruleovirus,Herelleviridae,,dsDNA,6,exact_current_genus_unique_family
Cafassovirus,Kruegerviridae,,dsDNA,4,exact_current_genus_unique_family
Cahdavirus,Fiersviridae,Norzivirales,ssRNA(+),7,exact_current_genus_unique_family
Cahrlavirus,Steitzviridae,Timlovirales,ssRNA(+),1,exact_current_genus_unique_family
Cahrpivirus,Fiersviridae,Norzivirales,ssRNA(+),2,exact_current_genus_unique_family
Cahtebovirus,Atkinsviridae,Norzivirales,ssRNA(+),8,exact_current_genus_unique_family
Cahwstovirus,Atkinsviridae,Norzivirales,ssRNA(+),1,exact_current_genus_unique_family
Cairovirus,Hirszfeldviridae,,dsDNA,2,exact_current_genus_unique_family
Caldevirus,Atkinsviridae,Norzivirales,ssRNA(+),1,exact_current_genus_unique_family
Caldusvirus,Tenebraviridae,,dsDNA,1,exact_current_genus_unique_family
Caligrhavirus,Rhabdoviridae,Mononegavirales,ssRNA(-),3,exact_current_genus_unique_family
Caliparnavirus,Soropartitiviridae,Durnavirales,dsRNA,1,exact_current_genus_unique_family
Callevirus,Pervagoviridae,,dsDNA,2,exact_current_genus_unique_family
Caloevirus,Fiersviridae,Norzivirales,ssRNA(+),3,exact_current_genus_unique_family
Calorvirus,Altumviridae,,dsDNA,2,exact_current_genus_unique_family
Cambruovirus,Atkinsviridae,Norzivirales,ssRNA(+),1,exact_current_genus_unique_family
Camdisavirus,Endolinaviridae,Cirlivirales,ssDNA(+/-),4,exact_current_genus_unique_family
Campanilevirus,Ackermannviridae,Pantevenvirales,dsDNA,1,exact_current_genus_unique_family
Campduvirus,Steitzviridae,Timlovirales,ssRNA(+),7,exact_current_genus_unique_family
Canhaevirus,Suoliviridae,Crassvirales,dsDNA,3,exact_current_genus_unique_family
Cankvirus,Autotranscriptaviridae,Autographivirales,dsDNA,1,exact_current_genus_unique_family
Canmovirus,Lispiviridae,Mononegavirales,ssRNA(-),1,exact_current_genus_unique_family
Canoevirus,Peduoviridae,,dsDNA,1,exact_current_genus_unique_family
Capamivirus,Pecoviridae,Ringavirales,ssDNA(+/-),2,exact_current_genus_unique_family
Capbuvirus,Steitzviridae,Timlovirales,ssRNA(+),1,exact_current_genus_unique_family
Capillovirus,Betaflexiviridae,Tymovirales,ssRNA(+),9,exact_current_genus_unique_family
Capistrivirus,Inoviridae,Tubulavirales,ssDNA(+),1,exact_current_genus_unique_family
Capripoxvirus,Poxviridae,Chitovirales,dsDNA,3,exact_current_genus_unique_family
Capsdovirus,Atkinsviridae,Norzivirales,ssRNA(+),1,exact_current_genus_unique_family
Captovirus,Ungulaviridae,Ligamenvirales,dsDNA,1,exact_current_genus_unique_family
Capulavirus,Geminiviridae,Geplafuvirales,ssDNA; ssDNA(+/-),6,exact_current_genus_unique_family
Capvunavirus,Guelinviridae,,dsDNA,1,exact_current_genus_unique_family
Caradhivirus,Adamaviridae,Rohanvirales,ssDNA(+/-),1,exact_current_genus_unique_family
Carbovirus,Bornaviridae,Mononegavirales,ssRNA(-),2,exact_current_genus_unique_family
Cardiovirus,Picornaviridae,Picornavirales,ssRNA(+),6,exact_current_genus_unique_family
Cardoreovirus,Sedoreoviridae,Reovirales,dsRNA,2,exact_current_genus_unique_family
Carettavirus,Straboviridae,Pantevenvirales,dsDNA,1,exact_current_genus_unique_family
Carjivirus,Intestiviridae,Crassvirales,dsDNA,13,exact_current_genus_unique_family
Carlavirus,Betaflexiviridae,Tymovirales,ssRNA(+),73,exact_current_genus_unique_family
Carltongylesvirus,Chaseviridae,,dsDNA,18,exact_current_genus_unique_family
Caroctavirus,Autotranscriptaviridae,Autographivirales,dsDNA,1,exact_current_genus_unique_family
Carpasinavirus,Lindbergviridae,,dsDNA,3,exact_current_genus_unique_family
Cartilovirus,Bornaviridae,Mononegavirales,ssRNA(-),1,exact_current_genus_unique_family
Cartwavirus,Duinviridae,Norzivirales,ssRNA(+),1,exact_current_genus_unique_family
Casfavirus,Atkinsviridae,Norzivirales,ssRNA(+),1,exact_current_genus_unique_family
Casfovirus,Steitzviridae,Timlovirales,ssRNA(+),4,exact_current_genus_unique_family
Catalonvirus,Autoscriptoviridae,Autographivirales,dsDNA,1,exact_current_genus_unique_family
Catalunyavirus,Peduoviridae,,dsDNA,1,exact_current_genus_unique_family
Catenatiovirus,Inoviridae,Tubulavirales,ssDNA(+),1,exact_current_genus_unique_family
Catovirus,Mimiviridae,Imitervirales,dsDNA,1,exact_current_genus_unique_family
Cauhldivirus,Fiersviridae,Norzivirales,ssRNA(+),11,exact_current_genus_unique_family
Caulimovirus,Caulimoviridae,Ortervirales,dsDNA-RT,14,exact_current_genus_unique_family
Cavemovirus,Caulimoviridae,Ortervirales,dsDNA-RT,3,exact_current_genus_unique_family
Cavevirus,Schitoviridae,,dsDNA,1,exact_current_genus_unique_family
Cawstavirus,Steitzviridae,Timlovirales,ssRNA(+),1,exact_current_genus_unique_family
Cbunavirus,Schitoviridae,,dsDNA,6,exact_current_genus_unique_family
Cebadecemvirus,Assiduviridae,,dsDNA,1,exact_current_genus_unique_family
Cebaduodecimvirus,Obscuriviridae,,ssDNA,2,exact_current_genus_unique_family
Cebevirus,Steitzviridae,Timlovirales,ssRNA(+),2,exact_current_genus_unique_family
Ceceduovirus,Straboviridae,Pantevenvirales,dsDNA,3,exact_current_genus_unique_family
Ceetrepovirus,Zierdtviridae,,dsDNA,5,exact_current_genus_unique_family
Cehakivirus,Fiersviridae,Norzivirales,ssRNA(+),1,exact_current_genus_unique_family
Celavirus,Potyviridae,Patatavirales,ssRNA(+),1,exact_current_genus_unique_family
Celebovirus,Adamaviridae,Rohanvirales,ssDNA(+/-),1,exact_current_genus_unique_family
Cellubavirus,Assiduviridae,,dsDNA,1,exact_current_genus_unique_family
Cenphatecvirus,Casjensviridae,,dsDNA,1,exact_current_genus_unique_family
Centapoxvirus,Poxviridae,Chitovirales,dsDNA,2,exact_current_genus_unique_family
Centumtrigintavirus,Straboviridae,Pantevenvirales,dsDNA,1,exact_current_genus_unique_family
Cenunavirus,Casidaviridae,,dsDNA,1,exact_current_genus_unique_family
Cepavirus,Autoscriptoviridae,Autographivirales,dsDNA,1,exact_current_genus_unique_family
Cepunavirus,Madridviridae,,dsDNA,2,exact_current_genus_unique_family
Certevirus,Felixviridae,,dsDNA,1,exact_current_genus_unique_family
Cervidpoxvirus,Poxviridae,Chitovirales,dsDNA,1,exact_current_genus_unique_family
Cervivirus,Suoliviridae,Crassvirales,dsDNA,1,exact_current_genus_unique_family
Ceskevirus,Autonotataviridae,Autographivirales,dsDNA,1,exact_current_genus_unique_family
Cetarhavirus,Rhabdoviridae,Mononegavirales,ssRNA(-),2,exact_current_genus_unique_family
Cetovirus,Demerecviridae,,dsDNA,1,exact_current_genus_unique_family
Chadwivirus,Atkinsviridae,Norzivirales,ssRNA(+),1,exact_current_genus_unique_family
Chaedoavirus,Fiersviridae,Norzivirales,ssRNA(+),1,exact_current_genus_unique_family
Chahpevirus,Atkinsviridae,Norzivirales,ssRNA(+),1,exact_current_genus_unique_family
Chahsmivirus,Fiersviridae,Norzivirales,ssRNA(+),15,exact_current_genus_unique_family
Chalconvirus,Kyanoviridae,Pantevenvirales,dsDNA,2,exact_current_genus_unique_family
Changchunvirus,Drexlerviridae,,dsDNA,2,exact_current_genus_unique_family
Chaoshanvirus,Chimalliviridae,,dsDNA,1,exact_current_genus_unique_family
Chaovirus,Vertoviridae,,dsDNA,1,exact_current_genus_unique_family
Chaparrovirus,Chicoviridae,Secretvirales,ssDNA(+),3,exact_current_genus_unique_family
Chaphamavirus,Parvoviridae,Piccovirales,ssDNA; ssDNA(+/-),70,exact_current_genus_unique_family
Charybdisvirus,Kyanoviridae,Pantevenvirales,dsDNA,1,exact_current_genus_unique_family
Charybdivirus,Natareviridae,Jingchuvirales,ssRNA(-),1,exact_current_genus_unique_family
Charybnivirus,Euroniviridae,Nidovirales,ssRNA(+),2,exact_current_genus_unique_family
Chatshuvirus,Atkinsviridae,Norzivirales,ssRNA(+),1,exact_current_genus_unique_family
Chatterjeevirus,Autotranscriptaviridae,Autographivirales,dsDNA,3,exact_current_genus_unique_family
Chebevirus,Steitzviridae,Timlovirales,ssRNA(+),1,exact_current_genus_unique_family
Chemalvirus,Vandenendeviridae,,dsDNA,1,exact_current_genus_unique_family
Chennaivirus,Ehrlichviridae,,dsDNA,1,exact_current_genus_unique_family
Chepelevirus,Atkinsviridae,Norzivirales,ssRNA(+),1,exact_current_genus_unique_family
Cheravirus,Secoviridae,Picornavirales,ssRNA(+),11,exact_current_genus_unique_family
Cherlevirus,Atkinsviridae,Norzivirales,ssRNA(+),1,exact_current_genus_unique_family
Cherovirus,Atkinsviridae,Norzivirales,ssRNA(+),1,exact_current_genus_unique_family
Chiangmaivirus,Chimalliviridae,,dsDNA,2,exact_current_genus_unique_family
Chidisavirus,Endolinaviridae,Cirlivirales,ssDNA(+/-),2,exact_current_genus_unique_family
Chihyovirus,Fiersviridae,Norzivirales,ssRNA(+),1,exact_current_genus_unique_family
Chimpavirus,Blumeviridae,Timlovirales,ssRNA(+),1,exact_current_genus_unique_family
Chimshavirus,Nanghoshaviridae,Nidovirales,ssRNA(+),1,exact_current_genus_unique_family
Chinavirus,Hirszfeldviridae,,dsDNA,1,exact_current_genus_unique_family
Chinihovirus,Atkinsviridae,Norzivirales,ssRNA(+),1,exact_current_genus_unique_family
Chinseivirus,Kanorauviridae,Saturnivirales,ssDNA(+/-),1,exact_current_genus_unique_family
Chipapillomavirus,Papillomaviridae,Zurhausenvirales,dsDNA,3,exact_current_genus_unique_family
Chipolycivirus,Polycipiviridae,Picornavirales,ssRNA(+),2,exact_current_genus_unique_family
Chirohepevirus,Hepeviridae,Hepelivirales,ssRNA(+),3,exact_current_genus_unique_family
Chiroprhavirus,Rhabdoviridae,Mononegavirales,ssRNA(-),5,exact_current_genus_unique_family
Chiruvirus,Steitzviridae,Timlovirales,ssRNA(+),6,exact_current_genus_unique_family
Chitorquevirus,Anelloviridae,Sanitavirales,ssDNA(-),1,exact_current_genus_unique_family
Chitwivirus,Steitzviridae,Timlovirales,ssRNA(+),1,exact_current_genus_unique_family
Chiunvirus,Kanorauviridae,Saturnivirales,ssDNA(+/-),5,exact_current_genus_unique_family
Chivirus,Casjensviridae,,dsDNA,17,exact_current_genus_unique_family
Chlamydiaduovirus,Betagokushoviridae,Gokushovirales,ssDNA(+),3,exact_current_genus_unique_family
Chlamydiaunovirus,Betagokushoviridae,Gokushovirales,ssDNA(+),1,exact_current_genus_unique_family
Chloriridovirus,Iridoviridae,Pimascovirales,dsDNA,5,exact_current_genus_unique_family
Chlorovirus,Phycodnaviridae,Algavirales,dsDNA,20,exact_current_genus_unique_family
Chobevirus,Fiersviridae,Norzivirales,ssRNA(+),1,exact_current_genus_unique_family
Choctavirus,Fiersviridae,Norzivirales,ssRNA(+),1,exact_current_genus_unique_family
Chordovirus,Betaflexiviridae,Tymovirales,ssRNA(+),5,exact_current_genus_unique_family
Chostevirus,Atkinsviridae,Norzivirales,ssRNA(+),1,exact_current_genus_unique_family
Chounavirus,Atkinsviridae,Norzivirales,ssRNA(+),1,exact_current_genus_unique_family
Christensenvirus,Drexlerviridae,,dsDNA,1,exact_current_genus_unique_family
Chronisvirus,Felixviridae,,dsDNA,1,exact_current_genus_unique_family
Chrysonvirus,Straboviridae,Pantevenvirales,dsDNA,1,exact_current_genus_unique_family
Chrysopivirus,Pestiviridae,Amarillovirales,ssRNA(+),1,exact_current_genus_unique_family
Chuhaivirus,Darmviridae,Crassvirales,dsDNA,1,exact_current_genus_unique_family
Chunghsingvirus,Zierdtviridae,,dsDNA,1,exact_current_genus_unique_family
Churchovirus,Atkinsviridae,Norzivirales,ssRNA(+),2,exact_current_genus_unique_family
Churkhuvirus,Steitzviridae,Timlovirales,ssRNA(+),1,exact_current_genus_unique_family
Chuvivirus,Chuviridae,Jingchuvirales,ssRNA(-),2,exact_current_genus_unique_family
Cicadellivirus,Phasmaviridae,Elliovirales,ssRNA(-),1,exact_current_genus_unique_family
Cihsnivirus,Atkinsviridae,Norzivirales,ssRNA(+),1,exact_current_genus_unique_family
Cilevirus,Kitaviridae,Martellivirales,ssRNA(+),9,exact_current_genus_unique_family
Cinchivirus,Pecoviridae,Ringavirales,ssDNA(+/-),2,exact_current_genus_unique_family
Cinqassovirus,Straboviridae,Pantevenvirales,dsDNA,2,exact_current_genus_unique_family
Cintrevirus,Fiersviridae,Norzivirales,ssRNA(+),2,exact_current_genus_unique_family
Cinvestavvirus,Mesyanzhinovviridae,,dsDNA,1,exact_current_genus_unique_family
Cionrobuvirus,Betagokushoviridae,Gokushovirales,ssDNA(+),1,exact_current_genus_unique_family
Circovirus,Circoviridae,Cirlivirales,ssDNA; ssDNA(+/-),70,exact_current_genus_unique_family
Circularivirus,Tainaviridae,Secretvirales,ssDNA(+),1,exact_current_genus_unique_family
Circumitovirus,Inoviridae,Tubulavirales,ssDNA(+),1,exact_current_genus_unique_family
Cirilivirus,Nenyaviridae,Rohanvirales,ssDNA(+),1,exact_current_genus_unique_family
Citaivirus,Draupnirviridae,Jormunvirales,ssDNA(+/-),1,exact_current_genus_unique_family
Citataivirus,Draupnirviridae,Jormunvirales,ssDNA(+/-),2,exact_current_genus_unique_family
Citexvirus,Peduoviridae,,dsDNA,4,exact_current_genus_unique_family
Citiorivirus,Draupnirviridae,Jormunvirales,ssDNA(+/-),1,exact_current_genus_unique_family
Citlodavirus,Geminiviridae,Geplafuvirales,ssDNA(+/-),6,exact_current_genus_unique_family
Citricivirus,Phenuiviridae,Hareavirales,ssRNA(-),1,exact_current_genus_unique_family
Citrivirus,Betaflexiviridae,Tymovirales,ssRNA(+),3,exact_current_genus_unique_family
Citrovirus,Zobellviridae,,dsDNA,1,exact_current_genus_unique_family
Clampvirus,Madisaviridae,,dsDNA,1,exact_current_genus_unique_family
Classicovirus,Lutetiaviridae,,dsDNA,1,exact_current_genus_unique_family
Claudivirus,Salasmaviridae,,dsDNA,10,exact_current_genus_unique_family
Clavavirus,Clavaviridae,,dsDNA,1,exact_current_genus_unique_family
Clavevirus,Steitzviridae,Timlovirales,ssRNA(+),7,exact_current_genus_unique_family
Clavivirus,Atkinsviridae,Norzivirales,ssRNA(+),1,exact_current_genus_unique_family
Clecrusatellite,Alphasatellitidae,,ssDNA; ssDNA(+),16,exact_current_genus_unique_family
Clifovirus,Atkinsviridae,Norzivirales,ssRNA(+),1,exact_current_genus_unique_family
Clofavirus,Steitzviridae,Timlovirales,ssRNA(+),1,exact_current_genus_unique_family
Closterovirus,Closteroviridae,Martellivirales,ssRNA(+),24,exact_current_genus_unique_family
Clostunsatellite,Alphasatellitidae,,ssDNA(+),5,exact_current_genus_unique_family
Clownvirus,Stackebrandtviridae,,dsDNA,1,exact_current_genus_unique_family
Clufdovirus,Atkinsviridae,Norzivirales,ssRNA(+),1,exact_current_genus_unique_family
Cobecusvirus,Geminiviridae,Geplafuvirales,ssDNA,1,exact_current_genus_unique_family
Cocadavirus,Anamaviridae,,dsDNA,1,exact_current_genus_unique_family
Cocadviroid,Pospiviroidae,,ssRNA,4,exact_current_genus_unique_family
Coccolithovirus,Phycodnaviridae,Algavirales,dsDNA,1,exact_current_genus_unique_family
Cocosatellite,Alphasatellitidae,,ssDNA(+/-),4,exact_current_genus_unique_family
Cofodevirus,Metaxyviridae,Mulpavirales,ssDNA(+),1,exact_current_genus_unique_family
Coguvirus,Phenuiviridae,Hareavirales,ssRNA(+/-); ssRNA(-); ssRNA(+/-),8,exact_current_genus_unique_family
Cohcovirus,Suoliviridae,Crassvirales,dsDNA,7,exact_current_genus_unique_family
Cohrlevirus,Atkinsviridae,Norzivirales,ssRNA(+),1,exact_current_genus_unique_family
Colecusatellite,Alphasatellitidae,,ssDNA; ssDNA(+),28,exact_current_genus_unique_family
Coleviroid,Pospiviroidae,,ssRNA,5,exact_current_genus_unique_family
Colishivirus,Atkinsviridae,Norzivirales,ssRNA(+),1,exact_current_genus_unique_family
Colossusvirus,Jeanschmidtviridae,,dsDNA,2,exact_current_genus_unique_family
Coltivirus,Spinareoviridae,Reovirales,dsRNA,5,exact_current_genus_unique_family
Coluhamavirus,Parvoviridae,Piccovirales,ssDNA(+/-),1,exact_current_genus_unique_family
Commandariavirus,Zierdtviridae,,dsDNA,1,exact_current_genus_unique_family
Comovirus,Secoviridae,Picornavirales,ssRNA(+),21,exact_current_genus_unique_family
Comptovirus,Atkinsviridae,Norzivirales,ssRNA(+),1,exact_current_genus_unique_family
Comptuvirus,Atkinsviridae,Norzivirales,ssRNA(+),1,exact_current_genus_unique_family
Conareevirus,Autonotataviridae,Autographivirales,dsDNA,3,exact_current_genus_unique_family
Copasivirus,Lispiviridae,Mononegavirales,ssRNA(-),6,exact_current_genus_unique_family
Copernicusvirus,Rountreeviridae,,dsDNA,13,exact_current_genus_unique_family
Copiparvovirus,Parvoviridae,Piccovirales,ssDNA,10,exact_current_genus_unique_family
Coprasatellite,Alphasatellitidae,,ssDNA(+/-),1,exact_current_genus_unique_family
Coriovirus,Inoviridae,Tubulavirales,ssDNA(+/-),1,exact_current_genus_unique_family
Cornellvirus,Sarkviridae,,dsDNA,9,exact_current_genus_unique_family
Coroavirus,Lispiviridae,Mononegavirales,ssRNA(-),2,exact_current_genus_unique_family
Corulvirus,Xinmoviridae,Mononegavirales,ssRNA(-),1,exact_current_genus_unique_family
Corunyavirus,Pituviridae,,dsDNA,1,exact_current_genus_unique_family
Coruscantvirus,Stanwilliamsviridae,,dsDNA,1,exact_current_genus_unique_family
Corycianvirus,Parnassusviridae,Vinavirales,dsDNA,1,exact_current_genus_unique_family
Coryciavirus,Autotranscriptaviridae,Autographivirales,dsDNA,1,exact_current_genus_unique_family
Cosavirus,Picornaviridae,Picornavirales,ssRNA(+),5,exact_current_genus_unique_family
Cosmacovirus,Smacoviridae,Cremevirales,ssDNA(+/-),1,exact_current_genus_unique_family
Cotavirus,Autonotataviridae,Autographivirales,dsDNA,1,exact_current_genus_unique_family
Cotonvirus,Mimiviridae,Imitervirales,dsDNA,1,exact_current_genus_unique_family
Coughduvirus,Atkinsviridae,Norzivirales,ssRNA(+),4,exact_current_genus_unique_family
Crabavirus,Tripviridae,Metacrassvirales,dsDNA,1,exact_current_genus_unique_family
Crabreovirus,Sedoreoviridae,Reovirales,dsRNA,3,exact_current_genus_unique_family
Crahelivirus,Picornaviridae,Picornavirales,ssRNA(+),1,exact_current_genus_unique_family
Crifsvirus,Grimontviridae,,dsDNA,2,exact_current_genus_unique_family
Crinivirus,Closteroviridae,Martellivirales,ssRNA(+),19,exact_current_genus_unique_family
Cripavirus,Dicistroviridae,Picornavirales,ssRNA(+),5,exact_current_genus_unique_family
Criusvirus,Mesomimiviridae,Imitervirales,dsDNA,1,exact_current_genus_unique_family
Crocevirus,Lispiviridae,Mononegavirales,ssRNA(-),1,exact_current_genus_unique_family
Crocodylidpoxvirus,Poxviridae,Chitovirales,dsDNA,1,exact_current_genus_unique_family
Crohivirus,Picornaviridae,Picornavirales,ssRNA(+),2,exact_current_genus_unique_family
Cronosvirus,Autonotataviridae,Autographivirales,dsDNA,6,exact_current_genus_unique_family
Crownevirus,Betagokushoviridae,Gokushovirales,ssDNA(+),1,exact_current_genus_unique_family
Crustavirus,Nyamiviridae,Mononegavirales,ssRNA(-),4,exact_current_genus_unique_family
Crypovirus,Saladoviridae,,dsDNA,2,exact_current_genus_unique_family
Cryspovirus,Partitiviridae,Durnavirales,dsRNA,1,exact_current_genus_unique_family
Cuauhnahuacvirus,Kleczkowskaviridae,,dsDNA,2,exact_current_genus_unique_family
Cubpivirus,Duinviridae,Norzivirales,ssRNA(+),2,exact_current_genus_unique_family
Cucumovirus,Bromoviridae,Martellivirales,ssRNA(+),4,exact_current_genus_unique_family
Cuevavirus,Filoviridae,Mononegavirales,ssRNA(-),1,exact_current_genus_unique_family
Culicidavirus,Chuviridae,Jingchuvirales,ssRNA(-),4,exact_current_genus_unique_family
Culivirus,Xinmoviridae,Mononegavirales,ssRNA(-),2,exact_current_genus_unique_family
Cullenvirus,Autonotataviridae,Autographivirales,dsDNA,3,exact_current_genus_unique_family
Culoivirus,Suoliviridae,Crassvirales,dsDNA,1,exact_current_genus_unique_family
Cultervirus,Bornaviridae,Mononegavirales,ssRNA(-),5,exact_current_genus_unique_family
Cumbruovirus,Steitzviridae,Timlovirales,ssRNA(+),1,exact_current_genus_unique_family
Cumcionavirus,Chicoviridae,Secretvirales,ssDNA(+),1,exact_current_genus_unique_family
Cumpduvirus,Steitzviridae,Timlovirales,ssRNA(+),1,exact_current_genus_unique_family
Cunavirus,Fiersviridae,Norzivirales,ssRNA(+),4,exact_current_genus_unique_family
Curdwovirus,Steitzviridae,Timlovirales,ssRNA(+),1,exact_current_genus_unique_family
Curiovirus,Rhabdoviridae,Mononegavirales,ssRNA(-),4,exact_current_genus_unique_family
Cursavirus,Mahapunaviridae,Saturnivirales,ssDNA(+/-),3,exact_current_genus_unique_family
Curtovirus,Geminiviridae,Geplafuvirales,ssDNA(+/-),3,exact_current_genus_unique_family
Cusbovirus,Quasboviridae,,dsDNA,1,exact_current_genus_unique_family
Cyamitesvirus,Schitoviridae,,dsDNA,2,exact_current_genus_unique_family
Cybitervirus,Lispiviridae,Mononegavirales,ssRNA(-),1,exact_current_genus_unique_family
Cyclophivirus,Gresnaviridae,Nidovirales,ssRNA(+),1,exact_current_genus_unique_family
Cyclovirus,Circoviridae,Cirlivirales,ssDNA(+/-),90,exact_current_genus_unique_family
Cymopoleiavirus,Kyanoviridae,Pantevenvirales,dsDNA,1,exact_current_genus_unique_family
Cynoglossusvirus,Paramyxoviridae,Mononegavirales,ssRNA(-),1,exact_current_genus_unique_family
Cypovirus,Spinareoviridae,Reovirales,dsRNA,16,exact_current_genus_unique_family
Cypriminnovirus,Betagokushoviridae,Gokushovirales,ssDNA(+),1,exact_current_genus_unique_family
Cytomegalovirus,Orthoherpesviridae,Herpesvirales,dsDNA,11,exact_current_genus_unique_family
Cyvirus,Alloherpesviridae,Herpesvirales,dsDNA,4,exact_current_genus_unique_family
Daazvirus,Kolmioviridae,,ssRNA(-),1,exact_current_genus_unique_family
Dabirmavirus,Intestiviridae,Crassvirales,dsDNA,1,exact_current_genus_unique_family
Dabrowskivirus,Mazoviaviridae,,dsDNA,1,exact_current_genus_unique_family
Daemvirus,Autoscriptoviridae,Autographivirales,dsDNA,1,exact_current_genus_unique_family
Daeravirus,Autonotataviridae,Autographivirales,dsDNA,1,exact_current_genus_unique_family
Dafengvirus,Kunpengviridae,,dsDNA,1,exact_current_genus_unique_family
Dagavirus,Peduoviridae,,dsDNA,1,exact_current_genus_unique_family
Dagazvirus,Kolmioviridae,,ssRNA(-),1,exact_current_genus_unique_family
Dahmuivirus,Blumeviridae,Timlovirales,ssRNA(+),1,exact_current_genus_unique_family
Dahmuvirus,Fiersviridae,Norzivirales,ssRNA(+),1,exact_current_genus_unique_family
Daletvirus,Kolmioviridae,,ssRNA(-),1,exact_current_genus_unique_family
Dalianvirus,Grimontviridae,,dsDNA,1,exact_current_genus_unique_family
Dalvirus,Kolmioviridae,,ssRNA(-),1,exact_current_genus_unique_family
Damravirus,Lispiviridae,Mononegavirales,ssRNA(-),2,exact_current_genus_unique_family
Danchavirus,Steitzviridae,Timlovirales,ssRNA(+),2,exact_current_genus_unique_family
Daniellevirus,Andersonviridae,,dsDNA,2,exact_current_genus_unique_family
Danipivirus,Picornaviridae,Picornavirales,ssRNA(+),1,exact_current_genus_unique_family
Daolivirus,Autosignataviridae,Autographivirales,dsDNA,1,exact_current_genus_unique_family
Daphniairidovirus,Iridoviridae,Pimascovirales,dsDNA,1,exact_current_genus_unique_family
Darnbovirus,Fiersviridae,Norzivirales,ssRNA(+),1,exact_current_genus_unique_family
Darsivirus,Steitzviridae,Timlovirales,ssRNA(+),2,exact_current_genus_unique_family
Dazunavirus,Ehrlichviridae,,dsDNA,1,exact_current_genus_unique_family
Dcimvirus,Autonotataviridae,Autographivirales,dsDNA,1,exact_current_genus_unique_family
Decadevirus,Fiersviridae,Norzivirales,ssRNA(+),3,exact_current_genus_unique_family
Decapodiridovirus,Iridoviridae,Pimascovirales,dsDNA,1,exact_current_genus_unique_family
Dechshavirus,Suoliviridae,Crassvirales,dsDNA,1,exact_current_genus_unique_family
Deepoceanvirus,Fervensviridae,,dsDNA,1,exact_current_genus_unique_family
Deevirus,Kolmioviridae,,ssRNA(-),1,exact_current_genus_unique_family
Dehgumevirus,Blumeviridae,Timlovirales,ssRNA(+),1,exact_current_genus_unique_family
Dehkhevirus,Blumeviridae,Timlovirales,ssRNA(+),1,exact_current_genus_unique_family
Delepalmivirus,Splipalmiviridae,Wolframvirales,ssRNA(+),4,exact_current_genus_unique_family
Delmidovirus,Intestiviridae,Crassvirales,dsDNA,3,exact_current_genus_unique_family
Deltaarterivirus,Arteriviridae,Nidovirales,ssRNA(+),1,exact_current_genus_unique_family
Deltabaculovirus,Baculoviridae,Lefavirales,dsDNA,1,exact_current_genus_unique_family
Deltacoronavirus,Coronaviridae,Nidovirales,ssRNA(+),7,exact_current_genus_unique_family
Deltacystovirus,Cystoviridae,Mindivirales,dsRNA,1,exact_current_genus_unique_family
Deltaentomopoxvirus,Poxviridae,Chitovirales,dsDNA,1,exact_current_genus_unique_family
Deltaflexivirus,Deltaflexiviridae,Tymovirales,ssRNA(+),4,exact_current_genus_unique_family
Deltafusarivirus,Fusariviridae,Hypofuvirales,ssRNA(+),1,exact_current_genus_unique_family
Deltahypovirus,Hypoviridae,Hypofuvirales,ssRNA(+),4,exact_current_genus_unique_family
Deltainfluenzavirus,Orthomyxoviridae,Articulavirales,ssRNA(-),1,exact_current_genus_unique_family
Deltalipothrixvirus,Lipothrixviridae,Ligamenvirales,dsDNA,2,exact_current_genus_unique_family
Deltanucleorhabdovirus,Rhabdoviridae,Mononegavirales,ssRNA(-),2,exact_current_genus_unique_family
Deltanudivirus,Nudiviridae,Lefavirales,dsDNA,1,exact_current_genus_unique_family
Deltaourmiavirus,Ourmiaviridae,Ourlivirales,ssRNA(+),1,exact_current_genus_unique_family
Deltapapillomavirus,Papillomaviridae,Zurhausenvirales,dsDNA,7,exact_current_genus_unique_family
Deltapartitivirus,Partitiviridae,Durnavirales,dsRNA,5,exact_current_genus_unique_family
Deltapolyomavirus,Polyomaviridae,Sepolyvirales,dsDNA,7,exact_current_genus_unique_family
Deltaretrovirus,Retroviridae,Ortervirales,ssRNA-RT,4,exact_current_genus_unique_family
Deltasatellite,Tolecusatellitidae,,ssDNA; ssDNA(+/-),13,exact_current_genus_unique_family
Deltascleroulivirus,Botourmiaviridae,Ourlivirales,ssRNA(+),3,exact_current_genus_unique_family
Deltatectivirus,Tectiviridae,Kalamavirales,dsDNA,2,exact_current_genus_unique_family
Deltatorquevirus,Anelloviridae,Sanitavirales,ssDNA(-),1,exact_current_genus_unique_family
Deltavirus,Kolmioviridae,,ssRNA(-),8,exact_current_genus_unique_family
Delusorvirus,Skuldviridae,Atroposvirales,dsDNA,2,exact_current_genus_unique_family
Demapteravirus,Chuviridae,Jingchuvirales,ssRNA(-),1,exact_current_genus_unique_family
Demetevirus,Ouroboviridae,Gredzevirales,ssDNA(+/-),2,exact_current_genus_unique_family
Demiitzamnavirus,Itzamnaviridae,,dsDNA,1,exact_current_genus_unique_family
Dendoorenvirus,Schitoviridae,,dsDNA,1,exact_current_genus_unique_family
Denevirus,Kirkoviridae,Rohanvirales,ssDNA(+/-),1,exact_current_genus_unique_family
Denfovirus,Fiersviridae,Norzivirales,ssRNA(+),1,exact_current_genus_unique_family
Densaugvirus,Geplanaviridae,Geplafuvirales,ssDNA(+/-),1,exact_current_genus_unique_family
Depandovirus,Fiersviridae,Norzivirales,ssRNA(+),1,exact_current_genus_unique_family
Dependoparvovirus,Parvoviridae,Piccovirales,ssDNA,27,exact_current_genus_unique_family
Derbicusvirus,Chimalliviridae,,dsDNA,1,exact_current_genus_unique_family
Derlivirus,Duinviridae,Norzivirales,ssRNA(+),1,exact_current_genus_unique_family
Dewhirstvirus,Nixviridae,,dsDNA,4,exact_current_genus_unique_family
Dexdertvirus,Stackebrandtviridae,,dsDNA,4,exact_current_genus_unique_family
Dhakavirus,Straboviridae,Pantevenvirales,dsDNA,12,exact_current_genus_unique_family
Dianlovirus,Filoviridae,Mononegavirales,ssRNA(-),2,exact_current_genus_unique_family
Dianthovirus,Tombusviridae,Tolivirales,ssRNA(+),3,exact_current_genus_unique_family
Diatodnavirus,Bacilladnaviridae,Baphyvirales,ssDNA(+/-),1,exact_current_genus_unique_family
Dibaevirus,Solspiviridae,Norzivirales,ssRNA(+),1,exact_current_genus_unique_family
Dichorhavirus,Rhabdoviridae,Mononegavirales,ssRNA(-),8,exact_current_genus_unique_family
Diciambidensovirus,Parvoviridae,Piccovirales,ssDNA(+/-),4,exact_current_genus_unique_family
Dicipivirus,Picornaviridae,Picornavirales,ssRNA(+),2,exact_current_genus_unique_family
Diffindovirus,Geplanaviridae,Geplafuvirales,ssDNA(+/-),1,exact_current_genus_unique_family
Dihsdivirus,Fiersviridae,Norzivirales,ssRNA(+),1,exact_current_genus_unique_family
Dilkevirus,Steigviridae,Crassvirales,dsDNA,1,exact_current_genus_unique_family
Dilongvirus,Vandenendeviridae,,dsDNA,1,exact_current_genus_unique_family
Dilupovirus,Intestiviridae,Crassvirales,dsDNA,1,exact_current_genus_unique_family
Dilzevirus,Solspiviridae,Norzivirales,ssRNA(+),1,exact_current_genus_unique_family
Dinogtaviriform,Rhodogtaviriformidae,,dsDNA,1,exact_current_genus_unique_family
Dinornavirus,Alvernaviridae,Sobelivirales,ssRNA(+),1,exact_current_genus_unique_family
Dinovernavirus,Spinareoviridae,Reovirales,dsRNA,2,exact_current_genus_unique_family
Diorhovirus,Intestiviridae,Crassvirales,dsDNA,3,exact_current_genus_unique_family
Dioscovirus,Caulimoviridae,Ortervirales,dsDNA-RT,1,exact_current_genus_unique_family
Diresapivirus,Picornaviridae,Picornavirales,ssRNA(+),2,exact_current_genus_unique_family
Dirlevirus,Duinviridae,Norzivirales,ssRNA(+),1,exact_current_genus_unique_family
Divavirus,Betaflexiviridae,Tymovirales,ssRNA(+),3,exact_current_genus_unique_family
Divipalmivirus,Splipalmiviridae,Wolframvirales,ssRNA(+),6,exact_current_genus_unique_family
Diydovirus,Atkinsviridae,Norzivirales,ssRNA(+),1,exact_current_genus_unique_family
Dobrovirus,Kolmioviridae,,ssRNA(-),1,exact_current_genus_unique_family
Docaquintavirus,Mesyanzhinovviridae,,dsDNA,1,exact_current_genus_unique_family
Dohlivirus,Fiersviridae,Norzivirales,ssRNA(+),1,exact_current_genus_unique_family
Doliovirus,Ouroboviridae,Gredzevirales,ssDNA(+/-),1,exact_current_genus_unique_family
Doliuvirus,Chuviridae,Jingchuvirales,ssRNA(-),1,exact_current_genus_unique_family
Dolmedivirus,Adamaviridae,Rohanvirales,ssDNA(+/-),1,exact_current_genus_unique_family
Dolusvirus,Verdandiviridae,,dsDNA,2,exact_current_genus_unique_family
Dongdastvirus,Schitoviridae,,dsDNA,4,exact_current_genus_unique_family
Dongfangvirus,Schitoviridae,,dsDNA,4,exact_current_genus_unique_family
Donnerlittchenvirus,Mesyanzhinovviridae,,dsDNA,1,exact_current_genus_unique_family
Donvirus,Kolmioviridae,,ssRNA(-),1,exact_current_genus_unique_family
Dordavirus,Steitzviridae,Timlovirales,ssRNA(+),3,exact_current_genus_unique_family
Dorisivirus,Ouroboviridae,Gredzevirales,ssDNA(+/-),2,exact_current_genus_unique_family
Dorisvirus,Schitoviridae,,dsDNA,1,exact_current_genus_unique_family
Dormycovirus,Alphaormycoviridae,Bormycovirales,ssRNA,3,exact_current_genus_unique_family
Dorsavirus,Xinmoviridae,Mononegavirales,ssRNA(-),1,exact_current_genus_unique_family
Dortuvirus,Fiersviridae,Norzivirales,ssRNA(+),1,exact_current_genus_unique_family
Dorudgevirus,Fiersviridae,Norzivirales,ssRNA(+),1,exact_current_genus_unique_family
Doseivirus,Kanorauviridae,Saturnivirales,ssDNA(+/-),1,exact_current_genus_unique_family
Dosmizivirus,Fiersviridae,Norzivirales,ssRNA(+),3,exact_current_genus_unique_family
Dotonborivirus,Zimmerviridae,,dsDNA,2,exact_current_genus_unique_family
Doupovirus,Xinmoviridae,Mononegavirales,ssRNA(-),1,exact_current_genus_unique_family
Dowsonvirus,Schitoviridae,,dsDNA,1,exact_current_genus_unique_family
Dpdavirus,Haloferuviridae,Kirjokansivirales,dsDNA,1,exact_current_genus_unique_family
Draflysatellite,Alphasatellitidae,,ssDNA(+),1,exact_current_genus_unique_family
Dragsmacovirus,Smacoviridae,Cremevirales,ssDNA(+/-),3,exact_current_genus_unique_family
Draselvirus,Xinmoviridae,Mononegavirales,ssRNA(-),1,exact_current_genus_unique_family
Draycavirus,Fiersviridae,Norzivirales,ssRNA(+),1,exact_current_genus_unique_family
Drayduvirus,Steitzviridae,Timlovirales,ssRNA(+),1,exact_current_genus_unique_family
Dreycovirus,Steitzviridae,Timlovirales,ssRNA(+),1,exact_current_genus_unique_family
Dreytovirus,Fiersviridae,Norzivirales,ssRNA(+),2,exact_current_genus_unique_family
Drivevirus,Intestiviridae,Crassvirales,dsDNA,2,exact_current_genus_unique_family
Dronavirus,Birnaviridae,,dsRNA,1,exact_current_genus_unique_family
Drosmacovirus,Smacoviridae,Cremevirales,ssDNA(+/-),7,exact_current_genus_unique_family
Drulisvirus,Autoscriptoviridae,Autographivirales,dsDNA,100,exact_current_genus_unique_family
Drunivirus,Xinmoviridae,Mononegavirales,ssRNA(-),1,exact_current_genus_unique_family
Duamitovirus,Mitoviridae,Cryppavirales,ssRNA(+),49,exact_current_genus_unique_family
Dugnivirus,Atkinsviridae,Norzivirales,ssRNA(+),3,exact_current_genus_unique_family
Duhcivirus,Fiersviridae,Norzivirales,ssRNA(+),2,exact_current_genus_unique_family
Dunchevirus,Fiersviridae,Norzivirales,ssRNA(+),1,exact_current_genus_unique_family
Dunedinvirus,Casjensviridae,,dsDNA,1,exact_current_genus_unique_family
Duodecimduovirus,Peduoviridae,,dsDNA,1,exact_current_genus_unique_family
Duonihilunusvirus,Peduoviridae,,dsDNA,3,exact_current_genus_unique_family
Duridgovirus,Solspiviridae,Norzivirales,ssRNA(+),2,exact_current_genus_unique_family
Dursuvirus,Fiersviridae,Norzivirales,ssRNA(+),3,exact_current_genus_unique_family
Durusivirus,Draupnirviridae,Jormunvirales,ssDNA(+/-),1,exact_current_genus_unique_family
Dyochipapillomavirus,Papillomaviridae,Zurhausenvirales,dsDNA,1,exact_current_genus_unique_family
Dyodeltapapillomavirus,Papillomaviridae,Zurhausenvirales,dsDNA,1,exact_current_genus_unique_family
Dyoepsilonpapillomavirus,Papillomaviridae,Zurhausenvirales,dsDNA,1,exact_current_genus_unique_family
Dyoetapapillomavirus,Papillomaviridae,Zurhausenvirales,dsDNA,1,exact_current_genus_unique_family
Dyoiotapapillomavirus,Papillomaviridae,Zurhausenvirales,dsDNA,2,exact_current_genus_unique_family
Dyokappapapillomavirus,Papillomaviridae,Zurhausenvirales,dsDNA,5,exact_current_genus_unique_family
Dyolambdapapillomavirus,Papillomaviridae,Zurhausenvirales,dsDNA,1,exact_current_genus_unique_family
Dyomupapillomavirus,Papillomaviridae,Zurhausenvirales,dsDNA,1,exact_current_genus_unique_family
Dyonupapillomavirus,Papillomaviridae,Zurhausenvirales,dsDNA,1,exact_current_genus_unique_family
Dyoomegapapillomavirus,Papillomaviridae,Zurhausenvirales,dsDNA,1,exact_current_genus_unique_family
Dyoomikronpapillomavirus,Papillomaviridae,Zurhausenvirales,dsDNA,1,exact_current_genus_unique_family
Dyophipapillomavirus,Papillomaviridae,Zurhausenvirales,dsDNA,1,exact_current_genus_unique_family
Dyopipapillomavirus,Papillomaviridae,Zurhausenvirales,dsDNA,1,exact_current_genus_unique_family
Dyopsipapillomavirus,Papillomaviridae,Zurhausenvirales,dsDNA,1,exact_current_genus_unique_family
Dyorhopapillomavirus,Papillomaviridae,Zurhausenvirales,dsDNA,1,exact_current_genus_unique_family
Dyosigmapapillomavirus,Papillomaviridae,Zurhausenvirales,dsDNA,1,exact_current_genus_unique_family
Dyotaupapillomavirus,Papillomaviridae,Zurhausenvirales,dsDNA,1,exact_current_genus_unique_family
Dyothetapapillomavirus,Papillomaviridae,Zurhausenvirales,dsDNA,1,exact_current_genus_unique_family
Dyoupsilonpapillomavirus,Papillomaviridae,Zurhausenvirales,dsDNA,1,exact_current_genus_unique_family
Dyoxipapillomavirus,Papillomaviridae,Zurhausenvirales,dsDNA,2,exact_current_genus_unique_family
Dyozetapapillomavirus,Papillomaviridae,Zurhausenvirales,dsDNA,1,exact_current_genus_unique_family
Eahsevirus,Fiersviridae,Norzivirales,ssRNA(+),3,exact_current_genus_unique_family
Eahvevirus,Fiersviridae,Norzivirales,ssRNA(+),1,exact_current_genus_unique_family
Eapunavirus,Autotranscriptaviridae,Autographivirales,dsDNA,1,exact_current_genus_unique_family
Eastcovirus,Steitzviridae,Timlovirales,ssRNA(+),1,exact_current_genus_unique_family
Eastlansingvirus,Drexlerviridae,,dsDNA,1,exact_current_genus_unique_family
Eastwestvirus,Berryhillviridae,,dsDNA,1,exact_current_genus_unique_family
Ebriosvirus,Autotranscriptaviridae,Autographivirales,dsDNA,2,exact_current_genus_unique_family
Eceepunavirus,Schitoviridae,,dsDNA,1,exact_current_genus_unique_family
Eclunavirus,Drexlerviridae,,dsDNA,1,exact_current_genus_unique_family
Edravirus,Kirkoviridae,Rohanvirales,ssDNA(+/-),1,exact_current_genus_unique_family
Eedhovirus,Fiersviridae,Norzivirales,ssRNA(+),1,exact_current_genus_unique_family
Eelrivirus,Betagokushoviridae,Gokushovirales,ssDNA(+),1,exact_current_genus_unique_family
Eerlswavirus,Steitzviridae,Timlovirales,ssRNA(+),3,exact_current_genus_unique_family
Eerlswovirus,Fiersviridae,Norzivirales,ssRNA(+),1,exact_current_genus_unique_family
Efbeekayvirus,Schitoviridae,,dsDNA,10,exact_current_genus_unique_family
Efekovirus,Orlajensenviridae,,dsDNA,1,exact_current_genus_unique_family
Eganvirus,Peduoviridae,,dsDNA,6,exact_current_genus_unique_family
Eidhovirus,Steitzviridae,Timlovirales,ssRNA(+),1,exact_current_genus_unique_family
Eilatmyovirus,Soleiviridae,Thumleimavirales,dsDNA,1,exact_current_genus_unique_family
Eimeriavirus,Pseudototiviridae,Ghabrivirales,dsRNA,3,exact_current_genus_unique_family
Eistcuvirus,Fiersviridae,Norzivirales,ssRNA(+),1,exact_current_genus_unique_family
Ekoctavirus,Schitoviridae,,dsDNA,1,exact_current_genus_unique_family
Elanorvirus,Mesyanzhinovviridae,,dsDNA,1,exact_current_genus_unique_family
Elaviroid,Avsunviroidae,,ssRNA,1,exact_current_genus_unique_family
Eldridgevirus,Herelleviridae,,dsDNA,1,exact_current_genus_unique_family
Electravirus,Schitoviridae,,dsDNA,1,exact_current_genus_unique_family
Elnathivirus,Mahapunaviridae,Saturnivirales,ssDNA(+/-),1,exact_current_genus_unique_family
Elpedvirus,Herelleviridae,,dsDNA,1,exact_current_genus_unique_family
Elsinorevirus,Asemoviridae,Vinavirales,dsDNA,1,exact_current_genus_unique_family
Elunavirus,Autotranscriptaviridae,Autographivirales,dsDNA,3,exact_current_genus_unique_family
Elveevirus,Peduoviridae,,dsDNA,3,exact_current_genus_unique_family
Elvirus,Chimalliviridae,,dsDNA,1,exact_current_genus_unique_family
Emaravirus,Fimoviridae,Elliovirales,ssRNA(-),33,exact_current_genus_unique_family
Embehamavirus,Parvoviridae,Piccovirales,ssDNA(+/-),1,exact_current_genus_unique_family
Emcearvirus,Kyanoviridae,Pantevenvirales,dsDNA,1,exact_current_genus_unique_family
Emesvirus,Fiersviridae,Norzivirales,ssRNA(+),3,exact_current_genus_unique_family
Emnonavirus,Pootjesviridae,,dsDNA,1,exact_current_genus_unique_family
Emotionvirus,Casidaviridae,,dsDNA,1,exact_current_genus_unique_family
Empivirus,Fiersviridae,Norzivirales,ssRNA(+),1,exact_current_genus_unique_family
Enamovirus,Solemoviridae,Sobelivirales,ssRNA(+),25,exact_current_genus_unique_family
Enchivirus,Casjensviridae,,dsDNA,1,exact_current_genus_unique_family
Endehruvirus,Steitzviridae,Timlovirales,ssRNA(+),10,exact_current_genus_unique_family
Endlipuvirus,Intestiviridae,Crassvirales,dsDNA,1,exact_current_genus_unique_family
Enedivirus,Adamaviridae,Rohanvirales,ssDNA(+/-),1,exact_current_genus_unique_family
Engorgivirus,Geplanaviridae,Geplafuvirales,ssDNA(+/-),2,exact_current_genus_unique_family
Enifivirus,Mahapunaviridae,Saturnivirales,ssDNA(+/-),1,exact_current_genus_unique_family
Enquatrovirus,Schitoviridae,,dsDNA,1,exact_current_genus_unique_family
Enterogokushovirus,Betagokushoviridae,Gokushovirales,ssDNA(+),1,exact_current_genus_unique_family
Enterovirus,Picornaviridae,Picornavirales,ssRNA(+),15,exact_current_genus_unique_family
Entnonagintavirus,Peduoviridae,,dsDNA,1,exact_current_genus_unique_family
Entomobirnavirus,Birnaviridae,,dsRNA,2,exact_current_genus_unique_family
Entovirus,Phenuiviridae,Hareavirales,ssRNA(+/-); ssRNA(-); ssRNA(+/-),5,exact_current_genus_unique_family
Eosonovirus,Solspiviridae,Norzivirales,ssRNA(+),1,exact_current_genus_unique_family
Eowynvirus,Chimalliviridae,,dsDNA,1,exact_current_genus_unique_family
Epaquintavirus,Mesyanzhinovviridae,,dsDNA,1,exact_current_genus_unique_family
Ephemerovirus,Rhabdoviridae,Mononegavirales,ssRNA(-),16,exact_current_genus_unique_family
Episkevirus,Geplanaviridae,Geplafuvirales,ssDNA(+/-),2,exact_current_genus_unique_family
Epseptimavirus,Demerecviridae,,dsDNA,78,exact_current_genus_unique_family
Epsilonarterivirus,Arteriviridae,Nidovirales,ssRNA(+),3,exact_current_genus_unique_family
Epsiloncystovirus,Cystoviridae,Mindivirales,dsRNA,1,exact_current_genus_unique_family
Epsilonentomopoxvirus,Poxviridae,Chitovirales,dsDNA,1,exact_current_genus_unique_family
Epsilonhypovirus,Hypoviridae,Hypofuvirales,ssRNA(+),6,exact_current_genus_unique_family
Epsilonnudivirus,Nudiviridae,Lefavirales,dsDNA,5,exact_current_genus_unique_family
Epsilonourmiavirus,Ourmiaviridae,Ourlivirales,ssRNA(+),3,exact_current_genus_unique_family
Epsilonpapillomavirus,Papillomaviridae,Zurhausenvirales,dsDNA,2,exact_current_genus_unique_family
Epsilonpolyomavirus,Polyomaviridae,Sepolyvirales,dsDNA,3,exact_current_genus_unique_family
Epsilonretrovirus,Retroviridae,Ortervirales,ssRNA-RT,3,exact_current_genus_unique_family
Epsilonscleroulivirus,Botourmiaviridae,Ourlivirales,ssRNA(+),2,exact_current_genus_unique_family
Epsilontectivirus,Tectiviridae,Kalamavirales,dsDNA,1,exact_current_genus_unique_family
Epsilontorquevirus,Anelloviridae,Sanitavirales,ssDNA(-),1,exact_current_genus_unique_family
Equispumavirus,Retroviridae,Ortervirales,ssRNA-RT,1,exact_current_genus_unique_family
Eracentumvirus,Autosignataviridae,Autographivirales,dsDNA,3,exact_current_genus_unique_family
Eragrovirus,Geminiviridae,Geplafuvirales,ssDNA(+/-),1,exact_current_genus_unique_family
Erbovirus,Picornaviridae,Picornavirales,ssRNA(+),1,exact_current_genus_unique_family
Ermolevavirus,Autonotataviridae,Autographivirales,dsDNA,2,exact_current_genus_unique_family
Errantivirus,Metaviridae,Ortervirales,ssRNA-RT,10,exact_current_genus_unique_family
Erskinevirus,Chimalliviridae,,dsDNA,2,exact_current_genus_unique_family
Ertavirus,Halicoviridae,Salinicovirales,dsDNA,1,exact_current_genus_unique_family
Erythroparvovirus,Parvoviridae,Piccovirales,ssDNA,7,exact_current_genus_unique_family
Espurtavirus,Blumeviridae,Timlovirales,ssRNA(+),1,exact_current_genus_unique_family
Essdubovirus,Dishuiviroviridae,Priklausovirales,dsDNA,1,exact_current_genus_unique_family
Essonnevirus,Zimmerviridae,,dsDNA,1,exact_current_genus_unique_family
Etaarterivirus,Arteriviridae,Nidovirales,ssRNA(+),1,exact_current_genus_unique_family
Etahypovirus,Hypoviridae,Hypofuvirales,ssRNA(+),2,exact_current_genus_unique_family
Etaourmiavirus,Ourmiaviridae,Ourlivirales,ssRNA(+),2,exact_current_genus_unique_family
Etapapillomavirus,Papillomaviridae,Zurhausenvirales,dsDNA,1,exact_current_genus_unique_family
Etapolyomavirus,Polyomaviridae,Sepolyvirales,dsDNA,1,exact_current_genus_unique_family
Etatorquevirus,Anelloviridae,Sanitavirales,ssDNA(+/-); ssDNA(-),18,exact_current_genus_unique_family
Etdyvivirus,Solspiviridae,Norzivirales,ssRNA(+),1,exact_current_genus_unique_family
Ethicavirus,Graaviviridae,Kirjokansivirales,dsDNA,1,exact_current_genus_unique_family
Etingtavirus,Steitzviridae,Timlovirales,ssRNA(+),2,exact_current_genus_unique_family
Etongtovirus,Fiersviridae,Norzivirales,ssRNA(+),1,exact_current_genus_unique_family
Eurynomevirus,Ouroboviridae,Gredzevirales,ssDNA(+/-),1,exact_current_genus_unique_family
Euvesivirus,Autonotataviridae,Autographivirales,dsDNA,1,exact_current_genus_unique_family
Evevirus,Peduoviridae,,dsDNA,1,exact_current_genus_unique_family
Exceevirus,Schitoviridae,,dsDNA,1,exact_current_genus_unique_family
Excelsiorvirus,Nixviridae,,dsDNA,1,exact_current_genus_unique_family
Expellivirus,Geplanaviridae,Geplafuvirales,ssDNA(+/-),1,exact_current_genus_unique_family
Fabavirus,Secoviridae,Picornavirales,ssRNA(+),18,exact_current_genus_unique_family
Fabenesatellite,Alphasatellitidae,,ssDNA(+),1,exact_current_genus_unique_family
Fadolivirus,Mimiviridae,Imitervirales,dsDNA,1,exact_current_genus_unique_family
Fagihovirus,Steitzviridae,Timlovirales,ssRNA(+),5,exact_current_genus_unique_family
Fagihyuvirus,Fiersviridae,Norzivirales,ssRNA(+),9,exact_current_genus_unique_family
Fahrevirus,Tinaiviridae,Paracrassvirales,dsDNA,1,exact_current_genus_unique_family
Fahrmivirus,Solspiviridae,Norzivirales,ssRNA(+),3,exact_current_genus_unique_family
Faithunavirus,Vilmaviridae,,dsDNA,7,exact_current_genus_unique_family
Fasceasvirus,Inoviridae,Tubulavirales,ssDNA(+),3,exact_current_genus_unique_family
Faseolivirus,Chicoviridae,Secretvirales,ssDNA(+),2,exact_current_genus_unique_family
Faunusvirus,Chaseviridae,,dsDNA,1,exact_current_genus_unique_family
Faustvirus,Stanwilliamsviridae,,dsDNA,2,exact_current_genus_unique_family
Fejonovirus,Steitzviridae,Timlovirales,ssRNA(+),1,exact_current_genus_unique_family
Felipivirus,Picornaviridae,Picornavirales,ssRNA(+),1,exact_current_genus_unique_family
Felismacovirus,Smacoviridae,Cremevirales,ssDNA(+/-),23,exact_current_genus_unique_family
Felispumavirus,Retroviridae,Ortervirales,ssRNA-RT,1,exact_current_genus_unique_family
Felixounavirus,Andersonviridae,,dsDNA,100,exact_current_genus_unique_family
Felsduovirus,Peduoviridae,,dsDNA,5,exact_current_genus_unique_family
Femenvirus,Inoviridae,Tubulavirales,ssDNA(+),2,exact_current_genus_unique_family
Fengtaivirus,Casjensviridae,,dsDNA,1,exact_current_genus_unique_family
Fenycovirus,Fiersviridae,Norzivirales,ssRNA(+),1,exact_current_genus_unique_family
Ferahgovirus,Steitzviridae,Timlovirales,ssRNA(+),1,exact_current_genus_unique_family
Feravirus,Phasmaviridae,Elliovirales,ssRNA(-),3,exact_current_genus_unique_family
Ferlavirus,Paramyxoviridae,Mononegavirales,ssRNA(-),1,exact_current_genus_unique_family
Ferozepurvirus,Chimalliviridae,,dsDNA,2,exact_current_genus_unique_family
Ferullusivirus,Draupnirviridae,Jormunvirales,ssDNA(+/-),3,exact_current_genus_unique_family
Fervidivirus,Draupnirviridae,Jormunvirales,ssDNA(+/-),1,exact_current_genus_unique_family
Fibrovirus,Inoviridae,Tubulavirales,ssDNA(+); ssDNA(+/-),3,exact_current_genus_unique_family
Fifivirus,Chaseviridae,,dsDNA,4,exact_current_genus_unique_family
Fihluvirus,Fiersviridae,Norzivirales,ssRNA(+),2,exact_current_genus_unique_family
Fijivirus,Spinareoviridae,Reovirales,dsRNA,9,exact_current_genus_unique_family
Finnlakevirus,Finnlakeviridae,Lautamovirales,ssDNA,1,exact_current_genus_unique_family
Finvirus,Peduoviridae,,dsDNA,1,exact_current_genus_unique_family
Fipivirus,Picornaviridae,Picornavirales,ssRNA(+),6,exact_current_genus_unique_family
Firavirus,Peduoviridae,,dsDNA,1,exact_current_genus_unique_family
Firehammervirus,Connertonviridae,,dsDNA,7,exact_current_genus_unique_family
Firnpuvirus,Fiersviridae,Norzivirales,ssRNA(+),1,exact_current_genus_unique_family
Firunevirus,Atkinsviridae,Norzivirales,ssRNA(+),5,exact_current_genus_unique_family
Fischettivirus,Rountreeviridae,,dsDNA,1,exact_current_genus_unique_family
Fiyodovirus,Fiersviridae,Norzivirales,ssRNA(+),1,exact_current_genus_unique_family
Flagovirus,Pungoviridae,,dsDNA,1,exact_current_genus_unique_family
Flaumdravirus,Vandenendeviridae,,dsDNA,2,exact_current_genus_unique_family
Flehknovirus,Fiersviridae,Norzivirales,ssRNA(+),1,exact_current_genus_unique_family
Flerehovirus,Steigviridae,Crassvirales,dsDNA,1,exact_current_genus_unique_family
Fletchervirus,Connertonviridae,,dsDNA,13,exact_current_genus_unique_family
Fluruvirus,Steitzviridae,Timlovirales,ssRNA(+),3,exact_current_genus_unique_family
Foetvirus,Autotranscriptaviridae,Autographivirales,dsDNA,2,exact_current_genus_unique_family
Fohxhuevirus,Intestiviridae,Crassvirales,dsDNA,2,exact_current_genus_unique_family
Formivirus,Nyamiviridae,Mononegavirales,ssRNA(-),7,exact_current_genus_unique_family
Foveavirus,Betaflexiviridae,Tymovirales,ssRNA(+),13,exact_current_genus_unique_family
Foxborovirus,Zierdtviridae,,dsDNA,5,exact_current_genus_unique_family
Fraservirus,Tosoviridae,Hareavirales,ssRNA(+/-),1,exact_current_genus_unique_family
Freyavirus,Forsetiviridae,,dsDNA,2,exact_current_genus_unique_family
Frinctavirus,Fiersviridae,Norzivirales,ssRNA(+),1,exact_current_genus_unique_family
Friunavirus,Autoscriptoviridae,Autographivirales,dsDNA,95,exact_current_genus_unique_family
Frobavirus,Steitzviridae,Timlovirales,ssRNA(+),2,exact_current_genus_unique_family
Fudhoevirus,Steitzviridae,Timlovirales,ssRNA(+),4,exact_current_genus_unique_family
Fulbrouvirus,Fiersviridae,Norzivirales,ssRNA(+),1,exact_current_genus_unique_family
Fuluvirus,Mahapunaviridae,Saturnivirales,ssDNA(+/-),2,exact_current_genus_unique_family
Funestivirus,Draupnirviridae,Jormunvirales,ssDNA(+/-),2,exact_current_genus_unique_family
Furovirus,Virgaviridae,Martellivirales,ssRNA(+),6,exact_current_genus_unique_family
Fusagravirus,Fusagraviridae,Ghabrivirales,dsRNA,20,exact_current_genus_unique_family
Fusavirus,Phenuiviridae,Hareavirales,ssRNA(-),3,exact_current_genus_unique_family
Fuzzbustervirus,Hodgkinviridae,,dsDNA,1,exact_current_genus_unique_family
Gablavirus,Danacaviridae,,dsDNA,1,exact_current_genus_unique_family
Gahlovirus,Fiersviridae,Norzivirales,ssRNA(+),1,exact_current_genus_unique_family
Gahmegovirus,Steitzviridae,Timlovirales,ssRNA(+),1,exact_current_genus_unique_family
Galateavirus,Schitoviridae,,dsDNA,1,exact_current_genus_unique_family
Galbavirus,Inoviridae,Tubulavirales,ssDNA(+),1,exact_current_genus_unique_family
Galenevirus,Kyanoviridae,Pantevenvirales,dsDNA,1,exact_current_genus_unique_family
Gallantivirus,Tombusviridae,Tolivirales,ssRNA(+),1,exact_current_genus_unique_family
Gallivirus,Picornaviridae,Picornavirales,ssRNA(+),1,exact_current_genus_unique_family
Galoycavirus,Fiersviridae,Norzivirales,ssRNA(+),1,exact_current_genus_unique_family
Galvastonvirus,Casidaviridae,,dsDNA,1,exact_current_genus_unique_family
Galvornvirus,Nenyaviridae,Rohanvirales,ssDNA(+),1,exact_current_genus_unique_family
Gamaleyavirus,Schitoviridae,,dsDNA,34,exact_current_genus_unique_family
Gambievirus,Xinmoviridae,Mononegavirales,ssRNA(-),2,exact_current_genus_unique_family
Gammaarterivirus,Arteriviridae,Nidovirales,ssRNA(+),1,exact_current_genus_unique_family
Gammabaculovirus,Baculoviridae,Lefavirales,dsDNA,3,exact_current_genus_unique_family
Gammacarmovirus,Tombusviridae,Tolivirales,ssRNA(+),4,exact_current_genus_unique_family
Gammacoronavirus,Coronaviridae,Nidovirales,ssRNA(+),5,exact_current_genus_unique_family
Gammacystovirus,Cystoviridae,Mindivirales,dsRNA,2,exact_current_genus_unique_family
Gammacytorhabdovirus,Rhabdoviridae,Mononegavirales,ssRNA(-),18,exact_current_genus_unique_family
Gammaflexivirus,Gammaflexiviridae,Tymovirales,ssRNA(+),2,exact_current_genus_unique_family
Gammafusarivirus,Fusariviridae,Hypofuvirales,ssRNA(+),5,exact_current_genus_unique_family
Gammahymrhavirus,Rhabdoviridae,Mononegavirales,ssRNA(-),3,exact_current_genus_unique_family
Gammahypovirus,Hypoviridae,Hypofuvirales,ssRNA(+),8,exact_current_genus_unique_family
Gammainfluenzavirus,Orthomyxoviridae,Articulavirales,ssRNA(-),1,exact_current_genus_unique_family
Gammambiguivirus,Ambiguiviridae,Tolivirales,ssRNA(+),4,exact_current_genus_unique_family
Gammanucleorhabdovirus,Rhabdoviridae,Mononegavirales,ssRNA(-),2,exact_current_genus_unique_family
Gammanudivirus,Nudiviridae,Lefavirales,dsDNA,8,exact_current_genus_unique_family
Gammaourmiavirus,Ourmiaviridae,Ourlivirales,ssRNA(+),1,exact_current_genus_unique_family
Gammapapillomavirus,Papillomaviridae,Zurhausenvirales,dsDNA,27,exact_current_genus_unique_family
Gammapartitivirus,Partitiviridae,Durnavirales,dsRNA,8,exact_current_genus_unique_family
Gammaplatrhavirus,Rhabdoviridae,Mononegavirales,ssRNA(-),6,exact_current_genus_unique_family
Gammapleolipovirus,Pleolipoviridae,Haloruvirales,dsDNA,2,exact_current_genus_unique_family
Gammapolyomavirus,Polyomaviridae,Sepolyvirales,dsDNA,10,exact_current_genus_unique_family
Gammaretrovirus,Retroviridae,Ortervirales,ssRNA-RT,15,exact_current_genus_unique_family
Gammaricinrhavirus,Rhabdoviridae,Mononegavirales,ssRNA(-),2,exact_current_genus_unique_family
Gammascleroulivirus,Botourmiaviridae,Ourlivirales,ssRNA(+),3,exact_current_genus_unique_family
Gammatectivirus,Tectiviridae,Kalamavirales,dsDNA,1,exact_current_genus_unique_family
Gammatorquevirus,Anelloviridae,Sanitavirales,ssDNA(-),15,exact_current_genus_unique_family
Ganiavirus,Lispiviridae,Mononegavirales,ssRNA(-),2,exact_current_genus_unique_family
Ganjingzivirus,Hirszfeldviridae,,dsDNA,1,exact_current_genus_unique_family
Gansuvirus,Autosignataviridae,Autographivirales,dsDNA,13,exact_current_genus_unique_family
Gaprivervirus,Straboviridae,Pantevenvirales,dsDNA,6,exact_current_genus_unique_family
Gardenstatevirus,Casidaviridae,,dsDNA,2,exact_current_genus_unique_family
Garivirus,Mahapunaviridae,Saturnivirales,ssDNA(+/-),1,exact_current_genus_unique_family
Garnievirus,Steitzviridae,Timlovirales,ssRNA(+),10,exact_current_genus_unique_family
Garovuvirus,Fiersviridae,Norzivirales,ssRNA(+),1,exact_current_genus_unique_family
Gaunavirus,Salasmaviridae,,dsDNA,3,exact_current_genus_unique_family
Gediminasvirus,Casjensviridae,,dsDNA,1,exact_current_genus_unique_family
Geeundevigintivirus,Schitoviridae,,dsDNA,1,exact_current_genus_unique_family
Gegavirus,Peduoviridae,,dsDNA,1,exact_current_genus_unique_family
Gegevirus,Peduoviridae,,dsDNA,1,exact_current_genus_unique_family
Gehnevirus,Fiersviridae,Norzivirales,ssRNA(+),1,exact_current_genus_unique_family
Gehrmavirus,Steitzviridae,Timlovirales,ssRNA(+),5,exact_current_genus_unique_family
Gelderlandvirus,Straboviridae,Pantevenvirales,dsDNA,6,exact_current_genus_unique_family
Gemsvirus,Peduoviridae,,dsDNA,1,exact_current_genus_unique_family
Gemycircularvirus,Genomoviridae,Geplafuvirales,ssDNA(+/-),126,exact_current_genus_unique_family
Gemyduguivirus,Genomoviridae,Geplafuvirales,ssDNA(+/-),12,exact_current_genus_unique_family
Gemygorvirus,Genomoviridae,Geplafuvirales,ssDNA(+/-),8,exact_current_genus_unique_family
Gemykibivirus,Genomoviridae,Geplafuvirales,ssDNA(+/-),50,exact_current_genus_unique_family
Gemykolovirus,Genomoviridae,Geplafuvirales,ssDNA(+/-),16,exact_current_genus_unique_family
Gemykrogvirus,Genomoviridae,Geplafuvirales,ssDNA(+/-),13,exact_current_genus_unique_family
Gemykroznavirus,Genomoviridae,Geplafuvirales,ssDNA(+/-),7,exact_current_genus_unique_family
Gemytondvirus,Genomoviridae,Geplafuvirales,ssDNA(+/-),1,exact_current_genus_unique_family
Gemytripvirus,Genomoviridae,Geplafuvirales,ssDNA(+/-),1,exact_current_genus_unique_family
Gemyvongvirus,Genomoviridae,Geplafuvirales,ssDNA(+/-),3,exact_current_genus_unique_family
Geogavirus,Thalassapleoviridae,Ageovirales,dsDNA,3,exact_current_genus_unique_family
Gequatrovirus,Eubullaviridae,Bullavirales,ssDNA(+),3,exact_current_genus_unique_family
Gettysburgvirus,Ehrlichviridae,,dsDNA,3,exact_current_genus_unique_family
Ghuizhouvirus,Mesyanzhinovviridae,,dsDNA,1,exact_current_genus_unique_family
Ghunavirus,Autotranscriptaviridae,Autographivirales,dsDNA,12,exact_current_genus_unique_family
Giardiavirus,Giardiaviridae,Ghabrivirales,dsRNA,1,exact_current_genus_unique_family
Gibbetvirus,Kyanoviridae,Pantevenvirales,dsDNA,1,exact_current_genus_unique_family
Gifriavirus,Blumeviridae,Timlovirales,ssRNA(+),1,exact_current_genus_unique_family
Gihfavirus,Steitzviridae,Timlovirales,ssRNA(+),23,exact_current_genus_unique_family
Giliycovirus,Steitzviridae,Timlovirales,ssRNA(+),38,exact_current_genus_unique_family
Gilsonvirus,Stanwilliamsviridae,,dsDNA,2,exact_current_genus_unique_family
Gimeltorquevirus,Anelloviridae,Sanitavirales,ssDNA(+/-); ssDNA(-),3,exact_current_genus_unique_family
Giydovirus,Fiersviridae,Norzivirales,ssRNA(+),1,exact_current_genus_unique_family
Gladiolivirus,Lindbergviridae,,dsDNA,1,exact_current_genus_unique_family
Glaedevirus,Zimmerviridae,,dsDNA,1,exact_current_genus_unique_family
Glamdringvirus,Vilyaviridae,Cirlivirales,ssDNA(+/-),2,exact_current_genus_unique_family
Glaucusvirus,Kyanoviridae,Pantevenvirales,dsDNA,1,exact_current_genus_unique_family
Glazvirus,Speroviridae,,dsDNA,1,exact_current_genus_unique_family
Glikeavirus,Suoliviridae,Crassvirales,dsDNA,1,exact_current_genus_unique_family
Glossinavirus,Hytrosaviridae,Lefavirales,dsDNA,1,exact_current_genus_unique_family
Glyciruvirus,Fiersviridae,Norzivirales,ssRNA(+),2,exact_current_genus_unique_family
Gmuhndevirus,Fiersviridae,Norzivirales,ssRNA(+),1,exact_current_genus_unique_family
Goettingenvirus,Herelleviridae,,dsDNA,1,exact_current_genus_unique_family
Gohshovirus,Atkinsviridae,Norzivirales,ssRNA(+),1,exact_current_genus_unique_family
Gokucipiengivirus,Alphagokushoviridae,Gokushovirales,ssDNA(+),1,exact_current_genus_unique_family
Gokugallopavovirus,Alphagokushoviridae,Gokushovirales,ssDNA(+),1,exact_current_genus_unique_family
Gokumacromysvirus,Alphagokushoviridae,Gokushovirales,ssDNA(+),1,exact_current_genus_unique_family
Gokumagnusmusvirus,Alphagokushoviridae,Gokushovirales,ssDNA(+),1,exact_current_genus_unique_family
Gomizavirus,Lomiviridae,,dsDNA,2,exact_current_genus_unique_family
Gonggongvirus,Schitoviridae,,dsDNA,1,exact_current_genus_unique_family
Goravirus,Virgaviridae,Martellivirales,ssRNA(+),2,exact_current_genus_unique_family
Gordisvirus,Xinmoviridae,Mononegavirales,ssRNA(-),1,exact_current_genus_unique_family
Gorgovirus,Ouroboviridae,Gredzevirales,ssDNA(+/-),1,exact_current_genus_unique_family
Gorodievirus,Fiersviridae,Norzivirales,ssRNA(+),1,exact_current_genus_unique_family
Goslarvirus,Chimalliviridae,,dsDNA,1,exact_current_genus_unique_family
Gosmusatellite,Alphasatellitidae,,ssDNA; ssDNA(+),10,exact_current_genus_unique_family
Goukovirus,Phenuiviridae,Hareavirales,ssRNA(-),11,exact_current_genus_unique_family
Grablovirus,Geminiviridae,Geplafuvirales,ssDNA(+/-),3,exact_current_genus_unique_family
Graikaemvirus,Peduoviridae,,dsDNA,1,exact_current_genus_unique_family
Grandpovirus,Fiersviridae,Norzivirales,ssRNA(+),1,exact_current_genus_unique_family
Grauhtavirus,Darmviridae,Crassvirales,dsDNA,2,exact_current_genus_unique_family
Greatavirus,Steitzviridae,Timlovirales,ssRNA(+),1,exact_current_genus_unique_family
Greatevirus,Fiersviridae,Norzivirales,ssRNA(+),1,exact_current_genus_unique_family
Greatpavirus,Fiersviridae,Norzivirales,ssRNA(+),1,exact_current_genus_unique_family
Greenvirus,Kyanoviridae,Pantevenvirales,dsDNA,1,exact_current_genus_unique_family
Gregsiragusavirus,Guelinviridae,,dsDNA,6,exact_current_genus_unique_family
Grehavirus,Fiersviridae,Norzivirales,ssRNA(+),1,exact_current_genus_unique_family
Grehevirus,Steitzviridae,Timlovirales,ssRNA(+),1,exact_current_genus_unique_family
Grehndovirus,Steitzviridae,Timlovirales,ssRNA(+),1,exact_current_genus_unique_family
Grendovirus,Fiersviridae,Norzivirales,ssRNA(+),1,exact_current_genus_unique_family
Grendvuvirus,Fiersviridae,Norzivirales,ssRNA(+),1,exact_current_genus_unique_family
Grisebachstrassevirus,Herelleviridae,,dsDNA,1,exact_current_genus_unique_family
Grondvirus,Vilyaviridae,Cirlivirales,ssDNA(+/-),1,exact_current_genus_unique_family
Gruhelivirus,Picornaviridae,Picornavirales,ssRNA(+),1,exact_current_genus_unique_family
Grusopivirus,Picornaviridae,Picornavirales,ssRNA(+),3,exact_current_genus_unique_family
Gruunavirus,Zierdtviridae,,dsDNA,4,exact_current_genus_unique_family
Gryffinivirus,Peribunyaviridae,Elliovirales,ssRNA(-),2,exact_current_genus_unique_family
Guaicovirus,Flaviviridae,Amarillovirales,ssRNA(+),1,exact_current_genus_unique_family
Gualtarvirus,Straboviridae,Pantevenvirales,dsDNA,1,exact_current_genus_unique_family
Guangxivirus,Autosignataviridae,Autographivirales,dsDNA,1,exact_current_genus_unique_family
Guangzhouvirus,Hirszfeldviridae,,dsDNA,1,exact_current_genus_unique_family
Gudgevirus,Xinmoviridae,Mononegavirales,ssRNA(-),1,exact_current_genus_unique_family
Guelphvirus,Drexlerviridae,,dsDNA,2,exact_current_genus_unique_family
Guizhouvirus,Hirszfeldviridae,,dsDNA,1,exact_current_genus_unique_family
Gulmivirus,Steitzviridae,Timlovirales,ssRNA(+),14,exact_current_genus_unique_family
Gunawavirus,Fiersviridae,Norzivirales,ssRNA(+),1,exact_current_genus_unique_family
Gundecimvirus,Autotranscriptaviridae,Autographivirales,dsDNA,1,exact_current_genus_unique_family
Gundelvirus,Pachyviridae,,dsDNA,1,exact_current_genus_unique_family
Gutovirus,Autosignataviridae,Autographivirales,dsDNA,1,exact_current_genus_unique_family
Gwanakrovirus,Casjensviridae,,dsDNA,1,exact_current_genus_unique_family
Gylbovirus,Xinmoviridae,Mononegavirales,ssRNA(-),1,exact_current_genus_unique_family
Gyrovirus,Anelloviridae,Sanitavirales,ssDNA(+/-); ssDNA(-),14,exact_current_genus_unique_family
Haasevirus,Nixviridae,,dsDNA,5,exact_current_genus_unique_family
Habenivirus,Inoviridae,Tubulavirales,ssDNA(+/-),4,exact_current_genus_unique_family
Hacavirus,Druskaviridae,Thumleimavirales,dsDNA,1,exact_current_genus_unique_family
Hacihdavirus,Intestiviridae,Crassvirales,dsDNA,1,exact_current_genus_unique_family
Hacxwiqakvirus,Seadebiviridae,,dsDNA,3,exact_current_genus_unique_family
Hadakavirus,Hadakaviridae,Xenadelphovirales,ssRNA(+),1,exact_current_genus_unique_family
Hadassahvirus,Straboviridae,Pantevenvirales,dsDNA,2,exact_current_genus_unique_family
Haeldovirus,Fiersviridae,Norzivirales,ssRNA(+),3,exact_current_genus_unique_family
Hagavirus,Fiersviridae,Norzivirales,ssRNA(+),1,exact_current_genus_unique_family
Hagravirus,Halomagnusviridae,Thumleimavirales,dsDNA,1,exact_current_genus_unique_family
Hahdsevirus,Fiersviridae,Norzivirales,ssRNA(+),1,exact_current_genus_unique_family
Hahkesevirus,Steitzviridae,Timlovirales,ssRNA(+),1,exact_current_genus_unique_family
Hahmbtovirus,Fiersviridae,Norzivirales,ssRNA(+),1,exact_current_genus_unique_family
Hahselevirus,Steitzviridae,Timlovirales,ssRNA(+),1,exact_current_genus_unique_family
Hahsevirus,Fiersviridae,Norzivirales,ssRNA(+),7,exact_current_genus_unique_family
Haifavirus,Kyanoviridae,Pantevenvirales,dsDNA,1,exact_current_genus_unique_family
Halavirus,Kirkoviridae,Rohanvirales,ssDNA(+/-),1,exact_current_genus_unique_family
Halcalevirus,Fiersviridae,Norzivirales,ssRNA(+),1,exact_current_genus_unique_family
Haloferacalesvirus,Hafunaviridae,Thumleimavirales,dsDNA,7,exact_current_genus_unique_family
Halohivirus,Saparoviridae,,dsDNA,1,exact_current_genus_unique_family
Hampdavirus,Fiersviridae,Norzivirales,ssRNA(+),1,exact_current_genus_unique_family
Hampduvirus,Steitzviridae,Timlovirales,ssRNA(+),7,exact_current_genus_unique_family
Hamptovirus,Fiersviridae,Norzivirales,ssRNA(+),1,exact_current_genus_unique_family
Hanolevirus,Steitzviridae,Timlovirales,ssRNA(+),1,exact_current_genus_unique_family
Hanrivervirus,Drexlerviridae,,dsDNA,20,exact_current_genus_unique_family
Hapavirus,Rhabdoviridae,Mononegavirales,ssRNA(-),18,exact_current_genus_unique_family
Harambevirus,Salasmaviridae,,dsDNA,2,exact_current_genus_unique_family
Harbevirus,Steitzviridae,Timlovirales,ssRNA(+),4,exact_current_genus_unique_family
Harbinvirus,Herelleviridae,,dsDNA,5,exact_current_genus_unique_family
Hardshivirus,Steitzviridae,Timlovirales,ssRNA(+),3,exact_current_genus_unique_family
Harfovirus,Adamaviridae,Rohanvirales,ssDNA(+/-),1,exact_current_genus_unique_family
Harkavirus,Picornaviridae,Picornavirales,ssRNA(+),1,exact_current_genus_unique_family
Haroovirus,Pyrstoviridae,Kirjokansivirales,dsDNA,1,exact_current_genus_unique_family
Harrekavirus,Aggregaviridae,,dsDNA,1,exact_current_genus_unique_family
Hartmanivirus,Arenaviridae,Hareavirales,ssRNA(-); ssRNA(+/-),8,exact_current_genus_unique_family
Hatfieldvirus,Lakviridae,Grandevirales,dsDNA,1,exact_current_genus_unique_family
Hatrivirus,Pyrstoviridae,Kirjokansivirales,dsDNA,1,exact_current_genus_unique_family
Hehrovirus,Blumeviridae,Timlovirales,ssRNA(+),1,exact_current_genus_unique_family
Hehspivirus,Atkinsviridae,Norzivirales,ssRNA(+),2,exact_current_genus_unique_family
Helacdivirus,Atkinsviridae,Norzivirales,ssRNA(+),1,exact_current_genus_unique_family
Helfovirus,Fiersviridae,Norzivirales,ssRNA(+),1,exact_current_genus_unique_family
Heliosvirus,Allomimiviridae,Imitervirales,dsDNA,1,exact_current_genus_unique_family
Helsettvirus,Autotranscriptaviridae,Autographivirales,dsDNA,4,exact_current_genus_unique_family
Helsinkivirus,Hirszfeldviridae,,dsDNA,2,exact_current_genus_unique_family
Hemiambidensovirus,Parvoviridae,Piccovirales,ssDNA(+/-),3,exact_current_genus_unique_family
Hemipivirus,Picornaviridae,Picornavirales,ssRNA(+),1,exact_current_genus_unique_family
Hemipvirus,Lispiviridae,Mononegavirales,ssRNA(-),2,exact_current_genus_unique_family
Hemivirus,Pseudoviridae,Ortervirales,ssRNA-RT,8,exact_current_genus_unique_family
Hemphillvirus,Salasmaviridae,,dsDNA,4,exact_current_genus_unique_family
Henipavirus,Paramyxoviridae,Mononegavirales,ssRNA(-),5,exact_current_genus_unique_family
Hennigervirus,Autotranscriptaviridae,Autographivirales,dsDNA,5,exact_current_genus_unique_family
Henuseptimavirus,Drexlerviridae,,dsDNA,4,exact_current_genus_unique_family
Hepatovirus,Picornaviridae,Picornavirales,ssRNA(+),9,exact_current_genus_unique_family
Heravirus,Ouroboviridae,Gredzevirales,ssDNA(+/-),1,exact_current_genus_unique_family
Herbevirus,Peribunyaviridae,Elliovirales,ssRNA(-),3,exact_current_genus_unique_family
Herbuvirus,Fiersviridae,Norzivirales,ssRNA(+),2,exact_current_genus_unique_family
Herpetohepadnavirus,Hepadnaviridae,Blubervirales,dsDNA-RT,1,exact_current_genus_unique_family
Herugrimvirus,Vilyaviridae,Cirlivirales,ssDNA(+/-),1,exact_current_genus_unique_family
Hesperidvirus,Eurekaviridae,,dsDNA,1,exact_current_genus_unique_family
Hetorquevirus,Anelloviridae,Sanitavirales,ssDNA(-),5,exact_current_genus_unique_family
Heverleevirus,Pootjesviridae,,dsDNA,1,exact_current_genus_unique_family
Hewusuvirus,Usuviridae,Methanobavirales,dsDNA,1,exact_current_genus_unique_family
Hexartovirus,Artoviridae,Mononegavirales,ssRNA(-),4,exact_current_genus_unique_family
Hicfunavirus,Drexlerviridae,,dsDNA,1,exact_current_genus_unique_family
Higashivirus,Autonotataviridae,Autographivirales,dsDNA,3,exact_current_genus_unique_family
Higrevirus,Kitaviridae,Martellivirales,ssRNA(+),3,exact_current_genus_unique_family
Hihdivirus,Fiersviridae,Norzivirales,ssRNA(+),2,exact_current_genus_unique_family
Hihlwaovirus,Fiersviridae,Norzivirales,ssRNA(+),1,exact_current_genus_unique_family
Hihlwovirus,Steitzviridae,Timlovirales,ssRNA(+),22,exact_current_genus_unique_family
Hilfovirus,Steitzviridae,Timlovirales,ssRNA(+),1,exact_current_genus_unique_family
Hilgardvirus,Casidaviridae,,dsDNA,1,exact_current_genus_unique_family
Himalivirus,Mahapunaviridae,Saturnivirales,ssDNA(+/-),4,exact_current_genus_unique_family
Hinehbovirus,Solspiviridae,Norzivirales,ssRNA(+),1,exact_current_genus_unique_family
Hippocavirus,Paramyxoviridae,Mononegavirales,ssRNA(-),1,exact_current_genus_unique_family
Hirbarovirus,Fiersviridae,Norzivirales,ssRNA(+),1,exact_current_genus_unique_family
Hirbovirus,Steitzviridae,Timlovirales,ssRNA(+),3,exact_current_genus_unique_family
Hirtshivirus,Fiersviridae,Norzivirales,ssRNA(+),1,exact_current_genus_unique_family
Hirvovirus,Atkinsviridae,Norzivirales,ssRNA(+),1,exact_current_genus_unique_family
Hisehlovirus,Blumeviridae,Timlovirales,ssRNA(+),1,exact_current_genus_unique_family
Hisilivirus,Fiersviridae,Norzivirales,ssRNA(+),1,exact_current_genus_unique_family
Hisilovirus,Fiersviridae,Norzivirales,ssRNA(+),1,exact_current_genus_unique_family
Hisolavirus,Steitzviridae,Timlovirales,ssRNA(+),1,exact_current_genus_unique_family
Hitdovirus,Fiersviridae,Norzivirales,ssRNA(+),1,exact_current_genus_unique_family
Hodnevirus,Steitzviridae,Timlovirales,ssRNA(+),467,exact_current_genus_unique_family
Hohnivirus,Fiersviridae,Norzivirales,ssRNA(+),4,exact_current_genus_unique_family
Hohnuvirus,Steitzviridae,Timlovirales,ssRNA(+),1,exact_current_genus_unique_family
Hohrdovirus,Steitzviridae,Timlovirales,ssRNA(+),40,exact_current_genus_unique_family
Homochaacvirus,Chaacviridae,Coyopavirales,dsDNA,2,exact_current_genus_unique_family
Hongcheonvirus,Demerecviridae,,dsDNA,1,exact_current_genus_unique_family
Hongshanvirus,Autonotataviridae,Autographivirales,dsDNA,1,exact_current_genus_unique_family
Honkvirus,Casidaviridae,,dsDNA,1,exact_current_genus_unique_family
Honleyivirus,Fiersviridae,Norzivirales,ssRNA(+),2,exact_current_genus_unique_family
Honmavirus,Alisviridae,,dsDNA,8,exact_current_genus_unique_family
Honolovirus,Fiersviridae,Norzivirales,ssRNA(+),1,exact_current_genus_unique_family
Hopescreekvirus,Herelleviridae,,dsDNA,1,exact_current_genus_unique_family
Hoplichthysvirus,Paramyxoviridae,Mononegavirales,ssRNA(-),1,exact_current_genus_unique_family
Hoptevirus,Xinmoviridae,Mononegavirales,ssRNA(-),1,exact_current_genus_unique_family
Hordeivirus,Virgaviridae,Martellivirales,ssRNA(+),4,exact_current_genus_unique_family
Horekuvirus,Suoliviridae,Crassvirales,dsDNA,3,exact_current_genus_unique_family
Hormycovirus,Gammaormycoviridae,Formycovirales,ssRNA,1,exact_current_genus_unique_family
Horusivirus,Ouroboviridae,Gredzevirales,ssDNA(+/-),3,exact_current_genus_unique_family
Horwuvirus,Phenuiviridae,Hareavirales,ssRNA(-),3,exact_current_genus_unique_family
Hostuviroid,Pospiviroidae,,ssRNA,2,exact_current_genus_unique_family
Hoswirudivirus,Rudiviridae,Ligamenvirales,dsDNA,4,exact_current_genus_unique_family
Hpunavirus,Peduoviridae,,dsDNA,2,exact_current_genus_unique_family
Huanghaivirus,Kyanoviridae,Pantevenvirales,dsDNA,1,exact_current_genus_unique_family
Huangshavirus,Salasmaviridae,,dsDNA,1,exact_current_genus_unique_family
Hubavirus,Mypoviridae,Hareavirales,ssRNA(-),1,exact_current_genus_unique_family
Hubramonavirus,Mymonaviridae,Mononegavirales,ssRNA(-),5,exact_current_genus_unique_family
Hubsclerovirus,Solemoviridae,Sobelivirales,ssRNA(+),1,exact_current_genus_unique_family
Huchismacovirus,Smacoviridae,Cremevirales,ssDNA(+/-),5,exact_current_genus_unique_family
Hudisavirus,Endolinaviridae,Cirlivirales,ssDNA(+/-),3,exact_current_genus_unique_family
Hudivirus,Phenuiviridae,Hareavirales,ssRNA(-),1,exact_current_genus_unique_family
Hudnivirus,Fiersviridae,Norzivirales,ssRNA(+),1,exact_current_genus_unique_family
Hudovirus,Phenuiviridae,Hareavirales,ssRNA(-),3,exact_current_genus_unique_family
Huelvavirus,Schitoviridae,,dsDNA,1,exact_current_genus_unique_family
Huficovirus,Alphagokushoviridae,Gokushovirales,ssDNA(+),1,exact_current_genus_unique_family
Huhbevirus,Steitzviridae,Timlovirales,ssRNA(+),60,exact_current_genus_unique_family
Huhmpluvirus,Atkinsviridae,Norzivirales,ssRNA(+),1,exact_current_genus_unique_family
Huhnivirus,Fiersviridae,Norzivirales,ssRNA(+),1,exact_current_genus_unique_family
Huhnuvirus,Fiersviridae,Norzivirales,ssRNA(+),1,exact_current_genus_unique_family
Hukohnovirus,Fiersviridae,Norzivirales,ssRNA(+),1,exact_current_genus_unique_family
Hukuchivirus,Matsushitaviridae,Halopanivirales,dsDNA,2,exact_current_genus_unique_family
Huleruivirus,Atkinsviridae,Norzivirales,ssRNA(+),3,exact_current_genus_unique_family
Hulichivirus,Betagokushoviridae,Gokushovirales,ssDNA(+),1,exact_current_genus_unique_family
Hunnivirus,Picornaviridae,Picornavirales,ssRNA(+),1,exact_current_genus_unique_family
Huohcivirus,Steitzviridae,Timlovirales,ssRNA(+),2,exact_current_genus_unique_family
Hupolycivirus,Polycipiviridae,Picornavirales,ssRNA(+),1,exact_current_genus_unique_family
Hurlivirus,Fiersviridae,Norzivirales,ssRNA(+),4,exact_current_genus_unique_family
Huylevirus,Steitzviridae,Timlovirales,ssRNA(+),5,exact_current_genus_unique_family
Hyatvirus,Xinmoviridae,Mononegavirales,ssRNA(-),1,exact_current_genus_unique_family
Hyjrovirus,Steitzviridae,Timlovirales,ssRNA(+),2,exact_current_genus_unique_family
Hymovirus,Phasmaviridae,Elliovirales,ssRNA(-),2,exact_current_genus_unique_family
Hysdruvirus,Atkinsviridae,Norzivirales,ssRNA(+),15,exact_current_genus_unique_family
Hzauvirus,Guelinviridae,,dsDNA,1,exact_current_genus_unique_family
Iapetusvirus,Chimalliviridae,,dsDNA,1,exact_current_genus_unique_family
Ibumevirus,Suoliviridae,Crassvirales,dsDNA,1,exact_current_genus_unique_family
Icepovirus,Zobellviridae,,dsDNA,1,exact_current_genus_unique_family
Icerudivirus,Rudiviridae,Ligamenvirales,dsDNA,3,exact_current_genus_unique_family
Ichnoviriform,Polydnaviriformidae,,dsDNA,22,exact_current_genus_unique_family
Ichonovirus,Atkinsviridae,Norzivirales,ssRNA(+),1,exact_current_genus_unique_family
Ichtadenovirus,Adenoviridae,Rowavirales,dsDNA,1,exact_current_genus_unique_family
Ichthamavirus,Parvoviridae,Piccovirales,ssDNA,1,exact_current_genus_unique_family
Ictavirus,Alloherpesviridae,Herpesvirales,dsDNA,3,exact_current_genus_unique_family
Icumivirus,Fiersviridae,Norzivirales,ssRNA(+),4,exact_current_genus_unique_family
Idaeovirus,Mayoviridae,Martellivirales,ssRNA(+),2,exact_current_genus_unique_family
Ideskevirus,Fiersviridae,Norzivirales,ssRNA(+),1,exact_current_genus_unique_family
Idlucavirus,Fiersviridae,Norzivirales,ssRNA(+),1,exact_current_genus_unique_family
Idnoreovirus,Spinareoviridae,Reovirales,dsRNA,5,exact_current_genus_unique_family
Iflavirus,Iflaviridae,Picornavirales,ssRNA(+),16,exact_current_genus_unique_family
Ilarvirus,Bromoviridae,Martellivirales,ssRNA(+),36,exact_current_genus_unique_family
Ildiruevirus,Suoliviridae,Crassvirales,dsDNA,3,exact_current_genus_unique_family
Illuinvirus,Vilyaviridae,Cirlivirales,ssDNA(+/-),1,exact_current_genus_unique_family
Iltovirus,Orthoherpesviridae,Herpesvirales,dsDNA,4,exact_current_genus_unique_family
Imeberivirus,Fiersviridae,Norzivirales,ssRNA(+),2,exact_current_genus_unique_family
Impedivirus,Geplanaviridae,Geplafuvirales,ssDNA(+/-),2,exact_current_genus_unique_family
Inbricusvirus,Schitoviridae,,dsDNA,1,exact_current_genus_unique_family
Incitativirus,Draupnirviridae,Jormunvirales,ssDNA(+/-),1,exact_current_genus_unique_family
Incitatusivirus,Draupnirviridae,Jormunvirales,ssDNA(+/-),1,exact_current_genus_unique_family
Ineyimevirus,Fiersviridae,Norzivirales,ssRNA(+),2,exact_current_genus_unique_family
Infratovirus,Tobaniviridae,Nidovirales,ssRNA(+),3,exact_current_genus_unique_family
Infulavirus,Inoviridae,Tubulavirales,ssDNA(+),1,exact_current_genus_unique_family
Ingelinevirus,Duneviridae,,dsDNA,1,exact_current_genus_unique_family
Inhoffenstrassevirus,Drexlerviridae,,dsDNA,1,exact_current_genus_unique_family
Inibicvirus,Peduoviridae,,dsDNA,1,exact_current_genus_unique_family
Innesvirus,Pootjesviridae,,dsDNA,5,exact_current_genus_unique_family
Innmovirus,Arenaviridae,Hareavirales,ssRNA(-); ssRNA(+/-),1,exact_current_genus_unique_family
Inovirus,Inoviridae,Tubulavirales,ssDNA(+),1,exact_current_genus_unique_family
Inpeasmacovirus,Smacoviridae,Cremevirales,ssDNA(+/-),3,exact_current_genus_unique_family
Insbruvirus,Solspiviridae,Norzivirales,ssRNA(+),1,exact_current_genus_unique_family
Insevirus,Inseviridae,Ghabrivirales,dsRNA,16,exact_current_genus_unique_family
Intivirus,Pecoviridae,Ringavirales,ssDNA(+/-),3,exact_current_genus_unique_family
Invictavirus,Solinviviridae,Picornavirales,ssRNA(+),1,exact_current_genus_unique_family
Invirovirus,Gulliviroviridae,Priklausovirales,dsDNA,1,exact_current_genus_unique_family
Ioniavirus,Ouroboviridae,Gredzevirales,ssDNA(+/-),2,exact_current_genus_unique_family
Iotaarterivirus,Arteriviridae,Nidovirales,ssRNA(+),3,exact_current_genus_unique_family
Iotahypovirus,Hypoviridae,Hypofuvirales,ssRNA(+),8,exact_current_genus_unique_family
Iotaourmiavirus,Ourmiaviridae,Ourlivirales,ssRNA(+),3,exact_current_genus_unique_family
Iotapapillomavirus,Papillomaviridae,Zurhausenvirales,dsDNA,2,exact_current_genus_unique_family
Iotatorquevirus,Anelloviridae,Sanitavirales,ssDNA(+/-); ssDNA(-),2,exact_current_genus_unique_family
Ipomovirus,Potyviridae,Patatavirales,ssRNA(+),7,exact_current_genus_unique_family
Iridovirus,Iridoviridae,Pimascovirales,dsDNA,2,exact_current_genus_unique_family
Irmovirus,Kirkoviridae,Rohanvirales,ssDNA(+/-),1,exact_current_genus_unique_family
Irrigatiovirus,Peduoviridae,,dsDNA,1,exact_current_genus_unique_family
Irtavirus,Peduoviridae,,dsDNA,2,exact_current_genus_unique_family
Iruqauvirus,Fiersviridae,Norzivirales,ssRNA(+),1,exact_current_genus_unique_family
Irusalimvirus,Lindbergviridae,,dsDNA,2,exact_current_genus_unique_family
Isavirus,Orthomyxoviridae,Articulavirales,ssRNA(-),1,exact_current_genus_unique_family
Ishigurovirus,Straboviridae,Pantevenvirales,dsDNA,1,exact_current_genus_unique_family
Ishugivirus,Fiersviridae,Norzivirales,ssRNA(+),1,exact_current_genus_unique_family
Isoihlovirus,Atkinsviridae,Norzivirales,ssRNA(+),1,exact_current_genus_unique_family
Ispindelvirus,Xigoviridae,,dsDNA,1,exact_current_genus_unique_family
Itarudivirus,Rudiviridae,Ligamenvirales,dsDNA,1,exact_current_genus_unique_family
Iteradensovirus,Parvoviridae,Piccovirales,ssDNA,7,exact_current_genus_unique_family
Ithacavirus,Schitoviridae,,dsDNA,7,exact_current_genus_unique_family
Itinerivirus,Inoviridae,Tubulavirales,ssDNA(+),1,exact_current_genus_unique_family
Ivolevirus,Blumeviridae,Timlovirales,ssRNA(+),1,exact_current_genus_unique_family
Iwahcevirus,Steitzviridae,Timlovirales,ssRNA(+),1,exact_current_genus_unique_family
Ixovirus,Phenuiviridae,Hareavirales,ssRNA(-),8,exact_current_genus_unique_family
Jacunavirus,Casjensviridae,,dsDNA,1,exact_current_genus_unique_family
Jahatvirus,Drexlerviridae,,dsDNA,1,exact_current_genus_unique_family
Jahgtovirus,Intestiviridae,Crassvirales,dsDNA,7,exact_current_genus_unique_family
Jakapalmivirus,Splipalmiviridae,Wolframvirales,ssRNA(+),6,exact_current_genus_unique_family
Jamesmcgillvirus,Fredfastierviridae,,dsDNA,2,exact_current_genus_unique_family
Janusivirus,Mahapunaviridae,Saturnivirales,ssDNA(+/-),2,exact_current_genus_unique_family
Japarudivirus,Rudiviridae,Ligamenvirales,dsDNA,1,exact_current_genus_unique_family
Jargovirus,Solspiviridae,Norzivirales,ssRNA(+),1,exact_current_genus_unique_family
Jarilovirus,Autotranscriptaviridae,Autographivirales,dsDNA,1,exact_current_genus_unique_family
Jauervirus,Buchnerviridae,,dsDNA,1,exact_current_genus_unique_family
Jawnskivirus,Berryhillviridae,,dsDNA,5,exact_current_genus_unique_family
Jeilongvirus,Paramyxoviridae,Mononegavirales,ssRNA(-),32,exact_current_genus_unique_family
Jelgvirus,Autotranscriptaviridae,Autographivirales,dsDNA,1,exact_current_genus_unique_family
Jeonjuvirus,Herelleviridae,,dsDNA,1,exact_current_genus_unique_family
Jerseyvirus,Sarkviridae,,dsDNA,64,exact_current_genus_unique_family
Jeruvirus,Autonotataviridae,Autographivirales,dsDNA,1,exact_current_genus_unique_family
Jesfedecavirus,Demerecviridae,,dsDNA,3,exact_current_genus_unique_family
Jhansiroadvirus,Drexlerviridae,,dsDNA,1,exact_current_genus_unique_family
Jiangsuvirus,Straboviridae,Pantevenvirales,dsDNA,1,exact_current_genus_unique_family
Jiaodavirus,Straboviridae,Pantevenvirales,dsDNA,6,exact_current_genus_unique_family
Jiaoyazivirus,Autoscriptoviridae,Autographivirales,dsDNA,1,exact_current_genus_unique_family
Jiesduavirus,Fiersviridae,Norzivirales,ssRNA(+),2,exact_current_genus_unique_family
Jimeivirus,Autonotataviridae,Autographivirales,dsDNA,1,exact_current_genus_unique_family
Jingmenvirus,Flaviviridae,Amarillovirales,ssRNA(+),1,exact_current_genus_unique_family
Jinkiesvirus,Berryhillviridae,,dsDNA,1,exact_current_genus_unique_family
Johnovirus,Fiersviridae,Norzivirales,ssRNA(+),1,exact_current_genus_unique_family
Johnsonvirus,Schitoviridae,,dsDNA,2,exact_current_genus_unique_family
Jonvirus,Phasmaviridae,Elliovirales,ssRNA; ssRNA(-),3,exact_current_genus_unique_family
Jouyvirus,Zimmerviridae,,dsDNA,3,exact_current_genus_unique_family
Julespiccardvirus,Drexlerviridae,,dsDNA,1,exact_current_genus_unique_family
Junduvirus,Crevaviridae,Crassvirales,dsDNA,2,exact_current_genus_unique_family
Jupbevirus,Fiersviridae,Norzivirales,ssRNA(+),4,exact_current_genus_unique_family
Jwalphavirus,Schitoviridae,,dsDNA,1,exact_current_genus_unique_family
Kablunavirus,Zierdtviridae,,dsDNA,3,exact_current_genus_unique_family
Kadmovirus,Ouroboviridae,Gredzevirales,ssDNA(+/-),1,exact_current_genus_unique_family
Kagamiyamavirus,Straboviridae,Pantevenvirales,dsDNA,1,exact_current_genus_unique_family
Kagunavirus,Sarkviridae,,dsDNA,15,exact_current_genus_unique_family
Kahfsdivirus,Fiersviridae,Norzivirales,ssRNA(+),1,exact_current_genus_unique_family
Kahnayevirus,Blumeviridae,Timlovirales,ssRNA(+),1,exact_current_genus_unique_family
Kahnovirus,Steigviridae,Crassvirales,dsDNA,1,exact_current_genus_unique_family
Kahraivirus,Blumeviridae,Timlovirales,ssRNA(+),1,exact_current_genus_unique_family
Kahshuvirus,Duinviridae,Norzivirales,ssRNA(+),1,exact_current_genus_unique_family
Kahucivirus,Crevaviridae,Crassvirales,dsDNA,1,exact_current_genus_unique_family
Kaiwanvirus,Kanorauviridae,Saturnivirales,ssDNA(+/-),2,exact_current_genus_unique_family
Kajamanuvirus,Kanorauviridae,Saturnivirales,ssDNA(+/-),5,exact_current_genus_unique_family
Kakivirus,Autoscriptoviridae,Autographivirales,dsDNA,2,exact_current_genus_unique_family
Kalovirus,Dallocaviridae,,dsDNA,1,exact_current_genus_unique_family
Kalppathivirus,Autonotataviridae,Autographivirales,dsDNA,1,exact_current_genus_unique_family
Kanagawavirus,Straboviridae,Pantevenvirales,dsDNA,9,exact_current_genus_unique_family
Kanaloavirus,Kyanoviridae,Pantevenvirales,dsDNA,1,exact_current_genus_unique_family
Kantovirus,Autoscriptoviridae,Autographivirales,dsDNA,1,exact_current_genus_unique_family
Kaohsiungvirus,Autosignataviridae,Autographivirales,dsDNA,6,exact_current_genus_unique_family
Kapieceevirus,Peduoviridae,,dsDNA,1,exact_current_genus_unique_family
Kappaarterivirus,Arteriviridae,Nidovirales,ssRNA(+),1,exact_current_genus_unique_family
Kappaourmiavirus,Ourmiaviridae,Ourlivirales,ssRNA(+),1,exact_current_genus_unique_family
Kappapapillomavirus,Papillomaviridae,Zurhausenvirales,dsDNA,2,exact_current_genus_unique_family
Kappatorquevirus,Anelloviridae,Sanitavirales,ssDNA(-),2,exact_current_genus_unique_family
Karamvirus,Straboviridae,Pantevenvirales,dsDNA,19,exact_current_genus_unique_family
Karezivirus,Salasmaviridae,,dsDNA,1,exact_current_genus_unique_family
Karimacvirus,Stanwilliamsviridae,,dsDNA,5,exact_current_genus_unique_family
Karumvirus,Assalcaviridae,,dsDNA,1,exact_current_genus_unique_family
Kayeltresvirus,Peduoviridae,,dsDNA,5,exact_current_genus_unique_family
Kayfunavirus,Autotranscriptaviridae,Autographivirales,dsDNA,71,exact_current_genus_unique_family
Kaypoctavirus,Schitoviridae,,dsDNA,9,exact_current_genus_unique_family
Kayvirus,Herelleviridae,,dsDNA,11,exact_current_genus_unique_family
Kecuhnavirus,Steitzviridae,Timlovirales,ssRNA(+),13,exact_current_genus_unique_family
Keghovirus,Fiersviridae,Norzivirales,ssRNA(+),7,exact_current_genus_unique_family
Kehishuvirus,Steigviridae,Crassvirales,dsDNA,8,exact_current_genus_unique_family
Kehmevirus,Fiersviridae,Norzivirales,ssRNA(+),2,exact_current_genus_unique_family
Kehrevirus,Fiersviridae,Norzivirales,ssRNA(+),1,exact_current_genus_unique_family
Keisodnavirus,Bacilladnaviridae,Baphyvirales,ssDNA(+/-),1,exact_current_genus_unique_family
Kelmasvirus,Autotranscriptaviridae,Autographivirales,dsDNA,1,exact_current_genus_unique_family
Kemicevirus,Fiersviridae,Norzivirales,ssRNA(+),2,exact_current_genus_unique_family
Kemiovirus,Blumeviridae,Timlovirales,ssRNA(+),1,exact_current_genus_unique_family
Kempsvovirus,Atkinsviridae,Norzivirales,ssRNA(+),4,exact_current_genus_unique_family
Kenyavirus,Hirszfeldviridae,,dsDNA,1,exact_current_genus_unique_family
Kerishovirus,Blumeviridae,Timlovirales,ssRNA(+),1,exact_current_genus_unique_family
Ketkevirus,Anicreviridae,Mulpavirales,ssDNA(+/-),1,exact_current_genus_unique_family
Keylargovirus,Mesyanzhinovviridae,,dsDNA,1,exact_current_genus_unique_family
Keypisivirus,Pituviridae,,dsDNA,1,exact_current_genus_unique_family
Keyvirus,Demerecviridae,,dsDNA,2,exact_current_genus_unique_family
Khonivirus,Alphagokushoviridae,Gokushovirales,ssDNA(+),1,exact_current_genus_unique_family
Khurdivirus,Peribunyaviridae,Elliovirales,ssRNA(-),1,exact_current_genus_unique_family
Kieseladnavirus,Bacilladnaviridae,Baphyvirales,ssDNA(+/-),4,exact_current_genus_unique_family
Kihrivirus,Atkinsviridae,Norzivirales,ssRNA(+),1,exact_current_genus_unique_family
Kihryuvirus,Fiersviridae,Norzivirales,ssRNA(+),1,exact_current_genus_unique_family
Kihsiravirus,Steitzviridae,Timlovirales,ssRNA(+),1,exact_current_genus_unique_family
Kikimoravirus,Jeanschmidtviridae,,dsDNA,2,exact_current_genus_unique_family
Kimihcavirus,Atkinsviridae,Norzivirales,ssRNA(+),1,exact_current_genus_unique_family
Kinehtovirus,Fiersviridae,Norzivirales,ssRNA(+),1,exact_current_genus_unique_family
Kingevirus,Crevaviridae,Crassvirales,dsDNA,3,exact_current_genus_unique_family
Kinglevirus,Steitzviridae,Timlovirales,ssRNA(+),1,exact_current_genus_unique_family
Kingscavirus,Steitzviridae,Timlovirales,ssRNA(+),1,exact_current_genus_unique_family
Kinolwovirus,Fiersviridae,Norzivirales,ssRNA(+),1,exact_current_genus_unique_family
Kirikabuvirus,Autoscriptoviridae,Autographivirales,dsDNA,1,exact_current_genus_unique_family
Kirnavirus,Fiersviridae,Norzivirales,ssRNA(+),1,exact_current_genus_unique_family
Kisinvirus,Ahpuchviridae,Nakonvirales,dsDNA,1,exact_current_genus_unique_family
Kisquattuordecimvirus,Peduoviridae,,dsDNA,3,exact_current_genus_unique_family
Kisquinquevirus,Peduoviridae,,dsDNA,2,exact_current_genus_unique_family
Kiwsmaevirus,Fiersviridae,Norzivirales,ssRNA(+),1,exact_current_genus_unique_family
Klosterneuburgvirus,Salasmaviridae,,dsDNA,1,exact_current_genus_unique_family
Klumppvirus,Herelleviridae,,dsDNA,1,exact_current_genus_unique_family
Kobbarisatellite,Alphasatellitidae,,ssDNA(+),1,exact_current_genus_unique_family
Kobuvirus,Picornaviridae,Picornavirales,ssRNA(+),6,exact_current_genus_unique_family
Kochikohdavirus,Herelleviridae,,dsDNA,14,exact_current_genus_unique_family
Kodayamazakivirus,Yamazakiviridae,,dsDNA,1,exact_current_genus_unique_family
Kohmavirus,Duinviridae,Norzivirales,ssRNA(+),1,exact_current_genus_unique_family
Kokobelvirus,Casjensviridae,,dsDNA,1,exact_current_genus_unique_family
Kolesnikvirus,Andersonviridae,,dsDNA,3,exact_current_genus_unique_family
Kolpuevirus,Steigviridae,Crassvirales,dsDNA,3,exact_current_genus_unique_family
Kongskuvirus,Fiersviridae,Norzivirales,ssRNA(+),2,exact_current_genus_unique_family
Konkivirus,Fiersviridae,Norzivirales,ssRNA(+),1,exact_current_genus_unique_family
Konmavirus,Blumeviridae,Timlovirales,ssRNA(+),3,exact_current_genus_unique_family
Kononvirus,Demerecviridae,,dsDNA,1,exact_current_genus_unique_family
Konwavirus,Fiersviridae,Norzivirales,ssRNA(+),1,exact_current_genus_unique_family
Kopavirus,Anicreviridae,Mulpavirales,ssDNA(+/-),1,exact_current_genus_unique_family
Koroslivirus,Steitzviridae,Timlovirales,ssRNA(+),5,exact_current_genus_unique_family
Koserivirus,Straboviridae,Pantevenvirales,dsDNA,1,exact_current_genus_unique_family
Koshovirus,Pestiviridae,Amarillovirales,ssRNA(+),1,exact_current_genus_unique_family
Koteshevirus,Fiersviridae,Norzivirales,ssRNA(+),44,exact_current_genus_unique_family
Kotilavirus,Autoscriptoviridae,Autographivirales,dsDNA,5,exact_current_genus_unique_family
Koutsourovirus,Autoscriptoviridae,Autographivirales,dsDNA,4,exact_current_genus_unique_family
Kowinovirus,Fiersviridae,Norzivirales,ssRNA(+),1,exact_current_genus_unique_family
Kozievirus,Hodgkinviridae,,dsDNA,2,exact_current_genus_unique_family
Kozyakovvirus,Saffermanviridae,,dsDNA,1,exact_current_genus_unique_family
Kratosvirus,Schizomimiviridae,Imitervirales,dsDNA,1,exact_current_genus_unique_family
Kremarvirus,Vandenendeviridae,,dsDNA,3,exact_current_genus_unique_family
Kreonivirus,Ouroboviridae,Gredzevirales,ssDNA(+/-),2,exact_current_genus_unique_family
Krischvirus,Straboviridae,Pantevenvirales,dsDNA,6,exact_current_genus_unique_family
Kronovirus,Kanorauviridae,Saturnivirales,ssDNA(+/-),1,exact_current_genus_unique_family
Kroosvirus,Stackebrandtviridae,,dsDNA,8,exact_current_genus_unique_family
Kudohovirus,Atkinsviridae,Norzivirales,ssRNA(+),1,exact_current_genus_unique_family
Kuhfotivirus,Atkinsviridae,Norzivirales,ssRNA(+),1,exact_current_genus_unique_family
Kuhshuvirus,Fiersviridae,Norzivirales,ssRNA(+),1,exact_current_genus_unique_family
Kujavirus,Ackermannviridae,Pantevenvirales,dsDNA,1,exact_current_genus_unique_family
Kukrinivirus,Olifoviridae,Nidovirales,ssRNA(+),1,exact_current_genus_unique_family
Kukulkanvirus,Ekchuahviridae,Nakonvirales,dsDNA,2,exact_current_genus_unique_family
Kumaovirus,Vilmaviridae,,dsDNA,1,exact_current_genus_unique_family
Kumbuvirus,Steigviridae,Crassvirales,dsDNA,1,exact_current_genus_unique_family
Kungsnevirus,Fiersviridae,Norzivirales,ssRNA(+),13,exact_current_genus_unique_family
Kungspuvirus,Fiersviridae,Norzivirales,ssRNA(+),1,exact_current_genus_unique_family
Kunsagivirus,Picornaviridae,Picornavirales,ssRNA(+),3,exact_current_genus_unique_family
Kuravirus,Mtkvariviridae,,dsDNA,23,exact_current_genus_unique_family
Kusarnavirus,Marnaviridae,Picornavirales,ssRNA(+),1,exact_current_genus_unique_family
Kuttervirus,Ackermannviridae,Pantevenvirales,dsDNA,40,exact_current_genus_unique_family
Kvaramitovirus,Mitoviridae,Cryppavirales,ssRNA(+),1,exact_current_genus_unique_family
Kylevirus,Lindbergviridae,,dsDNA,1,exact_current_genus_unique_family
Kyungwonvirus,Drexlerviridae,,dsDNA,2,exact_current_genus_unique_family
Labanvirus,Duneviridae,,dsDNA,1,exact_current_genus_unique_family
Labyrnavirus,Marnaviridae,Picornavirales,ssRNA(+),1,exact_current_genus_unique_family
Lagovirus,Caliciviridae,Picornavirales,ssRNA(+),1,exact_current_genus_unique_family
Lahbwuvirus,Fiersviridae,Norzivirales,ssRNA(+),1,exact_current_genus_unique_family
Lahcomavirus,Atkinsviridae,Norzivirales,ssRNA(+),3,exact_current_genus_unique_family
Lahdbrovirus,Fiersviridae,Norzivirales,ssRNA(+),1,exact_current_genus_unique_family
Lahexavirus,Grimontviridae,,dsDNA,4,exact_current_genus_unique_family
Lahndsivirus,Steigviridae,Crassvirales,dsDNA,1,exact_current_genus_unique_family
Laimuvirus,Steitzviridae,Timlovirales,ssRNA(+),1,exact_current_genus_unique_family
Lakivirus,Peribunyaviridae,Elliovirales,ssRNA(-),1,exact_current_genus_unique_family
Lambavirus,Peribunyaviridae,Elliovirales,ssRNA(-),1,exact_current_genus_unique_family
Lambdaarterivirus,Arteriviridae,Nidovirales,ssRNA(+),1,exact_current_genus_unique_family
Lambdapapillomavirus,Papillomaviridae,Zurhausenvirales,dsDNA,5,exact_current_genus_unique_family
Lambdatorquevirus,Anelloviridae,Sanitavirales,ssDNA(-),5,exact_current_genus_unique_family
Lambdavirus,Zimmerviridae,,dsDNA,5,exact_current_genus_unique_family
Lamedtorquevirus,Anelloviridae,Sanitavirales,ssDNA(-),1,exact_current_genus_unique_family
Laminvirus,Hafunaviridae,Thumleimavirales,dsDNA,1,exact_current_genus_unique_family
Lamposivirus,Ouroboviridae,Gredzevirales,ssDNA(+/-),2,exact_current_genus_unique_family
Langlevirus,Fiersviridae,Norzivirales,ssRNA(+),1,exact_current_genus_unique_family
Largivirus,Liberviridae,Amoyvirales,ssDNA(+),1,exact_current_genus_unique_family
Lasallevirus,Straboviridae,Pantevenvirales,dsDNA,1,exact_current_genus_unique_family
Latyvirus,Gulliviridae,,dsDNA,1,exact_current_genus_unique_family
Laulavirus,Phenuiviridae,Hareavirales,ssRNA(-); ssRNA(-); ssRNA(+/-),7,exact_current_genus_unique_family
Laumovirus,Xinmoviridae,Mononegavirales,ssRNA(-),1,exact_current_genus_unique_family
Lavrentievavirus,Casjensviridae,,dsDNA,3,exact_current_genus_unique_family
Layangcvirus,Salasmaviridae,,dsDNA,1,exact_current_genus_unique_family
Lazarusvirus,Straboviridae,Pantevenvirales,dsDNA,8,exact_current_genus_unique_family
Lazuovirus,Steitzviridae,Timlovirales,ssRNA(+),4,exact_current_genus_unique_family
Leahmovirus,Fiersviridae,Norzivirales,ssRNA(+),1,exact_current_genus_unique_family
Lebotivirus,Lebotiviridae,Ghabrivirales,dsRNA,8,exact_current_genus_unique_family
Lebriduvirus,Steigviridae,Crassvirales,dsDNA,2,exact_current_genus_unique_family
Lecwavirus,Fiersviridae,Norzivirales,ssRNA(+),1,exact_current_genus_unique_family
Ledantevirus,Rhabdoviridae,Mononegavirales,ssRNA(-),22,exact_current_genus_unique_family
Leefvirus,Helgolandviridae,,dsDNA,1,exact_current_genus_unique_family
Lehamuvirus,Fiersviridae,Norzivirales,ssRNA(+),1,exact_current_genus_unique_family
Lehemavirus,Steitzviridae,Timlovirales,ssRNA(+),1,exact_current_genus_unique_family
Leishmaniavirus,Pseudototiviridae,Ghabrivirales,dsRNA,6,exact_current_genus_unique_family
Lemuelvirus,Gulliviridae,,dsDNA,1,exact_current_genus_unique_family
Lentimonavirus,Mymonaviridae,Mononegavirales,ssRNA(-),2,exact_current_genus_unique_family
Lentinuvirus,Phenuiviridae,Hareavirales,ssRNA(+/-); ssRNA(-); ssRNA(+/-),4,exact_current_genus_unique_family
Lentivirus,Retroviridae,Ortervirales,ssRNA-RT,10,exact_current_genus_unique_family
Leocovirus,Lispiviridae,Mononegavirales,ssRNA(-),1,exact_current_genus_unique_family
Leonardvirus,Stackebrandtviridae,,dsDNA,5,exact_current_genus_unique_family
Leporipoxvirus,Poxviridae,Chitovirales,dsDNA,3,exact_current_genus_unique_family
Leuciminnovirus,Betagokushoviridae,Gokushovirales,ssDNA(+),1,exact_current_genus_unique_family
Leucotheavirus,Kyanoviridae,Pantevenvirales,dsDNA,2,exact_current_genus_unique_family
Liaodongvirus,Luriaviridae,,dsDNA,2,exact_current_genus_unique_family
Liaoningvirus,Chaseviridae,,dsDNA,1,exact_current_genus_unique_family
Libanvirus,Kyanoviridae,Pantevenvirales,dsDNA,1,exact_current_genus_unique_family
Libingvirus,Grimontviridae,,dsDNA,1,exact_current_genus_unique_family
Lidbrovirus,Steitzviridae,Timlovirales,ssRNA(+),1,exact_current_genus_unique_family
Lidtloavirus,Steitzviridae,Timlovirales,ssRNA(+),13,exact_current_genus_unique_family
Liebevirus,Casidaviridae,,dsDNA,2,exact_current_genus_unique_family
Lighthovirus,Fiersviridae,Norzivirales,ssRNA(+),2,exact_current_genus_unique_family
Lihdtlovirus,Fiersviridae,Norzivirales,ssRNA(+),1,exact_current_genus_unique_family
Lihtdlivirus,Fiersviridae,Norzivirales,ssRNA(+),4,exact_current_genus_unique_family
Lihvevirus,Steitzviridae,Timlovirales,ssRNA(+),1,exact_current_genus_unique_family
Lilbeanievirus,Stackebrandtviridae,,dsDNA,1,exact_current_genus_unique_family
Lilmacvirus,Berryhillviridae,,dsDNA,4,exact_current_genus_unique_family
Limaivirus,Steitzviridae,Timlovirales,ssRNA(+),2,exact_current_genus_unique_family
Limelightvirus,Autoscriptoviridae,Autographivirales,dsDNA,1,exact_current_genus_unique_family
Limestonevirus,Ackermannviridae,Pantevenvirales,dsDNA,2,exact_current_genus_unique_family
Limmatquaivirus,Zimmerviridae,,dsDNA,2,exact_current_genus_unique_family
Limnipivirus,Picornaviridae,Picornavirales,ssRNA(+),4,exact_current_genus_unique_family
Lincruvirus,Cruliviridae,Elliovirales,ssRNA(-),4,exact_current_genus_unique_family
Lindendrivevirus,Drexlerviridae,,dsDNA,1,exact_current_genus_unique_family
Lineavirus,Inoviridae,Tubulavirales,ssDNA(+),3,exact_current_genus_unique_family
Linggongvirus,Autoscriptoviridae,Autographivirales,dsDNA,1,exact_current_genus_unique_family
Lipsvirus,Kyanoviridae,Pantevenvirales,dsDNA,1,exact_current_genus_unique_family
Lipwuvirus,Steitzviridae,Timlovirales,ssRNA(+),1,exact_current_genus_unique_family
Lirnavirus,Blumeviridae,Timlovirales,ssRNA(+),1,exact_current_genus_unique_family
Litdlevirus,Fiersviridae,Norzivirales,ssRNA(+),2,exact_current_genus_unique_family
Litdlovirus,Steitzviridae,Timlovirales,ssRNA(+),2,exact_current_genus_unique_family
Litlevirus,Steitzviridae,Timlovirales,ssRNA(+),1,exact_current_genus_unique_family
Littlefixvirus,Schitoviridae,,dsDNA,2,exact_current_genus_unique_family
Litunavirus,Schitoviridae,,dsDNA,20,exact_current_genus_unique_family
Livupivirus,Picornaviridae,Picornavirales,ssRNA(+),1,exact_current_genus_unique_family
Livvievirus,Autolykiviridae,Vinavirales,dsDNA,1,exact_current_genus_unique_family
Loamavirus,Fiersviridae,Norzivirales,ssRNA(+),1,exact_current_genus_unique_family
Loanvirus,Hantaviridae,Elliovirales,ssRNA(-),2,exact_current_genus_unique_family
Lobdovirus,Atkinsviridae,Norzivirales,ssRNA(+),11,exact_current_genus_unique_family
Locarnavirus,Marnaviridae,Picornavirales,ssRNA(+),4,exact_current_genus_unique_family
Loebevirus,Filoviridae,Mononegavirales,ssRNA(-),1,exact_current_genus_unique_family
Loecwouvirus,Steitzviridae,Timlovirales,ssRNA(+),2,exact_current_genus_unique_family
Loessnervirus,Chaseviridae,,dsDNA,4,exact_current_genus_unique_family
Loghdhuvirus,Fiersviridae,Norzivirales,ssRNA(+),1,exact_current_genus_unique_family
Lohmavirus,Fiersviridae,Norzivirales,ssRNA(+),1,exact_current_genus_unique_family
Lohngkovirus,Fiersviridae,Norzivirales,ssRNA(+),18,exact_current_genus_unique_family
Lohwevirus,Fiersviridae,Norzivirales,ssRNA(+),1,exact_current_genus_unique_family
Lohwivirus,Steitzviridae,Timlovirales,ssRNA(+),15,exact_current_genus_unique_family
Lohwovirus,Fiersviridae,Norzivirales,ssRNA(+),1,exact_current_genus_unique_family
Loimivirus,Steitzviridae,Timlovirales,ssRNA(+),1,exact_current_genus_unique_family
Lolavirus,Alphaflexiviridae,Tymovirales,ssRNA(+),1,exact_current_genus_unique_family
Lomnativirus,Steitzviridae,Timlovirales,ssRNA(+),1,exact_current_genus_unique_family
Lomovskayavirus,Colingsworthviridae,,dsDNA,3,exact_current_genus_unique_family
Lonfivirus,Shortaselviridae,Kirjokansivirales,dsDNA,1,exact_current_genus_unique_family
Longmavirus,Fiersviridae,Norzivirales,ssRNA(+),6,exact_current_genus_unique_family
Longovirus,Fiersviridae,Norzivirales,ssRNA(+),12,exact_current_genus_unique_family
Longwangvirus,Chaseviridae,,dsDNA,2,exact_current_genus_unique_family
Longwoodvirus,Peduoviridae,,dsDNA,1,exact_current_genus_unique_family
Lophivirus,Inoviridae,Tubulavirales,ssDNA(+/-),4,exact_current_genus_unique_family
Loptevirus,Steitzviridae,Timlovirales,ssRNA(+),9,exact_current_genus_unique_family
Loriparvovirus,Parvoviridae,Piccovirales,ssDNA,1,exact_current_genus_unique_family
Losannavirus,Marseilleviridae,Pimascovirales,dsDNA,2,exact_current_genus_unique_family
Loslovirus,Fiersviridae,Norzivirales,ssRNA(+),1,exact_current_genus_unique_family
Lostrhavirus,Rhabdoviridae,Mononegavirales,ssRNA(-),3,exact_current_genus_unique_family
Loudonvirus,Drexlerviridae,,dsDNA,2,exact_current_genus_unique_family
Lowelvirus,Kyanoviridae,Pantevenvirales,dsDNA,1,exact_current_genus_unique_family
Lowerquvirus,Fiersviridae,Norzivirales,ssRNA(+),1,exact_current_genus_unique_family
Lowsuvirus,Fiersviridae,Norzivirales,ssRNA(+),8,exact_current_genus_unique_family
Loxlovirus,Fiersviridae,Norzivirales,ssRNA(+),1,exact_current_genus_unique_family
Lubinvirus,Buchnerviridae,,dsDNA,1,exact_current_genus_unique_family
Ludhianavirus,Chimalliviridae,,dsDNA,3,exact_current_genus_unique_family
Ludisvirus,Ludisviridae,,dsDNA,1,exact_current_genus_unique_family
Ludopivirus,Picornaviridae,Picornavirales,ssRNA(+),1,exact_current_genus_unique_family
Ludtlevirus,Fiersviridae,Norzivirales,ssRNA(+),1,exact_current_genus_unique_family
Ludtlovirus,Fiersviridae,Norzivirales,ssRNA(+),1,exact_current_genus_unique_family
Ludtovirus,Fiersviridae,Norzivirales,ssRNA(+),6,exact_current_genus_unique_family
Lughthovirus,Steitzviridae,Timlovirales,ssRNA(+),11,exact_current_genus_unique_family
Luhtdivirus,Steitzviridae,Timlovirales,ssRNA(+),1,exact_current_genus_unique_family
Luinilvirus,Kirkoviridae,Rohanvirales,ssDNA(+/-),1,exact_current_genus_unique_family
Lullwatervirus,Autonotataviridae,Autographivirales,dsDNA,2,exact_current_genus_unique_family
Lumosvirus,Vilmaviridae,,dsDNA,4,exact_current_genus_unique_family
Lumovirus,Geplanaviridae,Geplafuvirales,ssDNA(+/-),1,exact_current_genus_unique_family
Lundtoftevirus,Grimontviridae,,dsDNA,1,exact_current_genus_unique_family
Lunjlavirus,Fiersviridae,Norzivirales,ssRNA(+),1,exact_current_genus_unique_family
Lunjuvirus,Solspiviridae,Norzivirales,ssRNA(+),1,exact_current_genus_unique_family
Luteovirus,Tombusviridae,Tolivirales,ssRNA(+),14,exact_current_genus_unique_family
Luthavirus,Fiersviridae,Norzivirales,ssRNA(+),11,exact_current_genus_unique_family
Lutzvirus,Lutzviridae,,dsDNA,1,exact_current_genus_unique_family
Luwerquvirus,Steitzviridae,Timlovirales,ssRNA(+),1,exact_current_genus_unique_family
Luzseptimavirus,Schitoviridae,,dsDNA,2,exact_current_genus_unique_family
Lyctovirus,Tobaniviridae,Nidovirales,ssRNA(+),2,exact_current_genus_unique_family
Lyejrivirus,Fiersviridae,Norzivirales,ssRNA(+),8,exact_current_genus_unique_family
Lymphocryptovirus,Orthoherpesviridae,Herpesvirales,dsDNA,9,exact_current_genus_unique_family
Lymphocystivirus,Iridoviridae,Pimascovirales,dsDNA,4,exact_current_genus_unique_family
Lyssavirus,Rhabdoviridae,Mononegavirales,ssRNA(-),19,exact_current_genus_unique_family
Maaswegvirus,Chimalliviridae,,dsDNA,2,exact_current_genus_unique_family
Mabodamacavirus,Casidaviridae,,dsDNA,1,exact_current_genus_unique_family
Macanavirus,Tombusviridae,Tolivirales,ssRNA(+),1,exact_current_genus_unique_family
Macariavirus,Kyanoviridae,Pantevenvirales,dsDNA,1,exact_current_genus_unique_family
Macavirus,Orthoherpesviridae,Herpesvirales,dsDNA,9,exact_current_genus_unique_family
Machinavirus,Chimalliviridae,,dsDNA,1,exact_current_genus_unique_family
Machlomovirus,Tombusviridae,Tolivirales,ssRNA(+),2,exact_current_genus_unique_family
Macluravirus,Potyviridae,Patatavirales,ssRNA(+),12,exact_current_genus_unique_family
Macochavirus,Pecoviridae,Ringavirales,ssDNA(+/-),2,exact_current_genus_unique_family
Macronovirus,Sarthroviridae,Tombendovirales,ssRNA(+),1,exact_current_genus_unique_family
Macropopoxvirus,Poxviridae,Chitovirales,dsDNA,2,exact_current_genus_unique_family
Maculavirus,Tymoviridae,Tymovirales,ssRNA(+),1,exact_current_genus_unique_family
Maculvirus,Autoscriptoviridae,Autographivirales,dsDNA,17,exact_current_genus_unique_family
Madalivirus,Xinmoviridae,Mononegavirales,ssRNA(-),2,exact_current_genus_unique_family
Madisduvirus,Atkinsviridae,Norzivirales,ssRNA(+),1,exact_current_genus_unique_family
Madkivirus,Steigviridae,Crassvirales,dsDNA,2,exact_current_genus_unique_family
Magoulivirus,Botourmiaviridae,Ourlivirales,ssRNA(+),43,exact_current_genus_unique_family
Mahdsavirus,Steitzviridae,Timlovirales,ssRNA(+),1,exact_current_genus_unique_family
Mahlunavirus,Steigviridae,Crassvirales,dsDNA,1,exact_current_genus_unique_family
Mahqeavirus,Fiersviridae,Norzivirales,ssRNA(+),6,exact_current_genus_unique_family
Mahraivirus,Fiersviridae,Norzivirales,ssRNA(+),1,exact_current_genus_unique_family
Mahrtovirus,Fiersviridae,Norzivirales,ssRNA(+),3,exact_current_genus_unique_family
Mahshuvirus,Solspiviridae,Norzivirales,ssRNA(+),1,exact_current_genus_unique_family
Mahstovirus,Steigviridae,Crassvirales,dsDNA,1,exact_current_genus_unique_family
Makaravirus,Kyanoviridae,Pantevenvirales,dsDNA,1,exact_current_genus_unique_family
Makelovirus,Kyanoviridae,Pantevenvirales,dsDNA,1,exact_current_genus_unique_family
Maklayavirus,Autotranscriptaviridae,Autographivirales,dsDNA,1,exact_current_genus_unique_family
Malagasivirus,Picornaviridae,Picornavirales,ssRNA(+),2,exact_current_genus_unique_family
Maldovirus,Geminiviridae,Geplafuvirales,ssDNA(+/-),3,exact_current_genus_unique_family
Malificivirus,Draupnirviridae,Jormunvirales,ssDNA(+/-),1,exact_current_genus_unique_family
Mallornivirus,Naryaviridae,Rivendellvirales,ssDNA(+/-),1,exact_current_genus_unique_family
Mallosvirus,Mesyanzhinovviridae,,dsDNA,1,exact_current_genus_unique_family
Maltophvirus,Autonotataviridae,Autographivirales,dsDNA,1,exact_current_genus_unique_family
Maltschvirus,Peduoviridae,,dsDNA,1,exact_current_genus_unique_family
Mamastrovirus,Astroviridae,Stellavirales,ssRNA(+),27,exact_current_genus_unique_family
Mammarenavirus,Arenaviridae,Hareavirales,ssRNA(+/-); ssRNA(-),53,exact_current_genus_unique_family
Manannanvirus,Schitoviridae,,dsDNA,1,exact_current_genus_unique_family
Manawavirus,Anicreviridae,Mulpavirales,ssDNA(+/-),1,exact_current_genus_unique_family
Manhattanvirus,Casidaviridae,,dsDNA,7,exact_current_genus_unique_family
Manrohovirus,Fiersviridae,Norzivirales,ssRNA(+),1,exact_current_genus_unique_family
Manticavirus,Orthoherpesviridae,Herpesvirales,dsDNA,2,exact_current_genus_unique_family
Mantiovirus,Ouroboviridae,Gredzevirales,ssDNA(+/-),2,exact_current_genus_unique_family
Manusuvirus,Usuviridae,Methanobavirales,dsDNA,1,exact_current_genus_unique_family
Marafivirus,Tymoviridae,Tymovirales,ssRNA(+),12,exact_current_genus_unique_family
Marchewkavirus,Jeanschmidtviridae,,dsDNA,3,exact_current_genus_unique_family
Mardivirus,Orthoherpesviridae,Herpesvirales,dsDNA,6,exact_current_genus_unique_family
Marefusivirus,Nipumfusiviridae,,dsDNA,5,exact_current_genus_unique_family
Margaeryvirus,Hodgkinviridae,,dsDNA,2,exact_current_genus_unique_family
Margarhavirus,Rhabdoviridae,Mononegavirales,ssRNA(-),1,exact_current_genus_unique_family
Marnavirus,Marnaviridae,Picornavirales,ssRNA(+),1,exact_current_genus_unique_family
Marseillevirus,Marseilleviridae,Pimascovirales,dsDNA,2,exact_current_genus_unique_family
Marskhivirus,Blumeviridae,Timlovirales,ssRNA(+),1,exact_current_genus_unique_family
Marsupivirus,Picornaviridae,Picornavirales,ssRNA(+),1,exact_current_genus_unique_family
Martavirus,Fiersviridae,Norzivirales,ssRNA(+),1,exact_current_genus_unique_family
Marthavirus,Berryhillviridae,,dsDNA,4,exact_current_genus_unique_family
Martovirus,Fiersviridae,Norzivirales,ssRNA(+),1,exact_current_genus_unique_family
Mastadenovirus,Adenoviridae,Rowavirales,dsDNA,79,exact_current_genus_unique_family
Mastrevirus,Geminiviridae,Geplafuvirales,ssDNA(+/-),55,exact_current_genus_unique_family
Matervirus,Herelleviridae,,dsDNA,1,exact_current_genus_unique_family
Mathaucavirus,Yangangviridae,Juravirales,dsDNA,1,exact_current_genus_unique_family
Matsuvirus,Schitoviridae,,dsDNA,1,exact_current_genus_unique_family
Mavirus,Maviroviridae,Lavidavirales,dsDNA,1,exact_current_genus_unique_family
Maxdohrnvirus,Casjensviridae,,dsDNA,1,exact_current_genus_unique_family
Maxstovirus,Fiersviridae,Norzivirales,ssRNA(+),3,exact_current_genus_unique_family
Mazarbulvirus,Nenyaviridae,Rohanvirales,ssDNA(+),1,exact_current_genus_unique_family
Mazuvirus,Kyanoviridae,Pantevenvirales,dsDNA,1,exact_current_genus_unique_family
Meadowvirus,Chimalliviridae,,dsDNA,1,exact_current_genus_unique_family
Meandervirus,Inoviridae,Tubulavirales,ssDNA(+),2,exact_current_genus_unique_family
Meblowovirus,Fiersviridae,Norzivirales,ssRNA(+),1,exact_current_genus_unique_family
Mechlorovirus,Phenuiviridae,Hareavirales,ssRNA(-); ssRNA(+/-),2,exact_current_genus_unique_family
Medusavirus,Mamonoviridae,,dsDNA,2,exact_current_genus_unique_family
Megabirnavirus,Megabirnaviridae,Ghabrivirales,dsRNA,5,exact_current_genus_unique_family
Megalocytivirus,Iridoviridae,Pimascovirales,dsDNA,2,exact_current_genus_unique_family
Meganvirus,Hodgkinviridae,,dsDNA,2,exact_current_genus_unique_family
Megatotivirus,Megatotiviridae,Ghabrivirales,dsRNA,2,exact_current_genus_unique_family
Megavirus,Mimiviridae,Imitervirales,dsDNA,4,exact_current_genus_unique_family
Megrivirus,Picornaviridae,Picornavirales,ssRNA(+),5,exact_current_genus_unique_family
Mehraxmevirus,Fiersviridae,Norzivirales,ssRNA(+),6,exact_current_genus_unique_family
Mehrevirus,Fiersviridae,Norzivirales,ssRNA(+),1,exact_current_genus_unique_family
Mekintivirus,Fiersviridae,Norzivirales,ssRNA(+),1,exact_current_genus_unique_family
Melianvirus,Kirkoviridae,Rohanvirales,ssDNA(+/-),3,exact_current_genus_unique_family
Meliavirus,Gandrviridae,Gredzevirales,ssDNA(+/-),1,exact_current_genus_unique_family
Mellcarnivirus,Betagokushoviridae,Gokushovirales,ssDNA(+),1,exact_current_genus_unique_family
Melllinguisvirus,Betagokushoviridae,Gokushovirales,ssDNA(+),1,exact_current_genus_unique_family
Melvirus,Zobellviridae,,dsDNA,2,exact_current_genus_unique_family
Mementomorivirus,Hodgkinviridae,,dsDNA,4,exact_current_genus_unique_family
Memtorquevirus,Anelloviridae,Sanitavirales,ssDNA(-),3,exact_current_genus_unique_family
Menegrothvirus,Naryaviridae,Rivendellvirales,ssDNA(+/-),1,exact_current_genus_unique_family
Menthavirus,Closteroviridae,Martellivirales,ssRNA(+),1,exact_current_genus_unique_family
Merhavirus,Rhabdoviridae,Mononegavirales,ssRNA(-),8,exact_current_genus_unique_family
Merivirus,Corticoviridae,Vinavirales,dsDNA,2,exact_current_genus_unique_family
Merlclivirus,Steitzviridae,Timlovirales,ssRNA(+),1,exact_current_genus_unique_family
Merlkluvirus,Fiersviridae,Norzivirales,ssRNA(+),2,exact_current_genus_unique_family
Mersevirus,Secoviridae,Picornavirales,ssRNA(+),4,exact_current_genus_unique_family
Mersinvirus,Peduoviridae,,dsDNA,1,exact_current_genus_unique_family
Mertavirus,Steitzviridae,Timlovirales,ssRNA(+),1,exact_current_genus_unique_family
Metaavulavirus,Paramyxoviridae,Mononegavirales,ssRNA(-),14,exact_current_genus_unique_family
Metahepadnavirus,Hepadnaviridae,Blubervirales,dsDNA-RT,1,exact_current_genus_unique_family
Metamorphoovirus,Hodgkinviridae,,dsDNA,7,exact_current_genus_unique_family
Metapneumovirus,Pneumoviridae,Mononegavirales,ssRNA(-),2,exact_current_genus_unique_family
Metavirus,Metaviridae,Ortervirales,ssRNA-RT,21,exact_current_genus_unique_family
Metforvirus,Anaerodiviridae,Methanobavirales,dsDNA,1,exact_current_genus_unique_family
Methovirus,Fiersviridae,Norzivirales,ssRNA(+),1,exact_current_genus_unique_family
Metsavirus,Steitzviridae,Timlovirales,ssRNA(+),1,exact_current_genus_unique_family
Mexirudivirus,Rudiviridae,Ligamenvirales,dsDNA,1,exact_current_genus_unique_family
Mguuvirus,Autonotataviridae,Autographivirales,dsDNA,1,exact_current_genus_unique_family
Miamivirus,Chimalliviridae,,dsDNA,1,exact_current_genus_unique_family
Micantvirus,Autoscriptoviridae,Autographivirales,dsDNA,2,exact_current_genus_unique_family
Micisonovirus,Occultatumviridae,Secretvirales,ssDNA(+),1,exact_current_genus_unique_family
Microsonovirus,Chicoviridae,Secretvirales,ssDNA(+),1,exact_current_genus_unique_family
Mifoctavirus,Schitoviridae,,dsDNA,1,exact_current_genus_unique_family
Mihkrovirus,Fiersviridae,Norzivirales,ssRNA(+),39,exact_current_genus_unique_family
Miklukhovirus,Hirszfeldviridae,,dsDNA,1,exact_current_genus_unique_family
Milaagivirus,Nanopleoviridae,Haloruvirales,dsDNA,1,exact_current_genus_unique_family
Mildendovirus,Lilliviridae,,dsDNA,1,exact_current_genus_unique_family
Miltoncavirus,Chimalliviridae,,dsDNA,1,exact_current_genus_unique_family
Miltonvirus,Ackermannviridae,Pantevenvirales,dsDNA,2,exact_current_genus_unique_family
Milvetsatellite,Alphasatellitidae,,ssDNA(+),1,exact_current_genus_unique_family
Mimivirus,Mimiviridae,Imitervirales,dsDNA,2,exact_current_genus_unique_family
Mimoreovirus,Sedoreoviridae,Reovirales,dsRNA,1,exact_current_genus_unique_family
Mincapvirus,Hafunaviridae,Thumleimavirales,dsDNA,1,exact_current_genus_unique_family
Mincetevirus,Fiersviridae,Norzivirales,ssRNA(+),2,exact_current_genus_unique_family
Mingyongvirus,Salasmaviridae,,dsDNA,1,exact_current_genus_unique_family
Minhovirus,Rountreeviridae,,dsDNA,2,exact_current_genus_unique_family
Miniambidensovirus,Parvoviridae,Piccovirales,ssDNA(+/-),1,exact_current_genus_unique_family
Minimarinivirus,Mazaviridae,Amoyvirales,ssDNA(+),1,exact_current_genus_unique_family
Minipunavirus,Autotranscriptaviridae,Autographivirales,dsDNA,3,exact_current_genus_unique_family
Minnosuevirus,Betagokushoviridae,Gokushovirales,ssDNA(+),1,exact_current_genus_unique_family
Minnowtisvirus,Betagokushoviridae,Gokushovirales,ssDNA(+),1,exact_current_genus_unique_family
Minorvirus,Hafunaviridae,Thumleimavirales,dsDNA,1,exact_current_genus_unique_family
Minovirus,Caliciviridae,Picornavirales,ssRNA(+),1,exact_current_genus_unique_family
Minsuevirus,Betagokushoviridae,Gokushovirales,ssDNA(+),1,exact_current_genus_unique_family
Mintinovirus,Solspiviridae,Norzivirales,ssRNA(+),2,exact_current_genus_unique_family
Mintuvirus,Fiersviridae,Norzivirales,ssRNA(+),6,exact_current_genus_unique_family
Minusuvirus,Steitzviridae,Timlovirales,ssRNA(+),3,exact_current_genus_unique_family
Miraophiovirus,Aspiviridae,Naedrevirales,ssRNA(-); ssRNA(-); ssRNA(+/-),13,exact_current_genus_unique_family
Mirkivirus,Naryaviridae,Rivendellvirales,ssDNA(+/-),1,exact_current_genus_unique_family
Mischivirus,Picornaviridae,Picornavirales,ssRNA(+),5,exact_current_genus_unique_family
Mitdiwavirus,Atkinsviridae,Norzivirales,ssRNA(+),7,exact_current_genus_unique_family
Mithrilvirus,Nenyaviridae,Rohanvirales,ssDNA(+),1,exact_current_genus_unique_family
Mivedwarsatellite,Alphasatellitidae,,ssDNA(+),7,exact_current_genus_unique_family
Mivirus,Chuviridae,Jingchuvirales,ssRNA(-),10,exact_current_genus_unique_family
Mixstovirus,Steitzviridae,Timlovirales,ssRNA(+),3,exact_current_genus_unique_family
Moabitevirus,Chimalliviridae,,dsDNA,2,exact_current_genus_unique_family
Moazamivirus,Grimontviridae,,dsDNA,2,exact_current_genus_unique_family
Mobatvirus,Hantaviridae,Elliovirales,ssRNA(-),7,exact_current_genus_unique_family
Mobuvirus,Phenuiviridae,Hareavirales,ssRNA(-),14,exact_current_genus_unique_family
Mocruvirus,Steitzviridae,Timlovirales,ssRNA(+),3,exact_current_genus_unique_family
Mohgevirus,Groupodiviridae,Gokushovirales,ssDNA(+),1,exact_current_genus_unique_family
Mohredovirus,Fiersviridae,Norzivirales,ssRNA(+),1,exact_current_genus_unique_family
Mohrtavirus,Steitzviridae,Timlovirales,ssRNA(+),1,exact_current_genus_unique_family
Moineauvirus,Aliceevansviridae,,dsDNA,81,exact_current_genus_unique_family
Mojovirus,Autoscriptoviridae,Autographivirales,dsDNA,1,exact_current_genus_unique_family
Molauvirus,Xinmoviridae,Mononegavirales,ssRNA(-),1,exact_current_genus_unique_family
Molcatevirus,Fiersviridae,Norzivirales,ssRNA(+),2,exact_current_genus_unique_family
Molluscipoxvirus,Poxviridae,Chitovirales,dsDNA,1,exact_current_genus_unique_family
Mollyvirus,Molycolviridae,,dsDNA,2,exact_current_genus_unique_family
Moloevirus,Atkinsviridae,Norzivirales,ssRNA(+),1,exact_current_genus_unique_family
Molucevirus,Steitzviridae,Timlovirales,ssRNA(+),8,exact_current_genus_unique_family
Molvevirus,Fiersviridae,Norzivirales,ssRNA(+),1,exact_current_genus_unique_family
Monekavirus,Atkinsviridae,Norzivirales,ssRNA(+),1,exact_current_genus_unique_family
Monkskivirus,Fiersviridae,Norzivirales,ssRNA(+),2,exact_current_genus_unique_family
Monocitivirus,Monocitiviridae,Ghabrivirales,dsRNA,1,exact_current_genus_unique_family
Mooglevirus,Andersonviridae,,dsDNA,18,exact_current_genus_unique_family
Moonbeamvirus,Herelleviridae,,dsDNA,1,exact_current_genus_unique_family
Moonvirus,Straboviridae,Pantevenvirales,dsDNA,4,exact_current_genus_unique_family
Mooreparkvirus,Herelleviridae,,dsDNA,1,exact_current_genus_unique_family
Moovirus,Schitoviridae,,dsDNA,1,exact_current_genus_unique_family
Morbillivirus,Paramyxoviridae,Mononegavirales,ssRNA(-),10,exact_current_genus_unique_family
Mordaxivirus,Draupnirviridae,Jormunvirales,ssDNA(+/-),1,exact_current_genus_unique_family
Moriavirus,Adamaviridae,Rohanvirales,ssDNA(+/-),2,exact_current_genus_unique_family
Moriyavirus,Umezonoviridae,,dsDNA,10,exact_current_genus_unique_family
Morpovirus,Madisaviridae,,dsDNA,1,exact_current_genus_unique_family
Morrisvirus,Saffermanviridae,,dsDNA,3,exact_current_genus_unique_family
Morsusvirus,Chuviridae,Jingchuvirales,ssRNA(-),1,exact_current_genus_unique_family
Mosavirus,Picornaviridae,Picornavirales,ssRNA(+),2,exact_current_genus_unique_family
Mosigvirus,Straboviridae,Pantevenvirales,dsDNA,16,exact_current_genus_unique_family
Mosugukvirus,Straboviridae,Pantevenvirales,dsDNA,1,exact_current_genus_unique_family
Moumouvirus,Mimiviridae,Imitervirales,dsDNA,5,exact_current_genus_unique_family
Mousrhavirus,Rhabdoviridae,Mononegavirales,ssRNA(-),1,exact_current_genus_unique_family
Moxhuvirus,Fiersviridae,Norzivirales,ssRNA(+),1,exact_current_genus_unique_family
Muarterivirus,Arteriviridae,Nidovirales,ssRNA(+),1,exact_current_genus_unique_family
Mukerjeevirus,Schitoviridae,,dsDNA,4,exact_current_genus_unique_family
Mulcrilevirus,Geminiviridae,Geplafuvirales,ssDNA(+/-),2,exact_current_genus_unique_family
Multimycovirus,Polymycoviridae,Xenadelphovirales,dsRNA,17,exact_current_genus_unique_family
Mupapillomavirus,Papillomaviridae,Zurhausenvirales,dsDNA,3,exact_current_genus_unique_family
Mupivirus,Picornaviridae,Picornavirales,ssRNA(+),1,exact_current_genus_unique_family
Murciavirus,Autosignataviridae,Autographivirales,dsDNA,1,exact_current_genus_unique_family
Muromegalovirus,Orthoherpesviridae,Herpesvirales,dsDNA,3,exact_current_genus_unique_family
Muscarsatellite,Alphasatellitidae,,ssDNA(+),3,exact_current_genus_unique_family
Muscavirus,Hytrosaviridae,Lefavirales,dsDNA,1,exact_current_genus_unique_family
Muscodensovirus,Parvoviridae,Piccovirales,ssDNA,2,exact_current_genus_unique_family
Mustelpoxvirus,Poxviridae,Chitovirales,dsDNA,1,exact_current_genus_unique_family
Mutledovirus,Fiersviridae,Norzivirales,ssRNA(+),4,exact_current_genus_unique_family
Mutorquevirus,Anelloviridae,Sanitavirales,ssDNA(-),2,exact_current_genus_unique_family
Muyegivirus,Fiersviridae,Norzivirales,ssRNA(+),1,exact_current_genus_unique_family
Mycoflexivirus,Gammaflexiviridae,Tymovirales,ssRNA(+),1,exact_current_genus_unique_family
Mycoreovirus,Spinareoviridae,Reovirales,dsRNA,3,exact_current_genus_unique_family
Myducvirus,Chaseviridae,,dsDNA,1,exact_current_genus_unique_family
Mykissvirus,Orthomyxoviridae,Articulavirales,ssRNA(-),1,exact_current_genus_unique_family
Mylasvirus,Straboviridae,Pantevenvirales,dsDNA,1,exact_current_genus_unique_family
Myohalovirus,Vertoviridae,,dsDNA,2,exact_current_genus_unique_family
Myosmarvirus,Lindbergviridae,,dsDNA,4,exact_current_genus_unique_family
Myriavirus,Myriaviridae,Jingchuvirales,ssRNA(-),1,exact_current_genus_unique_family
Myrropivirus,Picornaviridae,Picornavirales,ssRNA(+),1,exact_current_genus_unique_family
Myunavirus,Demerecviridae,,dsDNA,1,exact_current_genus_unique_family
Nacbunavirus,Schitoviridae,,dsDNA,1,exact_current_genus_unique_family
Nacovirus,Caliciviridae,Picornavirales,ssRNA(+),1,exact_current_genus_unique_family
Nadirvirus,Kairosviridae,Methanobavirales,dsDNA,1,exact_current_genus_unique_family
Nadsecevirus,Fiersviridae,Norzivirales,ssRNA(+),1,exact_current_genus_unique_family
Naesvirus,Anamaviridae,,dsDNA,4,exact_current_genus_unique_family
Nahantvirus,Schitoviridae,,dsDNA,1,exact_current_genus_unique_family
Naiadivirus,Ouroboviridae,Gredzevirales,ssDNA(+/-),3,exact_current_genus_unique_family
Nairobivirus,Ehrlichviridae,,dsDNA,1,exact_current_genus_unique_family
Nakavirus,Felixviridae,,dsDNA,1,exact_current_genus_unique_family
Namakavirus,Kyanoviridae,Pantevenvirales,dsDNA,1,exact_current_genus_unique_family
Namikivirus,Umezonoviridae,,dsDNA,45,exact_current_genus_unique_family
Nampongvirus,Peduoviridae,,dsDNA,1,exact_current_genus_unique_family
Naneatavirus,Fiersviridae,Norzivirales,ssRNA(+),1,exact_current_genus_unique_family
Nanhuvirus,Straboviridae,Pantevenvirales,dsDNA,1,exact_current_genus_unique_family
Nankokuvirus,Vandenendeviridae,,dsDNA,5,exact_current_genus_unique_family
Nanosedivirus,Osikeviridae,Reekeekeevirales,ssDNA(+),1,exact_current_genus_unique_family
Nanosmitevirus,Vilmaviridae,,dsDNA,1,exact_current_genus_unique_family
Nanovirus,Nanoviridae,Mulpavirales,ssDNA(+),12,exact_current_genus_unique_family
Napahaivirus,Autonotataviridae,Autographivirales,dsDNA,1,exact_current_genus_unique_family
Napdanuvirus,Fiersviridae,Norzivirales,ssRNA(+),1,exact_current_genus_unique_family
Narmovirus,Paramyxoviridae,Mononegavirales,ssRNA(-),6,exact_current_genus_unique_family
Narnavirus,Narnaviridae,Wolframvirales,ssRNA(+),2,exact_current_genus_unique_family
Nasenivirus,Mesoniviridae,Nidovirales,ssRNA(+),1,exact_current_genus_unique_family
Natansvirus,Autoscriptoviridae,Autographivirales,dsDNA,1,exact_current_genus_unique_family
Nauglamirvirus,Naryaviridae,Rivendellvirales,ssDNA(+/-),1,exact_current_genus_unique_family
Nazgulvirus,Casjensviridae,,dsDNA,1,exact_current_genus_unique_family
Nebovirus,Caliciviridae,Picornavirales,ssRNA(+),1,exact_current_genus_unique_family
Nedhivirus,Fiersviridae,Norzivirales,ssRNA(+),1,exact_current_genus_unique_family
Negarvirus,Rountreeviridae,,dsDNA,1,exact_current_genus_unique_family
Nehpavirus,Blumeviridae,Timlovirales,ssRNA(+),1,exact_current_genus_unique_family
Nehumivirus,Steitzviridae,Timlovirales,ssRNA(+),6,exact_current_genus_unique_family
Nehwbovirus,Steitzviridae,Timlovirales,ssRNA(+),1,exact_current_genus_unique_family
Nehwtovirus,Fiersviridae,Norzivirales,ssRNA(+),6,exact_current_genus_unique_family
Nekkelsvirus,Assiduviridae,,dsDNA,1,exact_current_genus_unique_family
Nematovirus,Lispiviridae,Mononegavirales,ssRNA(-),1,exact_current_genus_unique_family
Nepovirus,Secoviridae,Picornavirales,ssRNA(+),78,exact_current_genus_unique_family
Neptunevirus,Kyanoviridae,Pantevenvirales,dsDNA,2,exact_current_genus_unique_family
Neratovirus,Atkinsviridae,Norzivirales,ssRNA(+),1,exact_current_genus_unique_family
Nereusvirus,Kyanoviridae,Pantevenvirales,dsDNA,2,exact_current_genus_unique_family
Neritesvirus,Kyanoviridae,Pantevenvirales,dsDNA,1,exact_current_genus_unique_family
Nerrivikvirus,Kyanoviridae,Pantevenvirales,dsDNA,1,exact_current_genus_unique_family
Nerthusvirus,Autosignataviridae,Autographivirales,dsDNA,4,exact_current_genus_unique_family
Nervillivirus,Draupnirviridae,Jormunvirales,ssDNA(+/-),1,exact_current_genus_unique_family
Nesevirus,Zimmerviridae,,dsDNA,2,exact_current_genus_unique_family
Nessavirus,Kirkoviridae,Rohanvirales,ssDNA(+/-),1,exact_current_genus_unique_family
Nethevirus,Steitzviridae,Timlovirales,ssRNA(+),1,exact_current_genus_unique_family
Newbovirus,Fiersviridae,Norzivirales,ssRNA(+),2,exact_current_genus_unique_family
Newforgelanevirus,Casjensviridae,,dsDNA,1,exact_current_genus_unique_family
Newpuvirus,Fiersviridae,Norzivirales,ssRNA(+),1,exact_current_genus_unique_family
Nezavisimistyvirus,Ackermannviridae,Pantevenvirales,dsDNA,2,exact_current_genus_unique_family
Niankuvirus,Fiersviridae,Norzivirales,ssRNA(+),1,exact_current_genus_unique_family
Nicoomyvirus,Oomyviridae,Lineavirales,ssDNA,16,exact_current_genus_unique_family
Nieuwekanaalvirus,Mtkvariviridae,,dsDNA,2,exact_current_genus_unique_family
Nigecruvirus,Chuviridae,Jingchuvirales,ssRNA(-),2,exact_current_genus_unique_family
Niginuvirus,Atkinsviridae,Norzivirales,ssRNA(+),1,exact_current_genus_unique_family
Nigolovirus,Inoviridae,Tubulavirales,ssDNA(+),1,exact_current_genus_unique_family
Nilusvirus,Kyanoviridae,Pantevenvirales,dsDNA,1,exact_current_genus_unique_family
Nimanivirus,Roniviridae,Nidovirales,ssRNA(+),1,exact_current_genus_unique_family
Nimduovirus,Chimalliviridae,,dsDNA,1,exact_current_genus_unique_family
Nimlovirus,Adamaviridae,Rohanvirales,ssDNA(+/-),1,exact_current_genus_unique_family
Nimphelosvirus,Naryaviridae,Rivendellvirales,ssDNA(+),2,exact_current_genus_unique_family
Ningirsuvirus,Autotranscriptaviridae,Autographivirales,dsDNA,7,exact_current_genus_unique_family
Ninurtavirus,Kanorauviridae,Saturnivirales,ssDNA(+/-),24,exact_current_genus_unique_family
Nitmarvirus,Thaspiviridae,,dsDNA,1,exact_current_genus_unique_family
Nitunavirus,Herelleviridae,,dsDNA,3,exact_current_genus_unique_family
Niuhvovirus,Fiersviridae,Norzivirales,ssRNA(+),2,exact_current_genus_unique_family
Niwnhavirus,Fiersviridae,Norzivirales,ssRNA(+),1,exact_current_genus_unique_family
Niwtovirus,Fiersviridae,Norzivirales,ssRNA(+),1,exact_current_genus_unique_family
Niwtuvirus,Blumeviridae,Timlovirales,ssRNA(+),4,exact_current_genus_unique_family
Nixvirus,Nixviridae,,dsDNA,1,exact_current_genus_unique_family
Njordvirus,Autosignataviridae,Autographivirales,dsDNA,1,exact_current_genus_unique_family
Noahvirus,Naomviridae,,dsDNA,1,exact_current_genus_unique_family
Nocentianivirus,Draupnirviridae,Jormunvirales,ssDNA(+/-),1,exact_current_genus_unique_family
Nodensvirus,Kyanoviridae,Pantevenvirales,dsDNA,1,exact_current_genus_unique_family
Nohelivirus,Yangangviridae,Juravirales,dsDNA,1,exact_current_genus_unique_family
Nohmivirus,Fiersviridae,Norzivirales,ssRNA(+),4,exact_current_genus_unique_family
Nohrdovirus,Fiersviridae,Norzivirales,ssRNA(+),5,exact_current_genus_unique_family
Norovirus,Caliciviridae,Picornavirales,ssRNA(+),1,exact_current_genus_unique_family
Northevirus,Fiersviridae,Norzivirales,ssRNA(+),3,exact_current_genus_unique_family
Norwavirus,Nairoviridae,Hareavirales,ssRNA(-),2,exact_current_genus_unique_family
Nosocomialisvirus,Hirszfeldviridae,,dsDNA,2,exact_current_genus_unique_family
Nouzillyvirus,Drexlerviridae,,dsDNA,1,exact_current_genus_unique_family
Novemvirus,Peduoviridae,,dsDNA,1,exact_current_genus_unique_family
Novirhabdovirus,Rhabdoviridae,Mononegavirales,ssRNA(-),5,exact_current_genus_unique_family
Novosibovirus,Autoscriptoviridae,Autographivirales,dsDNA,5,exact_current_genus_unique_family
Novosibvirus,Demerecviridae,,dsDNA,2,exact_current_genus_unique_family
Noxifervirus,Chimalliviridae,,dsDNA,1,exact_current_genus_unique_family
Nuarterivirus,Arteriviridae,Nidovirales,ssRNA(+),1,exact_current_genus_unique_family
Nuhnehevirus,Steitzviridae,Timlovirales,ssRNA(+),2,exact_current_genus_unique_family
Nupapillomavirus,Papillomaviridae,Zurhausenvirales,dsDNA,1,exact_current_genus_unique_family
Nurnegvirus,Xinmoviridae,Mononegavirales,ssRNA(-),1,exact_current_genus_unique_family
Nurnevirus,Adamaviridae,Rohanvirales,ssDNA(+/-),1,exact_current_genus_unique_family
Nutorquevirus,Anelloviridae,Sanitavirales,ssDNA(-),1,exact_current_genus_unique_family
Nyavirus,Nyamiviridae,Mononegavirales,ssRNA(-),7,exact_current_genus_unique_family
Nyfulvavirus,Solinviviridae,Picornavirales,ssRNA(+),1,exact_current_genus_unique_family
Oblavirus,Filoviridae,Mononegavirales,ssRNA(-),1,exact_current_genus_unique_family
Oblivivirus,Geplanaviridae,Geplafuvirales,ssDNA(+/-),1,exact_current_genus_unique_family
Obolenskvirus,Hirszfeldviridae,,dsDNA,7,exact_current_genus_unique_family
Obscurovirus,Jasonviridae,,dsDNA,1,exact_current_genus_unique_family
Obscuruvirus,Aliusviridae,Jingchuvirales,ssRNA(-),1,exact_current_genus_unique_family
Oceanivirus,Chicoviridae,Secretvirales,ssDNA(+),1,exact_current_genus_unique_family
Oceanusvirus,Allomimiviridae,Imitervirales,dsDNA,1,exact_current_genus_unique_family
Oceshuvirus,Fiersviridae,Norzivirales,ssRNA(+),1,exact_current_genus_unique_family
Ocetevirus,Nairoviridae,Hareavirales,ssRNA(-),1,exact_current_genus_unique_family
Odonatavirus,Chuviridae,Jingchuvirales,ssRNA(-),3,exact_current_genus_unique_family
Ohlsrhavirus,Rhabdoviridae,Mononegavirales,ssRNA(-),11,exact_current_genus_unique_family
Okavirus,Roniviridae,Nidovirales,ssRNA(+),3,exact_current_genus_unique_family
Okubovirus,Herelleviridae,,dsDNA,2,exact_current_genus_unique_family
Olaviavirus,Buchnerviridae,,dsDNA,6,exact_current_genus_unique_family
Oldborovirus,Steitzviridae,Timlovirales,ssRNA(+),2,exact_current_genus_unique_family
Oldperovirus,Fiersviridae,Norzivirales,ssRNA(+),1,exact_current_genus_unique_family
Oleavirus,Bromoviridae,Martellivirales,ssRNA(+),1,exact_current_genus_unique_family
Oleurovirus,Geminiviridae,Geplafuvirales,ssDNA,1,exact_current_genus_unique_family
Olivavirus,Closteroviridae,Martellivirales,ssRNA(+),4,exact_current_genus_unique_family
Oliverunavirus,Schitoviridae,,dsDNA,1,exact_current_genus_unique_family
Oliviavirus,Autolykiviridae,Vinavirales,dsDNA,1,exact_current_genus_unique_family
Ollusvirus,Aliusviridae,Jingchuvirales,ssRNA(-),11,exact_current_genus_unique_family
Olmsdivirus,Fiersviridae,Norzivirales,ssRNA(+),1,exact_current_genus_unique_family
Olpivirus,Konkoviridae,Hareavirales,ssRNA(-),7,exact_current_genus_unique_family
Omahavirus,Vandenendeviridae,,dsDNA,1,exact_current_genus_unique_family
Omegapapillomavirus,Papillomaviridae,Zurhausenvirales,dsDNA,1,exact_current_genus_unique_family
Omegatetravirus,Alphatetraviridae,Hepelivirales,ssRNA(+),3,exact_current_genus_unique_family
Omegatorquevirus,Anelloviridae,Sanitavirales,ssDNA(-),1,exact_current_genus_unique_family
Omicrontorquevirus,Anelloviridae,Sanitavirales,ssDNA(+/-); ssDNA(-),2,exact_current_genus_unique_family
Omikronpapillomavirus,Papillomaviridae,Zurhausenvirales,dsDNA,1,exact_current_genus_unique_family
Omohevirus,Fiersviridae,Norzivirales,ssRNA(+),1,exact_current_genus_unique_family
Omtjevirus,Obscuriviridae,,ssDNA,1,exact_current_genus_unique_family
Omyavirus,Xinmoviridae,Mononegavirales,ssRNA(-),1,exact_current_genus_unique_family
Oncotshavirus,Tobaniviridae,Nidovirales,ssRNA(+),1,exact_current_genus_unique_family
Onohmuvirus,Fiersviridae,Norzivirales,ssRNA(+),1,exact_current_genus_unique_family
Ootivirus,Ootiviridae,Ghabrivirales,dsRNA,7,exact_current_genus_unique_family
Opavirus,Xinmoviridae,Mononegavirales,ssRNA(-),1,exact_current_genus_unique_family
Opdykovirus,Fiersviridae,Norzivirales,ssRNA(+),1,exact_current_genus_unique_family
Ophiovirus,Aspiviridae,Naedrevirales,ssRNA(-),9,exact_current_genus_unique_family
Opunvirus,Geminiviridae,Geplafuvirales,ssDNA(+/-),1,exact_current_genus_unique_family
Orbivirus,Sedoreoviridae,Reovirales,dsRNA,22,exact_current_genus_unique_family
Oreadivirus,Gandrviridae,Gredzevirales,ssDNA(+/-),1,exact_current_genus_unique_family
Oreiadivirus,Gandrviridae,Gredzevirales,ssDNA(+/-),1,exact_current_genus_unique_family
Orinovirus,Nyamiviridae,Mononegavirales,ssRNA(-),2,exact_current_genus_unique_family
Orivirus,Picornaviridae,Picornavirales,ssRNA(+),1,exact_current_genus_unique_family
Ormalvirus,Vilyaviridae,Cirlivirales,ssDNA; ssDNA(+/-),2,exact_current_genus_unique_family
Ormenosvirus,Kyanoviridae,Pantevenvirales,dsDNA,1,exact_current_genus_unique_family
Orthoavulavirus,Paramyxoviridae,Mononegavirales,ssRNA(-),11,exact_current_genus_unique_family
Orthobornavirus,Bornaviridae,Mononegavirales,ssRNA(-),10,exact_current_genus_unique_family
Orthobunyavirus,Peribunyaviridae,Elliovirales,ssRNA(-),138,exact_current_genus_unique_family
Orthocurvulavirus,Curvulaviridae,Durnavirales,dsRNA,8,exact_current_genus_unique_family
Orthocystovirus,Cystoviridae,Mindivirales,dsRNA,2,exact_current_genus_unique_family
Orthodiscovirus,Discoviridae,Hareavirales,ssRNA(-),6,exact_current_genus_unique_family
Orthodumbivirus,Dumbiviridae,Crytulvirales,ssRNA(+/-),7,exact_current_genus_unique_family
Orthoebolavirus,Filoviridae,Mononegavirales,ssRNA(-),6,exact_current_genus_unique_family
Orthoflavivirus,Flaviviridae,Amarillovirales,ssRNA(+),57,exact_current_genus_unique_family
Orthohantavirus,Hantaviridae,Elliovirales,ssRNA(-),37,exact_current_genus_unique_family
Orthohepacivirus,Hepaciviridae,Amarillovirales,ssRNA(+),14,exact_current_genus_unique_family
Orthohepadnavirus,Hepadnaviridae,Blubervirales,dsDNA-RT,19,exact_current_genus_unique_family
Orthomarburgvirus,Filoviridae,Mononegavirales,ssRNA(-),1,exact_current_genus_unique_family
Orthonairovirus,Nairoviridae,Hareavirales,ssRNA(-),52,exact_current_genus_unique_family
Orthonoravirus,Noraviridae,Picornavirales,ssRNA(+),1,exact_current_genus_unique_family
Orthopestivirus,Pestiviridae,Amarillovirales,ssRNA(+),19,exact_current_genus_unique_family
Orthophasmavirus,Phasmaviridae,Elliovirales,ssRNA; ssRNA(-),22,exact_current_genus_unique_family
Orthopicobirnavirus,Picobirnaviridae,Durnavirales,dsRNA,3,exact_current_genus_unique_family
Orthopneumovirus,Pneumoviridae,Mononegavirales,ssRNA(-),3,exact_current_genus_unique_family
Orthopoxvirus,Poxviridae,Chitovirales,dsDNA,12,exact_current_genus_unique_family
Orthoquambivirus,Quambiviridae,Crytulvirales,ssRNA(+/-),4,exact_current_genus_unique_family
Orthoreovirus,Spinareoviridae,Reovirales,dsRNA,10,exact_current_genus_unique_family
Orthorubulavirus,Paramyxoviridae,Mononegavirales,ssRNA(-),8,exact_current_genus_unique_family
Orthotospovirus,Tospoviridae,Elliovirales,ssRNA(+/-),36,exact_current_genus_unique_family
Orthotrimbivirus,Trimbiviridae,Crytulvirales,ssRNA(+/-),5,exact_current_genus_unique_family
Orthotulasvirus,Tulasviridae,Elliovirales,ssRNA(+/-),1,exact_current_genus_unique_family
Orthounambivirus,Unambiviridae,Crytulvirales,ssRNA(+/-),4,exact_current_genus_unique_family
Oryzavirus,Spinareoviridae,Reovirales,dsRNA,2,exact_current_genus_unique_family
Oryzopoxvirus,Poxviridae,Chitovirales,dsDNA,1,exact_current_genus_unique_family
Oscivirus,Picornaviridae,Picornavirales,ssRNA(+),1,exact_current_genus_unique_family
Ossirvirus,Kirkoviridae,Rohanvirales,ssDNA(+/-),1,exact_current_genus_unique_family
Ostreavirus,Malacoherpesviridae,Herpesvirales,dsDNA,1,exact_current_genus_unique_family
Otagovirus,Vandenendeviridae,,dsDNA,11,exact_current_genus_unique_family
Otakuvirus,Sarkviridae,,dsDNA,2,exact_current_genus_unique_family
Otevirus,Anicreviridae,Mulpavirales,ssDNA(+/-),1,exact_current_genus_unique_family
Otosivirus,Ouroboviridae,Gredzevirales,ssDNA(+/-),1,exact_current_genus_unique_family
Ourmiavirus,Ourmiaviridae,Ourlivirales,ssRNA(+),3,exact_current_genus_unique_family
Overwhuvirus,Fiersviridae,Norzivirales,ssRNA(+),1,exact_current_genus_unique_family
Oviruvirus,Ruviroviridae,Divpevirales,dsDNA,1,exact_current_genus_unique_family
Ovirwhivirus,Steitzviridae,Timlovirales,ssRNA(+),2,exact_current_genus_unique_family
Owenocuvirus,Fiersviridae,Norzivirales,ssRNA(+),3,exact_current_genus_unique_family
Oxavirus,Pituviridae,,dsDNA,1,exact_current_genus_unique_family
Oxychlovirus,Fiersviridae,Norzivirales,ssRNA(+),17,exact_current_genus_unique_family
Pacdirvirus,Pichoviridae,Gokushovirales,ssDNA(+),1,exact_current_genus_unique_family
Pacehavirus,Blumeviridae,Timlovirales,ssRNA(+),5,exact_current_genus_unique_family
Pacinivirus,Schitoviridae,,dsDNA,3,exact_current_genus_unique_family
Pacuvirus,Peribunyaviridae,Elliovirales,ssRNA(-),5,exact_current_genus_unique_family
Pagohnivirus,Atkinsviridae,Norzivirales,ssRNA(+),1,exact_current_genus_unique_family
Paguronivirus,Euroniviridae,Nidovirales,ssRNA(+),1,exact_current_genus_unique_family
Pahdacivirus,Blumeviridae,Timlovirales,ssRNA(+),1,exact_current_genus_unique_family
Pahsextavirus,Chaseviridae,,dsDNA,1,exact_current_genus_unique_family
Pahspavirus,Steitzviridae,Timlovirales,ssRNA(+),9,exact_current_genus_unique_family
Pailtovirus,Fiersviridae,Norzivirales,ssRNA(+),1,exact_current_genus_unique_family
Pakistanvirus,Hirszfeldviridae,,dsDNA,1,exact_current_genus_unique_family
Pakpunavirus,Vandenendeviridae,,dsDNA,38,exact_current_genus_unique_family
Pakuvirus,Autonotataviridae,Autographivirales,dsDNA,1,exact_current_genus_unique_family
Palaemonvirus,Kyanoviridae,Pantevenvirales,dsDNA,1,exact_current_genus_unique_family
Palantirivirus,Vilyaviridae,Cirlivirales,ssDNA(+/-),5,exact_current_genus_unique_family
Paloswovirus,Fiersviridae,Norzivirales,ssRNA(+),1,exact_current_genus_unique_family
Palsdevirus,Fiersviridae,Norzivirales,ssRNA(+),1,exact_current_genus_unique_family
Pamexvirus,Mesyanzhinovviridae,,dsDNA,4,exact_current_genus_unique_family
Pamirivirus,Steigviridae,Crassvirales,dsDNA,1,exact_current_genus_unique_family
Panaquavirovirus,Omnilimnoviroviridae,Priklausovirales,dsDNA,1,exact_current_genus_unique_family
Panicovirus,Tombusviridae,Tolivirales,ssRNA(+),3,exact_current_genus_unique_family
Panjvirus,Autonotataviridae,Autographivirales,dsDNA,1,exact_current_genus_unique_family
Paopuvirus,Orlajensenviridae,,dsDNA,9,exact_current_genus_unique_family
Papanivirus,Pamosaviridae,Tombendovirales,ssRNA(+),1,exact_current_genus_unique_family
Paraavulavirus,Paramyxoviridae,Mononegavirales,ssRNA(-),3,exact_current_genus_unique_family
Parabovirus,Picornaviridae,Picornavirales,ssRNA(+),3,exact_current_genus_unique_family
Parahenipavirus,Paramyxoviridae,Mononegavirales,ssRNA(-),11,exact_current_genus_unique_family
Parahepadnavirus,Hepadnaviridae,Blubervirales,dsDNA-RT,1,exact_current_genus_unique_family
Parajeilongvirus,Paramyxoviridae,Mononegavirales,ssRNA(-),18,exact_current_genus_unique_family
Paramorbillivirus,Paramyxoviridae,Mononegavirales,ssRNA(-),4,exact_current_genus_unique_family
Paraphixvirus,Piccoloviridae,Bullavirales,ssDNA(+),1,exact_current_genus_unique_family
Parapoxvirus,Poxviridae,Chitovirales,dsDNA,5,exact_current_genus_unique_family
Pararubulavirus,Paramyxoviridae,Mononegavirales,ssRNA(-),11,exact_current_genus_unique_family
Paratulasvirus,Tulasviridae,Elliovirales,ssRNA(+/-),1,exact_current_genus_unique_family
Parechovirus,Picornaviridae,Picornavirales,ssRNA(+),6,exact_current_genus_unique_family
Parhipatevirus,Inoviridae,Tubulavirales,ssDNA(+),1,exact_current_genus_unique_family
Pariacacavirus,Schitoviridae,,dsDNA,2,exact_current_genus_unique_family
Paruchinvirus,Betagokushoviridae,Gokushovirales,ssDNA(+),1,exact_current_genus_unique_family
Pasivirus,Picornaviridae,Picornavirales,ssRNA(+),1,exact_current_genus_unique_family
Paslahepevirus,Hepeviridae,Hepelivirales,ssRNA(+); ssRNA(+/-),3,exact_current_genus_unique_family
Passerivirus,Picornaviridae,Picornavirales,ssRNA(+),2,exact_current_genus_unique_family
Pastisvirus,Schitoviridae,,dsDNA,1,exact_current_genus_unique_family
Patagivirus,Orthoherpesviridae,Herpesvirales,dsDNA,1,exact_current_genus_unique_family
Patavirus,Anicreviridae,Mulpavirales,ssDNA(+/-),1,exact_current_genus_unique_family
Paternavirus,Autonotataviridae,Autographivirales,dsDNA,1,exact_current_genus_unique_family
Patroklovirus,Ouroboviridae,Gredzevirales,ssDNA(+/-),1,exact_current_genus_unique_family
Patrovirus,Geplanaviridae,Geplafuvirales,ssDNA(+/-),1,exact_current_genus_unique_family
Paulavirus,Autolykiviridae,Vinavirales,dsDNA,2,exact_current_genus_unique_family
Paundecimvirus,Zobellviridae,,dsDNA,1,exact_current_genus_unique_family
Paundivirus,Steigviridae,Crassvirales,dsDNA,1,exact_current_genus_unique_family
Pawinskivirus,Chimalliviridae,,dsDNA,1,exact_current_genus_unique_family
Paysduvirus,Fiersviridae,Norzivirales,ssRNA(+),1,exact_current_genus_unique_family
Pazvirus,Autonotataviridae,Autographivirales,dsDNA,2,exact_current_genus_unique_family
Pbunavirus,Lindbergviridae,,dsDNA,46,exact_current_genus_unique_family
Pecentumvirus,Herelleviridae,,dsDNA,10,exact_current_genus_unique_family
Pecluvirus,Virgaviridae,Martellivirales,ssRNA(+),2,exact_current_genus_unique_family
Pedhlovirus,Fiersviridae,Norzivirales,ssRNA(+),1,exact_current_genus_unique_family
Pediavirus,Chuviridae,Jingchuvirales,ssRNA(-),1,exact_current_genus_unique_family
Peduovirus,Peduoviridae,,dsDNA,30,exact_current_genus_unique_family
Peegeeundecimvirus,Schitoviridae,,dsDNA,1,exact_current_genus_unique_family
Peekayseptimavirus,Drexlerviridae,,dsDNA,1,exact_current_genus_unique_family
Pefuambidensovirus,Parvoviridae,Piccovirales,ssDNA(+/-),2,exact_current_genus_unique_family
Peggyvirus,Autoscriptoviridae,Autographivirales,dsDNA,1,exact_current_genus_unique_family
Pegivirus,Hepaciviridae,Amarillovirales,ssRNA(+),11,exact_current_genus_unique_family
Pehohrivirus,Fiersviridae,Norzivirales,ssRNA(+),2,exact_current_genus_unique_family
Pehsaduvirus,Fiersviridae,Norzivirales,ssRNA(+),1,exact_current_genus_unique_family
Pekavirus,Anicreviridae,Mulpavirales,ssDNA(+/-),1,exact_current_genus_unique_family
Pektosvirus,Autotranscriptaviridae,Autographivirales,dsDNA,2,exact_current_genus_unique_family
Pelagimarinivirus,Mariniviridae,,dsDNA,1,exact_current_genus_unique_family
Pelamoviroid,Avsunviroidae,,ssRNA,3,exact_current_genus_unique_family
Pelarspovirus,Tombusviridae,Tolivirales,ssRNA(+),8,exact_current_genus_unique_family
Pelduvirus,Darmviridae,Crassvirales,dsDNA,1,exact_current_genus_unique_family
Pelmivirus,Xinmoviridae,Mononegavirales,ssRNA(-),1,exact_current_genus_unique_family
Pelorivirus,Adamaviridae,Rohanvirales,ssDNA(+/-),1,exact_current_genus_unique_family
Pemapivirus,Picornaviridae,Picornavirales,ssRNA(+),2,exact_current_genus_unique_family
Penicillimonavirus,Mymonaviridae,Mononegavirales,ssRNA(-),15,exact_current_genus_unique_family
Penintadodekavirus,Schitoviridae,,dsDNA,1,exact_current_genus_unique_family
Penoulivirus,Botourmiaviridae,Ourlivirales,ssRNA(+),27,exact_current_genus_unique_family
Pentonivirus,Tainaviridae,Secretvirales,ssDNA(+),1,exact_current_genus_unique_family
Pepevirus,Fiersviridae,Norzivirales,ssRNA(+),7,exact_current_genus_unique_family
Percavirus,Orthoherpesviridae,Herpesvirales,dsDNA,7,exact_current_genus_unique_family
Percilovirus,Hantaviridae,Elliovirales,ssRNA(-),2,exact_current_genus_unique_family
Percivalvirus,Casidaviridae,,dsDNA,2,exact_current_genus_unique_family
Percyvirus,Autonotataviridae,Autographivirales,dsDNA,4,exact_current_genus_unique_family
Perhabdovirus,Rhabdoviridae,Mononegavirales,ssRNA(-),4,exact_current_genus_unique_family
Periculosovirus,Draupnirviridae,Jormunvirales,ssDNA(+/-),2,exact_current_genus_unique_family
Perideltavirus,Kolmioviridae,,ssRNA(-),3,exact_current_genus_unique_family
Perimedevirus,Ouroboviridae,Gredzevirales,ssDNA(+/-),1,exact_current_genus_unique_family
Periphixvirus,Piticuviridae,Bullavirales,ssDNA(+),1,exact_current_genus_unique_family
Perithurisazvirus,Kolmioviridae,,ssRNA(-),1,exact_current_genus_unique_family
Peronelivirus,Ouroboviridae,Gredzevirales,ssDNA(+/-),2,exact_current_genus_unique_family
Peropuvirus,Artoviridae,Mononegavirales,ssRNA(-),10,exact_current_genus_unique_family
Perrunavirus,Fiersviridae,Norzivirales,ssRNA(+),5,exact_current_genus_unique_family
Persevirus,Ouroboviridae,Gredzevirales,ssDNA(+/-),6,exact_current_genus_unique_family
Peternellavirus,Winoviridae,,dsDNA,1,exact_current_genus_unique_family
Petitsonovirus,Chicoviridae,Secretvirales,ssDNA(+),1,exact_current_genus_unique_family
Petorquevirus,Anelloviridae,Sanitavirales,ssDNA(-),3,exact_current_genus_unique_family
Petruschkyvirus,Schitoviridae,,dsDNA,1,exact_current_genus_unique_family
Petsuvirus,Chimalliviridae,,dsDNA,1,exact_current_genus_unique_family
Pettyvirus,Autoscriptoviridae,Autographivirales,dsDNA,1,exact_current_genus_unique_family
Petuvirus,Caulimoviridae,Ortervirales,dsDNA-RT,1,exact_current_genus_unique_family
Pfluvirus,Autotranscriptaviridae,Autographivirales,dsDNA,2,exact_current_genus_unique_family
Phabiovirus,Chimalliviridae,,dsDNA,1,exact_current_genus_unique_family
Phaeovirus,Phycodnaviridae,Algavirales,dsDNA,3,exact_current_genus_unique_family
Phainonvirus,Kanorauviridae,Saturnivirales,ssDNA(+/-),3,exact_current_genus_unique_family
Phargevirus,Inoviridae,Tubulavirales,ssDNA(+),1,exact_current_genus_unique_family
Phasivirus,Phenuiviridae,Hareavirales,ssRNA(-),10,exact_current_genus_unique_family
Phayathaivirus,Chaseviridae,,dsDNA,2,exact_current_genus_unique_family
Phelinovirus,Lispiviridae,Mononegavirales,ssRNA(-),1,exact_current_genus_unique_family
Phialvirus,Naryaviridae,Rivendellvirales,ssDNA(+),1,exact_current_genus_unique_family
Phikmvvirus,Autoscriptoviridae,Autographivirales,dsDNA,29,exact_current_genus_unique_family
Phikzvirus,Chimalliviridae,,dsDNA,3,exact_current_genus_unique_family
Philippevirus,Schitoviridae,,dsDNA,1,exact_current_genus_unique_family
Philtcovirus,Fiersviridae,Norzivirales,ssRNA(+),1,exact_current_genus_unique_family
Phimunavirus,Autoscriptoviridae,Autographivirales,dsDNA,12,exact_current_genus_unique_family
Phipapillomavirus,Papillomaviridae,Zurhausenvirales,dsDNA,1,exact_current_genus_unique_family
Phitrevirus,Peduoviridae,,dsDNA,1,exact_current_genus_unique_family
Phlebovirus,Phenuiviridae,Hareavirales,ssRNA(+/-); ssRNA(-); ssRNA(-); ssRNA(+/-),71,exact_current_genus_unique_family
Phlegivirus,Phlegiviridae,Ghabrivirales,dsRNA,4,exact_current_genus_unique_family
Phobosvirus,Casjensviridae,,dsDNA,2,exact_current_genus_unique_family
Phobpsivirus,Fiersviridae,Norzivirales,ssRNA(+),7,exact_current_genus_unique_family
Phormycovirus,Alphaormycoviridae,Bormycovirales,ssRNA,6,exact_current_genus_unique_family
Phragmivirus,Potyviridae,Patatavirales,ssRNA(+),2,exact_current_genus_unique_family
Phutvirus,Autotranscriptaviridae,Autographivirales,dsDNA,2,exact_current_genus_unique_family
Phyllomonavirus,Mymonaviridae,Mononegavirales,ssRNA(-),3,exact_current_genus_unique_family
Phytoreovirus,Sedoreoviridae,Reovirales,dsRNA,3,exact_current_genus_unique_family
Piapivirus,Pichoviridae,Gokushovirales,ssDNA(+),1,exact_current_genus_unique_family
Picaglacivirus,Pichoviridae,Gokushovirales,ssDNA(+),1,exact_current_genus_unique_family
Piceduvirus,Fiersviridae,Norzivirales,ssRNA(+),1,exact_current_genus_unique_family
Picionavirus,Pichoviridae,Gokushovirales,ssDNA(+),1,exact_current_genus_unique_family
Piciorovirus,Pichoviridae,Gokushovirales,ssDNA(+),1,exact_current_genus_unique_family
Picominovirus,Pichoviridae,Gokushovirales,ssDNA(+),1,exact_current_genus_unique_family
Picryovirus,Pichoviridae,Gokushovirales,ssDNA(+),1,exact_current_genus_unique_family
Pidchovirus,Phenuiviridae,Hareavirales,ssRNA(-),2,exact_current_genus_unique_family
Pidhluvirus,Steitzviridae,Timlovirales,ssRNA(+),1,exact_current_genus_unique_family
Piedvirus,Autotranscriptaviridae,Autographivirales,dsDNA,1,exact_current_genus_unique_family
Pienvirus,Autonotataviridae,Autographivirales,dsDNA,1,exact_current_genus_unique_family
Pifdecavirus,Autotranscriptaviridae,Autographivirales,dsDNA,4,exact_current_genus_unique_family
Piglaglavirus,Pichoviridae,Gokushovirales,ssDNA(+),1,exact_current_genus_unique_family
Pigophevirus,Pichoviridae,Gokushovirales,ssDNA(+),1,exact_current_genus_unique_family
Pihckevirus,Steitzviridae,Timlovirales,ssRNA(+),1,exact_current_genus_unique_family
Pihlevirus,Fiersviridae,Norzivirales,ssRNA(+),1,exact_current_genus_unique_family
Pihngevirus,Atkinsviridae,Norzivirales,ssRNA(+),7,exact_current_genus_unique_family
Pijolavirus,Autotranscriptaviridae,Autographivirales,dsDNA,3,exact_current_genus_unique_family
Pilordavirus,Fiersviridae,Norzivirales,ssRNA(+),1,exact_current_genus_unique_family
Pilosavirus,Inoviridae,Tubulavirales,ssDNA(+),1,exact_current_genus_unique_family
Pimethasivirus,Pichoviridae,Gokushovirales,ssDNA(+),1,exact_current_genus_unique_family
Pinlevirus,Steitzviridae,Timlovirales,ssRNA(+),6,exact_current_genus_unique_family
Pipapillomavirus,Papillomaviridae,Zurhausenvirales,dsDNA,2,exact_current_genus_unique_family
Pipoluvirus,Steigviridae,Crassvirales,dsDNA,1,exact_current_genus_unique_family
Piponevirus,Fiersviridae,Norzivirales,ssRNA(+),4,exact_current_genus_unique_family
Pippivirus,Winoviridae,,dsDNA,2,exact_current_genus_unique_family
Pirifovirus,Steitzviridae,Timlovirales,ssRNA(+),10,exact_current_genus_unique_family
Piscesmortuivirus,Peduoviridae,,dsDNA,1,exact_current_genus_unique_family
Piscichuvirus,Chuviridae,Jingchuvirales,ssRNA(-),5,exact_current_genus_unique_family
Piscihepevirus,Hepeviridae,Hepelivirales,ssRNA(+),1,exact_current_genus_unique_family
Pistolvirus,Pistolviridae,Ghabrivirales,dsRNA,4,exact_current_genus_unique_family
Piticivirus,Mazaviridae,Amoyvirales,ssDNA(+),1,exact_current_genus_unique_family
Pitorquevirus,Anelloviridae,Sanitavirales,ssDNA(+/-); ssDNA(-),15,exact_current_genus_unique_family
Pittiivirus,Hirszfeldviridae,,dsDNA,1,exact_current_genus_unique_family
Pituvirus,Pituviridae,,dsDNA,1,exact_current_genus_unique_family
Planktonivirus,Chicoviridae,Secretvirales,ssDNA(+),1,exact_current_genus_unique_family
Plantarivirus,Inoviridae,Tubulavirales,ssDNA(+),1,exact_current_genus_unique_family
Plasmavirus,Plasmaviridae,,dsDNA,1,exact_current_genus_unique_family
Plasmopamonavirus,Mymonaviridae,Mononegavirales,ssRNA(-),4,exact_current_genus_unique_family
Platypuvirus,Alphaflexiviridae,Tymovirales,ssRNA(+),1,exact_current_genus_unique_family
Playavirus,Peduoviridae,,dsDNA,1,exact_current_genus_unique_family
Plazymidvirus,Peduoviridae,,dsDNA,3,exact_current_genus_unique_family
Pleakleyvirus,Zierdtviridae,,dsDNA,1,exact_current_genus_unique_family
Plectrovirus,Plectroviridae,Tubulavirales,ssDNA(+),1,exact_current_genus_unique_family
Pletoitzamnavirus,Itzamnaviridae,,dsDNA,1,exact_current_genus_unique_family
Plurimycovirus,Polymycoviridae,Xenadelphovirales,dsRNA,2,exact_current_genus_unique_family
Plutovirus,Lindbergviridae,,dsDNA,1,exact_current_genus_unique_family
Plymouthvirus,Schitoviridae,,dsDNA,1,exact_current_genus_unique_family
Poacevirus,Potyviridae,Patatavirales,ssRNA(+),4,exact_current_genus_unique_family
Pocisvirus,Drexlerviridae,,dsDNA,1,exact_current_genus_unique_family
Podtsbuvirus,Steitzviridae,Timlovirales,ssRNA(+),1,exact_current_genus_unique_family
Poecivirus,Picornaviridae,Picornavirales,ssRNA(+),1,exact_current_genus_unique_family
Pogseptimavirus,Demerecviridae,,dsDNA,2,exact_current_genus_unique_family
Pohlevirus,Fiersviridae,Norzivirales,ssRNA(+),10,exact_current_genus_unique_family
Pohlodivirus,Steitzviridae,Timlovirales,ssRNA(+),1,exact_current_genus_unique_family
Pohlydovirus,Atkinsviridae,Norzivirales,ssRNA(+),2,exact_current_genus_unique_family
Poindextervirus,Jeanschmidtviridae,,dsDNA,2,exact_current_genus_unique_family
Pokkenvirus,Schitoviridae,,dsDNA,3,exact_current_genus_unique_family
Pokrovskaiavirus,Autonotataviridae,Autographivirales,dsDNA,2,exact_current_genus_unique_family
Polandvirus,Hirszfeldviridae,,dsDNA,2,exact_current_genus_unique_family
Polaswivirus,Intestiviridae,Crassvirales,dsDNA,2,exact_current_genus_unique_family
Polemovirus,Solemoviridae,Sobelivirales,ssRNA(+),1,exact_current_genus_unique_family
Polerovirus,Solemoviridae,Sobelivirales,ssRNA(+),94,exact_current_genus_unique_family
Pollentivirus,Draupnirviridae,Jormunvirales,ssDNA(+/-),1,exact_current_genus_unique_family
Pollockvirus,Schitoviridae,,dsDNA,1,exact_current_genus_unique_family
Pollyceevirus,Autonotataviridae,Autographivirales,dsDNA,2,exact_current_genus_unique_family
Polymedevirus,Mestraviridae,Vinavirales,dsDNA,1,exact_current_genus_unique_family
Polymycovirus,Polymycoviridae,Xenadelphovirales,dsRNA,9,exact_current_genus_unique_family
Pomeroyivirus,Schitoviridae,,dsDNA,1,exact_current_genus_unique_family
Pomovirus,Virgaviridae,Martellivirales,ssRNA(+),5,exact_current_genus_unique_family
Poncivirus,Fiersviridae,Norzivirales,ssRNA(+),4,exact_current_genus_unique_family
Ponderosavirus,Autonotataviridae,Autographivirales,dsDNA,5,exact_current_genus_unique_family
Ponsivirus,Suoliviridae,Crassvirales,dsDNA,1,exact_current_genus_unique_family
Pontunivirus,Cremegaviridae,Nidovirales,ssRNA(+),1,exact_current_genus_unique_family
Pontusvirus,Kyanoviridae,Pantevenvirales,dsDNA,1,exact_current_genus_unique_family
Pormufvirus,Suolaviridae,,dsDNA,1,exact_current_genus_unique_family
Porprismacovirus,Smacoviridae,Cremevirales,ssDNA(+/-),88,exact_current_genus_unique_family
Porrectionivirus,Inoviridae,Tubulavirales,ssDNA(+),1,exact_current_genus_unique_family
Pospiviroid,Pospiviroidae,,ssRNA,10,exact_current_genus_unique_family
Potamipivirus,Picornaviridae,Picornavirales,ssRNA(+),2,exact_current_genus_unique_family
Potamoivirus,Kyanoviridae,Pantevenvirales,dsDNA,2,exact_current_genus_unique_family
Potensivirus,Draupnirviridae,Jormunvirales,ssDNA(+/-),1,exact_current_genus_unique_family
Potexvirus,Alphaflexiviridae,Tymovirales,ssRNA(+),52,exact_current_genus_unique_family
Potylivirus,Potyliviridae,Patatavirales,ssRNA(+),2,exact_current_genus_unique_family
Potyvirus,Potyviridae,Patatavirales,ssRNA(+),216,exact_current_genus_unique_family
Pourcelvirus,Schitoviridae,,dsDNA,2,exact_current_genus_unique_family
Pradovirus,Autonotataviridae,Autographivirales,dsDNA,16,exact_current_genus_unique_family
Prasinovirus,Phycodnaviridae,Algavirales,dsDNA,2,exact_current_genus_unique_family
Pregotovirus,Tobaniviridae,Nidovirales,ssRNA(+),5,exact_current_genus_unique_family
Presleyvirus,Schitoviridae,,dsDNA,1,exact_current_genus_unique_family
Prihavirus,Fiersviridae,Norzivirales,ssRNA(+),5,exact_current_genus_unique_family
Prihovirus,Fiersviridae,Norzivirales,ssRNA(+),1,exact_current_genus_unique_family
Prihuvirus,Steitzviridae,Timlovirales,ssRNA(+),1,exact_current_genus_unique_family
Primolicivirus,Inoviridae,Tubulavirales,ssDNA(+); ssDNA(+/-),2,exact_current_genus_unique_family
Primrhavirus,Rhabdoviridae,Mononegavirales,ssRNA(-),4,exact_current_genus_unique_family
Prisdovirus,Fiersviridae,Norzivirales,ssRNA(+),1,exact_current_genus_unique_family
Priunavirus,Demerecviridae,,dsDNA,2,exact_current_genus_unique_family
Privateervirus,Grimontviridae,,dsDNA,4,exact_current_genus_unique_family
Proboscivirus,Orthoherpesviridae,Herpesvirales,dsDNA,4,exact_current_genus_unique_family
Prolivirus,Inoviridae,Tubulavirales,ssDNA(+),1,exact_current_genus_unique_family
Propagovirus,Inoviridae,Tubulavirales,ssDNA(+),1,exact_current_genus_unique_family
Properatisvirus,Draupnirviridae,Jormunvirales,ssDNA(+/-),2,exact_current_genus_unique_family
Prorsmavirus,Blumeviridae,Timlovirales,ssRNA(+),1,exact_current_genus_unique_family
Prosdovirus,Fiersviridae,Norzivirales,ssRNA(+),1,exact_current_genus_unique_family
Prosimiispumavirus,Retroviridae,Ortervirales,ssRNA-RT,1,exact_current_genus_unique_family
Prospektnaukivirus,Trautnerviridae,,dsDNA,1,exact_current_genus_unique_family
Protegovirus,Geplanaviridae,Geplafuvirales,ssDNA(+/-),3,exact_current_genus_unique_family
Proteusivirus,Ouroboviridae,Gredzevirales,ssDNA(+/-),1,exact_current_genus_unique_family
Protoambidensovirus,Parvoviridae,Piccovirales,ssDNA(+/-),7,exact_current_genus_unique_family
Protobacilladnavirus,Bacilladnaviridae,Baphyvirales,ssDNA(+/-),8,exact_current_genus_unique_family
Protohepanvirus,Parvoviridae,Piccovirales,ssDNA,1,exact_current_genus_unique_family
Protometallovirus,Parvoviridae,Piccovirales,ssDNA,1,exact_current_genus_unique_family
Protoparvovirus,Parvoviridae,Piccovirales,ssDNA,23,exact_current_genus_unique_family
Pruncivirus,Fiersviridae,Norzivirales,ssRNA(+),1,exact_current_genus_unique_family
Prunevirus,Betaflexiviridae,Tymovirales,ssRNA(+),4,exact_current_genus_unique_family
Prymnesiovirus,Phycodnaviridae,Algavirales,dsDNA,1,exact_current_genus_unique_family
Przondovirus,Autotranscriptaviridae,Autographivirales,dsDNA,132,exact_current_genus_unique_family
Psecadovirus,Inoviridae,Tubulavirales,ssDNA(+/-),1,exact_current_genus_unique_family
Pseudophixvirus,Pequenoviridae,Bullavirales,ssDNA(+),1,exact_current_genus_unique_family
Pseudotevenvirus,Straboviridae,Pantevenvirales,dsDNA,9,exact_current_genus_unique_family
Pseudovirus,Pseudoviridae,Ortervirales,ssRNA-RT,20,exact_current_genus_unique_family
Psiaduvirus,Steitzviridae,Timlovirales,ssRNA(+),4,exact_current_genus_unique_family
Psimevirus,Fiersviridae,Norzivirales,ssRNA(+),4,exact_current_genus_unique_family
Psimunavirus,Leisingerviridae,Methanobavirales,dsDNA,1,exact_current_genus_unique_family
Psipapillomavirus,Papillomaviridae,Zurhausenvirales,dsDNA,3,exact_current_genus_unique_family
Psitorquevirus,Anelloviridae,Sanitavirales,ssDNA(-),1,exact_current_genus_unique_family
Psoetuvirus,Atkinsviridae,Norzivirales,ssRNA(+),1,exact_current_genus_unique_family
Pteridovirus,Mayoviridae,Martellivirales,ssRNA(+),2,exact_current_genus_unique_family
Pteropopoxvirus,Poxviridae,Chitovirales,dsDNA,1,exact_current_genus_unique_family
Pterovirus,Chuviridae,Jingchuvirales,ssRNA(-),1,exact_current_genus_unique_family
Puahadnavirus,Bacilladnaviridae,Baphyvirales,ssDNA(+/-),4,exact_current_genus_unique_family
Pubesvirus,Inoviridae,Tubulavirales,ssDNA(+),1,exact_current_genus_unique_family
Puclevirus,Xinmoviridae,Mononegavirales,ssRNA(-),1,exact_current_genus_unique_family
Pudlivirus,Fiersviridae,Norzivirales,ssRNA(+),1,exact_current_genus_unique_family
Puduphavirus,Steitzviridae,Timlovirales,ssRNA(+),3,exact_current_genus_unique_family
Puhrivirus,Solspiviridae,Norzivirales,ssRNA(+),1,exact_current_genus_unique_family
Puirovirus,Solspiviridae,Norzivirales,ssRNA(+),1,exact_current_genus_unique_family
Punlevirus,Fiersviridae,Norzivirales,ssRNA(+),1,exact_current_genus_unique_family
Punuivirus,Allomimiviridae,Imitervirales,dsDNA,1,exact_current_genus_unique_family
Pygoscepivirus,Picornaviridae,Picornavirales,ssRNA(+),1,exact_current_genus_unique_family
Pylasvirus,Schitoviridae,,dsDNA,3,exact_current_genus_unique_family
Pylecuvirus,Geminiviridae,Geplafuvirales,ssDNA,1,exact_current_genus_unique_family
Pylenevirus,Ouroboviridae,Gredzevirales,ssDNA(+/-),1,exact_current_genus_unique_family
Pythonevirus,Inoviridae,Tubulavirales,ssDNA(+),1,exact_current_genus_unique_family
Pythorivirus,Ouroboviridae,Gredzevirales,ssDNA(+/-),1,exact_current_genus_unique_family
Qiaoyingvirus,Chaseviridae,,dsDNA,1,exact_current_genus_unique_family
Qoptorquevirus,Anelloviridae,Sanitavirales,ssDNA(+/-),22,exact_current_genus_unique_family
Quadragintavirus,Peduoviridae,,dsDNA,3,exact_current_genus_unique_family
Quadrivirus,Quadriviridae,Ghabrivirales,dsRNA,3,exact_current_genus_unique_family
Quaranjavirus,Orthomyxoviridae,Articulavirales,ssRNA(-),6,exact_current_genus_unique_family
Qubevirus,Fiersviridae,Norzivirales,ssRNA(+),3,exact_current_genus_unique_family
Queenastridvirus,Luriaviridae,,dsDNA,1,exact_current_genus_unique_family
Quhwahvirus,Hodgkinviridae,,dsDNA,9,exact_current_genus_unique_family
Quihndavirus,Fiersviridae,Norzivirales,ssRNA(+),6,exact_current_genus_unique_family
Quihndovirus,Steitzviridae,Timlovirales,ssRNA(+),13,exact_current_genus_unique_family
Quillavirus,Pecoviridae,Ringavirales,ssDNA(+/-),1,exact_current_genus_unique_family
Quwivirus,Orthoherpesviridae,Herpesvirales,dsDNA,3,exact_current_genus_unique_family
Raagevirus,Kanorauviridae,Saturnivirales,ssDNA(+/-),1,exact_current_genus_unique_family
Rabovirus,Picornaviridae,Picornavirales,ssRNA(+),4,exact_current_genus_unique_family
Radbaivirus,Fiersviridae,Norzivirales,ssRNA(+),35,exact_current_genus_unique_family
Radostvirus,Zimmerviridae,,dsDNA,1,exact_current_genus_unique_family
Rafivirus,Picornaviridae,Picornavirales,ssRNA(+),3,exact_current_genus_unique_family
Rahdfavirus,Fiersviridae,Norzivirales,ssRNA(+),1,exact_current_genus_unique_family
Rajidapivirus,Picornaviridae,Picornavirales,ssRNA(+),1,exact_current_genus_unique_family
Rakkovirus,Anicreviridae,Mulpavirales,ssDNA(+/-),1,exact_current_genus_unique_family
Rambovirus,Autotranscriptaviridae,Autographivirales,dsDNA,1,exact_current_genus_unique_family
Ramphavirus,Inoviridae,Tubulavirales,ssDNA(+),1,exact_current_genus_unique_family
Ranavirus,Iridoviridae,Pimascovirales,dsDNA,7,exact_current_genus_unique_family
Raphidovirus,Phycodnaviridae,Algavirales,dsDNA,1,exact_current_genus_unique_family
Rapidusivirus,Draupnirviridae,Jormunvirales,ssDNA(+/-),1,exact_current_genus_unique_family
Ratlevirus,Fiersviridae,Norzivirales,ssRNA(+),1,exact_current_genus_unique_family
Raunefjordenvirus,Schitoviridae,,dsDNA,1,exact_current_genus_unique_family
Ravavirus,Betaflexiviridae,Tymovirales,ssRNA(+),1,exact_current_genus_unique_family
Recovirus,Caliciviridae,Picornavirales,ssRNA(+),1,exact_current_genus_unique_family
Redbauvirus,Fiersviridae,Norzivirales,ssRNA(+),2,exact_current_genus_unique_family
Redjacvirus,Casjensviridae,,dsDNA,3,exact_current_genus_unique_family
Reginaelenavirus,Peduoviridae,,dsDNA,1,exact_current_genus_unique_family
Rehihmevirus,Fiersviridae,Norzivirales,ssRNA(+),1,exact_current_genus_unique_family
Rehudzovirus,Fiersviridae,Norzivirales,ssRNA(+),1,exact_current_genus_unique_family
Reipivirus,Peduoviridae,,dsDNA,1,exact_current_genus_unique_family
Renleivirus,Betagokushoviridae,Gokushovirales,ssDNA(+),1,exact_current_genus_unique_family
Replylivirus,Rhabdoviridae,Mononegavirales,ssRNA(-),1,exact_current_genus_unique_family
Reptarenavirus,Arenaviridae,Hareavirales,ssRNA(+/-),5,exact_current_genus_unique_family
Reptillovirus,Hantaviridae,Elliovirales,ssRNA(-),1,exact_current_genus_unique_family
Respirovirus,Paramyxoviridae,Mononegavirales,ssRNA(-),9,exact_current_genus_unique_family
Restivirus,Inoviridae,Tubulavirales,ssDNA(+); ssDNA(+/-),2,exact_current_genus_unique_family
Retbasiphovirus,Haloferuviridae,Kirjokansivirales,dsDNA,1,exact_current_genus_unique_family
Reticulivirus,Inoviridae,Tubulavirales,ssDNA(+),1,exact_current_genus_unique_family
Retlevirus,Steitzviridae,Timlovirales,ssRNA(+),1,exact_current_genus_unique_family
Reyvirus,Vilmaviridae,,dsDNA,4,exact_current_genus_unique_family
Rhadinovirus,Orthoherpesviridae,Herpesvirales,dsDNA,13,exact_current_genus_unique_family
Rheavirus,Mimiviridae,Imitervirales,dsDNA,1,exact_current_genus_unique_family
Rhipevirus,Ouroboviridae,Gredzevirales,ssDNA(+/-),1,exact_current_genus_unique_family
Rhizomonavirus,Mymonaviridae,Mononegavirales,ssRNA(-),1,exact_current_genus_unique_family
Rhizoulivirus,Rhizouliviridae,Ourlivirales,ssRNA(+),5,exact_current_genus_unique_family
Rhodobactegtaviriform,Rhodogtaviriformidae,,dsDNA,1,exact_current_genus_unique_family
Rhodovulugtaviriform,Rhodogtaviriformidae,,dsDNA,1,exact_current_genus_unique_family
Rhopapillomavirus,Papillomaviridae,Zurhausenvirales,dsDNA,2,exact_current_genus_unique_family
Rhotorquevirus,Anelloviridae,Sanitavirales,ssDNA(+/-); ssDNA(-),2,exact_current_genus_unique_family
Riddikuvirus,Geplanaviridae,Geplafuvirales,ssDNA(+/-),2,exact_current_genus_unique_family
Ridwavirus,Fiersviridae,Norzivirales,ssRNA(+),1,exact_current_genus_unique_family
Rimosavirus,Tombusviridae,Tolivirales,ssRNA(+),9,exact_current_genus_unique_family
Rindgevirus,Autotranscriptaviridae,Autographivirales,dsDNA,1,exact_current_genus_unique_family
Ringilvirus,Vilyaviridae,Cirlivirales,ssDNA(+/-),3,exact_current_genus_unique_family
Ripduovirus,Chimalliviridae,,dsDNA,1,exact_current_genus_unique_family
Risingsunvirus,Chimalliviridae,,dsDNA,1,exact_current_genus_unique_family
Risjevirus,Autonotataviridae,Autographivirales,dsDNA,2,exact_current_genus_unique_family
Risoevirus,Straboviridae,Pantevenvirales,dsDNA,1,exact_current_genus_unique_family
Rivapovirus,Lispiviridae,Mononegavirales,ssRNA(-),1,exact_current_genus_unique_family
Rivavirus,Trautnerviridae,,dsDNA,3,exact_current_genus_unique_family
Riverraidervirus,Stackebrandtviridae,,dsDNA,1,exact_current_genus_unique_family
Riverridervirus,Schitoviridae,,dsDNA,1,exact_current_genus_unique_family
Robaratusivirus,Draupnirviridae,Jormunvirales,ssDNA(+/-),2,exact_current_genus_unique_family
Robevirus,Lispiviridae,Mononegavirales,ssRNA(-),2,exact_current_genus_unique_family
Robigovirus,Betaflexiviridae,Tymovirales,ssRNA(+),6,exact_current_genus_unique_family
Roburiusivirus,Draupnirviridae,Jormunvirales,ssDNA(+/-),1,exact_current_genus_unique_family
Rocahepevirus,Hepeviridae,Hepelivirales,ssRNA(+),2,exact_current_genus_unique_family
Rochuvirus,Chuviridae,Jingchuvirales,ssRNA(-),1,exact_current_genus_unique_family
Rodentiumvirus,Autosignataviridae,Autographivirales,dsDNA,6,exact_current_genus_unique_family
Rodtovirus,Steitzviridae,Timlovirales,ssRNA(+),2,exact_current_genus_unique_family
Rofluviavirus,Kidogoviridae,Roodoodoovirales,ssDNA(+),1,exact_current_genus_unique_family
Rogunavirus,Drexlerviridae,,dsDNA,11,exact_current_genus_unique_family
Rohelivirus,Picornaviridae,Picornavirales,ssRNA(+),1,exact_current_genus_unique_family
Rollinsvirus,Pootjesviridae,,dsDNA,1,exact_current_genus_unique_family
Romarinivirus,Kidogoviridae,Roodoodoovirales,ssDNA(+),1,exact_current_genus_unique_family
Rominovirus,Kidogoviridae,Roodoodoovirales,ssDNA(+),1,exact_current_genus_unique_family
Ronavirus,Birnaviridae,,dsRNA,1,exact_current_genus_unique_family
Ronodorvirus,Kyanoviridae,Pantevenvirales,dsDNA,2,exact_current_genus_unique_family
Roporiferavirus,Kidogoviridae,Roodoodoovirales,ssDNA(+),1,exact_current_genus_unique_family
Rosadnavirus,Caulimoviridae,Ortervirales,dsDNA-RT,2,exact_current_genus_unique_family
Rosaltivirus,Kidogoviridae,Roodoodoovirales,ssDNA(+),1,exact_current_genus_unique_family
Rosavirus,Picornaviridae,Picornavirales,ssRNA(+),3,exact_current_genus_unique_family
Roscoffvirus,Autosignataviridae,Autographivirales,dsDNA,1,exact_current_genus_unique_family
Rosenblumvirus,Rountreeviridae,,dsDNA,18,exact_current_genus_unique_family
Roseolovirus,Orthoherpesviridae,Herpesvirales,dsDNA,6,exact_current_genus_unique_family
Roskoffvirus,Schitoviridae,,dsDNA,1,exact_current_genus_unique_family
Rotavirus,Sedoreoviridae,Reovirales,dsRNA,11,exact_current_genus_unique_family
Roymovirus,Potyviridae,Patatavirales,ssRNA(+),2,exact_current_genus_unique_family
Rtpvirus,Drexlerviridae,,dsDNA,3,exact_current_genus_unique_family
Rubivirus,Matonaviridae,Hepelivirales,ssRNA(+),3,exact_current_genus_unique_family
Rubodvirus,Phenuiviridae,Hareavirales,ssRNA(-),4,exact_current_genus_unique_family
Rudgehvirus,Intestiviridae,Crassvirales,dsDNA,1,exact_current_genus_unique_family
Ruegerigtaviriform,Rhodogtaviriformidae,,dsDNA,1,exact_current_genus_unique_family
Ruflodivirus,Caulimoviridae,Ortervirales,dsDNA-RT,1,exact_current_genus_unique_family
Rumoivirus,Asemoviridae,Vinavirales,dsDNA,1,exact_current_genus_unique_family
Rusvolovirus,Fiersviridae,Norzivirales,ssRNA(+),2,exact_current_genus_unique_family
Rydonovirus,Steitzviridae,Timlovirales,ssRNA(+),7,exact_current_genus_unique_family
Rymovirus,Potyviridae,Patatavirales,ssRNA(+),3,exact_current_genus_unique_family
Rytunovirus,Fiersviridae,Norzivirales,ssRNA(+),1,exact_current_genus_unique_family
Saanivirus,Betagokushoviridae,Gokushovirales,ssDNA(+),1,exact_current_genus_unique_family
Sabavirus,Nairoviridae,Hareavirales,ssRNA(-),1,exact_current_genus_unique_family
Sabivirus,Schitoviridae,,dsDNA,1,exact_current_genus_unique_family
Sabourvirus,Chaseviridae,,dsDNA,1,exact_current_genus_unique_family
Saclayvirus,Luriaviridae,,dsDNA,9,exact_current_genus_unique_family
Sadetorquevirus,Anelloviridae,Sanitavirales,ssDNA(-),2,exact_current_genus_unique_family
Sadiyavirus,Drexlerviridae,,dsDNA,1,exact_current_genus_unique_family
Sadornvirus,Kanorauviridae,Saturnivirales,ssDNA(+/-),1,exact_current_genus_unique_family
Sadwavirus,Secoviridae,Picornavirales,ssRNA(+),15,exact_current_genus_unique_family
Saetivirus,Inoviridae,Tubulavirales,ssDNA(+); ssDNA(+/-),2,exact_current_genus_unique_family
Sagusvirus,Kanorauviridae,Saturnivirales,ssDNA(+/-),2,exact_current_genus_unique_family
Sahlfavirus,Steitzviridae,Timlovirales,ssRNA(+),1,exact_current_genus_unique_family
Sahondenvirus,Betagokushoviridae,Gokushovirales,ssDNA(+),1,exact_current_genus_unique_family
Sahondevirus,Pichoviridae,Gokushovirales,ssDNA(+),1,exact_current_genus_unique_family
Sahwbrivirus,Fiersviridae,Norzivirales,ssRNA(+),1,exact_current_genus_unique_family
Sajorinivirus,Nanhypoviridae,Nidovirales,ssRNA(+),1,exact_current_genus_unique_family
Sakkuthvirus,Kanorauviridae,Saturnivirales,ssDNA(+/-),5,exact_current_genus_unique_family
Sakobuvirus,Picornaviridae,Picornavirales,ssRNA(+),1,exact_current_genus_unique_family
Salacisavirus,Kyanoviridae,Pantevenvirales,dsDNA,1,exact_current_genus_unique_family
Salasvirus,Salasmaviridae,,dsDNA,4,exact_current_genus_unique_family
Salchichonvirus,Herelleviridae,,dsDNA,1,exact_current_genus_unique_family
Saldibavirus,Haloferuviridae,Kirjokansivirales,dsDNA,1,exact_current_genus_unique_family
Salemvirus,Paramyxoviridae,Mononegavirales,ssRNA(-),1,exact_current_genus_unique_family
Salinovirus,Zobellviridae,,dsDNA,1,exact_current_genus_unique_family
Salisharnavirus,Marnaviridae,Picornavirales,ssRNA(+),4,exact_current_genus_unique_family
Salivirus,Picornaviridae,Picornavirales,ssRNA(+),1,exact_current_genus_unique_family
Salmonpoxvirus,Poxviridae,Chitovirales,dsDNA,1,exact_current_genus_unique_family
Salmovirus,Alloherpesviridae,Herpesvirales,dsDNA,3,exact_current_genus_unique_family
Salovirus,Caliciviridae,Picornavirales,ssRNA(+),1,exact_current_genus_unique_family
Salterprovirus,Halspiviridae,,dsDNA,1,exact_current_genus_unique_family
Salvovirus,Casjensviridae,,dsDNA,2,exact_current_genus_unique_family
Sambuevirus,Fiersviridae,Norzivirales,ssRNA(+),2,exact_current_genus_unique_family
Samektorquevirus,Anelloviridae,Sanitavirales,ssDNA(-),4,exact_current_genus_unique_family
Samistivirus,Stanwilliamsviridae,,dsDNA,11,exact_current_genus_unique_family
Samsavirus,Saparoviridae,,dsDNA,1,exact_current_genus_unique_family
Samsivirus,Pituviridae,,dsDNA,1,exact_current_genus_unique_family
Samuneavirus,Duinviridae,Norzivirales,ssRNA(+),1,exact_current_genus_unique_family
Sanchirvirus,Kanorauviridae,Saturnivirales,ssDNA(+/-),1,exact_current_genus_unique_family
Sandeparvovirus,Parvoviridae,Piccovirales,ssDNA,1,exact_current_genus_unique_family
Sanguivirus,Peduoviridae,,dsDNA,1,exact_current_genus_unique_family
Sanivirus,Kanorauviridae,Saturnivirales,ssDNA(+/-),2,exact_current_genus_unique_family
Sanovirus,Casjensviridae,,dsDNA,1,exact_current_genus_unique_family
Sanstrivirus,Lispiviridae,Mononegavirales,ssRNA(-),1,exact_current_genus_unique_family
Sanyabayvirus,Schitoviridae,,dsDNA,1,exact_current_genus_unique_family
Saothovirus,Kanorauviridae,Saturnivirales,ssDNA(+/-),6,exact_current_genus_unique_family
Sapelovirus,Picornaviridae,Picornavirales,ssRNA(+),2,exact_current_genus_unique_family
Sapovirus,Caliciviridae,Picornavirales,ssRNA(+),1,exact_current_genus_unique_family
Sardinovirus,Orthomyxoviridae,Articulavirales,ssRNA(-),1,exact_current_genus_unique_family
Sarmavirus,Autotranscriptaviridae,Autographivirales,dsDNA,1,exact_current_genus_unique_family
Sarmentivirus,Inoviridae,Tubulavirales,ssDNA(+),1,exact_current_genus_unique_family
Satomivirus,Konodaiviridae,,dsDNA,1,exact_current_genus_unique_family
Satyrivirus,Gandrviridae,Gredzevirales,ssDNA(+/-),1,exact_current_genus_unique_family
Saudhavirus,Fiersviridae,Norzivirales,ssRNA(+),1,exact_current_genus_unique_family
Sauletekiovirus,Drexlerviridae,,dsDNA,1,exact_current_genus_unique_family
Savitribaivirus,Autoscriptoviridae,Autographivirales,dsDNA,1,exact_current_genus_unique_family
Savurvirus,Kanorauviridae,Saturnivirales,ssDNA(+/-),1,exact_current_genus_unique_family
Sawastrivirus,Phasmaviridae,Elliovirales,ssRNA(-),1,exact_current_genus_unique_family
Sawgrhavirus,Rhabdoviridae,Mononegavirales,ssRNA(-),4,exact_current_genus_unique_family
Sbehrnivirus,Fiersviridae,Norzivirales,ssRNA(+),1,exact_current_genus_unique_family
Sbenevirus,Pichoviridae,Gokushovirales,ssDNA(+),1,exact_current_genus_unique_family
Scarabeuvirus,Chuviridae,Jingchuvirales,ssRNA(-),7,exact_current_genus_unique_family
Scendivirus,Darmviridae,Crassvirales,dsDNA,1,exact_current_genus_unique_family
Schiekvirus,Herelleviridae,,dsDNA,20,exact_current_genus_unique_family
Schifferlevirus,Nixviridae,,dsDNA,4,exact_current_genus_unique_family
Schizotequatrovirus,Straboviridae,Pantevenvirales,dsDNA,3,exact_current_genus_unique_family
Schuylkillvirus,Zimmerviridae,,dsDNA,1,exact_current_genus_unique_family
Scindoambidensovirus,Parvoviridae,Piccovirales,ssDNA(+/-),6,exact_current_genus_unique_family
Scipiovirus,Hirszfeldviridae,,dsDNA,1,exact_current_genus_unique_family
Sciuripoxvirus,Poxviridae,Chitovirales,dsDNA,1,exact_current_genus_unique_family
Sciuriunavirus,Herelleviridae,,dsDNA,1,exact_current_genus_unique_family
Sclerodarnavirus,Alphaflexiviridae,Tymovirales,ssRNA(+),1,exact_current_genus_unique_family
Sclerotimonavirus,Mymonaviridae,Mononegavirales,ssRNA(-),24,exact_current_genus_unique_family
Scleroulivirus,Botourmiaviridae,Ourlivirales,ssRNA(+),26,exact_current_genus_unique_family
Scloravirus,Atkinsviridae,Norzivirales,ssRNA(+),1,exact_current_genus_unique_family
Scoliodonvirus,Paramyxoviridae,Mononegavirales,ssRNA(-),1,exact_current_genus_unique_family
Scophrhavirus,Rhabdoviridae,Mononegavirales,ssRNA(-),2,exact_current_genus_unique_family
Scottvirus,Autonotataviridae,Autographivirales,dsDNA,1,exact_current_genus_unique_family
Scuadavirus,Fiersviridae,Norzivirales,ssRNA(+),1,exact_current_genus_unique_family
Scutavirus,Orthoherpesviridae,Herpesvirales,dsDNA,2,exact_current_genus_unique_family
Scuticavirus,Inoviridae,Tubulavirales,ssDNA(+/-),1,exact_current_genus_unique_family
Scyllavirus,Kyanoviridae,Pantevenvirales,dsDNA,1,exact_current_genus_unique_family
Scytalavirus,Inoviridae,Tubulavirales,ssDNA(+),1,exact_current_genus_unique_family
Scythevirus,Kanorauviridae,Saturnivirales,ssDNA(+/-),6,exact_current_genus_unique_family
Sdadlevirus,Fiersviridae,Norzivirales,ssRNA(+),1,exact_current_genus_unique_family
Sdahravirus,Darmviridae,Crassvirales,dsDNA,1,exact_current_genus_unique_family
Sderotavirus,Steitzviridae,Timlovirales,ssRNA(+),3,exact_current_genus_unique_family
Sdoctuvirus,Fiersviridae,Norzivirales,ssRNA(+),1,exact_current_genus_unique_family
Sdohnivirus,Fiersviridae,Norzivirales,ssRNA(+),1,exact_current_genus_unique_family
Sdredfovirus,Fiersviridae,Norzivirales,ssRNA(+),3,exact_current_genus_unique_family
Sdredtuvirus,Fiersviridae,Norzivirales,ssRNA(+),1,exact_current_genus_unique_family
Sdretovirus,Fiersviridae,Norzivirales,ssRNA(+),1,exact_current_genus_unique_family
Sdribtuvirus,Atkinsviridae,Norzivirales,ssRNA(+),1,exact_current_genus_unique_family
Sdrodtuvirus,Steitzviridae,Timlovirales,ssRNA(+),1,exact_current_genus_unique_family
Seadornavirus,Sedoreoviridae,Reovirales,dsRNA,3,exact_current_genus_unique_family
Seavirus,Chicoviridae,Secretvirales,ssDNA(+),1,exact_current_genus_unique_family
Seawadnavirus,Bacilladnaviridae,Baphyvirales,ssDNA(+/-),3,exact_current_genus_unique_family
Sebastisaurusvirus,Colingsworthviridae,,dsDNA,3,exact_current_genus_unique_family
Seckivirus,Fiersviridae,Norzivirales,ssRNA(+),1,exact_current_genus_unique_family
Sectovirus,Tobaniviridae,Nidovirales,ssRNA(+),1,exact_current_genus_unique_family
Sedonavirus,Kyanoviridae,Pantevenvirales,dsDNA,1,exact_current_genus_unique_family
Seejivirus,Graaviviridae,Kirjokansivirales,dsDNA,1,exact_current_genus_unique_family
Seetinvirus,Kanorauviridae,Saturnivirales,ssDNA(+/-),1,exact_current_genus_unique_family
Sehcuvirus,Steitzviridae,Timlovirales,ssRNA(+),1,exact_current_genus_unique_family
Sehpovirus,Fiersviridae,Norzivirales,ssRNA(+),1,exact_current_genus_unique_family
Sehtuvirus,Groupodiviridae,Gokushovirales,ssDNA(+),1,exact_current_genus_unique_family
Selfuvirus,Fiersviridae,Norzivirales,ssRNA(+),2,exact_current_genus_unique_family
Semitavirus,Inoviridae,Tubulavirales,ssDNA(+),1,exact_current_genus_unique_family
Semodevirus,Blumeviridae,Timlovirales,ssRNA(+),1,exact_current_genus_unique_family
Semotivirus,Belpaoviridae,Ortervirales,ssRNA-RT,11,exact_current_genus_unique_family
Sempoevirus,Steitzviridae,Timlovirales,ssRNA(+),1,exact_current_genus_unique_family
Senecavirus,Picornaviridae,Picornavirales,ssRNA(+),2,exact_current_genus_unique_family
Senectutivirus,Inoviridae,Tubulavirales,ssDNA(+),1,exact_current_genus_unique_family
Senitvirus,Yangangviridae,Juravirales,dsDNA,1,exact_current_genus_unique_family
Senquatrovirus,Peduoviridae,,dsDNA,1,exact_current_genus_unique_family
Seodaemunguvirus,Casjensviridae,,dsDNA,1,exact_current_genus_unique_family
Seongnamvirus,Peduoviridae,,dsDNA,1,exact_current_genus_unique_family
Seoulvirus,Chimalliviridae,,dsDNA,1,exact_current_genus_unique_family
Septovirus,Tobaniviridae,Nidovirales,ssRNA(+),1,exact_current_genus_unique_family
Sepunavirus,Herelleviridae,,dsDNA,2,exact_current_genus_unique_family
Sequivirus,Secoviridae,Picornavirales,ssRNA(+),5,exact_current_genus_unique_family
Serangoonvirus,Kyanoviridae,Pantevenvirales,dsDNA,1,exact_current_genus_unique_family
Seretavirus,Sarkviridae,,dsDNA,1,exact_current_genus_unique_family
Serkorvirus,Autotranscriptaviridae,Autographivirales,dsDNA,4,exact_current_genus_unique_family
Serpentivirus,Inoviridae,Tubulavirales,ssDNA(+),1,exact_current_genus_unique_family
Sertoctavirus,Drexlerviridae,,dsDNA,2,exact_current_genus_unique_family
Sertovirus,Tobaniviridae,Nidovirales,ssRNA(+),1,exact_current_genus_unique_family
Serwervirus,Chimalliviridae,,dsDNA,1,exact_current_genus_unique_family
Sessunavirus,Casjensviridae,,dsDNA,1,exact_current_genus_unique_family
Setdovirus,Steitzviridae,Timlovirales,ssRNA(+),1,exact_current_genus_unique_family
Sexopuavirus,Solspiviridae,Norzivirales,ssRNA(+),1,exact_current_genus_unique_family
Seybrovirus,Fiersviridae,Norzivirales,ssRNA(+),1,exact_current_genus_unique_family
Shabtayvirus,Kanorauviridae,Saturnivirales,ssDNA(+/-),2,exact_current_genus_unique_family
Shadyvirus,Colingsworthviridae,,dsDNA,1,exact_current_genus_unique_family
Shaekyvirus,Colingsworthviridae,,dsDNA,1,exact_current_genus_unique_family
Shalavirus,Herelleviridae,,dsDNA,1,exact_current_genus_unique_family
Shanbavirus,Picornaviridae,Picornavirales,ssRNA(+),1,exact_current_genus_unique_family
Shandvirus,Kyanoviridae,Pantevenvirales,dsDNA,2,exact_current_genus_unique_family
Shangavirus,Peribunyaviridae,Elliovirales,ssRNA(-),1,exact_current_genus_unique_family
Shanivirus,Kanorauviridae,Saturnivirales,ssDNA(+/-),14,exact_current_genus_unique_family
Shantouvirus,Chaseviridae,,dsDNA,2,exact_current_genus_unique_family
Shapirovirus,Jeanschmidtviridae,,dsDNA,2,exact_current_genus_unique_family
Sharonstreetvirus,Casjensviridae,,dsDNA,4,exact_current_genus_unique_family
Shaspivirus,Nairoviridae,Hareavirales,ssRNA(-),1,exact_current_genus_unique_family
Shebanavirus,Fiersviridae,Norzivirales,ssRNA(+),1,exact_current_genus_unique_family
Shedivirus,Darmviridae,Crassvirales,dsDNA,2,exact_current_genus_unique_family
Shehrpovirus,Fiersviridae,Norzivirales,ssRNA(+),1,exact_current_genus_unique_family
Shelovirus,Suoliviridae,Crassvirales,dsDNA,3,exact_current_genus_unique_family
Shenlongvirus,Vandenendeviridae,,dsDNA,1,exact_current_genus_unique_family
Shenzhenivirus,Kyanoviridae,Pantevenvirales,dsDNA,1,exact_current_genus_unique_family
Shenzhenvirus,Demerecviridae,,dsDNA,2,exact_current_genus_unique_family
Shestuvirus,Fiersviridae,Norzivirales,ssRNA(+),2,exact_current_genus_unique_family
Shienvirus,Konodaiviridae,,dsDNA,1,exact_current_genus_unique_family
Shihovirus,Fiersviridae,Norzivirales,ssRNA(+),7,exact_current_genus_unique_family
Shihwivirus,Blumeviridae,Timlovirales,ssRNA(+),1,exact_current_genus_unique_family
Shilevirus,Leishbuviridae,Hareavirales,ssRNA(-),11,exact_current_genus_unique_family
Shiltuvirus,Steitzviridae,Timlovirales,ssRNA(+),1,exact_current_genus_unique_family
Shipsduvirus,Fiersviridae,Norzivirales,ssRNA(+),1,exact_current_genus_unique_family
Shizishanvirus,Schitoviridae,,dsDNA,1,exact_current_genus_unique_family
Shodtevirus,Fiersviridae,Norzivirales,ssRNA(+),1,exact_current_genus_unique_family
Sholavirus,Fiersviridae,Norzivirales,ssRNA(+),1,exact_current_genus_unique_family
Shomudavirus,Fiersviridae,Norzivirales,ssRNA(+),1,exact_current_genus_unique_family
Shrewlevirus,Steitzviridae,Timlovirales,ssRNA(+),1,exact_current_genus_unique_family
Shrewlivirus,Fiersviridae,Norzivirales,ssRNA(+),1,exact_current_genus_unique_family
Shripenbrevirus,Parvoviridae,Piccovirales,ssDNA,1,exact_current_genus_unique_family
Shuldovirus,Fiersviridae,Norzivirales,ssRNA(+),1,exact_current_genus_unique_family
Shuntenvirus,Pichoviridae,Gokushovirales,ssDNA(+),1,exact_current_genus_unique_family
Shuolduvirus,Suoliviridae,Crassvirales,dsDNA,1,exact_current_genus_unique_family
Shutevirus,Fiersviridae,Norzivirales,ssRNA(+),1,exact_current_genus_unique_family
Shutovirus,Fiersviridae,Norzivirales,ssRNA(+),5,exact_current_genus_unique_family
Siadenovirus,Adenoviridae,Rowavirales,dsDNA,14,exact_current_genus_unique_family
Siatvirus,Chimalliviridae,,dsDNA,1,exact_current_genus_unique_family
Sicariusvirus,Berryhillviridae,,dsDNA,2,exact_current_genus_unique_family
Sichuanvirus,Hirszfeldviridae,,dsDNA,6,exact_current_genus_unique_family
Sicinivirus,Picornaviridae,Picornavirales,ssRNA(+),1,exact_current_genus_unique_family
Sickelvirus,Kanorauviridae,Saturnivirales,ssDNA(+/-),2,exact_current_genus_unique_family
Sicregavirus,Cremegaviridae,Nidovirales,ssRNA(+),1,exact_current_genus_unique_family
Sidiruavirus,Steitzviridae,Timlovirales,ssRNA(+),1,exact_current_genus_unique_family
Sigmapapillomavirus,Papillomaviridae,Zurhausenvirales,dsDNA,1,exact_current_genus_unique_family
Sigmatorquevirus,Anelloviridae,Sanitavirales,ssDNA(-),3,exact_current_genus_unique_family
Sigmavirus,Rhabdoviridae,Mononegavirales,ssRNA(-),26,exact_current_genus_unique_family
Silviavirus,Herelleviridae,,dsDNA,3,exact_current_genus_unique_family
Simiispumavirus,Retroviridae,Ortervirales,ssRNA-RT,15,exact_current_genus_unique_family
Siminovitchvirus,Herelleviridae,,dsDNA,3,exact_current_genus_unique_family
Simismacovirus,Smacoviridae,Cremevirales,ssDNA(+/-),2,exact_current_genus_unique_family
Simpcentumvirus,Peduoviridae,,dsDNA,1,exact_current_genus_unique_family
Simplexvirus,Orthoherpesviridae,Herpesvirales,dsDNA,17,exact_current_genus_unique_family
Sinaivirus,Sinhaliviridae,Nodamuvirales,ssRNA(+),2,exact_current_genus_unique_family
Sincthavirus,Fiersviridae,Norzivirales,ssRNA(+),2,exact_current_genus_unique_family
Sindarvirus,Naryaviridae,Rivendellvirales,ssDNA(+/-),2,exact_current_genus_unique_family
Siniperhavirus,Rhabdoviridae,Mononegavirales,ssRNA(-),2,exact_current_genus_unique_family
Sinsheimervirus,Eubullaviridae,Bullavirales,ssDNA(+),1,exact_current_genus_unique_family
Siophivirus,Herelleviridae,,dsDNA,1,exact_current_genus_unique_family
Siovirus,Zobellviridae,,dsDNA,3,exact_current_genus_unique_family
Siphunculivirus,Inoviridae,Tubulavirales,ssDNA(+/-),1,exact_current_genus_unique_family
Sirevirus,Pseudoviridae,Ortervirales,ssRNA-RT,5,exact_current_genus_unique_family
Sitinavirus,Nairoviridae,Hareavirales,ssRNA(-),1,exact_current_genus_unique_family
Skhembuvirus,Fiersviridae,Norzivirales,ssRNA(+),1,exact_current_genus_unique_family
Skysandvirus,Zierdtviridae,,dsDNA,3,exact_current_genus_unique_family
Slezavirus,Buchnerviridae,,dsDNA,1,exact_current_genus_unique_family
Slopekvirus,Straboviridae,Pantevenvirales,dsDNA,5,exact_current_genus_unique_family
Smasvirus,Autonotataviridae,Autographivirales,dsDNA,5,exact_current_genus_unique_family
Smehivirus,Darmviridae,Crassvirales,dsDNA,2,exact_current_genus_unique_family
Smudhfivirus,Fiersviridae,Norzivirales,ssRNA(+),1,exact_current_genus_unique_family
Snaubvirus,Autotranscriptaviridae,Autographivirales,dsDNA,1,exact_current_genus_unique_family
Snepbuvirus,Steigviridae,Crassvirales,dsDNA,1,exact_current_genus_unique_family
Snitdevirus,Fiersviridae,Norzivirales,ssRNA(+),4,exact_current_genus_unique_family
Snuvovirus,Suoliviridae,Crassvirales,dsDNA,2,exact_current_genus_unique_family
Sobemovirus,Solemoviridae,Sobelivirales,ssRNA(+),27,exact_current_genus_unique_family
Socyvirus,Nyamiviridae,Mononegavirales,ssRNA(-),1,exact_current_genus_unique_family
Soetuvirus,Fiersviridae,Norzivirales,ssRNA(+),1,exact_current_genus_unique_family
Sogarnavirus,Marnaviridae,Picornavirales,ssRNA(+),6,exact_current_genus_unique_family
Sokavirus,Kyanoviridae,Pantevenvirales,dsDNA,1,exact_current_genus_unique_family
Solendovirus,Caulimoviridae,Ortervirales,dsDNA-RT,2,exact_current_genus_unique_family
Solymavirus,Autotranscriptaviridae,Autographivirales,dsDNA,2,exact_current_genus_unique_family
Somasatellite,Alphasatellitidae,,ssDNA(+),1,exact_current_genus_unique_family
Somnumvirus,Pigerviridae,Methanobavirales,dsDNA,1,exact_current_genus_unique_family
Sonoravirus,Mazaviridae,Amoyvirales,ssDNA(+),1,exact_current_genus_unique_family
Sontinvirus,Betagokushoviridae,Gokushovirales,ssDNA(+),1,exact_current_genus_unique_family
Sophoyesatellite,Alphasatellitidae,,ssDNA(+),2,exact_current_genus_unique_family
Sopolycivirus,Polycipiviridae,Picornavirales,ssRNA(+),11,exact_current_genus_unique_family
Sovupevirus,Intestiviridae,Crassvirales,dsDNA,1,exact_current_genus_unique_family
Soymovirus,Caulimoviridae,Ortervirales,dsDNA-RT,7,exact_current_genus_unique_family
Sperdavirus,Steitzviridae,Timlovirales,ssRNA(+),1,exact_current_genus_unique_family
Sphagnuvirus,Betagokushoviridae,Gokushovirales,ssDNA(+),1,exact_current_genus_unique_family
Sphegnavirus,Pichoviridae,Gokushovirales,ssDNA(+),1,exact_current_genus_unique_family
Sphignavirus,Pichoviridae,Gokushovirales,ssDNA(+),1,exact_current_genus_unique_family
Sphinavirus,Pichoviridae,Gokushovirales,ssDNA(+),1,exact_current_genus_unique_family
Spicivirus,Spiciviridae,Ghabrivirales,dsRNA,13,exact_current_genus_unique_family
Spihruvirus,Suoliviridae,Crassvirales,dsDNA,3,exact_current_genus_unique_family
Spiromicrovirus,Alphagokushoviridae,Gokushovirales,ssDNA(+),1,exact_current_genus_unique_family
Splendidredvirus,Trautnerviridae,,dsDNA,2,exact_current_genus_unique_family
Sprivivirus,Rhabdoviridae,Mononegavirales,ssRNA(-),2,exact_current_genus_unique_family
Sputnikvirus,Sputniviroviridae,Mividavirales,dsDNA,2,exact_current_genus_unique_family
Sripuvirus,Rhabdoviridae,Mononegavirales,ssRNA(-),8,exact_current_genus_unique_family
Staminivirus,Inoviridae,Tubulavirales,ssDNA(+); ssDNA(+/-),2,exact_current_genus_unique_family
Stangrhavirus,Rhabdoviridae,Mononegavirales,ssRNA(-),5,exact_current_genus_unique_family
Stanolovirus,Fiersviridae,Norzivirales,ssRNA(+),3,exact_current_genus_unique_family
Stehlmavirus,Fiersviridae,Norzivirales,ssRNA(+),2,exact_current_genus_unique_family
Stehnavirus,Steitzviridae,Timlovirales,ssRNA(+),2,exact_current_genus_unique_family
Stentovirus,Ouroboviridae,Gredzevirales,ssDNA(+/-),1,exact_current_genus_unique_family
Sterodovirus,Fiersviridae,Norzivirales,ssRNA(+),1,exact_current_genus_unique_family
Sthenivirus,Gandrviridae,Gredzevirales,ssDNA(+/-),1,exact_current_genus_unique_family
Stoartovirus,Fiersviridae,Norzivirales,ssRNA(+),1,exact_current_genus_unique_family
Stompelvirus,Autotranscriptaviridae,Autographivirales,dsDNA,1,exact_current_genus_unique_family
Stompvirus,Autoscriptoviridae,Autographivirales,dsDNA,1,exact_current_genus_unique_family
Stonedovirus,Steitzviridae,Timlovirales,ssRNA(+),2,exact_current_genus_unique_family
Stoningtonvirus,Schitoviridae,,dsDNA,2,exact_current_genus_unique_family
Stoorivirus,Adamaviridae,Rohanvirales,ssDNA(+/-),1,exact_current_genus_unique_family
Storgivirus,Betagokushoviridae,Gokushovirales,ssDNA(+),1,exact_current_genus_unique_family
Stormycovirus,Betaormycoviridae,Formycovirales,ssRNA,2,exact_current_genus_unique_family
Stralarivirus,Secoviridae,Picornavirales,ssRNA(+),5,exact_current_genus_unique_family
Strehtovirus,Steitzviridae,Timlovirales,ssRNA(+),3,exact_current_genus_unique_family
Strenuaivirus,Draupnirviridae,Jormunvirales,ssDNA(+/-),1,exact_current_genus_unique_family
Strenuusivirus,Draupnirviridae,Jormunvirales,ssDNA(+/-),2,exact_current_genus_unique_family
Stretavirus,Fiersviridae,Norzivirales,ssRNA(+),1,exact_current_genus_unique_family
Striavirus,Filoviridae,Mononegavirales,ssRNA(-),1,exact_current_genus_unique_family
Stritovirus,Fiersviridae,Norzivirales,ssRNA(+),6,exact_current_genus_unique_family
Striwavirus,Nairoviridae,Hareavirales,ssRNA(-),1,exact_current_genus_unique_family
Strophivirus,Inoviridae,Tubulavirales,ssDNA(+),6,exact_current_genus_unique_family
Strotovirus,Blumeviridae,Timlovirales,ssRNA(+),1,exact_current_genus_unique_family
Strotuvirus,Steitzviridae,Timlovirales,ssRNA(+),1,exact_current_genus_unique_family
Stubburvirus,Autoscriptoviridae,Autographivirales,dsDNA,1,exact_current_genus_unique_family
Studlivirus,Steitzviridae,Timlovirales,ssRNA(+),1,exact_current_genus_unique_family
Stupavirus,Atkinsviridae,Norzivirales,ssRNA(+),2,exact_current_genus_unique_family
Stupevirus,Geplanaviridae,Geplafuvirales,ssDNA(+/-),1,exact_current_genus_unique_family
Stylovirus,Lispiviridae,Mononegavirales,ssRNA(-),1,exact_current_genus_unique_family
Styxivirus,Ouroboviridae,Gredzevirales,ssDNA(+/-),1,exact_current_genus_unique_family
Subabevirus,Sukshmaviridae,Gokushovirales,ssDNA(+),1,exact_current_genus_unique_family
Subclovsatellite,Alphasatellitidae,,ssDNA(+); ssDNA(+/-),4,exact_current_genus_unique_family
Subethovenvirus,Sukshmaviridae,Gokushovirales,ssDNA(+),1,exact_current_genus_unique_family
Subteminivirus,Inoviridae,Tubulavirales,ssDNA(+/-),1,exact_current_genus_unique_family
Sucapyvirus,Sukshmaviridae,Gokushovirales,ssDNA(+),1,exact_current_genus_unique_family
Sugarlandvirus,Demerecviridae,,dsDNA,18,exact_current_genus_unique_family
Suhnsivirus,Steitzviridae,Timlovirales,ssRNA(+),4,exact_current_genus_unique_family
Suhtovirus,Fiersviridae,Norzivirales,ssRNA(+),1,exact_current_genus_unique_family
Suipoxvirus,Poxviridae,Chitovirales,dsDNA,1,exact_current_genus_unique_family
Sukkupivirus,Zierdtviridae,,dsDNA,4,exact_current_genus_unique_family
Sukuvirus,Autonotataviridae,Autographivirales,dsDNA,1,exact_current_genus_unique_family
Sulruvirus,Suoliviridae,Crassvirales,dsDNA,2,exact_current_genus_unique_family
Sunrhavirus,Rhabdoviridae,Mononegavirales,ssRNA(-),15,exact_current_genus_unique_family
Sunshinevirus,Sunviridae,Mononegavirales,ssRNA(-),1,exact_current_genus_unique_family
Supelovirus,Lispiviridae,Mononegavirales,ssRNA(-),1,exact_current_genus_unique_family
Surghavirus,Steitzviridae,Timlovirales,ssRNA(+),2,exact_current_genus_unique_family
Suseptimavirus,Mtkvariviridae,,dsDNA,7,exact_current_genus_unique_family
Susfortunavirus,Guelinviridae,,dsDNA,3,exact_current_genus_unique_family
Sustrivirus,Betaflexiviridae,Tymovirales,ssRNA(+),1,exact_current_genus_unique_family
Sutorvirus,Sukshmaviridae,Gokushovirales,ssDNA(+),1,exact_current_genus_unique_family
Suttonboningtonvirus,Ehrlichviridae,,dsDNA,1,exact_current_genus_unique_family
Suturavirus,Plectroviridae,Tubulavirales,ssDNA(+),1,exact_current_genus_unique_family
Suwonvirus,Chaseviridae,,dsDNA,2,exact_current_genus_unique_family
Suydrochavirus,Sukshmaviridae,Gokushovirales,ssDNA(+),1,exact_current_genus_unique_family
Svidnicavirus,Buchnerviridae,,dsDNA,2,exact_current_genus_unique_family
Sweetvirus,Yanlukaviridae,Juravirales,dsDNA,1,exact_current_genus_unique_family
Swepdovirus,Casidaviridae,,dsDNA,1,exact_current_genus_unique_family
Swihdzovirus,Fiersviridae,Norzivirales,ssRNA(+),1,exact_current_genus_unique_family
Swoomyvirus,Oomyviridae,Lineavirales,ssDNA,1,exact_current_genus_unique_family
Sycamorevirus,Colingsworthviridae,,dsDNA,1,exact_current_genus_unique_family
Symapivirus,Picornaviridae,Picornavirales,ssRNA(+),1,exact_current_genus_unique_family
Synelinevirus,Lispiviridae,Mononegavirales,ssRNA(-),2,exact_current_genus_unique_family
Synodonvirus,Paramyxoviridae,Mononegavirales,ssRNA(-),1,exact_current_genus_unique_family
Tabernariusvirus,Lindbergviridae,,dsDNA,1,exact_current_genus_unique_family
Taceavirus,Chuviridae,Jingchuvirales,ssRNA(-),1,exact_current_genus_unique_family
Taduhovirus,Suoliviridae,Crassvirales,dsDNA,3,exact_current_genus_unique_family
Tahdivirus,Intestiviridae,Crassvirales,dsDNA,1,exact_current_genus_unique_family
Tahluvirus,Fiersviridae,Norzivirales,ssRNA(+),1,exact_current_genus_unique_family
Taijivirus,Fuxiviridae,,dsDNA,1,exact_current_genus_unique_family
Taipeivirus,Ackermannviridae,Pantevenvirales,dsDNA,8,exact_current_genus_unique_family
Tamanavirus,Flaviviridae,Amarillovirales,ssRNA(+),1,exact_current_genus_unique_family
Tamanovirus,Steitzviridae,Timlovirales,ssRNA(+),1,exact_current_genus_unique_family
Tambotovirus,Pecoviridae,Ringavirales,ssDNA(+/-),1,exact_current_genus_unique_family
Tamkungvirus,Kyanoviridae,Pantevenvirales,dsDNA,1,exact_current_genus_unique_family
Tanggwanvirus,Infernusviridae,,dsDNA,1,exact_current_genus_unique_family
Tantalovirus,Ouroboviridae,Gredzevirales,ssDNA(+/-),1,exact_current_genus_unique_family
Tanzavirus,Phenuiviridae,Hareavirales,ssRNA(-),1,exact_current_genus_unique_family
Taphiavirus,Ouroboviridae,Gredzevirales,ssDNA(+/-),1,exact_current_genus_unique_family
Tapikevirus,Fiersviridae,Norzivirales,ssRNA(+),3,exact_current_genus_unique_family
Tapjovirus,Filoviridae,Mononegavirales,ssRNA(-),1,exact_current_genus_unique_family
Tapwovirus,Nyamiviridae,Mononegavirales,ssRNA(-),2,exact_current_genus_unique_family
Taravirus,Adamaviridae,Rohanvirales,ssDNA(+/-),1,exact_current_genus_unique_family
Tartuvirus,Vandenendeviridae,,dsDNA,4,exact_current_genus_unique_family
Taupapillomavirus,Papillomaviridae,Zurhausenvirales,dsDNA,4,exact_current_genus_unique_family
Tecephavirus,Xinmoviridae,Mononegavirales,ssRNA(-),1,exact_current_genus_unique_family
Teciucevirus,Fiersviridae,Norzivirales,ssRNA(+),1,exact_current_genus_unique_family
Tedavirus,Ackermannviridae,Pantevenvirales,dsDNA,1,exact_current_genus_unique_family
Teetrevirus,Autotranscriptaviridae,Autographivirales,dsDNA,50,exact_current_genus_unique_family
Tefnutvirus,Kyanoviridae,Pantevenvirales,dsDNA,1,exact_current_genus_unique_family
Tegunavirus,Straboviridae,Pantevenvirales,dsDNA,3,exact_current_genus_unique_family
Tehmuvirus,Steitzviridae,Timlovirales,ssRNA(+),1,exact_current_genus_unique_family
Tehnexuvirus,Fiersviridae,Norzivirales,ssRNA(+),5,exact_current_genus_unique_family
Tehnicivirus,Steitzviridae,Timlovirales,ssRNA(+),7,exact_current_genus_unique_family
Tehuhdavirus,Duinviridae,Norzivirales,ssRNA(+),1,exact_current_genus_unique_family
Telemovirus,Ouroboviridae,Gredzevirales,ssDNA(+/-),1,exact_current_genus_unique_family
Telnavirus,Birnaviridae,,dsRNA,1,exact_current_genus_unique_family
Telperivirus,Adamaviridae,Rohanvirales,ssDNA(+/-),1,exact_current_genus_unique_family
Temblevirus,Fiersviridae,Norzivirales,ssRNA(+),4,exact_current_genus_unique_family
Temfrudevirus,Amesuviridae,Mulpavirales,ssDNA(+/-),1,exact_current_genus_unique_family
Templevirus,Fiersviridae,Norzivirales,ssRNA(+),1,exact_current_genus_unique_family
Templovirus,Fiersviridae,Norzivirales,ssRNA(+),1,exact_current_genus_unique_family
Tenuivirus,Phenuiviridae,Hareavirales,ssRNA(+/-); ssRNA(-); ssRNA(+/-),11,exact_current_genus_unique_family
Tenwovirus,Fiersviridae,Norzivirales,ssRNA(+),2,exact_current_genus_unique_family
Tepovirus,Betaflexiviridae,Tymovirales,ssRNA(+),5,exact_current_genus_unique_family
Tepukevirus,Chimalliviridae,,dsDNA,1,exact_current_genus_unique_family
Tequatrovirus,Straboviridae,Pantevenvirales,dsDNA,83,exact_current_genus_unique_family
Tequintavirus,Demerecviridae,,dsDNA,71,exact_current_genus_unique_family
Termitovirus,Flaviviridae,Amarillovirales,ssRNA(+),1,exact_current_genus_unique_family
Terrafusivirus,Nipumfusiviridae,,dsDNA,2,exact_current_genus_unique_family
Tertilicivirus,Inoviridae,Tubulavirales,ssDNA(+),1,exact_current_genus_unique_family
Teschovirus,Picornaviridae,Picornavirales,ssRNA(+),2,exact_current_genus_unique_family
Teseptimavirus,Autotranscriptaviridae,Autographivirales,dsDNA,28,exact_current_genus_unique_family
Testadenovirus,Adenoviridae,Rowavirales,dsDNA,1,exact_current_genus_unique_family
Tethysvirus,Mesomimiviridae,Imitervirales,dsDNA,5,exact_current_genus_unique_family
Tethyvirus,Ouroboviridae,Gredzevirales,ssDNA(+/-),2,exact_current_genus_unique_family
Tetraparvovirus,Parvoviridae,Piccovirales,ssDNA,8,exact_current_genus_unique_family
Tetricillivirus,Draupnirviridae,Jormunvirales,ssDNA(+/-),1,exact_current_genus_unique_family
Tetrivirus,Phypoliviridae,Archintovirales,dsDNA,1,exact_current_genus_unique_family
Tettorquevirus,Anelloviridae,Sanitavirales,ssDNA(-),1,exact_current_genus_unique_family
Tetuambidensovirus,Parvoviridae,Piccovirales,ssDNA(+/-),3,exact_current_genus_unique_family
Thalassavirus,Demerecviridae,,dsDNA,12,exact_current_genus_unique_family
Thamnovirus,Filoviridae,Mononegavirales,ssRNA(-),3,exact_current_genus_unique_family
Tharbavirus,Adamaviridae,Rohanvirales,ssDNA(+/-),1,exact_current_genus_unique_family
Thaumasvirus,Kyanoviridae,Pantevenvirales,dsDNA,1,exact_current_genus_unique_family
Thebevirus,Mahapunaviridae,Saturnivirales,ssDNA(+/-),1,exact_current_genus_unique_family
Thehlovirus,Steitzviridae,Timlovirales,ssRNA(+),1,exact_current_genus_unique_family
Theiavirus,Mimiviridae,Imitervirales,dsDNA,1,exact_current_genus_unique_family
Thengelvirus,Naryaviridae,Rivendellvirales,ssDNA(+/-),2,exact_current_genus_unique_family
Theraphagusvirus,Hirszfeldviridae,,dsDNA,2,exact_current_genus_unique_family
Thetaarterivirus,Arteriviridae,Nidovirales,ssRNA(+),2,exact_current_genus_unique_family
Thetahypovirus,Hypoviridae,Hypofuvirales,ssRNA(+),4,exact_current_genus_unique_family
Thetaourmiavirus,Ourmiaviridae,Ourlivirales,ssRNA(+),4,exact_current_genus_unique_family
Thetapapillomavirus,Papillomaviridae,Zurhausenvirales,dsDNA,1,exact_current_genus_unique_family
Thetapolyomavirus,Polyomaviridae,Sepolyvirales,dsDNA,4,exact_current_genus_unique_family
Thetatorquevirus,Anelloviridae,Sanitavirales,ssDNA(+/-); ssDNA(-),9,exact_current_genus_unique_family
Thetisvirus,Kyanoviridae,Pantevenvirales,dsDNA,1,exact_current_genus_unique_family
Thisbivirus,Gandrviridae,Gredzevirales,ssDNA(+/-),1,exact_current_genus_unique_family
Thiuhmevirus,Solspiviridae,Norzivirales,ssRNA(+),1,exact_current_genus_unique_family
Thiwvovirus,Fiersviridae,Norzivirales,ssRNA(+),1,exact_current_genus_unique_family
Thiyevirus,Fiersviridae,Norzivirales,ssRNA(+),1,exact_current_genus_unique_family
Thobivirus,Fiersviridae,Norzivirales,ssRNA(+),1,exact_current_genus_unique_family
Thogotovirus,Orthomyxoviridae,Articulavirales,ssRNA(-),8,exact_current_genus_unique_family
Thomixvirus,Paulinoviridae,Tubulavirales,ssDNA(+),2,exact_current_genus_unique_family
Thottimvirus,Hantaviridae,Elliovirales,ssRNA(-),2,exact_current_genus_unique_family
Thuhrlavirus,Steitzviridae,Timlovirales,ssRNA(+),1,exact_current_genus_unique_family
Thurisazvirus,Kolmioviridae,,ssRNA(-),2,exact_current_genus_unique_family
Thurlavirus,Fiersviridae,Norzivirales,ssRNA(+),3,exact_current_genus_unique_family
Thyiavirus,Gandrviridae,Gredzevirales,ssDNA(+/-),1,exact_current_genus_unique_family
Tibrovirus,Rhabdoviridae,Mononegavirales,ssRNA(-),8,exact_current_genus_unique_family
Ticahravirus,Fiersviridae,Norzivirales,ssRNA(+),1,exact_current_genus_unique_family
Tidunavirus,Chimalliviridae,,dsDNA,2,exact_current_genus_unique_family
Tigrvirus,Peduoviridae,,dsDNA,4,exact_current_genus_unique_family
Tigunavirus,Colingsworthviridae,,dsDNA,1,exact_current_genus_unique_family
Tikiyavirus,Steitzviridae,Timlovirales,ssRNA(+),38,exact_current_genus_unique_family
Tilapinevirus,Amnoonviridae,Articulavirales,ssRNA(-),1,exact_current_genus_unique_family
Timirovirus,Steitzviridae,Timlovirales,ssRNA(+),1,exact_current_genus_unique_family
Tirithivirus,Naryaviridae,Rivendellvirales,ssDNA(+/-),1,exact_current_genus_unique_family
Tlsvirus,Drexlerviridae,,dsDNA,22,exact_current_genus_unique_family
Tobalivirus,Tobaliviridae,Martellivirales,ssRNA(+),9,exact_current_genus_unique_family
Tobamovirus,Virgaviridae,Martellivirales,ssRNA(+),37,exact_current_genus_unique_family
Tobravirus,Virgaviridae,Martellivirales,ssRNA(+),3,exact_current_genus_unique_family
Tocinivirus,Mesoniviridae,Nidovirales,ssRNA(+),1,exact_current_genus_unique_family
Todtivirus,Fiersviridae,Norzivirales,ssRNA(+),1,exact_current_genus_unique_family
Tofonivirus,Mesoniviridae,Nidovirales,ssRNA(+),1,exact_current_genus_unique_family
Tohkunevirus,Solspiviridae,Norzivirales,ssRNA(+),1,exact_current_genus_unique_family
Tohvovirus,Fiersviridae,Norzivirales,ssRNA(+),5,exact_current_genus_unique_family
Tomasvirus,Stanwilliamsviridae,,dsDNA,1,exact_current_genus_unique_family
Tombusvirus,Tombusviridae,Tolivirales,ssRNA(+),17,exact_current_genus_unique_family
Tonitrusvirus,Verdandiviridae,,dsDNA,1,exact_current_genus_unique_family
Topilevirus,Geminiviridae,Geplafuvirales,ssDNA(+/-),2,exact_current_genus_unique_family
Topocuvirus,Geminiviridae,Geplafuvirales,ssDNA(+/-),1,exact_current_genus_unique_family
Torbevirus,Redondoviridae,Recrevirales,ssDNA(+/-),2,exact_current_genus_unique_family
Torchivirus,Picornaviridae,Picornavirales,ssRNA(+),1,exact_current_genus_unique_family
Torentivirus,Draupnirviridae,Jormunvirales,ssDNA(+/-),7,exact_current_genus_unique_family
Torinorumvirus,Autoscriptoviridae,Autographivirales,dsDNA,1,exact_current_genus_unique_family
Torinovirus,Vandenendeviridae,,dsDNA,1,exact_current_genus_unique_family
Tormycovirus,Gammaormycoviridae,Formycovirales,ssRNA,5,exact_current_genus_unique_family
Torovirus,Tobaniviridae,Nidovirales,ssRNA(+),4,exact_current_genus_unique_family
Torradovirus,Secoviridae,Picornavirales,ssRNA(+),16,exact_current_genus_unique_family
Totivirus,Orthototiviridae,Ghabrivirales,dsRNA,32,exact_current_genus_unique_family
Totsukavirus,Toyamaviridae,,dsDNA,1,exact_current_genus_unique_family
Tottorivirus,Picornaviridae,Picornavirales,ssRNA(+),1,exact_current_genus_unique_family
Toursvirus,Ascoviridae,Pimascovirales,dsDNA,1,exact_current_genus_unique_family
Traglyvirus,Madisaviridae,,dsDNA,1,exact_current_genus_unique_family
Tralespevirus,Tombusviridae,Tolivirales,ssRNA(+),2,exact_current_genus_unique_family
Tramlacvirus,Groupodiviridae,Gokushovirales,ssDNA(+),1,exact_current_genus_unique_family
Tredecimvirus,Druskaviridae,Thumleimavirales,dsDNA,1,exact_current_genus_unique_family
Treisdeltapapillomavirus,Papillomaviridae,Zurhausenvirales,dsDNA,1,exact_current_genus_unique_family
Treisepsilonpapillomavirus,Papillomaviridae,Zurhausenvirales,dsDNA,1,exact_current_genus_unique_family
Treisetapapillomavirus,Papillomaviridae,Zurhausenvirales,dsDNA,1,exact_current_genus_unique_family
Treisiotapapillomavirus,Papillomaviridae,Zurhausenvirales,dsDNA,1,exact_current_genus_unique_family
Treiskappapapillomavirus,Papillomaviridae,Zurhausenvirales,dsDNA,1,exact_current_genus_unique_family
Treisthetapapillomavirus,Papillomaviridae,Zurhausenvirales,dsDNA,1,exact_current_genus_unique_family
Treiszetapapillomavirus,Papillomaviridae,Zurhausenvirales,dsDNA,1,exact_current_genus_unique_family
Trelivelvirus,Autoscriptoviridae,Autographivirales,dsDNA,1,exact_current_genus_unique_family
Tremovirus,Picornaviridae,Picornavirales,ssRNA(+),2,exact_current_genus_unique_family
Tresduoquattuorvirus,Peduoviridae,,dsDNA,1,exact_current_genus_unique_family
Triamitovirus,Mitoviridae,Cryppavirales,ssRNA(+),9,exact_current_genus_unique_family
Triatovirus,Dicistroviridae,Picornavirales,ssRNA(+),5,exact_current_genus_unique_family
Trichomonasvirus,Pseudototiviridae,Ghabrivirales,dsRNA,5,exact_current_genus_unique_family
Trichovirus,Betaflexiviridae,Tymovirales,ssRNA(+),10,exact_current_genus_unique_family
Triduovirus,Schitoviridae,,dsDNA,1,exact_current_genus_unique_family
Trinifflemingvirus,Pootjesviridae,,dsDNA,3,exact_current_genus_unique_family
Triniovirus,Xinmoviridae,Mononegavirales,ssRNA(-),1,exact_current_genus_unique_family
Trirhavirus,Rhabdoviridae,Mononegavirales,ssRNA(-),6,exact_current_genus_unique_family
Tritimovirus,Potyviridae,Patatavirales,ssRNA(+),6,exact_current_genus_unique_family
Trocevirus,Xinmoviridae,Mononegavirales,ssRNA(-),1,exact_current_genus_unique_family
Troedvirus,Autotranscriptaviridae,Autographivirales,dsDNA,2,exact_current_genus_unique_family
Trofluuvirus,Suoliviridae,Crassvirales,dsDNA,2,exact_current_genus_unique_family
Tropivirus,Picornaviridae,Picornavirales,ssRNA(+),2,exact_current_genus_unique_family
Trotivirus,Fiersviridae,Norzivirales,ssRNA(+),10,exact_current_genus_unique_family
Trucevirus,Fiersviridae,Norzivirales,ssRNA(+),3,exact_current_genus_unique_family
Trungvirus,Autosignataviridae,Autographivirales,dsDNA,1,exact_current_genus_unique_family
Tsarbombavirus,Herelleviridae,,dsDNA,2,exact_current_genus_unique_family
Tsigisvirus,Basaltiviridae,,dsDNA,2,exact_current_genus_unique_family
Tsuhreavirus,Steitzviridae,Timlovirales,ssRNA(+),1,exact_current_genus_unique_family
Tsukubavirus,Anamaviridae,,dsDNA,12,exact_current_genus_unique_family
Tudmivirus,Fiersviridae,Norzivirales,ssRNA(+),1,exact_current_genus_unique_family
Tulanevirus,Straboviridae,Pantevenvirales,dsDNA,8,exact_current_genus_unique_family
Tunavirus,Drexlerviridae,,dsDNA,24,exact_current_genus_unique_family
Tunggulvirus,Autoscriptoviridae,Autographivirales,dsDNA,2,exact_current_genus_unique_family
Tungrovirus,Caulimoviridae,Ortervirales,dsDNA-RT,2,exact_current_genus_unique_family
Tuodvirus,Autosignataviridae,Autographivirales,dsDNA,1,exact_current_genus_unique_family
Tupaivirus,Paramyxoviridae,Mononegavirales,ssRNA(-),1,exact_current_genus_unique_family
Tupanvirus,Mimiviridae,Imitervirales,dsDNA,2,exact_current_genus_unique_family
Tupavirus,Rhabdoviridae,Mononegavirales,ssRNA(-),10,exact_current_genus_unique_family
Turncurtovirus,Geminiviridae,Geplafuvirales,ssDNA(+/-),3,exact_current_genus_unique_family
Turrinivirus,Medioniviridae,Nidovirales,ssRNA(+),1,exact_current_genus_unique_family
Tuskovirus,Steitzviridae,Timlovirales,ssRNA(+),3,exact_current_genus_unique_family
Tuwendivirus,Steitzviridae,Timlovirales,ssRNA(+),2,exact_current_genus_unique_family
Tuxingvirus,Kanorauviridae,Saturnivirales,ssDNA(+/-),1,exact_current_genus_unique_family
Twortvirus,Herelleviridae,,dsDNA,1,exact_current_genus_unique_family
Tybeckvirus,Herelleviridae,,dsDNA,2,exact_current_genus_unique_family
Tymovirus,Tymoviridae,Tymovirales,ssRNA(+),30,exact_current_genus_unique_family
Tyrahlevirus,Solspiviridae,Norzivirales,ssRNA(+),1,exact_current_genus_unique_family
Tysohivirus,Fiersviridae,Norzivirales,ssRNA(+),1,exact_current_genus_unique_family
Uavernvirus,Vandenendeviridae,,dsDNA,1,exact_current_genus_unique_family
Uewvirus,Anicreviridae,Mulpavirales,ssDNA(+/-),1,exact_current_genus_unique_family
Ulaervirus,Vilyaviridae,Cirlivirales,ssDNA(+/-),1,exact_current_genus_unique_family
Ulegvirus,Xinmoviridae,Mononegavirales,ssRNA(-),1,exact_current_genus_unique_family
Ulenhavirus,Steitzviridae,Timlovirales,ssRNA(+),1,exact_current_genus_unique_family
Uliginvirus,Autosignataviridae,Autographivirales,dsDNA,1,exact_current_genus_unique_family
Ulinhavirus,Fiersviridae,Norzivirales,ssRNA(+),3,exact_current_genus_unique_family
Ulipvirus,Autosignataviridae,Autographivirales,dsDNA,5,exact_current_genus_unique_family
Ulwavirus,Adamaviridae,Rohanvirales,ssDNA(+/-),1,exact_current_genus_unique_family
Umbravirus,Tombusviridae,Tolivirales,ssRNA(+),11,exact_current_genus_unique_family
Unahavirus,Duneviridae,,dsDNA,4,exact_current_genus_unique_family
Uniorhavirus,Rhabdoviridae,Mononegavirales,ssRNA(-),1,exact_current_genus_unique_family
Unirnavirus,Amalgaviridae,Durnavirales,dsRNA,13,exact_current_genus_unique_family
Unosvirus,Autotranscriptaviridae,Autographivirales,dsDNA,2,exact_current_genus_unique_family
Unuamitovirus,Mitoviridae,Cryppavirales,ssRNA(+),46,exact_current_genus_unique_family
Unyawovirus,Autotranscriptaviridae,Autographivirales,dsDNA,2,exact_current_genus_unique_family
Upborqevirus,Fiersviridae,Norzivirales,ssRNA(+),2,exact_current_genus_unique_family
Upirshuvirus,Solspiviridae,Norzivirales,ssRNA(+),3,exact_current_genus_unique_family
Upsilonpapillomavirus,Papillomaviridae,Zurhausenvirales,dsDNA,3,exact_current_genus_unique_family
Upsilontorquevirus,Anelloviridae,Sanitavirales,ssDNA(-),8,exact_current_genus_unique_family
Ureyisuvirus,Fiersviridae,Norzivirales,ssRNA(+),1,exact_current_genus_unique_family
Usarudivirus,Rudiviridae,Ligamenvirales,dsDNA,6,exact_current_genus_unique_family
Ushigomevirus,Toyamaviridae,,dsDNA,1,exact_current_genus_unique_family
Ushumevirus,Fiersviridae,Norzivirales,ssRNA(+),1,exact_current_genus_unique_family
Usmuvirus,Lispiviridae,Mononegavirales,ssRNA(-),1,exact_current_genus_unique_family
Uukuvirus,Phenuiviridae,Hareavirales,ssRNA(-); ssRNA(-); ssRNA(+/-),32,exact_current_genus_unique_family
Vaccinivirus,Caulimoviridae,Ortervirales,dsDNA-RT,1,exact_current_genus_unique_family
Valarivirus,Adamaviridae,Rohanvirales,ssDNA(+/-),1,exact_current_genus_unique_family
Valbvirus,Peduoviridae,,dsDNA,1,exact_current_genus_unique_family
Valdenburkvirus,Buchnerviridae,,dsDNA,1,exact_current_genus_unique_family
Valentivirus,Draupnirviridae,Jormunvirales,ssDNA(+/-),4,exact_current_genus_unique_family
Validivirus,Draupnirviridae,Jormunvirales,ssDNA(+/-),1,exact_current_genus_unique_family
Valinorvirus,Nenyaviridae,Rohanvirales,ssDNA(+),2,exact_current_genus_unique_family
Valovirus,Caliciviridae,Picornavirales,ssRNA(+),1,exact_current_genus_unique_family
Vanleevirus,Kruegerviridae,,dsDNA,1,exact_current_genus_unique_family
Vansinderenvirus,Aliceevansviridae,,dsDNA,11,exact_current_genus_unique_family
Vanyarvirus,Adamaviridae,Rohanvirales,ssDNA(+/-),2,exact_current_genus_unique_family
Vapochuvirus,Chuviridae,Jingchuvirales,ssRNA(-),1,exact_current_genus_unique_family
Vapseptimavirus,Ackermannviridae,Pantevenvirales,dsDNA,1,exact_current_genus_unique_family
Varicellovirus,Orthoherpesviridae,Herpesvirales,dsDNA,20,exact_current_genus_unique_family
Varicosavirus,Rhabdoviridae,Mononegavirales,ssRNA(-),46,exact_current_genus_unique_family
Varunavirus,Schitoviridae,,dsDNA,3,exact_current_genus_unique_family
Vashvirus,Colingsworthviridae,,dsDNA,3,exact_current_genus_unique_family
Vasivirus,Inoviridae,Tubulavirales,ssDNA(+/-),1,exact_current_genus_unique_family
Vastaquavirus,Osikeviridae,Reekeekeevirales,ssDNA(+),1,exact_current_genus_unique_family
Vastumavirus,Osikeviridae,Reekeekeevirales,ssDNA(+),1,exact_current_genus_unique_family
Vebetovirus,Tobaniviridae,Nidovirales,ssRNA(+),1,exact_current_genus_unique_family
Vectrevirus,Autosignataviridae,Autographivirales,dsDNA,18,exact_current_genus_unique_family
Vegetinivirus,Draupnirviridae,Jormunvirales,ssDNA(+/-),2,exact_current_genus_unique_family
Vegetivirus,Draupnirviridae,Jormunvirales,ssDNA(+/-),2,exact_current_genus_unique_family
Vehemenivirus,Draupnirviridae,Jormunvirales,ssDNA(+/-),1,exact_current_genus_unique_family
Velanvirus,Krittikaviridae,Magrovirales,dsDNA,1,exact_current_genus_unique_family
Velarivirus,Closteroviridae,Martellivirales,ssRNA(+),11,exact_current_genus_unique_family
Vellamovirus,Kyanoviridae,Pantevenvirales,dsDNA,2,exact_current_genus_unique_family
Velocianivirus,Draupnirviridae,Jormunvirales,ssDNA(+/-),1,exact_current_genus_unique_family
Veloxivirus,Draupnirviridae,Jormunvirales,ssDNA(+/-),1,exact_current_genus_unique_family
Vendavirus,Solspiviridae,Norzivirales,ssRNA(+),1,exact_current_genus_unique_family
Ventosusvirus,Vandenendeviridae,,dsDNA,1,exact_current_genus_unique_family
Ventrumvirus,Clermontviridae,,dsDNA,1,exact_current_genus_unique_family
Veravirus,Zobellviridae,,dsDNA,1,exact_current_genus_unique_family
Versovirus,Inoviridae,Tubulavirales,ssDNA(+); ssDNA(+/-),8,exact_current_genus_unique_family
Vesiculovirus,Rhabdoviridae,Mononegavirales,ssRNA(-),16,exact_current_genus_unique_family
Vesivirus,Caliciviridae,Picornavirales,ssRNA(+),2,exact_current_genus_unique_family
Vespertilionpoxvirus,Poxviridae,Chitovirales,dsDNA,1,exact_current_genus_unique_family
Vespertiliovirus,Plectroviridae,Tubulavirales,ssDNA(+),3,exact_current_genus_unique_family
Veterinaerplatzvirus,Drexlerviridae,,dsDNA,5,exact_current_genus_unique_family
Vetruanivirus,Lakviridae,Grandevirales,dsDNA,5,exact_current_genus_unique_family
Vibakivirus,Berryhillviridae,,dsDNA,1,exact_current_genus_unique_family
Vicialiavirus,Inoviridae,Tubulavirales,ssDNA(+/-),1,exact_current_genus_unique_family
Vicoquintavirus,Schitoviridae,,dsDNA,1,exact_current_genus_unique_family
Victorivirus,Pseudototiviridae,Ghabrivirales,dsRNA,32,exact_current_genus_unique_family
Vieuvirus,Buchnerviridae,,dsDNA,2,exact_current_genus_unique_family
Villovirus,Inoviridae,Tubulavirales,ssDNA(+); ssDNA(+/-),4,exact_current_genus_unique_family
Vilniusvirus,Drexlerviridae,,dsDNA,1,exact_current_genus_unique_family
Vilvertvirus,Zimmerviridae,,dsDNA,1,exact_current_genus_unique_family
Vimicrovirus,Eubullaviridae,Bullavirales,ssDNA(+),1,exact_current_genus_unique_family
Vimivirus,Pituviridae,,dsDNA,2,exact_current_genus_unique_family
Vimunumvirus,Peduoviridae,,dsDNA,1,exact_current_genus_unique_family
Vindevirus,Steitzviridae,Timlovirales,ssRNA(+),1,exact_current_genus_unique_family
Vingilotevirus,Vilyaviridae,Cirlivirales,ssDNA(+/-),2,exact_current_genus_unique_family
Violenivirus,Draupnirviridae,Jormunvirales,ssDNA(+/-),2,exact_current_genus_unique_family
Vipivirus,Zobellviridae,,dsDNA,1,exact_current_genus_unique_family
Vipunavirus,Demerecviridae,,dsDNA,1,exact_current_genus_unique_family
Viratusivirus,Draupnirviridae,Jormunvirales,ssDNA(+/-),1,exact_current_genus_unique_family
Virgulavirus,Plectroviridae,Tubulavirales,ssDNA(+),1,exact_current_genus_unique_family
Virilianivirus,Draupnirviridae,Jormunvirales,ssDNA(+/-),1,exact_current_genus_unique_family
Virtovirus,Tomosaviridae,Tombendovirales,ssRNA(+),1,exact_current_genus_unique_family
Viscerivirus,Inoviridae,Tubulavirales,ssDNA(+),1,exact_current_genus_unique_family
Vitivirus,Betaflexiviridae,Tymovirales,ssRNA(+),22,exact_current_genus_unique_family
Vittavirus,Inoviridae,Tubulavirales,ssDNA(+),1,exact_current_genus_unique_family
Viundeviginityvirus,Schitoviridae,,dsDNA,1,exact_current_genus_unique_family
Vividuovirus,Stackebrandtviridae,,dsDNA,20,exact_current_genus_unique_family
Vohsuavirus,Fiersviridae,Norzivirales,ssRNA(+),23,exact_current_genus_unique_family
Vojvodinavirus,Mesyanzhinovviridae,,dsDNA,4,exact_current_genus_unique_family
Volantivirus,Draupnirviridae,Jormunvirales,ssDNA(+/-),2,exact_current_genus_unique_family
Vormycovirus,Betaormycoviridae,Formycovirales,ssRNA,5,exact_current_genus_unique_family
Voulevirus,Solspiviridae,Norzivirales,ssRNA(+),2,exact_current_genus_unique_family
Vulnificusvirus,Peduoviridae,,dsDNA,1,exact_current_genus_unique_family
Vyasavirus,Satyavativiridae,Adrikavirales,dsDNA,1,exact_current_genus_unique_family
Wadatovirus,Toyamaviridae,,dsDNA,1,exact_current_genus_unique_family
Wadgaonvirus,Peduoviridae,,dsDNA,1,exact_current_genus_unique_family
Waedenswilvirus,Schitoviridae,,dsDNA,1,exact_current_genus_unique_family
Waewaevirus,Autoscriptoviridae,Autographivirales,dsDNA,1,exact_current_genus_unique_family
Wahbolevirus,Atkinsviridae,Norzivirales,ssRNA(+),2,exact_current_genus_unique_family
Wahdswovirus,Blumeviridae,Timlovirales,ssRNA(+),1,exact_current_genus_unique_family
Wahlkavirus,Steitzviridae,Timlovirales,ssRNA(+),2,exact_current_genus_unique_family
Wahlkovirus,Solspiviridae,Norzivirales,ssRNA(+),9,exact_current_genus_unique_family
Wahpevirus,Solspiviridae,Norzivirales,ssRNA(+),2,exact_current_genus_unique_family
Wahrwivirus,Solspiviridae,Norzivirales,ssRNA(+),13,exact_current_genus_unique_family
Wahspovirus,Steitzviridae,Timlovirales,ssRNA(+),4,exact_current_genus_unique_family
Wahtivirus,Solspiviridae,Norzivirales,ssRNA(+),2,exact_current_genus_unique_family
Waikavirus,Secoviridae,Picornavirales,ssRNA(+),42,exact_current_genus_unique_family
Wakandavirus,Stanwilliamsviridae,,dsDNA,2,exact_current_genus_unique_family
Walailakvirus,Hirszfeldviridae,,dsDNA,1,exact_current_genus_unique_family
Waldovirus,Autotranscriptaviridae,Autographivirales,dsDNA,2,exact_current_genus_unique_family
Wamavirus,Betaflexiviridae,Tymovirales,ssRNA(+),1,exact_current_genus_unique_family
Wanjuvirus,Autonotataviridae,Autographivirales,dsDNA,2,exact_current_genus_unique_family
Wargodvirus,Chiyouviridae,Ligamenvirales,dsDNA,1,exact_current_genus_unique_family
Warmivirus,Solspiviridae,Norzivirales,ssRNA(+),1,exact_current_genus_unique_family
Warsawvirus,Autotranscriptaviridae,Autographivirales,dsDNA,1,exact_current_genus_unique_family
Warwickvirus,Drexlerviridae,,dsDNA,18,exact_current_genus_unique_family
Waspevirus,Solspiviridae,Norzivirales,ssRNA(+),1,exact_current_genus_unique_family
Wastmicvirus,Betagokushoviridae,Gokushovirales,ssDNA(+),1,exact_current_genus_unique_family
Watanabevirus,Herelleviridae,,dsDNA,1,exact_current_genus_unique_family
Watorgevirus,Steitzviridae,Timlovirales,ssRNA(+),1,exact_current_genus_unique_family
Wawtorquevirus,Anelloviridae,Sanitavirales,ssDNA(-),6,exact_current_genus_unique_family
Webervirus,Drexlerviridae,,dsDNA,101,exact_current_genus_unique_family
Wecalvirus,Blefusviridae,,dsDNA,1,exact_current_genus_unique_family
Wecineivirus,Atkinsviridae,Norzivirales,ssRNA(+),1,exact_current_genus_unique_family
Wedhlevirus,Solspiviridae,Norzivirales,ssRNA(+),1,exact_current_genus_unique_family
Weflthvirus,Lispiviridae,Mononegavirales,ssRNA(-),1,exact_current_genus_unique_family
Wehlevirus,Steitzviridae,Timlovirales,ssRNA(+),1,exact_current_genus_unique_family
Wehlfuvirus,Solspiviridae,Norzivirales,ssRNA(+),2,exact_current_genus_unique_family
Wehsdovirus,Solspiviridae,Norzivirales,ssRNA(+),1,exact_current_genus_unique_family
Weillhallvirus,Vandenendeviridae,,dsDNA,1,exact_current_genus_unique_family
Welesbovirus,Solspiviridae,Norzivirales,ssRNA(+),1,exact_current_genus_unique_family
Wellingtonvirus,Chimalliviridae,,dsDNA,1,exact_current_genus_unique_family
Welwivirus,Geminiviridae,Geplafuvirales,ssDNA(+/-),2,exact_current_genus_unique_family
Wendovervirus,Epsomviridae,Grandevirales,dsDNA,1,exact_current_genus_unique_family
Wenrivirus,Phenuiviridae,Hareavirales,ssRNA(-),2,exact_current_genus_unique_family
Wenzhouvirus,Hirszfeldviridae,,dsDNA,2,exact_current_genus_unique_family
Weothlivirus,Solspiviridae,Norzivirales,ssRNA(+),1,exact_current_genus_unique_family
Wesdanuvirus,Steitzviridae,Timlovirales,ssRNA(+),1,exact_current_genus_unique_family
Westonuvirus,Steitzviridae,Timlovirales,ssRNA(+),1,exact_current_genus_unique_family
Whadcovirus,Steitzviridae,Timlovirales,ssRNA(+),1,exact_current_genus_unique_family
Whahdcavirus,Solspiviridae,Norzivirales,ssRNA(+),5,exact_current_genus_unique_family
Whedwasatellite,Alphasatellitidae,,ssDNA,1,exact_current_genus_unique_family
Whidchuvirus,Steitzviridae,Timlovirales,ssRNA(+),1,exact_current_genus_unique_family
Whietlevirus,Fiersviridae,Norzivirales,ssRNA(+),2,exact_current_genus_unique_family
Whiflysatellite,Alphasatellitidae,,ssDNA(+),1,exact_current_genus_unique_family
Whilavirus,Fiersviridae,Norzivirales,ssRNA(+),1,exact_current_genus_unique_family
Whispovirus,Nimaviridae,,dsDNA,2,exact_current_genus_unique_family
Whochfovirus,Solspiviridae,Norzivirales,ssRNA(+),2,exact_current_genus_unique_family
Whodehavirus,Atkinsviridae,Norzivirales,ssRNA(+),1,exact_current_genus_unique_family
Whopevirus,Intestiviridae,Crassvirales,dsDNA,1,exact_current_genus_unique_family
Whotchuvirus,Solspiviridae,Norzivirales,ssRNA(+),1,exact_current_genus_unique_family
Whotnavirus,Solspiviridae,Norzivirales,ssRNA(+),1,exact_current_genus_unique_family
Whudnevirus,Steitzviridae,Timlovirales,ssRNA(+),1,exact_current_genus_unique_family
Wibpevirus,Steitzviridae,Timlovirales,ssRNA(+),15,exact_current_genus_unique_family
Widsokivirus,Steitzviridae,Timlovirales,ssRNA(+),1,exact_current_genus_unique_family
Wifcevirus,Lindbergviridae,,dsDNA,10,exact_current_genus_unique_family
Wihbtavirus,Solspiviridae,Norzivirales,ssRNA(+),1,exact_current_genus_unique_family
Wihlevirus,Solspiviridae,Norzivirales,ssRNA(+),1,exact_current_genus_unique_family
Wiibonovirus,Intestiviridae,Crassvirales,dsDNA,1,exact_current_genus_unique_family
Wildcatvirus,Vilmaviridae,,dsDNA,1,exact_current_genus_unique_family
Wilfovirus,Steitzviridae,Timlovirales,ssRNA(+),1,exact_current_genus_unique_family
Wilnyevirus,Stanwilliamsviridae,,dsDNA,1,exact_current_genus_unique_family
Wilsonroadvirus,Drexlerviridae,,dsDNA,1,exact_current_genus_unique_family
Windevirus,Solspiviridae,Norzivirales,ssRNA(+),1,exact_current_genus_unique_family
Wingardivirus,Geplanaviridae,Geplafuvirales,ssDNA(+/-),2,exact_current_genus_unique_family
Winklervirus,Straboviridae,Pantevenvirales,dsDNA,2,exact_current_genus_unique_family
Wirwovirus,Steitzviridae,Timlovirales,ssRNA(+),1,exact_current_genus_unique_family
Witirovirus,Solspiviridae,Norzivirales,ssRNA(+),2,exact_current_genus_unique_family
Wixfovirus,Steitzviridae,Timlovirales,ssRNA(+),1,exact_current_genus_unique_family
Wixfuvirus,Solspiviridae,Norzivirales,ssRNA(+),1,exact_current_genus_unique_family
Wiyavirus,Betagokushoviridae,Gokushovirales,ssDNA(+),1,exact_current_genus_unique_family
Wizardvirus,Stackebrandtviridae,,dsDNA,20,exact_current_genus_unique_family
Woatevirus,Solspiviridae,Norzivirales,ssRNA(+),1,exact_current_genus_unique_family
Wohlvevirus,Solspiviridae,Norzivirales,ssRNA(+),1,exact_current_genus_unique_family
Wohodivirus,Steitzviridae,Timlovirales,ssRNA(+),1,exact_current_genus_unique_family
Wohrmlevirus,Steitzviridae,Timlovirales,ssRNA(+),1,exact_current_genus_unique_family
Wohtavirus,Steitzviridae,Timlovirales,ssRNA(+),1,exact_current_genus_unique_family
Wohtovirus,Solspiviridae,Norzivirales,ssRNA(+),10,exact_current_genus_unique_family
Wohudhevirus,Fiersviridae,Norzivirales,ssRNA(+),1,exact_current_genus_unique_family
Wolstavirus,Solspiviridae,Norzivirales,ssRNA(+),1,exact_current_genus_unique_family
Wolvivirus,Steitzviridae,Timlovirales,ssRNA(+),1,exact_current_genus_unique_family
Woshavirus,Solspiviridae,Norzivirales,ssRNA(+),1,exact_current_genus_unique_family
Wostovirus,Solspiviridae,Norzivirales,ssRNA(+),1,exact_current_genus_unique_family
Wotdevirus,Intestiviridae,Crassvirales,dsDNA,1,exact_current_genus_unique_family
Wphvirus,Herelleviridae,,dsDNA,5,exact_current_genus_unique_family
Wroclawvirus,Arenbergviridae,,dsDNA,1,exact_current_genus_unique_family
Wruxavirus,Steitzviridae,Timlovirales,ssRNA(+),3,exact_current_genus_unique_family
Wruxevirus,Solspiviridae,Norzivirales,ssRNA(+),2,exact_current_genus_unique_family
Wuhanvirus,Autotranscriptaviridae,Autographivirales,dsDNA,3,exact_current_genus_unique_family
Wuhivirus,Phasmaviridae,Elliovirales,ssRNA; ssRNA(-),2,exact_current_genus_unique_family
Wulfhauvirus,Steigviridae,Crassvirales,dsDNA,1,exact_current_genus_unique_family
Wulfhavirus,Solspiviridae,Norzivirales,ssRNA(+),1,exact_current_genus_unique_family
Wulmkuvirus,Solspiviridae,Norzivirales,ssRNA(+),1,exact_current_genus_unique_family
Wulosvivirus,Atkinsviridae,Norzivirales,ssRNA(+),1,exact_current_genus_unique_family
Wulouvirus,Solspiviridae,Norzivirales,ssRNA(+),1,exact_current_genus_unique_family
Wulsvirus,Luriaviridae,,dsDNA,3,exact_current_genus_unique_family
Wulvevirus,Solspiviridae,Norzivirales,ssRNA(+),1,exact_current_genus_unique_family
Wumivirus,Wupedeviridae,Hareavirales,ssRNA(-),1,exact_current_genus_unique_family
Wumpquatrovirus,Saffermanviridae,,dsDNA,2,exact_current_genus_unique_family
Wumptrevirus,Saffermanviridae,,dsDNA,3,exact_current_genus_unique_family
Wundevirus,Steitzviridae,Timlovirales,ssRNA(+),1,exact_current_genus_unique_family
Wurmloivirus,Solspiviridae,Norzivirales,ssRNA(+),1,exact_current_genus_unique_family
Wushavirus,Steitzviridae,Timlovirales,ssRNA(+),2,exact_current_genus_unique_family
Wyahnevirus,Fiersviridae,Norzivirales,ssRNA(+),1,exact_current_genus_unique_family
Xanthovirus,Anamaviridae,,dsDNA,1,exact_current_genus_unique_family
Xenophyvirus,Lispiviridae,Mononegavirales,ssRNA(-),1,exact_current_genus_unique_family
Xinspivirus,Nairoviridae,Hareavirales,ssRNA(-),1,exact_current_genus_unique_family
Xipapillomavirus,Papillomaviridae,Zurhausenvirales,dsDNA,5,exact_current_genus_unique_family
Xiphivirus,Inoviridae,Tubulavirales,ssDNA(+),1,exact_current_genus_unique_family
Xitorquevirus,Anelloviridae,Sanitavirales,ssDNA(-),2,exact_current_genus_unique_family
Xooduovirus,Mesyanzhinovviridae,,dsDNA,2,exact_current_genus_unique_family
Xoxocotlavirus,Schitoviridae,,dsDNA,1,exact_current_genus_unique_family
Xuanwuvirus,Peduoviridae,,dsDNA,4,exact_current_genus_unique_family
Xuanyuanvirus,Huangdiviridae,,dsDNA,1,exact_current_genus_unique_family
Xubiasivirus,Pituviridae,,dsDNA,1,exact_current_genus_unique_family
Xylavirus,Gammaflexiviridae,Tymovirales,ssRNA(+),1,exact_current_genus_unique_family
Xylivirus,Inoviridae,Tubulavirales,ssDNA(+/-),2,exact_current_genus_unique_family
Yadonushivirus,Yadonushiviridae,Ghabrivirales,dsRNA,1,exact_current_genus_unique_family
Yahinvirus,Xinmoviridae,Mononegavirales,ssRNA(-),1,exact_current_genus_unique_family
Yahnavirus,Fiersviridae,Norzivirales,ssRNA(+),3,exact_current_genus_unique_family
Yangshanfusivirus,Nipumfusiviridae,,dsDNA,1,exact_current_genus_unique_family
Yangvirus,Casidaviridae,,dsDNA,16,exact_current_genus_unique_family
Yaravirus,Yaraviridae,,dsDNA,1,exact_current_genus_unique_family
Yasminevirus,Mimiviridae,Imitervirales,dsDNA,1,exact_current_genus_unique_family
Yatapoxvirus,Poxviridae,Chitovirales,dsDNA,2,exact_current_genus_unique_family
Yavannavirus,Kirkoviridae,Rohanvirales,ssDNA(+/-),1,exact_current_genus_unique_family
Yaviravirus,Pecoviridae,Ringavirales,ssDNA(+/-),1,exact_current_genus_unique_family
Yekorevirus,Atkinsviridae,Norzivirales,ssRNA(+),2,exact_current_genus_unique_family
Yellowseavirus,Kyanoviridae,Pantevenvirales,dsDNA,1,exact_current_genus_unique_family
Yemegivirus,Fiersviridae,Norzivirales,ssRNA(+),1,exact_current_genus_unique_family
Yenihzavirus,Blumeviridae,Timlovirales,ssRNA(+),1,exact_current_genus_unique_family
Yermavirus,Amesuviridae,Mulpavirales,ssDNA(+/-),1,exact_current_genus_unique_family
Yeshinuvirus,Atkinsviridae,Norzivirales,ssRNA(+),3,exact_current_genus_unique_family
Yeziwivirus,Steitzviridae,Timlovirales,ssRNA(+),23,exact_current_genus_unique_family
Yingchengvirus,Simuloviridae,Halopanivirales,dsDNA,3,exact_current_genus_unique_family
Yingvirus,Qinviridae,Muvirales,ssRNA(-),8,exact_current_genus_unique_family
Yodtorquevirus,Anelloviridae,Sanitavirales,ssDNA(-),2,exact_current_genus_unique_family
Yohcadevirus,Fiersviridae,Norzivirales,ssRNA(+),1,exact_current_genus_unique_family
Yonginvirus,Schitoviridae,,dsDNA,1,exact_current_genus_unique_family
Yongunavirus,Peduoviridae,,dsDNA,1,exact_current_genus_unique_family
Yonseivirus,Casjensviridae,,dsDNA,3,exact_current_genus_unique_family
Yuanmingyuanvirus,Autotranscriptaviridae,Autographivirales,dsDNA,1,exact_current_genus_unique_family
Yuavirus,Mesyanzhinovviridae,,dsDNA,19,exact_current_genus_unique_family
Yuhrihovirus,Fiersviridae,Norzivirales,ssRNA(+),15,exact_current_genus_unique_family
Yulgyerivirus,Peduoviridae,,dsDNA,1,exact_current_genus_unique_family
Yumkaaxvirus,Ahmunviridae,Maximonvirales,dsDNA,2,exact_current_genus_unique_family
Yunamivirus,Vandenendeviridae,,dsDNA,1,exact_current_genus_unique_family
Yushanluvirus,Kyanoviridae,Pantevenvirales,dsDNA,1,exact_current_genus_unique_family
Yushanvirus,Chaseviridae,,dsDNA,2,exact_current_genus_unique_family
Yuyuevirus,Yueviridae,Goujianvirales,ssRNA(-),2,exact_current_genus_unique_family
Yvettevirus,Zimmerviridae,,dsDNA,1,exact_current_genus_unique_family
Zarhavirus,Rhabdoviridae,Mononegavirales,ssRNA(-),1,exact_current_genus_unique_family
Zayintorquevirus,Anelloviridae,Sanitavirales,ssDNA(+/-); ssDNA(-),18,exact_current_genus_unique_family
Zeavirus,Tombusviridae,Tolivirales,ssRNA(+),1,exact_current_genus_unique_family
Zedzedvirus,Straboviridae,Pantevenvirales,dsDNA,1,exact_current_genus_unique_family
Zetaarterivirus,Arteriviridae,Nidovirales,ssRNA(+),1,exact_current_genus_unique_family
Zetacystovirus,Cystoviridae,Mindivirales,dsRNA,1,exact_current_genus_unique_family
Zetahypovirus,Hypoviridae,Hypofuvirales,ssRNA(+),3,exact_current_genus_unique_family
Zetanudivirus,Nudiviridae,Lefavirales,dsDNA,6,exact_current_genus_unique_family
Zetaourmiavirus,Ourmiaviridae,Ourlivirales,ssRNA(+),2,exact_current_genus_unique_family
Zetapapillomavirus,Papillomaviridae,Zurhausenvirales,dsDNA,1,exact_current_genus_unique_family
Zetapolyomavirus,Polyomaviridae,Sepolyvirales,dsDNA,1,exact_current_genus_unique_family
Zetatorquevirus,Anelloviridae,Sanitavirales,ssDNA(-),1,exact_current_genus_unique_family
Zetavirus,Casidaviridae,,dsDNA,1,exact_current_genus_unique_family
Zhonglingvirus,Casjensviridae,,dsDNA,1,exact_current_genus_unique_family
Zhoulongquanvirus,Kyanoviridae,Pantevenvirales,dsDNA,1,exact_current_genus_unique_family
Zicotriavirus,Schitoviridae,,dsDNA,2,exact_current_genus_unique_family
Zindervirus,Autosignataviridae,Autographivirales,dsDNA,5,exact_current_genus_unique_family
Zirakzivirus,Adamaviridae,Rohanvirales,ssDNA(+/-),1,exact_current_genus_unique_family
Zitchvirus,Stackebrandtviridae,,dsDNA,7,exact_current_genus_unique_family
Zohalivirus,Kanorauviridae,Saturnivirales,ssDNA(+/-),1,exact_current_genus_unique_family
Zoomievirus,Autoscriptoviridae,Autographivirales,dsDNA,1,exact_current_genus_unique_family
Zuhalvirus,Kanorauviridae,Saturnivirales,ssDNA(+/-),1,exact_current_genus_unique_family
Zurivirus,Schitoviridae,,dsDNA,3,exact_current_genus_unique_family
Zybavirus,Amalgaviridae,Durnavirales,dsRNA,1,exact_current_genus_unique_family
