Tool,Lineage_ID,Source_file,Source_location,Raw_record_ID,Virus_accession,Virus_taxid,Original_virus_name,Original_taxonomic_label,Original_family_name,Current_ICTV_family,ICTV_version,Mapping_method,Mapping_confidence,Included_in_matrix,QC_status
UniVH,SCLIN0019974,input_original/manual_downloads/UniVH/dataset.csv,normalized from outputs/tables/univh_family_reconstruction_audit.csv row 1000; unit=NCBI species-rank aggregate,RAW0019974,,2971626,Rose virus C,Rose virus C,,,ICTV 2026 (MSL41.v1),no_vmr_match,unresolved,0,unresolved_not_included
UniVH,SCLIN0019975,input_original/manual_downloads/UniVH/dataset.csv,normalized from outputs/tables/univh_family_reconstruction_audit.csv row 1001; unit=NCBI species-rank aggregate,RAW0019975,,2971782,Macrobrachium rosenbergii virus 11,Macrobrachium rosenbergii virus 11,,,ICTV 2026 (MSL41.v1),no_vmr_match,unresolved,0,unresolved_not_included
UniVH,SCLIN0019976,input_original/manual_downloads/UniVH/dataset.csv,normalized from outputs/tables/univh_family_reconstruction_audit.csv row 1002; unit=NCBI species-rank aggregate,RAW0019976,,2971783,Macrobrachium rosenbergii virus 12,Macrobrachium rosenbergii virus 12,,,ICTV 2026 (MSL41.v1),no_vmr_match,unresolved,0,unresolved_not_included
UniVH,SCLIN0019977,input_original/manual_downloads/UniVH/dataset.csv,normalized from outputs/tables/univh_family_reconstruction_audit.csv row 1006; unit=NCBI species-rank aggregate,RAW0019977,,2971992,Ustilaginoidea virens RNA virus 7,Ustilaginoidea virens RNA virus 7,,,ICTV 2026 (MSL41.v1),no_vmr_match,unresolved,0,unresolved_not_included
UniVH,SCLIN0019978,input_original/manual_downloads/UniVH/dataset.csv,normalized from outputs/tables/univh_family_reconstruction_audit.csv row 1007; unit=NCBI species-rank aggregate,RAW0019978,,2972008,Fusarium graminearum virus-1 SD4,Fusarium graminearum virus-1 SD4,,,ICTV 2026 (MSL41.v1),no_vmr_match,unresolved,0,unresolved_not_included
UniVH,SCLIN0019979,input_original/manual_downloads/UniVH/dataset.csv,normalized from outputs/tables/univh_family_reconstruction_audit.csv row 1010; unit=NCBI species-rank aggregate,RAW0019979,,2973543,carrot red leaf virus associated RNA 2,carrot red leaf virus associated RNA 2,,,ICTV 2026 (MSL41.v1),no_vmr_match,unresolved,0,unresolved_not_included
UniVH,SCLIN0019980,input_original/manual_downloads/UniVH/dataset.csv,normalized from outputs/tables/univh_family_reconstruction_audit.csv row 1016; unit=NCBI species-rank aggregate,RAW0019980,,2974664,Fusarium poae fusagravirus 1,Fusarium poae fusagravirus 1,,,ICTV 2026 (MSL41.v1),no_vmr_match,unresolved,0,unresolved_not_included
UniVH,SCLIN0019981,input_original/manual_downloads/UniVH/dataset.csv,normalized from outputs/tables/univh_family_reconstruction_audit.csv row 1023; unit=NCBI species-rank aggregate,RAW0019981,,2991697,Trout granulomatous virus,Trout granulomatous virus,,,ICTV 2026 (MSL41.v1),no_vmr_match,unresolved,0,unresolved_not_included
UniVH,SCLIN0019982,input_original/manual_downloads/UniVH/dataset.csv,normalized from outputs/tables/univh_family_reconstruction_audit.csv row 1025; unit=NCBI species-rank aggregate,RAW0019982,,2993527,ticpantry virus 3,ticpantry virus 3,,,ICTV 2026 (MSL41.v1),no_vmr_match,unresolved,0,unresolved_not_included
UniVH,SCLIN0019983,input_original/manual_downloads/UniVH/dataset.csv,normalized from outputs/tables/univh_family_reconstruction_audit.csv row 1029; unit=NCBI species-rank aggregate,RAW0019983,,2996761,Grapevine pararetrovirus,Grapevine pararetrovirus,,,ICTV 2026 (MSL41.v1),no_vmr_match,unresolved,0,unresolved_not_included
UniVH,SCLIN0019984,input_original/manual_downloads/UniVH/dataset.csv,normalized from outputs/tables/univh_family_reconstruction_audit.csv row 103; unit=NCBI species-rank aggregate,RAW0019984,,1105380,Posavirus 1,Posavirus 1,,,ICTV 2026 (MSL41.v1),no_vmr_match,unresolved,0,unresolved_not_included
UniVH,SCLIN0019985,input_original/manual_downloads/UniVH/dataset.csv,normalized from outputs/tables/univh_family_reconstruction_audit.csv row 104; unit=NCBI species-rank aggregate,RAW0019985,,1105381,Posavirus 2,Posavirus 2,,,ICTV 2026 (MSL41.v1),no_vmr_match,unresolved,0,unresolved_not_included
UniVH,SCLIN0019986,input_original/manual_downloads/UniVH/dataset.csv,normalized from outputs/tables/univh_family_reconstruction_audit.csv row 1062; unit=NCBI species-rank aggregate,RAW0019986,,3042078,Umbelopsis ramanniana virus 7,Umbelopsis ramanniana virus 7,,,ICTV 2026 (MSL41.v1),no_vmr_match,unresolved,0,unresolved_not_included
UniVH,SCLIN0019987,input_original/manual_downloads/UniVH/dataset.csv,normalized from outputs/tables/univh_family_reconstruction_audit.csv row 1063; unit=NCBI species-rank aggregate,RAW0019987,,3042079,Umbelopsis ramanniana virus 8a,Umbelopsis ramanniana virus 8a,,,ICTV 2026 (MSL41.v1),no_vmr_match,unresolved,0,unresolved_not_included
UniVH,SCLIN0019988,input_original/manual_downloads/UniVH/dataset.csv,normalized from outputs/tables/univh_family_reconstruction_audit.csv row 113; unit=NCBI species-rank aggregate,RAW0019988,,1170422,Loreto virus,Loreto virus,,,ICTV 2026 (MSL41.v1),no_vmr_match,unresolved,0,unresolved_not_included
UniVH,SCLIN0019989,input_original/manual_downloads/UniVH/dataset.csv,normalized from outputs/tables/univh_family_reconstruction_audit.csv row 116; unit=NCBI species-rank aggregate,RAW0019989,,1181310,Sclerotinia sclerotiorum dsRNA mycovirus-L,Sclerotinia sclerotiorum dsRNA mycovirus-L,,,ICTV 2026 (MSL41.v1),no_vmr_match,unresolved,0,unresolved_not_included
UniVH,SCLIN0019990,input_original/manual_downloads/UniVH/dataset.csv,normalized from outputs/tables/univh_family_reconstruction_audit.csv row 1216; unit=NCBI species-rank aggregate,RAW0019990,,3051697,Carrot reovirus 1,Carrot reovirus 1,,,ICTV 2026 (MSL41.v1),no_vmr_match,unresolved,0,unresolved_not_included
UniVH,SCLIN0019991,input_original/manual_downloads/UniVH/dataset.csv,normalized from outputs/tables/univh_family_reconstruction_audit.csv row 121; unit=NCBI species-rank aggregate,RAW0019991,,1226329,Scylla paramamosain reovirus,Scylla paramamosain reovirus,,,ICTV 2026 (MSL41.v1),no_vmr_match,unresolved,0,unresolved_not_included
UniVH,SCLIN0019992,input_original/manual_downloads/UniVH/dataset.csv,normalized from outputs/tables/univh_family_reconstruction_audit.csv row 1392; unit=NCBI species-rank aggregate,RAW0019992,,3054764,Beet oak leaf virus,Beet oak leaf virus,,,ICTV 2026 (MSL41.v1),no_vmr_match,unresolved,0,unresolved_not_included
UniVH,SCLIN0019993,input_original/manual_downloads/UniVH/dataset.csv,normalized from outputs/tables/univh_family_reconstruction_audit.csv row 1427; unit=NCBI species-rank aggregate,RAW0019993,,3065015,Olive virus P,Olive virus P,,,ICTV 2026 (MSL41.v1),no_vmr_match,unresolved,0,unresolved_not_included
UniVH,SCLIN0019994,input_original/manual_downloads/UniVH/dataset.csv,normalized from outputs/tables/univh_family_reconstruction_audit.csv row 1428; unit=NCBI species-rank aggregate,RAW0019994,,3065016,Olive virus O,Olive virus O,,,ICTV 2026 (MSL41.v1),no_vmr_match,unresolved,0,unresolved_not_included
UniVH,SCLIN0019995,input_original/manual_downloads/UniVH/dataset.csv,normalized from outputs/tables/univh_family_reconstruction_audit.csv row 1431; unit=NCBI species-rank aggregate,RAW0019995,,3074303,Soybean mild yellows Bangladesh virus,Soybean mild yellows Bangladesh virus,,,ICTV 2026 (MSL41.v1),no_vmr_match,unresolved,0,unresolved_not_included
UniVH,SCLIN0019996,input_original/manual_downloads/UniVH/dataset.csv,normalized from outputs/tables/univh_family_reconstruction_audit.csv row 1433; unit=NCBI species-rank aggregate,RAW0019996,,3076392,Fusarium oxysporum virus 1,Fusarium oxysporum virus 1,,,ICTV 2026 (MSL41.v1),no_vmr_match,unresolved,0,unresolved_not_included
UniVH,SCLIN0019997,input_original/manual_downloads/UniVH/dataset.csv,normalized from outputs/tables/univh_family_reconstruction_audit.csv row 1445; unit=NCBI species-rank aggregate,RAW0019997,,3112380,Whitefly negevirus 1,Whitefly negevirus 1,,,ICTV 2026 (MSL41.v1),no_vmr_match,unresolved,0,unresolved_not_included
UniVH,SCLIN0019998,input_original/manual_downloads/UniVH/dataset.csv,normalized from outputs/tables/univh_family_reconstruction_audit.csv row 1448; unit=NCBI species-rank aggregate,RAW0019998,,3115458,Armillaria RNA virus 1,Armillaria RNA virus 1,,,ICTV 2026 (MSL41.v1),no_vmr_match,unresolved,0,unresolved_not_included
UniVH,SCLIN0019999,input_original/manual_downloads/UniVH/dataset.csv,normalized from outputs/tables/univh_family_reconstruction_audit.csv row 1449; unit=NCBI species-rank aggregate,RAW0019999,,3115459,Armillaria gallica negative stranded RNA virus 1,Armillaria gallica negative stranded RNA virus 1,,,ICTV 2026 (MSL41.v1),no_vmr_match,unresolved,0,unresolved_not_included
UniVH,SCLIN0020000,input_original/manual_downloads/UniVH/dataset.csv,normalized from outputs/tables/univh_family_reconstruction_audit.csv row 1463; unit=NCBI species-rank aggregate,RAW0020000,,3137742,Fusarium oxysporum virus 1-FON,Fusarium oxysporum virus 1-FON,,,ICTV 2026 (MSL41.v1),no_vmr_match,unresolved,0,unresolved_not_included
UniVH,SCLIN0020001,input_original/manual_downloads/UniVH/dataset.csv,normalized from outputs/tables/univh_family_reconstruction_audit.csv row 1467; unit=NCBI species-rank aggregate,RAW0020001,,3141828,Wanghe virus,Wanghe virus,,,ICTV 2026 (MSL41.v1),no_vmr_match,unresolved,0,unresolved_not_included
UniVH,SCLIN0020002,input_original/manual_downloads/UniVH/dataset.csv,normalized from outputs/tables/univh_family_reconstruction_audit.csv row 1488; unit=NCBI species-rank aggregate,RAW0020002,,3239331,Minnesota murine picornavirus 1,Minnesota murine picornavirus 1,,,ICTV 2026 (MSL41.v1),no_vmr_match,unresolved,0,unresolved_not_included
UniVH,SCLIN0020003,input_original/manual_downloads/UniVH/dataset.csv,normalized from outputs/tables/univh_family_reconstruction_audit.csv row 148; unit=NCBI species-rank aggregate,RAW0020003,,1425367,Beet western yellows virus associated RNA,Beet western yellows virus associated RNA,,,ICTV 2026 (MSL41.v1),no_vmr_match,unresolved,0,unresolved_not_included
UniVH,SCLIN0020004,input_original/manual_downloads/UniVH/dataset.csv,normalized from outputs/tables/univh_family_reconstruction_audit.csv row 149; unit=NCBI species-rank aggregate,RAW0020004,,1425368,Carrot red leaf virus associated RNA,Carrot red leaf virus associated RNA,,,ICTV 2026 (MSL41.v1),no_vmr_match,unresolved,0,unresolved_not_included
UniVH,SCLIN0020005,input_original/manual_downloads/UniVH/dataset.csv,normalized from outputs/tables/univh_family_reconstruction_audit.csv row 1554; unit=NCBI species-rank aggregate,RAW0020005,,3317300,Rice curl dwarf-associated virus 2,Rice curl dwarf-associated virus 2,,,ICTV 2026 (MSL41.v1),no_vmr_match,unresolved,0,unresolved_not_included
UniVH,SCLIN0020006,input_original/manual_downloads/UniVH/dataset.csv,normalized from outputs/tables/univh_family_reconstruction_audit.csv row 1562; unit=NCBI species-rank aggregate,RAW0020006,,3382523,Negev-like virus,Negev-like virus,,,ICTV 2026 (MSL41.v1),no_vmr_match,unresolved,0,unresolved_not_included
UniVH,SCLIN0020007,input_original/manual_downloads/UniVH/dataset.csv,normalized from outputs/tables/univh_family_reconstruction_audit.csv row 1564; unit=NCBI species-rank aggregate,RAW0020007,,3385175,Grapevine wood holobiome associated mononegaambi virus 1,Grapevine wood holobiome associated mononegaambi virus 1,,,ICTV 2026 (MSL41.v1),no_vmr_match,unresolved,0,unresolved_not_included
UniVH,SCLIN0020008,input_original/manual_downloads/UniVH/dataset.csv,normalized from outputs/tables/univh_family_reconstruction_audit.csv row 1565; unit=NCBI species-rank aggregate,RAW0020008,,3385176,Grapevine wood holobiome associated mononegaambi virus 2,Grapevine wood holobiome associated mononegaambi virus 2,,,ICTV 2026 (MSL41.v1),no_vmr_match,unresolved,0,unresolved_not_included
UniVH,SCLIN0020009,input_original/manual_downloads/UniVH/dataset.csv,normalized from outputs/tables/univh_family_reconstruction_audit.csv row 1566; unit=NCBI species-rank aggregate,RAW0020009,,3385546,Megarnavirus gigas,Megarnavirus gigas,,,ICTV 2026 (MSL41.v1),no_vmr_match,unresolved,0,unresolved_not_included
UniVH,SCLIN0020010,input_original/manual_downloads/UniVH/dataset.csv,normalized from outputs/tables/univh_family_reconstruction_audit.csv row 1568; unit=NCBI species-rank aggregate,RAW0020010,,3395519,Tymovirales sp. 'ostreatus',Tymovirales sp. 'ostreatus',,,ICTV 2026 (MSL41.v1),no_vmr_match,unresolved,0,unresolved_not_included
UniVH,SCLIN0020011,input_original/manual_downloads/UniVH/dataset.csv,normalized from outputs/tables/univh_family_reconstruction_audit.csv row 1572; unit=NCBI species-rank aggregate,RAW0020011,,3404513,Scylla paramamosain picorna-like virus 1,Scylla paramamosain picorna-like virus 1,,,ICTV 2026 (MSL41.v1),no_vmr_match,unresolved,0,unresolved_not_included
UniVH,SCLIN0020012,input_original/manual_downloads/UniVH/dataset.csv,normalized from outputs/tables/univh_family_reconstruction_audit.csv row 1577; unit=NCBI species-rank aggregate,RAW0020012,,3414660,Mangifera virus 1,Mangifera virus 1,,,ICTV 2026 (MSL41.v1),no_vmr_match,unresolved,0,unresolved_not_included
UniVH,SCLIN0020013,input_original/manual_downloads/UniVH/dataset.csv,normalized from outputs/tables/univh_family_reconstruction_audit.csv row 161; unit=NCBI species-rank aggregate,RAW0020013,,1500865,Drosophila subobscura Nora virus,Drosophila subobscura Nora virus,,,ICTV 2026 (MSL41.v1),no_vmr_match,unresolved,0,unresolved_not_included
UniVH,SCLIN0020014,input_original/manual_downloads/UniVH/dataset.csv,normalized from outputs/tables/univh_family_reconstruction_audit.csv row 162; unit=NCBI species-rank aggregate,RAW0020014,,1502101,Sclerotinia sclerotiorum debilitation-associated RNA virus 2,Sclerotinia sclerotiorum debilitation-associated RNA virus 2,,,ICTV 2026 (MSL41.v1),no_vmr_match,unresolved,0,unresolved_not_included
UniVH,SCLIN0020015,input_original/manual_downloads/UniVH/dataset.csv,normalized from outputs/tables/univh_family_reconstruction_audit.csv row 167; unit=NCBI species-rank aggregate,RAW0020015,,1532031,Alternaria longipes dsRNA virus 1,Alternaria longipes dsRNA virus 1,,,ICTV 2026 (MSL41.v1),no_vmr_match,unresolved,0,unresolved_not_included
UniVH,SCLIN0020016,input_original/manual_downloads/UniVH/dataset.csv,normalized from outputs/tables/univh_family_reconstruction_audit.csv row 181; unit=NCBI species-rank aggregate,RAW0020016,,1574287,Fisavirus 1,Fisavirus 1,,,ICTV 2026 (MSL41.v1),no_vmr_match,unresolved,0,unresolved_not_included
UniVH,SCLIN0020017,input_original/manual_downloads/UniVH/dataset.csv,normalized from outputs/tables/univh_family_reconstruction_audit.csv row 182; unit=NCBI species-rank aggregate,RAW0020017,,1577805,Atlantic halibut reovirus,Atlantic halibut reovirus,,,ICTV 2026 (MSL41.v1),no_vmr_match,unresolved,0,unresolved_not_included
UniVH,SCLIN0020018,input_original/manual_downloads/UniVH/dataset.csv,normalized from outputs/tables/univh_family_reconstruction_audit.csv row 186; unit=NCBI species-rank aggregate,RAW0020018,,1611875,Cucurbit aphid borne yellows virus associated RNA,Cucurbit aphid borne yellows virus associated RNA,,,ICTV 2026 (MSL41.v1),no_vmr_match,unresolved,0,unresolved_not_included
UniVH,SCLIN0020019,input_original/manual_downloads/UniVH/dataset.csv,normalized from outputs/tables/univh_family_reconstruction_audit.csv row 188; unit=NCBI species-rank aggregate,RAW0020019,,1640277,Grapevine Cabernet Sauvignon reovirus,Grapevine Cabernet Sauvignon reovirus,,,ICTV 2026 (MSL41.v1),no_vmr_match,unresolved,0,unresolved_not_included
UniVH,SCLIN0020020,input_original/manual_downloads/UniVH/dataset.csv,normalized from outputs/tables/univh_family_reconstruction_audit.csv row 193; unit=NCBI species-rank aggregate,RAW0020020,,1663127,Posavirus 3,Posavirus 3,,,ICTV 2026 (MSL41.v1),no_vmr_match,unresolved,0,unresolved_not_included
UniVH,SCLIN0020021,input_original/manual_downloads/UniVH/dataset.csv,normalized from outputs/tables/univh_family_reconstruction_audit.csv row 220; unit=NCBI species-rank aggregate,RAW0020021,,1795648,Picornavirales Tottori-HG1,Picornavirales Tottori-HG1,,,ICTV 2026 (MSL41.v1),no_vmr_match,unresolved,0,unresolved_not_included
UniVH,SCLIN0020022,input_original/manual_downloads/UniVH/dataset.csv,normalized from outputs/tables/univh_family_reconstruction_audit.csv row 223; unit=NCBI species-rank aggregate,RAW0020022,,1809243,Fusarium graminearum mycotymovirus 1,Fusarium graminearum mycotymovirus 1,,,ICTV 2026 (MSL41.v1),no_vmr_match,unresolved,0,unresolved_not_included
UniVH,SCLIN0020023,input_original/manual_downloads/UniVH/dataset.csv,normalized from outputs/tables/univh_family_reconstruction_audit.csv row 225; unit=NCBI species-rank aggregate,RAW0020023,,1813613,Picornavirales Bu-3,Picornavirales Bu-3,,,ICTV 2026 (MSL41.v1),no_vmr_match,unresolved,0,unresolved_not_included
UniVH,SCLIN0020024,input_original/manual_downloads/UniVH/dataset.csv,normalized from outputs/tables/univh_family_reconstruction_audit.csv row 235; unit=NCBI species-rank aggregate,RAW0020024,,1849542,Fusarium poae mycovirus 1,Fusarium poae mycovirus 1,,,ICTV 2026 (MSL41.v1),no_vmr_match,unresolved,0,unresolved_not_included
UniVH,SCLIN0020025,input_original/manual_downloads/UniVH/dataset.csv,normalized from outputs/tables/univh_family_reconstruction_audit.csv row 236; unit=NCBI species-rank aggregate,RAW0020025,,1849544,Fusarium poae negative-stranded virus 1,Fusarium poae negative-stranded virus 1,,,ICTV 2026 (MSL41.v1),no_vmr_match,unresolved,0,unresolved_not_included
UniVH,SCLIN0020026,input_original/manual_downloads/UniVH/dataset.csv,normalized from outputs/tables/univh_family_reconstruction_audit.csv row 237; unit=NCBI species-rank aggregate,RAW0020026,,1857251,Pearces Creek picornavirus,Pearces Creek picornavirus,,,ICTV 2026 (MSL41.v1),no_vmr_match,unresolved,0,unresolved_not_included
UniVH,SCLIN0020027,input_original/manual_downloads/UniVH/dataset.csv,normalized from outputs/tables/univh_family_reconstruction_audit.csv row 244; unit=NCBI species-rank aggregate,RAW0020027,,1871631,Rhizoctonia solani flexivirus 1,Rhizoctonia solani flexivirus 1,,,ICTV 2026 (MSL41.v1),no_vmr_match,unresolved,0,unresolved_not_included
UniVH,SCLIN0020028,input_original/manual_downloads/UniVH/dataset.csv,normalized from outputs/tables/univh_family_reconstruction_audit.csv row 246; unit=NCBI species-rank aggregate,RAW0020028,,1884450,Husa-like virus KS-2016a,Husa-like virus KS-2016a,,,ICTV 2026 (MSL41.v1),no_vmr_match,unresolved,0,unresolved_not_included
UniVH,SCLIN0020029,input_original/manual_downloads/UniVH/dataset.csv,normalized from outputs/tables/univh_family_reconstruction_audit.csv row 263; unit=NCBI species-rank aggregate,RAW0020029,,1922762,Bole hyalomma asiaticum virus 1,Bole hyalomma asiaticum virus 1,,,ICTV 2026 (MSL41.v1),no_vmr_match,unresolved,0,unresolved_not_included
UniVH,SCLIN0020030,input_original/manual_downloads/UniVH/dataset.csv,normalized from outputs/tables/univh_family_reconstruction_audit.csv row 264; unit=NCBI species-rank aggregate,RAW0020030,,1923137,Hubei picorna-like virus 55,Hubei picorna-like virus 55,,,ICTV 2026 (MSL41.v1),no_vmr_match,unresolved,0,unresolved_not_included
UniVH,SCLIN0020031,input_original/manual_downloads/UniVH/dataset.csv,normalized from outputs/tables/univh_family_reconstruction_audit.csv row 265; unit=NCBI species-rank aggregate,RAW0020031,,1923165,Hubei picorna-like virus 80,Hubei picorna-like virus 80,,,ICTV 2026 (MSL41.v1),no_vmr_match,unresolved,0,unresolved_not_included
UniVH,SCLIN0020032,input_original/manual_downloads/UniVH/dataset.csv,normalized from outputs/tables/univh_family_reconstruction_audit.csv row 266; unit=NCBI species-rank aggregate,RAW0020032,,1923326,Hubei virga-like virus 11,Hubei virga-like virus 11,,,ICTV 2026 (MSL41.v1),no_vmr_match,unresolved,0,unresolved_not_included
UniVH,SCLIN0020033,input_original/manual_downloads/UniVH/dataset.csv,normalized from outputs/tables/univh_family_reconstruction_audit.csv row 267; unit=NCBI species-rank aggregate,RAW0020033,,1923350,Jingmen picorna-like virus,Jingmen picorna-like virus,,,ICTV 2026 (MSL41.v1),no_vmr_match,unresolved,0,unresolved_not_included
UniVH,SCLIN0020034,input_original/manual_downloads/UniVH/dataset.csv,normalized from outputs/tables/univh_family_reconstruction_audit.csv row 268; unit=NCBI species-rank aggregate,RAW0020034,,1923351,Jingmen tombus-like virus 1,Jingmen tombus-like virus 1,,,ICTV 2026 (MSL41.v1),no_vmr_match,unresolved,0,unresolved_not_included
UniVH,SCLIN0020035,input_original/manual_downloads/UniVH/dataset.csv,normalized from outputs/tables/univh_family_reconstruction_audit.csv row 269; unit=NCBI species-rank aggregate,RAW0020035,,1923557,Wenzhou channeled applesnail virus 1,Wenzhou channeled applesnail virus 1,,,ICTV 2026 (MSL41.v1),no_vmr_match,unresolved,0,unresolved_not_included
UniVH,SCLIN0020036,input_original/manual_downloads/UniVH/dataset.csv,normalized from outputs/tables/univh_family_reconstruction_audit.csv row 270; unit=NCBI species-rank aggregate,RAW0020036,,1923558,Wenzhou channeled applesnail virus 2,Wenzhou channeled applesnail virus 2,,,ICTV 2026 (MSL41.v1),no_vmr_match,unresolved,0,unresolved_not_included
UniVH,SCLIN0020037,input_original/manual_downloads/UniVH/dataset.csv,normalized from outputs/tables/univh_family_reconstruction_audit.csv row 271; unit=NCBI species-rank aggregate,RAW0020037,,1923565,Wenzhou hepe-like virus 2,Wenzhou hepe-like virus 2,,,ICTV 2026 (MSL41.v1),no_vmr_match,unresolved,0,unresolved_not_included
UniVH,SCLIN0020038,input_original/manual_downloads/UniVH/dataset.csv,normalized from outputs/tables/univh_family_reconstruction_audit.csv row 272; unit=NCBI species-rank aggregate,RAW0020038,,1923580,Wenzhou narna-like virus 5,Wenzhou narna-like virus 5,,,ICTV 2026 (MSL41.v1),no_vmr_match,unresolved,0,unresolved_not_included
UniVH,SCLIN0020039,input_original/manual_downloads/UniVH/dataset.csv,normalized from outputs/tables/univh_family_reconstruction_audit.csv row 273; unit=NCBI species-rank aggregate,RAW0020039,,1923596,Wenzhou picorna-like virus 12,Wenzhou picorna-like virus 12,,,ICTV 2026 (MSL41.v1),no_vmr_match,unresolved,0,unresolved_not_included
UniVH,SCLIN0020040,input_original/manual_downloads/UniVH/dataset.csv,normalized from outputs/tables/univh_family_reconstruction_audit.csv row 274; unit=NCBI species-rank aggregate,RAW0020040,,1923599,Wenzhou picorna-like virus 15,Wenzhou picorna-like virus 15,,,ICTV 2026 (MSL41.v1),no_vmr_match,unresolved,0,unresolved_not_included
UniVH,SCLIN0020041,input_original/manual_downloads/UniVH/dataset.csv,normalized from outputs/tables/univh_family_reconstruction_audit.csv row 275; unit=NCBI species-rank aggregate,RAW0020041,,1923607,Wenzhou picorna-like virus 22,Wenzhou picorna-like virus 22,,,ICTV 2026 (MSL41.v1),no_vmr_match,unresolved,0,unresolved_not_included
UniVH,SCLIN0020042,input_original/manual_downloads/UniVH/dataset.csv,normalized from outputs/tables/univh_family_reconstruction_audit.csv row 276; unit=NCBI species-rank aggregate,RAW0020042,,1923608,Wenzhou picorna-like virus 23,Wenzhou picorna-like virus 23,,,ICTV 2026 (MSL41.v1),no_vmr_match,unresolved,0,unresolved_not_included
UniVH,SCLIN0020043,input_original/manual_downloads/UniVH/dataset.csv,normalized from outputs/tables/univh_family_reconstruction_audit.csv row 277; unit=NCBI species-rank aggregate,RAW0020043,,1923610,Wenzhou picorna-like virus 25,Wenzhou picorna-like virus 25,,,ICTV 2026 (MSL41.v1),no_vmr_match,unresolved,0,unresolved_not_included
UniVH,SCLIN0020044,input_original/manual_downloads/UniVH/dataset.csv,normalized from outputs/tables/univh_family_reconstruction_audit.csv row 278; unit=NCBI species-rank aggregate,RAW0020044,,1923617,Wenzhou picorna-like virus 31,Wenzhou picorna-like virus 31,,,ICTV 2026 (MSL41.v1),no_vmr_match,unresolved,0,unresolved_not_included
UniVH,SCLIN0020045,input_original/manual_downloads/UniVH/dataset.csv,normalized from outputs/tables/univh_family_reconstruction_audit.csv row 279; unit=NCBI species-rank aggregate,RAW0020045,,1923619,Wenzhou picorna-like virus 33,Wenzhou picorna-like virus 33,,,ICTV 2026 (MSL41.v1),no_vmr_match,unresolved,0,unresolved_not_included
UniVH,SCLIN0020046,input_original/manual_downloads/UniVH/dataset.csv,normalized from outputs/tables/univh_family_reconstruction_audit.csv row 280; unit=NCBI species-rank aggregate,RAW0020046,,1923625,Wenzhou picorna-like virus 39,Wenzhou picorna-like virus 39,,,ICTV 2026 (MSL41.v1),no_vmr_match,unresolved,0,unresolved_not_included
UniVH,SCLIN0020047,input_original/manual_downloads/UniVH/dataset.csv,normalized from outputs/tables/univh_family_reconstruction_audit.csv row 281; unit=NCBI species-rank aggregate,RAW0020047,,1923627,Wenzhou picorna-like virus 40,Wenzhou picorna-like virus 40,,,ICTV 2026 (MSL41.v1),no_vmr_match,unresolved,0,unresolved_not_included
UniVH,SCLIN0020048,input_original/manual_downloads/UniVH/dataset.csv,normalized from outputs/tables/univh_family_reconstruction_audit.csv row 282; unit=NCBI species-rank aggregate,RAW0020048,,1923628,Wenzhou picorna-like virus 41,Wenzhou picorna-like virus 41,,,ICTV 2026 (MSL41.v1),no_vmr_match,unresolved,0,unresolved_not_included
UniVH,SCLIN0020049,input_original/manual_downloads/UniVH/dataset.csv,normalized from outputs/tables/univh_family_reconstruction_audit.csv row 283; unit=NCBI species-rank aggregate,RAW0020049,,1923629,Wenzhou picorna-like virus 42,Wenzhou picorna-like virus 42,,,ICTV 2026 (MSL41.v1),no_vmr_match,unresolved,0,unresolved_not_included
UniVH,SCLIN0020050,input_original/manual_downloads/UniVH/dataset.csv,normalized from outputs/tables/univh_family_reconstruction_audit.csv row 284; unit=NCBI species-rank aggregate,RAW0020050,,1923660,Wenzhou sobemo-like virus 4,Wenzhou sobemo-like virus 4,,,ICTV 2026 (MSL41.v1),no_vmr_match,unresolved,0,unresolved_not_included
UniVH,SCLIN0020051,input_original/manual_downloads/UniVH/dataset.csv,normalized from outputs/tables/univh_family_reconstruction_audit.csv row 285; unit=NCBI species-rank aggregate,RAW0020051,,1923662,Wenzhou tombus-like virus 1,Wenzhou tombus-like virus 1,,,ICTV 2026 (MSL41.v1),no_vmr_match,unresolved,0,unresolved_not_included
UniVH,SCLIN0020052,input_original/manual_downloads/UniVH/dataset.csv,normalized from outputs/tables/univh_family_reconstruction_audit.csv row 286; unit=NCBI species-rank aggregate,RAW0020052,,1923667,Wenzhou tombus-like virus 14,Wenzhou tombus-like virus 14,,,ICTV 2026 (MSL41.v1),no_vmr_match,unresolved,0,unresolved_not_included
UniVH,SCLIN0020053,input_original/manual_downloads/UniVH/dataset.csv,normalized from outputs/tables/univh_family_reconstruction_audit.csv row 287; unit=NCBI species-rank aggregate,RAW0020053,,1923672,Wenzhou tombus-like virus 2,Wenzhou tombus-like virus 2,,,ICTV 2026 (MSL41.v1),no_vmr_match,unresolved,0,unresolved_not_included
UniVH,SCLIN0020054,input_original/manual_downloads/UniVH/dataset.csv,normalized from outputs/tables/univh_family_reconstruction_audit.csv row 288; unit=NCBI species-rank aggregate,RAW0020054,,1923673,Wenzhou tombus-like virus 3,Wenzhou tombus-like virus 3,,,ICTV 2026 (MSL41.v1),no_vmr_match,unresolved,0,unresolved_not_included
UniVH,SCLIN0020055,input_original/manual_downloads/UniVH/dataset.csv,normalized from outputs/tables/univh_family_reconstruction_audit.csv row 289; unit=NCBI species-rank aggregate,RAW0020055,,1923675,Wenzhou tombus-like virus 5,Wenzhou tombus-like virus 5,,,ICTV 2026 (MSL41.v1),no_vmr_match,unresolved,0,unresolved_not_included
UniVH,SCLIN0020056,input_original/manual_downloads/UniVH/dataset.csv,normalized from outputs/tables/univh_family_reconstruction_audit.csv row 290; unit=NCBI species-rank aggregate,RAW0020056,,1923676,Wenzhou tombus-like virus 6,Wenzhou tombus-like virus 6,,,ICTV 2026 (MSL41.v1),no_vmr_match,unresolved,0,unresolved_not_included
UniVH,SCLIN0020057,input_original/manual_downloads/UniVH/dataset.csv,normalized from outputs/tables/univh_family_reconstruction_audit.csv row 291; unit=NCBI species-rank aggregate,RAW0020057,,1923683,Wenzhou yanvirus-like virus 1,Wenzhou yanvirus-like virus 1,,,ICTV 2026 (MSL41.v1),no_vmr_match,unresolved,0,unresolved_not_included
UniVH,SCLIN0020058,input_original/manual_downloads/UniVH/dataset.csv,normalized from outputs/tables/univh_family_reconstruction_audit.csv row 292; unit=NCBI species-rank aggregate,RAW0020058,,1923736,Wuhan insect virus 33,Wuhan insect virus 33,,,ICTV 2026 (MSL41.v1),no_vmr_match,unresolved,0,unresolved_not_included
UniVH,SCLIN0020059,input_original/manual_downloads/UniVH/dataset.csv,normalized from outputs/tables/univh_family_reconstruction_audit.csv row 294; unit=NCBI species-rank aggregate,RAW0020059,,1929313,Fusarium graminearum dsRNA mycovirus 5,Fusarium graminearum dsRNA mycovirus 5,,,ICTV 2026 (MSL41.v1),no_vmr_match,unresolved,0,unresolved_not_included
UniVH,SCLIN0020060,input_original/manual_downloads/UniVH/dataset.csv,normalized from outputs/tables/univh_family_reconstruction_audit.csv row 297; unit=NCBI species-rank aggregate,RAW0020060,,1930509,Husavirus sp.,Husavirus sp.,,,ICTV 2026 (MSL41.v1),no_vmr_match,unresolved,0,unresolved_not_included
UniVH,SCLIN0020061,input_original/manual_downloads/UniVH/dataset.csv,normalized from outputs/tables/univh_family_reconstruction_audit.csv row 298; unit=NCBI species-rank aggregate,RAW0020061,,1931369,Biomphalaria virus 1,Biomphalaria virus 1,,,ICTV 2026 (MSL41.v1),no_vmr_match,unresolved,0,unresolved_not_included
UniVH,SCLIN0020062,input_original/manual_downloads/UniVH/dataset.csv,normalized from outputs/tables/univh_family_reconstruction_audit.csv row 305; unit=NCBI species-rank aggregate,RAW0020062,,1955153,Picornavirales sp.,Picornavirales sp.,,,ICTV 2026 (MSL41.v1),no_vmr_match,unresolved,0,unresolved_not_included
UniVH,SCLIN0020063,input_original/manual_downloads/UniVH/dataset.csv,normalized from outputs/tables/univh_family_reconstruction_audit.csv row 352; unit=NCBI species-rank aggregate,RAW0020063,,2006394,Shinobi tetravirus,Shinobi tetravirus,,,ICTV 2026 (MSL41.v1),no_vmr_match,unresolved,0,unresolved_not_included
UniVH,SCLIN0020064,input_original/manual_downloads/UniVH/dataset.csv,normalized from outputs/tables/univh_family_reconstruction_audit.csv row 359; unit=NCBI species-rank aggregate,RAW0020064,,2029771,Tioga picorna-like virus 1,Tioga picorna-like virus 1,,,ICTV 2026 (MSL41.v1),no_vmr_match,unresolved,0,unresolved_not_included
UniVH,SCLIN0020065,input_original/manual_downloads/UniVH/dataset.csv,normalized from outputs/tables/univh_family_reconstruction_audit.csv row 364; unit=NCBI species-rank aggregate,RAW0020065,,2048677,Solenopsis invicta virus 5,Solenopsis invicta virus 5,,,ICTV 2026 (MSL41.v1),no_vmr_match,unresolved,0,unresolved_not_included
UniVH,SCLIN0020066,input_original/manual_downloads/UniVH/dataset.csv,normalized from outputs/tables/univh_family_reconstruction_audit.csv row 36; unit=NCBI species-rank aggregate,RAW0020066,,180822,Chronic bee paralysis virus,Chronic bee paralysis virus,,,ICTV 2026 (MSL41.v1),no_vmr_match,unresolved,0,unresolved_not_included
UniVH,SCLIN0020067,input_original/manual_downloads/UniVH/dataset.csv,normalized from outputs/tables/univh_family_reconstruction_audit.csv row 382; unit=NCBI species-rank aggregate,RAW0020067,,2074132,Cherry virus Trakiya,Cherry virus Trakiya,,,ICTV 2026 (MSL41.v1),no_vmr_match,unresolved,0,unresolved_not_included
UniVH,SCLIN0020068,input_original/manual_downloads/UniVH/dataset.csv,normalized from outputs/tables/univh_family_reconstruction_audit.csv row 383; unit=NCBI species-rank aggregate,RAW0020068,,2079148,Culex pipiens-associated Tunisia virus,Culex pipiens-associated Tunisia virus,,,ICTV 2026 (MSL41.v1),no_vmr_match,unresolved,0,unresolved_not_included
UniVH,SCLIN0020069,input_original/manual_downloads/UniVH/dataset.csv,normalized from outputs/tables/univh_family_reconstruction_audit.csv row 390; unit=NCBI species-rank aggregate,RAW0020069,,2108204,Nephila clavipes virus 1,Nephila clavipes virus 1,,,ICTV 2026 (MSL41.v1),no_vmr_match,unresolved,0,unresolved_not_included
UniVH,SCLIN0020070,input_original/manual_downloads/UniVH/dataset.csv,normalized from outputs/tables/univh_family_reconstruction_audit.csv row 391; unit=NCBI species-rank aggregate,RAW0020070,,2108205,Nephila clavipes virus 2,Nephila clavipes virus 2,,,ICTV 2026 (MSL41.v1),no_vmr_match,unresolved,0,unresolved_not_included
UniVH,SCLIN0020071,input_original/manual_downloads/UniVH/dataset.csv,normalized from outputs/tables/univh_family_reconstruction_audit.csv row 403; unit=NCBI species-rank aggregate,RAW0020071,,2184393,Apodemus agrarius picornavirus,Apodemus agrarius picornavirus,,,ICTV 2026 (MSL41.v1),no_vmr_match,unresolved,0,unresolved_not_included
UniVH,SCLIN0020072,input_original/manual_downloads/UniVH/dataset.csv,normalized from outputs/tables/univh_family_reconstruction_audit.csv row 40; unit=NCBI species-rank aggregate,RAW0020072,,218667,Oyster mushroom spherical virus,Oyster mushroom spherical virus,,,ICTV 2026 (MSL41.v1),no_vmr_match,unresolved,0,unresolved_not_included
UniVH,SCLIN0020073,input_original/manual_downloads/UniVH/dataset.csv,normalized from outputs/tables/univh_family_reconstruction_audit.csv row 411; unit=NCBI species-rank aggregate,RAW0020073,,2259776,Linepithema humile picorna-like virus 1,Linepithema humile picorna-like virus 1,,,ICTV 2026 (MSL41.v1),no_vmr_match,unresolved,0,unresolved_not_included
UniVH,SCLIN0020074,input_original/manual_downloads/UniVH/dataset.csv,normalized from outputs/tables/univh_family_reconstruction_audit.csv row 425; unit=NCBI species-rank aggregate,RAW0020074,,2338396,Grapevine associated tymo-like virus,Grapevine associated tymo-like virus,,,ICTV 2026 (MSL41.v1),no_vmr_match,unresolved,0,unresolved_not_included
UniVH,SCLIN0020075,input_original/manual_downloads/UniVH/dataset.csv,normalized from outputs/tables/univh_family_reconstruction_audit.csv row 435; unit=NCBI species-rank aggregate,RAW0020075,,2479372,Ying Kou virus,Ying Kou virus,,,ICTV 2026 (MSL41.v1),no_vmr_match,unresolved,0,unresolved_not_included
UniVH,SCLIN0020076,input_original/manual_downloads/UniVH/dataset.csv,normalized from outputs/tables/univh_family_reconstruction_audit.csv row 446; unit=NCBI species-rank aggregate,RAW0020076,,2492659,Helicoverpa armigera Nora virus,Helicoverpa armigera Nora virus,,,ICTV 2026 (MSL41.v1),no_vmr_match,unresolved,0,unresolved_not_included
UniVH,SCLIN0020077,input_original/manual_downloads/UniVH/dataset.csv,normalized from outputs/tables/univh_family_reconstruction_audit.csv row 473; unit=NCBI species-rank aggregate,RAW0020077,,2516433,Botrytis cinerea RNA virus 2,Botrytis cinerea RNA virus 2,,,ICTV 2026 (MSL41.v1),no_vmr_match,unresolved,0,unresolved_not_included
UniVH,SCLIN0020078,input_original/manual_downloads/UniVH/dataset.csv,normalized from outputs/tables/univh_family_reconstruction_audit.csv row 482; unit=NCBI species-rank aggregate,RAW0020078,,2547307,Solenopsis invicta virus 7,Solenopsis invicta virus 7,,,ICTV 2026 (MSL41.v1),no_vmr_match,unresolved,0,unresolved_not_included
UniVH,SCLIN0020079,input_original/manual_downloads/UniVH/dataset.csv,normalized from outputs/tables/univh_family_reconstruction_audit.csv row 483; unit=NCBI species-rank aggregate,RAW0020079,,2547308,Solenopsis invicta virus 10,Solenopsis invicta virus 10,,,ICTV 2026 (MSL41.v1),no_vmr_match,unresolved,0,unresolved_not_included
UniVH,SCLIN0020080,input_original/manual_downloads/UniVH/dataset.csv,normalized from outputs/tables/univh_family_reconstruction_audit.csv row 486; unit=NCBI species-rank aggregate,RAW0020080,,2556128,Tetranychus urticae-associated picorna-like virus 1,Tetranychus urticae-associated picorna-like virus 1,,,ICTV 2026 (MSL41.v1),no_vmr_match,unresolved,0,unresolved_not_included
UniVH,SCLIN0020081,input_original/manual_downloads/UniVH/dataset.csv,normalized from outputs/tables/univh_family_reconstruction_audit.csv row 500; unit=NCBI species-rank aggregate,RAW0020081,,2584815,Posavirus 4,Posavirus 4,,,ICTV 2026 (MSL41.v1),no_vmr_match,unresolved,0,unresolved_not_included
UniVH,SCLIN0020082,input_original/manual_downloads/UniVH/dataset.csv,normalized from outputs/tables/univh_family_reconstruction_audit.csv row 50; unit=NCBI species-rank aggregate,RAW0020082,,332934,Lettuce mottle virus,Lettuce mottle virus,,,ICTV 2026 (MSL41.v1),no_vmr_match,unresolved,0,unresolved_not_included
UniVH,SCLIN0020083,input_original/manual_downloads/UniVH/dataset.csv,normalized from outputs/tables/univh_family_reconstruction_audit.csv row 517; unit=NCBI species-rank aggregate,RAW0020083,,2605289,West Accra virus,West Accra virus,,,ICTV 2026 (MSL41.v1),no_vmr_match,unresolved,0,unresolved_not_included
UniVH,SCLIN0020084,input_original/manual_downloads/UniVH/dataset.csv,normalized from outputs/tables/univh_family_reconstruction_audit.csv row 519; unit=NCBI species-rank aggregate,RAW0020084,,2605630,Tesano Aedes virus,Tesano Aedes virus,,,ICTV 2026 (MSL41.v1),no_vmr_match,unresolved,0,unresolved_not_included
UniVH,SCLIN0020085,input_original/manual_downloads/UniVH/dataset.csv,normalized from outputs/tables/univh_family_reconstruction_audit.csv row 521; unit=NCBI species-rank aggregate,RAW0020085,,2607736,Guadeloupe Culex tymo-like virus,Guadeloupe Culex tymo-like virus,,,ICTV 2026 (MSL41.v1),no_vmr_match,unresolved,0,unresolved_not_included
UniVH,SCLIN0020086,input_original/manual_downloads/UniVH/dataset.csv,normalized from outputs/tables/univh_family_reconstruction_audit.csv row 527; unit=NCBI species-rank aggregate,RAW0020086,,2663233,Macaca fascicularis picornavirus,Macaca fascicularis picornavirus,,,ICTV 2026 (MSL41.v1),no_vmr_match,unresolved,0,unresolved_not_included
UniVH,SCLIN0020087,input_original/manual_downloads/UniVH/dataset.csv,normalized from outputs/tables/univh_family_reconstruction_audit.csv row 528; unit=NCBI species-rank aggregate,RAW0020087,,2675214,Aedes albopictus negev-like virus,Aedes albopictus negev-like virus,,,ICTV 2026 (MSL41.v1),no_vmr_match,unresolved,0,unresolved_not_included
UniVH,SCLIN0020088,input_original/manual_downloads/UniVH/dataset.csv,normalized from outputs/tables/univh_family_reconstruction_audit.csv row 52; unit=NCBI species-rank aggregate,RAW0020088,,340187,Acyrthosiphon pisum virus,Acyrthosiphon pisum virus,,,ICTV 2026 (MSL41.v1),no_vmr_match,unresolved,0,unresolved_not_included
UniVH,SCLIN0020089,input_original/manual_downloads/UniVH/dataset.csv,normalized from outputs/tables/univh_family_reconstruction_audit.csv row 544; unit=NCBI species-rank aggregate,RAW0020089,,2723963,Diabrotica undecimpunctata virus 1,Diabrotica undecimpunctata virus 1,,,ICTV 2026 (MSL41.v1),no_vmr_match,unresolved,0,unresolved_not_included
UniVH,SCLIN0020090,input_original/manual_downloads/UniVH/dataset.csv,normalized from outputs/tables/univh_family_reconstruction_audit.csv row 545; unit=NCBI species-rank aggregate,RAW0020090,,2725111,Fragaria vesca associated virus 1,Fragaria vesca associated virus 1,,,ICTV 2026 (MSL41.v1),no_vmr_match,unresolved,0,unresolved_not_included
UniVH,SCLIN0020091,input_original/manual_downloads/UniVH/dataset.csv,normalized from outputs/tables/univh_family_reconstruction_audit.csv row 546; unit=NCBI species-rank aggregate,RAW0020091,,2725395,Clownfish picornavirus,Clownfish picornavirus,,,ICTV 2026 (MSL41.v1),no_vmr_match,unresolved,0,unresolved_not_included
UniVH,SCLIN0020092,input_original/manual_downloads/UniVH/dataset.csv,normalized from outputs/tables/univh_family_reconstruction_audit.csv row 551; unit=NCBI species-rank aggregate,RAW0020092,,2730082,Harbor seal picornavirus,Harbor seal picornavirus,,,ICTV 2026 (MSL41.v1),no_vmr_match,unresolved,0,unresolved_not_included
UniVH,SCLIN0020093,input_original/manual_downloads/UniVH/dataset.csv,normalized from outputs/tables/univh_family_reconstruction_audit.csv row 553; unit=NCBI species-rank aggregate,RAW0020093,,2730578,Antioquia tymovirus-like 1,Antioquia tymovirus-like 1,,,ICTV 2026 (MSL41.v1),no_vmr_match,unresolved,0,unresolved_not_included
UniVH,SCLIN0020094,input_original/manual_downloads/UniVH/dataset.csv,normalized from outputs/tables/univh_family_reconstruction_audit.csv row 568; unit=NCBI species-rank aggregate,RAW0020094,,2735221,Rice Picorna-like virus 1,Rice Picorna-like virus 1,,,ICTV 2026 (MSL41.v1),no_vmr_match,unresolved,0,unresolved_not_included
UniVH,SCLIN0020095,input_original/manual_downloads/UniVH/dataset.csv,normalized from outputs/tables/univh_family_reconstruction_audit.csv row 569; unit=NCBI species-rank aggregate,RAW0020095,,2735223,Rice Picorna-like virus 3,Rice Picorna-like virus 3,,,ICTV 2026 (MSL41.v1),no_vmr_match,unresolved,0,unresolved_not_included
UniVH,SCLIN0020096,input_original/manual_downloads/UniVH/dataset.csv,normalized from outputs/tables/univh_family_reconstruction_audit.csv row 574; unit=NCBI species-rank aggregate,RAW0020096,,2735929,Botrytis cinerea mycovirus 3,Botrytis cinerea mycovirus 3,,,ICTV 2026 (MSL41.v1),no_vmr_match,unresolved,0,unresolved_not_included
UniVH,SCLIN0020097,input_original/manual_downloads/UniVH/dataset.csv,normalized from outputs/tables/univh_family_reconstruction_audit.csv row 604; unit=NCBI species-rank aggregate,RAW0020097,,2737056,Erysiphe necator associated negative-stranded RNA virus 12,Erysiphe necator associated negative-stranded RNA virus 12,,,ICTV 2026 (MSL41.v1),no_vmr_match,unresolved,0,unresolved_not_included
UniVH,SCLIN0020098,input_original/manual_downloads/UniVH/dataset.csv,normalized from outputs/tables/univh_family_reconstruction_audit.csv row 615; unit=NCBI species-rank aggregate,RAW0020098,,2739231,Bactrocera dorsalis nora virus,Bactrocera dorsalis nora virus,,,ICTV 2026 (MSL41.v1),no_vmr_match,unresolved,0,unresolved_not_included
UniVH,SCLIN0020099,input_original/manual_downloads/UniVH/dataset.csv,normalized from outputs/tables/univh_family_reconstruction_audit.csv row 61; unit=NCBI species-rank aggregate,RAW0020099,,460946,Tobacco bushy top disease-associated RNA,Tobacco bushy top disease-associated RNA,,,ICTV 2026 (MSL41.v1),no_vmr_match,unresolved,0,unresolved_not_included
UniVH,SCLIN0020100,input_original/manual_downloads/UniVH/dataset.csv,normalized from outputs/tables/univh_family_reconstruction_audit.csv row 626; unit=NCBI species-rank aggregate,RAW0020100,,2742554,Erysiphe necator associated mycovirus 2,Erysiphe necator associated mycovirus 2,,,ICTV 2026 (MSL41.v1),no_vmr_match,unresolved,0,unresolved_not_included
UniVH,SCLIN0020101,input_original/manual_downloads/UniVH/dataset.csv,normalized from outputs/tables/univh_family_reconstruction_audit.csv row 627; unit=NCBI species-rank aggregate,RAW0020101,,2742566,Erysiphe necator associated bipartite virus 1,Erysiphe necator associated bipartite virus 1,,,ICTV 2026 (MSL41.v1),no_vmr_match,unresolved,0,unresolved_not_included
UniVH,SCLIN0020102,input_original/manual_downloads/UniVH/dataset.csv,normalized from outputs/tables/univh_family_reconstruction_audit.csv row 632; unit=NCBI species-rank aggregate,RAW0020102,,2743098,Erysiphe necator associated flexivirus 1,Erysiphe necator associated flexivirus 1,,,ICTV 2026 (MSL41.v1),no_vmr_match,unresolved,0,unresolved_not_included
UniVH,SCLIN0020103,input_original/manual_downloads/UniVH/dataset.csv,normalized from outputs/tables/univh_family_reconstruction_audit.csv row 633; unit=NCBI species-rank aggregate,RAW0020103,,2743144,Erysiphe necator associated picorna-like virus 3,Erysiphe necator associated picorna-like virus 3,,,ICTV 2026 (MSL41.v1),no_vmr_match,unresolved,0,unresolved_not_included
UniVH,SCLIN0020104,input_original/manual_downloads/UniVH/dataset.csv,normalized from outputs/tables/univh_family_reconstruction_audit.csv row 634; unit=NCBI species-rank aggregate,RAW0020104,,2743145,Erysiphe necator associated tymo-like virus 1,Erysiphe necator associated tymo-like virus 1,,,ICTV 2026 (MSL41.v1),no_vmr_match,unresolved,0,unresolved_not_included
UniVH,SCLIN0020105,input_original/manual_downloads/UniVH/dataset.csv,normalized from outputs/tables/univh_family_reconstruction_audit.csv row 655; unit=NCBI species-rank aggregate,RAW0020105,,2760851,Bradybaena similaris medionivirus,Bradybaena similaris medionivirus,,,ICTV 2026 (MSL41.v1),no_vmr_match,unresolved,0,unresolved_not_included
UniVH,SCLIN0020106,input_original/manual_downloads/UniVH/dataset.csv,normalized from outputs/tables/univh_family_reconstruction_audit.csv row 656; unit=NCBI species-rank aggregate,RAW0020106,,2760894,Bactrocera dorsalis negev-like virus,Bactrocera dorsalis negev-like virus,,,ICTV 2026 (MSL41.v1),no_vmr_match,unresolved,0,unresolved_not_included
UniVH,SCLIN0020107,input_original/manual_downloads/UniVH/dataset.csv,normalized from outputs/tables/univh_family_reconstruction_audit.csv row 667; unit=NCBI species-rank aggregate,RAW0020107,,2779169,Pepper vein yellows virus-associated RNA,Pepper vein yellows virus-associated RNA,,,ICTV 2026 (MSL41.v1),no_vmr_match,unresolved,0,unresolved_not_included
UniVH,SCLIN0020108,input_original/manual_downloads/UniVH/dataset.csv,normalized from outputs/tables/univh_family_reconstruction_audit.csv row 68; unit=NCBI species-rank aggregate,RAW0020108,,557218,Diaphorina citri reovirus,Diaphorina citri reovirus,,,ICTV 2026 (MSL41.v1),no_vmr_match,unresolved,0,unresolved_not_included
UniVH,SCLIN0020109,input_original/manual_downloads/UniVH/dataset.csv,normalized from outputs/tables/univh_family_reconstruction_audit.csv row 706; unit=NCBI species-rank aggregate,RAW0020109,,2826956,Rhizoctonia solani RNA Virus 11,Rhizoctonia solani RNA Virus 11,,,ICTV 2026 (MSL41.v1),no_vmr_match,unresolved,0,unresolved_not_included
UniVH,SCLIN0020110,input_original/manual_downloads/UniVH/dataset.csv,normalized from outputs/tables/univh_family_reconstruction_audit.csv row 715; unit=NCBI species-rank aggregate,RAW0020110,,2836817,Infectious precocity virus,Infectious precocity virus,,,ICTV 2026 (MSL41.v1),no_vmr_match,unresolved,0,unresolved_not_included
UniVH,SCLIN0020111,input_original/manual_downloads/UniVH/dataset.csv,normalized from outputs/tables/univh_family_reconstruction_audit.csv row 716; unit=NCBI species-rank aggregate,RAW0020111,,2838329,Magnaporthe oryzae mymonavirus 1,Magnaporthe oryzae mymonavirus 1,,,ICTV 2026 (MSL41.v1),no_vmr_match,unresolved,0,unresolved_not_included
UniVH,SCLIN0020112,input_original/manual_downloads/UniVH/dataset.csv,normalized from outputs/tables/univh_family_reconstruction_audit.csv row 73; unit=NCBI species-rank aggregate,RAW0020112,,595895,Drosophila A virus,Drosophila A virus,,,ICTV 2026 (MSL41.v1),no_vmr_match,unresolved,0,unresolved_not_included
UniVH,SCLIN0020113,input_original/manual_downloads/UniVH/dataset.csv,normalized from outputs/tables/univh_family_reconstruction_audit.csv row 758; unit=NCBI species-rank aggregate,RAW0020113,,2860478,Perch picornavirus M9/2015/HUN,Perch picornavirus M9/2015/HUN,,,ICTV 2026 (MSL41.v1),no_vmr_match,unresolved,0,unresolved_not_included
UniVH,SCLIN0020114,input_original/manual_downloads/UniVH/dataset.csv,normalized from outputs/tables/univh_family_reconstruction_audit.csv row 762; unit=NCBI species-rank aggregate,RAW0020114,,2866836,Rice curl dwarf-associated virus,Rice curl dwarf-associated virus,,,ICTV 2026 (MSL41.v1),no_vmr_match,unresolved,0,unresolved_not_included
UniVH,SCLIN0020115,input_original/manual_downloads/UniVH/dataset.csv,normalized from outputs/tables/univh_family_reconstruction_audit.csv row 773; unit=NCBI species-rank aggregate,RAW0020115,,2873550,Apis picorna-like virus 1,Apis picorna-like virus 1,,,ICTV 2026 (MSL41.v1),no_vmr_match,unresolved,0,unresolved_not_included
UniVH,SCLIN0020116,input_original/manual_downloads/UniVH/dataset.csv,normalized from outputs/tables/univh_family_reconstruction_audit.csv row 774; unit=NCBI species-rank aggregate,RAW0020116,,2873551,Apis picorna-like virus 2,Apis picorna-like virus 2,,,ICTV 2026 (MSL41.v1),no_vmr_match,unresolved,0,unresolved_not_included
UniVH,SCLIN0020117,input_original/manual_downloads/UniVH/dataset.csv,normalized from outputs/tables/univh_family_reconstruction_audit.csv row 775; unit=NCBI species-rank aggregate,RAW0020117,,2873553,Apis picorna-like virus 4,Apis picorna-like virus 4,,,ICTV 2026 (MSL41.v1),no_vmr_match,unresolved,0,unresolved_not_included
UniVH,SCLIN0020118,input_original/manual_downloads/UniVH/dataset.csv,normalized from outputs/tables/univh_family_reconstruction_audit.csv row 776; unit=NCBI species-rank aggregate,RAW0020118,,2873555,Apis picorna-like virus 6,Apis picorna-like virus 6,,,ICTV 2026 (MSL41.v1),no_vmr_match,unresolved,0,unresolved_not_included
UniVH,SCLIN0020119,input_original/manual_downloads/UniVH/dataset.csv,normalized from outputs/tables/univh_family_reconstruction_audit.csv row 789; unit=NCBI species-rank aggregate,RAW0020119,,2880678,Taro reovirus 1,Taro reovirus 1,,,ICTV 2026 (MSL41.v1),no_vmr_match,unresolved,0,unresolved_not_included
UniVH,SCLIN0020120,input_original/manual_downloads/UniVH/dataset.csv,normalized from outputs/tables/univh_family_reconstruction_audit.csv row 790; unit=NCBI species-rank aggregate,RAW0020120,,2885250,Rhizoctonia solani RNA virus,Rhizoctonia solani RNA virus,,,ICTV 2026 (MSL41.v1),no_vmr_match,unresolved,0,unresolved_not_included
UniVH,SCLIN0020121,input_original/manual_downloads/UniVH/dataset.csv,normalized from outputs/tables/univh_family_reconstruction_audit.csv row 791; unit=NCBI species-rank aggregate,RAW0020121,,2890914,Beauveria bassiana bipartite mycovirus 1,Beauveria bassiana bipartite mycovirus 1,,,ICTV 2026 (MSL41.v1),no_vmr_match,unresolved,0,unresolved_not_included
UniVH,SCLIN0020122,input_original/manual_downloads/UniVH/dataset.csv,normalized from outputs/tables/univh_family_reconstruction_audit.csv row 812; unit=NCBI species-rank aggregate,RAW0020122,,2905606,Guiyang argiope bruennichi nora-like virus 1,Guiyang argiope bruennichi nora-like virus 1,,,ICTV 2026 (MSL41.v1),no_vmr_match,unresolved,0,unresolved_not_included
UniVH,SCLIN0020123,input_original/manual_downloads/UniVH/dataset.csv,normalized from outputs/tables/univh_family_reconstruction_audit.csv row 827; unit=NCBI species-rank aggregate,RAW0020123,,2927896,Colletotrichum fructicola RNA virus 1,Colletotrichum fructicola RNA virus 1,,,ICTV 2026 (MSL41.v1),no_vmr_match,unresolved,0,unresolved_not_included
UniVH,SCLIN0020124,input_original/manual_downloads/UniVH/dataset.csv,normalized from outputs/tables/univh_family_reconstruction_audit.csv row 834; unit=NCBI species-rank aggregate,RAW0020124,,2932679,Scallop picorna-like virus 1,Scallop picorna-like virus 1,,,ICTV 2026 (MSL41.v1),no_vmr_match,unresolved,0,unresolved_not_included
UniVH,SCLIN0020125,input_original/manual_downloads/UniVH/dataset.csv,normalized from outputs/tables/univh_family_reconstruction_audit.csv row 836; unit=NCBI species-rank aggregate,RAW0020125,,2932854,Ceratitis capitata negev-like virus 2,Ceratitis capitata negev-like virus 2,,,ICTV 2026 (MSL41.v1),no_vmr_match,unresolved,0,unresolved_not_included
UniVH,SCLIN0020126,input_original/manual_downloads/UniVH/dataset.csv,normalized from outputs/tables/univh_family_reconstruction_audit.csv row 845; unit=NCBI species-rank aggregate,RAW0020126,,2933683,Bactrocera oleae negev-like virus,Bactrocera oleae negev-like virus,,,ICTV 2026 (MSL41.v1),no_vmr_match,unresolved,0,unresolved_not_included
UniVH,SCLIN0020127,input_original/manual_downloads/UniVH/dataset.csv,normalized from outputs/tables/univh_family_reconstruction_audit.csv row 849; unit=NCBI species-rank aggregate,RAW0020127,,2933724,Linepithema humile picorna-like virus 2,Linepithema humile picorna-like virus 2,,,ICTV 2026 (MSL41.v1),no_vmr_match,unresolved,0,unresolved_not_included
UniVH,SCLIN0020128,input_original/manual_downloads/UniVH/dataset.csv,normalized from outputs/tables/univh_family_reconstruction_audit.csv row 850; unit=NCBI species-rank aggregate,RAW0020128,,2933725,Linepithema humile picorna-like virus 3,Linepithema humile picorna-like virus 3,,,ICTV 2026 (MSL41.v1),no_vmr_match,unresolved,0,unresolved_not_included
UniVH,SCLIN0020129,input_original/manual_downloads/UniVH/dataset.csv,normalized from outputs/tables/univh_family_reconstruction_audit.csv row 855; unit=NCBI species-rank aggregate,RAW0020129,,2941489,Tea A virus,Tea A virus,,,ICTV 2026 (MSL41.v1),no_vmr_match,unresolved,0,unresolved_not_included
UniVH,SCLIN0020130,input_original/manual_downloads/UniVH/dataset.csv,normalized from outputs/tables/univh_family_reconstruction_audit.csv row 857; unit=NCBI species-rank aggregate,RAW0020130,,2946031,Fusarium solani alternavirus 1,Fusarium solani alternavirus 1,,,ICTV 2026 (MSL41.v1),no_vmr_match,unresolved,0,unresolved_not_included
UniVH,SCLIN0020131,input_original/manual_downloads/UniVH/dataset.csv,normalized from outputs/tables/univh_family_reconstruction_audit.csv row 1021; unit=NCBI species-rank aggregate,RAW0020131,,2986953,Wineberry latent virus,Wineberry latent virus,Alphaflexiviridae,Alphaflexiviridae,ICTV 2026 (MSL41.v1),ncbi_family_ancestor_harmonized,high,1,independent_source_verified
UniVH,SCLIN0020132,input_original/manual_downloads/UniVH/dataset.csv,normalized from outputs/tables/univh_family_reconstruction_audit.csv row 1688; unit=NCBI species-rank aggregate,RAW0020132,,3427573,Botrexvirus duosclerotiniae,Botrexvirus duosclerotiniae,Alphaflexiviridae,Alphaflexiviridae,ICTV 2026 (MSL41.v1),ncbi_name_exact_current_ictv_species,high,1,independent_source_verified
UniVH,SCLIN0020133,input_original/manual_downloads/UniVH/dataset.csv,normalized from outputs/tables/univh_family_reconstruction_audit.csv row 1852; unit=NCBI species-rank aggregate,RAW0020133,,3430466,Lolavirus latenslolii,Lolavirus latenslolii,Alphaflexiviridae,Alphaflexiviridae,ICTV 2026 (MSL41.v1),ncbi_name_exact_current_ictv_species,high,1,independent_source_verified
UniVH,SCLIN0020134,input_original/manual_downloads/UniVH/dataset.csv,normalized from outputs/tables/univh_family_reconstruction_audit.csv row 1992; unit=NCBI species-rank aggregate,RAW0020134,,3432297,Sclerodarnavirus sclerotiniae,Sclerodarnavirus sclerotiniae,Alphaflexiviridae,Alphaflexiviridae,ICTV 2026 (MSL41.v1),ncbi_name_exact_current_ictv_species,high,1,independent_source_verified
UniVH,SCLIN0020135,input_original/manual_downloads/UniVH/dataset.csv,normalized from outputs/tables/univh_family_reconstruction_audit.csv row 2089; unit=NCBI species-rank aggregate,RAW0020135,,3433729,Allexivirus rehmanniae,Allexivirus rehmanniae,Alphaflexiviridae,Alphaflexiviridae,ICTV 2026 (MSL41.v1),ncbi_name_exact_current_ictv_species,high,1,independent_source_verified
UniVH,SCLIN0020136,input_original/manual_downloads/UniVH/dataset.csv,normalized from outputs/tables/univh_family_reconstruction_audit.csv row 2117; unit=NCBI species-rank aggregate,RAW0020136,,3433819,Potexvirus cymbidii,Potexvirus cymbidii,Alphaflexiviridae,Alphaflexiviridae,ICTV 2026 (MSL41.v1),ncbi_name_exact_current_ictv_species,high,1,independent_source_verified
UniVH,SCLIN0020137,input_original/manual_downloads/UniVH/dataset.csv,normalized from outputs/tables/univh_family_reconstruction_audit.csv row 2118; unit=NCBI species-rank aggregate,RAW0020137,,3433822,Potexvirus ecscaricae,Potexvirus ecscaricae,Alphaflexiviridae,Alphaflexiviridae,ICTV 2026 (MSL41.v1),ncbi_name_exact_current_ictv_species,high,1,independent_source_verified
UniVH,SCLIN0020138,input_original/manual_downloads/UniVH/dataset.csv,normalized from outputs/tables/univh_family_reconstruction_audit.csv row 2119; unit=NCBI species-rank aggregate,RAW0020138,,3433828,Potexvirus ecslactucae,Potexvirus ecslactucae,Alphaflexiviridae,Alphaflexiviridae,ICTV 2026 (MSL41.v1),ncbi_name_exact_current_ictv_species,high,1,independent_source_verified
UniVH,SCLIN0020139,input_original/manual_downloads/UniVH/dataset.csv,normalized from outputs/tables/univh_family_reconstruction_audit.csv row 2120; unit=NCBI species-rank aggregate,RAW0020139,,3433836,Potexvirus ecsplantagonis,Potexvirus ecsplantagonis,Alphaflexiviridae,Alphaflexiviridae,ICTV 2026 (MSL41.v1),ncbi_name_exact_current_ictv_species,high,1,independent_source_verified
UniVH,SCLIN0020140,input_original/manual_downloads/UniVH/dataset.csv,normalized from outputs/tables/univh_family_reconstruction_audit.csv row 2121; unit=NCBI species-rank aggregate,RAW0020140,,3433837,Potexvirus ecspotati,Potexvirus ecspotati,Alphaflexiviridae,Alphaflexiviridae,ICTV 2026 (MSL41.v1),ncbi_name_exact_current_ictv_species,high,1,independent_source_verified
UniVH,SCLIN0020141,input_original/manual_downloads/UniVH/dataset.csv,normalized from outputs/tables/univh_family_reconstruction_audit.csv row 2122; unit=NCBI species-rank aggregate,RAW0020141,,3433849,Potexvirus marmoraucuba,Potexvirus marmoraucuba,Alphaflexiviridae,Alphaflexiviridae,ICTV 2026 (MSL41.v1),ncbi_name_exact_current_ictv_species,high,1,independent_source_verified
UniVH,SCLIN0020142,input_original/manual_downloads/UniVH/dataset.csv,normalized from outputs/tables/univh_family_reconstruction_audit.csv row 2123; unit=NCBI species-rank aggregate,RAW0020142,,3433851,Potexvirus marmormanihotis,Potexvirus marmormanihotis,Alphaflexiviridae,Alphaflexiviridae,ICTV 2026 (MSL41.v1),ncbi_name_exact_current_ictv_species,high,1,independent_source_verified
UniVH,SCLIN0020143,input_original/manual_downloads/UniVH/dataset.csv,normalized from outputs/tables/univh_family_reconstruction_audit.csv row 2124; unit=NCBI species-rank aggregate,RAW0020143,,3433852,Potexvirus marmorplantagonis,Potexvirus marmorplantagonis,Alphaflexiviridae,Alphaflexiviridae,ICTV 2026 (MSL41.v1),ncbi_name_exact_current_ictv_species,high,1,independent_source_verified
UniVH,SCLIN0020144,input_original/manual_downloads/UniVH/dataset.csv,normalized from outputs/tables/univh_family_reconstruction_audit.csv row 2125; unit=NCBI species-rank aggregate,RAW0020144,,3433855,Potexvirus papayae,Potexvirus papayae,Alphaflexiviridae,Alphaflexiviridae,ICTV 2026 (MSL41.v1),ncbi_name_exact_current_ictv_species,high,1,independent_source_verified
UniVH,SCLIN0020145,input_original/manual_downloads/UniVH/dataset.csv,normalized from outputs/tables/univh_family_reconstruction_audit.csv row 2126; unit=NCBI species-rank aggregate,RAW0020145,,3433856,Potexvirus pepini,Potexvirus pepini,Alphaflexiviridae,Alphaflexiviridae,ICTV 2026 (MSL41.v1),ncbi_name_exact_current_ictv_species,high,1,independent_source_verified
UniVH,SCLIN0020146,input_original/manual_downloads/UniVH/dataset.csv,normalized from outputs/tables/univh_family_reconstruction_audit.csv row 27; unit=NCBI species-rank aggregate,RAW0020146,,85454,Potexvirus alternantherae,Potexvirus alternantherae,Alphaflexiviridae,Alphaflexiviridae,ICTV 2026 (MSL41.v1),ncbi_name_exact_current_ictv_species,high,1,independent_source_verified
UniVH,SCLIN0020147,input_original/manual_downloads/UniVH/dataset.csv,normalized from outputs/tables/univh_family_reconstruction_audit.csv row 542; unit=NCBI species-rank aggregate,RAW0020147,,2717394,Papaya virus A,Papaya virus A,Alphaflexiviridae,Alphaflexiviridae,ICTV 2026 (MSL41.v1),ncbi_family_ancestor_harmonized,high,1,independent_source_verified
UniVH,SCLIN0020148,input_original/manual_downloads/UniVH/dataset.csv,normalized from outputs/tables/univh_family_reconstruction_audit.csv row 393; unit=NCBI species-rank aggregate,RAW0020148,,2109380,Sarawak virus,Sarawak virus,Alphatetraviridae,Alphatetraviridae,ICTV 2026 (MSL41.v1),ncbi_family_ancestor_harmonized,high,1,independent_source_verified
UniVH,SCLIN0020149,input_original/manual_downloads/UniVH/dataset.csv,normalized from outputs/tables/univh_family_reconstruction_audit.csv row 1398; unit=NCBI species-rank aggregate,RAW0020149,,3059725,Alternavirus foxispori,Alternavirus foxispori,Alternaviridae,Alternaviridae,ICTV 2026 (MSL41.v1),ncbi_name_exact_current_ictv_species,high,1,independent_source_verified
UniVH,SCLIN0020150,input_original/manual_downloads/UniVH/dataset.csv,normalized from outputs/tables/univh_family_reconstruction_audit.csv row 1464; unit=NCBI species-rank aggregate,RAW0020150,,3137743,Fusarium oxysporum alternavirus 1-FOM,Fusarium oxysporum alternavirus 1-FOM,Alternaviridae,Alternaviridae,ICTV 2026 (MSL41.v1),ncbi_family_ancestor_harmonized,high,1,independent_source_verified
UniVH,SCLIN0020151,input_original/manual_downloads/UniVH/dataset.csv,normalized from outputs/tables/univh_family_reconstruction_audit.csv row 448; unit=NCBI species-rank aggregate,RAW0020151,,2499625,Stemphylium lycopersici mycovirus,Stemphylium lycopersici mycovirus,Alternaviridae,Alternaviridae,ICTV 2026 (MSL41.v1),ncbi_family_ancestor_harmonized,high,1,independent_source_verified
UniVH,SCLIN0020152,input_original/manual_downloads/UniVH/dataset.csv,normalized from outputs/tables/univh_family_reconstruction_audit.csv row 1059; unit=NCBI species-rank aggregate,RAW0020152,,3035802,Penicillium citrinum non-segmented dsRNA virus 1,Penicillium citrinum non-segmented dsRNA virus 1,,Amalgaviridae,ICTV 2026 (MSL41.v1),unique_vmr_genbank_accession,high,1,independent_source_verified
UniVH,SCLIN0020153,input_original/manual_downloads/UniVH/dataset.csv,normalized from outputs/tables/univh_family_reconstruction_audit.csv row 1164; unit=NCBI species-rank aggregate,RAW0020153,,3048320,Amalgavirus lycopersici,Amalgavirus lycopersici,Amalgaviridae,Amalgaviridae,ICTV 2026 (MSL41.v1),ncbi_name_exact_current_ictv_species,high,1,independent_source_verified
UniVH,SCLIN0020154,input_original/manual_downloads/UniVH/dataset.csv,normalized from outputs/tables/univh_family_reconstruction_audit.csv row 1167; unit=NCBI species-rank aggregate,RAW0020154,,3048327,Amalgavirus spinaciae,Amalgavirus spinaciae,Amalgaviridae,Amalgaviridae,ICTV 2026 (MSL41.v1),ncbi_name_exact_current_ictv_species,high,1,independent_source_verified
UniVH,SCLIN0020155,input_original/manual_downloads/UniVH/dataset.csv,normalized from outputs/tables/univh_family_reconstruction_audit.csv row 1192; unit=NCBI species-rank aggregate,RAW0020155,,3048460,Amalgavirus zosterae,Amalgavirus zosterae,Amalgaviridae,Amalgaviridae,ICTV 2026 (MSL41.v1),ncbi_name_exact_current_ictv_species,high,1,independent_source_verified
UniVH,SCLIN0020156,input_original/manual_downloads/UniVH/dataset.csv,normalized from outputs/tables/univh_family_reconstruction_audit.csv row 1193; unit=NCBI species-rank aggregate,RAW0020156,,3048461,Amalgavirus marinae,Amalgavirus marinae,Amalgaviridae,Amalgaviridae,ICTV 2026 (MSL41.v1),ncbi_name_exact_current_ictv_species,high,1,independent_source_verified
UniVH,SCLIN0020157,input_original/manual_downloads/UniVH/dataset.csv,normalized from outputs/tables/univh_family_reconstruction_audit.csv row 1194; unit=NCBI species-rank aggregate,RAW0020157,,3048462,Zybavirus bailii,Zybavirus bailii,Amalgaviridae,Amalgaviridae,ICTV 2026 (MSL41.v1),ncbi_name_exact_current_ictv_species,high,1,independent_source_verified
UniVH,SCLIN0020158,input_original/manual_downloads/UniVH/dataset.csv,normalized from outputs/tables/univh_family_reconstruction_audit.csv row 194; unit=NCBI species-rank aggregate,RAW0020158,,1670975,Ustilaginoidea virens unassigned RNA virus HNND-1,Ustilaginoidea virens unassigned RNA virus HNND-1,,Amalgaviridae,ICTV 2026 (MSL41.v1),unique_vmr_genbank_accession,high,1,independent_source_verified
UniVH,SCLIN0020159,input_original/manual_downloads/UniVH/dataset.csv,normalized from outputs/tables/univh_family_reconstruction_audit.csv row 2053; unit=NCBI species-rank aggregate,RAW0020159,,3433063,Unirnavirus aspergilli,Unirnavirus aspergilli,Amalgaviridae,Amalgaviridae,ICTV 2026 (MSL41.v1),ncbi_name_exact_current_ictv_species,high,1,independent_source_verified
UniVH,SCLIN0020160,input_original/manual_downloads/UniVH/dataset.csv,normalized from outputs/tables/univh_family_reconstruction_audit.csv row 2054; unit=NCBI species-rank aggregate,RAW0020160,,1054649; 3433064,Unirnavirus beauveriae,Unirnavirus beauveriae,Amalgaviridae; NA,Amalgaviridae,ICTV 2026 (MSL41.v1),ncbi_name_exact_current_ictv_species,high,1,independent_source_verified
UniVH,SCLIN0020161,input_original/manual_downloads/UniVH/dataset.csv,normalized from outputs/tables/univh_family_reconstruction_audit.csv row 2055; unit=NCBI species-rank aggregate,RAW0020161,,3433066,Unirnavirus cohigginsiani,Unirnavirus cohigginsiani,Amalgaviridae,Amalgaviridae,ICTV 2026 (MSL41.v1),ncbi_name_exact_current_ictv_species,high,1,independent_source_verified
UniVH,SCLIN0020162,input_original/manual_downloads/UniVH/dataset.csv,normalized from outputs/tables/univh_family_reconstruction_audit.csv row 2056; unit=NCBI species-rank aggregate,RAW0020162,,3433073,Unirnavirus trichodermae,Unirnavirus trichodermae,Amalgaviridae,Amalgaviridae,ICTV 2026 (MSL41.v1),ncbi_name_exact_current_ictv_species,high,1,independent_source_verified
UniVH,SCLIN0020163,input_original/manual_downloads/UniVH/dataset.csv,normalized from outputs/tables/univh_family_reconstruction_audit.csv row 380; unit=NCBI species-rank aggregate,RAW0020163,,2069320,Capsicum annuum amalgavirus 1,Capsicum annuum amalgavirus 1,Amalgaviridae,Amalgaviridae,ICTV 2026 (MSL41.v1),ncbi_family_ancestor_harmonized,high,1,independent_source_verified
UniVH,SCLIN0020164,input_original/manual_downloads/UniVH/dataset.csv,normalized from outputs/tables/univh_family_reconstruction_audit.csv row 429; unit=NCBI species-rank aggregate,RAW0020164,,2419805,Salvia hispanica RNA virus 1,Salvia hispanica RNA virus 1,Amalgaviridae,Amalgaviridae,ICTV 2026 (MSL41.v1),ncbi_family_ancestor_harmonized,high,1,independent_source_verified
UniVH,SCLIN0020165,input_original/manual_downloads/UniVH/dataset.csv,normalized from outputs/tables/univh_family_reconstruction_audit.csv row 476; unit=NCBI species-rank aggregate,RAW0020165,,2518597,Cucumis melo amalgavirus 1,Cucumis melo amalgavirus 1,Amalgaviridae,Amalgaviridae,ICTV 2026 (MSL41.v1),ncbi_family_ancestor_harmonized,high,1,independent_source_verified
UniVH,SCLIN0020166,input_original/manual_downloads/UniVH/dataset.csv,normalized from outputs/tables/univh_family_reconstruction_audit.csv row 2131; unit=NCBI species-rank aggregate,RAW0020166,,2743153,Alphambiguivirus alphaerysiphae,Alphambiguivirus alphaerysiphae,,Ambiguiviridae,ICTV 2026 (MSL41.v1),ncbi_name_exact_current_ictv_species,high,1,independent_source_verified
UniVH,SCLIN0020167,input_original/manual_downloads/UniVH/dataset.csv,normalized from outputs/tables/univh_family_reconstruction_audit.csv row 2132; unit=NCBI species-rank aggregate,RAW0020167,,2501285,Alphambiguivirus alphasetosphaerae,Alphambiguivirus alphasetosphaerae,,Ambiguiviridae,ICTV 2026 (MSL41.v1),ncbi_name_exact_current_ictv_species,high,1,independent_source_verified
UniVH,SCLIN0020168,input_original/manual_downloads/UniVH/dataset.csv,normalized from outputs/tables/univh_family_reconstruction_audit.csv row 2133; unit=NCBI species-rank aggregate,RAW0020168,,2743154,Alphambiguivirus betaerysphae,Alphambiguivirus betaerysphae,,Ambiguiviridae,ICTV 2026 (MSL41.v1),ncbi_name_exact_current_ictv_species,high,1,independent_source_verified
UniVH,SCLIN0020169,input_original/manual_downloads/UniVH/dataset.csv,normalized from outputs/tables/univh_family_reconstruction_audit.csv row 2134; unit=NCBI species-rank aggregate,RAW0020169,,2830220,Alphambiguivirus colletotrichae,Alphambiguivirus colletotrichae,,Ambiguiviridae,ICTV 2026 (MSL41.v1),ncbi_name_exact_current_ictv_species,high,1,independent_source_verified
UniVH,SCLIN0020170,input_original/manual_downloads/UniVH/dataset.csv,normalized from outputs/tables/univh_family_reconstruction_audit.csv row 2135; unit=NCBI species-rank aggregate,RAW0020170,,2934921,Alphambiguivirus diplodiae,Alphambiguivirus diplodiae,,Ambiguiviridae,ICTV 2026 (MSL41.v1),ncbi_name_exact_current_ictv_species,high,1,independent_source_verified
UniVH,SCLIN0020171,input_original/manual_downloads/UniVH/dataset.csv,normalized from outputs/tables/univh_family_reconstruction_audit.csv row 2136; unit=NCBI species-rank aggregate,RAW0020171,,2501282,Alphambiguivirus periconiae,Alphambiguivirus periconiae,,Ambiguiviridae,ICTV 2026 (MSL41.v1),ncbi_name_exact_current_ictv_species,high,1,independent_source_verified
UniVH,SCLIN0020172,input_original/manual_downloads/UniVH/dataset.csv,normalized from outputs/tables/univh_family_reconstruction_audit.csv row 2137; unit=NCBI species-rank aggregate,RAW0020172,,2501283,Alphambiguivirus trichodermae,Alphambiguivirus trichodermae,,Ambiguiviridae,ICTV 2026 (MSL41.v1),ncbi_name_exact_current_ictv_species,high,1,independent_source_verified
UniVH,SCLIN0020173,input_original/manual_downloads/UniVH/dataset.csv,normalized from outputs/tables/univh_family_reconstruction_audit.csv row 2146; unit=NCBI species-rank aggregate,RAW0020173,,2735225,Betambiguivirus oryzae,Betambiguivirus oryzae,Tombusviridae,Ambiguiviridae,ICTV 2026 (MSL41.v1),ncbi_name_exact_current_ictv_species,high,1,independent_source_verified
UniVH,SCLIN0020174,input_original/manual_downloads/UniVH/dataset.csv,normalized from outputs/tables/univh_family_reconstruction_audit.csv row 1032; unit=NCBI species-rank aggregate,RAW0020174,,3014462,WENV Rattus norvegicus mammarenavirus,WENV Rattus norvegicus mammarenavirus,Arenaviridae,Arenaviridae,ICTV 2026 (MSL41.v1),ncbi_family_ancestor_harmonized,high,1,independent_source_verified
UniVH,SCLIN0020175,input_original/manual_downloads/UniVH/dataset.csv,normalized from outputs/tables/univh_family_reconstruction_audit.csv row 1220; unit=NCBI species-rank aggregate,RAW0020175,,3051973,Antennavirus hirsutum,Antennavirus hirsutum,Arenaviridae,Arenaviridae,ICTV 2026 (MSL41.v1),ncbi_name_exact_current_ictv_species,high,1,independent_source_verified
UniVH,SCLIN0020176,input_original/manual_downloads/UniVH/dataset.csv,normalized from outputs/tables/univh_family_reconstruction_audit.csv row 1221; unit=NCBI species-rank aggregate,RAW0020176,,3051974,Antennavirus salmonis,Antennavirus salmonis,Arenaviridae,Arenaviridae,ICTV 2026 (MSL41.v1),ncbi_name_exact_current_ictv_species,high,1,independent_source_verified
UniVH,SCLIN0020177,input_original/manual_downloads/UniVH/dataset.csv,normalized from outputs/tables/univh_family_reconstruction_audit.csv row 1222; unit=NCBI species-rank aggregate,RAW0020177,,3051975,Antennavirus striale,Antennavirus striale,Arenaviridae,Arenaviridae,ICTV 2026 (MSL41.v1),ncbi_name_exact_current_ictv_species,high,1,independent_source_verified
UniVH,SCLIN0020178,input_original/manual_downloads/UniVH/dataset.csv,normalized from outputs/tables/univh_family_reconstruction_audit.csv row 1252; unit=NCBI species-rank aggregate,RAW0020178,,3052298,Mammarenavirus bearense,Mammarenavirus bearense,Arenaviridae,Arenaviridae,ICTV 2026 (MSL41.v1),ncbi_name_exact_current_ictv_species,high,1,independent_source_verified
UniVH,SCLIN0020179,input_original/manual_downloads/UniVH/dataset.csv,normalized from outputs/tables/univh_family_reconstruction_audit.csv row 1253; unit=NCBI species-rank aggregate,RAW0020179,,3052300,Mammarenavirus caliense,Mammarenavirus caliense,Arenaviridae,Arenaviridae,ICTV 2026 (MSL41.v1),ncbi_name_exact_current_ictv_species,high,1,independent_source_verified
UniVH,SCLIN0020180,input_original/manual_downloads/UniVH/dataset.csv,normalized from outputs/tables/univh_family_reconstruction_audit.csv row 1254; unit=NCBI species-rank aggregate,RAW0020180,,3052302,Mammarenavirus chapareense,Mammarenavirus chapareense,Arenaviridae,Arenaviridae,ICTV 2026 (MSL41.v1),ncbi_name_exact_current_ictv_species,high,1,independent_source_verified
UniVH,SCLIN0020181,input_original/manual_downloads/UniVH/dataset.csv,normalized from outputs/tables/univh_family_reconstruction_audit.csv row 1255; unit=NCBI species-rank aggregate,RAW0020181,,3052303,Mammarenavirus choriomeningitidis,Mammarenavirus choriomeningitidis,Arenaviridae,Arenaviridae,ICTV 2026 (MSL41.v1),ncbi_name_exact_current_ictv_species,high,1,independent_source_verified
UniVH,SCLIN0020182,input_original/manual_downloads/UniVH/dataset.csv,normalized from outputs/tables/univh_family_reconstruction_audit.csv row 1256; unit=NCBI species-rank aggregate,RAW0020182,,3052307,Mammarenavirus guanaritoense,Mammarenavirus guanaritoense,Arenaviridae,Arenaviridae,ICTV 2026 (MSL41.v1),ncbi_name_exact_current_ictv_species,high,1,independent_source_verified
UniVH,SCLIN0020183,input_original/manual_downloads/UniVH/dataset.csv,normalized from outputs/tables/univh_family_reconstruction_audit.csv row 1257; unit=NCBI species-rank aggregate,RAW0020183,,3052310,Mammarenavirus lassaense,Mammarenavirus lassaense,Arenaviridae,Arenaviridae,ICTV 2026 (MSL41.v1),ncbi_name_exact_current_ictv_species,high,1,independent_source_verified
UniVH,SCLIN0020184,input_original/manual_downloads/UniVH/dataset.csv,normalized from outputs/tables/univh_family_reconstruction_audit.csv row 1258; unit=NCBI species-rank aggregate,RAW0020184,,3052314,Mammarenavirus lujoense,Mammarenavirus lujoense,Arenaviridae,Arenaviridae,ICTV 2026 (MSL41.v1),ncbi_name_exact_current_ictv_species,high,1,independent_source_verified
UniVH,SCLIN0020185,input_original/manual_downloads/UniVH/dataset.csv,normalized from outputs/tables/univh_family_reconstruction_audit.csv row 1259; unit=NCBI species-rank aggregate,RAW0020185,,3052317,Mammarenavirus machupoense,Mammarenavirus machupoense,Arenaviridae,Arenaviridae,ICTV 2026 (MSL41.v1),ncbi_name_exact_current_ictv_species,high,1,independent_source_verified
UniVH,SCLIN0020186,input_original/manual_downloads/UniVH/dataset.csv,normalized from outputs/tables/univh_family_reconstruction_audit.csv row 1260; unit=NCBI species-rank aggregate,RAW0020186,,3052326,Mammarenavirus ryukyuense,Mammarenavirus ryukyuense,Arenaviridae,Arenaviridae,ICTV 2026 (MSL41.v1),ncbi_name_exact_current_ictv_species,high,1,independent_source_verified
UniVH,SCLIN0020187,input_original/manual_downloads/UniVH/dataset.csv,normalized from outputs/tables/univh_family_reconstruction_audit.csv row 1261; unit=NCBI species-rank aggregate,RAW0020187,,3052330,Mammarenavirus wenzhouense,Mammarenavirus wenzhouense,Arenaviridae,Arenaviridae,ICTV 2026 (MSL41.v1),ncbi_name_exact_current_ictv_species,high,1,independent_source_verified
UniVH,SCLIN0020188,input_original/manual_downloads/UniVH/dataset.csv,normalized from outputs/tables/univh_family_reconstruction_audit.csv row 399; unit=NCBI species-rank aggregate,RAW0020188,,2169991,Mammarenavirus juninense,Mammarenavirus juninense,Arenaviridae,Arenaviridae,ICTV 2026 (MSL41.v1),ncbi_name_exact_current_ictv_species,high,1,independent_source_verified
UniVH,SCLIN0020189,input_original/manual_downloads/UniVH/dataset.csv,normalized from outputs/tables/univh_family_reconstruction_audit.csv row 781; unit=NCBI species-rank aggregate,RAW0020189,,2877495,Wenzhou Rattus norvegicus mammarenavirus 1,Wenzhou Rattus norvegicus mammarenavirus 1,Arenaviridae,Arenaviridae,ICTV 2026 (MSL41.v1),ncbi_family_ancestor_harmonized,high,1,independent_source_verified
UniVH,SCLIN0020190,input_original/manual_downloads/UniVH/dataset.csv,normalized from outputs/tables/univh_family_reconstruction_audit.csv row 1575; unit=NCBI species-rank aggregate,RAW0020190,,2499680; 3411021,Betaarterivirus europensis,Betaarterivirus europensis,Arteriviridae,Arteriviridae,ICTV 2026 (MSL41.v1),ncbi_name_exact_current_ictv_species,high,1,independent_source_verified
UniVH,SCLIN0020191,input_original/manual_downloads/UniVH/dataset.csv,normalized from outputs/tables/univh_family_reconstruction_audit.csv row 170; unit=NCBI species-rank aggregate,RAW0020191,,1546178,Southwest baboon virus 1,Southwest baboon virus 1,Arteriviridae,Arteriviridae,ICTV 2026 (MSL41.v1),ncbi_family_ancestor_harmonized,high,1,independent_source_verified
UniVH,SCLIN0020192,input_original/manual_downloads/UniVH/dataset.csv,normalized from outputs/tables/univh_family_reconstruction_audit.csv row 176; unit=NCBI species-rank aggregate,RAW0020192,,1562062,Norway rat arterivirus,Norway rat arterivirus,Arteriviridae,Arteriviridae,ICTV 2026 (MSL41.v1),ncbi_family_ancestor_harmonized,high,1,independent_source_verified
UniVH,SCLIN0020193,input_original/manual_downloads/UniVH/dataset.csv,normalized from outputs/tables/univh_family_reconstruction_audit.csv row 1787; unit=NCBI species-rank aggregate,RAW0020193,,2501969,Etaarterivirus ugarco,Etaarterivirus ugarco,Arteriviridae,Arteriviridae,ICTV 2026 (MSL41.v1),ncbi_name_exact_current_ictv_species,high,1,independent_source_verified
UniVH,SCLIN0020194,input_original/manual_downloads/UniVH/dataset.csv,normalized from outputs/tables/univh_family_reconstruction_audit.csv row 2087; unit=NCBI species-rank aggregate,RAW0020194,,2499932,Zetaarterivirus ugarco,Zetaarterivirus ugarco,Arteriviridae,Arteriviridae,ICTV 2026 (MSL41.v1),ncbi_name_exact_current_ictv_species,high,1,independent_source_verified
UniVH,SCLIN0020195,input_original/manual_downloads/UniVH/dataset.csv,normalized from outputs/tables/univh_family_reconstruction_audit.csv row 222; unit=NCBI species-rank aggregate,RAW0020195,,1806636,Rodent arterivirus,Rodent arterivirus,Arteriviridae,Arteriviridae,ICTV 2026 (MSL41.v1),ncbi_family_ancestor_harmonized,high,1,independent_source_verified
UniVH,SCLIN0020196,input_original/manual_downloads/UniVH/dataset.csv,normalized from outputs/tables/univh_family_reconstruction_audit.csv row 447; unit=NCBI species-rank aggregate,RAW0020196,,2499622,Deltaarterivirus hemfev,Deltaarterivirus hemfev,Arteriviridae,Arteriviridae,ICTV 2026 (MSL41.v1),ncbi_name_exact_current_ictv_species,high,1,independent_source_verified
UniVH,SCLIN0020197,input_original/manual_downloads/UniVH/dataset.csv,normalized from outputs/tables/univh_family_reconstruction_audit.csv row 449; unit=NCBI species-rank aggregate,RAW0020197,,2499677,Kappaarterivirus wobum,Kappaarterivirus wobum,Arteriviridae,Arteriviridae,ICTV 2026 (MSL41.v1),ncbi_name_exact_current_ictv_species,high,1,independent_source_verified
UniVH,SCLIN0020198,input_original/manual_downloads/UniVH/dataset.csv,normalized from outputs/tables/univh_family_reconstruction_audit.csv row 450; unit=NCBI species-rank aggregate,RAW0020198,,2499685,Betaarterivirus americense,Betaarterivirus americense,Arteriviridae,Arteriviridae,ICTV 2026 (MSL41.v1),ncbi_name_exact_current_ictv_species,high,1,independent_source_verified
UniVH,SCLIN0020199,input_original/manual_downloads/UniVH/dataset.csv,normalized from outputs/tables/univh_family_reconstruction_audit.csv row 468; unit=NCBI species-rank aggregate,RAW0020199,,2501964,Epsilonarterivirus hemcep,Epsilonarterivirus hemcep,Arteriviridae,Arteriviridae,ICTV 2026 (MSL41.v1),ncbi_name_exact_current_ictv_species,high,1,independent_source_verified
UniVH,SCLIN0020200,input_original/manual_downloads/UniVH/dataset.csv,normalized from outputs/tables/univh_family_reconstruction_audit.csv row 531; unit=NCBI species-rank aggregate,RAW0020200,,2697055,Arteriviridae sp.,Arteriviridae sp.,Arteriviridae,Arteriviridae,ICTV 2026 (MSL41.v1),ncbi_family_ancestor_harmonized,high,1,independent_source_verified
UniVH,SCLIN0020201,input_original/manual_downloads/UniVH/dataset.csv,normalized from outputs/tables/univh_family_reconstruction_audit.csv row 565; unit=NCBI species-rank aggregate,RAW0020201,,2734499,Nuarterivirus guemel,Nuarterivirus guemel,Arteriviridae,Arteriviridae,ICTV 2026 (MSL41.v1),ncbi_name_exact_current_ictv_species,high,1,independent_source_verified
UniVH,SCLIN0020202,input_original/manual_downloads/UniVH/dataset.csv,normalized from outputs/tables/univh_family_reconstruction_audit.csv row 642; unit=NCBI species-rank aggregate,RAW0020202,,2748967,Iotaarterivirus pejah,Iotaarterivirus pejah,Arteriviridae,Arteriviridae,ICTV 2026 (MSL41.v1),ncbi_name_exact_current_ictv_species,high,1,independent_source_verified
UniVH,SCLIN0020203,input_original/manual_downloads/UniVH/dataset.csv,normalized from outputs/tables/univh_family_reconstruction_audit.csv row 689; unit=NCBI species-rank aggregate,RAW0020203,,2810711,Hedgehog arterivirus,Hedgehog arterivirus,Arteriviridae,Arteriviridae,ICTV 2026 (MSL41.v1),ncbi_family_ancestor_harmonized,high,1,independent_source_verified
UniVH,SCLIN0020204,input_original/manual_downloads/UniVH/dataset.csv,normalized from outputs/tables/univh_family_reconstruction_audit.csv row 1648; unit=NCBI species-rank aggregate,RAW0020204,,3426466,Artivirus ichi,Artivirus ichi,Artiviridae,Artiviridae,ICTV 2026 (MSL41.v1),ncbi_name_exact_current_ictv_species,high,1,independent_source_verified
UniVH,SCLIN0020205,input_original/manual_downloads/UniVH/dataset.csv,normalized from outputs/tables/univh_family_reconstruction_audit.csv row 1649; unit=NCBI species-rank aggregate,RAW0020205,,3426471,Artivirus shi,Artivirus shi,Artiviridae,Artiviridae,ICTV 2026 (MSL41.v1),ncbi_name_exact_current_ictv_species,high,1,independent_source_verified
UniVH,SCLIN0020206,input_original/manual_downloads/UniVH/dataset.csv,normalized from outputs/tables/univh_family_reconstruction_audit.csv row 67; unit=NCBI species-rank aggregate,RAW0020206,,556524,Armigeres subalbatus virus SaX06-AK20,Armigeres subalbatus virus SaX06-AK20,Totiviridae,Artiviridae,ICTV 2026 (MSL41.v1),ncbi_family_ancestor_harmonized,high,1,independent_source_verified
UniVH,SCLIN0020207,input_original/manual_downloads/UniVH/dataset.csv,normalized from outputs/tables/univh_family_reconstruction_audit.csv row 385; unit=NCBI species-rank aggregate,RAW0020207,,2080823,Lepeophtheirus virus LS24,Lepeophtheirus virus LS24,,Artoviridae,ICTV 2026 (MSL41.v1),unique_vmr_genbank_accession,high,1,independent_source_verified
UniVH,SCLIN0020208,input_original/manual_downloads/UniVH/dataset.csv,normalized from outputs/tables/univh_family_reconstruction_audit.csv row 101; unit=NCBI species-rank aggregate,RAW0020208,,1093928,Porcine astrovirus 5,Porcine astrovirus 5,Astroviridae,Astroviridae,ICTV 2026 (MSL41.v1),ncbi_family_ancestor_harmonized,high,1,independent_source_verified
UniVH,SCLIN0020209,input_original/manual_downloads/UniVH/dataset.csv,normalized from outputs/tables/univh_family_reconstruction_audit.csv row 102; unit=NCBI species-rank aggregate,RAW0020209,,1105378,Porcine astrovirus 2,Porcine astrovirus 2,Astroviridae,Astroviridae,ICTV 2026 (MSL41.v1),ncbi_family_ancestor_harmonized,high,1,independent_source_verified
UniVH,SCLIN0020210,input_original/manual_downloads/UniVH/dataset.csv,normalized from outputs/tables/univh_family_reconstruction_audit.csv row 1044; unit=NCBI species-rank aggregate,RAW0020210,,3024426,Bactrian camel astrovirus,Bactrian camel astrovirus,Astroviridae,Astroviridae,ICTV 2026 (MSL41.v1),ncbi_family_ancestor_harmonized,high,1,independent_source_verified
UniVH,SCLIN0020211,input_original/manual_downloads/UniVH/dataset.csv,normalized from outputs/tables/univh_family_reconstruction_audit.csv row 1065; unit=NCBI species-rank aggregate,RAW0020211,,3044602,Bastrovirus sp.,Bastrovirus sp.,Astroviridae,Astroviridae,ICTV 2026 (MSL41.v1),ncbi_family_ancestor_harmonized,high,1,independent_source_verified
UniVH,SCLIN0020212,input_original/manual_downloads/UniVH/dataset.csv,normalized from outputs/tables/univh_family_reconstruction_audit.csv row 108; unit=NCBI species-rank aggregate,RAW0020212,,1137931,Astrovirus wild boar/WBAstV-1/2011/HUN,Astrovirus wild boar/WBAstV-1/2011/HUN,Astroviridae,Astroviridae,ICTV 2026 (MSL41.v1),ncbi_family_ancestor_harmonized,high,1,independent_source_verified
UniVH,SCLIN0020213,input_original/manual_downloads/UniVH/dataset.csv,normalized from outputs/tables/univh_family_reconstruction_audit.csv row 109; unit=NCBI species-rank aggregate,RAW0020213,,1141625,Murine astrovirus,Murine astrovirus,Astroviridae,Astroviridae,ICTV 2026 (MSL41.v1),ncbi_family_ancestor_harmonized,high,1,independent_source_verified
UniVH,SCLIN0020214,input_original/manual_downloads/UniVH/dataset.csv,normalized from outputs/tables/univh_family_reconstruction_audit.csv row 110; unit=NCBI species-rank aggregate,RAW0020214,,1157338,Canine astrovirus,Canine astrovirus,Astroviridae,Astroviridae,ICTV 2026 (MSL41.v1),ncbi_family_ancestor_harmonized,high,1,independent_source_verified
UniVH,SCLIN0020215,input_original/manual_downloads/UniVH/dataset.csv,normalized from outputs/tables/univh_family_reconstruction_audit.csv row 112; unit=NCBI species-rank aggregate,RAW0020215,,1161132,Rabbit astrovirus TN/2208/2010,Rabbit astrovirus TN/2208/2010,Astroviridae,Astroviridae,ICTV 2026 (MSL41.v1),ncbi_family_ancestor_harmonized,high,1,independent_source_verified
UniVH,SCLIN0020216,input_original/manual_downloads/UniVH/dataset.csv,normalized from outputs/tables/univh_family_reconstruction_audit.csv row 124; unit=NCBI species-rank aggregate,RAW0020216,,1247113,Astrovirus VA4,Astrovirus VA4,Astroviridae,Astroviridae,ICTV 2026 (MSL41.v1),ncbi_family_ancestor_harmonized,high,1,independent_source_verified
UniVH,SCLIN0020217,input_original/manual_downloads/UniVH/dataset.csv,normalized from outputs/tables/univh_family_reconstruction_audit.csv row 125; unit=NCBI species-rank aggregate,RAW0020217,,1247114,Astrovirus MLB3,Astrovirus MLB3,Astroviridae,Astroviridae,ICTV 2026 (MSL41.v1),ncbi_family_ancestor_harmonized,high,1,independent_source_verified
UniVH,SCLIN0020218,input_original/manual_downloads/UniVH/dataset.csv,normalized from outputs/tables/univh_family_reconstruction_audit.csv row 139; unit=NCBI species-rank aggregate,RAW0020218,,1349999,Goose astrovirus,Goose astrovirus,Astroviridae,Astroviridae,ICTV 2026 (MSL41.v1),ncbi_family_ancestor_harmonized,high,1,independent_source_verified
UniVH,SCLIN0020219,input_original/manual_downloads/UniVH/dataset.csv,normalized from outputs/tables/univh_family_reconstruction_audit.csv row 140; unit=NCBI species-rank aggregate,RAW0020219,,1354735,Avian nephritis virus,Avian nephritis virus,Astroviridae,Astroviridae,ICTV 2026 (MSL41.v1),ncbi_family_ancestor_harmonized,high,1,independent_source_verified
UniVH,SCLIN0020220,input_original/manual_downloads/UniVH/dataset.csv,normalized from outputs/tables/univh_family_reconstruction_audit.csv row 141; unit=NCBI species-rank aggregate,RAW0020220,,1389204,Feline astrovirus 2,Feline astrovirus 2,Astroviridae,Astroviridae,ICTV 2026 (MSL41.v1),ncbi_family_ancestor_harmonized,high,1,independent_source_verified
UniVH,SCLIN0020221,input_original/manual_downloads/UniVH/dataset.csv,normalized from outputs/tables/univh_family_reconstruction_audit.csv row 153; unit=NCBI species-rank aggregate,RAW0020221,,1435485,Bovine astrovirus,Bovine astrovirus,Astroviridae,Astroviridae,ICTV 2026 (MSL41.v1),ncbi_family_ancestor_harmonized,high,1,independent_source_verified
UniVH,SCLIN0020222,input_original/manual_downloads/UniVH/dataset.csv,normalized from outputs/tables/univh_family_reconstruction_audit.csv row 160; unit=NCBI species-rank aggregate,RAW0020222,,1495051,Water buffalo astrovirus,Water buffalo astrovirus,Astroviridae,Astroviridae,ICTV 2026 (MSL41.v1),ncbi_family_ancestor_harmonized,high,1,independent_source_verified
UniVH,SCLIN0020223,input_original/manual_downloads/UniVH/dataset.csv,normalized from outputs/tables/univh_family_reconstruction_audit.csv row 1650; unit=NCBI species-rank aggregate,RAW0020223,,3426505,Avastrovirus galli,Avastrovirus galli,Astroviridae,Astroviridae,ICTV 2026 (MSL41.v1),ncbi_name_exact_current_ictv_species,high,1,independent_source_verified
UniVH,SCLIN0020224,input_original/manual_downloads/UniVH/dataset.csv,normalized from outputs/tables/univh_family_reconstruction_audit.csv row 1651; unit=NCBI species-rank aggregate,RAW0020224,,3426506,Avastrovirus intestini,Avastrovirus intestini,Astroviridae,Astroviridae,ICTV 2026 (MSL41.v1),ncbi_name_exact_current_ictv_species,high,1,independent_source_verified
UniVH,SCLIN0020225,input_original/manual_downloads/UniVH/dataset.csv,normalized from outputs/tables/univh_family_reconstruction_audit.csv row 165; unit=NCBI species-rank aggregate,RAW0020225,,1518574,Burkina Faso astrovirus,Burkina Faso astrovirus,Astroviridae,Astroviridae,ICTV 2026 (MSL41.v1),ncbi_family_ancestor_harmonized,high,1,independent_source_verified
UniVH,SCLIN0020226,input_original/manual_downloads/UniVH/dataset.csv,normalized from outputs/tables/univh_family_reconstruction_audit.csv row 175; unit=NCBI species-rank aggregate,RAW0020226,,1559735,Porcine astrovirus 1,Porcine astrovirus 1,Astroviridae,Astroviridae,ICTV 2026 (MSL41.v1),ncbi_family_ancestor_harmonized,high,1,independent_source_verified
UniVH,SCLIN0020227,input_original/manual_downloads/UniVH/dataset.csv,normalized from outputs/tables/univh_family_reconstruction_audit.csv row 185; unit=NCBI species-rank aggregate,RAW0020227,,1609138,Human astrovirus MLB3,Human astrovirus MLB3,Astroviridae,Astroviridae,ICTV 2026 (MSL41.v1),ncbi_family_ancestor_harmonized,high,1,independent_source_verified
UniVH,SCLIN0020228,input_original/manual_downloads/UniVH/dataset.csv,normalized from outputs/tables/univh_family_reconstruction_audit.csv row 1860; unit=NCBI species-rank aggregate,RAW0020228,,3430626,Mamastrovirus felis,Mamastrovirus felis,Astroviridae,Astroviridae,ICTV 2026 (MSL41.v1),ncbi_name_exact_current_ictv_species,high,1,independent_source_verified
UniVH,SCLIN0020229,input_original/manual_downloads/UniVH/dataset.csv,normalized from outputs/tables/univh_family_reconstruction_audit.csv row 1861; unit=NCBI species-rank aggregate,RAW0020229,,3430629,Mamastrovirus hominis,Mamastrovirus hominis,Astroviridae,Astroviridae,ICTV 2026 (MSL41.v1),ncbi_name_exact_current_ictv_species,high,1,independent_source_verified
UniVH,SCLIN0020230,input_original/manual_downloads/UniVH/dataset.csv,normalized from outputs/tables/univh_family_reconstruction_audit.csv row 1862; unit=NCBI species-rank aggregate,RAW0020230,,3430630,Mamastrovirus homustovis,Mamastrovirus homustovis,Astroviridae,Astroviridae,ICTV 2026 (MSL41.v1),ncbi_name_exact_current_ictv_species,high,1,independent_source_verified
UniVH,SCLIN0020231,input_original/manual_downloads/UniVH/dataset.csv,normalized from outputs/tables/univh_family_reconstruction_audit.csv row 1863; unit=NCBI species-rank aggregate,RAW0020231,,3430631,Mamastrovirus melbournense,Mamastrovirus melbournense,Astroviridae,Astroviridae,ICTV 2026 (MSL41.v1),ncbi_name_exact_current_ictv_species,high,1,independent_source_verified
UniVH,SCLIN0020232,input_original/manual_downloads/UniVH/dataset.csv,normalized from outputs/tables/univh_family_reconstruction_audit.csv row 1864; unit=NCBI species-rank aggregate,RAW0020232,,3430633,Mamastrovirus mustelae,Mamastrovirus mustelae,Astroviridae,Astroviridae,ICTV 2026 (MSL41.v1),ncbi_name_exact_current_ictv_species,high,1,independent_source_verified
UniVH,SCLIN0020233,input_original/manual_downloads/UniVH/dataset.csv,normalized from outputs/tables/univh_family_reconstruction_audit.csv row 1865; unit=NCBI species-rank aggregate,RAW0020233,,3430634,Mamastrovirus ovis,Mamastrovirus ovis,Astroviridae,Astroviridae,ICTV 2026 (MSL41.v1),ncbi_name_exact_current_ictv_species,high,1,independent_source_verified
UniVH,SCLIN0020234,input_original/manual_downloads/UniVH/dataset.csv,normalized from outputs/tables/univh_family_reconstruction_audit.csv row 1866; unit=NCBI species-rank aggregate,RAW0020234,,3430637,Mamastrovirus suisorientalis,Mamastrovirus suisorientalis,Astroviridae,Astroviridae,ICTV 2026 (MSL41.v1),ncbi_name_historical_ictv_species_alias,high,1,independent_source_verified
UniVH,SCLIN0020235,input_original/manual_downloads/UniVH/dataset.csv,normalized from outputs/tables/univh_family_reconstruction_audit.csv row 1867; unit=NCBI species-rank aggregate,RAW0020235,,3430641,Mamastrovirus virginiaense,Mamastrovirus virginiaense,Astroviridae,Astroviridae,ICTV 2026 (MSL41.v1),ncbi_name_exact_current_ictv_species,high,1,independent_source_verified
UniVH,SCLIN0020236,input_original/manual_downloads/UniVH/dataset.csv,normalized from outputs/tables/univh_family_reconstruction_audit.csv row 1868; unit=NCBI species-rank aggregate,RAW0020236,,3430642,Mamastrovirus zalophi,Mamastrovirus zalophi,Astroviridae,Astroviridae,ICTV 2026 (MSL41.v1),ncbi_name_exact_current_ictv_species,high,1,independent_source_verified
UniVH,SCLIN0020237,input_original/manual_downloads/UniVH/dataset.csv,normalized from outputs/tables/univh_family_reconstruction_audit.csv row 192; unit=NCBI species-rank aggregate,RAW0020237,,1662272,Dromedary astrovirus,Dromedary astrovirus,Astroviridae,Astroviridae,ICTV 2026 (MSL41.v1),ncbi_family_ancestor_harmonized,high,1,independent_source_verified
UniVH,SCLIN0020238,input_original/manual_downloads/UniVH/dataset.csv,normalized from outputs/tables/univh_family_reconstruction_audit.csv row 206; unit=NCBI species-rank aggregate,RAW0020238,,1697918,Bat astrovirus,Bat astrovirus,Astroviridae,Astroviridae,ICTV 2026 (MSL41.v1),ncbi_family_ancestor_harmonized,high,1,independent_source_verified
UniVH,SCLIN0020239,input_original/manual_downloads/UniVH/dataset.csv,normalized from outputs/tables/univh_family_reconstruction_audit.csv row 2154; unit=NCBI species-rank aggregate,RAW0020239,,1522059,Mamastrovirus bovisencephalitidis,Mamastrovirus bovisencephalitidis,Astroviridae,Astroviridae,ICTV 2026 (MSL41.v1),ncbi_name_exact_current_ictv_species,high,1,independent_source_verified
UniVH,SCLIN0020240,input_original/manual_downloads/UniVH/dataset.csv,normalized from outputs/tables/univh_family_reconstruction_audit.csv row 2155; unit=NCBI species-rank aggregate,RAW0020240,,1254425,Mamastrovirus suisencephalomyelitidis,Mamastrovirus suisencephalomyelitidis,Astroviridae,Astroviridae,ICTV 2026 (MSL41.v1),ncbi_name_exact_current_ictv_species,high,1,independent_source_verified
UniVH,SCLIN0020241,input_original/manual_downloads/UniVH/dataset.csv,normalized from outputs/tables/univh_family_reconstruction_audit.csv row 2156; unit=NCBI species-rank aggregate,RAW0020241,,1105379,Mamastrovirus suisvulgaris,Mamastrovirus suisvulgaris,Astroviridae,Astroviridae,ICTV 2026 (MSL41.v1),ncbi_name_exact_current_ictv_species,high,1,independent_source_verified
UniVH,SCLIN0020242,input_original/manual_downloads/UniVH/dataset.csv,normalized from outputs/tables/univh_family_reconstruction_audit.csv row 242; unit=NCBI species-rank aggregate,RAW0020242,,1868658,Human astrovirus,Human astrovirus,Astroviridae,Astroviridae,ICTV 2026 (MSL41.v1),ncbi_family_ancestor_harmonized,high,1,independent_source_verified
UniVH,SCLIN0020243,input_original/manual_downloads/UniVH/dataset.csv,normalized from outputs/tables/univh_family_reconstruction_audit.csv row 251; unit=NCBI species-rank aggregate,RAW0020243,,1906170,Bastrovirus-like_virus/VietNam/Bat/17819_21,Bastrovirus-like_virus/VietNam/Bat/17819_21,Astroviridae,Astroviridae,ICTV 2026 (MSL41.v1),ncbi_family_ancestor_harmonized,high,1,independent_source_verified
UniVH,SCLIN0020244,input_original/manual_downloads/UniVH/dataset.csv,normalized from outputs/tables/univh_family_reconstruction_audit.csv row 252; unit=NCBI species-rank aggregate,RAW0020244,,1906173,Bastrovirus/VietNam/Porcine/17489_85,Bastrovirus/VietNam/Porcine/17489_85,Astroviridae,Astroviridae,ICTV 2026 (MSL41.v1),ncbi_family_ancestor_harmonized,high,1,independent_source_verified
UniVH,SCLIN0020245,input_original/manual_downloads/UniVH/dataset.csv,normalized from outputs/tables/univh_family_reconstruction_audit.csv row 258; unit=NCBI species-rank aggregate,RAW0020245,,1912147,Mamastrovirus sp.,Mamastrovirus sp.,Astroviridae,Astroviridae,ICTV 2026 (MSL41.v1),ncbi_family_ancestor_harmonized,high,1,independent_source_verified
UniVH,SCLIN0020246,input_original/manual_downloads/UniVH/dataset.csv,normalized from outputs/tables/univh_family_reconstruction_audit.csv row 259; unit=NCBI species-rank aggregate,RAW0020246,,1914440,Avian astrovirus,Avian astrovirus,Astroviridae,Astroviridae,ICTV 2026 (MSL41.v1),ncbi_family_ancestor_harmonized,high,1,independent_source_verified
UniVH,SCLIN0020247,input_original/manual_downloads/UniVH/dataset.csv,normalized from outputs/tables/univh_family_reconstruction_audit.csv row 260; unit=NCBI species-rank aggregate,RAW0020247,,1914442,Rodent astrovirus,Rodent astrovirus,Astroviridae,Astroviridae,ICTV 2026 (MSL41.v1),ncbi_family_ancestor_harmonized,high,1,independent_source_verified
UniVH,SCLIN0020248,input_original/manual_downloads/UniVH/dataset.csv,normalized from outputs/tables/univh_family_reconstruction_audit.csv row 34; unit=NCBI species-rank aggregate,RAW0020248,,178530,Astrovirus sp.,Astrovirus sp.,Astroviridae,Astroviridae,ICTV 2026 (MSL41.v1),ncbi_family_ancestor_harmonized,high,1,independent_source_verified
UniVH,SCLIN0020249,input_original/manual_downloads/UniVH/dataset.csv,normalized from outputs/tables/univh_family_reconstruction_audit.csv row 401; unit=NCBI species-rank aggregate,RAW0020249,,2171380,Murine astrovirus 2,Murine astrovirus 2,Astroviridae,Astroviridae,ICTV 2026 (MSL41.v1),ncbi_family_ancestor_harmonized,high,1,independent_source_verified
UniVH,SCLIN0020250,input_original/manual_downloads/UniVH/dataset.csv,normalized from outputs/tables/univh_family_reconstruction_audit.csv row 434; unit=NCBI species-rank aggregate,RAW0020250,,2461425,Goat astrovirus,Goat astrovirus,Astroviridae,Astroviridae,ICTV 2026 (MSL41.v1),ncbi_family_ancestor_harmonized,high,1,independent_source_verified
UniVH,SCLIN0020251,input_original/manual_downloads/UniVH/dataset.csv,normalized from outputs/tables/univh_family_reconstruction_audit.csv row 477; unit=NCBI species-rank aggregate,RAW0020251,,2529473,Tasmanian devil-associated astrovirus 1,Tasmanian devil-associated astrovirus 1,Astroviridae,Astroviridae,ICTV 2026 (MSL41.v1),ncbi_family_ancestor_harmonized,high,1,independent_source_verified
UniVH,SCLIN0020252,input_original/manual_downloads/UniVH/dataset.csv,normalized from outputs/tables/univh_family_reconstruction_audit.csv row 505; unit=NCBI species-rank aggregate,RAW0020252,,2588662,Porcine bastrovirus,Porcine bastrovirus,Astroviridae,Astroviridae,ICTV 2026 (MSL41.v1),ncbi_family_ancestor_harmonized,high,1,independent_source_verified
UniVH,SCLIN0020253,input_original/manual_downloads/UniVH/dataset.csv,normalized from outputs/tables/univh_family_reconstruction_audit.csv row 512; unit=NCBI species-rank aggregate,RAW0020253,,2598086,Caprine astrovirus G3.1,Caprine astrovirus G3.1,Astroviridae,Astroviridae,ICTV 2026 (MSL41.v1),ncbi_family_ancestor_harmonized,high,1,independent_source_verified
UniVH,SCLIN0020254,input_original/manual_downloads/UniVH/dataset.csv,normalized from outputs/tables/univh_family_reconstruction_audit.csv row 513; unit=NCBI species-rank aggregate,RAW0020254,,2598087,Caprine astrovirus G5.1,Caprine astrovirus G5.1,Astroviridae,Astroviridae,ICTV 2026 (MSL41.v1),ncbi_family_ancestor_harmonized,high,1,independent_source_verified
UniVH,SCLIN0020255,input_original/manual_downloads/UniVH/dataset.csv,normalized from outputs/tables/univh_family_reconstruction_audit.csv row 514; unit=NCBI species-rank aggregate,RAW0020255,,2598088,Ovine astrovirus S5.1,Ovine astrovirus S5.1,Astroviridae,Astroviridae,ICTV 2026 (MSL41.v1),ncbi_family_ancestor_harmonized,high,1,independent_source_verified
UniVH,SCLIN0020256,input_original/manual_downloads/UniVH/dataset.csv,normalized from outputs/tables/univh_family_reconstruction_audit.csv row 515; unit=NCBI species-rank aggregate,RAW0020256,,2598089,Ovine astrovirus S6.1,Ovine astrovirus S6.1,Astroviridae,Astroviridae,ICTV 2026 (MSL41.v1),ncbi_family_ancestor_harmonized,high,1,independent_source_verified
UniVH,SCLIN0020257,input_original/manual_downloads/UniVH/dataset.csv,normalized from outputs/tables/univh_family_reconstruction_audit.csv row 51; unit=NCBI species-rank aggregate,RAW0020257,,336959,Chicken astrovirus,Chicken astrovirus,Astroviridae,Astroviridae,ICTV 2026 (MSL41.v1),ncbi_family_ancestor_harmonized,high,1,independent_source_verified
UniVH,SCLIN0020258,input_original/manual_downloads/UniVH/dataset.csv,normalized from outputs/tables/univh_family_reconstruction_audit.csv row 526; unit=NCBI species-rank aggregate,RAW0020258,,2661902,Tiger astrovirus CS-2018,Tiger astrovirus CS-2018,Astroviridae,Astroviridae,ICTV 2026 (MSL41.v1),ncbi_family_ancestor_harmonized,high,1,independent_source_verified
UniVH,SCLIN0020259,input_original/manual_downloads/UniVH/dataset.csv,normalized from outputs/tables/univh_family_reconstruction_audit.csv row 540; unit=NCBI species-rank aggregate,RAW0020259,,2716125,White-tailed deer astrovirus,White-tailed deer astrovirus,Astroviridae,Astroviridae,ICTV 2026 (MSL41.v1),ncbi_family_ancestor_harmonized,high,1,independent_source_verified
UniVH,SCLIN0020260,input_original/manual_downloads/UniVH/dataset.csv,normalized from outputs/tables/univh_family_reconstruction_audit.csv row 660; unit=NCBI species-rank aggregate,RAW0020260,,2774221,Rabbit astrovirus,Rabbit astrovirus,Astroviridae,Astroviridae,ICTV 2026 (MSL41.v1),ncbi_family_ancestor_harmonized,high,1,independent_source_verified
UniVH,SCLIN0020261,input_original/manual_downloads/UniVH/dataset.csv,normalized from outputs/tables/univh_family_reconstruction_audit.csv row 673; unit=NCBI species-rank aggregate,RAW0020261,,2792599,Feline astrovirus 3,Feline astrovirus 3,Astroviridae,Astroviridae,ICTV 2026 (MSL41.v1),ncbi_family_ancestor_harmonized,high,1,independent_source_verified
UniVH,SCLIN0020262,input_original/manual_downloads/UniVH/dataset.csv,normalized from outputs/tables/univh_family_reconstruction_audit.csv row 674; unit=NCBI species-rank aggregate,RAW0020262,,2792600,Feline astrovirus 4,Feline astrovirus 4,Astroviridae,Astroviridae,ICTV 2026 (MSL41.v1),ncbi_family_ancestor_harmonized,high,1,independent_source_verified
UniVH,SCLIN0020263,input_original/manual_downloads/UniVH/dataset.csv,normalized from outputs/tables/univh_family_reconstruction_audit.csv row 676; unit=NCBI species-rank aggregate,RAW0020263,,2794572,Pig astrovirus CX1,Pig astrovirus CX1,Astroviridae,Astroviridae,ICTV 2026 (MSL41.v1),ncbi_family_ancestor_harmonized,high,1,independent_source_verified
UniVH,SCLIN0020264,input_original/manual_downloads/UniVH/dataset.csv,normalized from outputs/tables/univh_family_reconstruction_audit.csv row 764; unit=NCBI species-rank aggregate,RAW0020264,,2870633,Caprine astrovirus,Caprine astrovirus,Astroviridae,Astroviridae,ICTV 2026 (MSL41.v1),ncbi_family_ancestor_harmonized,high,1,independent_source_verified
UniVH,SCLIN0020265,input_original/manual_downloads/UniVH/dataset.csv,normalized from outputs/tables/univh_family_reconstruction_audit.csv row 782; unit=NCBI species-rank aggregate,RAW0020265,,2879580,Mamastrovirus 22,Mamastrovirus 22,Astroviridae,Astroviridae,ICTV 2026 (MSL41.v1),ncbi_family_ancestor_harmonized,high,1,independent_source_verified
UniVH,SCLIN0020266,input_original/manual_downloads/UniVH/dataset.csv,normalized from outputs/tables/univh_family_reconstruction_audit.csv row 78; unit=NCBI species-rank aggregate,RAW0020266,,682382,HMO Astrovirus A,HMO Astrovirus A,Astroviridae,Astroviridae,ICTV 2026 (MSL41.v1),ncbi_family_ancestor_harmonized,high,1,independent_source_verified
UniVH,SCLIN0020267,input_original/manual_downloads/UniVH/dataset.csv,normalized from outputs/tables/univh_family_reconstruction_audit.csv row 79; unit=NCBI species-rank aggregate,RAW0020267,,683172,Astrovirus MLB2,Astrovirus MLB2,Astroviridae,Astroviridae,ICTV 2026 (MSL41.v1),ncbi_family_ancestor_harmonized,high,1,independent_source_verified
UniVH,SCLIN0020268,input_original/manual_downloads/UniVH/dataset.csv,normalized from outputs/tables/univh_family_reconstruction_audit.csv row 80; unit=NCBI species-rank aggregate,RAW0020268,,683174,Astrovirus VA3,Astrovirus VA3,Astroviridae,Astroviridae,ICTV 2026 (MSL41.v1),ncbi_family_ancestor_harmonized,high,1,independent_source_verified
UniVH,SCLIN0020269,input_original/manual_downloads/UniVH/dataset.csv,normalized from outputs/tables/univh_family_reconstruction_audit.csv row 819; unit=NCBI species-rank aggregate,RAW0020269,,2917175,Raccoon dog astrovirus 1,Raccoon dog astrovirus 1,Astroviridae,Astroviridae,ICTV 2026 (MSL41.v1),ncbi_family_ancestor_harmonized,high,1,independent_source_verified
UniVH,SCLIN0020270,input_original/manual_downloads/UniVH/dataset.csv,normalized from outputs/tables/univh_family_reconstruction_audit.csv row 820; unit=NCBI species-rank aggregate,RAW0020270,,2917178,Raccoon dog astrovirus 4,Raccoon dog astrovirus 4,Astroviridae,Astroviridae,ICTV 2026 (MSL41.v1),ncbi_family_ancestor_harmonized,high,1,independent_source_verified
UniVH,SCLIN0020271,input_original/manual_downloads/UniVH/dataset.csv,normalized from outputs/tables/univh_family_reconstruction_audit.csv row 84; unit=NCBI species-rank aggregate,RAW0020271,,905828,Duck astrovirus GII.A,Duck astrovirus GII.A,Astroviridae,Astroviridae,ICTV 2026 (MSL41.v1),ncbi_family_ancestor_harmonized,high,1,independent_source_verified
UniVH,SCLIN0020272,input_original/manual_downloads/UniVH/dataset.csv,normalized from outputs/tables/univh_family_reconstruction_audit.csv row 856; unit=NCBI species-rank aggregate,RAW0020272,,2942126,Gerbil astrovirus,Gerbil astrovirus,Astroviridae,Astroviridae,ICTV 2026 (MSL41.v1),ncbi_family_ancestor_harmonized,high,1,independent_source_verified
UniVH,SCLIN0020273,input_original/manual_downloads/UniVH/dataset.csv,normalized from outputs/tables/univh_family_reconstruction_audit.csv row 90; unit=NCBI species-rank aggregate,RAW0020273,,1027244,Bovine astrovirus B170/HK,Bovine astrovirus B170/HK,Astroviridae,Astroviridae,ICTV 2026 (MSL41.v1),ncbi_family_ancestor_harmonized,high,1,independent_source_verified
UniVH,SCLIN0020274,input_original/manual_downloads/UniVH/dataset.csv,normalized from outputs/tables/univh_family_reconstruction_audit.csv row 91; unit=NCBI species-rank aggregate,RAW0020274,,1027245,Bovine astrovirus B18/HK,Bovine astrovirus B18/HK,Astroviridae,Astroviridae,ICTV 2026 (MSL41.v1),ncbi_family_ancestor_harmonized,high,1,independent_source_verified
UniVH,SCLIN0020275,input_original/manual_downloads/UniVH/dataset.csv,normalized from outputs/tables/univh_family_reconstruction_audit.csv row 92; unit=NCBI species-rank aggregate,RAW0020275,,1027247,Bovine astrovirus B76-2/HK,Bovine astrovirus B76-2/HK,Astroviridae,Astroviridae,ICTV 2026 (MSL41.v1),ncbi_family_ancestor_harmonized,high,1,independent_source_verified
UniVH,SCLIN0020276,input_original/manual_downloads/UniVH/dataset.csv,normalized from outputs/tables/univh_family_reconstruction_audit.csv row 93; unit=NCBI species-rank aggregate,RAW0020276,,1027248,Bovine astrovirus B76/HK,Bovine astrovirus B76/HK,Astroviridae,Astroviridae,ICTV 2026 (MSL41.v1),ncbi_family_ancestor_harmonized,high,1,independent_source_verified
UniVH,SCLIN0020277,input_original/manual_downloads/UniVH/dataset.csv,normalized from outputs/tables/univh_family_reconstruction_audit.csv row 99; unit=NCBI species-rank aggregate,RAW0020277,,1074210,Mouse astrovirus M-52/USA/2008,Mouse astrovirus M-52/USA/2008,Astroviridae,Astroviridae,ICTV 2026 (MSL41.v1),ncbi_family_ancestor_harmonized,high,1,independent_source_verified
UniVH,SCLIN0020278,input_original/manual_downloads/UniVH/dataset.csv,normalized from outputs/tables/univh_family_reconstruction_audit.csv row 1657; unit=NCBI species-rank aggregate,RAW0020278,,3427126,Benyvirus arctii,Benyvirus arctii,Benyviridae,Benyviridae,ICTV 2026 (MSL41.v1),ncbi_name_exact_current_ictv_species,high,1,independent_source_verified
UniVH,SCLIN0020279,input_original/manual_downloads/UniVH/dataset.csv,normalized from outputs/tables/univh_family_reconstruction_audit.csv row 1658; unit=NCBI species-rank aggregate,RAW0020279,,3427127,Benyvirus necrobetae,Benyvirus necrobetae,Benyviridae,Benyviridae,ICTV 2026 (MSL41.v1),ncbi_name_exact_current_ictv_species,high,1,independent_source_verified
UniVH,SCLIN0020280,input_original/manual_downloads/UniVH/dataset.csv,normalized from outputs/tables/univh_family_reconstruction_audit.csv row 1659; unit=NCBI species-rank aggregate,RAW0020280,,3427129,Benyvirus solibetae,Benyvirus solibetae,Benyviridae,Benyviridae,ICTV 2026 (MSL41.v1),ncbi_name_exact_current_ictv_species,high,1,independent_source_verified
UniVH,SCLIN0020281,input_original/manual_downloads/UniVH/dataset.csv,normalized from outputs/tables/univh_family_reconstruction_audit.csv row 106; unit=NCBI species-rank aggregate,RAW0020281,,1112769,Vitivirus alphactinidiae,Vitivirus alphactinidiae,Betaflexiviridae,Betaflexiviridae,ICTV 2026 (MSL41.v1),ncbi_name_exact_current_ictv_species,high,1,independent_source_verified
UniVH,SCLIN0020282,input_original/manual_downloads/UniVH/dataset.csv,normalized from outputs/tables/univh_family_reconstruction_audit.csv row 107; unit=NCBI species-rank aggregate,RAW0020282,,1112770,Vitivirus betactinidiae,Vitivirus betactinidiae,Betaflexiviridae,Betaflexiviridae,ICTV 2026 (MSL41.v1),ncbi_name_exact_current_ictv_species,high,1,independent_source_verified
UniVH,SCLIN0020283,input_original/manual_downloads/UniVH/dataset.csv,normalized from outputs/tables/univh_family_reconstruction_audit.csv row 115; unit=NCBI species-rank aggregate,RAW0020283,,1177630,Carlavirus americanense,Carlavirus americanense,Betaflexiviridae,Betaflexiviridae,ICTV 2026 (MSL41.v1),ncbi_name_exact_current_ictv_species,high,1,independent_source_verified
UniVH,SCLIN0020284,input_original/manual_downloads/UniVH/dataset.csv,normalized from outputs/tables/univh_family_reconstruction_audit.csv row 119; unit=NCBI species-rank aggregate,RAW0020284,,1211388,Apple green crinkle associated virus,Apple green crinkle associated virus,Betaflexiviridae,Betaflexiviridae,ICTV 2026 (MSL41.v1),ncbi_family_ancestor_harmonized,high,1,independent_source_verified
UniVH,SCLIN0020285,input_original/manual_downloads/UniVH/dataset.csv,normalized from outputs/tables/univh_family_reconstruction_audit.csv row 1202; unit=NCBI species-rank aggregate,RAW0020285,,3051320,Grapevine carlavirus 1,Grapevine carlavirus 1,Betaflexiviridae,Betaflexiviridae,ICTV 2026 (MSL41.v1),ncbi_family_ancestor_harmonized,high,1,independent_source_verified
UniVH,SCLIN0020286,input_original/manual_downloads/UniVH/dataset.csv,normalized from outputs/tables/univh_family_reconstruction_audit.csv row 1213; unit=NCBI species-rank aggregate,RAW0020286,,3051689,Carrot chordovirus 4,Carrot chordovirus 4,Betaflexiviridae,Betaflexiviridae,ICTV 2026 (MSL41.v1),ncbi_family_ancestor_harmonized,high,1,independent_source_verified
UniVH,SCLIN0020287,input_original/manual_downloads/UniVH/dataset.csv,normalized from outputs/tables/univh_family_reconstruction_audit.csv row 1218; unit=NCBI species-rank aggregate,RAW0020287,,3051702,Carrot vitivirus 1,Carrot vitivirus 1,Betaflexiviridae,Betaflexiviridae,ICTV 2026 (MSL41.v1),ncbi_family_ancestor_harmonized,high,1,independent_source_verified
UniVH,SCLIN0020288,input_original/manual_downloads/UniVH/dataset.csv,normalized from outputs/tables/univh_family_reconstruction_audit.csv row 135; unit=NCBI species-rank aggregate,RAW0020288,,1343920,Prunevirus armeniacae,Prunevirus armeniacae,Betaflexiviridae,Betaflexiviridae,ICTV 2026 (MSL41.v1),ncbi_name_exact_current_ictv_species,high,1,independent_source_verified
UniVH,SCLIN0020289,input_original/manual_downloads/UniVH/dataset.csv,normalized from outputs/tables/univh_family_reconstruction_audit.csv row 13; unit=NCBI species-rank aggregate,RAW0020289,,28347,Capillovirus mali,Capillovirus mali,Betaflexiviridae,Betaflexiviridae,ICTV 2026 (MSL41.v1),ncbi_name_exact_current_ictv_species,high,1,independent_source_verified
UniVH,SCLIN0020290,input_original/manual_downloads/UniVH/dataset.csv,normalized from outputs/tables/univh_family_reconstruction_audit.csv row 1426; unit=NCBI species-rank aggregate,RAW0020290,,3064295,Hemp virus T,Hemp virus T,Betaflexiviridae,Betaflexiviridae,ICTV 2026 (MSL41.v1),ncbi_family_ancestor_harmonized,high,1,independent_source_verified
UniVH,SCLIN0020291,input_original/manual_downloads/UniVH/dataset.csv,normalized from outputs/tables/univh_family_reconstruction_audit.csv row 1489; unit=NCBI species-rank aggregate,RAW0020291,,3240445,Banmivirus musae,Banmivirus musae,Betaflexiviridae,Betaflexiviridae,ICTV 2026 (MSL41.v1),ncbi_name_exact_current_ictv_species,high,1,independent_source_verified
UniVH,SCLIN0020292,input_original/manual_downloads/UniVH/dataset.csv,normalized from outputs/tables/univh_family_reconstruction_audit.csv row 1551; unit=NCBI species-rank aggregate,RAW0020292,,3241185,Prunevirus actinidiae,Prunevirus actinidiae,Betaflexiviridae,Betaflexiviridae,ICTV 2026 (MSL41.v1),ncbi_name_exact_current_ictv_species,high,1,independent_source_verified
UniVH,SCLIN0020293,input_original/manual_downloads/UniVH/dataset.csv,normalized from outputs/tables/univh_family_reconstruction_audit.csv row 1555; unit=NCBI species-rank aggregate,RAW0020293,,3341774,papaya virus B,papaya virus B,Betaflexiviridae,Betaflexiviridae,ICTV 2026 (MSL41.v1),ncbi_family_ancestor_harmonized,high,1,independent_source_verified
UniVH,SCLIN0020294,input_original/manual_downloads/UniVH/dataset.csv,normalized from outputs/tables/univh_family_reconstruction_audit.csv row 15; unit=NCBI species-rank aggregate,RAW0020294,,35350,Foveavirus mali,Foveavirus mali,Betaflexiviridae,Betaflexiviridae,ICTV 2026 (MSL41.v1),ncbi_name_exact_current_ictv_species,high,1,independent_source_verified
UniVH,SCLIN0020295,input_original/manual_downloads/UniVH/dataset.csv,normalized from outputs/tables/univh_family_reconstruction_audit.csv row 1701; unit=NCBI species-rank aggregate,RAW0020295,,3427714,Capillovirus alphavii,Capillovirus alphavii,Betaflexiviridae,Betaflexiviridae,ICTV 2026 (MSL41.v1),ncbi_name_exact_current_ictv_species,high,1,independent_source_verified
UniVH,SCLIN0020296,input_original/manual_downloads/UniVH/dataset.csv,normalized from outputs/tables/univh_family_reconstruction_audit.csv row 1702; unit=NCBI species-rank aggregate,RAW0020296,,2955580,Capillovirus uniheveae,Capillovirus uniheveae,Betaflexiviridae,Betaflexiviridae,ICTV 2026 (MSL41.v1),ncbi_name_exact_current_ictv_species,high,1,independent_source_verified
UniVH,SCLIN0020297,input_original/manual_downloads/UniVH/dataset.csv,normalized from outputs/tables/univh_family_reconstruction_audit.csv row 1708; unit=NCBI species-rank aggregate,RAW0020297,,2955588,Carlavirus alphacapsici,Carlavirus alphacapsici,Betaflexiviridae,Betaflexiviridae,ICTV 2026 (MSL41.v1),ncbi_name_exact_current_ictv_species,high,1,independent_source_verified
UniVH,SCLIN0020298,input_original/manual_downloads/UniVH/dataset.csv,normalized from outputs/tables/univh_family_reconstruction_audit.csv row 1709; unit=NCBI species-rank aggregate,RAW0020298,,3427747,Carlavirus chisolani,Carlavirus chisolani,Betaflexiviridae,Betaflexiviridae,ICTV 2026 (MSL41.v1),ncbi_name_exact_current_ictv_species,high,1,independent_source_verified
UniVH,SCLIN0020299,input_original/manual_downloads/UniVH/dataset.csv,normalized from outputs/tables/univh_family_reconstruction_audit.csv row 1710; unit=NCBI species-rank aggregate,RAW0020299,,3427758,Carlavirus humuli,Carlavirus humuli,Betaflexiviridae,Betaflexiviridae,ICTV 2026 (MSL41.v1),ncbi_name_exact_current_ictv_species,high,1,independent_source_verified
UniVH,SCLIN0020300,input_original/manual_downloads/UniVH/dataset.csv,normalized from outputs/tables/univh_family_reconstruction_audit.csv row 1711; unit=NCBI species-rank aggregate,RAW0020300,,3427770,Carlavirus latenshumuli,Carlavirus latenshumuli,Betaflexiviridae,Betaflexiviridae,ICTV 2026 (MSL41.v1),ncbi_name_exact_current_ictv_species,high,1,independent_source_verified
UniVH,SCLIN0020301,input_original/manual_downloads/UniVH/dataset.csv,normalized from outputs/tables/univh_family_reconstruction_audit.csv row 1712; unit=NCBI species-rank aggregate,RAW0020301,,3427771,Carlavirus latenskalanchoe,Carlavirus latenskalanchoe,Betaflexiviridae,Betaflexiviridae,ICTV 2026 (MSL41.v1),ncbi_name_exact_current_ictv_species,high,1,independent_source_verified
UniVH,SCLIN0020302,input_original/manual_downloads/UniVH/dataset.csv,normalized from outputs/tables/univh_family_reconstruction_audit.csv row 1713; unit=NCBI species-rank aggregate,RAW0020302,,3427774,Carlavirus latensolani,Carlavirus latensolani,Betaflexiviridae,Betaflexiviridae,ICTV 2026 (MSL41.v1),ncbi_name_exact_current_ictv_species,high,1,independent_source_verified
UniVH,SCLIN0020303,input_original/manual_downloads/UniVH/dataset.csv,normalized from outputs/tables/univh_family_reconstruction_audit.csv row 1714; unit=NCBI species-rank aggregate,RAW0020303,,3427775,Carlavirus latenspassiflorae,Carlavirus latenspassiflorae,Betaflexiviridae,Betaflexiviridae,ICTV 2026 (MSL41.v1),ncbi_name_exact_current_ictv_species,high,1,independent_source_verified
UniVH,SCLIN0020304,input_original/manual_downloads/UniVH/dataset.csv,normalized from outputs/tables/univh_family_reconstruction_audit.csv row 1715; unit=NCBI species-rank aggregate,RAW0020304,,2955587,Carlavirus maculapapayae,Carlavirus maculapapayae,Betaflexiviridae,Betaflexiviridae,ICTV 2026 (MSL41.v1),ncbi_name_exact_current_ictv_species,high,1,independent_source_verified
UniVH,SCLIN0020305,input_original/manual_downloads/UniVH/dataset.csv,normalized from outputs/tables/univh_family_reconstruction_audit.csv row 1716; unit=NCBI species-rank aggregate,RAW0020305,,3427779,Carlavirus melonis,Carlavirus melonis,Betaflexiviridae,Betaflexiviridae,ICTV 2026 (MSL41.v1),ncbi_name_exact_current_ictv_species,high,1,independent_source_verified
UniVH,SCLIN0020306,input_original/manual_downloads/UniVH/dataset.csv,normalized from outputs/tables/univh_family_reconstruction_audit.csv row 1717; unit=NCBI species-rank aggregate,RAW0020306,,3427782,Carlavirus misolani,Carlavirus misolani,Betaflexiviridae,Betaflexiviridae,ICTV 2026 (MSL41.v1),ncbi_name_exact_current_ictv_species,high,1,independent_source_verified
UniVH,SCLIN0020307,input_original/manual_downloads/UniVH/dataset.csv,normalized from outputs/tables/univh_family_reconstruction_audit.csv row 1718; unit=NCBI species-rank aggregate,RAW0020307,,2955586,Carlavirus mitipapayae,Carlavirus mitipapayae,Betaflexiviridae,Betaflexiviridae,ICTV 2026 (MSL41.v1),ncbi_name_exact_current_ictv_species,high,1,independent_source_verified
UniVH,SCLIN0020308,input_original/manual_downloads/UniVH/dataset.csv,normalized from outputs/tables/univh_family_reconstruction_audit.csv row 1719; unit=NCBI species-rank aggregate,RAW0020308,,3427789,Carlavirus pisolani,Carlavirus pisolani,Betaflexiviridae,Betaflexiviridae,ICTV 2026 (MSL41.v1),ncbi_name_exact_current_ictv_species,high,1,independent_source_verified
UniVH,SCLIN0020309,input_original/manual_downloads/UniVH/dataset.csv,normalized from outputs/tables/univh_family_reconstruction_audit.csv row 1720; unit=NCBI species-rank aggregate,RAW0020309,,3427796,Carlavirus sigmasolani,Carlavirus sigmasolani,Betaflexiviridae,Betaflexiviridae,ICTV 2026 (MSL41.v1),ncbi_name_exact_current_ictv_species,high,1,independent_source_verified
UniVH,SCLIN0020310,input_original/manual_downloads/UniVH/dataset.csv,normalized from outputs/tables/univh_family_reconstruction_audit.csv row 1721; unit=NCBI species-rank aggregate,RAW0020310,,3427798,Carlavirus trifolii,Carlavirus trifolii,Betaflexiviridae,Betaflexiviridae,ICTV 2026 (MSL41.v1),ncbi_name_exact_current_ictv_species,high,1,independent_source_verified
UniVH,SCLIN0020311,input_original/manual_downloads/UniVH/dataset.csv,normalized from outputs/tables/univh_family_reconstruction_audit.csv row 1722; unit=NCBI species-rank aggregate,RAW0020311,,2955590,Carlavirus uniglycinis,Carlavirus uniglycinis,Betaflexiviridae,Betaflexiviridae,ICTV 2026 (MSL41.v1),ncbi_name_exact_current_ictv_species,high,1,independent_source_verified
UniVH,SCLIN0020312,input_original/manual_downloads/UniVH/dataset.csv,normalized from outputs/tables/univh_family_reconstruction_audit.csv row 1723; unit=NCBI species-rank aggregate,RAW0020312,,3427805,Carlavirus vignae,Carlavirus vignae,Betaflexiviridae,Betaflexiviridae,ICTV 2026 (MSL41.v1),ncbi_name_exact_current_ictv_species,high,1,independent_source_verified
UniVH,SCLIN0020313,input_original/manual_downloads/UniVH/dataset.csv,normalized from outputs/tables/univh_family_reconstruction_audit.csv row 1726; unit=NCBI species-rank aggregate,RAW0020313,,3427932,Chordovirus duocarotae,Chordovirus duocarotae,Betaflexiviridae,Betaflexiviridae,ICTV 2026 (MSL41.v1),ncbi_name_exact_current_ictv_species,high,1,independent_source_verified
UniVH,SCLIN0020314,input_original/manual_downloads/UniVH/dataset.csv,normalized from outputs/tables/univh_family_reconstruction_audit.csv row 1727; unit=NCBI species-rank aggregate,RAW0020314,,3427933,Chordovirus tetraheraclei,Chordovirus tetraheraclei,Betaflexiviridae,Betaflexiviridae,ICTV 2026 (MSL41.v1),ncbi_name_exact_current_ictv_species,high,1,independent_source_verified
UniVH,SCLIN0020315,input_original/manual_downloads/UniVH/dataset.csv,normalized from outputs/tables/univh_family_reconstruction_audit.csv row 1728; unit=NCBI species-rank aggregate,RAW0020315,,3427934,Chordovirus unicarotae,Chordovirus unicarotae,Betaflexiviridae,Betaflexiviridae,ICTV 2026 (MSL41.v1),ncbi_name_exact_current_ictv_species,high,1,independent_source_verified
UniVH,SCLIN0020316,input_original/manual_downloads/UniVH/dataset.csv,normalized from outputs/tables/univh_family_reconstruction_audit.csv row 1729; unit=NCBI species-rank aggregate,RAW0020316,,3427936,Chordovirus unilactucae,Chordovirus unilactucae,Betaflexiviridae,Betaflexiviridae,ICTV 2026 (MSL41.v1),ncbi_name_exact_current_ictv_species,high,1,independent_source_verified
UniVH,SCLIN0020317,input_original/manual_downloads/UniVH/dataset.csv,normalized from outputs/tables/univh_family_reconstruction_audit.csv row 1730; unit=NCBI species-rank aggregate,RAW0020317,,3427970,Citrivirus citri,Citrivirus citri,Betaflexiviridae,Betaflexiviridae,ICTV 2026 (MSL41.v1),ncbi_name_exact_current_ictv_species,high,1,independent_source_verified
UniVH,SCLIN0020318,input_original/manual_downloads/UniVH/dataset.csv,normalized from outputs/tables/univh_family_reconstruction_audit.csv row 1795; unit=NCBI species-rank aggregate,RAW0020318,,3428807,Foveavirus alphavitis,Foveavirus alphavitis,Betaflexiviridae,Betaflexiviridae,ICTV 2026 (MSL41.v1),ncbi_name_exact_current_ictv_species,high,1,independent_source_verified
UniVH,SCLIN0020319,input_original/manual_downloads/UniVH/dataset.csv,normalized from outputs/tables/univh_family_reconstruction_audit.csv row 1796; unit=NCBI species-rank aggregate,RAW0020319,,2955910,Foveavirus betavii,Foveavirus betavii,Betaflexiviridae,Betaflexiviridae,ICTV 2026 (MSL41.v1),ncbi_name_exact_current_ictv_species,high,1,independent_source_verified
UniVH,SCLIN0020320,input_original/manual_downloads/UniVH/dataset.csv,normalized from outputs/tables/univh_family_reconstruction_audit.csv row 1797; unit=NCBI species-rank aggregate,RAW0020320,,3428809,Foveavirus duoasiaticum,Foveavirus duoasiaticum,Betaflexiviridae,Betaflexiviridae,ICTV 2026 (MSL41.v1),ncbi_name_exact_current_ictv_species,high,1,independent_source_verified
UniVH,SCLIN0020321,input_original/manual_downloads/UniVH/dataset.csv,normalized from outputs/tables/univh_family_reconstruction_audit.csv row 1798; unit=NCBI species-rank aggregate,RAW0020321,,3428810,Foveavirus mumeae,Foveavirus mumeae,Betaflexiviridae,Betaflexiviridae,ICTV 2026 (MSL41.v1),ncbi_name_exact_current_ictv_species,high,1,independent_source_verified
UniVH,SCLIN0020322,input_original/manual_downloads/UniVH/dataset.csv,normalized from outputs/tables/univh_family_reconstruction_audit.csv row 1799; unit=NCBI species-rank aggregate,RAW0020322,,3428812,Foveavirus rupestris,Foveavirus rupestris,Betaflexiviridae,Betaflexiviridae,ICTV 2026 (MSL41.v1),ncbi_name_exact_current_ictv_species,high,1,independent_source_verified
UniVH,SCLIN0020323,input_original/manual_downloads/UniVH/dataset.csv,normalized from outputs/tables/univh_family_reconstruction_audit.csv row 1800; unit=NCBI species-rank aggregate,RAW0020323,,3428813,Foveavirus tafvitis,Foveavirus tafvitis,Betaflexiviridae,Betaflexiviridae,ICTV 2026 (MSL41.v1),ncbi_name_exact_current_ictv_species,high,1,independent_source_verified
UniVH,SCLIN0020324,input_original/manual_downloads/UniVH/dataset.csv,normalized from outputs/tables/univh_family_reconstruction_audit.csv row 1801; unit=NCBI species-rank aggregate,RAW0020324,,3428815,Foveavirus unasiaticum,Foveavirus unasiaticum,Betaflexiviridae,Betaflexiviridae,ICTV 2026 (MSL41.v1),ncbi_name_exact_current_ictv_species,high,1,independent_source_verified
UniVH,SCLIN0020325,input_original/manual_downloads/UniVH/dataset.csv,normalized from outputs/tables/univh_family_reconstruction_audit.csv row 1973; unit=NCBI species-rank aggregate,RAW0020325,,3432173,Robigovirus necroavii,Robigovirus necroavii,Betaflexiviridae,Betaflexiviridae,ICTV 2026 (MSL41.v1),ncbi_name_exact_current_ictv_species,high,1,independent_source_verified
UniVH,SCLIN0020326,input_original/manual_downloads/UniVH/dataset.csv,normalized from outputs/tables/univh_family_reconstruction_audit.csv row 1974; unit=NCBI species-rank aggregate,RAW0020326,,3432174,Robigovirus robigomaculae,Robigovirus robigomaculae,Betaflexiviridae,Betaflexiviridae,ICTV 2026 (MSL41.v1),ncbi_name_exact_current_ictv_species,high,1,independent_source_verified
UniVH,SCLIN0020327,input_original/manual_downloads/UniVH/dataset.csv,normalized from outputs/tables/univh_family_reconstruction_audit.csv row 1975; unit=NCBI species-rank aggregate,RAW0020327,,3432175,Robigovirus tortifoliae,Robigovirus tortifoliae,Betaflexiviridae,Betaflexiviridae,ICTV 2026 (MSL41.v1),ncbi_name_exact_current_ictv_species,high,1,independent_source_verified
UniVH,SCLIN0020328,input_original/manual_downloads/UniVH/dataset.csv,normalized from outputs/tables/univh_family_reconstruction_audit.csv row 1976; unit=NCBI species-rank aggregate,RAW0020328,,3432176,Robigovirus viridiavii,Robigovirus viridiavii,Betaflexiviridae,Betaflexiviridae,ICTV 2026 (MSL41.v1),ncbi_name_exact_current_ictv_species,high,1,independent_source_verified
UniVH,SCLIN0020329,input_original/manual_downloads/UniVH/dataset.csv,normalized from outputs/tables/univh_family_reconstruction_audit.csv row 2044; unit=NCBI species-rank aggregate,RAW0020329,,2956554,Trichovirus chloropersicae,Trichovirus chloropersicae,Betaflexiviridae,Betaflexiviridae,ICTV 2026 (MSL41.v1),ncbi_name_exact_current_ictv_species,high,1,independent_source_verified
UniVH,SCLIN0020330,input_original/manual_downloads/UniVH/dataset.csv,normalized from outputs/tables/univh_family_reconstruction_audit.csv row 2045; unit=NCBI species-rank aggregate,RAW0020330,,2956553,Trichovirus latensavii,Trichovirus latensavii,Betaflexiviridae,Betaflexiviridae,ICTV 2026 (MSL41.v1),ncbi_name_exact_current_ictv_species,high,1,independent_source_verified
UniVH,SCLIN0020331,input_original/manual_downloads/UniVH/dataset.csv,normalized from outputs/tables/univh_family_reconstruction_audit.csv row 2046; unit=NCBI species-rank aggregate,RAW0020331,,3432986,Trichovirus maculavii,Trichovirus maculavii,Betaflexiviridae,Betaflexiviridae,ICTV 2026 (MSL41.v1),ncbi_name_exact_current_ictv_species,high,1,independent_source_verified
UniVH,SCLIN0020332,input_original/manual_downloads/UniVH/dataset.csv,normalized from outputs/tables/univh_family_reconstruction_audit.csv row 2047; unit=NCBI species-rank aggregate,RAW0020332,,2956555,Trichovirus mipersicae,Trichovirus mipersicae,Betaflexiviridae,Betaflexiviridae,ICTV 2026 (MSL41.v1),ncbi_name_exact_current_ictv_species,high,1,independent_source_verified
UniVH,SCLIN0020333,input_original/manual_downloads/UniVH/dataset.csv,normalized from outputs/tables/univh_family_reconstruction_audit.csv row 2048; unit=NCBI species-rank aggregate,RAW0020333,,3432988,Trichovirus necroacini,Trichovirus necroacini,Betaflexiviridae,Betaflexiviridae,ICTV 2026 (MSL41.v1),ncbi_name_exact_current_ictv_species,high,1,independent_source_verified
UniVH,SCLIN0020334,input_original/manual_downloads/UniVH/dataset.csv,normalized from outputs/tables/univh_family_reconstruction_audit.csv row 2049; unit=NCBI species-rank aggregate,RAW0020334,,3432989,Trichovirus persicae,Trichovirus persicae,Betaflexiviridae,Betaflexiviridae,ICTV 2026 (MSL41.v1),ncbi_name_exact_current_ictv_species,high,1,independent_source_verified
UniVH,SCLIN0020335,input_original/manual_downloads/UniVH/dataset.csv,normalized from outputs/tables/univh_family_reconstruction_audit.csv row 2050; unit=NCBI species-rank aggregate,RAW0020335,,3432991,Trichovirus pinovitis,Trichovirus pinovitis,Betaflexiviridae,Betaflexiviridae,ICTV 2026 (MSL41.v1),ncbi_name_exact_current_ictv_species,high,1,independent_source_verified
UniVH,SCLIN0020336,input_original/manual_downloads/UniVH/dataset.csv,normalized from outputs/tables/univh_family_reconstruction_audit.csv row 2076; unit=NCBI species-rank aggregate,RAW0020336,,3433252,Vitivirus alphavitis,Vitivirus alphavitis,Betaflexiviridae,Betaflexiviridae,ICTV 2026 (MSL41.v1),ncbi_name_exact_current_ictv_species,high,1,independent_source_verified
UniVH,SCLIN0020337,input_original/manual_downloads/UniVH/dataset.csv,normalized from outputs/tables/univh_family_reconstruction_audit.csv row 2077; unit=NCBI species-rank aggregate,RAW0020337,,3433254,Vitivirus betavitis,Vitivirus betavitis,Betaflexiviridae,Betaflexiviridae,ICTV 2026 (MSL41.v1),ncbi_name_exact_current_ictv_species,high,1,independent_source_verified
UniVH,SCLIN0020338,input_original/manual_downloads/UniVH/dataset.csv,normalized from outputs/tables/univh_family_reconstruction_audit.csv row 2078; unit=NCBI species-rank aggregate,RAW0020338,,3433255,Vitivirus deltavitis,Vitivirus deltavitis,Betaflexiviridae,Betaflexiviridae,ICTV 2026 (MSL41.v1),ncbi_name_exact_current_ictv_species,high,1,independent_source_verified
UniVH,SCLIN0020339,input_original/manual_downloads/UniVH/dataset.csv,normalized from outputs/tables/univh_family_reconstruction_audit.csv row 2079; unit=NCBI species-rank aggregate,RAW0020339,,3433257,Vitivirus epsilonvitis,Vitivirus epsilonvitis,Betaflexiviridae,Betaflexiviridae,ICTV 2026 (MSL41.v1),ncbi_name_exact_current_ictv_species,high,1,independent_source_verified
UniVH,SCLIN0020340,input_original/manual_downloads/UniVH/dataset.csv,normalized from outputs/tables/univh_family_reconstruction_audit.csv row 2080; unit=NCBI species-rank aggregate,RAW0020340,,3433258,Vitivirus etavitis,Vitivirus etavitis,Betaflexiviridae,Betaflexiviridae,ICTV 2026 (MSL41.v1),ncbi_name_exact_current_ictv_species,high,1,independent_source_verified
UniVH,SCLIN0020341,input_original/manual_downloads/UniVH/dataset.csv,normalized from outputs/tables/univh_family_reconstruction_audit.csv row 2081; unit=NCBI species-rank aggregate,RAW0020341,,3433259,Vitivirus gammavitis,Vitivirus gammavitis,Betaflexiviridae,Betaflexiviridae,ICTV 2026 (MSL41.v1),ncbi_name_exact_current_ictv_species,high,1,independent_source_verified
UniVH,SCLIN0020342,input_original/manual_downloads/UniVH/dataset.csv,normalized from outputs/tables/univh_family_reconstruction_audit.csv row 2082; unit=NCBI species-rank aggregate,RAW0020342,,3433260,Vitivirus iotavitis,Vitivirus iotavitis,Betaflexiviridae,Betaflexiviridae,ICTV 2026 (MSL41.v1),ncbi_name_exact_current_ictv_species,high,1,independent_source_verified
UniVH,SCLIN0020343,input_original/manual_downloads/UniVH/dataset.csv,normalized from outputs/tables/univh_family_reconstruction_audit.csv row 2083; unit=NCBI species-rank aggregate,RAW0020343,,3433261,Vitivirus jeivitis,Vitivirus jeivitis,Betaflexiviridae,Betaflexiviridae,ICTV 2026 (MSL41.v1),ncbi_name_exact_current_ictv_species,high,1,independent_source_verified
UniVH,SCLIN0020344,input_original/manual_downloads/UniVH/dataset.csv,normalized from outputs/tables/univh_family_reconstruction_audit.csv row 2084; unit=NCBI species-rank aggregate,RAW0020344,,2956654,Vitivirus lambdavitis,Vitivirus lambdavitis,Betaflexiviridae,Betaflexiviridae,ICTV 2026 (MSL41.v1),ncbi_name_exact_current_ictv_species,high,1,independent_source_verified
UniVH,SCLIN0020345,input_original/manual_downloads/UniVH/dataset.csv,normalized from outputs/tables/univh_family_reconstruction_audit.csv row 2085; unit=NCBI species-rank aggregate,RAW0020345,,3433264,Vitivirus nuvitis,Vitivirus nuvitis,Betaflexiviridae,Betaflexiviridae,ICTV 2026 (MSL41.v1),ncbi_name_exact_current_ictv_species,high,1,independent_source_verified
UniVH,SCLIN0020346,input_original/manual_downloads/UniVH/dataset.csv,normalized from outputs/tables/univh_family_reconstruction_audit.csv row 2086; unit=NCBI species-rank aggregate,RAW0020346,,3433265,Vitivirus phivitis,Vitivirus phivitis,Betaflexiviridae,Betaflexiviridae,ICTV 2026 (MSL41.v1),ncbi_name_exact_current_ictv_species,high,1,independent_source_verified
UniVH,SCLIN0020347,input_original/manual_downloads/UniVH/dataset.csv,normalized from outputs/tables/univh_family_reconstruction_audit.csv row 2170; unit=NCBI species-rank aggregate,RAW0020347,,2571274,Vitivirus muviti,Vitivirus muviti,Betaflexiviridae,Betaflexiviridae,ICTV 2026 (MSL41.v1),ncbi_name_exact_current_ictv_species,high,1,independent_source_verified
UniVH,SCLIN0020348,input_original/manual_downloads/UniVH/dataset.csv,normalized from outputs/tables/univh_family_reconstruction_audit.csv row 2171; unit=NCBI species-rank aggregate,RAW0020348,,3027323,Vitivirus rhoviti,Vitivirus rhoviti,Betaflexiviridae,Betaflexiviridae,ICTV 2026 (MSL41.v1),ncbi_name_exact_current_ictv_species,high,1,independent_source_verified
UniVH,SCLIN0020349,input_original/manual_downloads/UniVH/dataset.csv,normalized from outputs/tables/univh_family_reconstruction_audit.csv row 241; unit=NCBI species-rank aggregate,RAW0020349,,1868472,Yacon virus A,Yacon virus A,Betaflexiviridae,Betaflexiviridae,ICTV 2026 (MSL41.v1),ncbi_family_ancestor_harmonized,high,1,independent_source_verified
UniVH,SCLIN0020350,input_original/manual_downloads/UniVH/dataset.csv,normalized from outputs/tables/univh_family_reconstruction_audit.csv row 26; unit=NCBI species-rank aggregate,RAW0020350,,75387,Foveavirus latensarmeniacae,Foveavirus latensarmeniacae,Betaflexiviridae,Betaflexiviridae,ICTV 2026 (MSL41.v1),ncbi_name_exact_current_ictv_species,high,1,independent_source_verified
UniVH,SCLIN0020351,input_original/manual_downloads/UniVH/dataset.csv,normalized from outputs/tables/univh_family_reconstruction_audit.csv row 354; unit=NCBI species-rank aggregate,RAW0020351,,2016034,Grapevine virus K,Grapevine virus K,Betaflexiviridae,Betaflexiviridae,ICTV 2026 (MSL41.v1),ncbi_family_ancestor_harmonized,high,1,independent_source_verified
UniVH,SCLIN0020352,input_original/manual_downloads/UniVH/dataset.csv,normalized from outputs/tables/univh_family_reconstruction_audit.csv row 375; unit=NCBI species-rank aggregate,RAW0020352,,2058091,Red clover carlavirus A,Red clover carlavirus A,Betaflexiviridae,Betaflexiviridae,ICTV 2026 (MSL41.v1),ncbi_family_ancestor_harmonized,high,1,independent_source_verified
UniVH,SCLIN0020353,input_original/manual_downloads/UniVH/dataset.csv,normalized from outputs/tables/univh_family_reconstruction_audit.csv row 418; unit=NCBI species-rank aggregate,RAW0020353,,2301726,Red clover carlavirus 1,Red clover carlavirus 1,Betaflexiviridae,Betaflexiviridae,ICTV 2026 (MSL41.v1),ncbi_family_ancestor_harmonized,high,1,independent_source_verified
UniVH,SCLIN0020354,input_original/manual_downloads/UniVH/dataset.csv,normalized from outputs/tables/univh_family_reconstruction_audit.csv row 428; unit=NCBI species-rank aggregate,RAW0020354,,2419804,Salvia divinorum RNA virus 1,Salvia divinorum RNA virus 1,Betaflexiviridae,Betaflexiviridae,ICTV 2026 (MSL41.v1),ncbi_family_ancestor_harmonized,high,1,independent_source_verified
UniVH,SCLIN0020355,input_original/manual_downloads/UniVH/dataset.csv,normalized from outputs/tables/univh_family_reconstruction_audit.csv row 48; unit=NCBI species-rank aggregate,RAW0020355,,307677,Trichovirus armeniacae,Trichovirus armeniacae,Betaflexiviridae,Betaflexiviridae,ICTV 2026 (MSL41.v1),ncbi_name_exact_current_ictv_species,high,1,independent_source_verified
UniVH,SCLIN0020356,input_original/manual_downloads/UniVH/dataset.csv,normalized from outputs/tables/univh_family_reconstruction_audit.csv row 498; unit=NCBI species-rank aggregate,RAW0020356,,2577080,Yam virus Y,Yam virus Y,Betaflexiviridae,Betaflexiviridae,ICTV 2026 (MSL41.v1),ncbi_family_ancestor_harmonized,high,1,independent_source_verified
UniVH,SCLIN0020357,input_original/manual_downloads/UniVH/dataset.csv,normalized from outputs/tables/univh_family_reconstruction_audit.csv row 511; unit=NCBI species-rank aggregate,RAW0020357,,2597809,Mexico trichovirus,Mexico trichovirus,Betaflexiviridae,Betaflexiviridae,ICTV 2026 (MSL41.v1),ncbi_family_ancestor_harmonized,high,1,independent_source_verified
UniVH,SCLIN0020358,input_original/manual_downloads/UniVH/dataset.csv,normalized from outputs/tables/univh_family_reconstruction_audit.csv row 522; unit=NCBI species-rank aggregate,RAW0020358,,2650001,Grapevine Kizil Sapak virus,Grapevine Kizil Sapak virus,Betaflexiviridae,Betaflexiviridae,ICTV 2026 (MSL41.v1),ncbi_family_ancestor_harmonized,high,1,independent_source_verified
UniVH,SCLIN0020359,input_original/manual_downloads/UniVH/dataset.csv,normalized from outputs/tables/univh_family_reconstruction_audit.csv row 534; unit=NCBI species-rank aggregate,RAW0020359,,2705123,Cherry symptomless virus,Cherry symptomless virus,Betaflexiviridae,Betaflexiviridae,ICTV 2026 (MSL41.v1),ncbi_family_ancestor_harmonized,high,1,independent_source_verified
UniVH,SCLIN0020360,input_original/manual_downloads/UniVH/dataset.csv,normalized from outputs/tables/univh_family_reconstruction_audit.csv row 53; unit=NCBI species-rank aggregate,RAW0020360,,351428,Asian prunus virus 3,Asian prunus virus 3,Betaflexiviridae,Betaflexiviridae,ICTV 2026 (MSL41.v1),ncbi_family_ancestor_harmonized,high,1,independent_source_verified
UniVH,SCLIN0020361,input_original/manual_downloads/UniVH/dataset.csv,normalized from outputs/tables/univh_family_reconstruction_audit.csv row 757; unit=NCBI species-rank aggregate,RAW0020361,,2859709,Wheat virus Q,Wheat virus Q,Betaflexiviridae,Betaflexiviridae,ICTV 2026 (MSL41.v1),ncbi_family_ancestor_harmonized,high,1,independent_source_verified
UniVH,SCLIN0020362,input_original/manual_downloads/UniVH/dataset.csv,normalized from outputs/tables/univh_family_reconstruction_audit.csv row 761; unit=NCBI species-rank aggregate,RAW0020362,,2862825,wheat yellow stunt associated betaflexivirus,wheat yellow stunt associated betaflexivirus,Betaflexiviridae,Betaflexiviridae,ICTV 2026 (MSL41.v1),ncbi_family_ancestor_harmonized,high,1,independent_source_verified
UniVH,SCLIN0020363,input_original/manual_downloads/UniVH/dataset.csv,normalized from outputs/tables/univh_family_reconstruction_audit.csv row 7; unit=NCBI species-rank aggregate,RAW0020363,,12175,Trichovirus mali,Trichovirus mali,Betaflexiviridae,Betaflexiviridae,ICTV 2026 (MSL41.v1),ncbi_name_exact_current_ictv_species,high,1,independent_source_verified
UniVH,SCLIN0020364,input_original/manual_downloads/UniVH/dataset.csv,normalized from outputs/tables/univh_family_reconstruction_audit.csv row 821; unit=NCBI species-rank aggregate,RAW0020364,,2917348,Grapevine virus O,Grapevine virus O,Betaflexiviridae,Betaflexiviridae,ICTV 2026 (MSL41.v1),ncbi_family_ancestor_harmonized,high,1,independent_source_verified
UniVH,SCLIN0020365,input_original/manual_downloads/UniVH/dataset.csv,normalized from outputs/tables/univh_family_reconstruction_audit.csv row 864; unit=NCBI species-rank aggregate,RAW0020365,,2950891,Tomato vitivirus 1,Tomato vitivirus 1,Betaflexiviridae,Betaflexiviridae,ICTV 2026 (MSL41.v1),ncbi_family_ancestor_harmonized,high,1,independent_source_verified
UniVH,SCLIN0020366,input_original/manual_downloads/UniVH/dataset.csv,normalized from outputs/tables/univh_family_reconstruction_audit.csv row 1117; unit=NCBI species-rank aggregate,RAW0020366,,3048151,Avibirnavirus gumboroense,Avibirnavirus gumboroense,Birnaviridae,Birnaviridae,ICTV 2026 (MSL41.v1),ncbi_name_exact_current_ictv_species,high,1,independent_source_verified
UniVH,SCLIN0020367,input_original/manual_downloads/UniVH/dataset.csv,normalized from outputs/tables/univh_family_reconstruction_audit.csv row 1119; unit=NCBI species-rank aggregate,RAW0020367,,3048153,Aquabirnavirus salmonidae,Aquabirnavirus salmonidae,Birnaviridae,Birnaviridae,ICTV 2026 (MSL41.v1),ncbi_name_exact_current_ictv_species,high,1,independent_source_verified
UniVH,SCLIN0020368,input_original/manual_downloads/UniVH/dataset.csv,normalized from outputs/tables/univh_family_reconstruction_audit.csv row 1125; unit=NCBI species-rank aggregate,RAW0020368,,3048176,Blosnavirus lati,Blosnavirus lati,Birnaviridae,Birnaviridae,ICTV 2026 (MSL41.v1),ncbi_name_exact_current_ictv_species,high,1,independent_source_verified
UniVH,SCLIN0020369,input_original/manual_downloads/UniVH/dataset.csv,normalized from outputs/tables/univh_family_reconstruction_audit.csv row 1136; unit=NCBI species-rank aggregate,RAW0020369,,3048208,Entomobirnavirus anophelae,Entomobirnavirus anophelae,Birnaviridae,Birnaviridae,ICTV 2026 (MSL41.v1),ncbi_name_exact_current_ictv_species,high,1,independent_source_verified
UniVH,SCLIN0020370,input_original/manual_downloads/UniVH/dataset.csv,normalized from outputs/tables/univh_family_reconstruction_audit.csv row 1161; unit=NCBI species-rank aggregate,RAW0020370,,3048304,Ronavirus rotiferae,Ronavirus rotiferae,Birnaviridae,Birnaviridae,ICTV 2026 (MSL41.v1),ncbi_name_exact_current_ictv_species,high,1,independent_source_verified
UniVH,SCLIN0020371,input_original/manual_downloads/UniVH/dataset.csv,normalized from outputs/tables/univh_family_reconstruction_audit.csv row 1229; unit=NCBI species-rank aggregate,RAW0020371,,3052185,Dronavirus drosophilae,Dronavirus drosophilae,Birnaviridae,Birnaviridae,ICTV 2026 (MSL41.v1),ncbi_name_exact_current_ictv_species,high,1,independent_source_verified
UniVH,SCLIN0020372,input_original/manual_downloads/UniVH/dataset.csv,normalized from outputs/tables/univh_family_reconstruction_audit.csv row 1435; unit=NCBI species-rank aggregate,RAW0020372,,3077841,Rocky Mountain birnavirus,Rocky Mountain birnavirus,Birnaviridae,Birnaviridae,ICTV 2026 (MSL41.v1),ncbi_family_ancestor_harmonized,high,1,independent_source_verified
UniVH,SCLIN0020373,input_original/manual_downloads/UniVH/dataset.csv,normalized from outputs/tables/univh_family_reconstruction_audit.csv row 1457; unit=NCBI species-rank aggregate,RAW0020373,,3120110,Siniperca chuatsi birnavirus,Siniperca chuatsi birnavirus,Birnaviridae,Birnaviridae,ICTV 2026 (MSL41.v1),ncbi_family_ancestor_harmonized,high,1,independent_source_verified
UniVH,SCLIN0020374,input_original/manual_downloads/UniVH/dataset.csv,normalized from outputs/tables/univh_family_reconstruction_audit.csv row 1469; unit=NCBI species-rank aggregate,RAW0020374,,3152096,Mandarin fish birnavirus,Mandarin fish birnavirus,Birnaviridae,Birnaviridae,ICTV 2026 (MSL41.v1),ncbi_family_ancestor_harmonized,high,1,independent_source_verified
UniVH,SCLIN0020375,input_original/manual_downloads/UniVH/dataset.csv,normalized from outputs/tables/univh_family_reconstruction_audit.csv row 191; unit=NCBI species-rank aggregate,RAW0020375,,1661392,Victorian trout aquabirnavirus,Victorian trout aquabirnavirus,Birnaviridae,Birnaviridae,ICTV 2026 (MSL41.v1),ncbi_family_ancestor_harmonized,high,1,independent_source_verified
UniVH,SCLIN0020376,input_original/manual_downloads/UniVH/dataset.csv,normalized from outputs/tables/univh_family_reconstruction_audit.csv row 208; unit=NCBI species-rank aggregate,RAW0020376,,1721090,Tasmanian aquabirnavirus,Tasmanian aquabirnavirus,Birnaviridae,Birnaviridae,ICTV 2026 (MSL41.v1),ncbi_family_ancestor_harmonized,high,1,independent_source_verified
UniVH,SCLIN0020377,input_original/manual_downloads/UniVH/dataset.csv,normalized from outputs/tables/univh_family_reconstruction_audit.csv row 77; unit=NCBI species-rank aggregate,RAW0020377,,663281,Drosophila melanogaster birnavirus SW-2009a,Drosophila melanogaster birnavirus SW-2009a,Birnaviridae,Birnaviridae,ICTV 2026 (MSL41.v1),ncbi_family_ancestor_harmonized,high,1,independent_source_verified
UniVH,SCLIN0020378,input_original/manual_downloads/UniVH/dataset.csv,normalized from outputs/tables/univh_family_reconstruction_audit.csv row 730; unit=NCBI species-rank aggregate,RAW0020378,,2845024,Ivolevirus faecicola,Ivolevirus faecicola,Blumeviridae,Blumeviridae,ICTV 2026 (MSL41.v1),ncbi_name_exact_current_ictv_species,high,1,independent_source_verified
UniVH,SCLIN0020379,input_original/manual_downloads/UniVH/dataset.csv,normalized from outputs/tables/univh_family_reconstruction_audit.csv row 173; unit=NCBI species-rank aggregate,RAW0020379,,1548720,Orthobornavirus serini,Orthobornavirus serini,Bornaviridae,Bornaviridae,ICTV 2026 (MSL41.v1),ncbi_name_exact_current_ictv_species,high,1,independent_source_verified
UniVH,SCLIN0020380,input_original/manual_downloads/UniVH/dataset.csv,normalized from outputs/tables/univh_family_reconstruction_audit.csv row 174; unit=NCBI species-rank aggregate,RAW0020380,,1548722,Orthobornavirus avisaquaticae,Orthobornavirus avisaquaticae,Bornaviridae,Bornaviridae,ICTV 2026 (MSL41.v1),ncbi_name_exact_current_ictv_species,high,1,independent_source_verified
UniVH,SCLIN0020381,input_original/manual_downloads/UniVH/dataset.csv,normalized from outputs/tables/univh_family_reconstruction_audit.csv row 207; unit=NCBI species-rank aggregate,RAW0020381,,1714619,Orthobornavirus bornaense,Orthobornavirus bornaense,Bornaviridae,Bornaviridae,ICTV 2026 (MSL41.v1),ncbi_name_exact_current_ictv_species,high,1,independent_source_verified
UniVH,SCLIN0020382,input_original/manual_downloads/UniVH/dataset.csv,normalized from outputs/tables/univh_family_reconstruction_audit.csv row 248; unit=NCBI species-rank aggregate,RAW0020382,,1897087,Orthobornavirus sciuri,Orthobornavirus sciuri,Bornaviridae,Bornaviridae,ICTV 2026 (MSL41.v1),ncbi_name_exact_current_ictv_species,high,1,independent_source_verified
UniVH,SCLIN0020383,input_original/manual_downloads/UniVH/dataset.csv,normalized from outputs/tables/univh_family_reconstruction_audit.csv row 1068; unit=NCBI species-rank aggregate,RAW0020383,,3047149,Ustilaginoidea virens botourmiavirus 7,Ustilaginoidea virens botourmiavirus 7,Botourmiaviridae,Botourmiaviridae,ICTV 2026 (MSL41.v1),ncbi_family_ancestor_harmonized,high,1,independent_source_verified
UniVH,SCLIN0020384,input_original/manual_downloads/UniVH/dataset.csv,normalized from outputs/tables/univh_family_reconstruction_audit.csv row 1399; unit=NCBI species-rank aggregate,RAW0020384,,3059792,Botoulivirus kappabotrytidis,Botoulivirus kappabotrytidis,Botourmiaviridae,Botourmiaviridae,ICTV 2026 (MSL41.v1),ncbi_name_exact_current_ictv_species,high,1,independent_source_verified
UniVH,SCLIN0020385,input_original/manual_downloads/UniVH/dataset.csv,normalized from outputs/tables/univh_family_reconstruction_audit.csv row 1404; unit=NCBI species-rank aggregate,RAW0020385,,3059991,Epsilonscleroulivirus alphaoryzae,Epsilonscleroulivirus alphaoryzae,Botourmiaviridae,Botourmiaviridae,ICTV 2026 (MSL41.v1),ncbi_name_exact_current_ictv_species,high,1,independent_source_verified
UniVH,SCLIN0020386,input_original/manual_downloads/UniVH/dataset.csv,normalized from outputs/tables/univh_family_reconstruction_audit.csv row 1408; unit=NCBI species-rank aggregate,RAW0020386,,3060179,Magoulivirus alphamellea,Magoulivirus alphamellea,Botourmiaviridae,Botourmiaviridae,ICTV 2026 (MSL41.v1),ncbi_name_exact_current_ictv_species,high,1,independent_source_verified
UniVH,SCLIN0020387,input_original/manual_downloads/UniVH/dataset.csv,normalized from outputs/tables/univh_family_reconstruction_audit.csv row 1409; unit=NCBI species-rank aggregate,RAW0020387,,3060181,Magoulivirus alphaoryzae,Magoulivirus alphaoryzae,Botourmiaviridae,Botourmiaviridae,ICTV 2026 (MSL41.v1),ncbi_name_exact_current_ictv_species,high,1,independent_source_verified
UniVH,SCLIN0020388,input_original/manual_downloads/UniVH/dataset.csv,normalized from outputs/tables/univh_family_reconstruction_audit.csv row 1417; unit=NCBI species-rank aggregate,RAW0020388,,3060538,Penoulivirus alphaoryzae,Penoulivirus alphaoryzae,Botourmiaviridae,Botourmiaviridae,ICTV 2026 (MSL41.v1),ncbi_name_exact_current_ictv_species,high,1,independent_source_verified
UniVH,SCLIN0020389,input_original/manual_downloads/UniVH/dataset.csv,normalized from outputs/tables/univh_family_reconstruction_audit.csv row 1685; unit=NCBI species-rank aggregate,RAW0020389,,2846163,Botoulivirus betasclerotiniae,Botoulivirus betasclerotiniae,Botourmiaviridae,Botourmiaviridae,ICTV 2026 (MSL41.v1),ncbi_name_exact_current_ictv_species,high,1,independent_source_verified
UniVH,SCLIN0020390,input_original/manual_downloads/UniVH/dataset.csv,normalized from outputs/tables/univh_family_reconstruction_audit.csv row 1686; unit=NCBI species-rank aggregate,RAW0020390,,2560351,Botoulivirus botrytidis,Botoulivirus botrytidis,Botourmiaviridae,Botourmiaviridae,ICTV 2026 (MSL41.v1),ncbi_name_exact_current_ictv_species,high,1,independent_source_verified
UniVH,SCLIN0020391,input_original/manual_downloads/UniVH/dataset.csv,normalized from outputs/tables/univh_family_reconstruction_audit.csv row 1687; unit=NCBI species-rank aggregate,RAW0020391,,2844155,Botoulivirus epicocci,Botoulivirus epicocci,Botourmiaviridae,Botourmiaviridae,ICTV 2026 (MSL41.v1),ncbi_name_exact_current_ictv_species,high,1,independent_source_verified
UniVH,SCLIN0020392,input_original/manual_downloads/UniVH/dataset.csv,normalized from outputs/tables/univh_family_reconstruction_audit.csv row 1856; unit=NCBI species-rank aggregate,RAW0020392,,2843999,Magoulivirus colletotrichi,Magoulivirus colletotrichi,Botourmiaviridae,Botourmiaviridae,ICTV 2026 (MSL41.v1),ncbi_name_exact_current_ictv_species,high,1,independent_source_verified
UniVH,SCLIN0020393,input_original/manual_downloads/UniVH/dataset.csv,normalized from outputs/tables/univh_family_reconstruction_audit.csv row 1857; unit=NCBI species-rank aggregate,RAW0020393,,2845795,Magoulivirus penicillii,Magoulivirus penicillii,Botourmiaviridae,Botourmiaviridae,ICTV 2026 (MSL41.v1),ncbi_name_exact_current_ictv_species,high,1,independent_source_verified
UniVH,SCLIN0020394,input_original/manual_downloads/UniVH/dataset.csv,normalized from outputs/tables/univh_family_reconstruction_audit.csv row 1858; unit=NCBI species-rank aggregate,RAW0020394,,2560704,Magoulivirus rhizoctoniae,Magoulivirus rhizoctoniae,Botourmiaviridae,Botourmiaviridae,ICTV 2026 (MSL41.v1),ncbi_name_exact_current_ictv_species,high,1,independent_source_verified
UniVH,SCLIN0020395,input_original/manual_downloads/UniVH/dataset.csv,normalized from outputs/tables/univh_family_reconstruction_audit.csv row 1911; unit=NCBI species-rank aggregate,RAW0020395,,2843742,Penoulivirus aspergilli,Penoulivirus aspergilli,Botourmiaviridae,Botourmiaviridae,ICTV 2026 (MSL41.v1),ncbi_name_exact_current_ictv_species,high,1,independent_source_verified
UniVH,SCLIN0020396,input_original/manual_downloads/UniVH/dataset.csv,normalized from outputs/tables/univh_family_reconstruction_audit.csv row 1912; unit=NCBI species-rank aggregate,RAW0020396,,2844156,Penoulivirus epicocci,Penoulivirus epicocci,Botourmiaviridae,Botourmiaviridae,ICTV 2026 (MSL41.v1),ncbi_name_exact_current_ictv_species,high,1,independent_source_verified
UniVH,SCLIN0020397,input_original/manual_downloads/UniVH/dataset.csv,normalized from outputs/tables/univh_family_reconstruction_audit.csv row 1913; unit=NCBI species-rank aggregate,RAW0020397,,2845675,Penoulivirus neofusicocci,Penoulivirus neofusicocci,Botourmiaviridae,Botourmiaviridae,ICTV 2026 (MSL41.v1),ncbi_name_exact_current_ictv_species,high,1,independent_source_verified
UniVH,SCLIN0020398,input_original/manual_downloads/UniVH/dataset.csv,normalized from outputs/tables/univh_family_reconstruction_audit.csv row 1914; unit=NCBI species-rank aggregate,RAW0020398,,2845557,Penoulivirus oryzae,Penoulivirus oryzae,Botourmiaviridae,Botourmiaviridae,ICTV 2026 (MSL41.v1),ncbi_name_exact_current_ictv_species,high,1,independent_source_verified
UniVH,SCLIN0020399,input_original/manual_downloads/UniVH/dataset.csv,normalized from outputs/tables/univh_family_reconstruction_audit.csv row 1915; unit=NCBI species-rank aggregate,RAW0020399,,2845807,Penoulivirus phaeoacremonii,Penoulivirus phaeoacremonii,Botourmiaviridae,Botourmiaviridae,ICTV 2026 (MSL41.v1),ncbi_name_exact_current_ictv_species,high,1,independent_source_verified
UniVH,SCLIN0020400,input_original/manual_downloads/UniVH/dataset.csv,normalized from outputs/tables/univh_family_reconstruction_audit.csv row 1916; unit=NCBI species-rank aggregate,RAW0020400,,2846164,Penoulivirus sclerotiniae,Penoulivirus sclerotiniae,Botourmiaviridae,Botourmiaviridae,ICTV 2026 (MSL41.v1),ncbi_name_exact_current_ictv_species,high,1,independent_source_verified
UniVH,SCLIN0020401,input_original/manual_downloads/UniVH/dataset.csv,normalized from outputs/tables/univh_family_reconstruction_audit.csv row 640; unit=NCBI species-rank aggregate,RAW0020401,,2747486,Aspergillus fumigatus botourmiavirus 1,Aspergillus fumigatus botourmiavirus 1,Botourmiaviridae,Botourmiaviridae,ICTV 2026 (MSL41.v1),ncbi_family_ancestor_harmonized,high,1,independent_source_verified
UniVH,SCLIN0020402,input_original/manual_downloads/UniVH/dataset.csv,normalized from outputs/tables/univh_family_reconstruction_audit.csv row 664; unit=NCBI species-rank aggregate,RAW0020402,,2777091,Sclerotinia sclerotiorum ourmia-like virus 5,Sclerotinia sclerotiorum ourmia-like virus 5,Botourmiaviridae,Botourmiaviridae,ICTV 2026 (MSL41.v1),ncbi_family_ancestor_harmonized,high,1,independent_source_verified
UniVH,SCLIN0020403,input_original/manual_downloads/UniVH/dataset.csv,normalized from outputs/tables/univh_family_reconstruction_audit.csv row 684; unit=NCBI species-rank aggregate,RAW0020403,,2808997,Botourmiaviridae sp.,Botourmiaviridae sp.,Botourmiaviridae,Botourmiaviridae,ICTV 2026 (MSL41.v1),ncbi_family_ancestor_harmonized,high,1,independent_source_verified
UniVH,SCLIN0020404,input_original/manual_downloads/UniVH/dataset.csv,normalized from outputs/tables/univh_family_reconstruction_audit.csv row 745; unit=NCBI species-rank aggregate,RAW0020404,,2845805,Betabotoulivirus phaeoacremonium,Betabotoulivirus phaeoacremonium,Botourmiaviridae,Botourmiaviridae,ICTV 2026 (MSL41.v1),ncbi_name_exact_current_ictv_species,high,1,independent_source_verified
UniVH,SCLIN0020405,input_original/manual_downloads/UniVH/dataset.csv,normalized from outputs/tables/univh_family_reconstruction_audit.csv row 763; unit=NCBI species-rank aggregate,RAW0020405,,2867099,Sclerotinia sclerotiorum ourmia-like virus 17,Sclerotinia sclerotiorum ourmia-like virus 17,Botourmiaviridae,Botourmiaviridae,ICTV 2026 (MSL41.v1),ncbi_family_ancestor_harmonized,high,1,independent_source_verified
UniVH,SCLIN0020406,input_original/manual_downloads/UniVH/dataset.csv,normalized from outputs/tables/univh_family_reconstruction_audit.csv row 787; unit=NCBI species-rank aggregate,RAW0020406,,2880277,Fusarium mangiferae botourmiavirus 2,Fusarium mangiferae botourmiavirus 2,Botourmiaviridae,Botourmiaviridae,ICTV 2026 (MSL41.v1),ncbi_family_ancestor_harmonized,high,1,independent_source_verified
UniVH,SCLIN0020407,input_original/manual_downloads/UniVH/dataset.csv,normalized from outputs/tables/univh_family_reconstruction_audit.csv row 788; unit=NCBI species-rank aggregate,RAW0020407,,2880278,Fusarium mangiferae botourmiavirus 3,Fusarium mangiferae botourmiavirus 3,Botourmiaviridae,Botourmiaviridae,ICTV 2026 (MSL41.v1),ncbi_family_ancestor_harmonized,high,1,independent_source_verified
UniVH,SCLIN0020408,input_original/manual_downloads/UniVH/dataset.csv,normalized from outputs/tables/univh_family_reconstruction_audit.csv row 825; unit=NCBI species-rank aggregate,RAW0020408,,2923330,Sclerotinia sclerotiorum ourmia-like virus 22-HC025,Sclerotinia sclerotiorum ourmia-like virus 22-HC025,Botourmiaviridae,Botourmiaviridae,ICTV 2026 (MSL41.v1),ncbi_family_ancestor_harmonized,high,1,independent_source_verified
UniVH,SCLIN0020409,input_original/manual_downloads/UniVH/dataset.csv,normalized from outputs/tables/univh_family_reconstruction_audit.csv row 838; unit=NCBI species-rank aggregate,RAW0020409,,2932871,Diplodia seriata botourmiavirus 1,Diplodia seriata botourmiavirus 1,Botourmiaviridae,Botourmiaviridae,ICTV 2026 (MSL41.v1),ncbi_family_ancestor_harmonized,high,1,independent_source_verified
UniVH,SCLIN0020410,input_original/manual_downloads/UniVH/dataset.csv,normalized from outputs/tables/univh_family_reconstruction_audit.csv row 839; unit=NCBI species-rank aggregate,RAW0020410,,2932872,Diplodia seriata botourmiavirus 2,Diplodia seriata botourmiavirus 2,Botourmiaviridae,Botourmiaviridae,ICTV 2026 (MSL41.v1),ncbi_family_ancestor_harmonized,high,1,independent_source_verified
UniVH,SCLIN0020411,input_original/manual_downloads/UniVH/dataset.csv,normalized from outputs/tables/univh_family_reconstruction_audit.csv row 905; unit=NCBI species-rank aggregate,RAW0020411,,2955478,Betascleroulivirus betaplasmoparae,Betascleroulivirus betaplasmoparae,Botourmiaviridae,Botourmiaviridae,ICTV 2026 (MSL41.v1),ncbi_name_exact_current_ictv_species,high,1,independent_source_verified
UniVH,SCLIN0020412,input_original/manual_downloads/UniVH/dataset.csv,normalized from outputs/tables/univh_family_reconstruction_audit.csv row 906; unit=NCBI species-rank aggregate,RAW0020412,,2955479,Betascleroulivirus botrytidis,Betascleroulivirus botrytidis,Botourmiaviridae,Botourmiaviridae,ICTV 2026 (MSL41.v1),ncbi_name_exact_current_ictv_species,high,1,independent_source_verified
UniVH,SCLIN0020413,input_original/manual_downloads/UniVH/dataset.csv,normalized from outputs/tables/univh_family_reconstruction_audit.csv row 907; unit=NCBI species-rank aggregate,RAW0020413,,2955482,Betascleroulivirus etaplasmoparae,Betascleroulivirus etaplasmoparae,Botourmiaviridae,Botourmiaviridae,ICTV 2026 (MSL41.v1),ncbi_name_exact_current_ictv_species,high,1,independent_source_verified
UniVH,SCLIN0020414,input_original/manual_downloads/UniVH/dataset.csv,normalized from outputs/tables/univh_family_reconstruction_audit.csv row 908; unit=NCBI species-rank aggregate,RAW0020414,,2955518,Botoulivirus betabotrytidis,Botoulivirus betabotrytidis,Botourmiaviridae,Botourmiaviridae,ICTV 2026 (MSL41.v1),ncbi_name_exact_current_ictv_species,high,1,independent_source_verified
UniVH,SCLIN0020415,input_original/manual_downloads/UniVH/dataset.csv,normalized from outputs/tables/univh_family_reconstruction_audit.csv row 909; unit=NCBI species-rank aggregate,RAW0020415,,2955522,Botoulivirus epsilonbotrytidis,Botoulivirus epsilonbotrytidis,Botourmiaviridae,Botourmiaviridae,ICTV 2026 (MSL41.v1),ncbi_name_exact_current_ictv_species,high,1,independent_source_verified
UniVH,SCLIN0020416,input_original/manual_downloads/UniVH/dataset.csv,normalized from outputs/tables/univh_family_reconstruction_audit.csv row 910; unit=NCBI species-rank aggregate,RAW0020416,,2955524,Botoulivirus etabotrytidis,Botoulivirus etabotrytidis,Botourmiaviridae,Botourmiaviridae,ICTV 2026 (MSL41.v1),ncbi_name_exact_current_ictv_species,high,1,independent_source_verified
UniVH,SCLIN0020417,input_original/manual_downloads/UniVH/dataset.csv,normalized from outputs/tables/univh_family_reconstruction_audit.csv row 911; unit=NCBI species-rank aggregate,RAW0020417,,2955526,Botoulivirus gammabotrytidis,Botoulivirus gammabotrytidis,Botourmiaviridae,Botourmiaviridae,ICTV 2026 (MSL41.v1),ncbi_name_exact_current_ictv_species,high,1,independent_source_verified
UniVH,SCLIN0020418,input_original/manual_downloads/UniVH/dataset.csv,normalized from outputs/tables/univh_family_reconstruction_audit.csv row 912; unit=NCBI species-rank aggregate,RAW0020418,,2955528,Botoulivirus thetabotrytidis,Botoulivirus thetabotrytidis,Botourmiaviridae,Botourmiaviridae,ICTV 2026 (MSL41.v1),ncbi_name_exact_current_ictv_species,high,1,independent_source_verified
UniVH,SCLIN0020419,input_original/manual_downloads/UniVH/dataset.csv,normalized from outputs/tables/univh_family_reconstruction_audit.csv row 918; unit=NCBI species-rank aggregate,RAW0020419,,2955749,Deltascleroulivirus botrytidis,Deltascleroulivirus botrytidis,Botourmiaviridae,Botourmiaviridae,ICTV 2026 (MSL41.v1),ncbi_name_exact_current_ictv_species,high,1,independent_source_verified
UniVH,SCLIN0020420,input_original/manual_downloads/UniVH/dataset.csv,normalized from outputs/tables/univh_family_reconstruction_audit.csv row 945; unit=NCBI species-rank aggregate,RAW0020420,,2956149,Magoulivirus alphabotrytidis,Magoulivirus alphabotrytidis,Botourmiaviridae,Botourmiaviridae,ICTV 2026 (MSL41.v1),ncbi_name_exact_current_ictv_species,high,1,independent_source_verified
UniVH,SCLIN0020421,input_original/manual_downloads/UniVH/dataset.csv,normalized from outputs/tables/univh_family_reconstruction_audit.csv row 946; unit=NCBI species-rank aggregate,RAW0020421,,2956150,Magoulivirus alphamacrophominae,Magoulivirus alphamacrophominae,Botourmiaviridae,Botourmiaviridae,ICTV 2026 (MSL41.v1),ncbi_name_exact_current_ictv_species,high,1,independent_source_verified
UniVH,SCLIN0020422,input_original/manual_downloads/UniVH/dataset.csv,normalized from outputs/tables/univh_family_reconstruction_audit.csv row 950; unit=NCBI species-rank aggregate,RAW0020422,,2956284,Penoulivirus alphabotrytidis,Penoulivirus alphabotrytidis,Botourmiaviridae,Botourmiaviridae,ICTV 2026 (MSL41.v1),ncbi_name_exact_current_ictv_species,high,1,independent_source_verified
UniVH,SCLIN0020423,input_original/manual_downloads/UniVH/dataset.csv,normalized from outputs/tables/univh_family_reconstruction_audit.csv row 951; unit=NCBI species-rank aggregate,RAW0020423,,2956286,Penoulivirus betabotrytidis,Penoulivirus betabotrytidis,Botourmiaviridae,Botourmiaviridae,ICTV 2026 (MSL41.v1),ncbi_name_exact_current_ictv_species,high,1,independent_source_verified
UniVH,SCLIN0020424,input_original/manual_downloads/UniVH/dataset.csv,normalized from outputs/tables/univh_family_reconstruction_audit.csv row 952; unit=NCBI species-rank aggregate,RAW0020424,,2956288,Penoulivirus deltaplasmoparae,Penoulivirus deltaplasmoparae,Botourmiaviridae,Botourmiaviridae,ICTV 2026 (MSL41.v1),ncbi_name_exact_current_ictv_species,high,1,independent_source_verified
UniVH,SCLIN0020425,input_original/manual_downloads/UniVH/dataset.csv,normalized from outputs/tables/univh_family_reconstruction_audit.csv row 953; unit=NCBI species-rank aggregate,RAW0020425,,2956289,Penoulivirus epsilonplasmoparae,Penoulivirus epsilonplasmoparae,Botourmiaviridae,Botourmiaviridae,ICTV 2026 (MSL41.v1),ncbi_name_exact_current_ictv_species,high,1,independent_source_verified
UniVH,SCLIN0020426,input_original/manual_downloads/UniVH/dataset.csv,normalized from outputs/tables/univh_family_reconstruction_audit.csv row 954; unit=NCBI species-rank aggregate,RAW0020426,,2956291,Penoulivirus gammabotrytidis,Penoulivirus gammabotrytidis,Botourmiaviridae,Botourmiaviridae,ICTV 2026 (MSL41.v1),ncbi_name_exact_current_ictv_species,high,1,independent_source_verified
UniVH,SCLIN0020427,input_original/manual_downloads/UniVH/dataset.csv,normalized from outputs/tables/univh_family_reconstruction_audit.csv row 955; unit=NCBI species-rank aggregate,RAW0020427,,2956292,Penoulivirus gammaplasmoparae,Penoulivirus gammaplasmoparae,Botourmiaviridae,Botourmiaviridae,ICTV 2026 (MSL41.v1),ncbi_name_exact_current_ictv_species,high,1,independent_source_verified
UniVH,SCLIN0020428,input_original/manual_downloads/UniVH/dataset.csv,normalized from outputs/tables/univh_family_reconstruction_audit.csv row 956; unit=NCBI species-rank aggregate,RAW0020428,,2956294,Penoulivirus macrophominae,Penoulivirus macrophominae,Botourmiaviridae,Botourmiaviridae,ICTV 2026 (MSL41.v1),ncbi_name_exact_current_ictv_species,high,1,independent_source_verified
UniVH,SCLIN0020429,input_original/manual_downloads/UniVH/dataset.csv,normalized from outputs/tables/univh_family_reconstruction_audit.csv row 957; unit=NCBI species-rank aggregate,RAW0020429,,2956295,Penoulivirus malus,Penoulivirus malus,Botourmiaviridae,Botourmiaviridae,ICTV 2026 (MSL41.v1),ncbi_name_exact_current_ictv_species,high,1,independent_source_verified
UniVH,SCLIN0020430,input_original/manual_downloads/UniVH/dataset.csv,normalized from outputs/tables/univh_family_reconstruction_audit.csv row 962; unit=NCBI species-rank aggregate,RAW0020430,,2956416,Scleroulivirus oidiodendronae,Scleroulivirus oidiodendronae,Botourmiaviridae,Botourmiaviridae,ICTV 2026 (MSL41.v1),ncbi_name_exact_current_ictv_species,high,1,independent_source_verified
UniVH,SCLIN0020431,input_original/manual_downloads/UniVH/dataset.csv,normalized from outputs/tables/univh_family_reconstruction_audit.csv row 1689; unit=NCBI species-rank aggregate,RAW0020431,,3427579,Botybirnavirus go,Botybirnavirus go,,Botybirnaviridae,ICTV 2026 (MSL41.v1),ncbi_name_exact_current_ictv_species,high,1,independent_source_verified
UniVH,SCLIN0020432,input_original/manual_downloads/UniVH/dataset.csv,normalized from outputs/tables/univh_family_reconstruction_audit.csv row 1690; unit=NCBI species-rank aggregate,RAW0020432,,3427581,Botybirnavirus ichi,Botybirnavirus ichi,,Botybirnaviridae,ICTV 2026 (MSL41.v1),ncbi_name_exact_current_ictv_species,high,1,independent_source_verified
UniVH,SCLIN0020433,input_original/manual_downloads/UniVH/dataset.csv,normalized from outputs/tables/univh_family_reconstruction_audit.csv row 1691; unit=NCBI species-rank aggregate,RAW0020433,,3427585,Botybirnavirus sani,Botybirnavirus sani,,Botybirnaviridae,ICTV 2026 (MSL41.v1),ncbi_name_exact_current_ictv_species,high,1,independent_source_verified
UniVH,SCLIN0020434,input_original/manual_downloads/UniVH/dataset.csv,normalized from outputs/tables/univh_family_reconstruction_audit.csv row 395; unit=NCBI species-rank aggregate,RAW0020434,,2138326,Bipolaris maydis botybirnavirus 1,Bipolaris maydis botybirnavirus 1,,Botybirnaviridae,ICTV 2026 (MSL41.v1),ncbi_family_ancestor_harmonized,high,1,independent_source_verified
UniVH,SCLIN0020435,input_original/manual_downloads/UniVH/dataset.csv,normalized from outputs/tables/univh_family_reconstruction_audit.csv row 408; unit=NCBI species-rank aggregate,RAW0020435,,2231703,Sclerotinia sclerotiorum botybirnavirus 3,Sclerotinia sclerotiorum botybirnavirus 3,,Botybirnaviridae,ICTV 2026 (MSL41.v1),ncbi_family_ancestor_harmonized,high,1,independent_source_verified
UniVH,SCLIN0020436,input_original/manual_downloads/UniVH/dataset.csv,normalized from outputs/tables/univh_family_reconstruction_audit.csv row 990; unit=NCBI species-rank aggregate,RAW0020436,,2961698,Leptosphaeria biglobosa botybirnavirus 1,Leptosphaeria biglobosa botybirnavirus 1,,Botybirnaviridae,ICTV 2026 (MSL41.v1),ncbi_family_ancestor_harmonized,high,1,independent_source_verified
UniVH,SCLIN0020437,input_original/manual_downloads/UniVH/dataset.csv,normalized from outputs/tables/univh_family_reconstruction_audit.csv row 1444; unit=NCBI species-rank aggregate,RAW0020437,,3112379,Mercurialis latent virus,Mercurialis latent virus,Bromoviridae,Bromoviridae,ICTV 2026 (MSL41.v1),ncbi_family_ancestor_harmonized,high,1,independent_source_verified
UniVH,SCLIN0020438,input_original/manual_downloads/UniVH/dataset.csv,normalized from outputs/tables/univh_family_reconstruction_audit.csv row 156; unit=NCBI species-rank aggregate,RAW0020438,,1464778,Cassava Ivorian bacilliform virus,Cassava Ivorian bacilliform virus,Bromoviridae,Bromoviridae,ICTV 2026 (MSL41.v1),ncbi_family_ancestor_harmonized,high,1,independent_source_verified
UniVH,SCLIN0020439,input_original/manual_downloads/UniVH/dataset.csv,normalized from outputs/tables/univh_family_reconstruction_audit.csv row 1643; unit=NCBI species-rank aggregate,RAW0020439,,3426394,Anulavirus PZSV,Anulavirus PZSV,Bromoviridae,Bromoviridae,ICTV 2026 (MSL41.v1),ncbi_name_exact_current_ictv_species,high,1,independent_source_verified
UniVH,SCLIN0020440,input_original/manual_downloads/UniVH/dataset.csv,normalized from outputs/tables/univh_family_reconstruction_audit.csv row 1694; unit=NCBI species-rank aggregate,RAW0020440,,3427622,Bromovirus BMV,Bromovirus BMV,Bromoviridae,Bromoviridae,ICTV 2026 (MSL41.v1),ncbi_name_exact_current_ictv_species,high,1,independent_source_verified
UniVH,SCLIN0020441,input_original/manual_downloads/UniVH/dataset.csv,normalized from outputs/tables/univh_family_reconstruction_audit.csv row 1695; unit=NCBI species-rank aggregate,RAW0020441,,3427623,Bromovirus CCMV,Bromovirus CCMV,Bromoviridae,Bromoviridae,ICTV 2026 (MSL41.v1),ncbi_name_exact_current_ictv_species,high,1,independent_source_verified
UniVH,SCLIN0020442,input_original/manual_downloads/UniVH/dataset.csv,normalized from outputs/tables/univh_family_reconstruction_audit.csv row 1749; unit=NCBI species-rank aggregate,RAW0020442,,3428131,Cucumovirus CMV,Cucumovirus CMV,Bromoviridae,Bromoviridae,ICTV 2026 (MSL41.v1),ncbi_name_exact_current_ictv_species,high,1,independent_source_verified
UniVH,SCLIN0020443,input_original/manual_downloads/UniVH/dataset.csv,normalized from outputs/tables/univh_family_reconstruction_audit.csv row 1750; unit=NCBI species-rank aggregate,RAW0020443,,3428132,Cucumovirus GMMV,Cucumovirus GMMV,Bromoviridae,Bromoviridae,ICTV 2026 (MSL41.v1),ncbi_name_exact_current_ictv_species,high,1,independent_source_verified
UniVH,SCLIN0020444,input_original/manual_downloads/UniVH/dataset.csv,normalized from outputs/tables/univh_family_reconstruction_audit.csv row 1751; unit=NCBI species-rank aggregate,RAW0020444,,3428133,Cucumovirus PSV,Cucumovirus PSV,Bromoviridae,Bromoviridae,ICTV 2026 (MSL41.v1),ncbi_name_exact_current_ictv_species,high,1,independent_source_verified
UniVH,SCLIN0020445,input_original/manual_downloads/UniVH/dataset.csv,normalized from outputs/tables/univh_family_reconstruction_audit.csv row 1752; unit=NCBI species-rank aggregate,RAW0020445,,3428134,Cucumovirus TAV,Cucumovirus TAV,Bromoviridae,Bromoviridae,ICTV 2026 (MSL41.v1),ncbi_name_exact_current_ictv_species,high,1,independent_source_verified
UniVH,SCLIN0020446,input_original/manual_downloads/UniVH/dataset.csv,normalized from outputs/tables/univh_family_reconstruction_audit.csv row 1822; unit=NCBI species-rank aggregate,RAW0020446,,3429914,Ilarvirus ApNMV,Ilarvirus ApNMV,Bromoviridae,Bromoviridae,ICTV 2026 (MSL41.v1),ncbi_name_exact_current_ictv_species,high,1,independent_source_verified
UniVH,SCLIN0020447,input_original/manual_downloads/UniVH/dataset.csv,normalized from outputs/tables/univh_family_reconstruction_audit.csv row 1823; unit=NCBI species-rank aggregate,RAW0020447,,3429915,Ilarvirus AV2,Ilarvirus AV2,Bromoviridae,Bromoviridae,ICTV 2026 (MSL41.v1),ncbi_name_exact_current_ictv_species,high,1,independent_source_verified
UniVH,SCLIN0020448,input_original/manual_downloads/UniVH/dataset.csv,normalized from outputs/tables/univh_family_reconstruction_audit.csv row 1824; unit=NCBI species-rank aggregate,RAW0020448,,3429929,Ilarvirus PDV,Ilarvirus PDV,Bromoviridae,Bromoviridae,ICTV 2026 (MSL41.v1),ncbi_name_exact_current_ictv_species,high,1,independent_source_verified
UniVH,SCLIN0020449,input_original/manual_downloads/UniVH/dataset.csv,normalized from outputs/tables/univh_family_reconstruction_audit.csv row 1825; unit=NCBI species-rank aggregate,RAW0020449,,3429930,Ilarvirus PMV,Ilarvirus PMV,Bromoviridae,Bromoviridae,ICTV 2026 (MSL41.v1),ncbi_name_exact_current_ictv_species,high,1,independent_source_verified
UniVH,SCLIN0020450,input_original/manual_downloads/UniVH/dataset.csv,normalized from outputs/tables/univh_family_reconstruction_audit.csv row 1826; unit=NCBI species-rank aggregate,RAW0020450,,3429931,Ilarvirus PNRSV,Ilarvirus PNRSV,Bromoviridae,Bromoviridae,ICTV 2026 (MSL41.v1),ncbi_name_exact_current_ictv_species,high,1,independent_source_verified
UniVH,SCLIN0020451,input_original/manual_downloads/UniVH/dataset.csv,normalized from outputs/tables/univh_family_reconstruction_audit.csv row 1827; unit=NCBI species-rank aggregate,RAW0020451,,2815473,Ilarvirus PrV1,Ilarvirus PrV1,Bromoviridae,Bromoviridae,ICTV 2026 (MSL41.v1),ncbi_name_exact_current_ictv_species,high,1,independent_source_verified
UniVH,SCLIN0020452,input_original/manual_downloads/UniVH/dataset.csv,normalized from outputs/tables/univh_family_reconstruction_audit.csv row 1828; unit=NCBI species-rank aggregate,RAW0020452,,3429937,Ilarvirus SnIV1,Ilarvirus SnIV1,Bromoviridae,Bromoviridae,ICTV 2026 (MSL41.v1),ncbi_name_exact_current_ictv_species,high,1,independent_source_verified
UniVH,SCLIN0020453,input_original/manual_downloads/UniVH/dataset.csv,normalized from outputs/tables/univh_family_reconstruction_audit.csv row 1829; unit=NCBI species-rank aggregate,RAW0020453,,2982525,Ilarvirus SolV1,Ilarvirus SolV1,Bromoviridae,Bromoviridae,ICTV 2026 (MSL41.v1),ncbi_name_exact_current_ictv_species,high,1,independent_source_verified
UniVH,SCLIN0020454,input_original/manual_downloads/UniVH/dataset.csv,normalized from outputs/tables/univh_family_reconstruction_audit.csv row 1830; unit=NCBI species-rank aggregate,RAW0020454,,3429941,Ilarvirus TIV1,Ilarvirus TIV1,Bromoviridae,Bromoviridae,ICTV 2026 (MSL41.v1),ncbi_name_exact_current_ictv_species,high,1,independent_source_verified
UniVH,SCLIN0020455,input_original/manual_downloads/UniVH/dataset.csv,normalized from outputs/tables/univh_family_reconstruction_audit.csv row 1831; unit=NCBI species-rank aggregate,RAW0020455,,3429942,Ilarvirus TomNSV,Ilarvirus TomNSV,Bromoviridae,Bromoviridae,ICTV 2026 (MSL41.v1),ncbi_name_exact_current_ictv_species,high,1,independent_source_verified
UniVH,SCLIN0020456,input_original/manual_downloads/UniVH/dataset.csv,normalized from outputs/tables/univh_family_reconstruction_audit.csv row 1832; unit=NCBI species-rank aggregate,RAW0020456,,3429943,Ilarvirus ToNSV,Ilarvirus ToNSV,Bromoviridae,Bromoviridae,ICTV 2026 (MSL41.v1),ncbi_name_exact_current_ictv_species,high,1,independent_source_verified
UniVH,SCLIN0020457,input_original/manual_downloads/UniVH/dataset.csv,normalized from outputs/tables/univh_family_reconstruction_audit.csv row 1833; unit=NCBI species-rank aggregate,RAW0020457,,3429944,Ilarvirus TSV,Ilarvirus TSV,Bromoviridae,Bromoviridae,ICTV 2026 (MSL41.v1),ncbi_name_exact_current_ictv_species,high,1,independent_source_verified
UniVH,SCLIN0020458,input_original/manual_downloads/UniVH/dataset.csv,normalized from outputs/tables/univh_family_reconstruction_audit.csv row 402; unit=NCBI species-rank aggregate,RAW0020458,,2171525,Peanut virus C,Peanut virus C,Bromoviridae,Bromoviridae,ICTV 2026 (MSL41.v1),ncbi_family_ancestor_harmonized,high,1,independent_source_verified
UniVH,SCLIN0020459,input_original/manual_downloads/UniVH/dataset.csv,normalized from outputs/tables/univh_family_reconstruction_audit.csv row 86; unit=NCBI species-rank aggregate,RAW0020459,,936004,Potato yellowing virus,Potato yellowing virus,Bromoviridae,Bromoviridae,ICTV 2026 (MSL41.v1),ncbi_family_ancestor_harmonized,high,1,independent_source_verified
UniVH,SCLIN0020460,input_original/manual_downloads/UniVH/dataset.csv,normalized from outputs/tables/univh_family_reconstruction_audit.csv row 888; unit=NCBI species-rank aggregate,RAW0020460,,2955365,Anulavirus GLPV,Anulavirus GLPV,Bromoviridae,Bromoviridae,ICTV 2026 (MSL41.v1),ncbi_name_exact_current_ictv_species,high,1,independent_source_verified
UniVH,SCLIN0020461,input_original/manual_downloads/UniVH/dataset.csv,normalized from outputs/tables/univh_family_reconstruction_audit.csv row 8; unit=NCBI species-rank aggregate,RAW0020461,,12319,Ilarvirus ApMV,Ilarvirus ApMV,Bromoviridae,Bromoviridae,ICTV 2026 (MSL41.v1),ncbi_name_exact_current_ictv_species,high,1,independent_source_verified
UniVH,SCLIN0020462,input_original/manual_downloads/UniVH/dataset.csv,normalized from outputs/tables/univh_family_reconstruction_audit.csv row 9; unit=NCBI species-rank aggregate,RAW0020462,,12321,Alfamovirus AMV,Alfamovirus AMV,Bromoviridae,Bromoviridae,ICTV 2026 (MSL41.v1),ncbi_name_exact_current_ictv_species,high,1,independent_source_verified
UniVH,SCLIN0020463,input_original/manual_downloads/UniVH/dataset.csv,normalized from outputs/tables/univh_family_reconstruction_audit.csv row 1058; unit=NCBI species-rank aggregate,RAW0020463,,3035005,European badger vesivirus,European badger vesivirus,Caliciviridae,Caliciviridae,ICTV 2026 (MSL41.v1),ncbi_family_ancestor_harmonized,high,1,independent_source_verified
UniVH,SCLIN0020464,input_original/manual_downloads/UniVH/dataset.csv,normalized from outputs/tables/univh_family_reconstruction_audit.csv row 114; unit=NCBI species-rank aggregate,RAW0020464,,1176484,Canine vesivirus,Canine vesivirus,Caliciviridae,Caliciviridae,ICTV 2026 (MSL41.v1),ncbi_family_ancestor_harmonized,high,1,independent_source_verified
UniVH,SCLIN0020465,input_original/manual_downloads/UniVH/dataset.csv,normalized from outputs/tables/univh_family_reconstruction_audit.csv row 120; unit=NCBI species-rank aggregate,RAW0020465,,1212483,Nebovirus Bo/M3641/2011/HUN,Nebovirus Bo/M3641/2011/HUN,Caliciviridae,Caliciviridae,ICTV 2026 (MSL41.v1),ncbi_family_ancestor_harmonized,high,1,independent_source_verified
UniVH,SCLIN0020466,input_original/manual_downloads/UniVH/dataset.csv,normalized from outputs/tables/univh_family_reconstruction_audit.csv row 1656; unit=NCBI species-rank aggregate,RAW0020466,,2560343; 889389,Bavovirus bavariaense,Bavovirus bavariaense,Caliciviridae,Caliciviridae,ICTV 2026 (MSL41.v1),ncbi_name_exact_current_ictv_species,high,1,independent_source_verified
UniVH,SCLIN0020467,input_original/manual_downloads/UniVH/dataset.csv,normalized from outputs/tables/univh_family_reconstruction_audit.csv row 179; unit=NCBI species-rank aggregate,RAW0020467,,1564182,San Miguel sea lion virus 8,San Miguel sea lion virus 8,Caliciviridae,Caliciviridae,ICTV 2026 (MSL41.v1),ncbi_family_ancestor_harmonized,high,1,independent_source_verified
UniVH,SCLIN0020468,input_original/manual_downloads/UniVH/dataset.csv,normalized from outputs/tables/univh_family_reconstruction_audit.csv row 1845; unit=NCBI species-rank aggregate,RAW0020468,,3430318,Lagovirus europaeus,Lagovirus europaeus,Caliciviridae,Caliciviridae,ICTV 2026 (MSL41.v1),ncbi_name_exact_current_ictv_species,high,1,independent_source_verified
UniVH,SCLIN0020469,input_original/manual_downloads/UniVH/dataset.csv,normalized from outputs/tables/univh_family_reconstruction_audit.csv row 1881; unit=NCBI species-rank aggregate,RAW0020469,,2560612,Nacovirus meleagridis,Nacovirus meleagridis,Caliciviridae,Caliciviridae,ICTV 2026 (MSL41.v1),ncbi_name_exact_current_ictv_species,high,1,independent_source_verified
UniVH,SCLIN0020470,input_original/manual_downloads/UniVH/dataset.csv,normalized from outputs/tables/univh_family_reconstruction_audit.csv row 1882; unit=NCBI species-rank aggregate,RAW0020470,,3431062,Nebovirus newburyense,Nebovirus newburyense,Caliciviridae,Caliciviridae,ICTV 2026 (MSL41.v1),ncbi_name_exact_current_ictv_species,high,1,independent_source_verified
UniVH,SCLIN0020471,input_original/manual_downloads/UniVH/dataset.csv,normalized from outputs/tables/univh_family_reconstruction_audit.csv row 1883; unit=NCBI species-rank aggregate,RAW0020471,,3431196,Norovirus norwalkense,Norovirus norwalkense,Caliciviridae,Caliciviridae,ICTV 2026 (MSL41.v1),ncbi_name_exact_current_ictv_species,high,1,independent_source_verified
UniVH,SCLIN0020472,input_original/manual_downloads/UniVH/dataset.csv,normalized from outputs/tables/univh_family_reconstruction_audit.csv row 190; unit=NCBI species-rank aggregate,RAW0020472,,1661258,Bovine nebovirus,Bovine nebovirus,Caliciviridae,Caliciviridae,ICTV 2026 (MSL41.v1),ncbi_family_ancestor_harmonized,high,1,independent_source_verified
UniVH,SCLIN0020473,input_original/manual_downloads/UniVH/dataset.csv,normalized from outputs/tables/univh_family_reconstruction_audit.csv row 1991; unit=NCBI species-rank aggregate,RAW0020473,,3432266,Sapovirus sapporoense,Sapovirus sapporoense,Caliciviridae,Caliciviridae,ICTV 2026 (MSL41.v1),ncbi_name_exact_current_ictv_species,high,1,independent_source_verified
UniVH,SCLIN0020474,input_original/manual_downloads/UniVH/dataset.csv,normalized from outputs/tables/univh_family_reconstruction_audit.csv row 2060; unit=NCBI species-rank aggregate,RAW0020474,,3433198,Vesivirus exanthema,Vesivirus exanthema,Caliciviridae,Caliciviridae,ICTV 2026 (MSL41.v1),ncbi_name_exact_current_ictv_species,high,1,independent_source_verified
UniVH,SCLIN0020475,input_original/manual_downloads/UniVH/dataset.csv,normalized from outputs/tables/univh_family_reconstruction_audit.csv row 2061; unit=NCBI species-rank aggregate,RAW0020475,,3433199,Vesivirus felis,Vesivirus felis,Caliciviridae,Caliciviridae,ICTV 2026 (MSL41.v1),ncbi_name_exact_current_ictv_species,high,1,independent_source_verified
UniVH,SCLIN0020476,input_original/manual_downloads/UniVH/dataset.csv,normalized from outputs/tables/univh_family_reconstruction_audit.csv row 210; unit=NCBI species-rank aggregate,RAW0020476,,1743398,Hare calicivirus,Hare calicivirus,Caliciviridae,Caliciviridae,ICTV 2026 (MSL41.v1),ncbi_family_ancestor_harmonized,high,1,independent_source_verified
UniVH,SCLIN0020477,input_original/manual_downloads/UniVH/dataset.csv,normalized from outputs/tables/univh_family_reconstruction_audit.csv row 224; unit=NCBI species-rank aggregate,RAW0020477,,1812179,Bovine calicivirus strain Kirklareli,Bovine calicivirus strain Kirklareli,Caliciviridae,Caliciviridae,ICTV 2026 (MSL41.v1),ncbi_family_ancestor_harmonized,high,1,independent_source_verified
UniVH,SCLIN0020478,input_original/manual_downloads/UniVH/dataset.csv,normalized from outputs/tables/univh_family_reconstruction_audit.csv row 255; unit=NCBI species-rank aggregate,RAW0020478,,1906670,Sapovirus sp.,Sapovirus sp.,Caliciviridae,Caliciviridae,ICTV 2026 (MSL41.v1),ncbi_family_ancestor_harmonized,high,1,independent_source_verified
UniVH,SCLIN0020479,input_original/manual_downloads/UniVH/dataset.csv,normalized from outputs/tables/univh_family_reconstruction_audit.csv row 301; unit=NCBI species-rank aggregate,RAW0020479,,1938392,Norovirus sp.,Norovirus sp.,Caliciviridae,Caliciviridae,ICTV 2026 (MSL41.v1),ncbi_family_ancestor_harmonized,high,1,independent_source_verified
UniVH,SCLIN0020480,input_original/manual_downloads/UniVH/dataset.csv,normalized from outputs/tables/univh_family_reconstruction_audit.csv row 31; unit=NCBI species-rank aggregate,RAW0020480,,154122,Mink calicivirus,Mink calicivirus,Caliciviridae,Caliciviridae,ICTV 2026 (MSL41.v1),ncbi_family_ancestor_harmonized,high,1,independent_source_verified
UniVH,SCLIN0020481,input_original/manual_downloads/UniVH/dataset.csv,normalized from outputs/tables/univh_family_reconstruction_audit.csv row 344; unit=NCBI species-rank aggregate,RAW0020481,,1986951,Nebovirus sp.,Nebovirus sp.,Caliciviridae,Caliciviridae,ICTV 2026 (MSL41.v1),ncbi_family_ancestor_harmonized,high,1,independent_source_verified
UniVH,SCLIN0020482,input_original/manual_downloads/UniVH/dataset.csv,normalized from outputs/tables/univh_family_reconstruction_audit.csv row 404; unit=NCBI species-rank aggregate,RAW0020482,,2219046,Recovirus sp.,Recovirus sp.,Caliciviridae,Caliciviridae,ICTV 2026 (MSL41.v1),ncbi_family_ancestor_harmonized,high,1,independent_source_verified
UniVH,SCLIN0020483,input_original/manual_downloads/UniVH/dataset.csv,normalized from outputs/tables/univh_family_reconstruction_audit.csv row 441; unit=NCBI species-rank aggregate,RAW0020483,,2488793,Sapovirus rat/S4-82,Sapovirus rat/S4-82,Caliciviridae,Caliciviridae,ICTV 2026 (MSL41.v1),ncbi_family_ancestor_harmonized,high,1,independent_source_verified
UniVH,SCLIN0020484,input_original/manual_downloads/UniVH/dataset.csv,normalized from outputs/tables/univh_family_reconstruction_audit.csv row 44; unit=NCBI species-rank aggregate,RAW0020484,,243550,Calicivirus isolate TCG,Calicivirus isolate TCG,Caliciviridae,Caliciviridae,ICTV 2026 (MSL41.v1),ncbi_family_ancestor_harmonized,high,1,independent_source_verified
UniVH,SCLIN0020485,input_original/manual_downloads/UniVH/dataset.csv,normalized from outputs/tables/univh_family_reconstruction_audit.csv row 47; unit=NCBI species-rank aggregate,RAW0020485,,303317,Rabbit vesivirus,Rabbit vesivirus,Caliciviridae,Caliciviridae,ICTV 2026 (MSL41.v1),ncbi_family_ancestor_harmonized,high,1,independent_source_verified
UniVH,SCLIN0020486,input_original/manual_downloads/UniVH/dataset.csv,normalized from outputs/tables/univh_family_reconstruction_audit.csv row 501; unit=NCBI species-rank aggregate,RAW0020486,,2587462,San Miguel sea lion virus 12,San Miguel sea lion virus 12,Caliciviridae,Caliciviridae,ICTV 2026 (MSL41.v1),ncbi_family_ancestor_harmonized,high,1,independent_source_verified
UniVH,SCLIN0020487,input_original/manual_downloads/UniVH/dataset.csv,normalized from outputs/tables/univh_family_reconstruction_audit.csv row 518; unit=NCBI species-rank aggregate,RAW0020487,,2605442,Duck calicivirus 2,Duck calicivirus 2,Caliciviridae,Caliciviridae,ICTV 2026 (MSL41.v1),ncbi_family_ancestor_harmonized,high,1,independent_source_verified
UniVH,SCLIN0020488,input_original/manual_downloads/UniVH/dataset.csv,normalized from outputs/tables/univh_family_reconstruction_audit.csv row 659; unit=NCBI species-rank aggregate,RAW0020488,,2768130,Rabbit calicivirus Europe 1,Rabbit calicivirus Europe 1,Caliciviridae,Caliciviridae,ICTV 2026 (MSL41.v1),ncbi_family_ancestor_harmonized,high,1,independent_source_verified
UniVH,SCLIN0020489,input_original/manual_downloads/UniVH/dataset.csv,normalized from outputs/tables/univh_family_reconstruction_audit.csv row 70; unit=NCBI species-rank aggregate,RAW0020489,,576948,Rabbit calicivirus Australia 1 MIC-07,Rabbit calicivirus Australia 1 MIC-07,Caliciviridae,Caliciviridae,ICTV 2026 (MSL41.v1),ncbi_family_ancestor_harmonized,high,1,independent_source_verified
UniVH,SCLIN0020490,input_original/manual_downloads/UniVH/dataset.csv,normalized from outputs/tables/univh_family_reconstruction_audit.csv row 74; unit=NCBI species-rank aggregate,RAW0020490,,646294,St-Valerien swine virus,St-Valerien swine virus,Caliciviridae,Caliciviridae,ICTV 2026 (MSL41.v1),ncbi_family_ancestor_harmonized,high,1,independent_source_verified
UniVH,SCLIN0020491,input_original/manual_downloads/UniVH/dataset.csv,normalized from outputs/tables/univh_family_reconstruction_audit.csv row 831; unit=NCBI species-rank aggregate,RAW0020491,,2929913,Sapovirus Sapozj-9,Sapovirus Sapozj-9,Caliciviridae,Caliciviridae,ICTV 2026 (MSL41.v1),ncbi_family_ancestor_harmonized,high,1,independent_source_verified
UniVH,SCLIN0020492,input_original/manual_downloads/UniVH/dataset.csv,normalized from outputs/tables/univh_family_reconstruction_audit.csv row 1592; unit=NCBI species-rank aggregate,RAW0020492,,3426093,Alphacarmotetravirus providencense,Alphacarmotetravirus providencense,Carmotetraviridae,Carmotetraviridae,ICTV 2026 (MSL41.v1),ncbi_name_exact_current_ictv_species,high,1,independent_source_verified
UniVH,SCLIN0020493,input_original/manual_downloads/UniVH/dataset.csv,normalized from outputs/tables/univh_family_reconstruction_audit.csv row 1424; unit=NCBI species-rank aggregate,RAW0020493,,3064026,Aspergillus terreus chrysovirus 1,Aspergillus terreus chrysovirus 1,Chrysoviridae,Chrysoviridae,ICTV 2026 (MSL41.v1),ncbi_family_ancestor_harmonized,high,1,independent_source_verified
UniVH,SCLIN0020494,input_original/manual_downloads/UniVH/dataset.csv,normalized from outputs/tables/univh_family_reconstruction_audit.csv row 1446; unit=NCBI species-rank aggregate,RAW0020494,,3113796,Bipolaris maydis chrysovirus 2,Bipolaris maydis chrysovirus 2,Chrysoviridae,Chrysoviridae,ICTV 2026 (MSL41.v1),ncbi_family_ancestor_harmonized,high,1,independent_source_verified
UniVH,SCLIN0020495,input_original/manual_downloads/UniVH/dataset.csv,normalized from outputs/tables/univh_family_reconstruction_audit.csv row 1447; unit=NCBI species-rank aggregate,RAW0020495,,3113797,Bipolaris zeicola chrysovirus 1,Bipolaris zeicola chrysovirus 1,Chrysoviridae,Chrysoviridae,ICTV 2026 (MSL41.v1),ncbi_family_ancestor_harmonized,high,1,independent_source_verified
UniVH,SCLIN0020496,input_original/manual_downloads/UniVH/dataset.csv,normalized from outputs/tables/univh_family_reconstruction_audit.csv row 487; unit=NCBI species-rank aggregate,RAW0020496,,2560291,Betachrysovirus alternariae,Betachrysovirus alternariae,Chrysoviridae,Chrysoviridae,ICTV 2026 (MSL41.v1),ncbi_name_exact_current_ictv_species,high,1,independent_source_verified
UniVH,SCLIN0020497,input_original/manual_downloads/UniVH/dataset.csv,normalized from outputs/tables/univh_family_reconstruction_audit.csv row 488; unit=NCBI species-rank aggregate,RAW0020497,,2560478,Betachrysovirus fugramineari,Betachrysovirus fugramineari,Chrysoviridae,Chrysoviridae,ICTV 2026 (MSL41.v1),ncbi_name_exact_current_ictv_species,high,1,independent_source_verified
UniVH,SCLIN0020498,input_original/manual_downloads/UniVH/dataset.csv,normalized from outputs/tables/univh_family_reconstruction_audit.csv row 489; unit=NCBI species-rank aggregate,RAW0020498,,2560531,Alphachrysovirus isariae,Alphachrysovirus isariae,Chrysoviridae,Chrysoviridae,ICTV 2026 (MSL41.v1),ncbi_name_exact_current_ictv_species,high,1,independent_source_verified
UniVH,SCLIN0020499,input_original/manual_downloads/UniVH/dataset.csv,normalized from outputs/tables/univh_family_reconstruction_audit.csv row 491; unit=NCBI species-rank aggregate,RAW0020499,,2560574,Alphachrysovirus macrophominae,Alphachrysovirus macrophominae,Chrysoviridae,Chrysoviridae,ICTV 2026 (MSL41.v1),ncbi_name_exact_current_ictv_species,high,1,independent_source_verified
UniVH,SCLIN0020500,input_original/manual_downloads/UniVH/dataset.csv,normalized from outputs/tables/univh_family_reconstruction_audit.csv row 83; unit=NCBI species-rank aggregate,RAW0020500,,764348,Magnaporthe oryzae chrysovirus 1,Magnaporthe oryzae chrysovirus 1,Chrysoviridae,Chrysoviridae,ICTV 2026 (MSL41.v1),ncbi_family_ancestor_harmonized,high,1,independent_source_verified
UniVH,SCLIN0020501,input_original/manual_downloads/UniVH/dataset.csv,normalized from outputs/tables/univh_family_reconstruction_audit.csv row 870; unit=NCBI species-rank aggregate,RAW0020501,,2955245,Alphachrysovirus helminthosporii,Alphachrysovirus helminthosporii,Chrysoviridae,Chrysoviridae,ICTV 2026 (MSL41.v1),ncbi_name_exact_current_ictv_species,high,1,independent_source_verified
UniVH,SCLIN0020502,input_original/manual_downloads/UniVH/dataset.csv,normalized from outputs/tables/univh_family_reconstruction_audit.csv row 871; unit=NCBI species-rank aggregate,RAW0020502,,2955246,Alphachrysovirus penicillii,Alphachrysovirus penicillii,Chrysoviridae,Chrysoviridae,ICTV 2026 (MSL41.v1),ncbi_name_exact_current_ictv_species,high,1,independent_source_verified
UniVH,SCLIN0020503,input_original/manual_downloads/UniVH/dataset.csv,normalized from outputs/tables/univh_family_reconstruction_audit.csv row 872; unit=NCBI species-rank aggregate,RAW0020503,,2955249,Alphachrysovirus verticillii,Alphachrysovirus verticillii,Chrysoviridae,Chrysoviridae,ICTV 2026 (MSL41.v1),ncbi_name_exact_current_ictv_species,high,1,independent_source_verified
UniVH,SCLIN0020504,input_original/manual_downloads/UniVH/dataset.csv,normalized from outputs/tables/univh_family_reconstruction_audit.csv row 890; unit=NCBI species-rank aggregate,RAW0020504,,2955440,Betachrysovirus colletotrichi,Betachrysovirus colletotrichi,Chrysoviridae,Chrysoviridae,ICTV 2026 (MSL41.v1),ncbi_name_exact_current_ictv_species,high,1,independent_source_verified
UniVH,SCLIN0020505,input_original/manual_downloads/UniVH/dataset.csv,normalized from outputs/tables/univh_family_reconstruction_audit.csv row 1018; unit=NCBI species-rank aggregate,RAW0020505,,2983977,Yichun mivirus,Yichun mivirus,Chuviridae,Chuviridae,ICTV 2026 (MSL41.v1),ncbi_family_ancestor_harmonized,high,1,independent_source_verified
UniVH,SCLIN0020506,input_original/manual_downloads/UniVH/dataset.csv,normalized from outputs/tables/univh_family_reconstruction_audit.csv row 1057; unit=NCBI species-rank aggregate,RAW0020506,,3032433,Freshwater turtle neural virus 1,Freshwater turtle neural virus 1,Chuviridae,Chuviridae,ICTV 2026 (MSL41.v1),ncbi_family_ancestor_harmonized,high,1,independent_source_verified
UniVH,SCLIN0020507,input_original/manual_downloads/UniVH/dataset.csv,normalized from outputs/tables/univh_family_reconstruction_audit.csv row 516; unit=NCBI species-rank aggregate,RAW0020507,,2599622,Mivirus sp.,Mivirus sp.,Chuviridae,Chuviridae,ICTV 2026 (MSL41.v1),ncbi_family_ancestor_harmonized,high,1,independent_source_verified
UniVH,SCLIN0020508,input_original/manual_downloads/UniVH/dataset.csv,normalized from outputs/tables/univh_family_reconstruction_audit.csv row 669; unit=NCBI species-rank aggregate,RAW0020508,,2789419,Lesnoe mivirus,Lesnoe mivirus,Chuviridae,Chuviridae,ICTV 2026 (MSL41.v1),ncbi_family_ancestor_harmonized,high,1,independent_source_verified
UniVH,SCLIN0020509,input_original/manual_downloads/UniVH/dataset.csv,normalized from outputs/tables/univh_family_reconstruction_audit.csv row 685; unit=NCBI species-rank aggregate,RAW0020509,,2809007,Chuviridae sp.,Chuviridae sp.,Chuviridae,Chuviridae,ICTV 2026 (MSL41.v1),ncbi_family_ancestor_harmonized,high,1,independent_source_verified
UniVH,SCLIN0020510,input_original/manual_downloads/UniVH/dataset.csv,normalized from outputs/tables/univh_family_reconstruction_audit.csv row 737; unit=NCBI species-rank aggregate,RAW0020510,,2845618,Mivirus amblyommae,Mivirus amblyommae,Chuviridae,Chuviridae,ICTV 2026 (MSL41.v1),ncbi_name_exact_current_ictv_species,high,1,independent_source_verified
UniVH,SCLIN0020511,input_original/manual_downloads/UniVH/dataset.csv,normalized from outputs/tables/univh_family_reconstruction_audit.csv row 738; unit=NCBI species-rank aggregate,RAW0020511,,2845619,Mivirus boleense,Mivirus boleense,Chuviridae,Chuviridae,ICTV 2026 (MSL41.v1),ncbi_name_exact_current_ictv_species,high,1,independent_source_verified
UniVH,SCLIN0020512,input_original/manual_downloads/UniVH/dataset.csv,normalized from outputs/tables/univh_family_reconstruction_audit.csv row 739; unit=NCBI species-rank aggregate,RAW0020512,,2845624,Mivirus rhipicephali,Mivirus rhipicephali,Chuviridae,Chuviridae,ICTV 2026 (MSL41.v1),ncbi_name_exact_current_ictv_species,high,1,independent_source_verified
UniVH,SCLIN0020513,input_original/manual_downloads/UniVH/dataset.csv,normalized from outputs/tables/univh_family_reconstruction_audit.csv row 740; unit=NCBI species-rank aggregate,RAW0020513,,2845625,Mivirus suffolkense,Mivirus suffolkense,Chuviridae,Chuviridae,ICTV 2026 (MSL41.v1),ncbi_name_exact_current_ictv_species,high,1,independent_source_verified
UniVH,SCLIN0020514,input_original/manual_downloads/UniVH/dataset.csv,normalized from outputs/tables/univh_family_reconstruction_audit.csv row 741; unit=NCBI species-rank aggregate,RAW0020514,,2507319; 2845626,Mivirus wuhanense,Mivirus wuhanense,Chuviridae,Chuviridae,ICTV 2026 (MSL41.v1),ncbi_name_exact_current_ictv_species,high,1,independent_source_verified
UniVH,SCLIN0020515,input_original/manual_downloads/UniVH/dataset.csv,normalized from outputs/tables/univh_family_reconstruction_audit.csv row 742; unit=NCBI species-rank aggregate,RAW0020515,,2845680,Nigecruvirus ixodes,Nigecruvirus ixodes,Chuviridae,Chuviridae,ICTV 2026 (MSL41.v1),ncbi_name_exact_current_ictv_species,high,1,independent_source_verified
UniVH,SCLIN0020516,input_original/manual_downloads/UniVH/dataset.csv,normalized from outputs/tables/univh_family_reconstruction_audit.csv row 748; unit=NCBI species-rank aggregate,RAW0020516,,2846151,Scarabeuvirus lishiense,Scarabeuvirus lishiense,Chuviridae,Chuviridae,ICTV 2026 (MSL41.v1),ncbi_name_exact_current_ictv_species,high,1,independent_source_verified
UniVH,SCLIN0020517,input_original/manual_downloads/UniVH/dataset.csv,normalized from outputs/tables/univh_family_reconstruction_audit.csv row 818; unit=NCBI species-rank aggregate,RAW0020517,,2916986,Nuomin virus,Nuomin virus,Chuviridae,Chuviridae,ICTV 2026 (MSL41.v1),ncbi_family_ancestor_harmonized,high,1,independent_source_verified
UniVH,SCLIN0020518,input_original/manual_downloads/UniVH/dataset.csv,normalized from outputs/tables/univh_family_reconstruction_audit.csv row 1064; unit=NCBI species-rank aggregate,RAW0020518,,3043313,Jujube closterovirus 1,Jujube closterovirus 1,Closteroviridae,Closteroviridae,ICTV 2026 (MSL41.v1),ncbi_family_ancestor_harmonized,high,1,independent_source_verified
UniVH,SCLIN0020519,input_original/manual_downloads/UniVH/dataset.csv,normalized from outputs/tables/univh_family_reconstruction_audit.csv row 1195; unit=NCBI species-rank aggregate,RAW0020519,,3049511,chieh-qua chlorotic virus,chieh-qua chlorotic virus,Closteroviridae,Closteroviridae,ICTV 2026 (MSL41.v1),ncbi_family_ancestor_harmonized,high,1,independent_source_verified
UniVH,SCLIN0020520,input_original/manual_downloads/UniVH/dataset.csv,normalized from outputs/tables/univh_family_reconstruction_audit.csv row 1214; unit=NCBI species-rank aggregate,RAW0020520,,3051691,Carrot closterovirus 3,Carrot closterovirus 3,Closteroviridae,Closteroviridae,ICTV 2026 (MSL41.v1),ncbi_family_ancestor_harmonized,high,1,independent_source_verified
UniVH,SCLIN0020521,input_original/manual_downloads/UniVH/dataset.csv,normalized from outputs/tables/univh_family_reconstruction_audit.csv row 147; unit=NCBI species-rank aggregate,RAW0020521,,1425365,Carrot closterovirus,Carrot closterovirus,Closteroviridae,Closteroviridae,ICTV 2026 (MSL41.v1),ncbi_family_ancestor_harmonized,high,1,independent_source_verified
UniVH,SCLIN0020522,input_original/manual_downloads/UniVH/dataset.csv,normalized from outputs/tables/univh_family_reconstruction_audit.csv row 1567; unit=NCBI species-rank aggregate,RAW0020522,,3395330,Cucurbit chlorotic virus,Cucurbit chlorotic virus,Closteroviridae,Closteroviridae,ICTV 2026 (MSL41.v1),ncbi_family_ancestor_harmonized,high,1,independent_source_verified
UniVH,SCLIN0020523,input_original/manual_downloads/UniVH/dataset.csv,normalized from outputs/tables/univh_family_reconstruction_audit.csv row 1634; unit=NCBI species-rank aggregate,RAW0020523,,3426343,Ampelovirus nanoavii,Ampelovirus nanoavii,Closteroviridae,Closteroviridae,ICTV 2026 (MSL41.v1),ncbi_name_exact_current_ictv_species,high,1,independent_source_verified
UniVH,SCLIN0020524,input_original/manual_downloads/UniVH/dataset.csv,normalized from outputs/tables/univh_family_reconstruction_audit.csv row 1635; unit=NCBI species-rank aggregate,RAW0020524,,2093224,Ampelovirus pistaciae,Ampelovirus pistaciae,Closteroviridae,Closteroviridae,ICTV 2026 (MSL41.v1),ncbi_name_exact_current_ictv_species,high,1,independent_source_verified
UniVH,SCLIN0020525,input_original/manual_downloads/UniVH/dataset.csv,normalized from outputs/tables/univh_family_reconstruction_audit.csv row 1636; unit=NCBI species-rank aggregate,RAW0020525,,3426345,Ampelovirus pruni,Ampelovirus pruni,Closteroviridae,Closteroviridae,ICTV 2026 (MSL41.v1),ncbi_name_exact_current_ictv_species,high,1,independent_source_verified
UniVH,SCLIN0020526,input_original/manual_downloads/UniVH/dataset.csv,normalized from outputs/tables/univh_family_reconstruction_audit.csv row 1637; unit=NCBI species-rank aggregate,RAW0020526,,3426346,Ampelovirus tetravitis,Ampelovirus tetravitis,Closteroviridae,Closteroviridae,ICTV 2026 (MSL41.v1),ncbi_name_exact_current_ictv_species,high,1,independent_source_verified
UniVH,SCLIN0020527,input_original/manual_downloads/UniVH/dataset.csv,normalized from outputs/tables/univh_family_reconstruction_audit.csv row 1638; unit=NCBI species-rank aggregate,RAW0020527,,3426347,Ampelovirus tredecimvitis,Ampelovirus tredecimvitis,Closteroviridae,Closteroviridae,ICTV 2026 (MSL41.v1),ncbi_name_exact_current_ictv_species,high,1,independent_source_verified
UniVH,SCLIN0020528,input_original/manual_downloads/UniVH/dataset.csv,normalized from outputs/tables/univh_family_reconstruction_audit.csv row 1639; unit=NCBI species-rank aggregate,RAW0020528,,3426348,Ampelovirus triananas,Ampelovirus triananas,Closteroviridae,Closteroviridae,ICTV 2026 (MSL41.v1),ncbi_name_exact_current_ictv_species,high,1,independent_source_verified
UniVH,SCLIN0020529,input_original/manual_downloads/UniVH/dataset.csv,normalized from outputs/tables/univh_family_reconstruction_audit.csv row 1640; unit=NCBI species-rank aggregate,RAW0020529,,3426349,Ampelovirus trivitis,Ampelovirus trivitis,Closteroviridae,Closteroviridae,ICTV 2026 (MSL41.v1),ncbi_name_exact_current_ictv_species,high,1,independent_source_verified
UniVH,SCLIN0020530,input_original/manual_downloads/UniVH/dataset.csv,normalized from outputs/tables/univh_family_reconstruction_audit.csv row 1641; unit=NCBI species-rank aggregate,RAW0020530,,3426350,Ampelovirus unananas,Ampelovirus unananas,Closteroviridae,Closteroviridae,ICTV 2026 (MSL41.v1),ncbi_name_exact_current_ictv_species,high,1,independent_source_verified
UniVH,SCLIN0020531,input_original/manual_downloads/UniVH/dataset.csv,normalized from outputs/tables/univh_family_reconstruction_audit.csv row 1642; unit=NCBI species-rank aggregate,RAW0020531,,3426351,Ampelovirus univitis,Ampelovirus univitis,Closteroviridae,Closteroviridae,ICTV 2026 (MSL41.v1),ncbi_name_exact_current_ictv_species,high,1,independent_source_verified
UniVH,SCLIN0020532,input_original/manual_downloads/UniVH/dataset.csv,normalized from outputs/tables/univh_family_reconstruction_audit.csv row 1731; unit=NCBI species-rank aggregate,RAW0020532,,3428002,Closterovirus flavibetae,Closterovirus flavibetae,Closteroviridae,Closteroviridae,ICTV 2026 (MSL41.v1),ncbi_name_exact_current_ictv_species,high,1,independent_source_verified
UniVH,SCLIN0020533,input_original/manual_downloads/UniVH/dataset.csv,normalized from outputs/tables/univh_family_reconstruction_audit.csv row 1732; unit=NCBI species-rank aggregate,RAW0020533,,3428003,Closterovirus flavicarotae,Closterovirus flavicarotae,Closteroviridae,Closteroviridae,ICTV 2026 (MSL41.v1),ncbi_name_exact_current_ictv_species,high,1,independent_source_verified
UniVH,SCLIN0020534,input_original/manual_downloads/UniVH/dataset.csv,normalized from outputs/tables/univh_family_reconstruction_audit.csv row 1733; unit=NCBI species-rank aggregate,RAW0020534,,3428005,Closterovirus fragariae,Closterovirus fragariae,Closteroviridae,Closteroviridae,ICTV 2026 (MSL41.v1),ncbi_name_exact_current_ictv_species,high,1,independent_source_verified
UniVH,SCLIN0020535,input_original/manual_downloads/UniVH/dataset.csv,normalized from outputs/tables/univh_family_reconstruction_audit.csv row 1734; unit=NCBI species-rank aggregate,RAW0020535,,3428010,Closterovirus rehmanniae,Closterovirus rehmanniae,Closteroviridae,Closteroviridae,ICTV 2026 (MSL41.v1),ncbi_name_exact_current_ictv_species,high,1,independent_source_verified
UniVH,SCLIN0020536,input_original/manual_downloads/UniVH/dataset.csv,normalized from outputs/tables/univh_family_reconstruction_audit.csv row 1735; unit=NCBI species-rank aggregate,RAW0020536,,3428012,Closterovirus tabaci,Closterovirus tabaci,Closteroviridae,Closteroviridae,ICTV 2026 (MSL41.v1),ncbi_name_exact_current_ictv_species,high,1,independent_source_verified
UniVH,SCLIN0020537,input_original/manual_downloads/UniVH/dataset.csv,normalized from outputs/tables/univh_family_reconstruction_audit.csv row 1736; unit=NCBI species-rank aggregate,RAW0020537,,3428013,Closterovirus tristezae,Closterovirus tristezae,Closteroviridae,Closteroviridae,ICTV 2026 (MSL41.v1),ncbi_name_exact_current_ictv_species,high,1,independent_source_verified
UniVH,SCLIN0020538,input_original/manual_downloads/UniVH/dataset.csv,normalized from outputs/tables/univh_family_reconstruction_audit.csv row 1737; unit=NCBI species-rank aggregate,RAW0020538,,3428015,Closterovirus vitis,Closterovirus vitis,Closteroviridae,Closteroviridae,ICTV 2026 (MSL41.v1),ncbi_name_exact_current_ictv_species,high,1,independent_source_verified
UniVH,SCLIN0020539,input_original/manual_downloads/UniVH/dataset.csv,normalized from outputs/tables/univh_family_reconstruction_audit.csv row 1743; unit=NCBI species-rank aggregate,RAW0020539,,3428109,Crinivirus contagichlorosis,Crinivirus contagichlorosis,Closteroviridae,Closteroviridae,ICTV 2026 (MSL41.v1),ncbi_name_exact_current_ictv_species,high,1,independent_source_verified
UniVH,SCLIN0020540,input_original/manual_downloads/UniVH/dataset.csv,normalized from outputs/tables/univh_family_reconstruction_audit.csv row 1744; unit=NCBI species-rank aggregate,RAW0020540,,3428110,Crinivirus cucurbitae,Crinivirus cucurbitae,Closteroviridae,Closteroviridae,ICTV 2026 (MSL41.v1),ncbi_name_exact_current_ictv_species,high,1,independent_source_verified
UniVH,SCLIN0020541,input_original/manual_downloads/UniVH/dataset.csv,normalized from outputs/tables/univh_family_reconstruction_audit.csv row 1745; unit=NCBI species-rank aggregate,RAW0020541,,3428112,Crinivirus flavibetae,Crinivirus flavibetae,Closteroviridae,Closteroviridae,ICTV 2026 (MSL41.v1),ncbi_name_exact_current_ictv_species,high,1,independent_source_verified
UniVH,SCLIN0020542,input_original/manual_downloads/UniVH/dataset.csv,normalized from outputs/tables/univh_family_reconstruction_audit.csv row 1746; unit=NCBI species-rank aggregate,RAW0020542,,3428113,Crinivirus flavisolani,Crinivirus flavisolani,Closteroviridae,Closteroviridae,ICTV 2026 (MSL41.v1),ncbi_name_exact_current_ictv_species,high,1,independent_source_verified
UniVH,SCLIN0020543,input_original/manual_downloads/UniVH/dataset.csv,normalized from outputs/tables/univh_family_reconstruction_audit.csv row 1747; unit=NCBI species-rank aggregate,RAW0020543,,3428115,Crinivirus lactucachlorosi,Crinivirus lactucachlorosi,Closteroviridae,Closteroviridae,ICTV 2026 (MSL41.v1),ncbi_name_exact_current_ictv_species,high,1,independent_source_verified
UniVH,SCLIN0020544,input_original/manual_downloads/UniVH/dataset.csv,normalized from outputs/tables/univh_family_reconstruction_audit.csv row 1748; unit=NCBI species-rank aggregate,RAW0020544,,3428120,Crinivirus tomatichlorosis,Crinivirus tomatichlorosis,Closteroviridae,Closteroviridae,ICTV 2026 (MSL41.v1),ncbi_name_exact_current_ictv_species,high,1,independent_source_verified
UniVH,SCLIN0020545,input_original/manual_downloads/UniVH/dataset.csv,normalized from outputs/tables/univh_family_reconstruction_audit.csv row 1885; unit=NCBI species-rank aggregate,RAW0020545,,3431218,Olivavirus flavioleae,Olivavirus flavioleae,Closteroviridae,Closteroviridae,ICTV 2026 (MSL41.v1),ncbi_name_exact_current_ictv_species,high,1,independent_source_verified
UniVH,SCLIN0020546,input_original/manual_downloads/UniVH/dataset.csv,normalized from outputs/tables/univh_family_reconstruction_audit.csv row 2057; unit=NCBI species-rank aggregate,RAW0020546,,3433151,Velarivirus alphamali,Velarivirus alphamali,Closteroviridae,Closteroviridae,ICTV 2026 (MSL41.v1),ncbi_name_exact_current_ictv_species,high,1,independent_source_verified
UniVH,SCLIN0020547,input_original/manual_downloads/UniVH/dataset.csv,normalized from outputs/tables/univh_family_reconstruction_audit.csv row 2058; unit=NCBI species-rank aggregate,RAW0020547,,3433155,Velarivirus nanoavii,Velarivirus nanoavii,Closteroviridae,Closteroviridae,ICTV 2026 (MSL41.v1),ncbi_name_exact_current_ictv_species,high,1,independent_source_verified
UniVH,SCLIN0020548,input_original/manual_downloads/UniVH/dataset.csv,normalized from outputs/tables/univh_family_reconstruction_audit.csv row 2059; unit=NCBI species-rank aggregate,RAW0020548,,3433156,Velarivirus septemvitis,Velarivirus septemvitis,Closteroviridae,Closteroviridae,ICTV 2026 (MSL41.v1),ncbi_name_exact_current_ictv_species,high,1,independent_source_verified
UniVH,SCLIN0020549,input_original/manual_downloads/UniVH/dataset.csv,normalized from outputs/tables/univh_family_reconstruction_audit.csv row 2139; unit=NCBI species-rank aggregate,RAW0020549,,3067701,Ampelovirus alphaolivae,Ampelovirus alphaolivae,,Closteroviridae,ICTV 2026 (MSL41.v1),ncbi_name_exact_current_ictv_species,high,1,independent_source_verified
UniVH,SCLIN0020550,input_original/manual_downloads/UniVH/dataset.csv,normalized from outputs/tables/univh_family_reconstruction_audit.csv row 2140; unit=NCBI species-rank aggregate,RAW0020550,,2869542,Ampelovirus hexananas,Ampelovirus hexananas,Closteroviridae,Closteroviridae,ICTV 2026 (MSL41.v1),ncbi_name_exact_current_ictv_species,high,1,independent_source_verified
UniVH,SCLIN0020551,input_original/manual_downloads/UniVH/dataset.csv,normalized from outputs/tables/univh_family_reconstruction_audit.csv row 2141; unit=NCBI species-rank aggregate,RAW0020551,,451381,Ampelovirus pentananas,Ampelovirus pentananas,Closteroviridae,Closteroviridae,ICTV 2026 (MSL41.v1),ncbi_name_exact_current_ictv_species,high,1,independent_source_verified
UniVH,SCLIN0020552,input_original/manual_downloads/UniVH/dataset.csv,normalized from outputs/tables/univh_family_reconstruction_audit.csv row 2142; unit=NCBI species-rank aggregate,RAW0020552,,3136093,Ampelovirus septananas,Ampelovirus septananas,Closteroviridae,Closteroviridae,ICTV 2026 (MSL41.v1),ncbi_name_exact_current_ictv_species,high,1,independent_source_verified
UniVH,SCLIN0020553,input_original/manual_downloads/UniVH/dataset.csv,normalized from outputs/tables/univh_family_reconstruction_audit.csv row 2148; unit=NCBI species-rank aggregate,RAW0020553,,3051690,Closterovirus duocarotae,Closterovirus duocarotae,Closteroviridae,Closteroviridae,ICTV 2026 (MSL41.v1),ncbi_name_exact_current_ictv_species,high,1,independent_source_verified
UniVH,SCLIN0020554,input_original/manual_downloads/UniVH/dataset.csv,normalized from outputs/tables/univh_family_reconstruction_audit.csv row 2149; unit=NCBI species-rank aggregate,RAW0020554,,3029264,Closterovirus tritici,Closterovirus tritici,Closteroviridae,Closteroviridae,ICTV 2026 (MSL41.v1),ncbi_name_exact_current_ictv_species,high,1,independent_source_verified
UniVH,SCLIN0020555,input_original/manual_downloads/UniVH/dataset.csv,normalized from outputs/tables/univh_family_reconstruction_audit.csv row 2160; unit=NCBI species-rank aggregate,RAW0020555,,3162628,Olivavirus oleae,Olivavirus oleae,Closteroviridae,Closteroviridae,ICTV 2026 (MSL41.v1),ncbi_name_exact_current_ictv_species,high,1,independent_source_verified
UniVH,SCLIN0020556,input_original/manual_downloads/UniVH/dataset.csv,normalized from outputs/tables/univh_family_reconstruction_audit.csv row 2169; unit=NCBI species-rank aggregate,RAW0020556,,3067702,Velarivirus oleae,Velarivirus oleae,,Closteroviridae,ICTV 2026 (MSL41.v1),ncbi_name_exact_current_ictv_species,high,1,independent_source_verified
UniVH,SCLIN0020557,input_original/manual_downloads/UniVH/dataset.csv,normalized from outputs/tables/univh_family_reconstruction_audit.csv row 356; unit=NCBI species-rank aggregate,RAW0020557,,2024724,Olivavirus actinidiae,Olivavirus actinidiae,Closteroviridae,Closteroviridae,ICTV 2026 (MSL41.v1),ncbi_name_exact_current_ictv_species,high,1,independent_source_verified
UniVH,SCLIN0020558,input_original/manual_downloads/UniVH/dataset.csv,normalized from outputs/tables/univh_family_reconstruction_audit.csv row 55; unit=NCBI species-rank aggregate,RAW0020558,,367121,Grapevine leafroll-associated virus 10,Grapevine leafroll-associated virus 10,Closteroviridae,Closteroviridae,ICTV 2026 (MSL41.v1),ncbi_family_ancestor_harmonized,high,1,independent_source_verified
UniVH,SCLIN0020559,input_original/manual_downloads/UniVH/dataset.csv,normalized from outputs/tables/univh_family_reconstruction_audit.csv row 658; unit=NCBI species-rank aggregate,RAW0020559,,2767532,Ampelovirus sp.,Ampelovirus sp.,Closteroviridae,Closteroviridae,ICTV 2026 (MSL41.v1),ncbi_family_ancestor_harmonized,high,1,independent_source_verified
UniVH,SCLIN0020560,input_original/manual_downloads/UniVH/dataset.csv,normalized from outputs/tables/univh_family_reconstruction_audit.csv row 681; unit=NCBI species-rank aggregate,RAW0020560,,2804853,Soybean leaf crinkle mottle virus,Soybean leaf crinkle mottle virus,Closteroviridae,Closteroviridae,ICTV 2026 (MSL41.v1),ncbi_family_ancestor_harmonized,high,1,independent_source_verified
UniVH,SCLIN0020561,input_original/manual_downloads/UniVH/dataset.csv,normalized from outputs/tables/univh_family_reconstruction_audit.csv row 69; unit=NCBI species-rank aggregate,RAW0020561,,558690,Cucurbit chlorotic yellows virus,Cucurbit chlorotic yellows virus,Closteroviridae,Closteroviridae,ICTV 2026 (MSL41.v1),ncbi_family_ancestor_harmonized,high,1,independent_source_verified
UniVH,SCLIN0020562,input_original/manual_downloads/UniVH/dataset.csv,normalized from outputs/tables/univh_family_reconstruction_audit.csv row 1033; unit=NCBI species-rank aggregate,RAW0020562,,3018829,Bat Coronavirus HaGD16,Bat Coronavirus HaGD16,Coronaviridae,Coronaviridae,ICTV 2026 (MSL41.v1),ncbi_family_ancestor_harmonized,high,1,independent_source_verified
UniVH,SCLIN0020563,input_original/manual_downloads/UniVH/dataset.csv,normalized from outputs/tables/univh_family_reconstruction_audit.csv row 1034; unit=NCBI species-rank aggregate,RAW0020563,,3018830,Bat Coronavirus HaGD17,Bat Coronavirus HaGD17,Coronaviridae,Coronaviridae,ICTV 2026 (MSL41.v1),ncbi_family_ancestor_harmonized,high,1,independent_source_verified
UniVH,SCLIN0020564,input_original/manual_downloads/UniVH/dataset.csv,normalized from outputs/tables/univh_family_reconstruction_audit.csv row 1035; unit=NCBI species-rank aggregate,RAW0020564,,3018831,Bat Coronavirus HaYN16,Bat Coronavirus HaYN16,Coronaviridae,Coronaviridae,ICTV 2026 (MSL41.v1),ncbi_family_ancestor_harmonized,high,1,independent_source_verified
UniVH,SCLIN0020565,input_original/manual_downloads/UniVH/dataset.csv,normalized from outputs/tables/univh_family_reconstruction_audit.csv row 1036; unit=NCBI species-rank aggregate,RAW0020565,,3018888,Bat Coronavirus RfHB20,Bat Coronavirus RfHB20,Coronaviridae,Coronaviridae,ICTV 2026 (MSL41.v1),ncbi_family_ancestor_harmonized,high,1,independent_source_verified
UniVH,SCLIN0020566,input_original/manual_downloads/UniVH/dataset.csv,normalized from outputs/tables/univh_family_reconstruction_audit.csv row 1037; unit=NCBI species-rank aggregate,RAW0020566,,3018889,Bat Coronavirus RfLN20,Bat Coronavirus RfLN20,Coronaviridae,Coronaviridae,ICTV 2026 (MSL41.v1),ncbi_family_ancestor_harmonized,high,1,independent_source_verified
UniVH,SCLIN0020567,input_original/manual_downloads/UniVH/dataset.csv,normalized from outputs/tables/univh_family_reconstruction_audit.csv row 1038; unit=NCBI species-rank aggregate,RAW0020567,,3018890,Bat Coronavirus RfYN20,Bat Coronavirus RfYN20,Coronaviridae,Coronaviridae,ICTV 2026 (MSL41.v1),ncbi_family_ancestor_harmonized,high,1,independent_source_verified
UniVH,SCLIN0020568,input_original/manual_downloads/UniVH/dataset.csv,normalized from outputs/tables/univh_family_reconstruction_audit.csv row 1039; unit=NCBI species-rank aggregate,RAW0020568,,3018891,Bat Coronavirus RfZJ20,Bat Coronavirus RfZJ20,Coronaviridae,Coronaviridae,ICTV 2026 (MSL41.v1),ncbi_family_ancestor_harmonized,high,1,independent_source_verified
UniVH,SCLIN0020569,input_original/manual_downloads/UniVH/dataset.csv,normalized from outputs/tables/univh_family_reconstruction_audit.csv row 1047; unit=NCBI species-rank aggregate,RAW0020569,,3027035,Pedacovirus sp. MdGB01,Pedacovirus sp. MdGB01,Coronaviridae,Coronaviridae,ICTV 2026 (MSL41.v1),ncbi_family_ancestor_harmonized,high,1,independent_source_verified
UniVH,SCLIN0020570,input_original/manual_downloads/UniVH/dataset.csv,normalized from outputs/tables/univh_family_reconstruction_audit.csv row 1048; unit=NCBI species-rank aggregate,RAW0020570,,3027036,Pedacovirus sp. MdGB02,Pedacovirus sp. MdGB02,Coronaviridae,Coronaviridae,ICTV 2026 (MSL41.v1),ncbi_family_ancestor_harmonized,high,1,independent_source_verified
UniVH,SCLIN0020571,input_original/manual_downloads/UniVH/dataset.csv,normalized from outputs/tables/univh_family_reconstruction_audit.csv row 1049; unit=NCBI species-rank aggregate,RAW0020571,,3027037,Pedacovirus sp. MdGB03,Pedacovirus sp. MdGB03,Coronaviridae,Coronaviridae,ICTV 2026 (MSL41.v1),ncbi_family_ancestor_harmonized,high,1,independent_source_verified
UniVH,SCLIN0020572,input_original/manual_downloads/UniVH/dataset.csv,normalized from outputs/tables/univh_family_reconstruction_audit.csv row 1050; unit=NCBI species-rank aggregate,RAW0020572,,3027038,Pedacovirus sp. PpiGB01,Pedacovirus sp. PpiGB01,Coronaviridae,Coronaviridae,ICTV 2026 (MSL41.v1),ncbi_family_ancestor_harmonized,high,1,independent_source_verified
UniVH,SCLIN0020573,input_original/manual_downloads/UniVH/dataset.csv,normalized from outputs/tables/univh_family_reconstruction_audit.csv row 1051; unit=NCBI species-rank aggregate,RAW0020573,,3027039,Sarbecovirus sp. RfGB01,Sarbecovirus sp. RfGB01,Coronaviridae,Coronaviridae,ICTV 2026 (MSL41.v1),ncbi_family_ancestor_harmonized,high,1,independent_source_verified
UniVH,SCLIN0020574,input_original/manual_downloads/UniVH/dataset.csv,normalized from outputs/tables/univh_family_reconstruction_audit.csv row 1052; unit=NCBI species-rank aggregate,RAW0020574,,3027040,Sarbecovirus sp. RfGB02,Sarbecovirus sp. RfGB02,Coronaviridae,Coronaviridae,ICTV 2026 (MSL41.v1),ncbi_family_ancestor_harmonized,high,1,independent_source_verified
UniVH,SCLIN0020575,input_original/manual_downloads/UniVH/dataset.csv,normalized from outputs/tables/univh_family_reconstruction_audit.csv row 1053; unit=NCBI species-rank aggregate,RAW0020575,,3027597,Pangolin coronavirus HKU4,Pangolin coronavirus HKU4,Coronaviridae,Coronaviridae,ICTV 2026 (MSL41.v1),ncbi_family_ancestor_harmonized,high,1,independent_source_verified
UniVH,SCLIN0020576,input_original/manual_downloads/UniVH/dataset.csv,normalized from outputs/tables/univh_family_reconstruction_audit.csv row 1055; unit=NCBI species-rank aggregate,RAW0020576,,3029446,Hipposideros armiger Coronavirus,Hipposideros armiger Coronavirus,Coronaviridae,Coronaviridae,ICTV 2026 (MSL41.v1),ncbi_family_ancestor_harmonized,high,1,independent_source_verified
UniVH,SCLIN0020577,input_original/manual_downloads/UniVH/dataset.csv,normalized from outputs/tables/univh_family_reconstruction_audit.csv row 111; unit=NCBI species-rank aggregate,RAW0020577,,1160968,Rabbit coronavirus HKU14,Rabbit coronavirus HKU14,Coronaviridae,Coronaviridae,ICTV 2026 (MSL41.v1),ncbi_family_ancestor_harmonized,high,1,independent_source_verified
UniVH,SCLIN0020578,input_original/manual_downloads/UniVH/dataset.csv,normalized from outputs/tables/univh_family_reconstruction_audit.csv row 1425; unit=NCBI species-rank aggregate,RAW0020578,,3064243,Swan goose coronavirus,Swan goose coronavirus,Coronaviridae,Coronaviridae,ICTV 2026 (MSL41.v1),ncbi_family_ancestor_harmonized,high,1,independent_source_verified
UniVH,SCLIN0020579,input_original/manual_downloads/UniVH/dataset.csv,normalized from outputs/tables/univh_family_reconstruction_audit.csv row 1475; unit=NCBI species-rank aggregate,RAW0020579,,3161185,Human coronavirus KUMC22-3,Human coronavirus KUMC22-3,Coronaviridae,Coronaviridae,ICTV 2026 (MSL41.v1),ncbi_family_ancestor_harmonized,high,1,independent_source_verified
UniVH,SCLIN0020580,input_original/manual_downloads/UniVH/dataset.csv,normalized from outputs/tables/univh_family_reconstruction_audit.csv row 1563; unit=NCBI species-rank aggregate,RAW0020580,,3383507,Bat alphacoronavirus Kudep,Bat alphacoronavirus Kudep,Coronaviridae,Coronaviridae,ICTV 2026 (MSL41.v1),ncbi_family_ancestor_harmonized,high,1,independent_source_verified
UniVH,SCLIN0020581,input_original/manual_downloads/UniVH/dataset.csv,normalized from outputs/tables/univh_family_reconstruction_audit.csv row 1580; unit=NCBI species-rank aggregate,RAW0020581,,3418604,Betacoronavirus pandemicum,Betacoronavirus pandemicum,Coronaviridae,Coronaviridae,ICTV 2026 (MSL41.v1),ncbi_name_exact_current_ictv_species,high,1,independent_source_verified
UniVH,SCLIN0020582,input_original/manual_downloads/UniVH/dataset.csv,normalized from outputs/tables/univh_family_reconstruction_audit.csv row 1581; unit=NCBI species-rank aggregate,RAW0020582,,2501962,Betacoronavirus cororeum,Betacoronavirus cororeum,Coronaviridae,Coronaviridae,ICTV 2026 (MSL41.v1),ncbi_name_exact_current_ictv_species,high,1,independent_source_verified
UniVH,SCLIN0020583,input_original/manual_downloads/UniVH/dataset.csv,normalized from outputs/tables/univh_family_reconstruction_audit.csv row 163; unit=NCBI species-rank aggregate,RAW0020583,,1503293,BtRf-AlphaCoV/YN2012,BtRf-AlphaCoV/YN2012,Coronaviridae,Coronaviridae,ICTV 2026 (MSL41.v1),ncbi_family_ancestor_harmonized,high,1,independent_source_verified
UniVH,SCLIN0020584,input_original/manual_downloads/UniVH/dataset.csv,normalized from outputs/tables/univh_family_reconstruction_audit.csv row 164; unit=NCBI species-rank aggregate,RAW0020584,,1508220,Bat coronavirus,Bat coronavirus,Coronaviridae,Coronaviridae,ICTV 2026 (MSL41.v1),ncbi_family_ancestor_harmonized,high,1,independent_source_verified
UniVH,SCLIN0020585,input_original/manual_downloads/UniVH/dataset.csv,normalized from outputs/tables/univh_family_reconstruction_audit.csv row 2088; unit=NCBI species-rank aggregate,RAW0020585,,3433633,Betacoronavirus cameli,Betacoronavirus cameli,Coronaviridae,Coronaviridae,ICTV 2026 (MSL41.v1),ncbi_name_exact_current_ictv_species,high,1,independent_source_verified
UniVH,SCLIN0020586,input_original/manual_downloads/UniVH/dataset.csv,normalized from outputs/tables/univh_family_reconstruction_audit.csv row 2090; unit=NCBI species-rank aggregate,RAW0020586,,2955251,Alphacoronavirus almalfi,Alphacoronavirus almalfi,Coronaviridae,Coronaviridae,ICTV 2026 (MSL41.v1),ncbi_name_exact_current_ictv_species,high,1,independent_source_verified
UniVH,SCLIN0020587,input_original/manual_downloads/UniVH/dataset.csv,normalized from outputs/tables/univh_family_reconstruction_audit.csv row 2091; unit=NCBI species-rank aggregate,RAW0020587,,3433740,Deltacoronavirus lonchurae,Deltacoronavirus lonchurae,Coronaviridae,Coronaviridae,ICTV 2026 (MSL41.v1),ncbi_name_exact_current_ictv_species,high,1,independent_source_verified
UniVH,SCLIN0020588,input_original/manual_downloads/UniVH/dataset.csv,normalized from outputs/tables/univh_family_reconstruction_audit.csv row 2092; unit=NCBI species-rank aggregate,RAW0020588,,3433741,Deltacoronavirus pycnonoti,Deltacoronavirus pycnonoti,Coronaviridae,Coronaviridae,ICTV 2026 (MSL41.v1),ncbi_name_exact_current_ictv_species,high,1,independent_source_verified
UniVH,SCLIN0020589,input_original/manual_downloads/UniVH/dataset.csv,normalized from outputs/tables/univh_family_reconstruction_audit.csv row 2093; unit=NCBI species-rank aggregate,RAW0020589,,1965089,Deltacoronavirus suis,Deltacoronavirus suis,Coronaviridae,Coronaviridae,ICTV 2026 (MSL41.v1),ncbi_name_exact_current_ictv_species,high,1,independent_source_verified
UniVH,SCLIN0020590,input_original/manual_downloads/UniVH/dataset.csv,normalized from outputs/tables/univh_family_reconstruction_audit.csv row 2094; unit=NCBI species-rank aggregate,RAW0020590,,3433749,Alphacoronavirus myotis,Alphacoronavirus myotis,Coronaviridae,Coronaviridae,ICTV 2026 (MSL41.v1),ncbi_name_exact_current_ictv_species,high,1,independent_source_verified
UniVH,SCLIN0020591,input_original/manual_downloads/UniVH/dataset.csv,normalized from outputs/tables/univh_family_reconstruction_audit.csv row 2095; unit=NCBI species-rank aggregate,RAW0020591,,2501926,Alphacoronavirus ferrumequini,Alphacoronavirus ferrumequini,Coronaviridae,Coronaviridae,ICTV 2026 (MSL41.v1),ncbi_name_exact_current_ictv_species,high,1,independent_source_verified
UniVH,SCLIN0020592,input_original/manual_downloads/UniVH/dataset.csv,normalized from outputs/tables/univh_family_reconstruction_audit.csv row 2096; unit=NCBI species-rank aggregate,RAW0020592,,3433756,Alphacoronavirus chicagoense,Alphacoronavirus chicagoense,Coronaviridae,Coronaviridae,ICTV 2026 (MSL41.v1),ncbi_name_exact_current_ictv_species,high,1,independent_source_verified
UniVH,SCLIN0020593,input_original/manual_downloads/UniVH/dataset.csv,normalized from outputs/tables/univh_family_reconstruction_audit.csv row 2097; unit=NCBI species-rank aggregate,RAW0020593,,694003,Betacoronavirus gravedinis,Betacoronavirus gravedinis,Coronaviridae,Coronaviridae,ICTV 2026 (MSL41.v1),ncbi_name_exact_current_ictv_species,high,1,independent_source_verified
UniVH,SCLIN0020594,input_original/manual_downloads/UniVH/dataset.csv,normalized from outputs/tables/univh_family_reconstruction_audit.csv row 2098; unit=NCBI species-rank aggregate,RAW0020594,,3433758,Betacoronavirus hongkongense,Betacoronavirus hongkongense,Coronaviridae,Coronaviridae,ICTV 2026 (MSL41.v1),ncbi_name_exact_current_ictv_species,high,1,independent_source_verified
UniVH,SCLIN0020595,input_original/manual_downloads/UniVH/dataset.csv,normalized from outputs/tables/univh_family_reconstruction_audit.csv row 2099; unit=NCBI species-rank aggregate,RAW0020595,,694005,Betacoronavirus muris,Betacoronavirus muris,Coronaviridae,Coronaviridae,ICTV 2026 (MSL41.v1),ncbi_name_exact_current_ictv_species,high,1,independent_source_verified
UniVH,SCLIN0020596,input_original/manual_downloads/UniVH/dataset.csv,normalized from outputs/tables/univh_family_reconstruction_audit.csv row 2100; unit=NCBI species-rank aggregate,RAW0020596,,2501960,Betacoronavirus ratti,Betacoronavirus ratti,Coronaviridae,Coronaviridae,ICTV 2026 (MSL41.v1),ncbi_name_exact_current_ictv_species,high,1,independent_source_verified
UniVH,SCLIN0020597,input_original/manual_downloads/UniVH/dataset.csv,normalized from outputs/tables/univh_family_reconstruction_audit.csv row 2101; unit=NCBI species-rank aggregate,RAW0020597,,694014,Gammacoronavirus galli,Gammacoronavirus galli,Coronaviridae,Coronaviridae,ICTV 2026 (MSL41.v1),ncbi_name_exact_current_ictv_species,high,1,independent_source_verified
UniVH,SCLIN0020598,input_original/manual_downloads/UniVH/dataset.csv,normalized from outputs/tables/univh_family_reconstruction_audit.csv row 2102; unit=NCBI species-rank aggregate,RAW0020598,,2734509,Gammacoronavirus pulli,Gammacoronavirus pulli,Coronaviridae,Coronaviridae,ICTV 2026 (MSL41.v1),ncbi_name_exact_current_ictv_species,high,1,independent_source_verified
UniVH,SCLIN0020599,input_original/manual_downloads/UniVH/dataset.csv,normalized from outputs/tables/univh_family_reconstruction_audit.csv row 2103; unit=NCBI species-rank aggregate,RAW0020599,,3433770,Alphacoronavirus ratti,Alphacoronavirus ratti,Coronaviridae,Coronaviridae,ICTV 2026 (MSL41.v1),ncbi_name_exact_current_ictv_species,high,1,independent_source_verified
UniVH,SCLIN0020600,input_original/manual_downloads/UniVH/dataset.csv,normalized from outputs/tables/univh_family_reconstruction_audit.csv row 2104; unit=NCBI species-rank aggregate,RAW0020600,,3433774,Betacoronavirus erinacei,Betacoronavirus erinacei,Coronaviridae,Coronaviridae,ICTV 2026 (MSL41.v1),ncbi_name_exact_current_ictv_species,high,1,independent_source_verified
UniVH,SCLIN0020601,input_original/manual_downloads/UniVH/dataset.csv,normalized from outputs/tables/univh_family_reconstruction_audit.csv row 2105; unit=NCBI species-rank aggregate,RAW0020601,,1264898,Alphacoronavirus neovisontis,Alphacoronavirus neovisontis,Coronaviridae,Coronaviridae,ICTV 2026 (MSL41.v1),ncbi_name_exact_current_ictv_species,high,1,independent_source_verified
UniVH,SCLIN0020602,input_original/manual_downloads/UniVH/dataset.csv,normalized from outputs/tables/univh_family_reconstruction_audit.csv row 2106; unit=NCBI species-rank aggregate,RAW0020602,,2734503,Alphacoronavirus pipistrelli,Alphacoronavirus pipistrelli,Coronaviridae,Coronaviridae,ICTV 2026 (MSL41.v1),ncbi_name_exact_current_ictv_species,high,1,independent_source_verified
UniVH,SCLIN0020603,input_original/manual_downloads/UniVH/dataset.csv,normalized from outputs/tables/univh_family_reconstruction_audit.csv row 2107; unit=NCBI species-rank aggregate,RAW0020603,,3433789,Alphacoronavirus porci,Alphacoronavirus porci,Coronaviridae,Coronaviridae,ICTV 2026 (MSL41.v1),ncbi_name_exact_current_ictv_species,high,1,independent_source_verified
UniVH,SCLIN0020604,input_original/manual_downloads/UniVH/dataset.csv,normalized from outputs/tables/univh_family_reconstruction_audit.csv row 2112; unit=NCBI species-rank aggregate,RAW0020604,,3433795,Alphacoronavirus rhinolophi,Alphacoronavirus rhinolophi,Coronaviridae,Coronaviridae,ICTV 2026 (MSL41.v1),ncbi_name_exact_current_ictv_species,high,1,independent_source_verified
UniVH,SCLIN0020605,input_original/manual_downloads/UniVH/dataset.csv,normalized from outputs/tables/univh_family_reconstruction_audit.csv row 2115; unit=NCBI species-rank aggregate,RAW0020605,,3433809,Alphacoronavirus amsterdamense,Alphacoronavirus amsterdamense,Coronaviridae,Coronaviridae,ICTV 2026 (MSL41.v1),ncbi_name_exact_current_ictv_species,high,1,independent_source_verified
UniVH,SCLIN0020606,input_original/manual_downloads/UniVH/dataset.csv,normalized from outputs/tables/univh_family_reconstruction_audit.csv row 2116; unit=NCBI species-rank aggregate,RAW0020606,,693997,Alphacoronavirus suis,Alphacoronavirus suis,Coronaviridae,Coronaviridae,ICTV 2026 (MSL41.v1),ncbi_name_exact_current_ictv_species,high,1,independent_source_verified
UniVH,SCLIN0020607,input_original/manual_downloads/UniVH/dataset.csv,normalized from outputs/tables/univh_family_reconstruction_audit.csv row 256; unit=NCBI species-rank aggregate,RAW0020607,,1906673,Alphacoronavirus sp.,Alphacoronavirus sp.,Coronaviridae,Coronaviridae,ICTV 2026 (MSL41.v1),ncbi_family_ancestor_harmonized,high,1,independent_source_verified
UniVH,SCLIN0020608,input_original/manual_downloads/UniVH/dataset.csv,normalized from outputs/tables/univh_family_reconstruction_audit.csv row 257; unit=NCBI species-rank aggregate,RAW0020608,,1911231,Deltacoronavirus sp.,Deltacoronavirus sp.,Coronaviridae,Coronaviridae,ICTV 2026 (MSL41.v1),ncbi_family_ancestor_harmonized,high,1,independent_source_verified
UniVH,SCLIN0020609,input_original/manual_downloads/UniVH/dataset.csv,normalized from outputs/tables/univh_family_reconstruction_audit.csv row 293; unit=NCBI species-rank aggregate,RAW0020609,,1928434,Betacoronavirus sp.,Betacoronavirus sp.,Coronaviridae,Coronaviridae,ICTV 2026 (MSL41.v1),ncbi_family_ancestor_harmonized,high,1,independent_source_verified
UniVH,SCLIN0020610,input_original/manual_downloads/UniVH/dataset.csv,normalized from outputs/tables/univh_family_reconstruction_audit.csv row 343; unit=NCBI species-rank aggregate,RAW0020610,,1986198,Coronaviridae sp.,Coronaviridae sp.,Coronaviridae,Coronaviridae,ICTV 2026 (MSL41.v1),ncbi_family_ancestor_harmonized,high,1,independent_source_verified
UniVH,SCLIN0020611,input_original/manual_downloads/UniVH/dataset.csv,normalized from outputs/tables/univh_family_reconstruction_audit.csv row 360; unit=NCBI species-rank aggregate,RAW0020611,,2032731,Swine acute diarrhea syndrome coronavirus,Swine acute diarrhea syndrome coronavirus,Coronaviridae,Coronaviridae,ICTV 2026 (MSL41.v1),ncbi_family_ancestor_harmonized,high,1,independent_source_verified
UniVH,SCLIN0020612,input_original/manual_downloads/UniVH/dataset.csv,normalized from outputs/tables/univh_family_reconstruction_audit.csv row 362; unit=NCBI species-rank aggregate,RAW0020612,,2045491,Swine enteric alphacoronavirus,Swine enteric alphacoronavirus,Coronaviridae,Coronaviridae,ICTV 2026 (MSL41.v1),ncbi_family_ancestor_harmonized,high,1,independent_source_verified
UniVH,SCLIN0020613,input_original/manual_downloads/UniVH/dataset.csv,normalized from outputs/tables/univh_family_reconstruction_audit.csv row 365; unit=NCBI species-rank aggregate,RAW0020613,,2050018,Rodent coronavirus,Rodent coronavirus,Coronaviridae,Coronaviridae,ICTV 2026 (MSL41.v1),ncbi_family_ancestor_harmonized,high,1,independent_source_verified
UniVH,SCLIN0020614,input_original/manual_downloads/UniVH/dataset.csv,normalized from outputs/tables/univh_family_reconstruction_audit.csv row 366; unit=NCBI species-rank aggregate,RAW0020614,,2050019,Shrew coronavirus,Shrew coronavirus,Coronaviridae,Coronaviridae,ICTV 2026 (MSL41.v1),ncbi_family_ancestor_harmonized,high,1,independent_source_verified
UniVH,SCLIN0020615,input_original/manual_downloads/UniVH/dataset.csv,normalized from outputs/tables/univh_family_reconstruction_audit.csv row 396; unit=NCBI species-rank aggregate,RAW0020615,,2163884,Alphacoronavirus Mink/China/1/2016,Alphacoronavirus Mink/China/1/2016,Coronaviridae,Coronaviridae,ICTV 2026 (MSL41.v1),ncbi_family_ancestor_harmonized,high,1,independent_source_verified
UniVH,SCLIN0020616,input_original/manual_downloads/UniVH/dataset.csv,normalized from outputs/tables/univh_family_reconstruction_audit.csv row 410; unit=NCBI species-rank aggregate,RAW0020616,,2249315,Quail deltacoronavirus,Quail deltacoronavirus,Coronaviridae,Coronaviridae,ICTV 2026 (MSL41.v1),ncbi_family_ancestor_harmonized,high,1,independent_source_verified
UniVH,SCLIN0020617,input_original/manual_downloads/UniVH/dataset.csv,normalized from outputs/tables/univh_family_reconstruction_audit.csv row 427; unit=NCBI species-rank aggregate,RAW0020617,,2419667,Bat alphacoronavirus,Bat alphacoronavirus,Coronaviridae,Coronaviridae,ICTV 2026 (MSL41.v1),ncbi_family_ancestor_harmonized,high,1,independent_source_verified
UniVH,SCLIN0020618,input_original/manual_downloads/UniVH/dataset.csv,normalized from outputs/tables/univh_family_reconstruction_audit.csv row 432; unit=NCBI species-rank aggregate,RAW0020618,,2421386,Feline alphacoronavirus 1,Feline alphacoronavirus 1,Coronaviridae,Coronaviridae,ICTV 2026 (MSL41.v1),ncbi_family_ancestor_harmonized,high,1,independent_source_verified
UniVH,SCLIN0020619,input_original/manual_downloads/UniVH/dataset.csv,normalized from outputs/tables/univh_family_reconstruction_audit.csv row 444; unit=NCBI species-rank aggregate,RAW0020619,,2492656,Alphacoronavirus Bat-CoV/P.kuhlii/Italy/206645-41/2011,Alphacoronavirus Bat-CoV/P.kuhlii/Italy/206645-41/2011,Coronaviridae,Coronaviridae,ICTV 2026 (MSL41.v1),ncbi_family_ancestor_harmonized,high,1,independent_source_verified
UniVH,SCLIN0020620,input_original/manual_downloads/UniVH/dataset.csv,normalized from outputs/tables/univh_family_reconstruction_audit.csv row 445; unit=NCBI species-rank aggregate,RAW0020620,,2492657,Alphacoronavirus Bat-CoV/P.kuhlii/Italy/206679-3/2010,Alphacoronavirus Bat-CoV/P.kuhlii/Italy/206679-3/2010,Coronaviridae,Coronaviridae,ICTV 2026 (MSL41.v1),ncbi_family_ancestor_harmonized,high,1,independent_source_verified
UniVH,SCLIN0020621,input_original/manual_downloads/UniVH/dataset.csv,normalized from outputs/tables/univh_family_reconstruction_audit.csv row 530; unit=NCBI species-rank aggregate,RAW0020621,,2691585,Rousettus aegyptiacus bat coronavirus 229E-related,Rousettus aegyptiacus bat coronavirus 229E-related,Coronaviridae,Coronaviridae,ICTV 2026 (MSL41.v1),ncbi_family_ancestor_harmonized,high,1,independent_source_verified
UniVH,SCLIN0020622,input_original/manual_downloads/UniVH/dataset.csv,normalized from outputs/tables/univh_family_reconstruction_audit.csv row 536; unit=NCBI species-rank aggregate,RAW0020622,,2708335,Pangolin coronavirus,Pangolin coronavirus,Coronaviridae,Coronaviridae,ICTV 2026 (MSL41.v1),ncbi_family_ancestor_harmonized,high,1,independent_source_verified
UniVH,SCLIN0020623,input_original/manual_downloads/UniVH/dataset.csv,normalized from outputs/tables/univh_family_reconstruction_audit.csv row 541; unit=NCBI species-rank aggregate,RAW0020623,,2716128,Bottlenose dolphin coronavirus,Bottlenose dolphin coronavirus,Coronaviridae,Coronaviridae,ICTV 2026 (MSL41.v1),ncbi_family_ancestor_harmonized,high,1,independent_source_verified
UniVH,SCLIN0020624,input_original/manual_downloads/UniVH/dataset.csv,normalized from outputs/tables/univh_family_reconstruction_audit.csv row 543; unit=NCBI species-rank aggregate,RAW0020624,,2720538,Betacoronavirus Erinaceus,Betacoronavirus Erinaceus,Coronaviridae,Coronaviridae,ICTV 2026 (MSL41.v1),ncbi_family_ancestor_harmonized,high,1,independent_source_verified
UniVH,SCLIN0020625,input_original/manual_downloads/UniVH/dataset.csv,normalized from outputs/tables/univh_family_reconstruction_audit.csv row 644; unit=NCBI species-rank aggregate,RAW0020625,,2749448,Coronavirus cya-BetaCoV/2019,Coronavirus cya-BetaCoV/2019,Coronaviridae,Coronaviridae,ICTV 2026 (MSL41.v1),ncbi_family_ancestor_harmonized,high,1,independent_source_verified
UniVH,SCLIN0020626,input_original/manual_downloads/UniVH/dataset.csv,normalized from outputs/tables/univh_family_reconstruction_audit.csv row 645; unit=NCBI species-rank aggregate,RAW0020626,,2749449,Coronavirus cyb-BetaCoV/2019,Coronavirus cyb-BetaCoV/2019,Coronaviridae,Coronaviridae,ICTV 2026 (MSL41.v1),ncbi_family_ancestor_harmonized,high,1,independent_source_verified
UniVH,SCLIN0020627,input_original/manual_downloads/UniVH/dataset.csv,normalized from outputs/tables/univh_family_reconstruction_audit.csv row 646; unit=NCBI species-rank aggregate,RAW0020627,,2749450,Coronavirus cyc-BetaCoV/2019,Coronavirus cyc-BetaCoV/2019,Coronaviridae,Coronaviridae,ICTV 2026 (MSL41.v1),ncbi_family_ancestor_harmonized,high,1,independent_source_verified
UniVH,SCLIN0020628,input_original/manual_downloads/UniVH/dataset.csv,normalized from outputs/tables/univh_family_reconstruction_audit.csv row 670; unit=NCBI species-rank aggregate,RAW0020628,,2792258,Raccoon dog acute diarrhea syndrome coronavirus,Raccoon dog acute diarrhea syndrome coronavirus,Coronaviridae,Coronaviridae,ICTV 2026 (MSL41.v1),ncbi_family_ancestor_harmonized,high,1,independent_source_verified
UniVH,SCLIN0020629,input_original/manual_downloads/UniVH/dataset.csv,normalized from outputs/tables/univh_family_reconstruction_audit.csv row 712; unit=NCBI species-rank aggregate,RAW0020629,,2833184,Sarbecovirus sp.,Sarbecovirus sp.,Coronaviridae,Coronaviridae,ICTV 2026 (MSL41.v1),ncbi_family_ancestor_harmonized,high,1,independent_source_verified
UniVH,SCLIN0020630,input_original/manual_downloads/UniVH/dataset.csv,normalized from outputs/tables/univh_family_reconstruction_audit.csv row 713; unit=NCBI species-rank aggregate,RAW0020630,,2836123,Bat SARS-like coronavirus Khosta-1,Bat SARS-like coronavirus Khosta-1,Coronaviridae,Coronaviridae,ICTV 2026 (MSL41.v1),ncbi_family_ancestor_harmonized,high,1,independent_source_verified
UniVH,SCLIN0020631,input_original/manual_downloads/UniVH/dataset.csv,normalized from outputs/tables/univh_family_reconstruction_audit.csv row 760; unit=NCBI species-rank aggregate,RAW0020631,,2861865,Equine coronavirus CH21,Equine coronavirus CH21,Coronaviridae,Coronaviridae,ICTV 2026 (MSL41.v1),ncbi_family_ancestor_harmonized,high,1,independent_source_verified
UniVH,SCLIN0020632,input_original/manual_downloads/UniVH/dataset.csv,normalized from outputs/tables/univh_family_reconstruction_audit.csv row 765; unit=NCBI species-rank aggregate,RAW0020632,,2870874,plateatu pika coronavirus P83,plateatu pika coronavirus P83,Coronaviridae,Coronaviridae,ICTV 2026 (MSL41.v1),ncbi_family_ancestor_harmonized,high,1,independent_source_verified
UniVH,SCLIN0020633,input_original/manual_downloads/UniVH/dataset.csv,normalized from outputs/tables/univh_family_reconstruction_audit.csv row 813; unit=NCBI species-rank aggregate,RAW0020633,,2905753,Fievel mouse coronavirus,Fievel mouse coronavirus,Coronaviridae,Coronaviridae,ICTV 2026 (MSL41.v1),ncbi_family_ancestor_harmonized,high,1,independent_source_verified
UniVH,SCLIN0020634,input_original/manual_downloads/UniVH/dataset.csv,normalized from outputs/tables/univh_family_reconstruction_audit.csv row 815; unit=NCBI species-rank aggregate,RAW0020634,,2913384,Mouse coronavirus,Mouse coronavirus,Coronaviridae,Coronaviridae,ICTV 2026 (MSL41.v1),ncbi_family_ancestor_harmonized,high,1,independent_source_verified
UniVH,SCLIN0020635,input_original/manual_downloads/UniVH/dataset.csv,normalized from outputs/tables/univh_family_reconstruction_audit.csv row 826; unit=NCBI species-rank aggregate,RAW0020635,,2925879,Eptesicus bat coronavirus,Eptesicus bat coronavirus,Coronaviridae,Coronaviridae,ICTV 2026 (MSL41.v1),ncbi_family_ancestor_harmonized,high,1,independent_source_verified
UniVH,SCLIN0020636,input_original/manual_downloads/UniVH/dataset.csv,normalized from outputs/tables/univh_family_reconstruction_audit.csv row 851; unit=NCBI species-rank aggregate,RAW0020636,,2934762,raccoon dog coronavirus,raccoon dog coronavirus,Coronaviridae,Coronaviridae,ICTV 2026 (MSL41.v1),ncbi_family_ancestor_harmonized,high,1,independent_source_verified
UniVH,SCLIN0020637,input_original/manual_downloads/UniVH/dataset.csv,normalized from outputs/tables/univh_family_reconstruction_audit.csv row 887; unit=NCBI species-rank aggregate,RAW0020637,,2955294,Alphapironavirus salmonis,Alphapironavirus salmonis,Coronaviridae,Coronaviridae,ICTV 2026 (MSL41.v1),ncbi_name_exact_current_ictv_species,high,1,independent_source_verified
UniVH,SCLIN0020638,input_original/manual_downloads/UniVH/dataset.csv,normalized from outputs/tables/univh_family_reconstruction_audit.csv row 994; unit=NCBI species-rank aggregate,RAW0020638,,2971260,Bovine-like coronavirus,Bovine-like coronavirus,Coronaviridae,Coronaviridae,ICTV 2026 (MSL41.v1),ncbi_family_ancestor_harmonized,high,1,independent_source_verified
UniVH,SCLIN0020639,input_original/manual_downloads/UniVH/dataset.csv,normalized from outputs/tables/univh_family_reconstruction_audit.csv row 965; unit=NCBI species-rank aggregate,RAW0020639,,2956445,Sicregavirus nixi,Sicregavirus nixi,Cremegaviridae,Cremegaviridae,ICTV 2026 (MSL41.v1),ncbi_name_exact_current_ictv_species,high,1,independent_source_verified
UniVH,SCLIN0020640,input_original/manual_downloads/UniVH/dataset.csv,normalized from outputs/tables/univh_family_reconstruction_audit.csv row 1462; unit=NCBI species-rank aggregate,RAW0020640,,3137741,Rhizoctonia solani curvulavirus 2,Rhizoctonia solani curvulavirus 2,Curvulaviridae,Curvulaviridae,ICTV 2026 (MSL41.v1),ncbi_family_ancestor_harmonized,high,1,independent_source_verified
UniVH,SCLIN0020641,input_original/manual_downloads/UniVH/dataset.csv,normalized from outputs/tables/univh_family_reconstruction_audit.csv row 1894; unit=NCBI species-rank aggregate,RAW0020641,,2844307,Orthocurvulavirus fusarii,Orthocurvulavirus fusarii,Curvulaviridae,Curvulaviridae,ICTV 2026 (MSL41.v1),ncbi_name_exact_current_ictv_species,high,1,independent_source_verified
UniVH,SCLIN0020642,input_original/manual_downloads/UniVH/dataset.csv,normalized from outputs/tables/univh_family_reconstruction_audit.csv row 1895; unit=NCBI species-rank aggregate,RAW0020642,,2846058,Orthocurvulavirus rhizoctoniae,Orthocurvulavirus rhizoctoniae,Curvulaviridae,Curvulaviridae,ICTV 2026 (MSL41.v1),ncbi_name_exact_current_ictv_species,high,1,independent_source_verified
UniVH,SCLIN0020643,input_original/manual_downloads/UniVH/dataset.csv,normalized from outputs/tables/univh_family_reconstruction_audit.csv row 1896; unit=NCBI species-rank aggregate,RAW0020643,,2846570,Orthocurvulavirus trichodermae,Orthocurvulavirus trichodermae,Curvulaviridae,Curvulaviridae,ICTV 2026 (MSL41.v1),ncbi_name_exact_current_ictv_species,high,1,independent_source_verified
UniVH,SCLIN0020644,input_original/manual_downloads/UniVH/dataset.csv,normalized from outputs/tables/univh_family_reconstruction_audit.csv row 1008; unit=NCBI species-rank aggregate,RAW0020644,,2973081,Fusarium deltaflexivirus 2,Fusarium deltaflexivirus 2,Deltaflexiviridae,Deltaflexiviridae,ICTV 2026 (MSL41.v1),ncbi_family_ancestor_harmonized,high,1,independent_source_verified
UniVH,SCLIN0020645,input_original/manual_downloads/UniVH/dataset.csv,normalized from outputs/tables/univh_family_reconstruction_audit.csv row 1756; unit=NCBI species-rank aggregate,RAW0020645,,2169864,Deltaflexivirus fusarii,Deltaflexivirus fusarii,Deltaflexiviridae,Deltaflexiviridae,ICTV 2026 (MSL41.v1),ncbi_name_exact_current_ictv_species,high,1,independent_source_verified
UniVH,SCLIN0020646,input_original/manual_downloads/UniVH/dataset.csv,normalized from outputs/tables/univh_family_reconstruction_audit.csv row 1757; unit=NCBI species-rank aggregate,RAW0020646,,3428203,Deltaflexivirus pleurotii,Deltaflexivirus pleurotii,Deltaflexiviridae,Deltaflexiviridae,ICTV 2026 (MSL41.v1),ncbi_name_exact_current_ictv_species,high,1,independent_source_verified
UniVH,SCLIN0020647,input_original/manual_downloads/UniVH/dataset.csv,normalized from outputs/tables/univh_family_reconstruction_audit.csv row 1758; unit=NCBI species-rank aggregate,RAW0020647,,2169865,Deltaflexivirus sclerotiniae,Deltaflexivirus sclerotiniae,Deltaflexiviridae,Deltaflexiviridae,ICTV 2026 (MSL41.v1),ncbi_name_exact_current_ictv_species,high,1,independent_source_verified
UniVH,SCLIN0020648,input_original/manual_downloads/UniVH/dataset.csv,normalized from outputs/tables/univh_family_reconstruction_audit.csv row 628; unit=NCBI species-rank aggregate,RAW0020648,,2743094,Erysiphe necator associated deltaflexivirus 1,Erysiphe necator associated deltaflexivirus 1,Deltaflexiviridae,Deltaflexiviridae,ICTV 2026 (MSL41.v1),ncbi_family_ancestor_harmonized,high,1,independent_source_verified
UniVH,SCLIN0020649,input_original/manual_downloads/UniVH/dataset.csv,normalized from outputs/tables/univh_family_reconstruction_audit.csv row 629; unit=NCBI species-rank aggregate,RAW0020649,,2743095,Erysiphe necator associated deltaflexivirus 2,Erysiphe necator associated deltaflexivirus 2,Deltaflexiviridae,Deltaflexiviridae,ICTV 2026 (MSL41.v1),ncbi_family_ancestor_harmonized,high,1,independent_source_verified
UniVH,SCLIN0020650,input_original/manual_downloads/UniVH/dataset.csv,normalized from outputs/tables/univh_family_reconstruction_audit.csv row 630; unit=NCBI species-rank aggregate,RAW0020650,,2743096,Erysiphe necator associated deltaflexivirus 3,Erysiphe necator associated deltaflexivirus 3,Deltaflexiviridae,Deltaflexiviridae,ICTV 2026 (MSL41.v1),ncbi_family_ancestor_harmonized,high,1,independent_source_verified
UniVH,SCLIN0020651,input_original/manual_downloads/UniVH/dataset.csv,normalized from outputs/tables/univh_family_reconstruction_audit.csv row 631; unit=NCBI species-rank aggregate,RAW0020651,,2743097,Erysiphe necator associated deltaflexivirus 4,Erysiphe necator associated deltaflexivirus 4,Deltaflexiviridae,Deltaflexiviridae,ICTV 2026 (MSL41.v1),ncbi_family_ancestor_harmonized,high,1,independent_source_verified
UniVH,SCLIN0020652,input_original/manual_downloads/UniVH/dataset.csv,normalized from outputs/tables/univh_family_reconstruction_audit.csv row 663; unit=NCBI species-rank aggregate,RAW0020652,,2777090,Sclerotinia sclerotiorum deltaflexivirus 3,Sclerotinia sclerotiorum deltaflexivirus 3,Deltaflexiviridae,Deltaflexiviridae,ICTV 2026 (MSL41.v1),ncbi_family_ancestor_harmonized,high,1,independent_source_verified
UniVH,SCLIN0020653,input_original/manual_downloads/UniVH/dataset.csv,normalized from outputs/tables/univh_family_reconstruction_audit.csv row 675; unit=NCBI species-rank aggregate,RAW0020653,,2794416,Agrostis stolonifera deltaflexivirus 1,Agrostis stolonifera deltaflexivirus 1,Deltaflexiviridae,Deltaflexiviridae,ICTV 2026 (MSL41.v1),ncbi_family_ancestor_harmonized,high,1,independent_source_verified
UniVH,SCLIN0020654,input_original/manual_downloads/UniVH/dataset.csv,normalized from outputs/tables/univh_family_reconstruction_audit.csv row 1004; unit=NCBI species-rank aggregate,RAW0020654,,2971792,Macrobrachium rosenbergii virus 7,Macrobrachium rosenbergii virus 7,Dicistroviridae,Dicistroviridae,ICTV 2026 (MSL41.v1),ncbi_family_ancestor_harmonized,high,1,independent_source_verified
UniVH,SCLIN0020655,input_original/manual_downloads/UniVH/dataset.csv,normalized from outputs/tables/univh_family_reconstruction_audit.csv row 1005; unit=NCBI species-rank aggregate,RAW0020655,,2971794,Macrobrachium rosenbergii virus 9,Macrobrachium rosenbergii virus 9,Dicistroviridae,Dicistroviridae,ICTV 2026 (MSL41.v1),ncbi_family_ancestor_harmonized,high,1,independent_source_verified
UniVH,SCLIN0020656,input_original/manual_downloads/UniVH/dataset.csv,normalized from outputs/tables/univh_family_reconstruction_audit.csv row 1069; unit=NCBI species-rank aggregate,RAW0020656,,3047346,Aparavirus apisacutum,Aparavirus apisacutum,Dicistroviridae,Dicistroviridae,ICTV 2026 (MSL41.v1),ncbi_name_exact_current_ictv_species,high,1,independent_source_verified
UniVH,SCLIN0020657,input_original/manual_downloads/UniVH/dataset.csv,normalized from outputs/tables/univh_family_reconstruction_audit.csv row 1073; unit=NCBI species-rank aggregate,RAW0020657,,3047369,Cripavirus mortiferum,Cripavirus mortiferum,Dicistroviridae,Dicistroviridae,ICTV 2026 (MSL41.v1),ncbi_name_exact_current_ictv_species,high,1,independent_source_verified
UniVH,SCLIN0020658,input_original/manual_downloads/UniVH/dataset.csv,normalized from outputs/tables/univh_family_reconstruction_audit.csv row 1085; unit=NCBI species-rank aggregate,RAW0020658,,3047684,Triatovirus nigereginacellulae,Triatovirus nigereginacellulae,Dicistroviridae,Dicistroviridae,ICTV 2026 (MSL41.v1),ncbi_name_exact_current_ictv_species,high,1,independent_source_verified
UniVH,SCLIN0020659,input_original/manual_downloads/UniVH/dataset.csv,normalized from outputs/tables/univh_family_reconstruction_audit.csv row 1098; unit=NCBI species-rank aggregate,RAW0020659,,3047774,Cripavirus grylli,Cripavirus grylli,Dicistroviridae,Dicistroviridae,ICTV 2026 (MSL41.v1),ncbi_name_exact_current_ictv_species,high,1,independent_source_verified
UniVH,SCLIN0020660,input_original/manual_downloads/UniVH/dataset.csv,normalized from outputs/tables/univh_family_reconstruction_audit.csv row 1102; unit=NCBI species-rank aggregate,RAW0020660,,3047809,Cripavirus drosophilae,Cripavirus drosophilae,Dicistroviridae,Dicistroviridae,ICTV 2026 (MSL41.v1),ncbi_name_exact_current_ictv_species,high,1,independent_source_verified
UniVH,SCLIN0020661,input_original/manual_downloads/UniVH/dataset.csv,normalized from outputs/tables/univh_family_reconstruction_audit.csv row 1114; unit=NCBI species-rank aggregate,RAW0020661,,3047951,Triatovirus himetobi,Triatovirus himetobi,Dicistroviridae,Dicistroviridae,ICTV 2026 (MSL41.v1),ncbi_name_exact_current_ictv_species,high,1,independent_source_verified
UniVH,SCLIN0020662,input_original/manual_downloads/UniVH/dataset.csv,normalized from outputs/tables/univh_family_reconstruction_audit.csv row 1115; unit=NCBI species-rank aggregate,RAW0020662,,3047952,Triatovirus hocoagulatae,Triatovirus hocoagulatae,Dicistroviridae,Dicistroviridae,ICTV 2026 (MSL41.v1),ncbi_name_exact_current_ictv_species,high,1,independent_source_verified
UniVH,SCLIN0020663,input_original/manual_downloads/UniVH/dataset.csv,normalized from outputs/tables/univh_family_reconstruction_audit.csv row 1121; unit=NCBI species-rank aggregate,RAW0020663,,3048155,Aparavirus israelense,Aparavirus israelense,Dicistroviridae,Dicistroviridae,ICTV 2026 (MSL41.v1),ncbi_name_exact_current_ictv_species,high,1,independent_source_verified
UniVH,SCLIN0020664,input_original/manual_downloads/UniVH/dataset.csv,normalized from outputs/tables/univh_family_reconstruction_audit.csv row 1123; unit=NCBI species-rank aggregate,RAW0020664,,3048166,Aparavirus kashmirense,Aparavirus kashmirense,Dicistroviridae,Dicistroviridae,ICTV 2026 (MSL41.v1),ncbi_name_exact_current_ictv_species,high,1,independent_source_verified
UniVH,SCLIN0020665,input_original/manual_downloads/UniVH/dataset.csv,normalized from outputs/tables/univh_family_reconstruction_audit.csv row 1171; unit=NCBI species-rank aggregate,RAW0020665,,3048357,Aparavirus tauraense,Aparavirus tauraense,Dicistroviridae,Dicistroviridae,ICTV 2026 (MSL41.v1),ncbi_name_exact_current_ictv_species,high,1,independent_source_verified
UniVH,SCLIN0020666,input_original/manual_downloads/UniVH/dataset.csv,normalized from outputs/tables/univh_family_reconstruction_audit.csv row 1401; unit=NCBI species-rank aggregate,RAW0020666,,3059909,Cripavirus porteri,Cripavirus porteri,Dicistroviridae,Dicistroviridae,ICTV 2026 (MSL41.v1),ncbi_name_exact_current_ictv_species,high,1,independent_source_verified
UniVH,SCLIN0020667,input_original/manual_downloads/UniVH/dataset.csv,normalized from outputs/tables/univh_family_reconstruction_audit.csv row 151; unit=NCBI species-rank aggregate,RAW0020667,,1432856,Formica exsecta virus 1,Formica exsecta virus 1,Dicistroviridae,Dicistroviridae,ICTV 2026 (MSL41.v1),ncbi_family_ancestor_harmonized,high,1,independent_source_verified
UniVH,SCLIN0020668,input_original/manual_downloads/UniVH/dataset.csv,normalized from outputs/tables/univh_family_reconstruction_audit.csv row 218; unit=NCBI species-rank aggregate,RAW0020668,,1769780,Anopheles C virus,Anopheles C virus,Dicistroviridae,Dicistroviridae,ICTV 2026 (MSL41.v1),ncbi_family_ancestor_harmonized,high,1,independent_source_verified
UniVH,SCLIN0020669,input_original/manual_downloads/UniVH/dataset.csv,normalized from outputs/tables/univh_family_reconstruction_audit.csv row 303; unit=NCBI species-rank aggregate,RAW0020669,,1955141,Cripavirus sp.,Cripavirus sp.,Dicistroviridae,Dicistroviridae,ICTV 2026 (MSL41.v1),ncbi_family_ancestor_harmonized,high,1,independent_source_verified
UniVH,SCLIN0020670,input_original/manual_downloads/UniVH/dataset.csv,normalized from outputs/tables/univh_family_reconstruction_audit.csv row 341; unit=NCBI species-rank aggregate,RAW0020670,,1983569,Apis dicistrovirus,Apis dicistrovirus,Dicistroviridae,Dicistroviridae,ICTV 2026 (MSL41.v1),ncbi_family_ancestor_harmonized,high,1,independent_source_verified
UniVH,SCLIN0020671,input_original/manual_downloads/UniVH/dataset.csv,normalized from outputs/tables/univh_family_reconstruction_audit.csv row 351; unit=NCBI species-rank aggregate,RAW0020671,,2005444,Aphis glycines virus 3,Aphis glycines virus 3,Dicistroviridae,Dicistroviridae,ICTV 2026 (MSL41.v1),ncbi_family_ancestor_harmonized,high,1,independent_source_verified
UniVH,SCLIN0020672,input_original/manual_downloads/UniVH/dataset.csv,normalized from outputs/tables/univh_family_reconstruction_audit.csv row 392; unit=NCBI species-rank aggregate,RAW0020672,,2108447,Macrobrachium rosenbergii dicistrovirus 2,Macrobrachium rosenbergii dicistrovirus 2,Dicistroviridae,Dicistroviridae,ICTV 2026 (MSL41.v1),ncbi_family_ancestor_harmonized,high,1,independent_source_verified
UniVH,SCLIN0020673,input_original/manual_downloads/UniVH/dataset.csv,normalized from outputs/tables/univh_family_reconstruction_audit.csv row 433; unit=NCBI species-rank aggregate,RAW0020673,,2448899,Aphis gossypii virus,Aphis gossypii virus,Dicistroviridae,Dicistroviridae,ICTV 2026 (MSL41.v1),ncbi_family_ancestor_harmonized,high,1,independent_source_verified
UniVH,SCLIN0020674,input_original/manual_downloads/UniVH/dataset.csv,normalized from outputs/tables/univh_family_reconstruction_audit.csv row 443; unit=NCBI species-rank aggregate,RAW0020674,,2491322,Bemisia-associated dicistrovirus 1,Bemisia-associated dicistrovirus 1,Dicistroviridae,Dicistroviridae,ICTV 2026 (MSL41.v1),ncbi_family_ancestor_harmonized,high,1,independent_source_verified
UniVH,SCLIN0020675,input_original/manual_downloads/UniVH/dataset.csv,normalized from outputs/tables/univh_family_reconstruction_audit.csv row 480; unit=NCBI species-rank aggregate,RAW0020675,,2547304,Solenopsis invicta virus 13,Solenopsis invicta virus 13,Dicistroviridae,Dicistroviridae,ICTV 2026 (MSL41.v1),ncbi_family_ancestor_harmonized,high,1,independent_source_verified
UniVH,SCLIN0020676,input_original/manual_downloads/UniVH/dataset.csv,normalized from outputs/tables/univh_family_reconstruction_audit.csv row 481; unit=NCBI species-rank aggregate,RAW0020676,,2547305,Solenopsis invicta virus 12,Solenopsis invicta virus 12,Dicistroviridae,Dicistroviridae,ICTV 2026 (MSL41.v1),ncbi_family_ancestor_harmonized,high,1,independent_source_verified
UniVH,SCLIN0020677,input_original/manual_downloads/UniVH/dataset.csv,normalized from outputs/tables/univh_family_reconstruction_audit.csv row 484; unit=NCBI species-rank aggregate,RAW0020677,,2547309,Solenopsis invicta virus 9,Solenopsis invicta virus 9,Dicistroviridae,Dicistroviridae,ICTV 2026 (MSL41.v1),ncbi_family_ancestor_harmonized,high,1,independent_source_verified
UniVH,SCLIN0020678,input_original/manual_downloads/UniVH/dataset.csv,normalized from outputs/tables/univh_family_reconstruction_audit.csv row 614; unit=NCBI species-rank aggregate,RAW0020678,,2739222,Bactrocera dorsalis cripavirus,Bactrocera dorsalis cripavirus,Dicistroviridae,Dicistroviridae,ICTV 2026 (MSL41.v1),ncbi_family_ancestor_harmonized,high,1,independent_source_verified
UniVH,SCLIN0020679,input_original/manual_downloads/UniVH/dataset.csv,normalized from outputs/tables/univh_family_reconstruction_audit.csv row 668; unit=NCBI species-rank aggregate,RAW0020679,,2781648,Triatovirus A/2018/ITA,Triatovirus A/2018/ITA,Dicistroviridae,Dicistroviridae,ICTV 2026 (MSL41.v1),ncbi_family_ancestor_harmonized,high,1,independent_source_verified
UniVH,SCLIN0020680,input_original/manual_downloads/UniVH/dataset.csv,normalized from outputs/tables/univh_family_reconstruction_audit.csv row 769; unit=NCBI species-rank aggregate,RAW0020680,,2873541,Apis dicistrovirus 2,Apis dicistrovirus 2,Dicistroviridae,Dicistroviridae,ICTV 2026 (MSL41.v1),ncbi_family_ancestor_harmonized,high,1,independent_source_verified
UniVH,SCLIN0020681,input_original/manual_downloads/UniVH/dataset.csv,normalized from outputs/tables/univh_family_reconstruction_audit.csv row 770; unit=NCBI species-rank aggregate,RAW0020681,,2873542,Apis dicistrovirus 3,Apis dicistrovirus 3,Dicistroviridae,Dicistroviridae,ICTV 2026 (MSL41.v1),ncbi_family_ancestor_harmonized,high,1,independent_source_verified
UniVH,SCLIN0020682,input_original/manual_downloads/UniVH/dataset.csv,normalized from outputs/tables/univh_family_reconstruction_audit.csv row 771; unit=NCBI species-rank aggregate,RAW0020682,,2873543,Apis dicistrovirus 4,Apis dicistrovirus 4,Dicistroviridae,Dicistroviridae,ICTV 2026 (MSL41.v1),ncbi_family_ancestor_harmonized,high,1,independent_source_verified
UniVH,SCLIN0020683,input_original/manual_downloads/UniVH/dataset.csv,normalized from outputs/tables/univh_family_reconstruction_audit.csv row 778; unit=NCBI species-rank aggregate,RAW0020683,,2873561,Varroa dicistrovirus 1,Varroa dicistrovirus 1,Dicistroviridae,Dicistroviridae,ICTV 2026 (MSL41.v1),ncbi_family_ancestor_harmonized,high,1,independent_source_verified
UniVH,SCLIN0020684,input_original/manual_downloads/UniVH/dataset.csv,normalized from outputs/tables/univh_family_reconstruction_audit.csv row 779; unit=NCBI species-rank aggregate,RAW0020684,,2873562,Varroa dicistrovirus 2,Varroa dicistrovirus 2,Dicistroviridae,Dicistroviridae,ICTV 2026 (MSL41.v1),ncbi_family_ancestor_harmonized,high,1,independent_source_verified
UniVH,SCLIN0020685,input_original/manual_downloads/UniVH/dataset.csv,normalized from outputs/tables/univh_family_reconstruction_audit.csv row 800; unit=NCBI species-rank aggregate,RAW0020685,,2905402,Guiyang Dicistro-like virus 4,Guiyang Dicistro-like virus 4,Dicistroviridae,Dicistroviridae,ICTV 2026 (MSL41.v1),ncbi_family_ancestor_harmonized,high,1,independent_source_verified
UniVH,SCLIN0020686,input_original/manual_downloads/UniVH/dataset.csv,normalized from outputs/tables/univh_family_reconstruction_audit.csv row 801; unit=NCBI species-rank aggregate,RAW0020686,,2905404,Guiyang argiope bruennichi dicistrovirus 1,Guiyang argiope bruennichi dicistrovirus 1,Dicistroviridae,Dicistroviridae,ICTV 2026 (MSL41.v1),ncbi_family_ancestor_harmonized,high,1,independent_source_verified
UniVH,SCLIN0020687,input_original/manual_downloads/UniVH/dataset.csv,normalized from outputs/tables/univh_family_reconstruction_audit.csv row 802; unit=NCBI species-rank aggregate,RAW0020687,,2905405,Guiyang dicistrovirus 1,Guiyang dicistrovirus 1,Dicistroviridae,Dicistroviridae,ICTV 2026 (MSL41.v1),ncbi_family_ancestor_harmonized,high,1,independent_source_verified
UniVH,SCLIN0020688,input_original/manual_downloads/UniVH/dataset.csv,normalized from outputs/tables/univh_family_reconstruction_audit.csv row 803; unit=NCBI species-rank aggregate,RAW0020688,,2905416,Sanya dicistrovirus 2,Sanya dicistrovirus 2,Dicistroviridae,Dicistroviridae,ICTV 2026 (MSL41.v1),ncbi_family_ancestor_harmonized,high,1,independent_source_verified
UniVH,SCLIN0020689,input_original/manual_downloads/UniVH/dataset.csv,normalized from outputs/tables/univh_family_reconstruction_audit.csv row 841; unit=NCBI species-rank aggregate,RAW0020689,,2933662,Bactrocera dorsalis cripavirus isolate Bl,Bactrocera dorsalis cripavirus isolate Bl,Dicistroviridae,Dicistroviridae,ICTV 2026 (MSL41.v1),ncbi_family_ancestor_harmonized,high,1,independent_source_verified
UniVH,SCLIN0020690,input_original/manual_downloads/UniVH/dataset.csv,normalized from outputs/tables/univh_family_reconstruction_audit.csv row 842; unit=NCBI species-rank aggregate,RAW0020690,,2933664,Bactrocera dorsalis cripavirus isolate Bo,Bactrocera dorsalis cripavirus isolate Bo,Dicistroviridae,Dicistroviridae,ICTV 2026 (MSL41.v1),ncbi_family_ancestor_harmonized,high,1,independent_source_verified
UniVH,SCLIN0020691,input_original/manual_downloads/UniVH/dataset.csv,normalized from outputs/tables/univh_family_reconstruction_audit.csv row 843; unit=NCBI species-rank aggregate,RAW0020691,,2933665,Bactrocera dorsalis cripavirus isolate Bt,Bactrocera dorsalis cripavirus isolate Bt,Dicistroviridae,Dicistroviridae,ICTV 2026 (MSL41.v1),ncbi_family_ancestor_harmonized,high,1,independent_source_verified
UniVH,SCLIN0020692,input_original/manual_downloads/UniVH/dataset.csv,normalized from outputs/tables/univh_family_reconstruction_audit.csv row 846; unit=NCBI species-rank aggregate,RAW0020692,,2933686,Zeugodacus cucurbitae dicistrovirus,Zeugodacus cucurbitae dicistrovirus,Dicistroviridae,Dicistroviridae,ICTV 2026 (MSL41.v1),ncbi_family_ancestor_harmonized,high,1,independent_source_verified
UniVH,SCLIN0020693,input_original/manual_downloads/UniVH/dataset.csv,normalized from outputs/tables/univh_family_reconstruction_audit.csv row 95; unit=NCBI species-rank aggregate,RAW0020693,,1027947,Macrobrachium rosenbergii Taihu virus,Macrobrachium rosenbergii Taihu virus,Dicistroviridae,Dicistroviridae,ICTV 2026 (MSL41.v1),ncbi_family_ancestor_harmonized,high,1,independent_source_verified
UniVH,SCLIN0020694,input_original/manual_downloads/UniVH/dataset.csv,normalized from outputs/tables/univh_family_reconstruction_audit.csv row 1600; unit=NCBI species-rank aggregate,RAW0020694,,3426171,Alphaendornavirus capsici,Alphaendornavirus capsici,Endornaviridae,Endornaviridae,ICTV 2026 (MSL41.v1),ncbi_name_exact_current_ictv_species,high,1,independent_source_verified
UniVH,SCLIN0020695,input_original/manual_downloads/UniVH/dataset.csv,normalized from outputs/tables/univh_family_reconstruction_audit.csv row 1601; unit=NCBI species-rank aggregate,RAW0020695,,3426172,Alphaendornavirus cucumis,Alphaendornavirus cucumis,Endornaviridae,Endornaviridae,ICTV 2026 (MSL41.v1),ncbi_name_exact_current_ictv_species,high,1,independent_source_verified
UniVH,SCLIN0020696,input_original/manual_downloads/UniVH/dataset.csv,normalized from outputs/tables/univh_family_reconstruction_audit.csv row 1602; unit=NCBI species-rank aggregate,RAW0020696,,3426174,Alphaendornavirus erysiphes,Alphaendornavirus erysiphes,Endornaviridae,Endornaviridae,ICTV 2026 (MSL41.v1),ncbi_name_exact_current_ictv_species,high,1,independent_source_verified
UniVH,SCLIN0020697,input_original/manual_downloads/UniVH/dataset.csv,normalized from outputs/tables/univh_family_reconstruction_audit.csv row 1603; unit=NCBI species-rank aggregate,RAW0020697,,3426175,Alphaendornavirus fucapsici,Alphaendornavirus fucapsici,Endornaviridae,Endornaviridae,ICTV 2026 (MSL41.v1),ncbi_name_exact_current_ictv_species,high,1,independent_source_verified
UniVH,SCLIN0020698,input_original/manual_downloads/UniVH/dataset.csv,normalized from outputs/tables/univh_family_reconstruction_audit.csv row 1604; unit=NCBI species-rank aggregate,RAW0020698,,3426176,Alphaendornavirus fuphaseoli,Alphaendornavirus fuphaseoli,Endornaviridae,Endornaviridae,ICTV 2026 (MSL41.v1),ncbi_name_exact_current_ictv_species,high,1,independent_source_verified
UniVH,SCLIN0020699,input_original/manual_downloads/UniVH/dataset.csv,normalized from outputs/tables/univh_family_reconstruction_audit.csv row 1605; unit=NCBI species-rank aggregate,RAW0020699,,3426184,Alphaendornavirus phaseoli,Alphaendornavirus phaseoli,Endornaviridae,Endornaviridae,ICTV 2026 (MSL41.v1),ncbi_name_exact_current_ictv_species,high,1,independent_source_verified
UniVH,SCLIN0020700,input_original/manual_downloads/UniVH/dataset.csv,normalized from outputs/tables/univh_family_reconstruction_audit.csv row 1668; unit=NCBI species-rank aggregate,RAW0020700,,3427221,Betaendornavirus botrytidis,Betaendornavirus botrytidis,Endornaviridae,Endornaviridae,ICTV 2026 (MSL41.v1),ncbi_name_exact_current_ictv_species,high,1,independent_source_verified
UniVH,SCLIN0020701,input_original/manual_downloads/UniVH/dataset.csv,normalized from outputs/tables/univh_family_reconstruction_audit.csv row 1669; unit=NCBI species-rank aggregate,RAW0020701,,2003398,Betaendornavirus sclerotiniae,Betaendornavirus sclerotiniae,Endornaviridae,Endornaviridae,ICTV 2026 (MSL41.v1),ncbi_name_exact_current_ictv_species,high,1,independent_source_verified
UniVH,SCLIN0020702,input_original/manual_downloads/UniVH/dataset.csv,normalized from outputs/tables/univh_family_reconstruction_audit.csv row 407; unit=NCBI species-rank aggregate,RAW0020702,,2231696,Sclerotinia sclerotiorum endornavirus 3,Sclerotinia sclerotiorum endornavirus 3,Endornaviridae,Endornaviridae,ICTV 2026 (MSL41.v1),ncbi_family_ancestor_harmonized,high,1,independent_source_verified
UniVH,SCLIN0020703,input_original/manual_downloads/UniVH/dataset.csv,normalized from outputs/tables/univh_family_reconstruction_audit.csv row 426; unit=NCBI species-rank aggregate,RAW0020703,,2339258,Capsicum frutescens endornavirus 1,Capsicum frutescens endornavirus 1,Endornaviridae,Endornaviridae,ICTV 2026 (MSL41.v1),ncbi_family_ancestor_harmonized,high,1,independent_source_verified
UniVH,SCLIN0020704,input_original/manual_downloads/UniVH/dataset.csv,normalized from outputs/tables/univh_family_reconstruction_audit.csv row 572; unit=NCBI species-rank aggregate,RAW0020704,,2735918,Botrytis cinerea endornavirus 2,Botrytis cinerea endornavirus 2,Endornaviridae,Endornaviridae,ICTV 2026 (MSL41.v1),ncbi_family_ancestor_harmonized,high,1,independent_source_verified
UniVH,SCLIN0020705,input_original/manual_downloads/UniVH/dataset.csv,normalized from outputs/tables/univh_family_reconstruction_audit.csv row 661; unit=NCBI species-rank aggregate,RAW0020705,,2776768,Cucumber endornavirus 1,Cucumber endornavirus 1,Endornaviridae,Endornaviridae,ICTV 2026 (MSL41.v1),ncbi_family_ancestor_harmonized,high,1,independent_source_verified
UniVH,SCLIN0020706,input_original/manual_downloads/UniVH/dataset.csv,normalized from outputs/tables/univh_family_reconstruction_audit.csv row 824; unit=NCBI species-rank aggregate,RAW0020706,,2923181,Setosphaeria turcica endornavirus 1,Setosphaeria turcica endornavirus 1,Endornaviridae,Endornaviridae,ICTV 2026 (MSL41.v1),ncbi_family_ancestor_harmonized,high,1,independent_source_verified
UniVH,SCLIN0020707,input_original/manual_downloads/UniVH/dataset.csv,normalized from outputs/tables/univh_family_reconstruction_audit.csv row 832; unit=NCBI species-rank aggregate,RAW0020707,,2930168,Sclerotinia sclerotiorum endornavirus 11,Sclerotinia sclerotiorum endornavirus 11,Endornaviridae,Endornaviridae,ICTV 2026 (MSL41.v1),ncbi_family_ancestor_harmonized,high,1,independent_source_verified
UniVH,SCLIN0020708,input_original/manual_downloads/UniVH/dataset.csv,normalized from outputs/tables/univh_family_reconstruction_audit.csv row 852; unit=NCBI species-rank aggregate,RAW0020708,,2936561,Botrytis cinerea endornavirus 4,Botrytis cinerea endornavirus 4,Endornaviridae,Endornaviridae,ICTV 2026 (MSL41.v1),ncbi_family_ancestor_harmonized,high,1,independent_source_verified
UniVH,SCLIN0020709,input_original/manual_downloads/UniVH/dataset.csv,normalized from outputs/tables/univh_family_reconstruction_audit.csv row 863; unit=NCBI species-rank aggregate,RAW0020709,,2950884,Tomato associated alphaendornavirus 1,Tomato associated alphaendornavirus 1,Endornaviridae,Endornaviridae,ICTV 2026 (MSL41.v1),ncbi_family_ancestor_harmonized,high,1,independent_source_verified
UniVH,SCLIN0020710,input_original/manual_downloads/UniVH/dataset.csv,normalized from outputs/tables/univh_family_reconstruction_audit.csv row 358; unit=NCBI species-rank aggregate,RAW0020710,,2027243,Leviviridae sp.,Leviviridae sp.,Fiersviridae,Fiersviridae,ICTV 2026 (MSL41.v1),ncbi_family_ancestor_harmonized,high,1,independent_source_verified
UniVH,SCLIN0020711,input_original/manual_downloads/UniVH/dataset.csv,normalized from outputs/tables/univh_family_reconstruction_audit.csv row 603; unit=NCBI species-rank aggregate,RAW0020711,,2736513,Erysiphe necator associated levi-like virus 1,Erysiphe necator associated levi-like virus 1,Fiersviridae,Fiersviridae,ICTV 2026 (MSL41.v1),ncbi_family_ancestor_harmonized,high,1,independent_source_verified
UniVH,SCLIN0020712,input_original/manual_downloads/UniVH/dataset.csv,normalized from outputs/tables/univh_family_reconstruction_audit.csv row 808; unit=NCBI species-rank aggregate,RAW0020712,,2905507,Hangzhou levivirus 1,Hangzhou levivirus 1,Fiersviridae,Fiersviridae,ICTV 2026 (MSL41.v1),ncbi_family_ancestor_harmonized,high,1,independent_source_verified
UniVH,SCLIN0020713,input_original/manual_downloads/UniVH/dataset.csv,normalized from outputs/tables/univh_family_reconstruction_audit.csv row 1303; unit=NCBI species-rank aggregate,RAW0020713,,3052458,Orthoebolavirus bundibugyoense,Orthoebolavirus bundibugyoense,Filoviridae,Filoviridae,ICTV 2026 (MSL41.v1),ncbi_name_exact_current_ictv_species,high,1,independent_source_verified
UniVH,SCLIN0020714,input_original/manual_downloads/UniVH/dataset.csv,normalized from outputs/tables/univh_family_reconstruction_audit.csv row 1304; unit=NCBI species-rank aggregate,RAW0020714,,3052459,Orthoebolavirus restonense,Orthoebolavirus restonense,Filoviridae,Filoviridae,ICTV 2026 (MSL41.v1),ncbi_name_exact_current_ictv_species,high,1,independent_source_verified
UniVH,SCLIN0020715,input_original/manual_downloads/UniVH/dataset.csv,normalized from outputs/tables/univh_family_reconstruction_audit.csv row 1305; unit=NCBI species-rank aggregate,RAW0020715,,3052460,Orthoebolavirus sudanense,Orthoebolavirus sudanense,Filoviridae,Filoviridae,ICTV 2026 (MSL41.v1),ncbi_name_exact_current_ictv_species,high,1,independent_source_verified
UniVH,SCLIN0020716,input_original/manual_downloads/UniVH/dataset.csv,normalized from outputs/tables/univh_family_reconstruction_audit.csv row 1306; unit=NCBI species-rank aggregate,RAW0020716,,3052461,Orthoebolavirus taiense,Orthoebolavirus taiense,Filoviridae,Filoviridae,ICTV 2026 (MSL41.v1),ncbi_name_exact_current_ictv_species,high,1,independent_source_verified
UniVH,SCLIN0020717,input_original/manual_downloads/UniVH/dataset.csv,normalized from outputs/tables/univh_family_reconstruction_audit.csv row 1307; unit=NCBI species-rank aggregate,RAW0020717,,3052462,Orthoebolavirus zairense,Orthoebolavirus zairense,Filoviridae,Filoviridae,ICTV 2026 (MSL41.v1),ncbi_name_exact_current_ictv_species,high,1,independent_source_verified
UniVH,SCLIN0020718,input_original/manual_downloads/UniVH/dataset.csv,normalized from outputs/tables/univh_family_reconstruction_audit.csv row 1316; unit=NCBI species-rank aggregate,RAW0020718,,3052505,Orthomarburgvirus marburgense,Orthomarburgvirus marburgense,Filoviridae,Filoviridae,ICTV 2026 (MSL41.v1),ncbi_name_exact_current_ictv_species,high,1,independent_source_verified
UniVH,SCLIN0020719,input_original/manual_downloads/UniVH/dataset.csv,normalized from outputs/tables/univh_family_reconstruction_audit.csv row 1381; unit=NCBI species-rank aggregate,RAW0020719,,3052755,Striavirus antennarii,Striavirus antennarii,Filoviridae,Filoviridae,ICTV 2026 (MSL41.v1),ncbi_name_exact_current_ictv_species,high,1,independent_source_verified
UniVH,SCLIN0020720,input_original/manual_downloads/UniVH/dataset.csv,normalized from outputs/tables/univh_family_reconstruction_audit.csv row 948; unit=NCBI species-rank aggregate,RAW0020720,,2956232,Oblavirus percae,Oblavirus percae,Filoviridae,Filoviridae,ICTV 2026 (MSL41.v1),ncbi_name_exact_current_ictv_species,high,1,independent_source_verified
UniVH,SCLIN0020721,input_original/manual_downloads/UniVH/dataset.csv,normalized from outputs/tables/univh_family_reconstruction_audit.csv row 24; unit=NCBI species-rank aggregate,RAW0020721,,70735,Wheat mosaic virus,Wheat mosaic virus,Fimoviridae,Fimoviridae,ICTV 2026 (MSL41.v1),ncbi_family_ancestor_harmonized,high,1,independent_source_verified
UniVH,SCLIN0020722,input_original/manual_downloads/UniVH/dataset.csv,normalized from outputs/tables/univh_family_reconstruction_audit.csv row 328; unit=NCBI species-rank aggregate,RAW0020722,,1980428,Emaravirus tritici,Emaravirus tritici,Fimoviridae,Fimoviridae,ICTV 2026 (MSL41.v1),ncbi_name_exact_current_ictv_species,high,1,independent_source_verified
UniVH,SCLIN0020723,input_original/manual_downloads/UniVH/dataset.csv,normalized from outputs/tables/univh_family_reconstruction_audit.csv row 329; unit=NCBI species-rank aggregate,RAW0020723,,1980429,Emaravirus cajani,Emaravirus cajani,Fimoviridae,Fimoviridae,ICTV 2026 (MSL41.v1),ncbi_name_exact_current_ictv_species,high,1,independent_source_verified
UniVH,SCLIN0020724,input_original/manual_downloads/UniVH/dataset.csv,normalized from outputs/tables/univh_family_reconstruction_audit.csv row 330; unit=NCBI species-rank aggregate,RAW0020724,,1980430,Emaravirus toordali,Emaravirus toordali,Fimoviridae,Fimoviridae,ICTV 2026 (MSL41.v1),ncbi_name_exact_current_ictv_species,high,1,independent_source_verified
UniVH,SCLIN0020725,input_original/manual_downloads/UniVH/dataset.csv,normalized from outputs/tables/univh_family_reconstruction_audit.csv row 469; unit=NCBI species-rank aggregate,RAW0020725,,2507689,Pistacia emaravirus,Pistacia emaravirus,Fimoviridae,Fimoviridae,ICTV 2026 (MSL41.v1),ncbi_family_ancestor_harmonized,high,1,independent_source_verified
UniVH,SCLIN0020726,input_original/manual_downloads/UniVH/dataset.csv,normalized from outputs/tables/univh_family_reconstruction_audit.csv row 732; unit=NCBI species-rank aggregate,RAW0020726,,2845033,Emaravirus ziziphi,Emaravirus ziziphi,Fimoviridae,Fimoviridae,ICTV 2026 (MSL41.v1),ncbi_name_exact_current_ictv_species,high,1,independent_source_verified
UniVH,SCLIN0020727,input_original/manual_downloads/UniVH/dataset.csv,normalized from outputs/tables/univh_family_reconstruction_audit.csv row 744; unit=NCBI species-rank aggregate,RAW0020727,,2845802,Emaravirus perillae,Emaravirus perillae,Fimoviridae,Fimoviridae,ICTV 2026 (MSL41.v1),ncbi_name_exact_current_ictv_species,high,1,independent_source_verified
UniVH,SCLIN0020728,input_original/manual_downloads/UniVH/dataset.csv,normalized from outputs/tables/univh_family_reconstruction_audit.csv row 1009; unit=NCBI species-rank aggregate,RAW0020728,,2973217,carrot flavi-like virus 1,carrot flavi-like virus 1,Flaviviridae,Flaviviridae,ICTV 2026 (MSL41.v1),ncbi_family_ancestor_harmonized,high,1,independent_source_verified
UniVH,SCLIN0020729,input_original/manual_downloads/UniVH/dataset.csv,normalized from outputs/tables/univh_family_reconstruction_audit.csv row 1067; unit=NCBI species-rank aggregate,RAW0020729,,3046277,Orthoflavivirus flavi,Orthoflavivirus flavi,Flaviviridae,Flaviviridae,ICTV 2026 (MSL41.v1),ncbi_name_exact_current_ictv_species,high,1,independent_source_verified
UniVH,SCLIN0020730,input_original/manual_downloads/UniVH/dataset.csv,normalized from outputs/tables/univh_family_reconstruction_audit.csv row 1077; unit=NCBI species-rank aggregate,RAW0020730,,3047375,Orthoflavivirus aroaense,Orthoflavivirus aroaense,Flaviviridae,Flaviviridae,ICTV 2026 (MSL41.v1),ncbi_name_exact_current_ictv_species,high,1,independent_source_verified
UniVH,SCLIN0020731,input_original/manual_downloads/UniVH/dataset.csv,normalized from outputs/tables/univh_family_reconstruction_audit.csv row 1080; unit=NCBI species-rank aggregate,RAW0020731,,3047385,Orthoflavivirus bagazaense,Orthoflavivirus bagazaense,Flaviviridae,Flaviviridae,ICTV 2026 (MSL41.v1),ncbi_name_exact_current_ictv_species,high,1,independent_source_verified
UniVH,SCLIN0020732,input_original/manual_downloads/UniVH/dataset.csv,normalized from outputs/tables/univh_family_reconstruction_audit.csv row 1120; unit=NCBI species-rank aggregate,RAW0020732,,3048154,Orthoflavivirus israelense,Orthoflavivirus israelense,Flaviviridae,Flaviviridae,ICTV 2026 (MSL41.v1),ncbi_name_exact_current_ictv_species,high,1,independent_source_verified
UniVH,SCLIN0020733,input_original/manual_downloads/UniVH/dataset.csv,normalized from outputs/tables/univh_family_reconstruction_audit.csv row 1122; unit=NCBI species-rank aggregate,RAW0020733,,3048158,Orthoflavivirus japonicum,Orthoflavivirus japonicum,Flaviviridae,Flaviviridae,ICTV 2026 (MSL41.v1),ncbi_name_exact_current_ictv_species,high,1,independent_source_verified
UniVH,SCLIN0020734,input_original/manual_downloads/UniVH/dataset.csv,normalized from outputs/tables/univh_family_reconstruction_audit.csv row 1124; unit=NCBI species-rank aggregate,RAW0020734,,3048170,Orthoflavivirus kyasanurense,Orthoflavivirus kyasanurense,Flaviviridae,Flaviviridae,ICTV 2026 (MSL41.v1),ncbi_name_exact_current_ictv_species,high,1,independent_source_verified
UniVH,SCLIN0020735,input_original/manual_downloads/UniVH/dataset.csv,normalized from outputs/tables/univh_family_reconstruction_audit.csv row 1128; unit=NCBI species-rank aggregate,RAW0020735,,3048184,Orthoflavivirus loupingi,Orthoflavivirus loupingi,Flaviviridae,Flaviviridae,ICTV 2026 (MSL41.v1),ncbi_name_exact_current_ictv_species,high,1,independent_source_verified
UniVH,SCLIN0020736,input_original/manual_downloads/UniVH/dataset.csv,normalized from outputs/tables/univh_family_reconstruction_audit.csv row 1137; unit=NCBI species-rank aggregate,RAW0020736,,3048215,Orthoflavivirus murrayense,Orthoflavivirus murrayense,Flaviviridae,Flaviviridae,ICTV 2026 (MSL41.v1),ncbi_name_exact_current_ictv_species,high,1,independent_source_verified
UniVH,SCLIN0020737,input_original/manual_downloads/UniVH/dataset.csv,normalized from outputs/tables/univh_family_reconstruction_audit.csv row 1154; unit=NCBI species-rank aggregate,RAW0020737,,3048287,Orthoflavivirus powassanense,Orthoflavivirus powassanense,Flaviviridae,Flaviviridae,ICTV 2026 (MSL41.v1),ncbi_name_exact_current_ictv_species,high,1,independent_source_verified
UniVH,SCLIN0020738,input_original/manual_downloads/UniVH/dataset.csv,normalized from outputs/tables/univh_family_reconstruction_audit.csv row 1173; unit=NCBI species-rank aggregate,RAW0020738,,3048360,Orthoflavivirus tembusu,Orthoflavivirus tembusu,Flaviviridae,Flaviviridae,ICTV 2026 (MSL41.v1),ncbi_name_exact_current_ictv_species,high,1,independent_source_verified
UniVH,SCLIN0020739,input_original/manual_downloads/UniVH/dataset.csv,normalized from outputs/tables/univh_family_reconstruction_audit.csv row 1185; unit=NCBI species-rank aggregate,RAW0020739,,3048443,Orthoflavivirus usutuense,Orthoflavivirus usutuense,Flaviviridae,Flaviviridae,ICTV 2026 (MSL41.v1),ncbi_name_exact_current_ictv_species,high,1,independent_source_verified
UniVH,SCLIN0020740,input_original/manual_downloads/UniVH/dataset.csv,normalized from outputs/tables/univh_family_reconstruction_audit.csv row 1186; unit=NCBI species-rank aggregate,RAW0020740,,3048447,Orthoflavivirus wesselsbronense,Orthoflavivirus wesselsbronense,Flaviviridae,Flaviviridae,ICTV 2026 (MSL41.v1),ncbi_name_exact_current_ictv_species,high,1,independent_source_verified
UniVH,SCLIN0020741,input_original/manual_downloads/UniVH/dataset.csv,normalized from outputs/tables/univh_family_reconstruction_audit.csv row 1187; unit=NCBI species-rank aggregate,RAW0020741,,3048448,Orthoflavivirus nilense,Orthoflavivirus nilense,Flaviviridae,Flaviviridae,ICTV 2026 (MSL41.v1),ncbi_name_exact_current_ictv_species,high,1,independent_source_verified
UniVH,SCLIN0020742,input_original/manual_downloads/UniVH/dataset.csv,normalized from outputs/tables/univh_family_reconstruction_audit.csv row 1190; unit=NCBI species-rank aggregate,RAW0020742,,3048457,Orthoflavivirus yokoseense,Orthoflavivirus yokoseense,Flaviviridae,Flaviviridae,ICTV 2026 (MSL41.v1),ncbi_name_exact_current_ictv_species,high,1,independent_source_verified
UniVH,SCLIN0020743,input_original/manual_downloads/UniVH/dataset.csv,normalized from outputs/tables/univh_family_reconstruction_audit.csv row 1191; unit=NCBI species-rank aggregate,RAW0020743,,3048459,Orthoflavivirus zikaense,Orthoflavivirus zikaense,Flaviviridae,Flaviviridae,ICTV 2026 (MSL41.v1),ncbi_name_exact_current_ictv_species,high,1,independent_source_verified
UniVH,SCLIN0020744,input_original/manual_downloads/UniVH/dataset.csv,normalized from outputs/tables/univh_family_reconstruction_audit.csv row 1308; unit=NCBI species-rank aggregate,RAW0020744,,3052464,Orthoflavivirus denguei,Orthoflavivirus denguei,Flaviviridae,Flaviviridae,ICTV 2026 (MSL41.v1),ncbi_name_exact_current_ictv_species,high,1,independent_source_verified
UniVH,SCLIN0020745,input_original/manual_downloads/UniVH/dataset.csv,normalized from outputs/tables/univh_family_reconstruction_audit.csv row 1309; unit=NCBI species-rank aggregate,RAW0020745,,3052465,Orthoflavivirus encephalitidis,Orthoflavivirus encephalitidis,Flaviviridae,Flaviviridae,ICTV 2026 (MSL41.v1),ncbi_family_ancestor_harmonized,high,1,independent_source_verified
UniVH,SCLIN0020746,input_original/manual_downloads/UniVH/dataset.csv,normalized from outputs/tables/univh_family_reconstruction_audit.csv row 1310; unit=NCBI species-rank aggregate,RAW0020746,,3052466,Orthoflavivirus ilheusense,Orthoflavivirus ilheusense,Flaviviridae,Flaviviridae,ICTV 2026 (MSL41.v1),ncbi_name_exact_current_ictv_species,high,1,independent_source_verified
UniVH,SCLIN0020747,input_original/manual_downloads/UniVH/dataset.csv,normalized from outputs/tables/univh_family_reconstruction_audit.csv row 1311; unit=NCBI species-rank aggregate,RAW0020747,,3052468,Orthoflavivirus louisense,Orthoflavivirus louisense,Flaviviridae,Flaviviridae,ICTV 2026 (MSL41.v1),ncbi_name_exact_current_ictv_species,high,1,independent_source_verified
UniVH,SCLIN0020748,input_original/manual_downloads/UniVH/dataset.csv,normalized from outputs/tables/univh_family_reconstruction_audit.csv row 1556; unit=NCBI species-rank aggregate,RAW0020748,,3350192,Myzus persicae flavivirus,Myzus persicae flavivirus,Flaviviridae,Flaviviridae,ICTV 2026 (MSL41.v1),ncbi_family_ancestor_harmonized,high,1,independent_source_verified
UniVH,SCLIN0020749,input_original/manual_downloads/UniVH/dataset.csv,normalized from outputs/tables/univh_family_reconstruction_audit.csv row 205; unit=NCBI species-rank aggregate,RAW0020749,,1691889,Spanish goat encephalitis virus,Spanish goat encephalitis virus,Flaviviridae,Flaviviridae,ICTV 2026 (MSL41.v1),ncbi_family_ancestor_harmonized,high,1,independent_source_verified
UniVH,SCLIN0020750,input_original/manual_downloads/UniVH/dataset.csv,normalized from outputs/tables/univh_family_reconstruction_audit.csv row 212; unit=NCBI species-rank aggregate,RAW0020750,,1746071,Wuhan flea virus,Wuhan flea virus,Flaviviridae,Flaviviridae,ICTV 2026 (MSL41.v1),ncbi_family_ancestor_harmonized,high,1,independent_source_verified
UniVH,SCLIN0020751,input_original/manual_downloads/UniVH/dataset.csv,normalized from outputs/tables/univh_family_reconstruction_audit.csv row 2153; unit=NCBI species-rank aggregate,RAW0020751,,1172985,Jingmenvirus rhipicephali,Jingmenvirus rhipicephali,Flaviviridae,Flaviviridae,ICTV 2026 (MSL41.v1),ncbi_name_exact_current_ictv_species,high,1,independent_source_verified
UniVH,SCLIN0020752,input_original/manual_downloads/UniVH/dataset.csv,normalized from outputs/tables/univh_family_reconstruction_audit.csv row 2161; unit=NCBI species-rank aggregate,RAW0020752,,31658,Orthoflavivirus iunctionis,Orthoflavivirus iunctionis,Flaviviridae,Flaviviridae,ICTV 2026 (MSL41.v1),ncbi_name_exact_current_ictv_species,high,1,independent_source_verified
UniVH,SCLIN0020753,input_original/manual_downloads/UniVH/dataset.csv,normalized from outputs/tables/univh_family_reconstruction_audit.csv row 21; unit=NCBI species-rank aggregate,RAW0020753,,64318,Spondweni virus,Spondweni virus,Flaviviridae,Flaviviridae,ICTV 2026 (MSL41.v1),ncbi_family_ancestor_harmonized,high,1,independent_source_verified
UniVH,SCLIN0020754,input_original/manual_downloads/UniVH/dataset.csv,normalized from outputs/tables/univh_family_reconstruction_audit.csv row 226; unit=NCBI species-rank aggregate,RAW0020754,,1821227,Xishuangbanna aedes flavivirus,Xishuangbanna aedes flavivirus,Flaviviridae,Flaviviridae,ICTV 2026 (MSL41.v1),ncbi_family_ancestor_harmonized,high,1,independent_source_verified
UniVH,SCLIN0020755,input_original/manual_downloads/UniVH/dataset.csv,normalized from outputs/tables/univh_family_reconstruction_audit.csv row 253; unit=NCBI species-rank aggregate,RAW0020755,,1906179,Anopheles flavivirus Liberia/2013,Anopheles flavivirus Liberia/2013,Flaviviridae,Flaviviridae,ICTV 2026 (MSL41.v1),ncbi_family_ancestor_harmonized,high,1,independent_source_verified
UniVH,SCLIN0020756,input_original/manual_downloads/UniVH/dataset.csv,normalized from outputs/tables/univh_family_reconstruction_audit.csv row 342; unit=NCBI species-rank aggregate,RAW0020756,,1983570,Apis flavivirus,Apis flavivirus,Flaviviridae,Flaviviridae,ICTV 2026 (MSL41.v1),ncbi_family_ancestor_harmonized,high,1,independent_source_verified
UniVH,SCLIN0020757,input_original/manual_downloads/UniVH/dataset.csv,normalized from outputs/tables/univh_family_reconstruction_audit.csv row 361; unit=NCBI species-rank aggregate,RAW0020757,,2045187,La Tina virus,La Tina virus,Flaviviridae,Flaviviridae,ICTV 2026 (MSL41.v1),ncbi_family_ancestor_harmonized,high,1,independent_source_verified
UniVH,SCLIN0020758,input_original/manual_downloads/UniVH/dataset.csv,normalized from outputs/tables/univh_family_reconstruction_audit.csv row 367; unit=NCBI species-rank aggregate,RAW0020758,,2050971,Lumpfish flavivirus,Lumpfish flavivirus,Flaviviridae,Flaviviridae,ICTV 2026 (MSL41.v1),ncbi_family_ancestor_harmonized,high,1,independent_source_verified
UniVH,SCLIN0020759,input_original/manual_downloads/UniVH/dataset.csv,normalized from outputs/tables/univh_family_reconstruction_audit.csv row 416; unit=NCBI species-rank aggregate,RAW0020759,,2269360,Alongshan virus,Alongshan virus,Flaviviridae,Flaviviridae,ICTV 2026 (MSL41.v1),ncbi_family_ancestor_harmonized,high,1,independent_source_verified
UniVH,SCLIN0020760,input_original/manual_downloads/UniVH/dataset.csv,normalized from outputs/tables/univh_family_reconstruction_audit.csv row 496; unit=NCBI species-rank aggregate,RAW0020760,,2569752,Rhipicephalus associated flavi-like virus,Rhipicephalus associated flavi-like virus,Flaviviridae,Flaviviridae,ICTV 2026 (MSL41.v1),ncbi_family_ancestor_harmonized,high,1,independent_source_verified
UniVH,SCLIN0020761,input_original/manual_downloads/UniVH/dataset.csv,normalized from outputs/tables/univh_family_reconstruction_audit.csv row 56; unit=NCBI species-rank aggregate,RAW0020761,,390844,Culex flavivirus,Culex flavivirus,Flaviviridae,Flaviviridae,ICTV 2026 (MSL41.v1),ncbi_family_ancestor_harmonized,high,1,independent_source_verified
UniVH,SCLIN0020762,input_original/manual_downloads/UniVH/dataset.csv,normalized from outputs/tables/univh_family_reconstruction_audit.csv row 577; unit=NCBI species-rank aggregate,RAW0020762,,2736240,Salmon flavivirus,Salmon flavivirus,Flaviviridae,Flaviviridae,ICTV 2026 (MSL41.v1),ncbi_family_ancestor_harmonized,high,1,independent_source_verified
UniVH,SCLIN0020763,input_original/manual_downloads/UniVH/dataset.csv,normalized from outputs/tables/univh_family_reconstruction_audit.csv row 57; unit=NCBI species-rank aggregate,RAW0020763,,390845,Aedes flavivirus,Aedes flavivirus,Flaviviridae,Flaviviridae,ICTV 2026 (MSL41.v1),ncbi_family_ancestor_harmonized,high,1,independent_source_verified
UniVH,SCLIN0020764,input_original/manual_downloads/UniVH/dataset.csv,normalized from outputs/tables/univh_family_reconstruction_audit.csv row 62; unit=NCBI species-rank aggregate,RAW0020764,,478577,Barkedji virus,Barkedji virus,Flaviviridae,Flaviviridae,ICTV 2026 (MSL41.v1),ncbi_family_ancestor_harmonized,high,1,independent_source_verified
UniVH,SCLIN0020765,input_original/manual_downloads/UniVH/dataset.csv,normalized from outputs/tables/univh_family_reconstruction_audit.csv row 71; unit=NCBI species-rank aggregate,RAW0020765,,577122,T'Ho virus,T'Ho virus,Flaviviridae,Flaviviridae,ICTV 2026 (MSL41.v1),ncbi_family_ancestor_harmonized,high,1,independent_source_verified
UniVH,SCLIN0020766,input_original/manual_downloads/UniVH/dataset.csv,normalized from outputs/tables/univh_family_reconstruction_audit.csv row 767; unit=NCBI species-rank aggregate,RAW0020766,,2872420,Macrobrachium flavivirus 1,Macrobrachium flavivirus 1,Flaviviridae,Flaviviridae,ICTV 2026 (MSL41.v1),ncbi_family_ancestor_harmonized,high,1,independent_source_verified
UniVH,SCLIN0020767,input_original/manual_downloads/UniVH/dataset.csv,normalized from outputs/tables/univh_family_reconstruction_audit.csv row 1805; unit=NCBI species-rank aggregate,RAW0020767,,3428881,Fusagravirus ichi,Fusagravirus ichi,Fusagraviridae,Fusagraviridae,ICTV 2026 (MSL41.v1),ncbi_name_exact_current_ictv_species,high,1,independent_source_verified
UniVH,SCLIN0020768,input_original/manual_downloads/UniVH/dataset.csv,normalized from outputs/tables/univh_family_reconstruction_audit.csv row 1806; unit=NCBI species-rank aggregate,RAW0020768,,3428883,Fusagravirus jyugo,Fusagravirus jyugo,Fusagraviridae,Fusagraviridae,ICTV 2026 (MSL41.v1),ncbi_name_exact_current_ictv_species,high,1,independent_source_verified
UniVH,SCLIN0020769,input_original/manual_downloads/UniVH/dataset.csv,normalized from outputs/tables/univh_family_reconstruction_audit.csv row 1807; unit=NCBI species-rank aggregate,RAW0020769,,3428885,Fusagravirus jyuichi,Fusagravirus jyuichi,Fusagraviridae,Fusagraviridae,ICTV 2026 (MSL41.v1),ncbi_name_exact_current_ictv_species,high,1,independent_source_verified
UniVH,SCLIN0020770,input_original/manual_downloads/UniVH/dataset.csv,normalized from outputs/tables/univh_family_reconstruction_audit.csv row 1808; unit=NCBI species-rank aggregate,RAW0020770,,3428890,Fusagravirus jyushi,Fusagravirus jyushi,Fusagraviridae,Fusagraviridae,ICTV 2026 (MSL41.v1),ncbi_name_exact_current_ictv_species,high,1,independent_source_verified
UniVH,SCLIN0020771,input_original/manual_downloads/UniVH/dataset.csv,normalized from outputs/tables/univh_family_reconstruction_audit.csv row 1809; unit=NCBI species-rank aggregate,RAW0020771,,3428893,Fusagravirus ni,Fusagravirus ni,Fusagraviridae,Fusagraviridae,ICTV 2026 (MSL41.v1),ncbi_name_exact_current_ictv_species,high,1,independent_source_verified
UniVH,SCLIN0020772,input_original/manual_downloads/UniVH/dataset.csv,normalized from outputs/tables/univh_family_reconstruction_audit.csv row 1013; unit=NCBI species-rank aggregate,RAW0020772,,2974655,Fusarium poae fusarivirus 2,Fusarium poae fusarivirus 2,Fusariviridae,Fusariviridae,ICTV 2026 (MSL41.v1),ncbi_family_ancestor_harmonized,high,1,independent_source_verified
UniVH,SCLIN0020773,input_original/manual_downloads/UniVH/dataset.csv,normalized from outputs/tables/univh_family_reconstruction_audit.csv row 1017; unit=NCBI species-rank aggregate,RAW0020773,,2975506,Botrytis cinerea fusarivirus 9,Botrytis cinerea fusarivirus 9,Fusariviridae,Fusariviridae,ICTV 2026 (MSL41.v1),ncbi_family_ancestor_harmonized,high,1,independent_source_verified
UniVH,SCLIN0020774,input_original/manual_downloads/UniVH/dataset.csv,normalized from outputs/tables/univh_family_reconstruction_audit.csv row 1060; unit=NCBI species-rank aggregate,RAW0020774,,3036235,Fusarium pseudograminearum fusarivirus 1,Fusarium pseudograminearum fusarivirus 1,Fusariviridae,Fusariviridae,ICTV 2026 (MSL41.v1),ncbi_family_ancestor_harmonized,high,1,independent_source_verified
UniVH,SCLIN0020775,input_original/manual_downloads/UniVH/dataset.csv,normalized from outputs/tables/univh_family_reconstruction_audit.csv row 1461; unit=NCBI species-rank aggregate,RAW0020775,,3135732,Rhizoctonia solani fusarivirus 6,Rhizoctonia solani fusarivirus 6,Fusariviridae,Fusariviridae,ICTV 2026 (MSL41.v1),ncbi_family_ancestor_harmonized,high,1,independent_source_verified
UniVH,SCLIN0020776,input_original/manual_downloads/UniVH/dataset.csv,normalized from outputs/tables/univh_family_reconstruction_audit.csv row 1558; unit=NCBI species-rank aggregate,RAW0020776,,3366997,Sclerotinia sclerotiorum fusarivirus 3,Sclerotinia sclerotiorum fusarivirus 3,Fusariviridae,Fusariviridae,ICTV 2026 (MSL41.v1),ncbi_family_ancestor_harmonized,high,1,independent_source_verified
UniVH,SCLIN0020777,input_original/manual_downloads/UniVH/dataset.csv,normalized from outputs/tables/univh_family_reconstruction_audit.csv row 2127; unit=NCBI species-rank aggregate,RAW0020777,,2912861,Alphafusarivirus betabotrydis,Alphafusarivirus betabotrydis,Fusariviridae,Fusariviridae,ICTV 2026 (MSL41.v1),ncbi_name_exact_current_ictv_species,high,1,independent_source_verified
UniVH,SCLIN0020778,input_original/manual_downloads/UniVH/dataset.csv,normalized from outputs/tables/univh_family_reconstruction_audit.csv row 2128; unit=NCBI species-rank aggregate,RAW0020778,,2501217,Alphafusarivirus gaeumannomyci,Alphafusarivirus gaeumannomyci,Fusariviridae,Fusariviridae,ICTV 2026 (MSL41.v1),ncbi_name_exact_current_ictv_species,high,1,independent_source_verified
UniVH,SCLIN0020779,input_original/manual_downloads/UniVH/dataset.csv,normalized from outputs/tables/univh_family_reconstruction_audit.csv row 2129; unit=NCBI species-rank aggregate,RAW0020779,,2810550,Alphafusarivirus setosphaeriae,Alphafusarivirus setosphaeriae,Fusariviridae,Fusariviridae,ICTV 2026 (MSL41.v1),ncbi_name_exact_current_ictv_species,high,1,independent_source_verified
UniVH,SCLIN0020780,input_original/manual_downloads/UniVH/dataset.csv,normalized from outputs/tables/univh_family_reconstruction_audit.csv row 2130; unit=NCBI species-rank aggregate,RAW0020780,,1917080,Alphafusarivirus sodiomyci,Alphafusarivirus sodiomyci,Fusariviridae,Fusariviridae,ICTV 2026 (MSL41.v1),ncbi_name_exact_current_ictv_species,high,1,independent_source_verified
UniVH,SCLIN0020781,input_original/manual_downloads/UniVH/dataset.csv,normalized from outputs/tables/univh_family_reconstruction_audit.csv row 2145; unit=NCBI species-rank aggregate,RAW0020781,,2501218,Betafusarivirus importunus,Betafusarivirus importunus,Fusariviridae,Fusariviridae,ICTV 2026 (MSL41.v1),ncbi_name_exact_current_ictv_species,high,1,independent_source_verified
UniVH,SCLIN0020782,input_original/manual_downloads/UniVH/dataset.csv,normalized from outputs/tables/univh_family_reconstruction_audit.csv row 573; unit=NCBI species-rank aggregate,RAW0020782,,2735922,Botrytis cinerea fusarivirus 6,Botrytis cinerea fusarivirus 6,Fusariviridae,Fusariviridae,ICTV 2026 (MSL41.v1),ncbi_family_ancestor_harmonized,high,1,independent_source_verified
UniVH,SCLIN0020783,input_original/manual_downloads/UniVH/dataset.csv,normalized from outputs/tables/univh_family_reconstruction_audit.csv row 635; unit=NCBI species-rank aggregate,RAW0020783,,2743151,Erysiphe necator associated fusarivirus 3,Erysiphe necator associated fusarivirus 3,Fusariviridae,Fusariviridae,ICTV 2026 (MSL41.v1),ncbi_family_ancestor_harmonized,high,1,independent_source_verified
UniVH,SCLIN0020784,input_original/manual_downloads/UniVH/dataset.csv,normalized from outputs/tables/univh_family_reconstruction_audit.csv row 873; unit=NCBI species-rank aggregate,RAW0020784,,2955258,Alphafusarivirus agarici,Alphafusarivirus agarici,Fusariviridae,Fusariviridae,ICTV 2026 (MSL41.v1),ncbi_name_exact_current_ictv_species,high,1,independent_source_verified
UniVH,SCLIN0020785,input_original/manual_downloads/UniVH/dataset.csv,normalized from outputs/tables/univh_family_reconstruction_audit.csv row 874; unit=NCBI species-rank aggregate,RAW0020785,,2955259,Alphafusarivirus aspergilli,Alphafusarivirus aspergilli,Fusariviridae,Fusariviridae,ICTV 2026 (MSL41.v1),ncbi_name_exact_current_ictv_species,high,1,independent_source_verified
UniVH,SCLIN0020786,input_original/manual_downloads/UniVH/dataset.csv,normalized from outputs/tables/univh_family_reconstruction_audit.csv row 875; unit=NCBI species-rank aggregate,RAW0020786,,2955262,Alphafusarivirus botrytidis,Alphafusarivirus botrytidis,Fusariviridae,Fusariviridae,ICTV 2026 (MSL41.v1),ncbi_name_exact_current_ictv_species,high,1,independent_source_verified
UniVH,SCLIN0020787,input_original/manual_downloads/UniVH/dataset.csv,normalized from outputs/tables/univh_family_reconstruction_audit.csv row 876; unit=NCBI species-rank aggregate,RAW0020787,,2955263,Alphafusarivirus fusarii,Alphafusarivirus fusarii,Fusariviridae,Fusariviridae,ICTV 2026 (MSL41.v1),ncbi_name_exact_current_ictv_species,high,1,independent_source_verified
UniVH,SCLIN0020788,input_original/manual_downloads/UniVH/dataset.csv,normalized from outputs/tables/univh_family_reconstruction_audit.csv row 877; unit=NCBI species-rank aggregate,RAW0020788,,2955264,Alphafusarivirus ioaponiae,Alphafusarivirus ioaponiae,Fusariviridae,Fusariviridae,ICTV 2026 (MSL41.v1),ncbi_name_exact_current_ictv_species,high,1,independent_source_verified
UniVH,SCLIN0020789,input_original/manual_downloads/UniVH/dataset.csv,normalized from outputs/tables/univh_family_reconstruction_audit.csv row 878; unit=NCBI species-rank aggregate,RAW0020789,,2955266,Alphafusarivirus macrophominae,Alphafusarivirus macrophominae,Fusariviridae,Fusariviridae,ICTV 2026 (MSL41.v1),ncbi_name_exact_current_ictv_species,high,1,independent_source_verified
UniVH,SCLIN0020790,input_original/manual_downloads/UniVH/dataset.csv,normalized from outputs/tables/univh_family_reconstruction_audit.csv row 879; unit=NCBI species-rank aggregate,RAW0020790,,2955272,Alphafusarivirus portobelli,Alphafusarivirus portobelli,Fusariviridae,Fusariviridae,ICTV 2026 (MSL41.v1),ncbi_name_exact_current_ictv_species,high,1,independent_source_verified
UniVH,SCLIN0020791,input_original/manual_downloads/UniVH/dataset.csv,normalized from outputs/tables/univh_family_reconstruction_audit.csv row 891; unit=NCBI species-rank aggregate,RAW0020791,,2955446,Betafusarivirus botrytidis,Betafusarivirus botrytidis,Fusariviridae,Fusariviridae,ICTV 2026 (MSL41.v1),ncbi_name_exact_current_ictv_species,high,1,independent_source_verified
UniVH,SCLIN0020792,input_original/manual_downloads/UniVH/dataset.csv,normalized from outputs/tables/univh_family_reconstruction_audit.csv row 892; unit=NCBI species-rank aggregate,RAW0020792,,2955447,Betafusarivirus brasiliensis,Betafusarivirus brasiliensis,Fusariviridae,Fusariviridae,ICTV 2026 (MSL41.v1),ncbi_name_exact_current_ictv_species,high,1,independent_source_verified
UniVH,SCLIN0020793,input_original/manual_downloads/UniVH/dataset.csv,normalized from outputs/tables/univh_family_reconstruction_audit.csv row 893; unit=NCBI species-rank aggregate,RAW0020793,,2955448,Betafusarivirus crassae,Betafusarivirus crassae,Fusariviridae,Fusariviridae,ICTV 2026 (MSL41.v1),ncbi_name_exact_current_ictv_species,high,1,independent_source_verified
UniVH,SCLIN0020794,input_original/manual_downloads/UniVH/dataset.csv,normalized from outputs/tables/univh_family_reconstruction_audit.csv row 894; unit=NCBI species-rank aggregate,RAW0020794,,2955449,Betafusarivirus hispaniae,Betafusarivirus hispaniae,Fusariviridae,Fusariviridae,ICTV 2026 (MSL41.v1),ncbi_name_exact_current_ictv_species,high,1,independent_source_verified
UniVH,SCLIN0020795,input_original/manual_downloads/UniVH/dataset.csv,normalized from outputs/tables/univh_family_reconstruction_audit.csv row 895; unit=NCBI species-rank aggregate,RAW0020795,,2955451,Betafusarivirus iberiae,Betafusarivirus iberiae,Fusariviridae,Fusariviridae,ICTV 2026 (MSL41.v1),ncbi_name_exact_current_ictv_species,high,1,independent_source_verified
UniVH,SCLIN0020796,input_original/manual_downloads/UniVH/dataset.csv,normalized from outputs/tables/univh_family_reconstruction_audit.csv row 896; unit=NCBI species-rank aggregate,RAW0020796,,2955453,Betafusarivirus rhizoctoniae,Betafusarivirus rhizoctoniae,Fusariviridae,Fusariviridae,ICTV 2026 (MSL41.v1),ncbi_name_exact_current_ictv_species,high,1,independent_source_verified
UniVH,SCLIN0020797,input_original/manual_downloads/UniVH/dataset.csv,normalized from outputs/tables/univh_family_reconstruction_audit.csv row 897; unit=NCBI species-rank aggregate,RAW0020797,,2955454,Betafusarivirus sclerotiniae,Betafusarivirus sclerotiniae,Fusariviridae,Fusariviridae,ICTV 2026 (MSL41.v1),ncbi_name_exact_current_ictv_species,high,1,independent_source_verified
UniVH,SCLIN0020798,input_original/manual_downloads/UniVH/dataset.csv,normalized from outputs/tables/univh_family_reconstruction_audit.csv row 898; unit=NCBI species-rank aggregate,RAW0020798,,2955455,Betafusarivirus sinensis,Betafusarivirus sinensis,Fusariviridae,Fusariviridae,ICTV 2026 (MSL41.v1),ncbi_name_exact_current_ictv_species,high,1,independent_source_verified
UniVH,SCLIN0020799,input_original/manual_downloads/UniVH/dataset.csv,normalized from outputs/tables/univh_family_reconstruction_audit.csv row 938; unit=NCBI species-rank aggregate,RAW0020799,,2955929,Gammafusarivirus lentinualea,Gammafusarivirus lentinualea,Fusariviridae,Fusariviridae,ICTV 2026 (MSL41.v1),ncbi_name_exact_current_ictv_species,high,1,independent_source_verified
UniVH,SCLIN0020800,input_original/manual_downloads/UniVH/dataset.csv,normalized from outputs/tables/univh_family_reconstruction_audit.csv row 941; unit=NCBI species-rank aggregate,RAW0020800,,2955970,Hadakavirus nanga,Hadakavirus nanga,Hadakaviridae,Hadakaviridae,ICTV 2026 (MSL41.v1),ncbi_name_exact_current_ictv_species,high,1,independent_source_verified
UniVH,SCLIN0020801,input_original/manual_downloads/UniVH/dataset.csv,normalized from outputs/tables/univh_family_reconstruction_audit.csv row 1212; unit=NCBI species-rank aggregate,RAW0020801,,3051403,Actinovirus bernense,Actinovirus bernense,Hantaviridae,Hantaviridae,ICTV 2026 (MSL41.v1),ncbi_name_exact_current_ictv_species,high,1,independent_source_verified
UniVH,SCLIN0020802,input_original/manual_downloads/UniVH/dataset.csv,normalized from outputs/tables/univh_family_reconstruction_audit.csv row 1312; unit=NCBI species-rank aggregate,RAW0020802,,3052480,Orthohantavirus hantanense,Orthohantavirus hantanense,Hantaviridae,Hantaviridae,ICTV 2026 (MSL41.v1),ncbi_name_exact_current_ictv_species,high,1,independent_source_verified
UniVH,SCLIN0020803,input_original/manual_downloads/UniVH/dataset.csv,normalized from outputs/tables/univh_family_reconstruction_audit.csv row 1313; unit=NCBI species-rank aggregate,RAW0020803,,3052493,Orthohantavirus puumalaense,Orthohantavirus puumalaense,Hantaviridae,Hantaviridae,ICTV 2026 (MSL41.v1),ncbi_name_exact_current_ictv_species,high,1,independent_source_verified
UniVH,SCLIN0020804,input_original/manual_downloads/UniVH/dataset.csv,normalized from outputs/tables/univh_family_reconstruction_audit.csv row 1314; unit=NCBI species-rank aggregate,RAW0020804,,3052498,Orthohantavirus seoulense,Orthohantavirus seoulense,Hantaviridae,Hantaviridae,ICTV 2026 (MSL41.v1),ncbi_name_exact_current_ictv_species,high,1,independent_source_verified
UniVH,SCLIN0020805,input_original/manual_downloads/UniVH/dataset.csv,normalized from outputs/tables/univh_family_reconstruction_audit.csv row 1315; unit=NCBI species-rank aggregate,RAW0020805,,3052499,Orthohantavirus sinnombreense,Orthohantavirus sinnombreense,Hantaviridae,Hantaviridae,ICTV 2026 (MSL41.v1),ncbi_name_exact_current_ictv_species,high,1,independent_source_verified
UniVH,SCLIN0020806,input_original/manual_downloads/UniVH/dataset.csv,normalized from outputs/tables/univh_family_reconstruction_audit.csv row 331; unit=NCBI species-rank aggregate,RAW0020806,,1980456,Orthohantavirus andesense,Orthohantavirus andesense,Hantaviridae,Hantaviridae,ICTV 2026 (MSL41.v1),ncbi_name_exact_current_ictv_species,high,1,independent_source_verified
UniVH,SCLIN0020807,input_original/manual_downloads/UniVH/dataset.csv,normalized from outputs/tables/univh_family_reconstruction_audit.csv row 64; unit=NCBI species-rank aggregate,RAW0020807,,517361,Altai virus,Altai virus,Hantaviridae,Hantaviridae,ICTV 2026 (MSL41.v1),ncbi_family_ancestor_harmonized,high,1,independent_source_verified
UniVH,SCLIN0020808,input_original/manual_downloads/UniVH/dataset.csv,normalized from outputs/tables/univh_family_reconstruction_audit.csv row 830; unit=NCBI species-rank aggregate,RAW0020808,,2928986,Jingmen Rattus norvegicus orthohantavirus 1,Jingmen Rattus norvegicus orthohantavirus 1,Hantaviridae,Hantaviridae,ICTV 2026 (MSL41.v1),ncbi_family_ancestor_harmonized,high,1,independent_source_verified
UniVH,SCLIN0020809,input_original/manual_downloads/UniVH/dataset.csv,normalized from outputs/tables/univh_family_reconstruction_audit.csv row 1234; unit=NCBI species-rank aggregate,RAW0020809,,3052226,Orthohepacivirus bovis,Orthohepacivirus bovis,Flaviviridae,Hepaciviridae,ICTV 2026 (MSL41.v1),ncbi_name_historical_ictv_species_alias,high,1,independent_source_verified
UniVH,SCLIN0020810,input_original/manual_downloads/UniVH/dataset.csv,normalized from outputs/tables/univh_family_reconstruction_audit.csv row 1235; unit=NCBI species-rank aggregate,RAW0020810,,3052228,Orthohepacivirus equi,Orthohepacivirus equi,Flaviviridae,Hepaciviridae,ICTV 2026 (MSL41.v1),ncbi_name_historical_ictv_species_alias,high,1,independent_source_verified
UniVH,SCLIN0020811,input_original/manual_downloads/UniVH/dataset.csv,normalized from outputs/tables/univh_family_reconstruction_audit.csv row 1236; unit=NCBI species-rank aggregate,RAW0020811,,3052229,Orthohepacivirus glareoli,Orthohepacivirus glareoli,Flaviviridae,Hepaciviridae,ICTV 2026 (MSL41.v1),ncbi_name_historical_ictv_species_alias,high,1,independent_source_verified
UniVH,SCLIN0020812,input_original/manual_downloads/UniVH/dataset.csv,normalized from outputs/tables/univh_family_reconstruction_audit.csv row 1237; unit=NCBI species-rank aggregate,RAW0020812,,3052230,Orthohepacivirus hominis,Orthohepacivirus hominis,Flaviviridae,Hepaciviridae,ICTV 2026 (MSL41.v1),ncbi_name_historical_ictv_species_alias,high,1,independent_source_verified
UniVH,SCLIN0020813,input_original/manual_downloads/UniVH/dataset.csv,normalized from outputs/tables/univh_family_reconstruction_audit.csv row 1238; unit=NCBI species-rank aggregate,RAW0020813,,3052232,Orthohepacivirus myodae,Orthohepacivirus myodae,Flaviviridae,Hepaciviridae,ICTV 2026 (MSL41.v1),ncbi_name_historical_ictv_species_alias,high,1,independent_source_verified
UniVH,SCLIN0020814,input_original/manual_downloads/UniVH/dataset.csv,normalized from outputs/tables/univh_family_reconstruction_audit.csv row 1239; unit=NCBI species-rank aggregate,RAW0020814,,3052233,Orthohepacivirus norvegici,Orthohepacivirus norvegici,Flaviviridae,Hepaciviridae,ICTV 2026 (MSL41.v1),ncbi_name_historical_ictv_species_alias,high,1,independent_source_verified
UniVH,SCLIN0020815,input_original/manual_downloads/UniVH/dataset.csv,normalized from outputs/tables/univh_family_reconstruction_audit.csv row 1240; unit=NCBI species-rank aggregate,RAW0020815,,3052235,Orthohepacivirus peromysci,Orthohepacivirus peromysci,Flaviviridae,Hepaciviridae,ICTV 2026 (MSL41.v1),ncbi_name_historical_ictv_species_alias,high,1,independent_source_verified
UniVH,SCLIN0020816,input_original/manual_downloads/UniVH/dataset.csv,normalized from outputs/tables/univh_family_reconstruction_audit.csv row 1241; unit=NCBI species-rank aggregate,RAW0020816,,3052237,Orthohepacivirus ratti,Orthohepacivirus ratti,Flaviviridae,Hepaciviridae,ICTV 2026 (MSL41.v1),ncbi_name_historical_ictv_species_alias,high,1,independent_source_verified
UniVH,SCLIN0020817,input_original/manual_downloads/UniVH/dataset.csv,normalized from outputs/tables/univh_family_reconstruction_audit.csv row 127; unit=NCBI species-rank aggregate,RAW0020817,,1281454,Rodent hepacivirus,Rodent hepacivirus,Flaviviridae,Hepaciviridae,ICTV 2026 (MSL41.v1),ncbi_current_family_overrides_historical_source_family,high,1,independent_source_verified
UniVH,SCLIN0020818,input_original/manual_downloads/UniVH/dataset.csv,normalized from outputs/tables/univh_family_reconstruction_audit.csv row 128; unit=NCBI species-rank aggregate,RAW0020818,,1281455,Equine hepacivirus,Equine hepacivirus,Flaviviridae,Hepaciviridae,ICTV 2026 (MSL41.v1),ncbi_current_family_overrides_historical_source_family,high,1,independent_source_verified
UniVH,SCLIN0020819,input_original/manual_downloads/UniVH/dataset.csv,normalized from outputs/tables/univh_family_reconstruction_audit.csv row 1345; unit=NCBI species-rank aggregate,RAW0020819,,3052604,Pegivirus caballi,Pegivirus caballi,Flaviviridae,Hepaciviridae,ICTV 2026 (MSL41.v1),ncbi_name_exact_current_ictv_species,high,1,independent_source_verified
UniVH,SCLIN0020820,input_original/manual_downloads/UniVH/dataset.csv,normalized from outputs/tables/univh_family_reconstruction_audit.csv row 1346; unit=NCBI species-rank aggregate,RAW0020820,,3052606,Pegivirus columbiaense,Pegivirus columbiaense,Flaviviridae,Hepaciviridae,ICTV 2026 (MSL41.v1),ncbi_name_exact_current_ictv_species,high,1,independent_source_verified
UniVH,SCLIN0020821,input_original/manual_downloads/UniVH/dataset.csv,normalized from outputs/tables/univh_family_reconstruction_audit.csv row 1347; unit=NCBI species-rank aggregate,RAW0020821,,3052607,Pegivirus equi,Pegivirus equi,Flaviviridae,Hepaciviridae,ICTV 2026 (MSL41.v1),ncbi_name_exact_current_ictv_species,high,1,independent_source_verified
UniVH,SCLIN0020822,input_original/manual_downloads/UniVH/dataset.csv,normalized from outputs/tables/univh_family_reconstruction_audit.csv row 1348; unit=NCBI species-rank aggregate,RAW0020822,,3052608,Pegivirus hominis,Pegivirus hominis,Flaviviridae,Hepaciviridae,ICTV 2026 (MSL41.v1),ncbi_name_exact_current_ictv_species,high,1,independent_source_verified
UniVH,SCLIN0020823,input_original/manual_downloads/UniVH/dataset.csv,normalized from outputs/tables/univh_family_reconstruction_audit.csv row 1349; unit=NCBI species-rank aggregate,RAW0020823,,3052609,Pegivirus neotomae,Pegivirus neotomae,Flaviviridae,Hepaciviridae,ICTV 2026 (MSL41.v1),ncbi_name_exact_current_ictv_species,high,1,independent_source_verified
UniVH,SCLIN0020824,input_original/manual_downloads/UniVH/dataset.csv,normalized from outputs/tables/univh_family_reconstruction_audit.csv row 1350; unit=NCBI species-rank aggregate,RAW0020824,,3052610,Pegivirus platyrrhini,Pegivirus platyrrhini,Flaviviridae,Hepaciviridae,ICTV 2026 (MSL41.v1),ncbi_name_exact_current_ictv_species,high,1,independent_source_verified
UniVH,SCLIN0020825,input_original/manual_downloads/UniVH/dataset.csv,normalized from outputs/tables/univh_family_reconstruction_audit.csv row 1351; unit=NCBI species-rank aggregate,RAW0020825,,3052614,Pegivirus suis,Pegivirus suis,Flaviviridae,Hepaciviridae,ICTV 2026 (MSL41.v1),ncbi_name_exact_current_ictv_species,high,1,independent_source_verified
UniVH,SCLIN0020826,input_original/manual_downloads/UniVH/dataset.csv,normalized from outputs/tables/univh_family_reconstruction_audit.csv row 177; unit=NCBI species-rank aggregate,RAW0020826,,1562065,Norway rat pegivirus,Norway rat pegivirus,Flaviviridae,Hepaciviridae,ICTV 2026 (MSL41.v1),ncbi_current_family_overrides_historical_source_family,high,1,independent_source_verified
UniVH,SCLIN0020827,input_original/manual_downloads/UniVH/dataset.csv,normalized from outputs/tables/univh_family_reconstruction_audit.csv row 466; unit=NCBI species-rank aggregate,RAW0020827,,2501772,Dolphin pegivirus,Dolphin pegivirus,Flaviviridae,Hepaciviridae,ICTV 2026 (MSL41.v1),ncbi_current_family_overrides_historical_source_family,high,1,independent_source_verified
UniVH,SCLIN0020828,input_original/manual_downloads/UniVH/dataset.csv,normalized from outputs/tables/univh_family_reconstruction_audit.csv row 524; unit=NCBI species-rank aggregate,RAW0020828,,2654971,Bald eagle hepacivirus,Bald eagle hepacivirus,Flaviviridae,Hepaciviridae,ICTV 2026 (MSL41.v1),ncbi_current_family_overrides_historical_source_family,high,1,independent_source_verified
UniVH,SCLIN0020829,input_original/manual_downloads/UniVH/dataset.csv,normalized from outputs/tables/univh_family_reconstruction_audit.csv row 533; unit=NCBI species-rank aggregate,RAW0020829,,2699478,Possum hepacivrus,Possum hepacivrus,Flaviviridae,Hepaciviridae,ICTV 2026 (MSL41.v1),ncbi_current_family_overrides_historical_source_family,high,1,independent_source_verified
UniVH,SCLIN0020830,input_original/manual_downloads/UniVH/dataset.csv,normalized from outputs/tables/univh_family_reconstruction_audit.csv row 666; unit=NCBI species-rank aggregate,RAW0020830,,2778788,Southwest bike trail virus,Southwest bike trail virus,Flaviviridae,Hepaciviridae,ICTV 2026 (MSL41.v1),ncbi_current_family_overrides_historical_source_family,high,1,independent_source_verified
UniVH,SCLIN0020831,input_original/manual_downloads/UniVH/dataset.csv,normalized from outputs/tables/univh_family_reconstruction_audit.csv row 695; unit=NCBI species-rank aggregate,RAW0020831,,2817955,Feline pegivirus JP03-2471,Feline pegivirus JP03-2471,Flaviviridae,Hepaciviridae,ICTV 2026 (MSL41.v1),ncbi_current_family_overrides_historical_source_family,high,1,independent_source_verified
UniVH,SCLIN0020832,input_original/manual_downloads/UniVH/dataset.csv,normalized from outputs/tables/univh_family_reconstruction_audit.csv row 696; unit=NCBI species-rank aggregate,RAW0020832,,2817956,Feline pegivirus JP03-3208,Feline pegivirus JP03-3208,Flaviviridae,Hepaciviridae,ICTV 2026 (MSL41.v1),ncbi_current_family_overrides_historical_source_family,high,1,independent_source_verified
UniVH,SCLIN0020833,input_original/manual_downloads/UniVH/dataset.csv,normalized from outputs/tables/univh_family_reconstruction_audit.csv row 701; unit=NCBI species-rank aggregate,RAW0020833,,2824656,Montifringilla taczanowskii pegivirus,Montifringilla taczanowskii pegivirus,Flaviviridae,Hepaciviridae,ICTV 2026 (MSL41.v1),ncbi_current_family_overrides_historical_source_family,high,1,independent_source_verified
UniVH,SCLIN0020834,input_original/manual_downloads/UniVH/dataset.csv,normalized from outputs/tables/univh_family_reconstruction_audit.csv row 702; unit=NCBI species-rank aggregate,RAW0020834,,2824657,Passer montanus pegivirus,Passer montanus pegivirus,Flaviviridae,Hepaciviridae,ICTV 2026 (MSL41.v1),ncbi_current_family_overrides_historical_source_family,high,1,independent_source_verified
UniVH,SCLIN0020835,input_original/manual_downloads/UniVH/dataset.csv,normalized from outputs/tables/univh_family_reconstruction_audit.csv row 708; unit=NCBI species-rank aggregate,RAW0020835,,2830620,Goose pegivirus 1,Goose pegivirus 1,Flaviviridae,Hepaciviridae,ICTV 2026 (MSL41.v1),ncbi_current_family_overrides_historical_source_family,high,1,independent_source_verified
UniVH,SCLIN0020836,input_original/manual_downloads/UniVH/dataset.csv,normalized from outputs/tables/univh_family_reconstruction_audit.csv row 709; unit=NCBI species-rank aggregate,RAW0020836,,2830621,Goose pegivirus 2,Goose pegivirus 2,Flaviviridae,Hepaciviridae,ICTV 2026 (MSL41.v1),ncbi_current_family_overrides_historical_source_family,high,1,independent_source_verified
UniVH,SCLIN0020837,input_original/manual_downloads/UniVH/dataset.csv,normalized from outputs/tables/univh_family_reconstruction_audit.csv row 711; unit=NCBI species-rank aggregate,RAW0020837,,2832089,Wenzhou Rattus norvegicus pegivirus 1,Wenzhou Rattus norvegicus pegivirus 1,Flaviviridae,Hepaciviridae,ICTV 2026 (MSL41.v1),ncbi_current_family_overrides_historical_source_family,high,1,independent_source_verified
UniVH,SCLIN0020838,input_original/manual_downloads/UniVH/dataset.csv,normalized from outputs/tables/univh_family_reconstruction_audit.csv row 816; unit=NCBI species-rank aggregate,RAW0020838,,2913445,Gerbil hepacivirus,Gerbil hepacivirus,Flaviviridae,Hepaciviridae,ICTV 2026 (MSL41.v1),ncbi_current_family_overrides_historical_source_family,high,1,independent_source_verified
UniVH,SCLIN0020839,input_original/manual_downloads/UniVH/dataset.csv,normalized from outputs/tables/univh_family_reconstruction_audit.csv row 196; unit=NCBI species-rank aggregate,RAW0020839,,1678143,Paslahepevirus balayani,Paslahepevirus balayani,Hepeviridae,Hepeviridae,ICTV 2026 (MSL41.v1),ncbi_name_exact_current_ictv_species,high,1,independent_source_verified
UniVH,SCLIN0020840,input_original/manual_downloads/UniVH/dataset.csv,normalized from outputs/tables/univh_family_reconstruction_audit.csv row 197; unit=NCBI species-rank aggregate,RAW0020840,,1678144,Avihepevirus magniiecur,Avihepevirus magniiecur,Hepeviridae,Hepeviridae,ICTV 2026 (MSL41.v1),ncbi_name_exact_current_ictv_species,high,1,independent_source_verified
UniVH,SCLIN0020841,input_original/manual_downloads/UniVH/dataset.csv,normalized from outputs/tables/univh_family_reconstruction_audit.csv row 198; unit=NCBI species-rank aggregate,RAW0020841,,1678145,Rocahepevirus ratti,Rocahepevirus ratti,Hepeviridae,Hepeviridae,ICTV 2026 (MSL41.v1),ncbi_name_exact_current_ictv_species,high,1,independent_source_verified
UniVH,SCLIN0020842,input_original/manual_downloads/UniVH/dataset.csv,normalized from outputs/tables/univh_family_reconstruction_audit.csv row 199; unit=NCBI species-rank aggregate,RAW0020842,,1678146,Chirohepevirus eptesici,Chirohepevirus eptesici,Hepeviridae,Hepeviridae,ICTV 2026 (MSL41.v1),ncbi_name_exact_current_ictv_species,high,1,independent_source_verified
UniVH,SCLIN0020843,input_original/manual_downloads/UniVH/dataset.csv,normalized from outputs/tables/univh_family_reconstruction_audit.csv row 200; unit=NCBI species-rank aggregate,RAW0020843,,1678147,Piscihepevirus heenan,Piscihepevirus heenan,Hepeviridae,Hepeviridae,ICTV 2026 (MSL41.v1),ncbi_name_exact_current_ictv_species,high,1,independent_source_verified
UniVH,SCLIN0020844,input_original/manual_downloads/UniVH/dataset.csv,normalized from outputs/tables/univh_family_reconstruction_audit.csv row 46; unit=NCBI species-rank aggregate,RAW0020844,,291484,Hepatitis E virus,Hepatitis E virus,Hepeviridae,Hepeviridae,ICTV 2026 (MSL41.v1),ncbi_family_ancestor_harmonized,high,1,independent_source_verified
UniVH,SCLIN0020845,input_original/manual_downloads/UniVH/dataset.csv,normalized from outputs/tables/univh_family_reconstruction_audit.csv row 539; unit=NCBI species-rank aggregate,RAW0020845,,2715178,Hepeviridae sp.,Hepeviridae sp.,Hepeviridae,Hepeviridae,ICTV 2026 (MSL41.v1),ncbi_family_ancestor_harmonized,high,1,independent_source_verified
UniVH,SCLIN0020846,input_original/manual_downloads/UniVH/dataset.csv,normalized from outputs/tables/univh_family_reconstruction_audit.csv row 710; unit=NCBI species-rank aggregate,RAW0020846,,2832084,Wenzhou Rattus norvegicus orthohepevirus 1,Wenzhou Rattus norvegicus orthohepevirus 1,Hepeviridae,Hepeviridae,ICTV 2026 (MSL41.v1),ncbi_family_ancestor_harmonized,high,1,independent_source_verified
UniVH,SCLIN0020847,input_original/manual_downloads/UniVH/dataset.csv,normalized from outputs/tables/univh_family_reconstruction_audit.csv row 889; unit=NCBI species-rank aggregate,RAW0020847,,2955389,Avihepevirus egretti,Avihepevirus egretti,Hepeviridae,Hepeviridae,ICTV 2026 (MSL41.v1),ncbi_name_exact_current_ictv_species,high,1,independent_source_verified
UniVH,SCLIN0020848,input_original/manual_downloads/UniVH/dataset.csv,normalized from outputs/tables/univh_family_reconstruction_audit.csv row 916; unit=NCBI species-rank aggregate,RAW0020848,,2955695,Chirohepevirus desmodi,Chirohepevirus desmodi,Hepeviridae,Hepeviridae,ICTV 2026 (MSL41.v1),ncbi_name_exact_current_ictv_species,high,1,independent_source_verified
UniVH,SCLIN0020849,input_original/manual_downloads/UniVH/dataset.csv,normalized from outputs/tables/univh_family_reconstruction_audit.csv row 989; unit=NCBI species-rank aggregate,RAW0020849,,2961098,Rocahepevirus sp.,Rocahepevirus sp.,Hepeviridae,Hepeviridae,ICTV 2026 (MSL41.v1),ncbi_family_ancestor_harmonized,high,1,independent_source_verified
UniVH,SCLIN0020850,input_original/manual_downloads/UniVH/dataset.csv,normalized from outputs/tables/univh_family_reconstruction_audit.csv row 662; unit=NCBI species-rank aggregate,RAW0020850,,2777089,Sclerotinia sclerotiorum hypovirus 1/SX276,Sclerotinia sclerotiorum hypovirus 1/SX276,Hypoviridae,Hypoviridae,ICTV 2026 (MSL41.v1),ncbi_family_ancestor_harmonized,high,1,independent_source_verified
UniVH,SCLIN0020851,input_original/manual_downloads/UniVH/dataset.csv,normalized from outputs/tables/univh_family_reconstruction_audit.csv row 880; unit=NCBI species-rank aggregate,RAW0020851,,2955282,Alphahypovirus bipolaridis,Alphahypovirus bipolaridis,Hypoviridae,Hypoviridae,ICTV 2026 (MSL41.v1),ncbi_name_exact_current_ictv_species,high,1,independent_source_verified
UniVH,SCLIN0020852,input_original/manual_downloads/UniVH/dataset.csv,normalized from outputs/tables/univh_family_reconstruction_audit.csv row 881; unit=NCBI species-rank aggregate,RAW0020852,,2955283,Alphahypovirus botrytidis,Alphahypovirus botrytidis,Hypoviridae,Hypoviridae,ICTV 2026 (MSL41.v1),ncbi_name_exact_current_ictv_species,high,1,independent_source_verified
UniVH,SCLIN0020853,input_original/manual_downloads/UniVH/dataset.csv,normalized from outputs/tables/univh_family_reconstruction_audit.csv row 882; unit=NCBI species-rank aggregate,RAW0020853,,2955285,Alphahypovirus fusarii,Alphahypovirus fusarii,Hypoviridae,Hypoviridae,ICTV 2026 (MSL41.v1),ncbi_name_exact_current_ictv_species,high,1,independent_source_verified
UniVH,SCLIN0020854,input_original/manual_downloads/UniVH/dataset.csv,normalized from outputs/tables/univh_family_reconstruction_audit.csv row 883; unit=NCBI species-rank aggregate,RAW0020854,,2955288,Alphahypovirus macrophominae,Alphahypovirus macrophominae,Hypoviridae,Hypoviridae,ICTV 2026 (MSL41.v1),ncbi_name_exact_current_ictv_species,high,1,independent_source_verified
UniVH,SCLIN0020855,input_original/manual_downloads/UniVH/dataset.csv,normalized from outputs/tables/univh_family_reconstruction_audit.csv row 884; unit=NCBI species-rank aggregate,RAW0020855,,2955289,Alphahypovirus sacchari,Alphahypovirus sacchari,Hypoviridae,Hypoviridae,ICTV 2026 (MSL41.v1),ncbi_name_exact_current_ictv_species,high,1,independent_source_verified
UniVH,SCLIN0020856,input_original/manual_downloads/UniVH/dataset.csv,normalized from outputs/tables/univh_family_reconstruction_audit.csv row 885; unit=NCBI species-rank aggregate,RAW0020856,,2955290,Alphahypovirus trichodermae,Alphahypovirus trichodermae,Hypoviridae,Hypoviridae,ICTV 2026 (MSL41.v1),ncbi_name_exact_current_ictv_species,high,1,independent_source_verified
UniVH,SCLIN0020857,input_original/manual_downloads/UniVH/dataset.csv,normalized from outputs/tables/univh_family_reconstruction_audit.csv row 935; unit=NCBI species-rank aggregate,RAW0020857,,2955865,Epsilonhypovirus japonicum,Epsilonhypovirus japonicum,Hypoviridae,Hypoviridae,ICTV 2026 (MSL41.v1),ncbi_name_exact_current_ictv_species,high,1,independent_source_verified
UniVH,SCLIN0020858,input_original/manual_downloads/UniVH/dataset.csv,normalized from outputs/tables/univh_family_reconstruction_audit.csv row 936; unit=NCBI species-rank aggregate,RAW0020858,,2032989,Epsilonhypovirus roselliniae,Epsilonhypovirus roselliniae,Hypoviridae,Hypoviridae,ICTV 2026 (MSL41.v1),ncbi_name_exact_current_ictv_species,high,1,independent_source_verified
UniVH,SCLIN0020859,input_original/manual_downloads/UniVH/dataset.csv,normalized from outputs/tables/univh_family_reconstruction_audit.csv row 937; unit=NCBI species-rank aggregate,RAW0020859,,2955868,Epsilonhypovirus sinicum,Epsilonhypovirus sinicum,Hypoviridae,Hypoviridae,ICTV 2026 (MSL41.v1),ncbi_name_exact_current_ictv_species,high,1,independent_source_verified
UniVH,SCLIN0020860,input_original/manual_downloads/UniVH/dataset.csv,normalized from outputs/tables/univh_family_reconstruction_audit.csv row 1101; unit=NCBI species-rank aggregate,RAW0020860,,232800; 3047792,Iflavirus aladeformis,Iflavirus aladeformis,Iflaviridae,Iflaviridae,ICTV 2026 (MSL41.v1),ncbi_name_exact_current_ictv_species,high,1,independent_source_verified
UniVH,SCLIN0020861,input_original/manual_downloads/UniVH/dataset.csv,normalized from outputs/tables/univh_family_reconstruction_audit.csv row 1118; unit=NCBI species-rank aggregate,RAW0020861,,3048152,Iflavirus flacherie,Iflavirus flacherie,Iflaviridae,Iflaviridae,ICTV 2026 (MSL41.v1),ncbi_name_exact_current_ictv_species,high,1,independent_source_verified
UniVH,SCLIN0020862,input_original/manual_downloads/UniVH/dataset.csv,normalized from outputs/tables/univh_family_reconstruction_audit.csv row 1140; unit=NCBI species-rank aggregate,RAW0020862,,3048223,Iflavirus nilalugentis,Iflavirus nilalugentis,Iflaviridae,Iflaviridae,ICTV 2026 (MSL41.v1),ncbi_name_exact_current_ictv_species,high,1,independent_source_verified
UniVH,SCLIN0020863,input_original/manual_downloads/UniVH/dataset.csv,normalized from outputs/tables/univh_family_reconstruction_audit.csv row 1162; unit=NCBI species-rank aggregate,RAW0020863,,3048309,Iflavirus sacbroodi,Iflavirus sacbroodi,Iflaviridae,Iflaviridae,ICTV 2026 (MSL41.v1),ncbi_name_exact_current_ictv_species,high,1,independent_source_verified
UniVH,SCLIN0020864,input_original/manual_downloads/UniVH/dataset.csv,normalized from outputs/tables/univh_family_reconstruction_audit.csv row 1163; unit=NCBI species-rank aggregate,RAW0020864,,3048318,Iflavirus apistardum,Iflavirus apistardum,Iflaviridae,Iflaviridae,ICTV 2026 (MSL41.v1),ncbi_name_exact_current_ictv_species,high,1,independent_source_verified
UniVH,SCLIN0020865,input_original/manual_downloads/UniVH/dataset.csv,normalized from outputs/tables/univh_family_reconstruction_audit.csv row 1168; unit=NCBI species-rank aggregate,RAW0020865,,3048332,Iflavirus betaspexiguae,Iflavirus betaspexiguae,Iflaviridae,Iflaviridae,ICTV 2026 (MSL41.v1),ncbi_name_exact_current_ictv_species,high,1,independent_source_verified
UniVH,SCLIN0020866,input_original/manual_downloads/UniVH/dataset.csv,normalized from outputs/tables/univh_family_reconstruction_audit.csv row 1242; unit=NCBI species-rank aggregate,RAW0020866,,3052254,Iflavirus vadestruente,Iflavirus vadestruente,Iflaviridae,Iflaviridae,ICTV 2026 (MSL41.v1),ncbi_name_exact_current_ictv_species,high,1,independent_source_verified
UniVH,SCLIN0020867,input_original/manual_downloads/UniVH/dataset.csv,normalized from outputs/tables/univh_family_reconstruction_audit.csv row 137; unit=NCBI species-rank aggregate,RAW0020867,,1345661,Nilaparvata lugens honeydew virus-2,Nilaparvata lugens honeydew virus-2,Iflaviridae,Iflaviridae,ICTV 2026 (MSL41.v1),ncbi_family_ancestor_harmonized,high,1,independent_source_verified
UniVH,SCLIN0020868,input_original/manual_downloads/UniVH/dataset.csv,normalized from outputs/tables/univh_family_reconstruction_audit.csv row 138; unit=NCBI species-rank aggregate,RAW0020868,,1345662,Nilaparvata lugens honeydew virus-3,Nilaparvata lugens honeydew virus-3,Iflaviridae,Iflaviridae,ICTV 2026 (MSL41.v1),ncbi_family_ancestor_harmonized,high,1,independent_source_verified
UniVH,SCLIN0020869,input_original/manual_downloads/UniVH/dataset.csv,normalized from outputs/tables/univh_family_reconstruction_audit.csv row 145; unit=NCBI species-rank aggregate,RAW0020869,,1410467,Halyomorpha halys virus,Halyomorpha halys virus,Iflaviridae,Iflaviridae,ICTV 2026 (MSL41.v1),ncbi_family_ancestor_harmonized,high,1,independent_source_verified
UniVH,SCLIN0020870,input_original/manual_downloads/UniVH/dataset.csv,normalized from outputs/tables/univh_family_reconstruction_audit.csv row 152; unit=NCBI species-rank aggregate,RAW0020870,,1432857,Formica exsecta virus 2,Formica exsecta virus 2,Iflaviridae,Iflaviridae,ICTV 2026 (MSL41.v1),ncbi_family_ancestor_harmonized,high,1,independent_source_verified
UniVH,SCLIN0020871,input_original/manual_downloads/UniVH/dataset.csv,normalized from outputs/tables/univh_family_reconstruction_audit.csv row 157; unit=NCBI species-rank aggregate,RAW0020871,,1464786,Laodelphax striatella honeydew virus 1,Laodelphax striatella honeydew virus 1,Iflaviridae,Iflaviridae,ICTV 2026 (MSL41.v1),ncbi_family_ancestor_harmonized,high,1,independent_source_verified
UniVH,SCLIN0020872,input_original/manual_downloads/UniVH/dataset.csv,normalized from outputs/tables/univh_family_reconstruction_audit.csv row 180; unit=NCBI species-rank aggregate,RAW0020872,,1566869,Laodelphax striatellus picorna-like virus 2,Laodelphax striatellus picorna-like virus 2,Iflaviridae,Iflaviridae,ICTV 2026 (MSL41.v1),ncbi_family_ancestor_harmonized,high,1,independent_source_verified
UniVH,SCLIN0020873,input_original/manual_downloads/UniVH/dataset.csv,normalized from outputs/tables/univh_family_reconstruction_audit.csv row 204; unit=NCBI species-rank aggregate,RAW0020873,,1690666,Bombyx mori iflavirus,Bombyx mori iflavirus,Iflaviridae,Iflaviridae,ICTV 2026 (MSL41.v1),ncbi_family_ancestor_harmonized,high,1,independent_source_verified
UniVH,SCLIN0020874,input_original/manual_downloads/UniVH/dataset.csv,normalized from outputs/tables/univh_family_reconstruction_audit.csv row 254; unit=NCBI species-rank aggregate,RAW0020874,,1906245,Moku virus,Moku virus,Iflaviridae,Iflaviridae,ICTV 2026 (MSL41.v1),ncbi_family_ancestor_harmonized,high,1,independent_source_verified
UniVH,SCLIN0020875,input_original/manual_downloads/UniVH/dataset.csv,normalized from outputs/tables/univh_family_reconstruction_audit.csv row 261; unit=NCBI species-rank aggregate,RAW0020875,,1916690,Iflavirus sp.,Iflavirus sp.,Iflaviridae,Iflaviridae,ICTV 2026 (MSL41.v1),ncbi_family_ancestor_harmonized,high,1,independent_source_verified
UniVH,SCLIN0020876,input_original/manual_downloads/UniVH/dataset.csv,normalized from outputs/tables/univh_family_reconstruction_audit.csv row 300; unit=NCBI species-rank aggregate,RAW0020876,,1936269,Helicoverpa armigera iflavirus,Helicoverpa armigera iflavirus,Iflaviridae,Iflaviridae,ICTV 2026 (MSL41.v1),ncbi_family_ancestor_harmonized,high,1,independent_source_verified
UniVH,SCLIN0020877,input_original/manual_downloads/UniVH/dataset.csv,normalized from outputs/tables/univh_family_reconstruction_audit.csv row 304; unit=NCBI species-rank aggregate,RAW0020877,,1955145,Iflaviridae sp.,Iflaviridae sp.,Iflaviridae,Iflaviridae,ICTV 2026 (MSL41.v1),ncbi_family_ancestor_harmonized,high,1,independent_source_verified
UniVH,SCLIN0020878,input_original/manual_downloads/UniVH/dataset.csv,normalized from outputs/tables/univh_family_reconstruction_audit.csv row 323; unit=NCBI species-rank aggregate,RAW0020878,,1972700,Diamondback moth iflavirus,Diamondback moth iflavirus,Iflaviridae,Iflaviridae,ICTV 2026 (MSL41.v1),ncbi_family_ancestor_harmonized,high,1,independent_source_verified
UniVH,SCLIN0020879,input_original/manual_downloads/UniVH/dataset.csv,normalized from outputs/tables/univh_family_reconstruction_audit.csv row 372; unit=NCBI species-rank aggregate,RAW0020879,,2054920,Chequa iflavirus,Chequa iflavirus,Iflaviridae,Iflaviridae,ICTV 2026 (MSL41.v1),ncbi_family_ancestor_harmonized,high,1,independent_source_verified
UniVH,SCLIN0020880,input_original/manual_downloads/UniVH/dataset.csv,normalized from outputs/tables/univh_family_reconstruction_audit.csv row 377; unit=NCBI species-rank aggregate,RAW0020880,,2059679,Tribolium castaneum iflavirus,Tribolium castaneum iflavirus,Iflaviridae,Iflaviridae,ICTV 2026 (MSL41.v1),ncbi_family_ancestor_harmonized,high,1,independent_source_verified
UniVH,SCLIN0020881,input_original/manual_downloads/UniVH/dataset.csv,normalized from outputs/tables/univh_family_reconstruction_audit.csv row 419; unit=NCBI species-rank aggregate,RAW0020881,,2304477,Culex Iflavi-like virus 1,Culex Iflavi-like virus 1,Iflaviridae,Iflaviridae,ICTV 2026 (MSL41.v1),ncbi_family_ancestor_harmonized,high,1,independent_source_verified
UniVH,SCLIN0020882,input_original/manual_downloads/UniVH/dataset.csv,normalized from outputs/tables/univh_family_reconstruction_audit.csv row 420; unit=NCBI species-rank aggregate,RAW0020882,,2304480,Culex Iflavi-like virus 4,Culex Iflavi-like virus 4,Iflaviridae,Iflaviridae,ICTV 2026 (MSL41.v1),ncbi_family_ancestor_harmonized,high,1,independent_source_verified
UniVH,SCLIN0020883,input_original/manual_downloads/UniVH/dataset.csv,normalized from outputs/tables/univh_family_reconstruction_audit.csv row 424; unit=NCBI species-rank aggregate,RAW0020883,,2315809,Yongsan iflavirus 1,Yongsan iflavirus 1,Iflaviridae,Iflaviridae,ICTV 2026 (MSL41.v1),ncbi_family_ancestor_harmonized,high,1,independent_source_verified
UniVH,SCLIN0020884,input_original/manual_downloads/UniVH/dataset.csv,normalized from outputs/tables/univh_family_reconstruction_audit.csv row 507; unit=NCBI species-rank aggregate,RAW0020884,,2592343,Laodelphax striatellus iflavirus 1,Laodelphax striatellus iflavirus 1,Iflaviridae,Iflaviridae,ICTV 2026 (MSL41.v1),ncbi_family_ancestor_harmonized,high,1,independent_source_verified
UniVH,SCLIN0020885,input_original/manual_downloads/UniVH/dataset.csv,normalized from outputs/tables/univh_family_reconstruction_audit.csv row 657; unit=NCBI species-rank aggregate,RAW0020885,,2767014,Aedes Ifla-like virus,Aedes Ifla-like virus,Iflaviridae,Iflaviridae,ICTV 2026 (MSL41.v1),ncbi_family_ancestor_harmonized,high,1,independent_source_verified
UniVH,SCLIN0020886,input_original/manual_downloads/UniVH/dataset.csv,normalized from outputs/tables/univh_family_reconstruction_audit.csv row 772; unit=NCBI species-rank aggregate,RAW0020886,,2873547,Apis iflavirus 1,Apis iflavirus 1,Iflaviridae,Iflaviridae,ICTV 2026 (MSL41.v1),ncbi_family_ancestor_harmonized,high,1,independent_source_verified
UniVH,SCLIN0020887,input_original/manual_downloads/UniVH/dataset.csv,normalized from outputs/tables/univh_family_reconstruction_audit.csv row 797; unit=NCBI species-rank aggregate,RAW0020887,,2905294,Guiyang argiope bruennichi iflavirus 1,Guiyang argiope bruennichi iflavirus 1,Iflaviridae,Iflaviridae,ICTV 2026 (MSL41.v1),ncbi_family_ancestor_harmonized,high,1,independent_source_verified
UniVH,SCLIN0020888,input_original/manual_downloads/UniVH/dataset.csv,normalized from outputs/tables/univh_family_reconstruction_audit.csv row 798; unit=NCBI species-rank aggregate,RAW0020888,,2905295,Guiyang argiope bruennichi iflavirus 2,Guiyang argiope bruennichi iflavirus 2,Iflaviridae,Iflaviridae,ICTV 2026 (MSL41.v1),ncbi_family_ancestor_harmonized,high,1,independent_source_verified
UniVH,SCLIN0020889,input_original/manual_downloads/UniVH/dataset.csv,normalized from outputs/tables/univh_family_reconstruction_audit.csv row 799; unit=NCBI species-rank aggregate,RAW0020889,,2905300,Fushun laodelphax striatellus iflavirus 1,Fushun laodelphax striatellus iflavirus 1,Iflaviridae,Iflaviridae,ICTV 2026 (MSL41.v1),ncbi_family_ancestor_harmonized,high,1,independent_source_verified
UniVH,SCLIN0020890,input_original/manual_downloads/UniVH/dataset.csv,normalized from outputs/tables/univh_family_reconstruction_audit.csv row 807; unit=NCBI species-rank aggregate,RAW0020890,,2905474,Guiyang srgiope bruennichi iflavirus 1,Guiyang srgiope bruennichi iflavirus 1,Iflaviridae,Iflaviridae,ICTV 2026 (MSL41.v1),ncbi_family_ancestor_harmonized,high,1,independent_source_verified
UniVH,SCLIN0020891,input_original/manual_downloads/UniVH/dataset.csv,normalized from outputs/tables/univh_family_reconstruction_audit.csv row 835; unit=NCBI species-rank aggregate,RAW0020891,,2932852,Ceratitis capitata iflavirus 2,Ceratitis capitata iflavirus 2,Iflaviridae,Iflaviridae,ICTV 2026 (MSL41.v1),ncbi_family_ancestor_harmonized,high,1,independent_source_verified
UniVH,SCLIN0020892,input_original/manual_downloads/UniVH/dataset.csv,normalized from outputs/tables/univh_family_reconstruction_audit.csv row 848; unit=NCBI species-rank aggregate,RAW0020892,,2933696,Bactrocera oleae iflavirus,Bactrocera oleae iflavirus,Iflaviridae,Iflaviridae,ICTV 2026 (MSL41.v1),ncbi_family_ancestor_harmonized,high,1,independent_source_verified
UniVH,SCLIN0020893,input_original/manual_downloads/UniVH/dataset.csv,normalized from outputs/tables/univh_family_reconstruction_audit.csv row 859; unit=NCBI species-rank aggregate,RAW0020893,,2950330,Halyomorpha halys ifla-like virus 1,Halyomorpha halys ifla-like virus 1,Iflaviridae,Iflaviridae,ICTV 2026 (MSL41.v1),ncbi_family_ancestor_harmonized,high,1,independent_source_verified
UniVH,SCLIN0020894,input_original/manual_downloads/UniVH/dataset.csv,normalized from outputs/tables/univh_family_reconstruction_audit.csv row 1834; unit=NCBI species-rank aggregate,RAW0020894,,3429957,Insevirus jyugo,Insevirus jyugo,Inseviridae,Inseviridae,ICTV 2026 (MSL41.v1),ncbi_name_exact_current_ictv_species,high,1,independent_source_verified
UniVH,SCLIN0020895,input_original/manual_downloads/UniVH/dataset.csv,normalized from outputs/tables/univh_family_reconstruction_audit.csv row 1835; unit=NCBI species-rank aggregate,RAW0020895,,3429958,Insevirus jyuichi,Insevirus jyuichi,Inseviridae,Inseviridae,ICTV 2026 (MSL41.v1),ncbi_name_exact_current_ictv_species,high,1,independent_source_verified
UniVH,SCLIN0020896,input_original/manual_downloads/UniVH/dataset.csv,normalized from outputs/tables/univh_family_reconstruction_audit.csv row 1095; unit=NCBI species-rank aggregate,RAW0020896,,3047755,Cilevirus leprosis,Cilevirus leprosis,Kitaviridae,Kitaviridae,ICTV 2026 (MSL41.v1),ncbi_name_exact_current_ictv_species,high,1,independent_source_verified
UniVH,SCLIN0020897,input_original/manual_downloads/UniVH/dataset.csv,normalized from outputs/tables/univh_family_reconstruction_audit.csv row 1172; unit=NCBI species-rank aggregate,RAW0020897,,3048358,Blunervirus camelliae,Blunervirus camelliae,Kitaviridae,Kitaviridae,ICTV 2026 (MSL41.v1),ncbi_name_exact_current_ictv_species,high,1,independent_source_verified
UniVH,SCLIN0020898,input_original/manual_downloads/UniVH/dataset.csv,normalized from outputs/tables/univh_family_reconstruction_audit.csv row 1181; unit=NCBI species-rank aggregate,RAW0020898,,3048375,Blunervirus solani,Blunervirus solani,Kitaviridae,Kitaviridae,ICTV 2026 (MSL41.v1),ncbi_name_exact_current_ictv_species,high,1,independent_source_verified
UniVH,SCLIN0020899,input_original/manual_downloads/UniVH/dataset.csv,normalized from outputs/tables/univh_family_reconstruction_audit.csv row 1846; unit=NCBI species-rank aggregate,RAW0020899,,3430349,Lebotivirus hachi,Lebotivirus hachi,Lebotiviridae,Lebotiviridae,ICTV 2026 (MSL41.v1),ncbi_name_exact_current_ictv_species,high,1,independent_source_verified
UniVH,SCLIN0020900,input_original/manual_downloads/UniVH/dataset.csv,normalized from outputs/tables/univh_family_reconstruction_audit.csv row 1847; unit=NCBI species-rank aggregate,RAW0020900,,3430350,Lebotivirus ichi,Lebotivirus ichi,Lebotiviridae,Lebotiviridae,ICTV 2026 (MSL41.v1),ncbi_name_exact_current_ictv_species,high,1,independent_source_verified
UniVH,SCLIN0020901,input_original/manual_downloads/UniVH/dataset.csv,normalized from outputs/tables/univh_family_reconstruction_audit.csv row 1848; unit=NCBI species-rank aggregate,RAW0020901,,3430355,Lebotivirus shichi,Lebotivirus shichi,Lebotiviridae,Lebotiviridae,ICTV 2026 (MSL41.v1),ncbi_name_exact_current_ictv_species,high,1,independent_source_verified
UniVH,SCLIN0020902,input_original/manual_downloads/UniVH/dataset.csv,normalized from outputs/tables/univh_family_reconstruction_audit.csv row 1395; unit=NCBI species-rank aggregate,RAW0020902,,3059710,Aleyavirus fuyangense,Aleyavirus fuyangense,Lispiviridae,Lispiviridae,ICTV 2026 (MSL41.v1),ncbi_name_exact_current_ictv_species,high,1,independent_source_verified
UniVH,SCLIN0020903,input_original/manual_downloads/UniVH/dataset.csv,normalized from outputs/tables/univh_family_reconstruction_audit.csv row 1396; unit=NCBI species-rank aggregate,RAW0020903,,3059711,Aleybvirus fuyangense,Aleybvirus fuyangense,Lispiviridae,Lispiviridae,ICTV 2026 (MSL41.v1),ncbi_name_exact_current_ictv_species,high,1,independent_source_verified
UniVH,SCLIN0020904,input_original/manual_downloads/UniVH/dataset.csv,normalized from outputs/tables/univh_family_reconstruction_audit.csv row 972; unit=NCBI species-rank aggregate,RAW0020904,,2956489,Synelinevirus paranaense,Synelinevirus paranaense,Lispiviridae,Lispiviridae,ICTV 2026 (MSL41.v1),ncbi_name_exact_current_ictv_species,high,1,independent_source_verified
UniVH,SCLIN0020905,input_original/manual_downloads/UniVH/dataset.csv,normalized from outputs/tables/univh_family_reconstruction_audit.csv row 555; unit=NCBI species-rank aggregate,RAW0020905,,2734352,Pteridovirus maydis,Pteridovirus maydis,Mayoviridae,Mayoviridae,ICTV 2026 (MSL41.v1),ncbi_name_exact_current_ictv_species,high,1,independent_source_verified
UniVH,SCLIN0020906,input_original/manual_downloads/UniVH/dataset.csv,normalized from outputs/tables/univh_family_reconstruction_audit.csv row 942; unit=NCBI species-rank aggregate,RAW0020906,,2955987,Idaeovirus rubi,Idaeovirus rubi,Mayoviridae,Mayoviridae,ICTV 2026 (MSL41.v1),ncbi_name_exact_current_ictv_species,high,1,independent_source_verified
UniVH,SCLIN0020907,input_original/manual_downloads/UniVH/dataset.csv,normalized from outputs/tables/univh_family_reconstruction_audit.csv row 1869; unit=NCBI species-rank aggregate,RAW0020907,,3430769,Megabirnavirus ichi,Megabirnavirus ichi,Megabirnaviridae,Megabirnaviridae,ICTV 2026 (MSL41.v1),ncbi_name_exact_current_ictv_species,high,1,independent_source_verified
UniVH,SCLIN0020908,input_original/manual_downloads/UniVH/dataset.csv,normalized from outputs/tables/univh_family_reconstruction_audit.csv row 1870; unit=NCBI species-rank aggregate,RAW0020908,,3430770,Megabirnavirus ni,Megabirnavirus ni,Megabirnaviridae,Megabirnaviridae,ICTV 2026 (MSL41.v1),ncbi_name_exact_current_ictv_species,high,1,independent_source_verified
UniVH,SCLIN0020909,input_original/manual_downloads/UniVH/dataset.csv,normalized from outputs/tables/univh_family_reconstruction_audit.csv row 1871; unit=NCBI species-rank aggregate,RAW0020909,,1676267,Megabirnavirus shi,Megabirnavirus shi,Megabirnaviridae,Megabirnaviridae,ICTV 2026 (MSL41.v1),ncbi_name_exact_current_ictv_species,high,1,independent_source_verified
UniVH,SCLIN0020910,input_original/manual_downloads/UniVH/dataset.csv,normalized from outputs/tables/univh_family_reconstruction_audit.csv row 1872; unit=NCBI species-rank aggregate,RAW0020910,,3430777,Megatotivirus ichi,Megatotivirus ichi,Megatotiviridae,Megatotiviridae,ICTV 2026 (MSL41.v1),ncbi_name_exact_current_ictv_species,high,1,independent_source_verified
UniVH,SCLIN0020911,input_original/manual_downloads/UniVH/dataset.csv,normalized from outputs/tables/univh_family_reconstruction_audit.csv row 131; unit=NCBI species-rank aggregate,RAW0020911,,1312874,Alphamesonivirus cavallyense,Alphamesonivirus cavallyense,Mesoniviridae,Mesoniviridae,ICTV 2026 (MSL41.v1),ncbi_name_exact_current_ictv_species,high,1,independent_source_verified
UniVH,SCLIN0020912,input_original/manual_downloads/UniVH/dataset.csv,normalized from outputs/tables/univh_family_reconstruction_audit.csv row 974; unit=NCBI species-rank aggregate,RAW0020912,,2956539,Tofonivirus foami,Tofonivirus foami,Mesoniviridae,Mesoniviridae,ICTV 2026 (MSL41.v1),ncbi_name_exact_current_ictv_species,high,1,independent_source_verified
UniVH,SCLIN0020913,input_original/manual_downloads/UniVH/dataset.csv,normalized from outputs/tables/univh_family_reconstruction_audit.csv row 858; unit=NCBI species-rank aggregate,RAW0020913,,2950329,Halyomorpha halys erranti-like virus 1,Halyomorpha halys erranti-like virus 1,Metaviridae,Metaviridae,ICTV 2026 (MSL41.v1),ncbi_family_ancestor_harmonized,high,1,independent_source_verified
UniVH,SCLIN0020914,input_original/manual_downloads/UniVH/dataset.csv,normalized from outputs/tables/univh_family_reconstruction_audit.csv row 1014; unit=NCBI species-rank aggregate,RAW0020914,,2974657,Fusarium poae mitovirus 5,Fusarium poae mitovirus 5,Mitoviridae,Mitoviridae,ICTV 2026 (MSL41.v1),ncbi_family_ancestor_harmonized,high,1,independent_source_verified
UniVH,SCLIN0020915,input_original/manual_downloads/UniVH/dataset.csv,normalized from outputs/tables/univh_family_reconstruction_audit.csv row 1040; unit=NCBI species-rank aggregate,RAW0020915,,3021587,Rhizophagus clarus mitovirus 3,Rhizophagus clarus mitovirus 3,Mitoviridae,Mitoviridae,ICTV 2026 (MSL41.v1),ncbi_family_ancestor_harmonized,high,1,independent_source_verified
UniVH,SCLIN0020916,input_original/manual_downloads/UniVH/dataset.csv,normalized from outputs/tables/univh_family_reconstruction_audit.csv row 1041; unit=NCBI species-rank aggregate,RAW0020916,,3021588,Rhizophagus clarus mitovirus 4,Rhizophagus clarus mitovirus 4,Mitoviridae,Mitoviridae,ICTV 2026 (MSL41.v1),ncbi_family_ancestor_harmonized,high,1,independent_source_verified
UniVH,SCLIN0020917,input_original/manual_downloads/UniVH/dataset.csv,normalized from outputs/tables/univh_family_reconstruction_audit.csv row 1056; unit=NCBI species-rank aggregate,RAW0020917,,3031847,Armillaria borealis mitovirus 1,Armillaria borealis mitovirus 1,Mitoviridae,Mitoviridae,ICTV 2026 (MSL41.v1),ncbi_family_ancestor_harmonized,high,1,independent_source_verified
UniVH,SCLIN0020918,input_original/manual_downloads/UniVH/dataset.csv,normalized from outputs/tables/univh_family_reconstruction_audit.csv row 1451; unit=NCBI species-rank aggregate,RAW0020918,,3115461,Armillaria mitovirus 1,Armillaria mitovirus 1,Mitoviridae,Mitoviridae,ICTV 2026 (MSL41.v1),ncbi_family_ancestor_harmonized,high,1,independent_source_verified
UniVH,SCLIN0020919,input_original/manual_downloads/UniVH/dataset.csv,normalized from outputs/tables/univh_family_reconstruction_audit.csv row 1452; unit=NCBI species-rank aggregate,RAW0020919,,3117357,Rhizophagus clarus mitovirus 5,Rhizophagus clarus mitovirus 5,Mitoviridae,Mitoviridae,ICTV 2026 (MSL41.v1),ncbi_family_ancestor_harmonized,high,1,independent_source_verified
UniVH,SCLIN0020920,input_original/manual_downloads/UniVH/dataset.csv,normalized from outputs/tables/univh_family_reconstruction_audit.csv row 1453; unit=NCBI species-rank aggregate,RAW0020920,,3117358,Rhizophagus clarus mitovirus 6,Rhizophagus clarus mitovirus 6,Mitoviridae,Mitoviridae,ICTV 2026 (MSL41.v1),ncbi_family_ancestor_harmonized,high,1,independent_source_verified
UniVH,SCLIN0020921,input_original/manual_downloads/UniVH/dataset.csv,normalized from outputs/tables/univh_family_reconstruction_audit.csv row 1454; unit=NCBI species-rank aggregate,RAW0020921,,3117359,Rhizophagus clarus mitovirus 7,Rhizophagus clarus mitovirus 7,Mitoviridae,Mitoviridae,ICTV 2026 (MSL41.v1),ncbi_family_ancestor_harmonized,high,1,independent_source_verified
UniVH,SCLIN0020922,input_original/manual_downloads/UniVH/dataset.csv,normalized from outputs/tables/univh_family_reconstruction_audit.csv row 1470; unit=NCBI species-rank aggregate,RAW0020922,,3156529,Rhizopus microsporus mitovirus 2,Rhizopus microsporus mitovirus 2,Mitoviridae,Mitoviridae,ICTV 2026 (MSL41.v1),ncbi_family_ancestor_harmonized,high,1,independent_source_verified
UniVH,SCLIN0020923,input_original/manual_downloads/UniVH/dataset.csv,normalized from outputs/tables/univh_family_reconstruction_audit.csv row 1471; unit=NCBI species-rank aggregate,RAW0020923,,3156530,Rhizopus microsporus mitovirus 3,Rhizopus microsporus mitovirus 3,Mitoviridae,Mitoviridae,ICTV 2026 (MSL41.v1),ncbi_family_ancestor_harmonized,high,1,independent_source_verified
UniVH,SCLIN0020924,input_original/manual_downloads/UniVH/dataset.csv,normalized from outputs/tables/univh_family_reconstruction_audit.csv row 1472; unit=NCBI species-rank aggregate,RAW0020924,,3156531,Rhizopus microsporus mitovirus 4,Rhizopus microsporus mitovirus 4,Mitoviridae,Mitoviridae,ICTV 2026 (MSL41.v1),ncbi_family_ancestor_harmonized,high,1,independent_source_verified
UniVH,SCLIN0020925,input_original/manual_downloads/UniVH/dataset.csv,normalized from outputs/tables/univh_family_reconstruction_audit.csv row 368; unit=NCBI species-rank aggregate,RAW0020925,,2052562,Erysiphe necator mitovirus 2,Erysiphe necator mitovirus 2,Mitoviridae,Mitoviridae,ICTV 2026 (MSL41.v1),ncbi_family_ancestor_harmonized,high,1,independent_source_verified
UniVH,SCLIN0020926,input_original/manual_downloads/UniVH/dataset.csv,normalized from outputs/tables/univh_family_reconstruction_audit.csv row 369; unit=NCBI species-rank aggregate,RAW0020926,,2052563,Erysiphe necator mitovirus 3,Erysiphe necator mitovirus 3,Mitoviridae,Mitoviridae,ICTV 2026 (MSL41.v1),ncbi_family_ancestor_harmonized,high,1,independent_source_verified
UniVH,SCLIN0020927,input_original/manual_downloads/UniVH/dataset.csv,normalized from outputs/tables/univh_family_reconstruction_audit.csv row 430; unit=NCBI species-rank aggregate,RAW0020927,,2421278,Rhizoctonia mitovirus 1,Rhizoctonia mitovirus 1,Mitoviridae,Mitoviridae,ICTV 2026 (MSL41.v1),ncbi_family_ancestor_harmonized,high,1,independent_source_verified
UniVH,SCLIN0020928,input_original/manual_downloads/UniVH/dataset.csv,normalized from outputs/tables/univh_family_reconstruction_audit.csv row 520; unit=NCBI species-rank aggregate,RAW0020928,,2606592,Colletotrichum fructicola mitovirus 1,Colletotrichum fructicola mitovirus 1,Mitoviridae,Mitoviridae,ICTV 2026 (MSL41.v1),ncbi_family_ancestor_harmonized,high,1,independent_source_verified
UniVH,SCLIN0020929,input_original/manual_downloads/UniVH/dataset.csv,normalized from outputs/tables/univh_family_reconstruction_audit.csv row 618; unit=NCBI species-rank aggregate,RAW0020929,,2741881,Erysiphe necator associated mitovirus 14,Erysiphe necator associated mitovirus 14,Mitoviridae,Mitoviridae,ICTV 2026 (MSL41.v1),ncbi_family_ancestor_harmonized,high,1,independent_source_verified
UniVH,SCLIN0020930,input_original/manual_downloads/UniVH/dataset.csv,normalized from outputs/tables/univh_family_reconstruction_audit.csv row 619; unit=NCBI species-rank aggregate,RAW0020930,,2741884,Erysiphe necator associated mitovirus 17,Erysiphe necator associated mitovirus 17,Mitoviridae,Mitoviridae,ICTV 2026 (MSL41.v1),ncbi_family_ancestor_harmonized,high,1,independent_source_verified
UniVH,SCLIN0020931,input_original/manual_downloads/UniVH/dataset.csv,normalized from outputs/tables/univh_family_reconstruction_audit.csv row 620; unit=NCBI species-rank aggregate,RAW0020931,,2741886,Erysiphe necator associated mitovirus 19,Erysiphe necator associated mitovirus 19,Mitoviridae,Mitoviridae,ICTV 2026 (MSL41.v1),ncbi_family_ancestor_harmonized,high,1,independent_source_verified
UniVH,SCLIN0020932,input_original/manual_downloads/UniVH/dataset.csv,normalized from outputs/tables/univh_family_reconstruction_audit.csv row 621; unit=NCBI species-rank aggregate,RAW0020932,,2741890,Erysiphe necator associated mitovirus 23,Erysiphe necator associated mitovirus 23,Mitoviridae,Mitoviridae,ICTV 2026 (MSL41.v1),ncbi_family_ancestor_harmonized,high,1,independent_source_verified
UniVH,SCLIN0020933,input_original/manual_downloads/UniVH/dataset.csv,normalized from outputs/tables/univh_family_reconstruction_audit.csv row 622; unit=NCBI species-rank aggregate,RAW0020933,,2741897,Erysiphe necator associated mitovirus 30,Erysiphe necator associated mitovirus 30,Mitoviridae,Mitoviridae,ICTV 2026 (MSL41.v1),ncbi_family_ancestor_harmonized,high,1,independent_source_verified
UniVH,SCLIN0020934,input_original/manual_downloads/UniVH/dataset.csv,normalized from outputs/tables/univh_family_reconstruction_audit.csv row 623; unit=NCBI species-rank aggregate,RAW0020934,,2741900,Erysiphe necator associated mitovirus 33,Erysiphe necator associated mitovirus 33,Mitoviridae,Mitoviridae,ICTV 2026 (MSL41.v1),ncbi_family_ancestor_harmonized,high,1,independent_source_verified
UniVH,SCLIN0020935,input_original/manual_downloads/UniVH/dataset.csv,normalized from outputs/tables/univh_family_reconstruction_audit.csv row 624; unit=NCBI species-rank aggregate,RAW0020935,,2741901,Erysiphe necator associated mitovirus 34,Erysiphe necator associated mitovirus 34,Mitoviridae,Mitoviridae,ICTV 2026 (MSL41.v1),ncbi_family_ancestor_harmonized,high,1,independent_source_verified
UniVH,SCLIN0020936,input_original/manual_downloads/UniVH/dataset.csv,normalized from outputs/tables/univh_family_reconstruction_audit.csv row 700; unit=NCBI species-rank aggregate,RAW0020936,,2824178,Fusarium oxysporum mitovirus 1,Fusarium oxysporum mitovirus 1,Mitoviridae,Mitoviridae,ICTV 2026 (MSL41.v1),ncbi_family_ancestor_harmonized,high,1,independent_source_verified
UniVH,SCLIN0020937,input_original/manual_downloads/UniVH/dataset.csv,normalized from outputs/tables/univh_family_reconstruction_audit.csv row 783; unit=NCBI species-rank aggregate,RAW0020937,,2880269,Fusarium mangiferae mitovirus 2,Fusarium mangiferae mitovirus 2,Mitoviridae,Mitoviridae,ICTV 2026 (MSL41.v1),ncbi_family_ancestor_harmonized,high,1,independent_source_verified
UniVH,SCLIN0020938,input_original/manual_downloads/UniVH/dataset.csv,normalized from outputs/tables/univh_family_reconstruction_audit.csv row 784; unit=NCBI species-rank aggregate,RAW0020938,,2880273,Fusarium mangiferae mitovirus 6,Fusarium mangiferae mitovirus 6,Mitoviridae,Mitoviridae,ICTV 2026 (MSL41.v1),ncbi_family_ancestor_harmonized,high,1,independent_source_verified
UniVH,SCLIN0020939,input_original/manual_downloads/UniVH/dataset.csv,normalized from outputs/tables/univh_family_reconstruction_audit.csv row 796; unit=NCBI species-rank aggregate,RAW0020939,,2903021,Rhizoctonia solani mitovirus 94,Rhizoctonia solani mitovirus 94,Mitoviridae,Mitoviridae,ICTV 2026 (MSL41.v1),ncbi_family_ancestor_harmonized,high,1,independent_source_verified
UniVH,SCLIN0020940,input_original/manual_downloads/UniVH/dataset.csv,normalized from outputs/tables/univh_family_reconstruction_audit.csv row 823; unit=NCBI species-rank aggregate,RAW0020940,,2918176,Rhizopus microsporus mitovirus 1,Rhizopus microsporus mitovirus 1,Mitoviridae,Mitoviridae,ICTV 2026 (MSL41.v1),ncbi_family_ancestor_harmonized,high,1,independent_source_verified
UniVH,SCLIN0020941,input_original/manual_downloads/UniVH/dataset.csv,normalized from outputs/tables/univh_family_reconstruction_audit.csv row 920; unit=NCBI species-rank aggregate,RAW0020941,,2955766,Duamitovirus alal1,Duamitovirus alal1,Mitoviridae,Mitoviridae,ICTV 2026 (MSL41.v1),ncbi_name_exact_current_ictv_species,high,1,independent_source_verified
UniVH,SCLIN0020942,input_original/manual_downloads/UniVH/dataset.csv,normalized from outputs/tables/univh_family_reconstruction_audit.csv row 921; unit=NCBI species-rank aggregate,RAW0020942,,2955770,Duamitovirus boci3,Duamitovirus boci3,Mitoviridae,Mitoviridae,ICTV 2026 (MSL41.v1),ncbi_name_exact_current_ictv_species,high,1,independent_source_verified
UniVH,SCLIN0020943,input_original/manual_downloads/UniVH/dataset.csv,normalized from outputs/tables/univh_family_reconstruction_audit.csv row 922; unit=NCBI species-rank aggregate,RAW0020943,,2955779,Duamitovirus epni1,Duamitovirus epni1,Mitoviridae,Mitoviridae,ICTV 2026 (MSL41.v1),ncbi_name_exact_current_ictv_species,high,1,independent_source_verified
UniVH,SCLIN0020944,input_original/manual_downloads/UniVH/dataset.csv,normalized from outputs/tables/univh_family_reconstruction_audit.csv row 923; unit=NCBI species-rank aggregate,RAW0020944,,2955783,Duamitovirus gima1,Duamitovirus gima1,Mitoviridae,Mitoviridae,ICTV 2026 (MSL41.v1),ncbi_name_exact_current_ictv_species,high,1,independent_source_verified
UniVH,SCLIN0020945,input_original/manual_downloads/UniVH/dataset.csv,normalized from outputs/tables/univh_family_reconstruction_audit.csv row 924; unit=NCBI species-rank aggregate,RAW0020945,,2955784,Duamitovirus gima2,Duamitovirus gima2,Mitoviridae,Mitoviridae,ICTV 2026 (MSL41.v1),ncbi_name_exact_current_ictv_species,high,1,independent_source_verified
UniVH,SCLIN0020946,input_original/manual_downloads/UniVH/dataset.csv,normalized from outputs/tables/univh_family_reconstruction_audit.csv row 925; unit=NCBI species-rank aggregate,RAW0020946,,2955785,Duamitovirus gima3,Duamitovirus gima3,Mitoviridae,Mitoviridae,ICTV 2026 (MSL41.v1),ncbi_name_exact_current_ictv_species,high,1,independent_source_verified
UniVH,SCLIN0020947,input_original/manual_downloads/UniVH/dataset.csv,normalized from outputs/tables/univh_family_reconstruction_audit.csv row 926; unit=NCBI species-rank aggregate,RAW0020947,,2955786,Duamitovirus gima4,Duamitovirus gima4,Mitoviridae,Mitoviridae,ICTV 2026 (MSL41.v1),ncbi_name_exact_current_ictv_species,high,1,independent_source_verified
UniVH,SCLIN0020948,input_original/manual_downloads/UniVH/dataset.csv,normalized from outputs/tables/univh_family_reconstruction_audit.csv row 927; unit=NCBI species-rank aggregate,RAW0020948,,2955791,Duamitovirus nepa1,Duamitovirus nepa1,Mitoviridae,Mitoviridae,ICTV 2026 (MSL41.v1),ncbi_name_exact_current_ictv_species,high,1,independent_source_verified
UniVH,SCLIN0020949,input_original/manual_downloads/UniVH/dataset.csv,normalized from outputs/tables/univh_family_reconstruction_audit.csv row 928; unit=NCBI species-rank aggregate,RAW0020949,,2955801,Duamitovirus rhir1,Duamitovirus rhir1,Mitoviridae,Mitoviridae,ICTV 2026 (MSL41.v1),ncbi_name_exact_current_ictv_species,high,1,independent_source_verified
UniVH,SCLIN0020950,input_original/manual_downloads/UniVH/dataset.csv,normalized from outputs/tables/univh_family_reconstruction_audit.csv row 929; unit=NCBI species-rank aggregate,RAW0020950,,2955802,Duamitovirus rhso21,Duamitovirus rhso21,Mitoviridae,Mitoviridae,ICTV 2026 (MSL41.v1),ncbi_name_exact_current_ictv_species,high,1,independent_source_verified
UniVH,SCLIN0020951,input_original/manual_downloads/UniVH/dataset.csv,normalized from outputs/tables/univh_family_reconstruction_audit.csv row 930; unit=NCBI species-rank aggregate,RAW0020951,,2955803,Duamitovirus rhso25,Duamitovirus rhso25,Mitoviridae,Mitoviridae,ICTV 2026 (MSL41.v1),ncbi_name_exact_current_ictv_species,high,1,independent_source_verified
UniVH,SCLIN0020952,input_original/manual_downloads/UniVH/dataset.csv,normalized from outputs/tables/univh_family_reconstruction_audit.csv row 931; unit=NCBI species-rank aggregate,RAW0020952,,2955806,Duamitovirus rhso31,Duamitovirus rhso31,Mitoviridae,Mitoviridae,ICTV 2026 (MSL41.v1),ncbi_name_exact_current_ictv_species,high,1,independent_source_verified
UniVH,SCLIN0020953,input_original/manual_downloads/UniVH/dataset.csv,normalized from outputs/tables/univh_family_reconstruction_audit.csv row 932; unit=NCBI species-rank aggregate,RAW0020953,,2955832,Duamitovirus rhso32,Duamitovirus rhso32,Mitoviridae,Mitoviridae,ICTV 2026 (MSL41.v1),ncbi_name_exact_current_ictv_species,high,1,independent_source_verified
UniVH,SCLIN0020954,input_original/manual_downloads/UniVH/dataset.csv,normalized from outputs/tables/univh_family_reconstruction_audit.csv row 933; unit=NCBI species-rank aggregate,RAW0020954,,2955833,Duamitovirus rhso34,Duamitovirus rhso34,Mitoviridae,Mitoviridae,ICTV 2026 (MSL41.v1),ncbi_name_exact_current_ictv_species,high,1,independent_source_verified
UniVH,SCLIN0020955,input_original/manual_downloads/UniVH/dataset.csv,normalized from outputs/tables/univh_family_reconstruction_audit.csv row 934; unit=NCBI species-rank aggregate,RAW0020955,,2955837,Duamitovirus scsc6,Duamitovirus scsc6,Mitoviridae,Mitoviridae,ICTV 2026 (MSL41.v1),ncbi_name_exact_current_ictv_species,high,1,independent_source_verified
UniVH,SCLIN0020956,input_original/manual_downloads/UniVH/dataset.csv,normalized from outputs/tables/univh_family_reconstruction_audit.csv row 975; unit=NCBI species-rank aggregate,RAW0020956,,2956548,Triamitovirus rhso1,Triamitovirus rhso1,Mitoviridae,Mitoviridae,ICTV 2026 (MSL41.v1),ncbi_name_exact_current_ictv_species,high,1,independent_source_verified
UniVH,SCLIN0020957,input_original/manual_downloads/UniVH/dataset.csv,normalized from outputs/tables/univh_family_reconstruction_audit.csv row 976; unit=NCBI species-rank aggregate,RAW0020957,,2956549,Triamitovirus rhso23,Triamitovirus rhso23,Mitoviridae,Mitoviridae,ICTV 2026 (MSL41.v1),ncbi_name_exact_current_ictv_species,high,1,independent_source_verified
UniVH,SCLIN0020958,input_original/manual_downloads/UniVH/dataset.csv,normalized from outputs/tables/univh_family_reconstruction_audit.csv row 977; unit=NCBI species-rank aggregate,RAW0020958,,2956550,Triamitovirus rhso30,Triamitovirus rhso30,Mitoviridae,Mitoviridae,ICTV 2026 (MSL41.v1),ncbi_name_exact_current_ictv_species,high,1,independent_source_verified
UniVH,SCLIN0020959,input_original/manual_downloads/UniVH/dataset.csv,normalized from outputs/tables/univh_family_reconstruction_audit.csv row 978; unit=NCBI species-rank aggregate,RAW0020959,,2956551,Triamitovirus rhso39,Triamitovirus rhso39,Mitoviridae,Mitoviridae,ICTV 2026 (MSL41.v1),ncbi_name_exact_current_ictv_species,high,1,independent_source_verified
UniVH,SCLIN0020960,input_original/manual_downloads/UniVH/dataset.csv,normalized from outputs/tables/univh_family_reconstruction_audit.csv row 979; unit=NCBI species-rank aggregate,RAW0020960,,2956582,Unuamitovirus agbi1,Unuamitovirus agbi1,Mitoviridae,Mitoviridae,ICTV 2026 (MSL41.v1),ncbi_name_exact_current_ictv_species,high,1,independent_source_verified
UniVH,SCLIN0020961,input_original/manual_downloads/UniVH/dataset.csv,normalized from outputs/tables/univh_family_reconstruction_audit.csv row 980; unit=NCBI species-rank aggregate,RAW0020961,,2956583,Unuamitovirus alar1,Unuamitovirus alar1,Mitoviridae,Mitoviridae,ICTV 2026 (MSL41.v1),ncbi_name_exact_current_ictv_species,high,1,independent_source_verified
UniVH,SCLIN0020962,input_original/manual_downloads/UniVH/dataset.csv,normalized from outputs/tables/univh_family_reconstruction_audit.csv row 981; unit=NCBI species-rank aggregate,RAW0020962,,2956585,Unuamitovirus boci2,Unuamitovirus boci2,Mitoviridae,Mitoviridae,ICTV 2026 (MSL41.v1),ncbi_name_exact_current_ictv_species,high,1,independent_source_verified
UniVH,SCLIN0020963,input_original/manual_downloads/UniVH/dataset.csv,normalized from outputs/tables/univh_family_reconstruction_audit.csv row 982; unit=NCBI species-rank aggregate,RAW0020963,,2956595,Unuamitovirus enmu3,Unuamitovirus enmu3,Mitoviridae,Mitoviridae,ICTV 2026 (MSL41.v1),ncbi_name_exact_current_ictv_species,high,1,independent_source_verified
UniVH,SCLIN0020964,input_original/manual_downloads/UniVH/dataset.csv,normalized from outputs/tables/univh_family_reconstruction_audit.csv row 983; unit=NCBI species-rank aggregate,RAW0020964,,2956596,Unuamitovirus enmu4,Unuamitovirus enmu4,Mitoviridae,Mitoviridae,ICTV 2026 (MSL41.v1),ncbi_name_exact_current_ictv_species,high,1,independent_source_verified
UniVH,SCLIN0020965,input_original/manual_downloads/UniVH/dataset.csv,normalized from outputs/tables/univh_family_reconstruction_audit.csv row 984; unit=NCBI species-rank aggregate,RAW0020965,,2956599,Unuamitovirus enmu7,Unuamitovirus enmu7,Mitoviridae,Mitoviridae,ICTV 2026 (MSL41.v1),ncbi_name_exact_current_ictv_species,high,1,independent_source_verified
UniVH,SCLIN0020966,input_original/manual_downloads/UniVH/dataset.csv,normalized from outputs/tables/univh_family_reconstruction_audit.csv row 985; unit=NCBI species-rank aggregate,RAW0020966,,2956607,Unuamitovirus fupo1,Unuamitovirus fupo1,Mitoviridae,Mitoviridae,ICTV 2026 (MSL41.v1),ncbi_name_exact_current_ictv_species,high,1,independent_source_verified
UniVH,SCLIN0020967,input_original/manual_downloads/UniVH/dataset.csv,normalized from outputs/tables/univh_family_reconstruction_audit.csv row 986; unit=NCBI species-rank aggregate,RAW0020967,,2956616,Unuamitovirus lebi1,Unuamitovirus lebi1,Mitoviridae,Mitoviridae,ICTV 2026 (MSL41.v1),ncbi_name_exact_current_ictv_species,high,1,independent_source_verified
UniVH,SCLIN0020968,input_original/manual_downloads/UniVH/dataset.csv,normalized from outputs/tables/univh_family_reconstruction_audit.csv row 987; unit=NCBI species-rank aggregate,RAW0020968,,2956623,Unuamitovirus scsc1,Unuamitovirus scsc1,Mitoviridae,Mitoviridae,ICTV 2026 (MSL41.v1),ncbi_name_exact_current_ictv_species,high,1,independent_source_verified
UniVH,SCLIN0020969,input_original/manual_downloads/UniVH/dataset.csv,normalized from outputs/tables/univh_family_reconstruction_audit.csv row 1681; unit=NCBI species-rank aggregate,RAW0020969,,3427419,Betasclernavirus botrytidis,Betasclernavirus botrytidis,Mycoalphaviridae,Mycoalphaviridae,ICTV 2026 (MSL41.v1),ncbi_name_exact_current_ictv_species,high,1,independent_source_verified
UniVH,SCLIN0020970,input_original/manual_downloads/UniVH/dataset.csv,normalized from outputs/tables/univh_family_reconstruction_audit.csv row 1391; unit=NCBI species-rank aggregate,RAW0020970,,3052844,Fusarium graminearum sclerotimonavirus 1,Fusarium graminearum sclerotimonavirus 1,Mymonaviridae,Mymonaviridae,ICTV 2026 (MSL41.v1),ncbi_family_ancestor_harmonized,high,1,independent_source_verified
UniVH,SCLIN0020971,input_original/manual_downloads/UniVH/dataset.csv,normalized from outputs/tables/univh_family_reconstruction_audit.csv row 1406; unit=NCBI species-rank aggregate,RAW0020971,,3060041,Hubramonavirus fusarii,Hubramonavirus fusarii,Mymonaviridae,Mymonaviridae,ICTV 2026 (MSL41.v1),ncbi_name_exact_current_ictv_species,high,1,independent_source_verified
UniVH,SCLIN0020972,input_original/manual_downloads/UniVH/dataset.csv,normalized from outputs/tables/univh_family_reconstruction_audit.csv row 1407; unit=NCBI species-rank aggregate,RAW0020972,,3060162,Lentimonavirus armillariae,Lentimonavirus armillariae,Mymonaviridae,Mymonaviridae,ICTV 2026 (MSL41.v1),ncbi_name_exact_current_ictv_species,high,1,independent_source_verified
UniVH,SCLIN0020973,input_original/manual_downloads/UniVH/dataset.csv,normalized from outputs/tables/univh_family_reconstruction_audit.csv row 1460; unit=NCBI species-rank aggregate,RAW0020973,,3129002,Sclerotimonavirus sp. 'colletotrichum',Sclerotimonavirus sp. 'colletotrichum',Mymonaviridae,Mymonaviridae,ICTV 2026 (MSL41.v1),ncbi_family_ancestor_harmonized,high,1,independent_source_verified
UniVH,SCLIN0020974,input_original/manual_downloads/UniVH/dataset.csv,normalized from outputs/tables/univh_family_reconstruction_audit.csv row 1569; unit=NCBI species-rank aggregate,RAW0020974,,3399485,Lentimonavirus ostreatus 1,Lentimonavirus ostreatus 1,Mymonaviridae,Mymonaviridae,ICTV 2026 (MSL41.v1),ncbi_family_ancestor_harmonized,high,1,independent_source_verified
UniVH,SCLIN0020975,input_original/manual_downloads/UniVH/dataset.csv,normalized from outputs/tables/univh_family_reconstruction_audit.csv row 1993; unit=NCBI species-rank aggregate,RAW0020975,,3432300,Sclerotimonavirus betaalternariae,Sclerotimonavirus betaalternariae,Mymonaviridae,Mymonaviridae,ICTV 2026 (MSL41.v1),ncbi_name_exact_current_ictv_species,high,1,independent_source_verified
UniVH,SCLIN0020976,input_original/manual_downloads/UniVH/dataset.csv,normalized from outputs/tables/univh_family_reconstruction_audit.csv row 720; unit=NCBI species-rank aggregate,RAW0020976,,2843870,Botrytimonavirus botrytidis,Botrytimonavirus botrytidis,Mymonaviridae,Mymonaviridae,ICTV 2026 (MSL41.v1),ncbi_name_exact_current_ictv_species,high,1,independent_source_verified
UniVH,SCLIN0020977,input_original/manual_downloads/UniVH/dataset.csv,normalized from outputs/tables/univh_family_reconstruction_audit.csv row 721; unit=NCBI species-rank aggregate,RAW0020977,,2843872,Botrytimonavirus sclerotiniae,Botrytimonavirus sclerotiniae,Mymonaviridae,Mymonaviridae,ICTV 2026 (MSL41.v1),ncbi_name_exact_current_ictv_species,high,1,independent_source_verified
UniVH,SCLIN0020978,input_original/manual_downloads/UniVH/dataset.csv,normalized from outputs/tables/univh_family_reconstruction_audit.csv row 734; unit=NCBI species-rank aggregate,RAW0020978,,2845499,Lentimonavirus lentinulae,Lentimonavirus lentinulae,Mymonaviridae,Mymonaviridae,ICTV 2026 (MSL41.v1),ncbi_name_exact_current_ictv_species,high,1,independent_source_verified
UniVH,SCLIN0020979,input_original/manual_downloads/UniVH/dataset.csv,normalized from outputs/tables/univh_family_reconstruction_audit.csv row 746; unit=NCBI species-rank aggregate,RAW0020979,,2846059,Rhizomonavirus mali,Rhizomonavirus mali,Mymonaviridae,Mymonaviridae,ICTV 2026 (MSL41.v1),ncbi_name_exact_current_ictv_species,high,1,independent_source_verified
UniVH,SCLIN0020980,input_original/manual_downloads/UniVH/dataset.csv,normalized from outputs/tables/univh_family_reconstruction_audit.csv row 749; unit=NCBI species-rank aggregate,RAW0020980,,2846154,Sclerotimonavirus alternariae,Sclerotimonavirus alternariae,Mymonaviridae,Mymonaviridae,ICTV 2026 (MSL41.v1),ncbi_name_exact_current_ictv_species,high,1,independent_source_verified
UniVH,SCLIN0020981,input_original/manual_downloads/UniVH/dataset.csv,normalized from outputs/tables/univh_family_reconstruction_audit.csv row 750; unit=NCBI species-rank aggregate,RAW0020981,,2846158,Sclerotimonavirus fusarii,Sclerotimonavirus fusarii,Mymonaviridae,Mymonaviridae,ICTV 2026 (MSL41.v1),ncbi_name_exact_current_ictv_species,high,1,independent_source_verified
UniVH,SCLIN0020982,input_original/manual_downloads/UniVH/dataset.csv,normalized from outputs/tables/univh_family_reconstruction_audit.csv row 751; unit=NCBI species-rank aggregate,RAW0020982,,2846161,Sclerotimonavirus sclerotiniae,Sclerotimonavirus sclerotiniae,Mymonaviridae,Mymonaviridae,ICTV 2026 (MSL41.v1),ncbi_name_exact_current_ictv_species,high,1,independent_source_verified
UniVH,SCLIN0020983,input_original/manual_downloads/UniVH/dataset.csv,normalized from outputs/tables/univh_family_reconstruction_audit.csv row 913; unit=NCBI species-rank aggregate,RAW0020983,,2955531,Botrytimonavirus alphabotrytidis,Botrytimonavirus alphabotrytidis,Mymonaviridae,Mymonaviridae,ICTV 2026 (MSL41.v1),ncbi_name_exact_current_ictv_species,high,1,independent_source_verified
UniVH,SCLIN0020984,input_original/manual_downloads/UniVH/dataset.csv,normalized from outputs/tables/univh_family_reconstruction_audit.csv row 960; unit=NCBI species-rank aggregate,RAW0020984,,2956402,Sclerotimonavirus alphabotrytidis,Sclerotimonavirus alphabotrytidis,Mymonaviridae,Mymonaviridae,ICTV 2026 (MSL41.v1),ncbi_name_exact_current_ictv_species,high,1,independent_source_verified
UniVH,SCLIN0020985,input_original/manual_downloads/UniVH/dataset.csv,normalized from outputs/tables/univh_family_reconstruction_audit.csv row 961; unit=NCBI species-rank aggregate,RAW0020985,,2956403,Sclerotimonavirus betabotrytidis,Sclerotimonavirus betabotrytidis,Mymonaviridae,Mymonaviridae,ICTV 2026 (MSL41.v1),ncbi_name_exact_current_ictv_species,high,1,independent_source_verified
UniVH,SCLIN0020986,input_original/manual_downloads/UniVH/dataset.csv,normalized from outputs/tables/univh_family_reconstruction_audit.csv row 1317; unit=NCBI species-rank aggregate,RAW0020986,,3052518,Orthonairovirus haemorrhagiae,Orthonairovirus haemorrhagiae,Nairoviridae,Nairoviridae,ICTV 2026 (MSL41.v1),ncbi_name_exact_current_ictv_species,high,1,independent_source_verified
UniVH,SCLIN0020987,input_original/manual_downloads/UniVH/dataset.csv,normalized from outputs/tables/univh_family_reconstruction_audit.csv row 1318; unit=NCBI species-rank aggregate,RAW0020987,,3052523,Orthonairovirus kasokeroense,Orthonairovirus kasokeroense,Nairoviridae,Nairoviridae,ICTV 2026 (MSL41.v1),ncbi_name_exact_current_ictv_species,high,1,independent_source_verified
UniVH,SCLIN0020988,input_original/manual_downloads/UniVH/dataset.csv,normalized from outputs/tables/univh_family_reconstruction_audit.csv row 1319; unit=NCBI species-rank aggregate,RAW0020988,,3052541,Orthonairovirus yogueense,Orthonairovirus yogueense,Nairoviridae,Nairoviridae,ICTV 2026 (MSL41.v1),ncbi_name_exact_current_ictv_species,high,1,independent_source_verified
UniVH,SCLIN0020989,input_original/manual_downloads/UniVH/dataset.csv,normalized from outputs/tables/univh_family_reconstruction_audit.csv row 1413; unit=NCBI species-rank aggregate,RAW0020989,,3060504,Orthonairovirus songlingense,Orthonairovirus songlingense,Nairoviridae,Nairoviridae,ICTV 2026 (MSL41.v1),ncbi_name_exact_current_ictv_species,high,1,independent_source_verified
UniVH,SCLIN0020990,input_original/manual_downloads/UniVH/dataset.csv,normalized from outputs/tables/univh_family_reconstruction_audit.csv row 1414; unit=NCBI species-rank aggregate,RAW0020990,,3060506,Orthonairovirus yezoense,Orthonairovirus yezoense,Nairoviridae,Nairoviridae,ICTV 2026 (MSL41.v1),ncbi_name_exact_current_ictv_species,high,1,independent_source_verified
UniVH,SCLIN0020991,input_original/manual_downloads/UniVH/dataset.csv,normalized from outputs/tables/univh_family_reconstruction_audit.csv row 1557; unit=NCBI species-rank aggregate,RAW0020991,,3366332,Wetland virus,Wetland virus,Nairoviridae,Nairoviridae,ICTV 2026 (MSL41.v1),ncbi_family_ancestor_harmonized,high,1,independent_source_verified
UniVH,SCLIN0020992,input_original/manual_downloads/UniVH/dataset.csv,normalized from outputs/tables/univh_family_reconstruction_audit.csv row 1465; unit=NCBI species-rank aggregate,RAW0020992,,3139158,Ophiocordyceps sinensis narnavirus 1,Ophiocordyceps sinensis narnavirus 1,Narnaviridae,Narnaviridae,ICTV 2026 (MSL41.v1),ncbi_family_ancestor_harmonized,high,1,independent_source_verified
UniVH,SCLIN0020993,input_original/manual_downloads/UniVH/dataset.csv,normalized from outputs/tables/univh_family_reconstruction_audit.csv row 1466; unit=NCBI species-rank aggregate,RAW0020993,,3139161,Ophiocordyceps sinensis narnavirus 4,Ophiocordyceps sinensis narnavirus 4,Narnaviridae,Narnaviridae,ICTV 2026 (MSL41.v1),ncbi_family_ancestor_harmonized,high,1,independent_source_verified
UniVH,SCLIN0020994,input_original/manual_downloads/UniVH/dataset.csv,normalized from outputs/tables/univh_family_reconstruction_audit.csv row 1473; unit=NCBI species-rank aggregate,RAW0020994,,3156532,Rhizopus microsporus narnavirus 1,Rhizopus microsporus narnavirus 1,Narnaviridae,Narnaviridae,ICTV 2026 (MSL41.v1),ncbi_family_ancestor_harmonized,high,1,independent_source_verified
UniVH,SCLIN0020995,input_original/manual_downloads/UniVH/dataset.csv,normalized from outputs/tables/univh_family_reconstruction_audit.csv row 1477; unit=NCBI species-rank aggregate,RAW0020995,,3229230,Botrytis narnavirus 1,Botrytis narnavirus 1,Narnaviridae,Narnaviridae,ICTV 2026 (MSL41.v1),ncbi_family_ancestor_harmonized,high,1,independent_source_verified
UniVH,SCLIN0020996,input_original/manual_downloads/UniVH/dataset.csv,normalized from outputs/tables/univh_family_reconstruction_audit.csv row 1559; unit=NCBI species-rank aggregate,RAW0020996,,3366998,Sclerotinia sclerotiorum narna-like virus 1,Sclerotinia sclerotiorum narna-like virus 1,Narnaviridae,Narnaviridae,ICTV 2026 (MSL41.v1),ncbi_family_ancestor_harmonized,high,1,independent_source_verified
UniVH,SCLIN0020997,input_original/manual_downloads/UniVH/dataset.csv,normalized from outputs/tables/univh_family_reconstruction_audit.csv row 233; unit=NCBI species-rank aggregate,RAW0020997,,1849532,Fusarium poae narnavirus 2,Fusarium poae narnavirus 2,Narnaviridae,Narnaviridae,ICTV 2026 (MSL41.v1),ncbi_family_ancestor_harmonized,high,1,independent_source_verified
UniVH,SCLIN0020998,input_original/manual_downloads/UniVH/dataset.csv,normalized from outputs/tables/univh_family_reconstruction_audit.csv row 502; unit=NCBI species-rank aggregate,RAW0020998,,2587531,Alternaria tenuissima narnavirus 1,Alternaria tenuissima narnavirus 1,Narnaviridae,Narnaviridae,ICTV 2026 (MSL41.v1),ncbi_family_ancestor_harmonized,high,1,independent_source_verified
UniVH,SCLIN0020999,input_original/manual_downloads/UniVH/dataset.csv,normalized from outputs/tables/univh_family_reconstruction_audit.csv row 503; unit=NCBI species-rank aggregate,RAW0020999,,2587532,Neofusicoccum parvum narnavirus 1,Neofusicoccum parvum narnavirus 1,Narnaviridae,Narnaviridae,ICTV 2026 (MSL41.v1),ncbi_family_ancestor_harmonized,high,1,independent_source_verified
UniVH,SCLIN0021000,input_original/manual_downloads/UniVH/dataset.csv,normalized from outputs/tables/univh_family_reconstruction_audit.csv row 504; unit=NCBI species-rank aggregate,RAW0021000,,2587533,Neofusicoccum parvum narnavirus 2,Neofusicoccum parvum narnavirus 2,Narnaviridae,Narnaviridae,ICTV 2026 (MSL41.v1),ncbi_family_ancestor_harmonized,high,1,independent_source_verified
UniVH,SCLIN0021001,input_original/manual_downloads/UniVH/dataset.csv,normalized from outputs/tables/univh_family_reconstruction_audit.csv row 575; unit=NCBI species-rank aggregate,RAW0021001,,2735931,Botrytis cinerea narnavirus 1,Botrytis cinerea narnavirus 1,Narnaviridae,Narnaviridae,ICTV 2026 (MSL41.v1),ncbi_family_ancestor_harmonized,high,1,independent_source_verified
UniVH,SCLIN0021002,input_original/manual_downloads/UniVH/dataset.csv,normalized from outputs/tables/univh_family_reconstruction_audit.csv row 576; unit=NCBI species-rank aggregate,RAW0021002,,2735934,Botrytis cinerea narnavirus 4,Botrytis cinerea narnavirus 4,Narnaviridae,Narnaviridae,ICTV 2026 (MSL41.v1),ncbi_family_ancestor_harmonized,high,1,independent_source_verified
UniVH,SCLIN0021003,input_original/manual_downloads/UniVH/dataset.csv,normalized from outputs/tables/univh_family_reconstruction_audit.csv row 578; unit=NCBI species-rank aggregate,RAW0021003,,2736368,Erysiphe necator associated narnavirus 11,Erysiphe necator associated narnavirus 11,Narnaviridae,Narnaviridae,ICTV 2026 (MSL41.v1),ncbi_family_ancestor_harmonized,high,1,independent_source_verified
UniVH,SCLIN0021004,input_original/manual_downloads/UniVH/dataset.csv,normalized from outputs/tables/univh_family_reconstruction_audit.csv row 579; unit=NCBI species-rank aggregate,RAW0021004,,2736369,Erysiphe necator associated narnavirus 12,Erysiphe necator associated narnavirus 12,Narnaviridae,Narnaviridae,ICTV 2026 (MSL41.v1),ncbi_family_ancestor_harmonized,high,1,independent_source_verified
UniVH,SCLIN0021005,input_original/manual_downloads/UniVH/dataset.csv,normalized from outputs/tables/univh_family_reconstruction_audit.csv row 580; unit=NCBI species-rank aggregate,RAW0021005,,2736370,Erysiphe necator associated narnavirus 13,Erysiphe necator associated narnavirus 13,Narnaviridae,Narnaviridae,ICTV 2026 (MSL41.v1),ncbi_family_ancestor_harmonized,high,1,independent_source_verified
UniVH,SCLIN0021006,input_original/manual_downloads/UniVH/dataset.csv,normalized from outputs/tables/univh_family_reconstruction_audit.csv row 581; unit=NCBI species-rank aggregate,RAW0021006,,2736372,Erysiphe necator associated narnavirus 15,Erysiphe necator associated narnavirus 15,Narnaviridae,Narnaviridae,ICTV 2026 (MSL41.v1),ncbi_family_ancestor_harmonized,high,1,independent_source_verified
UniVH,SCLIN0021007,input_original/manual_downloads/UniVH/dataset.csv,normalized from outputs/tables/univh_family_reconstruction_audit.csv row 582; unit=NCBI species-rank aggregate,RAW0021007,,2736374,Erysiphe necator associated narnavirus 17,Erysiphe necator associated narnavirus 17,Narnaviridae,Narnaviridae,ICTV 2026 (MSL41.v1),ncbi_family_ancestor_harmonized,high,1,independent_source_verified
UniVH,SCLIN0021008,input_original/manual_downloads/UniVH/dataset.csv,normalized from outputs/tables/univh_family_reconstruction_audit.csv row 583; unit=NCBI species-rank aggregate,RAW0021008,,2736375,Erysiphe necator associated narnavirus 18,Erysiphe necator associated narnavirus 18,Narnaviridae,Narnaviridae,ICTV 2026 (MSL41.v1),ncbi_family_ancestor_harmonized,high,1,independent_source_verified
UniVH,SCLIN0021009,input_original/manual_downloads/UniVH/dataset.csv,normalized from outputs/tables/univh_family_reconstruction_audit.csv row 584; unit=NCBI species-rank aggregate,RAW0021009,,2736377,Erysiphe necator associated narnavirus 20,Erysiphe necator associated narnavirus 20,Narnaviridae,Narnaviridae,ICTV 2026 (MSL41.v1),ncbi_family_ancestor_harmonized,high,1,independent_source_verified
UniVH,SCLIN0021010,input_original/manual_downloads/UniVH/dataset.csv,normalized from outputs/tables/univh_family_reconstruction_audit.csv row 585; unit=NCBI species-rank aggregate,RAW0021010,,2736379,Erysiphe necator associated narnavirus 22,Erysiphe necator associated narnavirus 22,Narnaviridae,Narnaviridae,ICTV 2026 (MSL41.v1),ncbi_family_ancestor_harmonized,high,1,independent_source_verified
UniVH,SCLIN0021011,input_original/manual_downloads/UniVH/dataset.csv,normalized from outputs/tables/univh_family_reconstruction_audit.csv row 586; unit=NCBI species-rank aggregate,RAW0021011,,2736381,Erysiphe necator associated narnavirus 24,Erysiphe necator associated narnavirus 24,Narnaviridae,Narnaviridae,ICTV 2026 (MSL41.v1),ncbi_family_ancestor_harmonized,high,1,independent_source_verified
UniVH,SCLIN0021012,input_original/manual_downloads/UniVH/dataset.csv,normalized from outputs/tables/univh_family_reconstruction_audit.csv row 587; unit=NCBI species-rank aggregate,RAW0021012,,2736382,Erysiphe necator associated narnavirus 25,Erysiphe necator associated narnavirus 25,Narnaviridae,Narnaviridae,ICTV 2026 (MSL41.v1),ncbi_family_ancestor_harmonized,high,1,independent_source_verified
UniVH,SCLIN0021013,input_original/manual_downloads/UniVH/dataset.csv,normalized from outputs/tables/univh_family_reconstruction_audit.csv row 588; unit=NCBI species-rank aggregate,RAW0021013,,2736384,Erysiphe necator associated narnavirus 27,Erysiphe necator associated narnavirus 27,Narnaviridae,Narnaviridae,ICTV 2026 (MSL41.v1),ncbi_family_ancestor_harmonized,high,1,independent_source_verified
UniVH,SCLIN0021014,input_original/manual_downloads/UniVH/dataset.csv,normalized from outputs/tables/univh_family_reconstruction_audit.csv row 589; unit=NCBI species-rank aggregate,RAW0021014,,2736387,Erysiphe necator associated narnavirus 30,Erysiphe necator associated narnavirus 30,Narnaviridae,Narnaviridae,ICTV 2026 (MSL41.v1),ncbi_family_ancestor_harmonized,high,1,independent_source_verified
UniVH,SCLIN0021015,input_original/manual_downloads/UniVH/dataset.csv,normalized from outputs/tables/univh_family_reconstruction_audit.csv row 590; unit=NCBI species-rank aggregate,RAW0021015,,2736389,Erysiphe necator associated narnavirus 32,Erysiphe necator associated narnavirus 32,Narnaviridae,Narnaviridae,ICTV 2026 (MSL41.v1),ncbi_family_ancestor_harmonized,high,1,independent_source_verified
UniVH,SCLIN0021016,input_original/manual_downloads/UniVH/dataset.csv,normalized from outputs/tables/univh_family_reconstruction_audit.csv row 591; unit=NCBI species-rank aggregate,RAW0021016,,2736390,Erysiphe necator associated narnavirus 33,Erysiphe necator associated narnavirus 33,Narnaviridae,Narnaviridae,ICTV 2026 (MSL41.v1),ncbi_family_ancestor_harmonized,high,1,independent_source_verified
UniVH,SCLIN0021017,input_original/manual_downloads/UniVH/dataset.csv,normalized from outputs/tables/univh_family_reconstruction_audit.csv row 592; unit=NCBI species-rank aggregate,RAW0021017,,2736392,Erysiphe necator associated narnavirus 35,Erysiphe necator associated narnavirus 35,Narnaviridae,Narnaviridae,ICTV 2026 (MSL41.v1),ncbi_family_ancestor_harmonized,high,1,independent_source_verified
UniVH,SCLIN0021018,input_original/manual_downloads/UniVH/dataset.csv,normalized from outputs/tables/univh_family_reconstruction_audit.csv row 593; unit=NCBI species-rank aggregate,RAW0021018,,2736394,Erysiphe necator associated narnavirus 37,Erysiphe necator associated narnavirus 37,Narnaviridae,Narnaviridae,ICTV 2026 (MSL41.v1),ncbi_family_ancestor_harmonized,high,1,independent_source_verified
UniVH,SCLIN0021019,input_original/manual_downloads/UniVH/dataset.csv,normalized from outputs/tables/univh_family_reconstruction_audit.csv row 594; unit=NCBI species-rank aggregate,RAW0021019,,2736395,Erysiphe necator associated narnavirus 38,Erysiphe necator associated narnavirus 38,Narnaviridae,Narnaviridae,ICTV 2026 (MSL41.v1),ncbi_family_ancestor_harmonized,high,1,independent_source_verified
UniVH,SCLIN0021020,input_original/manual_downloads/UniVH/dataset.csv,normalized from outputs/tables/univh_family_reconstruction_audit.csv row 595; unit=NCBI species-rank aggregate,RAW0021020,,2736396,Erysiphe necator associated narnavirus 39,Erysiphe necator associated narnavirus 39,Narnaviridae,Narnaviridae,ICTV 2026 (MSL41.v1),ncbi_family_ancestor_harmonized,high,1,independent_source_verified
UniVH,SCLIN0021021,input_original/manual_downloads/UniVH/dataset.csv,normalized from outputs/tables/univh_family_reconstruction_audit.csv row 596; unit=NCBI species-rank aggregate,RAW0021021,,2736398,Erysiphe necator associated narnavirus 41,Erysiphe necator associated narnavirus 41,Narnaviridae,Narnaviridae,ICTV 2026 (MSL41.v1),ncbi_family_ancestor_harmonized,high,1,independent_source_verified
UniVH,SCLIN0021022,input_original/manual_downloads/UniVH/dataset.csv,normalized from outputs/tables/univh_family_reconstruction_audit.csv row 597; unit=NCBI species-rank aggregate,RAW0021022,,2736404,Erysiphe necator associated narnavirus 47,Erysiphe necator associated narnavirus 47,Narnaviridae,Narnaviridae,ICTV 2026 (MSL41.v1),ncbi_family_ancestor_harmonized,high,1,independent_source_verified
UniVH,SCLIN0021023,input_original/manual_downloads/UniVH/dataset.csv,normalized from outputs/tables/univh_family_reconstruction_audit.csv row 598; unit=NCBI species-rank aggregate,RAW0021023,,2736405,Erysiphe necator associated narnavirus 48,Erysiphe necator associated narnavirus 48,Narnaviridae,Narnaviridae,ICTV 2026 (MSL41.v1),ncbi_family_ancestor_harmonized,high,1,independent_source_verified
UniVH,SCLIN0021024,input_original/manual_downloads/UniVH/dataset.csv,normalized from outputs/tables/univh_family_reconstruction_audit.csv row 599; unit=NCBI species-rank aggregate,RAW0021024,,2736406,Erysiphe necator associated narnavirus 49,Erysiphe necator associated narnavirus 49,Narnaviridae,Narnaviridae,ICTV 2026 (MSL41.v1),ncbi_family_ancestor_harmonized,high,1,independent_source_verified
UniVH,SCLIN0021025,input_original/manual_downloads/UniVH/dataset.csv,normalized from outputs/tables/univh_family_reconstruction_audit.csv row 600; unit=NCBI species-rank aggregate,RAW0021025,,2736407,Erysiphe necator associated narnavirus 50,Erysiphe necator associated narnavirus 50,Narnaviridae,Narnaviridae,ICTV 2026 (MSL41.v1),ncbi_family_ancestor_harmonized,high,1,independent_source_verified
UniVH,SCLIN0021026,input_original/manual_downloads/UniVH/dataset.csv,normalized from outputs/tables/univh_family_reconstruction_audit.csv row 601; unit=NCBI species-rank aggregate,RAW0021026,,2736409,Erysiphe necator associated narnavirus 52,Erysiphe necator associated narnavirus 52,Narnaviridae,Narnaviridae,ICTV 2026 (MSL41.v1),ncbi_family_ancestor_harmonized,high,1,independent_source_verified
UniVH,SCLIN0021027,input_original/manual_downloads/UniVH/dataset.csv,normalized from outputs/tables/univh_family_reconstruction_audit.csv row 602; unit=NCBI species-rank aggregate,RAW0021027,,2736412,Erysiphe necator associated narnavirus 8,Erysiphe necator associated narnavirus 8,Narnaviridae,Narnaviridae,ICTV 2026 (MSL41.v1),ncbi_family_ancestor_harmonized,high,1,independent_source_verified
UniVH,SCLIN0021028,input_original/manual_downloads/UniVH/dataset.csv,normalized from outputs/tables/univh_family_reconstruction_audit.csv row 651; unit=NCBI species-rank aggregate,RAW0021028,,2749926,Magnaporthe oryzae narnavirus 2,Magnaporthe oryzae narnavirus 2,Narnaviridae,Narnaviridae,ICTV 2026 (MSL41.v1),ncbi_family_ancestor_harmonized,high,1,independent_source_verified
UniVH,SCLIN0021029,input_original/manual_downloads/UniVH/dataset.csv,normalized from outputs/tables/univh_family_reconstruction_audit.csv row 677; unit=NCBI species-rank aggregate,RAW0021029,,2802528,Botrytis cinerea binarnavirus 3,Botrytis cinerea binarnavirus 3,Narnaviridae,Narnaviridae,ICTV 2026 (MSL41.v1),ncbi_family_ancestor_harmonized,high,1,independent_source_verified
UniVH,SCLIN0021030,input_original/manual_downloads/UniVH/dataset.csv,normalized from outputs/tables/univh_family_reconstruction_audit.csv row 123; unit=NCBI species-rank aggregate,RAW0021030,,1241918,Le Blanc nodavirus,Le Blanc nodavirus,Nodaviridae,Nodaviridae,ICTV 2026 (MSL41.v1),ncbi_family_ancestor_harmonized,high,1,independent_source_verified
UniVH,SCLIN0021031,input_original/manual_downloads/UniVH/dataset.csv,normalized from outputs/tables/univh_family_reconstruction_audit.csv row 1606; unit=NCBI species-rank aggregate,RAW0021031,,3426214,Alphanodavirus flockense,Alphanodavirus flockense,Nodaviridae,Nodaviridae,ICTV 2026 (MSL41.v1),ncbi_name_exact_current_ictv_species,high,1,independent_source_verified
UniVH,SCLIN0021032,input_original/manual_downloads/UniVH/dataset.csv,normalized from outputs/tables/univh_family_reconstruction_audit.csv row 1670; unit=NCBI species-rank aggregate,RAW0021032,,3427237,Betanodavirus epinepheli,Betanodavirus epinepheli,Nodaviridae,Nodaviridae,ICTV 2026 (MSL41.v1),ncbi_name_exact_current_ictv_species,high,1,independent_source_verified
UniVH,SCLIN0021033,input_original/manual_downloads/UniVH/dataset.csv,normalized from outputs/tables/univh_family_reconstruction_audit.csv row 1671; unit=NCBI species-rank aggregate,RAW0021033,,3427238,Betanodavirus pseudocarangis,Betanodavirus pseudocarangis,Nodaviridae,Nodaviridae,ICTV 2026 (MSL41.v1),ncbi_name_exact_current_ictv_species,high,1,independent_source_verified
UniVH,SCLIN0021034,input_original/manual_downloads/UniVH/dataset.csv,normalized from outputs/tables/univh_family_reconstruction_audit.csv row 306; unit=NCBI species-rank aggregate,RAW0021034,,1955166,Nodaviridae sp.,Nodaviridae sp.,Nodaviridae,Nodaviridae,ICTV 2026 (MSL41.v1),ncbi_family_ancestor_harmonized,high,1,independent_source_verified
UniVH,SCLIN0021035,input_original/manual_downloads/UniVH/dataset.csv,normalized from outputs/tables/univh_family_reconstruction_audit.csv row 42; unit=NCBI species-rank aggregate,RAW0021035,,222557,Macrobrachium rosenbergii nodavirus,Macrobrachium rosenbergii nodavirus,Nodaviridae,Nodaviridae,ICTV 2026 (MSL41.v1),ncbi_family_ancestor_harmonized,high,1,independent_source_verified
UniVH,SCLIN0021036,input_original/manual_downloads/UniVH/dataset.csv,normalized from outputs/tables/univh_family_reconstruction_audit.csv row 567; unit=NCBI species-rank aggregate,RAW0021036,,2735213,Rice Noda-like virus,Rice Noda-like virus,Nodaviridae,Nodaviridae,ICTV 2026 (MSL41.v1),ncbi_family_ancestor_harmonized,high,1,independent_source_verified
UniVH,SCLIN0021037,input_original/manual_downloads/UniVH/dataset.csv,normalized from outputs/tables/univh_family_reconstruction_audit.csv row 60; unit=NCBI species-rank aggregate,RAW0021037,,430911,Penaeus vannamei nodavirus,Penaeus vannamei nodavirus,Nodaviridae,Nodaviridae,ICTV 2026 (MSL41.v1),ncbi_family_ancestor_harmonized,high,1,independent_source_verified
UniVH,SCLIN0021038,input_original/manual_downloads/UniVH/dataset.csv,normalized from outputs/tables/univh_family_reconstruction_audit.csv row 837; unit=NCBI species-rank aggregate,RAW0021038,,2932855,Ceratitis capitata nodavirus 1,Ceratitis capitata nodavirus 1,Nodaviridae,Nodaviridae,ICTV 2026 (MSL41.v1),ncbi_family_ancestor_harmonized,high,1,independent_source_verified
UniVH,SCLIN0021039,input_original/manual_downloads/UniVH/dataset.csv,normalized from outputs/tables/univh_family_reconstruction_audit.csv row 87; unit=NCBI species-rank aggregate,RAW0021039,,977912,Orsay virus,Orsay virus,Nodaviridae,Nodaviridae,ICTV 2026 (MSL41.v1),ncbi_family_ancestor_harmonized,high,1,independent_source_verified
UniVH,SCLIN0021040,input_original/manual_downloads/UniVH/dataset.csv,normalized from outputs/tables/univh_family_reconstruction_audit.csv row 88; unit=NCBI species-rank aggregate,RAW0021040,,977913,Santeuil nodavirus,Santeuil nodavirus,Nodaviridae,Nodaviridae,ICTV 2026 (MSL41.v1),ncbi_family_ancestor_harmonized,high,1,independent_source_verified
UniVH,SCLIN0021041,input_original/manual_downloads/UniVH/dataset.csv,normalized from outputs/tables/univh_family_reconstruction_audit.csv row 991; unit=NCBI species-rank aggregate,RAW0021041,,2966238,rice-associated noda-like virus 1,rice-associated noda-like virus 1,Nodaviridae,Nodaviridae,ICTV 2026 (MSL41.v1),ncbi_family_ancestor_harmonized,high,1,independent_source_verified
UniVH,SCLIN0021042,input_original/manual_downloads/UniVH/dataset.csv,normalized from outputs/tables/univh_family_reconstruction_audit.csv row 992; unit=NCBI species-rank aggregate,RAW0021042,,2966239,rice-associated noda-like virus 2,rice-associated noda-like virus 2,Nodaviridae,Nodaviridae,ICTV 2026 (MSL41.v1),ncbi_family_ancestor_harmonized,high,1,independent_source_verified
UniVH,SCLIN0021043,input_original/manual_downloads/UniVH/dataset.csv,normalized from outputs/tables/univh_family_reconstruction_audit.csv row 1415; unit=NCBI species-rank aggregate,RAW0021043,,3060507,Orthonoravirus melanogastri,Orthonoravirus melanogastri,Noraviridae,Noraviridae,ICTV 2026 (MSL41.v1),ncbi_name_exact_current_ictv_species,high,1,independent_source_verified
UniVH,SCLIN0021044,input_original/manual_downloads/UniVH/dataset.csv,normalized from outputs/tables/univh_family_reconstruction_audit.csv row 731; unit=NCBI species-rank aggregate,RAW0021044,,2845026,Nyavirus sanjacintoense,Nyavirus sanjacintoense,Nyamiviridae,Nyamiviridae,ICTV 2026 (MSL41.v1),ncbi_name_exact_current_ictv_species,high,1,independent_source_verified
UniVH,SCLIN0021045,input_original/manual_downloads/UniVH/dataset.csv,normalized from outputs/tables/univh_family_reconstruction_audit.csv row 471; unit=NCBI species-rank aggregate,RAW0021045,,2510845,Varroa orthomyxovirus-1,Varroa orthomyxovirus-1,Orthomyxoviridae,Orthomyxoviridae,ICTV 2026 (MSL41.v1),ncbi_family_ancestor_harmonized,high,1,independent_source_verified
UniVH,SCLIN0021046,input_original/manual_downloads/UniVH/dataset.csv,normalized from outputs/tables/univh_family_reconstruction_audit.csv row 886; unit=NCBI species-rank aggregate,RAW0021046,,2955291,Alphainfluenzavirus influenzae,Alphainfluenzavirus influenzae,Orthomyxoviridae,Orthomyxoviridae,ICTV 2026 (MSL41.v1),ncbi_name_exact_current_ictv_species,high,1,independent_source_verified
UniVH,SCLIN0021047,input_original/manual_downloads/UniVH/dataset.csv,normalized from outputs/tables/univh_family_reconstruction_audit.csv row 903; unit=NCBI species-rank aggregate,RAW0021047,,2955465,Betainfluenzavirus influenzae,Betainfluenzavirus influenzae,Orthomyxoviridae,Orthomyxoviridae,ICTV 2026 (MSL41.v1),ncbi_name_exact_current_ictv_species,high,1,independent_source_verified
UniVH,SCLIN0021048,input_original/manual_downloads/UniVH/dataset.csv,normalized from outputs/tables/univh_family_reconstruction_audit.csv row 917; unit=NCBI species-rank aggregate,RAW0021048,,2955744,Deltainfluenzavirus influenzae,Deltainfluenzavirus influenzae,Orthomyxoviridae,Orthomyxoviridae,ICTV 2026 (MSL41.v1),ncbi_name_exact_current_ictv_species,high,1,independent_source_verified
UniVH,SCLIN0021049,input_original/manual_downloads/UniVH/dataset.csv,normalized from outputs/tables/univh_family_reconstruction_audit.csv row 939; unit=NCBI species-rank aggregate,RAW0021049,,2955935,Gammainfluenzavirus influenzae,Gammainfluenzavirus influenzae,Orthomyxoviridae,Orthomyxoviridae,ICTV 2026 (MSL41.v1),ncbi_name_exact_current_ictv_species,high,1,independent_source_verified
UniVH,SCLIN0021050,input_original/manual_downloads/UniVH/dataset.csv,normalized from outputs/tables/univh_family_reconstruction_audit.csv row 973; unit=NCBI species-rank aggregate,RAW0021050,,2956523,Thogotovirus bourbonense,Thogotovirus bourbonense,Orthomyxoviridae,Orthomyxoviridae,ICTV 2026 (MSL41.v1),ncbi_name_exact_current_ictv_species,high,1,independent_source_verified
UniVH,SCLIN0021051,input_original/manual_downloads/UniVH/dataset.csv,normalized from outputs/tables/univh_family_reconstruction_audit.csv row 1024; unit=NCBI species-rank aggregate,RAW0021051,,2992261,Fusarium pseudograminearum megatotivirus 1,Fusarium pseudograminearum megatotivirus 1,Totiviridae,Orthototiviridae,ICTV 2026 (MSL41.v1),ncbi_family_ancestor_harmonized,high,1,independent_source_verified
UniVH,SCLIN0021052,input_original/manual_downloads/UniVH/dataset.csv,normalized from outputs/tables/univh_family_reconstruction_audit.csv row 1026; unit=NCBI species-rank aggregate,RAW0021052,,2993668,Saccharomyces cerevisiae virus LBC,Saccharomyces cerevisiae virus LBC,Totiviridae,Orthototiviridae,ICTV 2026 (MSL41.v1),ncbi_family_ancestor_harmonized,high,1,independent_source_verified
UniVH,SCLIN0021053,input_original/manual_downloads/UniVH/dataset.csv,normalized from outputs/tables/univh_family_reconstruction_audit.csv row 1027; unit=NCBI species-rank aggregate,RAW0021053,,2993669,Torulaspora delbrueckii virus LBC,Torulaspora delbrueckii virus LBC,Totiviridae,Orthototiviridae,ICTV 2026 (MSL41.v1),ncbi_family_ancestor_harmonized,high,1,independent_source_verified
UniVH,SCLIN0021054,input_original/manual_downloads/UniVH/dataset.csv,normalized from outputs/tables/univh_family_reconstruction_audit.csv row 1219; unit=NCBI species-rank aggregate,RAW0021054,,3051703,Carrot-associated toti-like virus,Carrot-associated toti-like virus,Totiviridae,Orthototiviridae,ICTV 2026 (MSL41.v1),ncbi_family_ancestor_harmonized,high,1,independent_source_verified
UniVH,SCLIN0021055,input_original/manual_downloads/UniVH/dataset.csv,normalized from outputs/tables/univh_family_reconstruction_audit.csv row 1429; unit=NCBI species-rank aggregate,RAW0021055,,3071459,Rhizopus stolonifer toti-like virus 1,Rhizopus stolonifer toti-like virus 1,Totiviridae,Orthototiviridae,ICTV 2026 (MSL41.v1),ncbi_family_ancestor_harmonized,high,1,independent_source_verified
UniVH,SCLIN0021056,input_original/manual_downloads/UniVH/dataset.csv,normalized from outputs/tables/univh_family_reconstruction_audit.csv row 1432; unit=NCBI species-rank aggregate,RAW0021056,,3075233,Geotrichum candidum totivirus 4,Geotrichum candidum totivirus 4,Totiviridae,Orthototiviridae,ICTV 2026 (MSL41.v1),ncbi_family_ancestor_harmonized,high,1,independent_source_verified
UniVH,SCLIN0021057,input_original/manual_downloads/UniVH/dataset.csv,normalized from outputs/tables/univh_family_reconstruction_audit.csv row 2036; unit=NCBI species-rank aggregate,RAW0021057,,3432942,Totivirus ichi,Totivirus ichi,Totiviridae,Orthototiviridae,ICTV 2026 (MSL41.v1),ncbi_name_exact_current_ictv_species,high,1,independent_source_verified
UniVH,SCLIN0021058,input_original/manual_downloads/UniVH/dataset.csv,normalized from outputs/tables/univh_family_reconstruction_audit.csv row 2037; unit=NCBI species-rank aggregate,RAW0021058,,3432947,Totivirus jyukyu,Totivirus jyukyu,Totiviridae,Orthototiviridae,ICTV 2026 (MSL41.v1),ncbi_name_exact_current_ictv_species,high,1,independent_source_verified
UniVH,SCLIN0021059,input_original/manual_downloads/UniVH/dataset.csv,normalized from outputs/tables/univh_family_reconstruction_audit.csv row 2038; unit=NCBI species-rank aggregate,RAW0021059,,2170233,Totivirus ni,Totivirus ni,Totiviridae,Orthototiviridae,ICTV 2026 (MSL41.v1),ncbi_name_exact_current_ictv_species,high,1,independent_source_verified
UniVH,SCLIN0021060,input_original/manual_downloads/UniVH/dataset.csv,normalized from outputs/tables/univh_family_reconstruction_audit.csv row 2039; unit=NCBI species-rank aggregate,RAW0021060,,3432957,Totivirus nijyuhachi,Totivirus nijyuhachi,Totiviridae,Orthototiviridae,ICTV 2026 (MSL41.v1),ncbi_name_exact_current_ictv_species,high,1,independent_source_verified
UniVH,SCLIN0021061,input_original/manual_downloads/UniVH/dataset.csv,normalized from outputs/tables/univh_family_reconstruction_audit.csv row 2040; unit=NCBI species-rank aggregate,RAW0021061,,3432966,Totivirus sani,Totivirus sani,Totiviridae,Orthototiviridae,ICTV 2026 (MSL41.v1),ncbi_name_exact_current_ictv_species,high,1,independent_source_verified
UniVH,SCLIN0021062,input_original/manual_downloads/UniVH/dataset.csv,normalized from outputs/tables/univh_family_reconstruction_audit.csv row 238; unit=NCBI species-rank aggregate,RAW0021062,,1862312,Saccharomyces cerevisiae virus L-BC-lus,Saccharomyces cerevisiae virus L-BC-lus,Totiviridae,Orthototiviridae,ICTV 2026 (MSL41.v1),ncbi_family_ancestor_harmonized,high,1,independent_source_verified
UniVH,SCLIN0021063,input_original/manual_downloads/UniVH/dataset.csv,normalized from outputs/tables/univh_family_reconstruction_audit.csv row 245; unit=NCBI species-rank aggregate,RAW0021063,,1874267,Maize-associated totivirus 2,Maize-associated totivirus 2,Totiviridae,Orthototiviridae,ICTV 2026 (MSL41.v1),ncbi_family_ancestor_harmonized,high,1,independent_source_verified
UniVH,SCLIN0021064,input_original/manual_downloads/UniVH/dataset.csv,normalized from outputs/tables/univh_family_reconstruction_audit.csv row 262; unit=NCBI species-rank aggregate,RAW0021064,,1921825,Saccharomyces kudriavzevii virus L-A1,Saccharomyces kudriavzevii virus L-A1,Totiviridae,Orthototiviridae,ICTV 2026 (MSL41.v1),ncbi_family_ancestor_harmonized,high,1,independent_source_verified
UniVH,SCLIN0021065,input_original/manual_downloads/UniVH/dataset.csv,normalized from outputs/tables/univh_family_reconstruction_audit.csv row 307; unit=NCBI species-rank aggregate,RAW0021065,,1955172,Totiviridae sp.,Totiviridae sp.,Totiviridae,Orthototiviridae,ICTV 2026 (MSL41.v1),ncbi_family_ancestor_harmonized,high,1,independent_source_verified
UniVH,SCLIN0021066,input_original/manual_downloads/UniVH/dataset.csv,normalized from outputs/tables/univh_family_reconstruction_audit.csv row 373; unit=NCBI species-rank aggregate,RAW0021066,,2057198,Maize-associated totivirus 3,Maize-associated totivirus 3,Totiviridae,Orthototiviridae,ICTV 2026 (MSL41.v1),ncbi_family_ancestor_harmonized,high,1,independent_source_verified
UniVH,SCLIN0021067,input_original/manual_downloads/UniVH/dataset.csv,normalized from outputs/tables/univh_family_reconstruction_audit.csv row 384; unit=NCBI species-rank aggregate,RAW0021067,,2080260,Lonestar tick totivirus,Lonestar tick totivirus,Totiviridae,Orthototiviridae,ICTV 2026 (MSL41.v1),ncbi_family_ancestor_harmonized,high,1,independent_source_verified
UniVH,SCLIN0021068,input_original/manual_downloads/UniVH/dataset.csv,normalized from outputs/tables/univh_family_reconstruction_audit.csv row 437; unit=NCBI species-rank aggregate,RAW0021068,,2484112,Saccharomyces paradoxus virus L-A-66,Saccharomyces paradoxus virus L-A-66,Totiviridae,Orthototiviridae,ICTV 2026 (MSL41.v1),ncbi_family_ancestor_harmonized,high,1,independent_source_verified
UniVH,SCLIN0021069,input_original/manual_downloads/UniVH/dataset.csv,normalized from outputs/tables/univh_family_reconstruction_audit.csv row 459; unit=NCBI species-rank aggregate,RAW0021069,,2501049,Colletotrichum caudatum totivirus 1,Colletotrichum caudatum totivirus 1,Totiviridae,Orthototiviridae,ICTV 2026 (MSL41.v1),ncbi_family_ancestor_harmonized,high,1,independent_source_verified
UniVH,SCLIN0021070,input_original/manual_downloads/UniVH/dataset.csv,normalized from outputs/tables/univh_family_reconstruction_audit.csv row 460; unit=NCBI species-rank aggregate,RAW0021070,,2501053,Penicillium digitatum totivirus 1,Penicillium digitatum totivirus 1,Totiviridae,Orthototiviridae,ICTV 2026 (MSL41.v1),ncbi_family_ancestor_harmonized,high,1,independent_source_verified
UniVH,SCLIN0021071,input_original/manual_downloads/UniVH/dataset.csv,normalized from outputs/tables/univh_family_reconstruction_audit.csv row 461; unit=NCBI species-rank aggregate,RAW0021071,,2501054,Penicillium digitatum totivirus 2,Penicillium digitatum totivirus 2,Totiviridae,Orthototiviridae,ICTV 2026 (MSL41.v1),ncbi_family_ancestor_harmonized,high,1,independent_source_verified
UniVH,SCLIN0021072,input_original/manual_downloads/UniVH/dataset.csv,normalized from outputs/tables/univh_family_reconstruction_audit.csv row 462; unit=NCBI species-rank aggregate,RAW0021072,,2501056,Tolypocladium ophioglossoides totivirus 1,Tolypocladium ophioglossoides totivirus 1,Totiviridae,Orthototiviridae,ICTV 2026 (MSL41.v1),ncbi_family_ancestor_harmonized,high,1,independent_source_verified
UniVH,SCLIN0021073,input_original/manual_downloads/UniVH/dataset.csv,normalized from outputs/tables/univh_family_reconstruction_audit.csv row 463; unit=NCBI species-rank aggregate,RAW0021073,,2501057,Hortaea werneckii totivirus 1,Hortaea werneckii totivirus 1,Totiviridae,Orthototiviridae,ICTV 2026 (MSL41.v1),ncbi_family_ancestor_harmonized,high,1,independent_source_verified
UniVH,SCLIN0021074,input_original/manual_downloads/UniVH/dataset.csv,normalized from outputs/tables/univh_family_reconstruction_audit.csv row 464; unit=NCBI species-rank aggregate,RAW0021074,,2501058,Aspergillus homomorphus totivirus 1,Aspergillus homomorphus totivirus 1,Totiviridae,Orthototiviridae,ICTV 2026 (MSL41.v1),ncbi_family_ancestor_harmonized,high,1,independent_source_verified
UniVH,SCLIN0021075,input_original/manual_downloads/UniVH/dataset.csv,normalized from outputs/tables/univh_family_reconstruction_audit.csv row 525; unit=NCBI species-rank aggregate,RAW0021075,,2661693,Taro-associated totivirus L,Taro-associated totivirus L,Totiviridae,Orthototiviridae,ICTV 2026 (MSL41.v1),ncbi_family_ancestor_harmonized,high,1,independent_source_verified
UniVH,SCLIN0021076,input_original/manual_downloads/UniVH/dataset.csv,normalized from outputs/tables/univh_family_reconstruction_audit.csv row 548; unit=NCBI species-rank aggregate,RAW0021076,,2727863,Malassezia restricta virus MrV40L,Malassezia restricta virus MrV40L,Totiviridae,Orthototiviridae,ICTV 2026 (MSL41.v1),ncbi_family_ancestor_harmonized,high,1,independent_source_verified
UniVH,SCLIN0021077,input_original/manual_downloads/UniVH/dataset.csv,normalized from outputs/tables/univh_family_reconstruction_audit.csv row 549; unit=NCBI species-rank aggregate,RAW0021077,,2729340,Schistocephalus solidus toti-like virus 1,Schistocephalus solidus toti-like virus 1,Totiviridae,Orthototiviridae,ICTV 2026 (MSL41.v1),ncbi_family_ancestor_harmonized,high,1,independent_source_verified
UniVH,SCLIN0021078,input_original/manual_downloads/UniVH/dataset.csv,normalized from outputs/tables/univh_family_reconstruction_audit.csv row 550; unit=NCBI species-rank aggregate,RAW0021078,,2729342,Schistocephalus solidus toti-like virus 3,Schistocephalus solidus toti-like virus 3,Totiviridae,Orthototiviridae,ICTV 2026 (MSL41.v1),ncbi_family_ancestor_harmonized,high,1,independent_source_verified
UniVH,SCLIN0021079,input_original/manual_downloads/UniVH/dataset.csv,normalized from outputs/tables/univh_family_reconstruction_audit.csv row 605; unit=NCBI species-rank aggregate,RAW0021079,,2737094,Erysiphe necator associated totivirus 4,Erysiphe necator associated totivirus 4,Totiviridae,Orthototiviridae,ICTV 2026 (MSL41.v1),ncbi_family_ancestor_harmonized,high,1,independent_source_verified
UniVH,SCLIN0021080,input_original/manual_downloads/UniVH/dataset.csv,normalized from outputs/tables/univh_family_reconstruction_audit.csv row 606; unit=NCBI species-rank aggregate,RAW0021080,,2737095,Erysiphe necator associated totivirus 5,Erysiphe necator associated totivirus 5,Totiviridae,Orthototiviridae,ICTV 2026 (MSL41.v1),ncbi_family_ancestor_harmonized,high,1,independent_source_verified
UniVH,SCLIN0021081,input_original/manual_downloads/UniVH/dataset.csv,normalized from outputs/tables/univh_family_reconstruction_audit.csv row 607; unit=NCBI species-rank aggregate,RAW0021081,,2737096,Erysiphe necator associated totivirus 6,Erysiphe necator associated totivirus 6,Totiviridae,Orthototiviridae,ICTV 2026 (MSL41.v1),ncbi_family_ancestor_harmonized,high,1,independent_source_verified
UniVH,SCLIN0021082,input_original/manual_downloads/UniVH/dataset.csv,normalized from outputs/tables/univh_family_reconstruction_audit.csv row 608; unit=NCBI species-rank aggregate,RAW0021082,,2737097,Erysiphe necator associated totivirus 7,Erysiphe necator associated totivirus 7,Totiviridae,Orthototiviridae,ICTV 2026 (MSL41.v1),ncbi_family_ancestor_harmonized,high,1,independent_source_verified
UniVH,SCLIN0021083,input_original/manual_downloads/UniVH/dataset.csv,normalized from outputs/tables/univh_family_reconstruction_audit.csv row 609; unit=NCBI species-rank aggregate,RAW0021083,,2737098,Erysiphe necator associated totivirus 8,Erysiphe necator associated totivirus 8,Totiviridae,Orthototiviridae,ICTV 2026 (MSL41.v1),ncbi_family_ancestor_harmonized,high,1,independent_source_verified
UniVH,SCLIN0021084,input_original/manual_downloads/UniVH/dataset.csv,normalized from outputs/tables/univh_family_reconstruction_audit.csv row 822; unit=NCBI species-rank aggregate,RAW0021084,,2918175,Syncephalastrum racemosum totivirus 1,Syncephalastrum racemosum totivirus 1,Totiviridae,Orthototiviridae,ICTV 2026 (MSL41.v1),ncbi_family_ancestor_harmonized,high,1,independent_source_verified
UniVH,SCLIN0021085,input_original/manual_downloads/UniVH/dataset.csv,normalized from outputs/tables/univh_family_reconstruction_audit.csv row 833; unit=NCBI species-rank aggregate,RAW0021085,,2930201,Pichia membranifaciens virus L-A,Pichia membranifaciens virus L-A,Totiviridae,Orthototiviridae,ICTV 2026 (MSL41.v1),ncbi_family_ancestor_harmonized,high,1,independent_source_verified
UniVH,SCLIN0021086,input_original/manual_downloads/UniVH/dataset.csv,normalized from outputs/tables/univh_family_reconstruction_audit.csv row 847; unit=NCBI species-rank aggregate,RAW0021086,,2933690,Zeugodacus cucurbitae toti-like virus,Zeugodacus cucurbitae toti-like virus,Totiviridae,Orthototiviridae,ICTV 2026 (MSL41.v1),ncbi_family_ancestor_harmonized,high,1,independent_source_verified
UniVH,SCLIN0021087,input_original/manual_downloads/UniVH/dataset.csv,normalized from outputs/tables/univh_family_reconstruction_audit.csv row 860; unit=NCBI species-rank aggregate,RAW0021087,,2950335,Halyomorpha halys toti-like virus 1,Halyomorpha halys toti-like virus 1,Totiviridae,Orthototiviridae,ICTV 2026 (MSL41.v1),ncbi_family_ancestor_harmonized,high,1,independent_source_verified
UniVH,SCLIN0021088,input_original/manual_downloads/UniVH/dataset.csv,normalized from outputs/tables/univh_family_reconstruction_audit.csv row 996; unit=NCBI species-rank aggregate,RAW0021088,,2971326,Geotrichum candidum totivirus 1,Geotrichum candidum totivirus 1,Totiviridae,Orthototiviridae,ICTV 2026 (MSL41.v1),ncbi_family_ancestor_harmonized,high,1,independent_source_verified
UniVH,SCLIN0021089,input_original/manual_downloads/UniVH/dataset.csv,normalized from outputs/tables/univh_family_reconstruction_audit.csv row 997; unit=NCBI species-rank aggregate,RAW0021089,,2971327,Geotrichum candidum totivirus 2,Geotrichum candidum totivirus 2,Totiviridae,Orthototiviridae,ICTV 2026 (MSL41.v1),ncbi_family_ancestor_harmonized,high,1,independent_source_verified
UniVH,SCLIN0021090,input_original/manual_downloads/UniVH/dataset.csv,normalized from outputs/tables/univh_family_reconstruction_audit.csv row 998; unit=NCBI species-rank aggregate,RAW0021090,,2971328,Geotrichum candidum totivirus 3a,Geotrichum candidum totivirus 3a,Totiviridae,Orthototiviridae,ICTV 2026 (MSL41.v1),ncbi_family_ancestor_harmonized,high,1,independent_source_verified
UniVH,SCLIN0021091,input_original/manual_downloads/UniVH/dataset.csv,normalized from outputs/tables/univh_family_reconstruction_audit.csv row 999; unit=NCBI species-rank aggregate,RAW0021091,,2971329,Geotrichum candidum totivirus 3b,Geotrichum candidum totivirus 3b,Totiviridae,Orthototiviridae,ICTV 2026 (MSL41.v1),ncbi_family_ancestor_harmonized,high,1,independent_source_verified
UniVH,SCLIN0021092,input_original/manual_downloads/UniVH/dataset.csv,normalized from outputs/tables/univh_family_reconstruction_audit.csv row 1909; unit=NCBI species-rank aggregate,RAW0021092,,3431534,Ourmiavirus manihoti,Ourmiavirus manihoti,Botourmiaviridae,Ourmiaviridae,ICTV 2026 (MSL41.v1),ncbi_name_exact_current_ictv_species,high,1,independent_source_verified
UniVH,SCLIN0021093,input_original/manual_downloads/UniVH/dataset.csv,normalized from outputs/tables/univh_family_reconstruction_audit.csv row 899; unit=NCBI species-rank aggregate,RAW0021093,,2955460,Betahypovirus sclerotiniae,Betahypovirus sclerotiniae,Hypoviridae,Parahypoviridae,ICTV 2026 (MSL41.v1),ncbi_name_exact_current_ictv_species,high,1,independent_source_verified
UniVH,SCLIN0021094,input_original/manual_downloads/UniVH/dataset.csv,normalized from outputs/tables/univh_family_reconstruction_audit.csv row 900; unit=NCBI species-rank aggregate,RAW0021094,,2501272,Betahypovirus setosphaeriae,Betahypovirus setosphaeriae,Hypoviridae,Parahypoviridae,ICTV 2026 (MSL41.v1),ncbi_name_exact_current_ictv_species,high,1,independent_source_verified
UniVH,SCLIN0021095,input_original/manual_downloads/UniVH/dataset.csv,normalized from outputs/tables/univh_family_reconstruction_audit.csv row 901; unit=NCBI species-rank aggregate,RAW0021095,,2955462,Betahypovirus sinensis,Betahypovirus sinensis,Hypoviridae,Parahypoviridae,ICTV 2026 (MSL41.v1),ncbi_name_exact_current_ictv_species,high,1,independent_source_verified
UniVH,SCLIN0021096,input_original/manual_downloads/UniVH/dataset.csv,normalized from outputs/tables/univh_family_reconstruction_audit.csv row 902; unit=NCBI species-rank aggregate,RAW0021096,,2955463,Betahypovirus trichodermae,Betahypovirus trichodermae,Hypoviridae,Parahypoviridae,ICTV 2026 (MSL41.v1),ncbi_name_exact_current_ictv_species,high,1,independent_source_verified
UniVH,SCLIN0021097,input_original/manual_downloads/UniVH/dataset.csv,normalized from outputs/tables/univh_family_reconstruction_audit.csv row 1019; unit=NCBI species-rank aggregate,RAW0021097,,2986076,Vampire bat morbillivirus 1,Vampire bat morbillivirus 1,Paramyxoviridae,Paramyxoviridae,ICTV 2026 (MSL41.v1),ncbi_family_ancestor_harmonized,high,1,independent_source_verified
UniVH,SCLIN0021098,input_original/manual_downloads/UniVH/dataset.csv,normalized from outputs/tables/univh_family_reconstruction_audit.csv row 1020; unit=NCBI species-rank aggregate,RAW0021098,,2986077,Vampire bat morbillivirus 2,Vampire bat morbillivirus 2,Paramyxoviridae,Paramyxoviridae,ICTV 2026 (MSL41.v1),ncbi_family_ancestor_harmonized,high,1,independent_source_verified
UniVH,SCLIN0021099,input_original/manual_downloads/UniVH/dataset.csv,normalized from outputs/tables/univh_family_reconstruction_audit.csv row 1066; unit=NCBI species-rank aggregate,RAW0021099,,3045953,Jeilongvirus queenslandense,Jeilongvirus queenslandense,Paramyxoviridae,Paramyxoviridae,ICTV 2026 (MSL41.v1),ncbi_name_exact_current_ictv_species,high,1,independent_source_verified
UniVH,SCLIN0021100,input_original/manual_downloads/UniVH/dataset.csv,normalized from outputs/tables/univh_family_reconstruction_audit.csv row 1104; unit=NCBI species-rank aggregate,RAW0021100,,3047832,Morbillivirus felis,Morbillivirus felis,Paramyxoviridae,Paramyxoviridae,ICTV 2026 (MSL41.v1),ncbi_name_exact_current_ictv_species,high,1,independent_source_verified
UniVH,SCLIN0021101,input_original/manual_downloads/UniVH/dataset.csv,normalized from outputs/tables/univh_family_reconstruction_audit.csv row 1196; unit=NCBI species-rank aggregate,RAW0021101,,3049952,Respirovirus laryngotracheitidis,Respirovirus laryngotracheitidis,Paramyxoviridae,Paramyxoviridae,ICTV 2026 (MSL41.v1),ncbi_name_exact_current_ictv_species,high,1,independent_source_verified
UniVH,SCLIN0021102,input_original/manual_downloads/UniVH/dataset.csv,normalized from outputs/tables/univh_family_reconstruction_audit.csv row 1197; unit=NCBI species-rank aggregate,RAW0021102,,3049953,Respirovirus pneumoniae,Respirovirus pneumoniae,Paramyxoviridae,Paramyxoviridae,ICTV 2026 (MSL41.v1),ncbi_name_exact_current_ictv_species,high,1,independent_source_verified
UniVH,SCLIN0021103,input_original/manual_downloads/UniVH/dataset.csv,normalized from outputs/tables/univh_family_reconstruction_audit.csv row 1203; unit=NCBI species-rank aggregate,RAW0021103,,3051366,Metaavulavirus japanense,Metaavulavirus japanense,Paramyxoviridae,Paramyxoviridae,ICTV 2026 (MSL41.v1),ncbi_name_exact_current_ictv_species,high,1,independent_source_verified
UniVH,SCLIN0021104,input_original/manual_downloads/UniVH/dataset.csv,normalized from outputs/tables/univh_family_reconstruction_audit.csv row 1204; unit=NCBI species-rank aggregate,RAW0021104,,3051368,Metaavulavirus yucaipaense,Metaavulavirus yucaipaense,Paramyxoviridae,Paramyxoviridae,ICTV 2026 (MSL41.v1),ncbi_name_exact_current_ictv_species,high,1,independent_source_verified
UniVH,SCLIN0021105,input_original/manual_downloads/UniVH/dataset.csv,normalized from outputs/tables/univh_family_reconstruction_audit.csv row 1205; unit=NCBI species-rank aggregate,RAW0021105,,3051369,Metaavulavirus kazakhstanense,Metaavulavirus kazakhstanense,Paramyxoviridae,Paramyxoviridae,ICTV 2026 (MSL41.v1),ncbi_name_exact_current_ictv_species,high,1,independent_source_verified
UniVH,SCLIN0021106,input_original/manual_downloads/UniVH/dataset.csv,normalized from outputs/tables/univh_family_reconstruction_audit.csv row 1206; unit=NCBI species-rank aggregate,RAW0021106,,3051371,Metaavulavirus kunitachiense,Metaavulavirus kunitachiense,Paramyxoviridae,Paramyxoviridae,ICTV 2026 (MSL41.v1),ncbi_name_exact_current_ictv_species,high,1,independent_source_verified
UniVH,SCLIN0021107,input_original/manual_downloads/UniVH/dataset.csv,normalized from outputs/tables/univh_family_reconstruction_audit.csv row 1207; unit=NCBI species-rank aggregate,RAW0021107,,3051372,Metaavulavirus hongkongense,Metaavulavirus hongkongense,Paramyxoviridae,Paramyxoviridae,ICTV 2026 (MSL41.v1),ncbi_name_exact_current_ictv_species,high,1,independent_source_verified
UniVH,SCLIN0021108,input_original/manual_downloads/UniVH/dataset.csv,normalized from outputs/tables/univh_family_reconstruction_audit.csv row 1208; unit=NCBI species-rank aggregate,RAW0021108,,3051374,Metaavulavirus delawarense,Metaavulavirus delawarense,Paramyxoviridae,Paramyxoviridae,ICTV 2026 (MSL41.v1),ncbi_name_exact_current_ictv_species,high,1,independent_source_verified
UniVH,SCLIN0021109,input_original/manual_downloads/UniVH/dataset.csv,normalized from outputs/tables/univh_family_reconstruction_audit.csv row 1209; unit=NCBI species-rank aggregate,RAW0021109,,3051375,Orthoavulavirus javaense,Orthoavulavirus javaense,Paramyxoviridae,Paramyxoviridae,ICTV 2026 (MSL41.v1),ncbi_name_exact_current_ictv_species,high,1,independent_source_verified
UniVH,SCLIN0021110,input_original/manual_downloads/UniVH/dataset.csv,normalized from outputs/tables/univh_family_reconstruction_audit.csv row 1210; unit=NCBI species-rank aggregate,RAW0021110,,3051378,Orthoavulavirus upoense,Orthoavulavirus upoense,Paramyxoviridae,Paramyxoviridae,ICTV 2026 (MSL41.v1),ncbi_name_exact_current_ictv_species,high,1,independent_source_verified
UniVH,SCLIN0021111,input_original/manual_downloads/UniVH/dataset.csv,normalized from outputs/tables/univh_family_reconstruction_audit.csv row 1211; unit=NCBI species-rank aggregate,RAW0021111,,3051383,Orthoavulavirus newyorkense,Orthoavulavirus newyorkense,Paramyxoviridae,Paramyxoviridae,ICTV 2026 (MSL41.v1),ncbi_name_exact_current_ictv_species,high,1,independent_source_verified
UniVH,SCLIN0021112,input_original/manual_downloads/UniVH/dataset.csv,normalized from outputs/tables/univh_family_reconstruction_audit.csv row 1223; unit=NCBI species-rank aggregate,RAW0021112,,3051979,Aquaparamyxovirus oregonense,Aquaparamyxovirus oregonense,Paramyxoviridae,Paramyxoviridae,ICTV 2026 (MSL41.v1),ncbi_name_exact_current_ictv_species,high,1,independent_source_verified
UniVH,SCLIN0021113,input_original/manual_downloads/UniVH/dataset.csv,normalized from outputs/tables/univh_family_reconstruction_audit.csv row 1224; unit=NCBI species-rank aggregate,RAW0021113,,3051980,Aquaparamyxovirus salmonis,Aquaparamyxovirus salmonis,Paramyxoviridae,Paramyxoviridae,ICTV 2026 (MSL41.v1),ncbi_name_exact_current_ictv_species,high,1,independent_source_verified
UniVH,SCLIN0021114,input_original/manual_downloads/UniVH/dataset.csv,normalized from outputs/tables/univh_family_reconstruction_audit.csv row 1231; unit=NCBI species-rank aggregate,RAW0021114,,3052205,Ferlavirus reptilis,Ferlavirus reptilis,Paramyxoviridae,Paramyxoviridae,ICTV 2026 (MSL41.v1),ncbi_name_exact_current_ictv_species,high,1,independent_source_verified
UniVH,SCLIN0021115,input_original/manual_downloads/UniVH/dataset.csv,normalized from outputs/tables/univh_family_reconstruction_audit.csv row 1232; unit=NCBI species-rank aggregate,RAW0021115,,3052223,Henipavirus hendraense,Henipavirus hendraense,Paramyxoviridae,Paramyxoviridae,ICTV 2026 (MSL41.v1),ncbi_name_exact_current_ictv_species,high,1,independent_source_verified
UniVH,SCLIN0021116,input_original/manual_downloads/UniVH/dataset.csv,normalized from outputs/tables/univh_family_reconstruction_audit.csv row 1233; unit=NCBI species-rank aggregate,RAW0021116,,3052225,Henipavirus nipahense,Henipavirus nipahense,Paramyxoviridae,Paramyxoviridae,ICTV 2026 (MSL41.v1),ncbi_name_exact_current_ictv_species,high,1,independent_source_verified
UniVH,SCLIN0021117,input_original/manual_downloads/UniVH/dataset.csv,normalized from outputs/tables/univh_family_reconstruction_audit.csv row 1243; unit=NCBI species-rank aggregate,RAW0021117,,3052263,Jeilongvirus beilongi,Jeilongvirus beilongi,Paramyxoviridae,Paramyxoviridae,ICTV 2026 (MSL41.v1),ncbi_name_exact_current_ictv_species,high,1,independent_source_verified
UniVH,SCLIN0021118,input_original/manual_downloads/UniVH/dataset.csv,normalized from outputs/tables/univh_family_reconstruction_audit.csv row 1244; unit=NCBI species-rank aggregate,RAW0021118,,3052267,Jeilongvirus myodesis,Jeilongvirus myodesis,Paramyxoviridae,Paramyxoviridae,ICTV 2026 (MSL41.v1),ncbi_name_exact_current_ictv_species,high,1,independent_source_verified
UniVH,SCLIN0021119,input_original/manual_downloads/UniVH/dataset.csv,normalized from outputs/tables/univh_family_reconstruction_audit.csv row 1263; unit=NCBI species-rank aggregate,RAW0021119,,3052342,Morbillivirus canis,Morbillivirus canis,Paramyxoviridae,Paramyxoviridae,ICTV 2026 (MSL41.v1),ncbi_name_exact_current_ictv_species,high,1,independent_source_verified
UniVH,SCLIN0021120,input_original/manual_downloads/UniVH/dataset.csv,normalized from outputs/tables/univh_family_reconstruction_audit.csv row 1264; unit=NCBI species-rank aggregate,RAW0021120,,3052343,Morbillivirus caprinae,Morbillivirus caprinae,Paramyxoviridae,Paramyxoviridae,ICTV 2026 (MSL41.v1),ncbi_name_exact_current_ictv_species,high,1,independent_source_verified
UniVH,SCLIN0021121,input_original/manual_downloads/UniVH/dataset.csv,normalized from outputs/tables/univh_family_reconstruction_audit.csv row 1265; unit=NCBI species-rank aggregate,RAW0021121,,3052344,Morbillivirus ceti,Morbillivirus ceti,Paramyxoviridae,Paramyxoviridae,ICTV 2026 (MSL41.v1),ncbi_name_exact_current_ictv_species,high,1,independent_source_verified
UniVH,SCLIN0021122,input_original/manual_downloads/UniVH/dataset.csv,normalized from outputs/tables/univh_family_reconstruction_audit.csv row 1266; unit=NCBI species-rank aggregate,RAW0021122,,3052345,Morbillivirus hominis,Morbillivirus hominis,Paramyxoviridae,Paramyxoviridae,ICTV 2026 (MSL41.v1),ncbi_name_exact_current_ictv_species,high,1,independent_source_verified
UniVH,SCLIN0021123,input_original/manual_downloads/UniVH/dataset.csv,normalized from outputs/tables/univh_family_reconstruction_audit.csv row 1267; unit=NCBI species-rank aggregate,RAW0021123,,3052346,Morbillivirus pecoris,Morbillivirus pecoris,Paramyxoviridae,Paramyxoviridae,ICTV 2026 (MSL41.v1),ncbi_name_exact_current_ictv_species,high,1,independent_source_verified
UniVH,SCLIN0021124,input_original/manual_downloads/UniVH/dataset.csv,normalized from outputs/tables/univh_family_reconstruction_audit.csv row 1268; unit=NCBI species-rank aggregate,RAW0021124,,3052347,Morbillivirus phocae,Morbillivirus phocae,Paramyxoviridae,Paramyxoviridae,ICTV 2026 (MSL41.v1),ncbi_name_exact_current_ictv_species,high,1,independent_source_verified
UniVH,SCLIN0021125,input_original/manual_downloads/UniVH/dataset.csv,normalized from outputs/tables/univh_family_reconstruction_audit.csv row 1269; unit=NCBI species-rank aggregate,RAW0021125,,3052352,Narmovirus myodesis,Narmovirus myodesis,Paramyxoviridae,Paramyxoviridae,ICTV 2026 (MSL41.v1),ncbi_name_exact_current_ictv_species,high,1,independent_source_verified
UniVH,SCLIN0021126,input_original/manual_downloads/UniVH/dataset.csv,normalized from outputs/tables/univh_family_reconstruction_audit.csv row 1322; unit=NCBI species-rank aggregate,RAW0021126,,3052556,Orthorubulavirus hominis,Orthorubulavirus hominis,Paramyxoviridae,Paramyxoviridae,ICTV 2026 (MSL41.v1),ncbi_name_exact_current_ictv_species,high,1,independent_source_verified
UniVH,SCLIN0021127,input_original/manual_downloads/UniVH/dataset.csv,normalized from outputs/tables/univh_family_reconstruction_audit.csv row 1323; unit=NCBI species-rank aggregate,RAW0021127,,3052557,Orthorubulavirus laryngotracheitidis,Orthorubulavirus laryngotracheitidis,Paramyxoviridae,Paramyxoviridae,ICTV 2026 (MSL41.v1),ncbi_name_exact_current_ictv_species,high,1,independent_source_verified
UniVH,SCLIN0021128,input_original/manual_downloads/UniVH/dataset.csv,normalized from outputs/tables/univh_family_reconstruction_audit.csv row 1324; unit=NCBI species-rank aggregate,RAW0021128,,3052558,Orthorubulavirus mammalis,Orthorubulavirus mammalis,Paramyxoviridae,Paramyxoviridae,ICTV 2026 (MSL41.v1),ncbi_name_exact_current_ictv_species,high,1,independent_source_verified
UniVH,SCLIN0021129,input_original/manual_downloads/UniVH/dataset.csv,normalized from outputs/tables/univh_family_reconstruction_audit.csv row 1325; unit=NCBI species-rank aggregate,RAW0021129,,3052560,Orthorubulavirus parotitidis,Orthorubulavirus parotitidis,Paramyxoviridae,Paramyxoviridae,ICTV 2026 (MSL41.v1),ncbi_name_exact_current_ictv_species,high,1,independent_source_verified
UniVH,SCLIN0021130,input_original/manual_downloads/UniVH/dataset.csv,normalized from outputs/tables/univh_family_reconstruction_audit.csv row 1326; unit=NCBI species-rank aggregate,RAW0021130,,3052562,Orthorubulavirus suis,Orthorubulavirus suis,Paramyxoviridae,Paramyxoviridae,ICTV 2026 (MSL41.v1),ncbi_name_exact_current_ictv_species,high,1,independent_source_verified
UniVH,SCLIN0021131,input_original/manual_downloads/UniVH/dataset.csv,normalized from outputs/tables/univh_family_reconstruction_audit.csv row 1342; unit=NCBI species-rank aggregate,RAW0021131,,3052593,Paraavulavirus hongkongense,Paraavulavirus hongkongense,Paramyxoviridae,Paramyxoviridae,ICTV 2026 (MSL41.v1),ncbi_name_exact_current_ictv_species,high,1,independent_source_verified
UniVH,SCLIN0021132,input_original/manual_downloads/UniVH/dataset.csv,normalized from outputs/tables/univh_family_reconstruction_audit.csv row 1343; unit=NCBI species-rank aggregate,RAW0021132,,3052594,Paraavulavirus wisconsinense,Paraavulavirus wisconsinense,Paramyxoviridae,Paramyxoviridae,ICTV 2026 (MSL41.v1),ncbi_name_exact_current_ictv_species,high,1,independent_source_verified
UniVH,SCLIN0021133,input_original/manual_downloads/UniVH/dataset.csv,normalized from outputs/tables/univh_family_reconstruction_audit.csv row 1344; unit=NCBI species-rank aggregate,RAW0021133,,3052600,Pararubulavirus sosugaense,Pararubulavirus sosugaense,Paramyxoviridae,Paramyxoviridae,ICTV 2026 (MSL41.v1),ncbi_name_exact_current_ictv_species,high,1,independent_source_verified
UniVH,SCLIN0021134,input_original/manual_downloads/UniVH/dataset.csv,normalized from outputs/tables/univh_family_reconstruction_audit.csv row 1372; unit=NCBI species-rank aggregate,RAW0021134,,3052729,Respirovirus bovis,Respirovirus bovis,Paramyxoviridae,Paramyxoviridae,ICTV 2026 (MSL41.v1),ncbi_name_exact_current_ictv_species,high,1,independent_source_verified
UniVH,SCLIN0021135,input_original/manual_downloads/UniVH/dataset.csv,normalized from outputs/tables/univh_family_reconstruction_audit.csv row 1373; unit=NCBI species-rank aggregate,RAW0021135,,3052730,Respirovirus caprae,Respirovirus caprae,Paramyxoviridae,Paramyxoviridae,ICTV 2026 (MSL41.v1),ncbi_name_exact_current_ictv_species,high,1,independent_source_verified
UniVH,SCLIN0021136,input_original/manual_downloads/UniVH/dataset.csv,normalized from outputs/tables/univh_family_reconstruction_audit.csv row 1374; unit=NCBI species-rank aggregate,RAW0021136,,3052731,Respirovirus muris,Respirovirus muris,Paramyxoviridae,Paramyxoviridae,ICTV 2026 (MSL41.v1),ncbi_name_exact_current_ictv_species,high,1,independent_source_verified
UniVH,SCLIN0021137,input_original/manual_downloads/UniVH/dataset.csv,normalized from outputs/tables/univh_family_reconstruction_audit.csv row 1375; unit=NCBI species-rank aggregate,RAW0021137,,3052733,Respirovirus suis,Respirovirus suis,Paramyxoviridae,Paramyxoviridae,ICTV 2026 (MSL41.v1),ncbi_name_exact_current_ictv_species,high,1,independent_source_verified
UniVH,SCLIN0021138,input_original/manual_downloads/UniVH/dataset.csv,normalized from outputs/tables/univh_family_reconstruction_audit.csv row 1378; unit=NCBI species-rank aggregate,RAW0021138,,3052740,Salemvirus salemense,Salemvirus salemense,Paramyxoviridae,Paramyxoviridae,ICTV 2026 (MSL41.v1),ncbi_name_exact_current_ictv_species,high,1,independent_source_verified
UniVH,SCLIN0021139,input_original/manual_downloads/UniVH/dataset.csv,normalized from outputs/tables/univh_family_reconstruction_audit.csv row 1455; unit=NCBI species-rank aggregate,RAW0021139,,3117544,Marmoset morbillivirus,Marmoset morbillivirus,Paramyxoviridae,Paramyxoviridae,ICTV 2026 (MSL41.v1),ncbi_family_ancestor_harmonized,high,1,independent_source_verified
UniVH,SCLIN0021140,input_original/manual_downloads/UniVH/dataset.csv,normalized from outputs/tables/univh_family_reconstruction_audit.csv row 1692; unit=NCBI species-rank aggregate,RAW0021140,,3427594,Bovinavirus bovis,Bovinavirus bovis,Paramyxoviridae,Paramyxoviridae,ICTV 2026 (MSL41.v1),ncbi_name_exact_current_ictv_species,high,1,independent_source_verified
UniVH,SCLIN0021141,input_original/manual_downloads/UniVH/dataset.csv,normalized from outputs/tables/univh_family_reconstruction_audit.csv row 1842; unit=NCBI species-rank aggregate,RAW0021141,,3430012,Jeilongvirus merionis,Jeilongvirus merionis,Paramyxoviridae,Paramyxoviridae,ICTV 2026 (MSL41.v1),ncbi_name_exact_current_ictv_species,high,1,independent_source_verified
UniVH,SCLIN0021142,input_original/manual_downloads/UniVH/dataset.csv,normalized from outputs/tables/univh_family_reconstruction_audit.csv row 1843; unit=NCBI species-rank aggregate,RAW0021142,,3430015,Jeilongvirus ninovense,Jeilongvirus ninovense,Paramyxoviridae,Paramyxoviridae,ICTV 2026 (MSL41.v1),ncbi_name_exact_current_ictv_species,high,1,independent_source_verified
UniVH,SCLIN0021143,input_original/manual_downloads/UniVH/dataset.csv,normalized from outputs/tables/univh_family_reconstruction_audit.csv row 1844; unit=NCBI species-rank aggregate,RAW0021143,,3430019,Jeilongvirus oujiangense,Jeilongvirus oujiangense,Paramyxoviridae,Paramyxoviridae,ICTV 2026 (MSL41.v1),ncbi_name_exact_current_ictv_species,high,1,independent_source_verified
UniVH,SCLIN0021144,input_original/manual_downloads/UniVH/dataset.csv,normalized from outputs/tables/univh_family_reconstruction_audit.csv row 1879; unit=NCBI species-rank aggregate,RAW0021144,,3430945,Morbillivirus phyllostomi,Morbillivirus phyllostomi,Paramyxoviridae,Paramyxoviridae,ICTV 2026 (MSL41.v1),ncbi_name_exact_current_ictv_species,high,1,independent_source_verified
UniVH,SCLIN0021145,input_original/manual_downloads/UniVH/dataset.csv,normalized from outputs/tables/univh_family_reconstruction_audit.csv row 1880; unit=NCBI species-rank aggregate,RAW0021145,,3430946,Morbillivirus suis,Morbillivirus suis,Paramyxoviridae,Paramyxoviridae,ICTV 2026 (MSL41.v1),ncbi_name_exact_current_ictv_species,high,1,independent_source_verified
UniVH,SCLIN0021146,input_original/manual_downloads/UniVH/dataset.csv,normalized from outputs/tables/univh_family_reconstruction_audit.csv row 1897; unit=NCBI species-rank aggregate,RAW0021146,,3431360,Parahenipavirus langyaense,Parahenipavirus langyaense,Paramyxoviridae,Paramyxoviridae,ICTV 2026 (MSL41.v1),ncbi_name_exact_current_ictv_species,high,1,independent_source_verified
UniVH,SCLIN0021147,input_original/manual_downloads/UniVH/dataset.csv,normalized from outputs/tables/univh_family_reconstruction_audit.csv row 1898; unit=NCBI species-rank aggregate,RAW0021147,,2956005,Parajeilongvirus erinacei,Parajeilongvirus erinacei,Paramyxoviridae,Paramyxoviridae,ICTV 2026 (MSL41.v1),ncbi_name_exact_current_ictv_species,high,1,independent_source_verified
UniVH,SCLIN0021148,input_original/manual_downloads/UniVH/dataset.csv,normalized from outputs/tables/univh_family_reconstruction_audit.csv row 1899; unit=NCBI species-rank aggregate,RAW0021148,,2956008,Parajeilongvirus hainanense,Parajeilongvirus hainanense,Paramyxoviridae,Paramyxoviridae,ICTV 2026 (MSL41.v1),ncbi_name_exact_current_ictv_species,high,1,independent_source_verified
UniVH,SCLIN0021149,input_original/manual_downloads/UniVH/dataset.csv,normalized from outputs/tables/univh_family_reconstruction_audit.csv row 1900; unit=NCBI species-rank aggregate,RAW0021149,,3431375,Parajeilongvirus jingmenense,Parajeilongvirus jingmenense,Paramyxoviridae,Paramyxoviridae,ICTV 2026 (MSL41.v1),ncbi_name_exact_current_ictv_species,high,1,independent_source_verified
UniVH,SCLIN0021150,input_original/manual_downloads/UniVH/dataset.csv,normalized from outputs/tables/univh_family_reconstruction_audit.csv row 1901; unit=NCBI species-rank aggregate,RAW0021150,,3431382,Parajeilongvirus wenzhouense,Parajeilongvirus wenzhouense,Paramyxoviridae,Paramyxoviridae,ICTV 2026 (MSL41.v1),ncbi_name_exact_current_ictv_species,high,1,independent_source_verified
UniVH,SCLIN0021151,input_original/manual_downloads/UniVH/dataset.csv,normalized from outputs/tables/univh_family_reconstruction_audit.csv row 23; unit=NCBI species-rank aggregate,RAW0021151,,70064,Ovine parainfluenza virus 3,Ovine parainfluenza virus 3,Paramyxoviridae,Paramyxoviridae,ICTV 2026 (MSL41.v1),ncbi_family_ancestor_harmonized,high,1,independent_source_verified
UniVH,SCLIN0021152,input_original/manual_downloads/UniVH/dataset.csv,normalized from outputs/tables/univh_family_reconstruction_audit.csv row 439; unit=NCBI species-rank aggregate,RAW0021152,,2486281,Feline paramyxovirus 163,Feline paramyxovirus 163,Paramyxoviridae,Paramyxoviridae,ICTV 2026 (MSL41.v1),ncbi_family_ancestor_harmonized,high,1,independent_source_verified
UniVH,SCLIN0021153,input_original/manual_downloads/UniVH/dataset.csv,normalized from outputs/tables/univh_family_reconstruction_audit.csv row 474; unit=NCBI species-rank aggregate,RAW0021153,,2518293,Feline morbillivirus type 2,Feline morbillivirus type 2,Paramyxoviridae,Paramyxoviridae,ICTV 2026 (MSL41.v1),ncbi_family_ancestor_harmonized,high,1,independent_source_verified
UniVH,SCLIN0021154,input_original/manual_downloads/UniVH/dataset.csv,normalized from outputs/tables/univh_family_reconstruction_audit.csv row 529; unit=NCBI species-rank aggregate,RAW0021154,,2686070,Jeilongvirus sp.,Jeilongvirus sp.,Paramyxoviridae,Paramyxoviridae,ICTV 2026 (MSL41.v1),ncbi_family_ancestor_harmonized,high,1,independent_source_verified
UniVH,SCLIN0021155,input_original/manual_downloads/UniVH/dataset.csv,normalized from outputs/tables/univh_family_reconstruction_audit.csv row 63; unit=NCBI species-rank aggregate,RAW0021155,,505220,Swine parainfluenza virus 3,Swine parainfluenza virus 3,Paramyxoviridae,Paramyxoviridae,ICTV 2026 (MSL41.v1),ncbi_family_ancestor_harmonized,high,1,independent_source_verified
UniVH,SCLIN0021156,input_original/manual_downloads/UniVH/dataset.csv,normalized from outputs/tables/univh_family_reconstruction_audit.csv row 683; unit=NCBI species-rank aggregate,RAW0021156,,2806895,Pangolin respirovirus,Pangolin respirovirus,Paramyxoviridae,Paramyxoviridae,ICTV 2026 (MSL41.v1),ncbi_family_ancestor_harmonized,high,1,independent_source_verified
UniVH,SCLIN0021157,input_original/manual_downloads/UniVH/dataset.csv,normalized from outputs/tables/univh_family_reconstruction_audit.csv row 780; unit=NCBI species-rank aggregate,RAW0021157,,2877480,Jingmen Apodemus agrarius jeilongvirus 2,Jingmen Apodemus agrarius jeilongvirus 2,Paramyxoviridae,Paramyxoviridae,ICTV 2026 (MSL41.v1),ncbi_family_ancestor_harmonized,high,1,independent_source_verified
UniVH,SCLIN0021158,input_original/manual_downloads/UniVH/dataset.csv,normalized from outputs/tables/univh_family_reconstruction_audit.csv row 995; unit=NCBI species-rank aggregate,RAW0021158,,2971261,Bovine-like parainfluenza virus 3,Bovine-like parainfluenza virus 3,Paramyxoviridae,Paramyxoviridae,ICTV 2026 (MSL41.v1),ncbi_family_ancestor_harmonized,high,1,independent_source_verified
UniVH,SCLIN0021159,input_original/manual_downloads/UniVH/dataset.csv,normalized from outputs/tables/univh_family_reconstruction_audit.csv row 1015; unit=NCBI species-rank aggregate,RAW0021159,,2974658,Fusarium poae partitivirus 3,Fusarium poae partitivirus 3,Partitiviridae,Partitiviridae,ICTV 2026 (MSL41.v1),ncbi_family_ancestor_harmonized,high,1,independent_source_verified
UniVH,SCLIN0021160,input_original/manual_downloads/UniVH/dataset.csv,normalized from outputs/tables/univh_family_reconstruction_audit.csv row 1045; unit=NCBI species-rank aggregate,RAW0021160,,3026166,Terfezia claveryi partitivirus 1,Terfezia claveryi partitivirus 1,Partitiviridae,Partitiviridae,ICTV 2026 (MSL41.v1),ncbi_family_ancestor_harmonized,high,1,independent_source_verified
UniVH,SCLIN0021161,input_original/manual_downloads/UniVH/dataset.csv,normalized from outputs/tables/univh_family_reconstruction_audit.csv row 1054; unit=NCBI species-rank aggregate,RAW0021161,,3028209,Rhizoctonia solani virus JC1,Rhizoctonia solani virus JC1,Partitiviridae,Partitiviridae,ICTV 2026 (MSL41.v1),ncbi_family_ancestor_harmonized,high,1,independent_source_verified
UniVH,SCLIN0021162,input_original/manual_downloads/UniVH/dataset.csv,normalized from outputs/tables/univh_family_reconstruction_audit.csv row 1393; unit=NCBI species-rank aggregate,RAW0021162,,3056759,Fusarium oxysporum partitivirus 1,Fusarium oxysporum partitivirus 1,Partitiviridae,Partitiviridae,ICTV 2026 (MSL41.v1),ncbi_family_ancestor_harmonized,high,1,independent_source_verified
UniVH,SCLIN0021163,input_original/manual_downloads/UniVH/dataset.csv,normalized from outputs/tables/univh_family_reconstruction_audit.csv row 1434; unit=NCBI species-rank aggregate,RAW0021163,,3076763,Rhizoctonia solani partitivirus A14,Rhizoctonia solani partitivirus A14,Partitiviridae,Partitiviridae,ICTV 2026 (MSL41.v1),ncbi_family_ancestor_harmonized,high,1,independent_source_verified
UniVH,SCLIN0021164,input_original/manual_downloads/UniVH/dataset.csv,normalized from outputs/tables/univh_family_reconstruction_audit.csv row 1442; unit=NCBI species-rank aggregate,RAW0021164,,3093637,Penicillium oxalicum partitivirus 1,Penicillium oxalicum partitivirus 1,Partitiviridae,Partitiviridae,ICTV 2026 (MSL41.v1),ncbi_family_ancestor_harmonized,high,1,independent_source_verified
UniVH,SCLIN0021165,input_original/manual_downloads/UniVH/dataset.csv,normalized from outputs/tables/univh_family_reconstruction_audit.csv row 144; unit=NCBI species-rank aggregate,RAW0021165,,1408894,Red clover cryptic virus 1,Red clover cryptic virus 1,Partitiviridae,Partitiviridae,ICTV 2026 (MSL41.v1),ncbi_family_ancestor_harmonized,high,1,independent_source_verified
UniVH,SCLIN0021166,input_original/manual_downloads/UniVH/dataset.csv,normalized from outputs/tables/univh_family_reconstruction_audit.csv row 1450; unit=NCBI species-rank aggregate,RAW0021166,,3115460,Armillaria gallica partitivirus 1,Armillaria gallica partitivirus 1,Partitiviridae,Partitiviridae,ICTV 2026 (MSL41.v1),ncbi_family_ancestor_harmonized,high,1,independent_source_verified
UniVH,SCLIN0021167,input_original/manual_downloads/UniVH/dataset.csv,normalized from outputs/tables/univh_family_reconstruction_audit.csv row 146; unit=NCBI species-rank aggregate,RAW0021167,,1411681,Rhizoctonia solani dsRNA virus 2,Rhizoctonia solani dsRNA virus 2,Partitiviridae,Partitiviridae,ICTV 2026 (MSL41.v1),ncbi_family_ancestor_harmonized,high,1,independent_source_verified
UniVH,SCLIN0021168,input_original/manual_downloads/UniVH/dataset.csv,normalized from outputs/tables/univh_family_reconstruction_audit.csv row 1483; unit=NCBI species-rank aggregate,RAW0021168,,3232014,Rhizoctonia solani virus Rs31,Rhizoctonia solani virus Rs31,Partitiviridae,Partitiviridae,ICTV 2026 (MSL41.v1),ncbi_family_ancestor_harmonized,high,1,independent_source_verified
UniVH,SCLIN0021169,input_original/manual_downloads/UniVH/dataset.csv,normalized from outputs/tables/univh_family_reconstruction_audit.csv row 1486; unit=NCBI species-rank aggregate,RAW0021169,,3237256,Fusarium solani partitivirus 3,Fusarium solani partitivirus 3,Partitiviridae,Partitiviridae,ICTV 2026 (MSL41.v1),ncbi_family_ancestor_harmonized,high,1,independent_source_verified
UniVH,SCLIN0021170,input_original/manual_downloads/UniVH/dataset.csv,normalized from outputs/tables/univh_family_reconstruction_audit.csv row 1608; unit=NCBI species-rank aggregate,RAW0021170,,3426225,Alphapartitivirus betae,Alphapartitivirus betae,Partitiviridae,Partitiviridae,ICTV 2026 (MSL41.v1),ncbi_name_exact_current_ictv_species,high,1,independent_source_verified
UniVH,SCLIN0021171,input_original/manual_downloads/UniVH/dataset.csv,normalized from outputs/tables/univh_family_reconstruction_audit.csv row 1609; unit=NCBI species-rank aggregate,RAW0021171,,3426226,Alphapartitivirus carotae,Alphapartitivirus carotae,Partitiviridae,Partitiviridae,ICTV 2026 (MSL41.v1),ncbi_name_exact_current_ictv_species,high,1,independent_source_verified
UniVH,SCLIN0021172,input_original/manual_downloads/UniVH/dataset.csv,normalized from outputs/tables/univh_family_reconstruction_audit.csv row 1610; unit=NCBI species-rank aggregate,RAW0021172,,3426233,Alphapartitivirus roselliniae,Alphapartitivirus roselliniae,Partitiviridae,Partitiviridae,ICTV 2026 (MSL41.v1),ncbi_name_exact_current_ictv_species,high,1,independent_source_verified
UniVH,SCLIN0021173,input_original/manual_downloads/UniVH/dataset.csv,normalized from outputs/tables/univh_family_reconstruction_audit.csv row 1674; unit=NCBI species-rank aggregate,RAW0021173,,3427248,Betapartitivirus cannabis,Betapartitivirus cannabis,Partitiviridae,Partitiviridae,ICTV 2026 (MSL41.v1),ncbi_name_exact_current_ictv_species,high,1,independent_source_verified
UniVH,SCLIN0021174,input_original/manual_downloads/UniVH/dataset.csv,normalized from outputs/tables/univh_family_reconstruction_audit.csv row 1675; unit=NCBI species-rank aggregate,RAW0021174,,3427251,Betapartitivirus fusarii,Betapartitivirus fusarii,Partitiviridae,Partitiviridae,ICTV 2026 (MSL41.v1),ncbi_name_exact_current_ictv_species,high,1,independent_source_verified
UniVH,SCLIN0021175,input_original/manual_downloads/UniVH/dataset.csv,normalized from outputs/tables/univh_family_reconstruction_audit.csv row 1676; unit=NCBI species-rank aggregate,RAW0021175,,3427255,Betapartitivirus pleuroti,Betapartitivirus pleuroti,Partitiviridae,Partitiviridae,ICTV 2026 (MSL41.v1),ncbi_name_exact_current_ictv_species,high,1,independent_source_verified
UniVH,SCLIN0021176,input_original/manual_downloads/UniVH/dataset.csv,normalized from outputs/tables/univh_family_reconstruction_audit.csv row 1677; unit=NCBI species-rank aggregate,RAW0021176,,3427256,Betapartitivirus pratense,Betapartitivirus pratense,Partitiviridae,Partitiviridae,ICTV 2026 (MSL41.v1),ncbi_name_exact_current_ictv_species,high,1,independent_source_verified
UniVH,SCLIN0021177,input_original/manual_downloads/UniVH/dataset.csv,normalized from outputs/tables/univh_family_reconstruction_audit.csv row 1678; unit=NCBI species-rank aggregate,RAW0021177,,3427260,Betapartitivirus roselliniae,Betapartitivirus roselliniae,Partitiviridae,Partitiviridae,ICTV 2026 (MSL41.v1),ncbi_name_exact_current_ictv_species,high,1,independent_source_verified
UniVH,SCLIN0021178,input_original/manual_downloads/UniVH/dataset.csv,normalized from outputs/tables/univh_family_reconstruction_audit.csv row 1759; unit=NCBI species-rank aggregate,RAW0021178,,3428206,Deltapartitivirus duobetae,Deltapartitivirus duobetae,Partitiviridae,Partitiviridae,ICTV 2026 (MSL41.v1),ncbi_name_exact_current_ictv_species,high,1,independent_source_verified
UniVH,SCLIN0021179,input_original/manual_downloads/UniVH/dataset.csv,normalized from outputs/tables/univh_family_reconstruction_audit.csv row 1760; unit=NCBI species-rank aggregate,RAW0021179,,3428207,Deltapartitivirus duocapsici,Deltapartitivirus duocapsici,Partitiviridae,Partitiviridae,ICTV 2026 (MSL41.v1),ncbi_name_exact_current_ictv_species,high,1,independent_source_verified
UniVH,SCLIN0021180,input_original/manual_downloads/UniVH/dataset.csv,normalized from outputs/tables/univh_family_reconstruction_audit.csv row 1761; unit=NCBI species-rank aggregate,RAW0021180,,3428210,Deltapartitivirus unocapsici,Deltapartitivirus unocapsici,Partitiviridae,Partitiviridae,ICTV 2026 (MSL41.v1),ncbi_name_exact_current_ictv_species,high,1,independent_source_verified
UniVH,SCLIN0021181,input_original/manual_downloads/UniVH/dataset.csv,normalized from outputs/tables/univh_family_reconstruction_audit.csv row 189; unit=NCBI species-rank aggregate,RAW0021181,,1647281,Talaromyces marneffei partitivirus-1,Talaromyces marneffei partitivirus-1,Partitiviridae,Partitiviridae,ICTV 2026 (MSL41.v1),ncbi_family_ancestor_harmonized,high,1,independent_source_verified
UniVH,SCLIN0021182,input_original/manual_downloads/UniVH/dataset.csv,normalized from outputs/tables/univh_family_reconstruction_audit.csv row 203; unit=NCBI species-rank aggregate,RAW0021182,,1685502,Pseudogymnoascus destructans partitivirus-pa,Pseudogymnoascus destructans partitivirus-pa,Partitiviridae,Partitiviridae,ICTV 2026 (MSL41.v1),ncbi_family_ancestor_harmonized,high,1,independent_source_verified
UniVH,SCLIN0021183,input_original/manual_downloads/UniVH/dataset.csv,normalized from outputs/tables/univh_family_reconstruction_audit.csv row 217; unit=NCBI species-rank aggregate,RAW0021183,,1768874,Sinapis alba cryptic virus 1,Sinapis alba cryptic virus 1,Partitiviridae,Partitiviridae,ICTV 2026 (MSL41.v1),ncbi_family_ancestor_harmonized,high,1,independent_source_verified
UniVH,SCLIN0021184,input_original/manual_downloads/UniVH/dataset.csv,normalized from outputs/tables/univh_family_reconstruction_audit.csv row 228; unit=NCBI species-rank aggregate,RAW0021184,,1825688,Rhizoctonia solani dsRNA virus 3,Rhizoctonia solani dsRNA virus 3,Partitiviridae,Partitiviridae,ICTV 2026 (MSL41.v1),ncbi_family_ancestor_harmonized,high,1,independent_source_verified
UniVH,SCLIN0021185,input_original/manual_downloads/UniVH/dataset.csv,normalized from outputs/tables/univh_family_reconstruction_audit.csv row 234; unit=NCBI species-rank aggregate,RAW0021185,,1849533,Fusarium poae partitivirus 2,Fusarium poae partitivirus 2,Partitiviridae,Partitiviridae,ICTV 2026 (MSL41.v1),ncbi_family_ancestor_harmonized,high,1,independent_source_verified
UniVH,SCLIN0021186,input_original/manual_downloads/UniVH/dataset.csv,normalized from outputs/tables/univh_family_reconstruction_audit.csv row 332; unit=NCBI species-rank aggregate,RAW0021186,,1980631,Bipolaris maydis partitivirus 1,Bipolaris maydis partitivirus 1,Partitiviridae,Partitiviridae,ICTV 2026 (MSL41.v1),ncbi_family_ancestor_harmonized,high,1,independent_source_verified
UniVH,SCLIN0021187,input_original/manual_downloads/UniVH/dataset.csv,normalized from outputs/tables/univh_family_reconstruction_audit.csv row 357; unit=NCBI species-rank aggregate,RAW0021187,,2025333,Rosellinia necatrix partitivirus 8,Rosellinia necatrix partitivirus 8,Partitiviridae,Partitiviridae,ICTV 2026 (MSL41.v1),ncbi_family_ancestor_harmonized,high,1,independent_source_verified
UniVH,SCLIN0021188,input_original/manual_downloads/UniVH/dataset.csv,normalized from outputs/tables/univh_family_reconstruction_audit.csv row 363; unit=NCBI species-rank aggregate,RAW0021188,,2045504,Rhizoctonia solani dsRNA virus 4,Rhizoctonia solani dsRNA virus 4,Partitiviridae,Partitiviridae,ICTV 2026 (MSL41.v1),ncbi_family_ancestor_harmonized,high,1,independent_source_verified
UniVH,SCLIN0021189,input_original/manual_downloads/UniVH/dataset.csv,normalized from outputs/tables/univh_family_reconstruction_audit.csv row 412; unit=NCBI species-rank aggregate,RAW0021189,,2259779,Linepithema humile partiti-like virus 1,Linepithema humile partiti-like virus 1,Partitiviridae,Partitiviridae,ICTV 2026 (MSL41.v1),ncbi_family_ancestor_harmonized,high,1,independent_source_verified
UniVH,SCLIN0021190,input_original/manual_downloads/UniVH/dataset.csv,normalized from outputs/tables/univh_family_reconstruction_audit.csv row 422; unit=NCBI species-rank aggregate,RAW0021190,,2305257,Melon partitivirus,Melon partitivirus,Partitiviridae,Partitiviridae,ICTV 2026 (MSL41.v1),ncbi_family_ancestor_harmonized,high,1,independent_source_verified
UniVH,SCLIN0021191,input_original/manual_downloads/UniVH/dataset.csv,normalized from outputs/tables/univh_family_reconstruction_audit.csv row 431; unit=NCBI species-rank aggregate,RAW0021191,,2421281,Grifola frondosa partitivirus 1,Grifola frondosa partitivirus 1,Partitiviridae,Partitiviridae,ICTV 2026 (MSL41.v1),ncbi_family_ancestor_harmonized,high,1,independent_source_verified
UniVH,SCLIN0021192,input_original/manual_downloads/UniVH/dataset.csv,normalized from outputs/tables/univh_family_reconstruction_audit.csv row 436; unit=NCBI species-rank aggregate,RAW0021192,,2483307,Bipolaris maydis partitivirus 2,Bipolaris maydis partitivirus 2,Partitiviridae,Partitiviridae,ICTV 2026 (MSL41.v1),ncbi_family_ancestor_harmonized,high,1,independent_source_verified
UniVH,SCLIN0021193,input_original/manual_downloads/UniVH/dataset.csv,normalized from outputs/tables/univh_family_reconstruction_audit.csv row 442; unit=NCBI species-rank aggregate,RAW0021193,,2488832,Trichoderma harzianum partitivirus 1,Trichoderma harzianum partitivirus 1,Partitiviridae,Partitiviridae,ICTV 2026 (MSL41.v1),ncbi_family_ancestor_harmonized,high,1,independent_source_verified
UniVH,SCLIN0021194,input_original/manual_downloads/UniVH/dataset.csv,normalized from outputs/tables/univh_family_reconstruction_audit.csv row 451; unit=NCBI species-rank aggregate,RAW0021194,,2501034,Clohesyomyces aquaticus partitivirus 1,Clohesyomyces aquaticus partitivirus 1,Partitiviridae,Partitiviridae,ICTV 2026 (MSL41.v1),ncbi_family_ancestor_harmonized,high,1,independent_source_verified
UniVH,SCLIN0021195,input_original/manual_downloads/UniVH/dataset.csv,normalized from outputs/tables/univh_family_reconstruction_audit.csv row 452; unit=NCBI species-rank aggregate,RAW0021195,,2501037,Drechslerella stenobrocha partitivirus 1,Drechslerella stenobrocha partitivirus 1,Partitiviridae,Partitiviridae,ICTV 2026 (MSL41.v1),ncbi_family_ancestor_harmonized,high,1,independent_source_verified
UniVH,SCLIN0021196,input_original/manual_downloads/UniVH/dataset.csv,normalized from outputs/tables/univh_family_reconstruction_audit.csv row 453; unit=NCBI species-rank aggregate,RAW0021196,,2501038,Gaeumannomyces tritici partitivirus 1,Gaeumannomyces tritici partitivirus 1,Partitiviridae,Partitiviridae,ICTV 2026 (MSL41.v1),ncbi_family_ancestor_harmonized,high,1,independent_source_verified
UniVH,SCLIN0021197,input_original/manual_downloads/UniVH/dataset.csv,normalized from outputs/tables/univh_family_reconstruction_audit.csv row 454; unit=NCBI species-rank aggregate,RAW0021197,,2501039,Gaeumannomyces tritici partitivirus 2,Gaeumannomyces tritici partitivirus 2,Partitiviridae,Partitiviridae,ICTV 2026 (MSL41.v1),ncbi_family_ancestor_harmonized,high,1,independent_source_verified
UniVH,SCLIN0021198,input_original/manual_downloads/UniVH/dataset.csv,normalized from outputs/tables/univh_family_reconstruction_audit.csv row 455; unit=NCBI species-rank aggregate,RAW0021198,,2501043,Penicillium digitatum partitivirus 1,Penicillium digitatum partitivirus 1,Partitiviridae,Partitiviridae,ICTV 2026 (MSL41.v1),ncbi_family_ancestor_harmonized,high,1,independent_source_verified
UniVH,SCLIN0021199,input_original/manual_downloads/UniVH/dataset.csv,normalized from outputs/tables/univh_family_reconstruction_audit.csv row 456; unit=NCBI species-rank aggregate,RAW0021199,,2501045,Pseudogymnoascus destructans partitivirus 1-pa,Pseudogymnoascus destructans partitivirus 1-pa,Partitiviridae,Partitiviridae,ICTV 2026 (MSL41.v1),ncbi_family_ancestor_harmonized,high,1,independent_source_verified
UniVH,SCLIN0021200,input_original/manual_downloads/UniVH/dataset.csv,normalized from outputs/tables/univh_family_reconstruction_audit.csv row 457; unit=NCBI species-rank aggregate,RAW0021200,,2501046,Trichoderma citrinoviride partitivirus 1,Trichoderma citrinoviride partitivirus 1,Partitiviridae,Partitiviridae,ICTV 2026 (MSL41.v1),ncbi_family_ancestor_harmonized,high,1,independent_source_verified
UniVH,SCLIN0021201,input_original/manual_downloads/UniVH/dataset.csv,normalized from outputs/tables/univh_family_reconstruction_audit.csv row 458; unit=NCBI species-rank aggregate,RAW0021201,,2501048,Magnaporthe grisea partitivirus 1,Magnaporthe grisea partitivirus 1,Partitiviridae,Partitiviridae,ICTV 2026 (MSL41.v1),ncbi_family_ancestor_harmonized,high,1,independent_source_verified
UniVH,SCLIN0021202,input_original/manual_downloads/UniVH/dataset.csv,normalized from outputs/tables/univh_family_reconstruction_audit.csv row 465; unit=NCBI species-rank aggregate,RAW0021202,,2501270,Fusarium poae partitivirus 1,Fusarium poae partitivirus 1,Partitiviridae,Partitiviridae,ICTV 2026 (MSL41.v1),ncbi_family_ancestor_harmonized,high,1,independent_source_verified
UniVH,SCLIN0021203,input_original/manual_downloads/UniVH/dataset.csv,normalized from outputs/tables/univh_family_reconstruction_audit.csv row 475; unit=NCBI species-rank aggregate,RAW0021203,,2518596,Cucumis melo cryptic virus,Cucumis melo cryptic virus,Partitiviridae,Partitiviridae,ICTV 2026 (MSL41.v1),ncbi_family_ancestor_harmonized,high,1,independent_source_verified
UniVH,SCLIN0021204,input_original/manual_downloads/UniVH/dataset.csv,normalized from outputs/tables/univh_family_reconstruction_audit.csv row 506; unit=NCBI species-rank aggregate,RAW0021204,,2590841,Aspergillus flavus partitivirus 1,Aspergillus flavus partitivirus 1,Partitiviridae,Partitiviridae,ICTV 2026 (MSL41.v1),ncbi_family_ancestor_harmonized,high,1,independent_source_verified
UniVH,SCLIN0021205,input_original/manual_downloads/UniVH/dataset.csv,normalized from outputs/tables/univh_family_reconstruction_audit.csv row 509; unit=NCBI species-rank aggregate,RAW0021205,,2593943,Camellia cryptic virus 1,Camellia cryptic virus 1,Partitiviridae,Partitiviridae,ICTV 2026 (MSL41.v1),ncbi_family_ancestor_harmonized,high,1,independent_source_verified
UniVH,SCLIN0021206,input_original/manual_downloads/UniVH/dataset.csv,normalized from outputs/tables/univh_family_reconstruction_audit.csv row 523; unit=NCBI species-rank aggregate,RAW0021206,,2653963,Beauveria bassiana partitivirus 3,Beauveria bassiana partitivirus 3,Partitiviridae,Partitiviridae,ICTV 2026 (MSL41.v1),ncbi_family_ancestor_harmonized,high,1,independent_source_verified
UniVH,SCLIN0021207,input_original/manual_downloads/UniVH/dataset.csv,normalized from outputs/tables/univh_family_reconstruction_audit.csv row 54; unit=NCBI species-rank aggregate,RAW0021207,,351495,Raphanus sativus cryptic virus 2,Raphanus sativus cryptic virus 2,Partitiviridae,Partitiviridae,ICTV 2026 (MSL41.v1),ncbi_family_ancestor_harmonized,high,1,independent_source_verified
UniVH,SCLIN0021208,input_original/manual_downloads/UniVH/dataset.csv,normalized from outputs/tables/univh_family_reconstruction_audit.csv row 554; unit=NCBI species-rank aggregate,RAW0021208,,2732658,Botrytis cinerea partitivirus 3,Botrytis cinerea partitivirus 3,Partitiviridae,Partitiviridae,ICTV 2026 (MSL41.v1),ncbi_family_ancestor_harmonized,high,1,independent_source_verified
UniVH,SCLIN0021209,input_original/manual_downloads/UniVH/dataset.csv,normalized from outputs/tables/univh_family_reconstruction_audit.csv row 59; unit=NCBI species-rank aggregate,RAW0021209,,425010,Botryotinia fuckeliana partitivirus 1,Botryotinia fuckeliana partitivirus 1,Partitiviridae,Partitiviridae,ICTV 2026 (MSL41.v1),ncbi_family_ancestor_harmonized,high,1,independent_source_verified
UniVH,SCLIN0021210,input_original/manual_downloads/UniVH/dataset.csv,normalized from outputs/tables/univh_family_reconstruction_audit.csv row 625; unit=NCBI species-rank aggregate,RAW0021210,,2742540,Erysiphe necator associated gammapartitivirus 1,Erysiphe necator associated gammapartitivirus 1,Partitiviridae,Partitiviridae,ICTV 2026 (MSL41.v1),ncbi_family_ancestor_harmonized,high,1,independent_source_verified
UniVH,SCLIN0021211,input_original/manual_downloads/UniVH/dataset.csv,normalized from outputs/tables/univh_family_reconstruction_audit.csv row 682; unit=NCBI species-rank aggregate,RAW0021211,,2806514,Vitis cryptic virus,Vitis cryptic virus,Partitiviridae,Partitiviridae,ICTV 2026 (MSL41.v1),ncbi_family_ancestor_harmonized,high,1,independent_source_verified
UniVH,SCLIN0021212,input_original/manual_downloads/UniVH/dataset.csv,normalized from outputs/tables/univh_family_reconstruction_audit.csv row 698; unit=NCBI species-rank aggregate,RAW0021212,,2819936,Metarhizium brunneum partitivirus 2,Metarhizium brunneum partitivirus 2,Partitiviridae,Partitiviridae,ICTV 2026 (MSL41.v1),ncbi_family_ancestor_harmonized,high,1,independent_source_verified
UniVH,SCLIN0021213,input_original/manual_downloads/UniVH/dataset.csv,normalized from outputs/tables/univh_family_reconstruction_audit.csv row 703; unit=NCBI species-rank aggregate,RAW0021213,,2824806,Quinoa-associated betapartitivirus 1,Quinoa-associated betapartitivirus 1,Partitiviridae,Partitiviridae,ICTV 2026 (MSL41.v1),ncbi_family_ancestor_harmonized,high,1,independent_source_verified
UniVH,SCLIN0021214,input_original/manual_downloads/UniVH/dataset.csv,normalized from outputs/tables/univh_family_reconstruction_audit.csv row 704; unit=NCBI species-rank aggregate,RAW0021214,,2824807,Quinoa-associated betapartitivirus 2,Quinoa-associated betapartitivirus 2,Partitiviridae,Partitiviridae,ICTV 2026 (MSL41.v1),ncbi_family_ancestor_harmonized,high,1,independent_source_verified
UniVH,SCLIN0021215,input_original/manual_downloads/UniVH/dataset.csv,normalized from outputs/tables/univh_family_reconstruction_audit.csv row 705; unit=NCBI species-rank aggregate,RAW0021215,,2824808,Quinoa-associated deltapartitivirus 1,Quinoa-associated deltapartitivirus 1,Partitiviridae,Partitiviridae,ICTV 2026 (MSL41.v1),ncbi_family_ancestor_harmonized,high,1,independent_source_verified
UniVH,SCLIN0021216,input_original/manual_downloads/UniVH/dataset.csv,normalized from outputs/tables/univh_family_reconstruction_audit.csv row 707; unit=NCBI species-rank aggregate,RAW0021216,,2826957,Alternaria tenuissima partitivirus 1,Alternaria tenuissima partitivirus 1,Partitiviridae,Partitiviridae,ICTV 2026 (MSL41.v1),ncbi_family_ancestor_harmonized,high,1,independent_source_verified
UniVH,SCLIN0021217,input_original/manual_downloads/UniVH/dataset.csv,normalized from outputs/tables/univh_family_reconstruction_audit.csv row 72; unit=NCBI species-rank aggregate,RAW0021217,,580254,Raphanus sativus cryptic virus 3,Raphanus sativus cryptic virus 3,Partitiviridae,Partitiviridae,ICTV 2026 (MSL41.v1),ncbi_family_ancestor_harmonized,high,1,independent_source_verified
UniVH,SCLIN0021218,input_original/manual_downloads/UniVH/dataset.csv,normalized from outputs/tables/univh_family_reconstruction_audit.csv row 755; unit=NCBI species-rank aggregate,RAW0021218,,2854390,Rhizoctonia solani partitivirus SM03,Rhizoctonia solani partitivirus SM03,Partitiviridae,Partitiviridae,ICTV 2026 (MSL41.v1),ncbi_family_ancestor_harmonized,high,1,independent_source_verified
UniVH,SCLIN0021219,input_original/manual_downloads/UniVH/dataset.csv,normalized from outputs/tables/univh_family_reconstruction_audit.csv row 75; unit=NCBI species-rank aggregate,RAW0021219,,659497,Sclerotinia sclerotiorum partitivirus S,Sclerotinia sclerotiorum partitivirus S,Partitiviridae,Partitiviridae,ICTV 2026 (MSL41.v1),ncbi_family_ancestor_harmonized,high,1,independent_source_verified
UniVH,SCLIN0021220,input_original/manual_downloads/UniVH/dataset.csv,normalized from outputs/tables/univh_family_reconstruction_audit.csv row 766; unit=NCBI species-rank aggregate,RAW0021220,,2871719,Aspergillus flavus partitivirus 2,Aspergillus flavus partitivirus 2,Partitiviridae,Partitiviridae,ICTV 2026 (MSL41.v1),ncbi_family_ancestor_harmonized,high,1,independent_source_verified
UniVH,SCLIN0021221,input_original/manual_downloads/UniVH/dataset.csv,normalized from outputs/tables/univh_family_reconstruction_audit.csv row 785; unit=NCBI species-rank aggregate,RAW0021221,,2880274,Fusarium mangiferae partitivirus 1,Fusarium mangiferae partitivirus 1,Partitiviridae,Partitiviridae,ICTV 2026 (MSL41.v1),ncbi_family_ancestor_harmonized,high,1,independent_source_verified
UniVH,SCLIN0021222,input_original/manual_downloads/UniVH/dataset.csv,normalized from outputs/tables/univh_family_reconstruction_audit.csv row 786; unit=NCBI species-rank aggregate,RAW0021222,,2880275,Fusarium mangiferae partitivirus 2,Fusarium mangiferae partitivirus 2,Partitiviridae,Partitiviridae,ICTV 2026 (MSL41.v1),ncbi_family_ancestor_harmonized,high,1,independent_source_verified
UniVH,SCLIN0021223,input_original/manual_downloads/UniVH/dataset.csv,normalized from outputs/tables/univh_family_reconstruction_audit.csv row 993; unit=NCBI species-rank aggregate,RAW0021223,,2969220,Rhizoctonia solani partitivirus 433,Rhizoctonia solani partitivirus 433,Partitiviridae,Partitiviridae,ICTV 2026 (MSL41.v1),ncbi_family_ancestor_harmonized,high,1,independent_source_verified
UniVH,SCLIN0021224,input_original/manual_downloads/UniVH/dataset.csv,normalized from outputs/tables/univh_family_reconstruction_audit.csv row 1273; unit=NCBI species-rank aggregate,RAW0021224,,3052370,Orthobunyavirus bakauense,Orthobunyavirus bakauense,Peribunyaviridae,Peribunyaviridae,ICTV 2026 (MSL41.v1),ncbi_name_exact_current_ictv_species,high,1,independent_source_verified
UniVH,SCLIN0021225,input_original/manual_downloads/UniVH/dataset.csv,normalized from outputs/tables/univh_family_reconstruction_audit.csv row 1274; unit=NCBI species-rank aggregate,RAW0021225,,3052371,Orthobunyavirus bataiense,Orthobunyavirus bataiense,Peribunyaviridae,Peribunyaviridae,ICTV 2026 (MSL41.v1),ncbi_name_exact_current_ictv_species,high,1,independent_source_verified
UniVH,SCLIN0021226,input_original/manual_downloads/UniVH/dataset.csv,normalized from outputs/tables/univh_family_reconstruction_audit.csv row 1275; unit=NCBI species-rank aggregate,RAW0021226,,3052381,Orthobunyavirus bunyamweraense,Orthobunyavirus bunyamweraense,Peribunyaviridae,Peribunyaviridae,ICTV 2026 (MSL41.v1),ncbi_name_exact_current_ictv_species,high,1,independent_source_verified
UniVH,SCLIN0021227,input_original/manual_downloads/UniVH/dataset.csv,normalized from outputs/tables/univh_family_reconstruction_audit.csv row 1276; unit=NCBI species-rank aggregate,RAW0021227,,3052384,Orthobunyavirus bwambaense,Orthobunyavirus bwambaense,Peribunyaviridae,Peribunyaviridae,ICTV 2026 (MSL41.v1),ncbi_name_exact_current_ictv_species,high,1,independent_source_verified
UniVH,SCLIN0021228,input_original/manual_downloads/UniVH/dataset.csv,normalized from outputs/tables/univh_family_reconstruction_audit.csv row 1277; unit=NCBI species-rank aggregate,RAW0021228,,3052385,Orthobunyavirus cacheense,Orthobunyavirus cacheense,Peribunyaviridae,Peribunyaviridae,ICTV 2026 (MSL41.v1),ncbi_name_exact_current_ictv_species,high,1,independent_source_verified
UniVH,SCLIN0021229,input_original/manual_downloads/UniVH/dataset.csv,normalized from outputs/tables/univh_family_reconstruction_audit.csv row 1278; unit=NCBI species-rank aggregate,RAW0021229,,3052387,Orthobunyavirus caraparuense,Orthobunyavirus caraparuense,Peribunyaviridae,Peribunyaviridae,ICTV 2026 (MSL41.v1),ncbi_name_exact_current_ictv_species,high,1,independent_source_verified
UniVH,SCLIN0021230,input_original/manual_downloads/UniVH/dataset.csv,normalized from outputs/tables/univh_family_reconstruction_audit.csv row 1279; unit=NCBI species-rank aggregate,RAW0021230,,3052388,Orthobunyavirus catqueense,Orthobunyavirus catqueense,Peribunyaviridae,Peribunyaviridae,ICTV 2026 (MSL41.v1),ncbi_name_exact_current_ictv_species,high,1,independent_source_verified
UniVH,SCLIN0021231,input_original/manual_downloads/UniVH/dataset.csv,normalized from outputs/tables/univh_family_reconstruction_audit.csv row 1280; unit=NCBI species-rank aggregate,RAW0021231,,3052389,Orthobunyavirus catuense,Orthobunyavirus catuense,Peribunyaviridae,Peribunyaviridae,ICTV 2026 (MSL41.v1),ncbi_name_exact_current_ictv_species,high,1,independent_source_verified
UniVH,SCLIN0021232,input_original/manual_downloads/UniVH/dataset.csv,normalized from outputs/tables/univh_family_reconstruction_audit.csv row 1281; unit=NCBI species-rank aggregate,RAW0021232,,3052395,Orthobunyavirus guajaraense,Orthobunyavirus guajaraense,Peribunyaviridae,Peribunyaviridae,ICTV 2026 (MSL41.v1),ncbi_name_exact_current_ictv_species,high,1,independent_source_verified
UniVH,SCLIN0021233,input_original/manual_downloads/UniVH/dataset.csv,normalized from outputs/tables/univh_family_reconstruction_audit.csv row 1282; unit=NCBI species-rank aggregate,RAW0021233,,3052396,Orthobunyavirus guamaense,Orthobunyavirus guamaense,Peribunyaviridae,Peribunyaviridae,ICTV 2026 (MSL41.v1),ncbi_name_exact_current_ictv_species,high,1,independent_source_verified
UniVH,SCLIN0021234,input_original/manual_downloads/UniVH/dataset.csv,normalized from outputs/tables/univh_family_reconstruction_audit.csv row 1283; unit=NCBI species-rank aggregate,RAW0021234,,3052397,Orthobunyavirus guaroaense,Orthobunyavirus guaroaense,Peribunyaviridae,Peribunyaviridae,ICTV 2026 (MSL41.v1),ncbi_name_exact_current_ictv_species,high,1,independent_source_verified
UniVH,SCLIN0021235,input_original/manual_downloads/UniVH/dataset.csv,normalized from outputs/tables/univh_family_reconstruction_audit.csv row 1284; unit=NCBI species-rank aggregate,RAW0021235,,3052399,Orthobunyavirus ileshaense,Orthobunyavirus ileshaense,Peribunyaviridae,Peribunyaviridae,ICTV 2026 (MSL41.v1),ncbi_name_exact_current_ictv_species,high,1,independent_source_verified
UniVH,SCLIN0021236,input_original/manual_downloads/UniVH/dataset.csv,normalized from outputs/tables/univh_family_reconstruction_audit.csv row 1285; unit=NCBI species-rank aggregate,RAW0021236,,3052406,Orthobunyavirus keystoneense,Orthobunyavirus keystoneense,Peribunyaviridae,Peribunyaviridae,ICTV 2026 (MSL41.v1),ncbi_name_exact_current_ictv_species,high,1,independent_source_verified
UniVH,SCLIN0021237,input_original/manual_downloads/UniVH/dataset.csv,normalized from outputs/tables/univh_family_reconstruction_audit.csv row 1286; unit=NCBI species-rank aggregate,RAW0021237,,3052409,Orthobunyavirus lacrosseense,Orthobunyavirus lacrosseense,Peribunyaviridae,Peribunyaviridae,ICTV 2026 (MSL41.v1),ncbi_name_exact_current_ictv_species,high,1,independent_source_verified
UniVH,SCLIN0021238,input_original/manual_downloads/UniVH/dataset.csv,normalized from outputs/tables/univh_family_reconstruction_audit.csv row 1287; unit=NCBI species-rank aggregate,RAW0021238,,3052413,Orthobunyavirus madridense,Orthobunyavirus madridense,Peribunyaviridae,Peribunyaviridae,ICTV 2026 (MSL41.v1),ncbi_name_exact_current_ictv_species,high,1,independent_source_verified
UniVH,SCLIN0021239,input_original/manual_downloads/UniVH/dataset.csv,normalized from outputs/tables/univh_family_reconstruction_audit.csv row 1288; unit=NCBI species-rank aggregate,RAW0021239,,3052414,Orthobunyavirus maguariense,Orthobunyavirus maguariense,Peribunyaviridae,Peribunyaviridae,ICTV 2026 (MSL41.v1),ncbi_name_exact_current_ictv_species,high,1,independent_source_verified
UniVH,SCLIN0021240,input_original/manual_downloads/UniVH/dataset.csv,normalized from outputs/tables/univh_family_reconstruction_audit.csv row 1289; unit=NCBI species-rank aggregate,RAW0021240,,3052418,Orthobunyavirus maritubaense,Orthobunyavirus maritubaense,Peribunyaviridae,Peribunyaviridae,ICTV 2026 (MSL41.v1),ncbi_name_exact_current_ictv_species,high,1,independent_source_verified
UniVH,SCLIN0021241,input_original/manual_downloads/UniVH/dataset.csv,normalized from outputs/tables/univh_family_reconstruction_audit.csv row 1290; unit=NCBI species-rank aggregate,RAW0021241,,3052420,Orthobunyavirus melajoense,Orthobunyavirus melajoense,Peribunyaviridae,Peribunyaviridae,ICTV 2026 (MSL41.v1),ncbi_name_exact_current_ictv_species,high,1,independent_source_verified
UniVH,SCLIN0021242,input_original/manual_downloads/UniVH/dataset.csv,normalized from outputs/tables/univh_family_reconstruction_audit.csv row 1291; unit=NCBI species-rank aggregate,RAW0021242,,3052422,Orthobunyavirus minatitlanense,Orthobunyavirus minatitlanense,Peribunyaviridae,Peribunyaviridae,ICTV 2026 (MSL41.v1),ncbi_name_exact_current_ictv_species,high,1,independent_source_verified
UniVH,SCLIN0021243,input_original/manual_downloads/UniVH/dataset.csv,normalized from outputs/tables/univh_family_reconstruction_audit.csv row 1292; unit=NCBI species-rank aggregate,RAW0021243,,3052426,Orthobunyavirus nyandoense,Orthobunyavirus nyandoense,Peribunyaviridae,Peribunyaviridae,ICTV 2026 (MSL41.v1),ncbi_name_exact_current_ictv_species,high,1,independent_source_verified
UniVH,SCLIN0021244,input_original/manual_downloads/UniVH/dataset.csv,normalized from outputs/tables/univh_family_reconstruction_audit.csv row 1293; unit=NCBI species-rank aggregate,RAW0021244,,3052428,Orthobunyavirus oribocaense,Orthobunyavirus oribocaense,Peribunyaviridae,Peribunyaviridae,ICTV 2026 (MSL41.v1),ncbi_name_exact_current_ictv_species,high,1,independent_source_verified
UniVH,SCLIN0021245,input_original/manual_downloads/UniVH/dataset.csv,normalized from outputs/tables/univh_family_reconstruction_audit.csv row 1294; unit=NCBI species-rank aggregate,RAW0021245,,3052429,Orthobunyavirus oropoucheense,Orthobunyavirus oropoucheense,Peribunyaviridae,Peribunyaviridae,ICTV 2026 (MSL41.v1),ncbi_name_exact_current_ictv_species,high,1,independent_source_verified
UniVH,SCLIN0021246,input_original/manual_downloads/UniVH/dataset.csv,normalized from outputs/tables/univh_family_reconstruction_audit.csv row 1295; unit=NCBI species-rank aggregate,RAW0021246,,3052434,Orthobunyavirus potosiense,Orthobunyavirus potosiense,Peribunyaviridae,Peribunyaviridae,ICTV 2026 (MSL41.v1),ncbi_name_exact_current_ictv_species,high,1,independent_source_verified
UniVH,SCLIN0021247,input_original/manual_downloads/UniVH/dataset.csv,normalized from outputs/tables/univh_family_reconstruction_audit.csv row 1296; unit=NCBI species-rank aggregate,RAW0021247,,3052437,Orthobunyavirus schmallenbergense,Orthobunyavirus schmallenbergense,Peribunyaviridae,Peribunyaviridae,ICTV 2026 (MSL41.v1),ncbi_name_exact_current_ictv_species,high,1,independent_source_verified
UniVH,SCLIN0021248,input_original/manual_downloads/UniVH/dataset.csv,normalized from outputs/tables/univh_family_reconstruction_audit.csv row 1297; unit=NCBI species-rank aggregate,RAW0021248,,3052439,Orthobunyavirus shermanense,Orthobunyavirus shermanense,Peribunyaviridae,Peribunyaviridae,ICTV 2026 (MSL41.v1),ncbi_name_exact_current_ictv_species,high,1,independent_source_verified
UniVH,SCLIN0021249,input_original/manual_downloads/UniVH/dataset.csv,normalized from outputs/tables/univh_family_reconstruction_audit.csv row 1298; unit=NCBI species-rank aggregate,RAW0021249,,3052440,Orthobunyavirus shuniense,Orthobunyavirus shuniense,Peribunyaviridae,Peribunyaviridae,ICTV 2026 (MSL41.v1),ncbi_name_exact_current_ictv_species,high,1,independent_source_verified
UniVH,SCLIN0021250,input_original/manual_downloads/UniVH/dataset.csv,normalized from outputs/tables/univh_family_reconstruction_audit.csv row 1299; unit=NCBI species-rank aggregate,RAW0021250,,3052444,Orthobunyavirus tacaiumaense,Orthobunyavirus tacaiumaense,Peribunyaviridae,Peribunyaviridae,ICTV 2026 (MSL41.v1),ncbi_name_exact_current_ictv_species,high,1,independent_source_verified
UniVH,SCLIN0021251,input_original/manual_downloads/UniVH/dataset.csv,normalized from outputs/tables/univh_family_reconstruction_audit.csv row 1300; unit=NCBI species-rank aggregate,RAW0021251,,3052446,Orthobunyavirus tataguineense,Orthobunyavirus tataguineense,Peribunyaviridae,Peribunyaviridae,ICTV 2026 (MSL41.v1),ncbi_name_exact_current_ictv_species,high,1,independent_source_verified
UniVH,SCLIN0021252,input_original/manual_downloads/UniVH/dataset.csv,normalized from outputs/tables/univh_family_reconstruction_audit.csv row 1301; unit=NCBI species-rank aggregate,RAW0021252,,3052450,Orthobunyavirus timboteuaense,Orthobunyavirus timboteuaense,Peribunyaviridae,Peribunyaviridae,ICTV 2026 (MSL41.v1),ncbi_name_exact_current_ictv_species,high,1,independent_source_verified
UniVH,SCLIN0021253,input_original/manual_downloads/UniVH/dataset.csv,normalized from outputs/tables/univh_family_reconstruction_audit.csv row 1302; unit=NCBI species-rank aggregate,RAW0021253,,3052456,Orthobunyavirus wyeomyiae,Orthobunyavirus wyeomyiae,Peribunyaviridae,Peribunyaviridae,ICTV 2026 (MSL41.v1),ncbi_name_exact_current_ictv_species,high,1,independent_source_verified
UniVH,SCLIN0021254,input_original/manual_downloads/UniVH/dataset.csv,normalized from outputs/tables/univh_family_reconstruction_audit.csv row 1410; unit=NCBI species-rank aggregate,RAW0021254,,3060497,Orthobunyavirus pacoraense,Orthobunyavirus pacoraense,Peribunyaviridae,Peribunyaviridae,ICTV 2026 (MSL41.v1),ncbi_name_exact_current_ictv_species,high,1,independent_source_verified
UniVH,SCLIN0021255,input_original/manual_downloads/UniVH/dataset.csv,normalized from outputs/tables/univh_family_reconstruction_audit.csv row 1411; unit=NCBI species-rank aggregate,RAW0021255,,3060500,Orthobunyavirus tangaense,Orthobunyavirus tangaense,Peribunyaviridae,Peribunyaviridae,ICTV 2026 (MSL41.v1),ncbi_name_exact_current_ictv_species,high,1,independent_source_verified
UniVH,SCLIN0021256,input_original/manual_downloads/UniVH/dataset.csv,normalized from outputs/tables/univh_family_reconstruction_audit.csv row 1412; unit=NCBI species-rank aggregate,RAW0021256,,3060502,Orthobunyavirus termeilense,Orthobunyavirus termeilense,Peribunyaviridae,Peribunyaviridae,ICTV 2026 (MSL41.v1),ncbi_name_exact_current_ictv_species,high,1,independent_source_verified
UniVH,SCLIN0021257,input_original/manual_downloads/UniVH/dataset.csv,normalized from outputs/tables/univh_family_reconstruction_audit.csv row 299; unit=NCBI species-rank aggregate,RAW0021257,,1933178,Orthobunyavirus akabaneense,Orthobunyavirus akabaneense,Peribunyaviridae,Peribunyaviridae,ICTV 2026 (MSL41.v1),ncbi_name_exact_current_ictv_species,high,1,independent_source_verified
UniVH,SCLIN0021258,input_original/manual_downloads/UniVH/dataset.csv,normalized from outputs/tables/univh_family_reconstruction_audit.csv row 400; unit=NCBI species-rank aggregate,RAW0021258,,2170053,Orthobunyavirus acaraense,Orthobunyavirus acaraense,Peribunyaviridae,Peribunyaviridae,ICTV 2026 (MSL41.v1),ncbi_name_exact_current_ictv_species,high,1,independent_source_verified
UniVH,SCLIN0021259,input_original/manual_downloads/UniVH/dataset.csv,normalized from outputs/tables/univh_family_reconstruction_audit.csv row 717; unit=NCBI species-rank aggregate,RAW0021259,,2843697,Orthobunyavirus apeuense,Orthobunyavirus apeuense,Peribunyaviridae,Peribunyaviridae,ICTV 2026 (MSL41.v1),ncbi_name_exact_current_ictv_species,high,1,independent_source_verified
UniVH,SCLIN0021260,input_original/manual_downloads/UniVH/dataset.csv,normalized from outputs/tables/univh_family_reconstruction_audit.csv row 943; unit=NCBI species-rank aggregate,RAW0021260,,2956101,Lambavirus wisconsinense,Lambavirus wisconsinense,Peribunyaviridae,Peribunyaviridae,ICTV 2026 (MSL41.v1),ncbi_name_exact_current_ictv_species,high,1,independent_source_verified
UniVH,SCLIN0021261,input_original/manual_downloads/UniVH/dataset.csv,normalized from outputs/tables/univh_family_reconstruction_audit.csv row 1561; unit=NCBI species-rank aggregate,RAW0021261,,3375452,Laodelphax striatellus permutotetra-like virus,Laodelphax striatellus permutotetra-like virus,Permutotetraviridae,Permutotetraviridae,ICTV 2026 (MSL41.v1),ncbi_family_ancestor_harmonized,high,1,independent_source_verified
UniVH,SCLIN0021262,input_original/manual_downloads/UniVH/dataset.csv,normalized from outputs/tables/univh_family_reconstruction_audit.csv row 809; unit=NCBI species-rank aggregate,RAW0021262,,2905514,Guiyang permutotetra-like virus 1,Guiyang permutotetra-like virus 1,Permutotetraviridae,Permutotetraviridae,ICTV 2026 (MSL41.v1),ncbi_family_ancestor_harmonized,high,1,independent_source_verified
UniVH,SCLIN0021263,input_original/manual_downloads/UniVH/dataset.csv,normalized from outputs/tables/univh_family_reconstruction_audit.csv row 1352; unit=NCBI species-rank aggregate,RAW0021263,,3052617,Orthopestivirus australiaense,Orthopestivirus australiaense,Flaviviridae,Pestiviridae,ICTV 2026 (MSL41.v1),ncbi_name_historical_ictv_species_alias,high,1,independent_source_verified
UniVH,SCLIN0021264,input_original/manual_downloads/UniVH/dataset.csv,normalized from outputs/tables/univh_family_reconstruction_audit.csv row 1353; unit=NCBI species-rank aggregate,RAW0021264,,3052618,Orthopestivirus aydinense,Orthopestivirus aydinense,Flaviviridae,Pestiviridae,ICTV 2026 (MSL41.v1),ncbi_name_historical_ictv_species_alias,high,1,independent_source_verified
UniVH,SCLIN0021265,input_original/manual_downloads/UniVH/dataset.csv,normalized from outputs/tables/univh_family_reconstruction_audit.csv row 1354; unit=NCBI species-rank aggregate,RAW0021265,,3052619,Orthopestivirus bovis,Orthopestivirus bovis,Flaviviridae,Pestiviridae,ICTV 2026 (MSL41.v1),ncbi_name_historical_ictv_species_alias,high,1,independent_source_verified
UniVH,SCLIN0021266,input_original/manual_downloads/UniVH/dataset.csv,normalized from outputs/tables/univh_family_reconstruction_audit.csv row 1355; unit=NCBI species-rank aggregate,RAW0021266,,3052620,Orthopestivirus brazilense,Orthopestivirus brazilense,Flaviviridae,Pestiviridae,ICTV 2026 (MSL41.v1),ncbi_name_historical_ictv_species_alias,high,1,independent_source_verified
UniVH,SCLIN0021267,input_original/manual_downloads/UniVH/dataset.csv,normalized from outputs/tables/univh_family_reconstruction_audit.csv row 1356; unit=NCBI species-rank aggregate,RAW0021267,,3052621,Orthopestivirus giraffae,Orthopestivirus giraffae,Flaviviridae,Pestiviridae,ICTV 2026 (MSL41.v1),ncbi_name_historical_ictv_species_alias,high,1,independent_source_verified
UniVH,SCLIN0021268,input_original/manual_downloads/UniVH/dataset.csv,normalized from outputs/tables/univh_family_reconstruction_audit.csv row 1357; unit=NCBI species-rank aggregate,RAW0021268,,3052622,Orthopestivirus ovis,Orthopestivirus ovis,Flaviviridae,Pestiviridae,ICTV 2026 (MSL41.v1),ncbi_name_historical_ictv_species_alias,high,1,independent_source_verified
UniVH,SCLIN0021269,input_original/manual_downloads/UniVH/dataset.csv,normalized from outputs/tables/univh_family_reconstruction_audit.csv row 1358; unit=NCBI species-rank aggregate,RAW0021269,,3052624,Orthopestivirus scrofae,Orthopestivirus scrofae,Flaviviridae,Pestiviridae,ICTV 2026 (MSL41.v1),ncbi_name_historical_ictv_species_alias,high,1,independent_source_verified
UniVH,SCLIN0021270,input_original/manual_downloads/UniVH/dataset.csv,normalized from outputs/tables/univh_family_reconstruction_audit.csv row 1359; unit=NCBI species-rank aggregate,RAW0021270,,3052625,Orthopestivirus suis,Orthopestivirus suis,Flaviviridae,Pestiviridae,ICTV 2026 (MSL41.v1),ncbi_name_historical_ictv_species_alias,high,1,independent_source_verified
UniVH,SCLIN0021271,input_original/manual_downloads/UniVH/dataset.csv,normalized from outputs/tables/univh_family_reconstruction_audit.csv row 1360; unit=NCBI species-rank aggregate,RAW0021271,,3052626,Orthopestivirus tauri,Orthopestivirus tauri,Flaviviridae,Pestiviridae,ICTV 2026 (MSL41.v1),ncbi_name_historical_ictv_species_alias,high,1,independent_source_verified
UniVH,SCLIN0021272,input_original/manual_downloads/UniVH/dataset.csv,normalized from outputs/tables/univh_family_reconstruction_audit.csv row 1418; unit=NCBI species-rank aggregate,RAW0021272,,3060541,Orthopestivirus steiermarkense,Orthopestivirus steiermarkense,Flaviviridae,Pestiviridae,ICTV 2026 (MSL41.v1),ncbi_name_historical_ictv_species_alias,high,1,independent_source_verified
UniVH,SCLIN0021273,input_original/manual_downloads/UniVH/dataset.csv,normalized from outputs/tables/univh_family_reconstruction_audit.csv row 1419; unit=NCBI species-rank aggregate,RAW0021273,,3060542,Orthopestivirus phocoenae,Orthopestivirus phocoenae,Flaviviridae,Pestiviridae,ICTV 2026 (MSL41.v1),ncbi_name_historical_ictv_species_alias,high,1,independent_source_verified
UniVH,SCLIN0021274,input_original/manual_downloads/UniVH/dataset.csv,normalized from outputs/tables/univh_family_reconstruction_audit.csv row 14; unit=NCBI species-rank aggregate,RAW0021274,,31657,Pestivirus sp.,Pestivirus sp.,Flaviviridae,Pestiviridae,ICTV 2026 (MSL41.v1),ncbi_current_family_overrides_historical_source_family,high,1,independent_source_verified
UniVH,SCLIN0021275,input_original/manual_downloads/UniVH/dataset.csv,normalized from outputs/tables/univh_family_reconstruction_audit.csv row 178; unit=NCBI species-rank aggregate,RAW0021275,,1562066,Norway rat pestivirus,Norway rat pestivirus,Flaviviridae,Pestiviridae,ICTV 2026 (MSL41.v1),ncbi_current_family_overrides_historical_source_family,high,1,independent_source_verified
UniVH,SCLIN0021276,input_original/manual_downloads/UniVH/dataset.csv,normalized from outputs/tables/univh_family_reconstruction_audit.csv row 1320; unit=NCBI species-rank aggregate,RAW0021276,,3052545,Orthophasmavirus sp. 'coleopterus',Orthophasmavirus sp. 'coleopterus',Phasmaviridae,Phasmaviridae,ICTV 2026 (MSL41.v1),ncbi_family_ancestor_harmonized,high,1,independent_source_verified
UniVH,SCLIN0021277,input_original/manual_downloads/UniVH/dataset.csv,normalized from outputs/tables/univh_family_reconstruction_audit.csv row 1321; unit=NCBI species-rank aggregate,RAW0021277,,3052546,Orthophasmavirus culicis,Orthophasmavirus culicis,Phasmaviridae,Phasmaviridae,ICTV 2026 (MSL41.v1),ncbi_name_exact_current_ictv_species,high,1,independent_source_verified
UniVH,SCLIN0021278,input_original/manual_downloads/UniVH/dataset.csv,normalized from outputs/tables/univh_family_reconstruction_audit.csv row 1416; unit=NCBI species-rank aggregate,RAW0021278,,3060508,Orthophasmavirus fushunense,Orthophasmavirus fushunense,Phasmaviridae,Phasmaviridae,ICTV 2026 (MSL41.v1),ncbi_name_exact_current_ictv_species,high,1,independent_source_verified
UniVH,SCLIN0021279,input_original/manual_downloads/UniVH/dataset.csv,normalized from outputs/tables/univh_family_reconstruction_audit.csv row 844; unit=NCBI species-rank aggregate,RAW0021279,,2933681,Bactrocera latifrons orthophasmavirus,Bactrocera latifrons orthophasmavirus,Phasmaviridae,Phasmaviridae,ICTV 2026 (MSL41.v1),ncbi_family_ancestor_harmonized,high,1,independent_source_verified
UniVH,SCLIN0021280,input_original/manual_downloads/UniVH/dataset.csv,normalized from outputs/tables/univh_family_reconstruction_audit.csv row 1127; unit=NCBI species-rank aggregate,RAW0021280,,3048183,Bandavirus amblyommae,Bandavirus amblyommae,Phenuiviridae,Phenuiviridae,ICTV 2026 (MSL41.v1),ncbi_name_exact_current_ictv_species,high,1,independent_source_verified
UniVH,SCLIN0021281,input_original/manual_downloads/UniVH/dataset.csv,normalized from outputs/tables/univh_family_reconstruction_audit.csv row 1225; unit=NCBI species-rank aggregate,RAW0021281,,3051989,Bandavirus bhanjanagarense,Bandavirus bhanjanagarense,Phenuiviridae,Phenuiviridae,ICTV 2026 (MSL41.v1),ncbi_name_exact_current_ictv_species,high,1,independent_source_verified
UniVH,SCLIN0021282,input_original/manual_downloads/UniVH/dataset.csv,normalized from outputs/tables/univh_family_reconstruction_audit.csv row 1226; unit=NCBI species-rank aggregate,RAW0021282,,3051992,Bandavirus heartlandense,Bandavirus heartlandense,Phenuiviridae,Phenuiviridae,ICTV 2026 (MSL41.v1),ncbi_name_exact_current_ictv_species,high,1,independent_source_verified
UniVH,SCLIN0021283,input_original/manual_downloads/UniVH/dataset.csv,normalized from outputs/tables/univh_family_reconstruction_audit.csv row 1245; unit=NCBI species-rank aggregate,RAW0021283,,3052279,Laulavirus laurelense,Laulavirus laurelense,Phenuiviridae,Phenuiviridae,ICTV 2026 (MSL41.v1),ncbi_name_exact_current_ictv_species,high,1,independent_source_verified
UniVH,SCLIN0021284,input_original/manual_downloads/UniVH/dataset.csv,normalized from outputs/tables/univh_family_reconstruction_audit.csv row 1246; unit=NCBI species-rank aggregate,RAW0021284,,3052280,Lentinuvirus lentinulae,Lentinuvirus lentinulae,Phenuiviridae,Phenuiviridae,ICTV 2026 (MSL41.v1),ncbi_name_exact_current_ictv_species,high,1,independent_source_verified
UniVH,SCLIN0021285,input_original/manual_downloads/UniVH/dataset.csv,normalized from outputs/tables/univh_family_reconstruction_audit.csv row 1361; unit=NCBI species-rank aggregate,RAW0021285,,3052631,Phasivirus phasiense,Phasivirus phasiense,Phenuiviridae,Phenuiviridae,ICTV 2026 (MSL41.v1),ncbi_name_exact_current_ictv_species,high,1,independent_source_verified
UniVH,SCLIN0021286,input_original/manual_downloads/UniVH/dataset.csv,normalized from outputs/tables/univh_family_reconstruction_audit.csv row 1362; unit=NCBI species-rank aggregate,RAW0021286,,3052633,Phasivirus wutaiense,Phasivirus wutaiense,Phenuiviridae,Phenuiviridae,ICTV 2026 (MSL41.v1),ncbi_name_exact_current_ictv_species,high,1,independent_source_verified
UniVH,SCLIN0021287,input_original/manual_downloads/UniVH/dataset.csv,normalized from outputs/tables/univh_family_reconstruction_audit.csv row 1363; unit=NCBI species-rank aggregate,RAW0021287,,3052640,Phlebovirus candiruense,Phlebovirus candiruense,Phenuiviridae,Phenuiviridae,ICTV 2026 (MSL41.v1),ncbi_name_exact_current_ictv_species,high,1,independent_source_verified
UniVH,SCLIN0021288,input_original/manual_downloads/UniVH/dataset.csv,normalized from outputs/tables/univh_family_reconstruction_audit.csv row 1364; unit=NCBI species-rank aggregate,RAW0021288,,3052643,Phlebovirus cocleense,Phlebovirus cocleense,Phenuiviridae,Phenuiviridae,ICTV 2026 (MSL41.v1),ncbi_name_exact_current_ictv_species,high,1,independent_source_verified
UniVH,SCLIN0021289,input_original/manual_downloads/UniVH/dataset.csv,normalized from outputs/tables/univh_family_reconstruction_audit.csv row 1365; unit=NCBI species-rank aggregate,RAW0021289,,3052647,Phlebovirus echarateense,Phlebovirus echarateense,Phenuiviridae,Phenuiviridae,ICTV 2026 (MSL41.v1),ncbi_name_exact_current_ictv_species,high,1,independent_source_verified
UniVH,SCLIN0021290,input_original/manual_downloads/UniVH/dataset.csv,normalized from outputs/tables/univh_family_reconstruction_audit.csv row 1366; unit=NCBI species-rank aggregate,RAW0021290,,3052657,Phlebovirus karimabadense,Phlebovirus karimabadense,Phenuiviridae,Phenuiviridae,ICTV 2026 (MSL41.v1),ncbi_name_exact_current_ictv_species,high,1,independent_source_verified
UniVH,SCLIN0021291,input_original/manual_downloads/UniVH/dataset.csv,normalized from outputs/tables/univh_family_reconstruction_audit.csv row 1367; unit=NCBI species-rank aggregate,RAW0021291,,3052660,Phlebovirus maldonadoense,Phlebovirus maldonadoense,Phenuiviridae,Phenuiviridae,ICTV 2026 (MSL41.v1),ncbi_name_exact_current_ictv_species,high,1,independent_source_verified
UniVH,SCLIN0021292,input_original/manual_downloads/UniVH/dataset.csv,normalized from outputs/tables/univh_family_reconstruction_audit.csv row 1368; unit=NCBI species-rank aggregate,RAW0021292,,3052664,Phlebovirus mukawaense,Phlebovirus mukawaense,Phenuiviridae,Phenuiviridae,ICTV 2026 (MSL41.v1),ncbi_name_exact_current_ictv_species,high,1,independent_source_verified
UniVH,SCLIN0021293,input_original/manual_downloads/UniVH/dataset.csv,normalized from outputs/tables/univh_family_reconstruction_audit.csv row 1369; unit=NCBI species-rank aggregate,RAW0021293,,3052676,Phlebovirus riftense,Phlebovirus riftense,Phenuiviridae,Phenuiviridae,ICTV 2026 (MSL41.v1),ncbi_name_exact_current_ictv_species,high,1,independent_source_verified
UniVH,SCLIN0021294,input_original/manual_downloads/UniVH/dataset.csv,normalized from outputs/tables/univh_family_reconstruction_audit.csv row 1370; unit=NCBI species-rank aggregate,RAW0021294,,3052681,Phlebovirus siciliaense,Phlebovirus siciliaense,Phenuiviridae,Phenuiviridae,ICTV 2026 (MSL41.v1),ncbi_name_exact_current_ictv_species,high,1,independent_source_verified
UniVH,SCLIN0021295,input_original/manual_downloads/UniVH/dataset.csv,normalized from outputs/tables/univh_family_reconstruction_audit.csv row 1371; unit=NCBI species-rank aggregate,RAW0021295,,3052686,Phlebovirus toscanaense,Phlebovirus toscanaense,Phenuiviridae,Phenuiviridae,ICTV 2026 (MSL41.v1),ncbi_name_exact_current_ictv_species,high,1,independent_source_verified
UniVH,SCLIN0021296,input_original/manual_downloads/UniVH/dataset.csv,normalized from outputs/tables/univh_family_reconstruction_audit.csv row 1376; unit=NCBI species-rank aggregate,RAW0021296,,3052736,Rubodvirus armeniaense,Rubodvirus armeniaense,Phenuiviridae,Phenuiviridae,ICTV 2026 (MSL41.v1),ncbi_name_exact_current_ictv_species,high,1,independent_source_verified
UniVH,SCLIN0021297,input_original/manual_downloads/UniVH/dataset.csv,normalized from outputs/tables/univh_family_reconstruction_audit.csv row 1382; unit=NCBI species-rank aggregate,RAW0021297,,3052759,Tanzavirus daressalaamense,Tanzavirus daressalaamense,Phenuiviridae,Phenuiviridae,ICTV 2026 (MSL41.v1),ncbi_name_exact_current_ictv_species,high,1,independent_source_verified
UniVH,SCLIN0021298,input_original/manual_downloads/UniVH/dataset.csv,normalized from outputs/tables/univh_family_reconstruction_audit.csv row 1383; unit=NCBI species-rank aggregate,RAW0021298,,3052761,Tenuivirus eurotritici,Tenuivirus eurotritici,Phenuiviridae,Phenuiviridae,ICTV 2026 (MSL41.v1),ncbi_name_exact_current_ictv_species,high,1,independent_source_verified
UniVH,SCLIN0021299,input_original/manual_downloads/UniVH/dataset.csv,normalized from outputs/tables/univh_family_reconstruction_audit.csv row 1384; unit=NCBI species-rank aggregate,RAW0021299,,3052762,Tenuivirus oryzabrevis,Tenuivirus oryzabrevis,Phenuiviridae,Phenuiviridae,ICTV 2026 (MSL41.v1),ncbi_name_exact_current_ictv_species,high,1,independent_source_verified
UniVH,SCLIN0021300,input_original/manual_downloads/UniVH/dataset.csv,normalized from outputs/tables/univh_family_reconstruction_audit.csv row 1385; unit=NCBI species-rank aggregate,RAW0021300,,3052763,Tenuivirus oryzaclavatae,Tenuivirus oryzaclavatae,Phenuiviridae,Phenuiviridae,ICTV 2026 (MSL41.v1),ncbi_name_exact_current_ictv_species,high,1,independent_source_verified
UniVH,SCLIN0021301,input_original/manual_downloads/UniVH/dataset.csv,normalized from outputs/tables/univh_family_reconstruction_audit.csv row 1386; unit=NCBI species-rank aggregate,RAW0021301,,3052764,Tenuivirus oryzalbae,Tenuivirus oryzalbae,Phenuiviridae,Phenuiviridae,ICTV 2026 (MSL41.v1),ncbi_name_exact_current_ictv_species,high,1,independent_source_verified
UniVH,SCLIN0021302,input_original/manual_downloads/UniVH/dataset.csv,normalized from outputs/tables/univh_family_reconstruction_audit.csv row 1387; unit=NCBI species-rank aggregate,RAW0021302,,3052767,Tenuivirus zeae,Tenuivirus zeae,Phenuiviridae,Phenuiviridae,ICTV 2026 (MSL41.v1),ncbi_name_exact_current_ictv_species,high,1,independent_source_verified
UniVH,SCLIN0021303,input_original/manual_downloads/UniVH/dataset.csv,normalized from outputs/tables/univh_family_reconstruction_audit.csv row 1390; unit=NCBI species-rank aggregate,RAW0021303,,3052826,Wenrivirus penaei,Wenrivirus penaei,Phenuiviridae,Phenuiviridae,ICTV 2026 (MSL41.v1),ncbi_name_exact_current_ictv_species,high,1,independent_source_verified
UniVH,SCLIN0021304,input_original/manual_downloads/UniVH/dataset.csv,normalized from outputs/tables/univh_family_reconstruction_audit.csv row 1405; unit=NCBI species-rank aggregate,RAW0021304,,3060037,Horwuvirus solenopsidis,Horwuvirus solenopsidis,Phenuiviridae,Phenuiviridae,ICTV 2026 (MSL41.v1),ncbi_name_exact_current_ictv_species,high,1,independent_source_verified
UniVH,SCLIN0021305,input_original/manual_downloads/UniVH/dataset.csv,normalized from outputs/tables/univh_family_reconstruction_audit.csv row 2016; unit=NCBI species-rank aggregate,RAW0021305,,3432720,Tenuivirus kwazuluense,Tenuivirus kwazuluense,Phenuiviridae,Phenuiviridae,ICTV 2026 (MSL41.v1),ncbi_name_exact_current_ictv_species,high,1,independent_source_verified
UniVH,SCLIN0021306,input_original/manual_downloads/UniVH/dataset.csv,normalized from outputs/tables/univh_family_reconstruction_audit.csv row 2017; unit=NCBI species-rank aggregate,RAW0021306,,3432721,Tenuivirus pontaense,Tenuivirus pontaense,Phenuiviridae,Phenuiviridae,ICTV 2026 (MSL41.v1),ncbi_name_exact_current_ictv_species,high,1,independent_source_verified
UniVH,SCLIN0021307,input_original/manual_downloads/UniVH/dataset.csv,normalized from outputs/tables/univh_family_reconstruction_audit.csv row 2163; unit=NCBI species-rank aggregate,RAW0021307,,2983973,Phlebovirus baishanense,Phlebovirus baishanense,Phenuiviridae,Phenuiviridae,ICTV 2026 (MSL41.v1),ncbi_name_exact_current_ictv_species,high,1,independent_source_verified
UniVH,SCLIN0021308,input_original/manual_downloads/UniVH/dataset.csv,normalized from outputs/tables/univh_family_reconstruction_audit.csv row 232; unit=NCBI species-rank aggregate,RAW0021308,,1848960,Phlebovirus SDYY104/China/2011,Phlebovirus SDYY104/China/2011,Phenuiviridae,Phenuiviridae,ICTV 2026 (MSL41.v1),ncbi_family_ancestor_harmonized,high,1,independent_source_verified
UniVH,SCLIN0021309,input_original/manual_downloads/UniVH/dataset.csv,normalized from outputs/tables/univh_family_reconstruction_audit.csv row 561; unit=NCBI species-rank aggregate,RAW0021309,,2734436,Phlebovirus alenquerense,Phlebovirus alenquerense,Phenuiviridae,Phenuiviridae,ICTV 2026 (MSL41.v1),ncbi_name_exact_current_ictv_species,high,1,independent_source_verified
UniVH,SCLIN0021310,input_original/manual_downloads/UniVH/dataset.csv,normalized from outputs/tables/univh_family_reconstruction_audit.csv row 562; unit=NCBI species-rank aggregate,RAW0021310,,2734438,Phlebovirus anhangaense,Phlebovirus anhangaense,Phenuiviridae,Phenuiviridae,ICTV 2026 (MSL41.v1),ncbi_name_exact_current_ictv_species,high,1,independent_source_verified
UniVH,SCLIN0021311,input_original/manual_downloads/UniVH/dataset.csv,normalized from outputs/tables/univh_family_reconstruction_audit.csv row 563; unit=NCBI species-rank aggregate,RAW0021311,,2734485,Rubodvirus prosserense,Rubodvirus prosserense,Phenuiviridae,Phenuiviridae,ICTV 2026 (MSL41.v1),ncbi_name_exact_current_ictv_species,high,1,independent_source_verified
UniVH,SCLIN0021312,input_original/manual_downloads/UniVH/dataset.csv,normalized from outputs/tables/univh_family_reconstruction_audit.csv row 641; unit=NCBI species-rank aggregate,RAW0021312,,1933190; 2748958,Bandavirus dabieense,Bandavirus dabieense,Phenuiviridae,Phenuiviridae,ICTV 2026 (MSL41.v1),ncbi_name_exact_current_ictv_species,high,1,independent_source_verified
UniVH,SCLIN0021313,input_original/manual_downloads/UniVH/dataset.csv,normalized from outputs/tables/univh_family_reconstruction_audit.csv row 686; unit=NCBI species-rank aggregate,RAW0021313,,2809175,Bandavirus sp.,Bandavirus sp.,Phenuiviridae,Phenuiviridae,ICTV 2026 (MSL41.v1),ncbi_family_ancestor_harmonized,high,1,independent_source_verified
UniVH,SCLIN0021314,input_original/manual_downloads/UniVH/dataset.csv,normalized from outputs/tables/univh_family_reconstruction_audit.csv row 1476; unit=NCBI species-rank aggregate,RAW0021314,,3162545,Rhizoctonia solani phlegivirus 1,Rhizoctonia solani phlegivirus 1,Phlegiviridae,Phlegiviridae,ICTV 2026 (MSL41.v1),ncbi_family_ancestor_harmonized,high,1,independent_source_verified
UniVH,SCLIN0021315,input_original/manual_downloads/UniVH/dataset.csv,normalized from outputs/tables/univh_family_reconstruction_audit.csv row 1917; unit=NCBI species-rank aggregate,RAW0021315,,349681,Phlegivirus ichi,Phlegivirus ichi,Totiviridae,Phlegiviridae,ICTV 2026 (MSL41.v1),ncbi_name_exact_current_ictv_species,high,1,independent_source_verified
UniVH,SCLIN0021316,input_original/manual_downloads/UniVH/dataset.csv,normalized from outputs/tables/univh_family_reconstruction_audit.csv row 1918; unit=NCBI species-rank aggregate,RAW0021316,,3431645,Phlegivirus ni,Phlegivirus ni,Phlegiviridae,Phlegiviridae,ICTV 2026 (MSL41.v1),ncbi_name_exact_current_ictv_species,high,1,independent_source_verified
UniVH,SCLIN0021317,input_original/manual_downloads/UniVH/dataset.csv,normalized from outputs/tables/univh_family_reconstruction_audit.csv row 118; unit=NCBI species-rank aggregate,RAW0021317,,1187973,Otarine picobirnavirus,Otarine picobirnavirus,Picobirnaviridae,Picobirnaviridae,ICTV 2026 (MSL41.v1),ncbi_family_ancestor_harmonized,high,1,independent_source_verified
UniVH,SCLIN0021318,input_original/manual_downloads/UniVH/dataset.csv,normalized from outputs/tables/univh_family_reconstruction_audit.csv row 195; unit=NCBI species-rank aggregate,RAW0021318,,1673645,Picobirnavirus Equ2,Picobirnavirus Equ2,Picobirnaviridae,Picobirnaviridae,ICTV 2026 (MSL41.v1),ncbi_family_ancestor_harmonized,high,1,independent_source_verified
UniVH,SCLIN0021319,input_original/manual_downloads/UniVH/dataset.csv,normalized from outputs/tables/univh_family_reconstruction_audit.csv row 295; unit=NCBI species-rank aggregate,RAW0021319,,1930304,Chicken picobirnavirus,Chicken picobirnavirus,Picobirnaviridae,Picobirnaviridae,ICTV 2026 (MSL41.v1),ncbi_family_ancestor_harmonized,high,1,independent_source_verified
UniVH,SCLIN0021320,input_original/manual_downloads/UniVH/dataset.csv,normalized from outputs/tables/univh_family_reconstruction_audit.csv row 100; unit=NCBI species-rank aggregate,RAW0021320,,1074865,Bat picornavirus 3,Bat picornavirus 3,Picornaviridae,Picornaviridae,ICTV 2026 (MSL41.v1),ncbi_family_ancestor_harmonized,high,1,independent_source_verified
UniVH,SCLIN0021321,input_original/manual_downloads/UniVH/dataset.csv,normalized from outputs/tables/univh_family_reconstruction_audit.csv row 1022; unit=NCBI species-rank aggregate,RAW0021321,,2987487,duck egg-reducing syndrome virus,duck egg-reducing syndrome virus,Picornaviridae,Picornaviridae,ICTV 2026 (MSL41.v1),ncbi_family_ancestor_harmonized,high,1,independent_source_verified
UniVH,SCLIN0021322,input_original/manual_downloads/UniVH/dataset.csv,normalized from outputs/tables/univh_family_reconstruction_audit.csv row 1043; unit=NCBI species-rank aggregate,RAW0021322,,3023698,Bovine hunnivirus,Bovine hunnivirus,Picornaviridae,Picornaviridae,ICTV 2026 (MSL41.v1),ncbi_family_ancestor_harmonized,high,1,independent_source_verified
UniVH,SCLIN0021323,input_original/manual_downloads/UniVH/dataset.csv,normalized from outputs/tables/univh_family_reconstruction_audit.csv row 105; unit=NCBI species-rank aggregate,RAW0021323,,1108810,Feline picornavirus,Feline picornavirus,Picornaviridae,Picornaviridae,ICTV 2026 (MSL41.v1),ncbi_family_ancestor_harmonized,high,1,independent_source_verified
UniVH,SCLIN0021324,input_original/manual_downloads/UniVH/dataset.csv,normalized from outputs/tables/univh_family_reconstruction_audit.csv row 122; unit=NCBI species-rank aggregate,RAW0021324,,1233383,Human cosavirus,Human cosavirus,Picornaviridae,Picornaviridae,ICTV 2026 (MSL41.v1),ncbi_family_ancestor_harmonized,high,1,independent_source_verified
UniVH,SCLIN0021325,input_original/manual_downloads/UniVH/dataset.csv,normalized from outputs/tables/univh_family_reconstruction_audit.csv row 129; unit=NCBI species-rank aggregate,RAW0021325,,1298633,Kobuvirus cebes,Kobuvirus cebes,Picornaviridae,Picornaviridae,ICTV 2026 (MSL41.v1),ncbi_name_exact_current_ictv_species,high,1,independent_source_verified
UniVH,SCLIN0021326,input_original/manual_downloads/UniVH/dataset.csv,normalized from outputs/tables/univh_family_reconstruction_audit.csv row 133; unit=NCBI species-rank aggregate,RAW0021326,,1330066,Aquamavirus apinni,Aquamavirus apinni,Picornaviridae,Picornaviridae,ICTV 2026 (MSL41.v1),ncbi_name_exact_current_ictv_species,high,1,independent_source_verified
UniVH,SCLIN0021327,input_original/manual_downloads/UniVH/dataset.csv,normalized from outputs/tables/univh_family_reconstruction_audit.csv row 1441; unit=NCBI species-rank aggregate,RAW0021327,,3092269,Human parechovirus 1B,Human parechovirus 1B,Picornaviridae,Picornaviridae,ICTV 2026 (MSL41.v1),ncbi_family_ancestor_harmonized,high,1,independent_source_verified
UniVH,SCLIN0021328,input_original/manual_downloads/UniVH/dataset.csv,normalized from outputs/tables/univh_family_reconstruction_audit.csv row 1468; unit=NCBI species-rank aggregate,RAW0021328,,3145025,Bovine boosepivirus,Bovine boosepivirus,Picornaviridae,Picornaviridae,ICTV 2026 (MSL41.v1),ncbi_family_ancestor_harmonized,high,1,independent_source_verified
UniVH,SCLIN0021329,input_original/manual_downloads/UniVH/dataset.csv,normalized from outputs/tables/univh_family_reconstruction_audit.csv row 1552; unit=NCBI species-rank aggregate,RAW0021329,,3241303,Senecavirus valles,Senecavirus valles,Picornaviridae,Picornaviridae,ICTV 2026 (MSL41.v1),ncbi_name_exact_current_ictv_species,high,1,independent_source_verified
UniVH,SCLIN0021330,input_original/manual_downloads/UniVH/dataset.csv,normalized from outputs/tables/univh_family_reconstruction_audit.csv row 1553; unit=NCBI species-rank aggregate,RAW0021330,,3241304,Shanbavirus aminfuli,Shanbavirus aminfuli,Picornaviridae,Picornaviridae,ICTV 2026 (MSL41.v1),ncbi_name_exact_current_ictv_species,high,1,independent_source_verified
UniVH,SCLIN0021331,input_original/manual_downloads/UniVH/dataset.csv,normalized from outputs/tables/univh_family_reconstruction_audit.csv row 1573; unit=NCBI species-rank aggregate,RAW0021331,,3407641,Hepatovirus ahepa,Hepatovirus ahepa,Picornaviridae,Picornaviridae,ICTV 2026 (MSL41.v1),ncbi_name_exact_current_ictv_species,high,1,independent_source_verified
UniVH,SCLIN0021332,input_original/manual_downloads/UniVH/dataset.csv,normalized from outputs/tables/univh_family_reconstruction_audit.csv row 158; unit=NCBI species-rank aggregate,RAW0021332,,1476551,Ovine kobuvirus,Ovine kobuvirus,Picornaviridae,Picornaviridae,ICTV 2026 (MSL41.v1),ncbi_family_ancestor_harmonized,high,1,independent_source_verified
UniVH,SCLIN0021333,input_original/manual_downloads/UniVH/dataset.csv,normalized from outputs/tables/univh_family_reconstruction_audit.csv row 1644; unit=NCBI species-rank aggregate,RAW0021333,,1155188,Aphthovirus bogeli,Aphthovirus bogeli,Picornaviridae,Picornaviridae,ICTV 2026 (MSL41.v1),ncbi_name_exact_current_ictv_species,high,1,independent_source_verified
UniVH,SCLIN0021334,input_original/manual_downloads/UniVH/dataset.csv,normalized from outputs/tables/univh_family_reconstruction_audit.csv row 1645; unit=NCBI species-rank aggregate,RAW0021334,,3426399,Aphthovirus burrowsi,Aphthovirus burrowsi,Picornaviridae,Picornaviridae,ICTV 2026 (MSL41.v1),ncbi_name_exact_current_ictv_species,high,1,independent_source_verified
UniVH,SCLIN0021335,input_original/manual_downloads/UniVH/dataset.csv,normalized from outputs/tables/univh_family_reconstruction_audit.csv row 1646; unit=NCBI species-rank aggregate,RAW0021335,,693066,Aphthovirus reedi,Aphthovirus reedi,Picornaviridae,Picornaviridae,ICTV 2026 (MSL41.v1),ncbi_name_exact_current_ictv_species,high,1,independent_source_verified
UniVH,SCLIN0021336,input_original/manual_downloads/UniVH/dataset.csv,normalized from outputs/tables/univh_family_reconstruction_audit.csv row 1647; unit=NCBI species-rank aggregate,RAW0021336,,12110,Aphthovirus vesiculae,Aphthovirus vesiculae,Picornaviridae,Picornaviridae,ICTV 2026 (MSL41.v1),ncbi_name_exact_current_ictv_species,high,1,independent_source_verified
UniVH,SCLIN0021337,input_original/manual_downloads/UniVH/dataset.csv,normalized from outputs/tables/univh_family_reconstruction_audit.csv row 1652; unit=NCBI species-rank aggregate,RAW0021337,,691956,Avihepatovirus ahepati,Avihepatovirus ahepati,Picornaviridae,Picornaviridae,ICTV 2026 (MSL41.v1),ncbi_name_exact_current_ictv_species,high,1,independent_source_verified
UniVH,SCLIN0021338,input_original/manual_downloads/UniVH/dataset.csv,normalized from outputs/tables/univh_family_reconstruction_audit.csv row 1653; unit=NCBI species-rank aggregate,RAW0021338,,1511772,Avisivirus aturki,Avisivirus aturki,Picornaviridae,Picornaviridae,ICTV 2026 (MSL41.v1),ncbi_name_exact_current_ictv_species,high,1,independent_source_verified
UniVH,SCLIN0021339,input_original/manual_downloads/UniVH/dataset.csv,normalized from outputs/tables/univh_family_reconstruction_audit.csv row 1654; unit=NCBI species-rank aggregate,RAW0021339,,1985982,Avisivirus begallu,Avisivirus begallu,Picornaviridae,Picornaviridae,ICTV 2026 (MSL41.v1),ncbi_name_exact_current_ictv_species,high,1,independent_source_verified
UniVH,SCLIN0021340,input_original/manual_downloads/UniVH/dataset.csv,normalized from outputs/tables/univh_family_reconstruction_audit.csv row 1655; unit=NCBI species-rank aggregate,RAW0021340,,1985983,Avisivirus cechici,Avisivirus cechici,Picornaviridae,Picornaviridae,ICTV 2026 (MSL41.v1),ncbi_name_exact_current_ictv_species,high,1,independent_source_verified
UniVH,SCLIN0021341,input_original/manual_downloads/UniVH/dataset.csv,normalized from outputs/tables/univh_family_reconstruction_audit.csv row 166; unit=NCBI species-rank aggregate,RAW0021341,,1530251,Picornaviridae sp.,Picornaviridae sp.,Picornaviridae,Picornaviridae,ICTV 2026 (MSL41.v1),ncbi_family_ancestor_harmonized,high,1,independent_source_verified
UniVH,SCLIN0021342,input_original/manual_downloads/UniVH/dataset.csv,normalized from outputs/tables/univh_family_reconstruction_audit.csv row 1682; unit=NCBI species-rank aggregate,RAW0021342,,2734520,Boosepivirus atauri,Boosepivirus atauri,Picornaviridae,Picornaviridae,ICTV 2026 (MSL41.v1),ncbi_name_exact_current_ictv_species,high,1,independent_source_verified
UniVH,SCLIN0021343,input_original/manual_downloads/UniVH/dataset.csv,normalized from outputs/tables/univh_family_reconstruction_audit.csv row 1683; unit=NCBI species-rank aggregate,RAW0021343,,2734521,Boosepivirus bebovi,Boosepivirus bebovi,Picornaviridae,Picornaviridae,ICTV 2026 (MSL41.v1),ncbi_name_exact_current_ictv_species,high,1,independent_source_verified
UniVH,SCLIN0021344,input_original/manual_downloads/UniVH/dataset.csv,normalized from outputs/tables/univh_family_reconstruction_audit.csv row 1684; unit=NCBI species-rank aggregate,RAW0021344,,2169775,Bopivirus abovi,Bopivirus abovi,Picornaviridae,Picornaviridae,ICTV 2026 (MSL41.v1),ncbi_name_exact_current_ictv_species,high,1,independent_source_verified
UniVH,SCLIN0021345,input_original/manual_downloads/UniVH/dataset.csv,normalized from outputs/tables/univh_family_reconstruction_audit.csv row 168; unit=NCBI species-rank aggregate,RAW0021345,,1534544,Chicken picornavirus 1,Chicken picornavirus 1,Picornaviridae,Picornaviridae,ICTV 2026 (MSL41.v1),ncbi_family_ancestor_harmonized,high,1,independent_source_verified
UniVH,SCLIN0021346,input_original/manual_downloads/UniVH/dataset.csv,normalized from outputs/tables/univh_family_reconstruction_audit.csv row 169; unit=NCBI species-rank aggregate,RAW0021346,,1534547,Chicken picornavirus 4,Chicken picornavirus 4,Picornaviridae,Picornaviridae,ICTV 2026 (MSL41.v1),ncbi_family_ancestor_harmonized,high,1,independent_source_verified
UniVH,SCLIN0021347,input_original/manual_downloads/UniVH/dataset.csv,normalized from outputs/tables/univh_family_reconstruction_audit.csv row 1703; unit=NCBI species-rank aggregate,RAW0021347,,1821751,Cardiovirus ranori,Cardiovirus ranori,Picornaviridae,Picornaviridae,ICTV 2026 (MSL41.v1),ncbi_name_exact_current_ictv_species,high,1,independent_source_verified
UniVH,SCLIN0021348,input_original/manual_downloads/UniVH/dataset.csv,normalized from outputs/tables/univh_family_reconstruction_audit.csv row 1704; unit=NCBI species-rank aggregate,RAW0021348,,1821749,Cardiovirus rueckerti,Cardiovirus rueckerti,Picornaviridae,Picornaviridae,ICTV 2026 (MSL41.v1),ncbi_name_exact_current_ictv_species,high,1,independent_source_verified
UniVH,SCLIN0021349,input_original/manual_downloads/UniVH/dataset.csv,normalized from outputs/tables/univh_family_reconstruction_audit.csv row 1705; unit=NCBI species-rank aggregate,RAW0021349,,2734523,Cardiovirus saffoldi,Cardiovirus saffoldi,Picornaviridae,Picornaviridae,ICTV 2026 (MSL41.v1),ncbi_name_exact_current_ictv_species,high,1,independent_source_verified
UniVH,SCLIN0021350,input_original/manual_downloads/UniVH/dataset.csv,normalized from outputs/tables/univh_family_reconstruction_audit.csv row 1706; unit=NCBI species-rank aggregate,RAW0021350,,1821750,Cardiovirus theileri,Cardiovirus theileri,Picornaviridae,Picornaviridae,ICTV 2026 (MSL41.v1),ncbi_name_exact_current_ictv_species,high,1,independent_source_verified
UniVH,SCLIN0021351,input_original/manual_downloads/UniVH/dataset.csv,normalized from outputs/tables/univh_family_reconstruction_audit.csv row 172; unit=NCBI species-rank aggregate,RAW0021351,,1547495,Salivirus FHB,Salivirus FHB,Picornaviridae,Picornaviridae,ICTV 2026 (MSL41.v1),ncbi_family_ancestor_harmonized,high,1,independent_source_verified
UniVH,SCLIN0021352,input_original/manual_downloads/UniVH/dataset.csv,normalized from outputs/tables/univh_family_reconstruction_audit.csv row 1738; unit=NCBI species-rank aggregate,RAW0021352,,1330491,Cosavirus asiani,Cosavirus asiani,Picornaviridae,Picornaviridae,ICTV 2026 (MSL41.v1),ncbi_name_exact_current_ictv_species,high,1,independent_source_verified
UniVH,SCLIN0021353,input_original/manual_downloads/UniVH/dataset.csv,normalized from outputs/tables/univh_family_reconstruction_audit.csv row 1739; unit=NCBI species-rank aggregate,RAW0021353,,2003649,Cosavirus bepakis,Cosavirus bepakis,Picornaviridae,Picornaviridae,ICTV 2026 (MSL41.v1),ncbi_name_exact_current_ictv_species,high,1,independent_source_verified
UniVH,SCLIN0021354,input_original/manual_downloads/UniVH/dataset.csv,normalized from outputs/tables/univh_family_reconstruction_audit.csv row 1740; unit=NCBI species-rank aggregate,RAW0021354,,2003650,Cosavirus depakis,Cosavirus depakis,Picornaviridae,Picornaviridae,ICTV 2026 (MSL41.v1),ncbi_name_exact_current_ictv_species,high,1,independent_source_verified
UniVH,SCLIN0021355,input_original/manual_downloads/UniVH/dataset.csv,normalized from outputs/tables/univh_family_reconstruction_audit.csv row 1741; unit=NCBI species-rank aggregate,RAW0021355,,2003651,Cosavirus eaustrali,Cosavirus eaustrali,Picornaviridae,Picornaviridae,ICTV 2026 (MSL41.v1),ncbi_name_exact_current_ictv_species,high,1,independent_source_verified
UniVH,SCLIN0021356,input_original/manual_downloads/UniVH/dataset.csv,normalized from outputs/tables/univh_family_reconstruction_audit.csv row 1742; unit=NCBI species-rank aggregate,RAW0021356,,2003652,Cosavirus fepakis,Cosavirus fepakis,Picornaviridae,Picornaviridae,ICTV 2026 (MSL41.v1),ncbi_name_exact_current_ictv_species,high,1,independent_source_verified
UniVH,SCLIN0021357,input_original/manual_downloads/UniVH/dataset.csv,normalized from outputs/tables/univh_family_reconstruction_audit.csv row 1755; unit=NCBI species-rank aggregate,RAW0021357,,2844057,Danipivirus abrafi,Danipivirus abrafi,Picornaviridae,Picornaviridae,ICTV 2026 (MSL41.v1),ncbi_name_exact_current_ictv_species,high,1,independent_source_verified
UniVH,SCLIN0021358,input_original/manual_downloads/UniVH/dataset.csv,normalized from outputs/tables/univh_family_reconstruction_audit.csv row 1766; unit=NCBI species-rank aggregate,RAW0021358,,1330068,Dicipivirus acadici,Dicipivirus acadici,Picornaviridae,Picornaviridae,ICTV 2026 (MSL41.v1),ncbi_name_exact_current_ictv_species,high,1,independent_source_verified
UniVH,SCLIN0021359,input_original/manual_downloads/UniVH/dataset.csv,normalized from outputs/tables/univh_family_reconstruction_audit.csv row 1772; unit=NCBI species-rank aggregate,RAW0021359,,138948,Enterovirus alphacoxsackie,Enterovirus alphacoxsackie,Picornaviridae,Picornaviridae,ICTV 2026 (MSL41.v1),ncbi_name_exact_current_ictv_species,high,1,independent_source_verified
UniVH,SCLIN0021360,input_original/manual_downloads/UniVH/dataset.csv,normalized from outputs/tables/univh_family_reconstruction_audit.csv row 1773; unit=NCBI species-rank aggregate,RAW0021360,,147711,Enterovirus alpharhino,Enterovirus alpharhino,Picornaviridae,Picornaviridae,ICTV 2026 (MSL41.v1),ncbi_name_exact_current_ictv_species,high,1,independent_source_verified
UniVH,SCLIN0021361,input_original/manual_downloads/UniVH/dataset.csv,normalized from outputs/tables/univh_family_reconstruction_audit.csv row 1774; unit=NCBI species-rank aggregate,RAW0021361,,138949,Enterovirus betacoxsackie,Enterovirus betacoxsackie,Picornaviridae,Picornaviridae,ICTV 2026 (MSL41.v1),ncbi_name_exact_current_ictv_species,high,1,independent_source_verified
UniVH,SCLIN0021362,input_original/manual_downloads/UniVH/dataset.csv,normalized from outputs/tables/univh_family_reconstruction_audit.csv row 1775; unit=NCBI species-rank aggregate,RAW0021362,,147712,Enterovirus betarhino,Enterovirus betarhino,Picornaviridae,Picornaviridae,ICTV 2026 (MSL41.v1),ncbi_name_exact_current_ictv_species,high,1,independent_source_verified
UniVH,SCLIN0021363,input_original/manual_downloads/UniVH/dataset.csv,normalized from outputs/tables/univh_family_reconstruction_audit.csv row 1776; unit=NCBI species-rank aggregate,RAW0021363,,463676,Enterovirus cerhino,Enterovirus cerhino,Picornaviridae,Picornaviridae,ICTV 2026 (MSL41.v1),ncbi_name_exact_current_ictv_species,high,1,independent_source_verified
UniVH,SCLIN0021364,input_original/manual_downloads/UniVH/dataset.csv,normalized from outputs/tables/univh_family_reconstruction_audit.csv row 1777; unit=NCBI species-rank aggregate,RAW0021364,,138950,Enterovirus coxsackiepol,Enterovirus coxsackiepol,Picornaviridae,Picornaviridae,ICTV 2026 (MSL41.v1),ncbi_name_exact_current_ictv_species,high,1,independent_source_verified
UniVH,SCLIN0021365,input_original/manual_downloads/UniVH/dataset.csv,normalized from outputs/tables/univh_family_reconstruction_audit.csv row 1778; unit=NCBI species-rank aggregate,RAW0021365,,138951,Enterovirus deconjuncti,Enterovirus deconjuncti,Picornaviridae,Picornaviridae,ICTV 2026 (MSL41.v1),ncbi_name_exact_current_ictv_species,high,1,independent_source_verified
UniVH,SCLIN0021366,input_original/manual_downloads/UniVH/dataset.csv,normalized from outputs/tables/univh_family_reconstruction_audit.csv row 1779; unit=NCBI species-rank aggregate,RAW0021366,,12064,Enterovirus eibovi,Enterovirus eibovi,Picornaviridae,Picornaviridae,ICTV 2026 (MSL41.v1),ncbi_name_exact_current_ictv_species,high,1,independent_source_verified
UniVH,SCLIN0021367,input_original/manual_downloads/UniVH/dataset.csv,normalized from outputs/tables/univh_family_reconstruction_audit.csv row 1780; unit=NCBI species-rank aggregate,RAW0021367,,1330520; 1929150,Enterovirus fitauri,Enterovirus fitauri,Picornaviridae,Picornaviridae,ICTV 2026 (MSL41.v1),ncbi_name_exact_current_ictv_species,high,1,independent_source_verified
UniVH,SCLIN0021368,input_original/manual_downloads/UniVH/dataset.csv,normalized from outputs/tables/univh_family_reconstruction_audit.csv row 1781; unit=NCBI species-rank aggregate,RAW0021368,,106966; 1849328,Enterovirus geswini,Enterovirus geswini,Picornaviridae,Picornaviridae,ICTV 2026 (MSL41.v1),ncbi_name_exact_current_ictv_species,high,1,independent_source_verified
UniVH,SCLIN0021369,input_original/manual_downloads/UniVH/dataset.csv,normalized from outputs/tables/univh_family_reconstruction_audit.csv row 1782; unit=NCBI species-rank aggregate,RAW0021369,,2040663,Enterovirus idromi,Enterovirus idromi,Picornaviridae,Picornaviridae,ICTV 2026 (MSL41.v1),ncbi_name_exact_current_ictv_species,high,1,independent_source_verified
UniVH,SCLIN0021370,input_original/manual_downloads/UniVH/dataset.csv,normalized from outputs/tables/univh_family_reconstruction_audit.csv row 1783; unit=NCBI species-rank aggregate,RAW0021370,,1330521,Enterovirus jesimi,Enterovirus jesimi,Picornaviridae,Picornaviridae,ICTV 2026 (MSL41.v1),ncbi_name_exact_current_ictv_species,high,1,independent_source_verified
UniVH,SCLIN0021371,input_original/manual_downloads/UniVH/dataset.csv,normalized from outputs/tables/univh_family_reconstruction_audit.csv row 1784; unit=NCBI species-rank aggregate,RAW0021371,,2169885,Enterovirus lesimi,Enterovirus lesimi,Picornaviridae,Picornaviridae,ICTV 2026 (MSL41.v1),ncbi_name_exact_current_ictv_species,high,1,independent_source_verified
UniVH,SCLIN0021372,input_original/manual_downloads/UniVH/dataset.csv,normalized from outputs/tables/univh_family_reconstruction_audit.csv row 1786; unit=NCBI species-rank aggregate,RAW0021372,,312185,Erbovirus aequirhi,Erbovirus aequirhi,Picornaviridae,Picornaviridae,ICTV 2026 (MSL41.v1),ncbi_name_exact_current_ictv_species,high,1,independent_source_verified
UniVH,SCLIN0021373,input_original/manual_downloads/UniVH/dataset.csv,normalized from outputs/tables/univh_family_reconstruction_audit.csv row 1789; unit=NCBI species-rank aggregate,RAW0021373,,2734529,Felipivirus acati,Felipivirus acati,Picornaviridae,Picornaviridae,ICTV 2026 (MSL41.v1),ncbi_name_exact_current_ictv_species,high,1,independent_source_verified
UniVH,SCLIN0021374,input_original/manual_downloads/UniVH/dataset.csv,normalized from outputs/tables/univh_family_reconstruction_audit.csv row 1810; unit=NCBI species-rank aggregate,RAW0021374,,1511776,Gallivirus afowli,Gallivirus afowli,Picornaviridae,Picornaviridae,ICTV 2026 (MSL41.v1),ncbi_name_exact_current_ictv_species,high,1,independent_source_verified
UniVH,SCLIN0021375,input_original/manual_downloads/UniVH/dataset.csv,normalized from outputs/tables/univh_family_reconstruction_audit.csv row 1816; unit=NCBI species-rank aggregate,RAW0021375,,1987123,Hepatovirus bephopi,Hepatovirus bephopi,Picornaviridae,Picornaviridae,ICTV 2026 (MSL41.v1),ncbi_name_exact_current_ictv_species,high,1,independent_source_verified
UniVH,SCLIN0021376,input_original/manual_downloads/UniVH/dataset.csv,normalized from outputs/tables/univh_family_reconstruction_audit.csv row 1817; unit=NCBI species-rank aggregate,RAW0021376,,1987129,Hepatovirus hedgi,Hepatovirus hedgi,Picornaviridae,Picornaviridae,ICTV 2026 (MSL41.v1),ncbi_name_exact_current_ictv_species,high,1,independent_source_verified
UniVH,SCLIN0021377,input_original/manual_downloads/UniVH/dataset.csv,normalized from outputs/tables/univh_family_reconstruction_audit.csv row 1818; unit=NCBI species-rank aggregate,RAW0021377,,1987130,Hepatovirus ishrewi,Hepatovirus ishrewi,Picornaviridae,Picornaviridae,ICTV 2026 (MSL41.v1),ncbi_name_exact_current_ictv_species,high,1,independent_source_verified
UniVH,SCLIN0021378,input_original/manual_downloads/UniVH/dataset.csv,normalized from outputs/tables/univh_family_reconstruction_audit.csv row 1821; unit=NCBI species-rank aggregate,RAW0021378,,1431460,Hunnivirus amagyari,Hunnivirus amagyari,Picornaviridae,Picornaviridae,ICTV 2026 (MSL41.v1),ncbi_name_exact_current_ictv_species,high,1,independent_source_verified
UniVH,SCLIN0021379,input_original/manual_downloads/UniVH/dataset.csv,normalized from outputs/tables/univh_family_reconstruction_audit.csv row 183; unit=NCBI species-rank aggregate,RAW0021379,,1582094,Cosavirus JMY-2014,Cosavirus JMY-2014,Picornaviridae,Picornaviridae,ICTV 2026 (MSL41.v1),ncbi_family_ancestor_harmonized,high,1,independent_source_verified
UniVH,SCLIN0021380,input_original/manual_downloads/UniVH/dataset.csv,normalized from outputs/tables/univh_family_reconstruction_audit.csv row 1849; unit=NCBI species-rank aggregate,RAW0021380,,1914575,Limnipivirus becarpi,Limnipivirus becarpi,Picornaviridae,Picornaviridae,ICTV 2026 (MSL41.v1),ncbi_name_exact_current_ictv_species,high,1,independent_source_verified
UniVH,SCLIN0021381,input_original/manual_downloads/UniVH/dataset.csv,normalized from outputs/tables/univh_family_reconstruction_audit.csv row 1850; unit=NCBI species-rank aggregate,RAW0021381,,1914576,Limnipivirus cefahemi,Limnipivirus cefahemi,Picornaviridae,Picornaviridae,ICTV 2026 (MSL41.v1),ncbi_name_exact_current_ictv_species,high,1,independent_source_verified
UniVH,SCLIN0021382,input_original/manual_downloads/UniVH/dataset.csv,normalized from outputs/tables/univh_family_reconstruction_audit.csv row 1851; unit=NCBI species-rank aggregate,RAW0021382,,2845514,Limnipivirus disploca,Limnipivirus disploca,Picornaviridae,Picornaviridae,ICTV 2026 (MSL41.v1),ncbi_name_exact_current_ictv_species,high,1,independent_source_verified
UniVH,SCLIN0021383,input_original/manual_downloads/UniVH/dataset.csv,normalized from outputs/tables/univh_family_reconstruction_audit.csv row 1859; unit=NCBI species-rank aggregate,RAW0021383,,2560578,Malagasivirus alphalesa,Malagasivirus alphalesa,Picornaviridae,Picornaviridae,ICTV 2026 (MSL41.v1),ncbi_name_exact_current_ictv_species,high,1,independent_source_verified
UniVH,SCLIN0021384,input_original/manual_downloads/UniVH/dataset.csv,normalized from outputs/tables/univh_family_reconstruction_audit.csv row 1873; unit=NCBI species-rank aggregate,RAW0021384,,1330070,Megrivirus aturhepa,Megrivirus aturhepa,Picornaviridae,Picornaviridae,ICTV 2026 (MSL41.v1),ncbi_name_exact_current_ictv_species,high,1,independent_source_verified
UniVH,SCLIN0021385,input_original/manual_downloads/UniVH/dataset.csv,normalized from outputs/tables/univh_family_reconstruction_audit.csv row 1874; unit=NCBI species-rank aggregate,RAW0021385,,2170005,Megrivirus berockdo,Megrivirus berockdo,Picornaviridae,Picornaviridae,ICTV 2026 (MSL41.v1),ncbi_name_exact_current_ictv_species,high,1,independent_source_verified
UniVH,SCLIN0021386,input_original/manual_downloads/UniVH/dataset.csv,normalized from outputs/tables/univh_family_reconstruction_audit.csv row 1875; unit=NCBI species-rank aggregate,RAW0021386,,2170006,Megrivirus chigalli,Megrivirus chigalli,Picornaviridae,Picornaviridae,ICTV 2026 (MSL41.v1),ncbi_name_exact_current_ictv_species,high,1,independent_source_verified
UniVH,SCLIN0021387,input_original/manual_downloads/UniVH/dataset.csv,normalized from outputs/tables/univh_family_reconstruction_audit.csv row 1878; unit=NCBI species-rank aggregate,RAW0021387,,2560598,Mischivirus defoxi,Mischivirus defoxi,Picornaviridae,Picornaviridae,ICTV 2026 (MSL41.v1),ncbi_name_exact_current_ictv_species,high,1,independent_source_verified
UniVH,SCLIN0021388,input_original/manual_downloads/UniVH/dataset.csv,normalized from outputs/tables/univh_family_reconstruction_audit.csv row 1893; unit=NCBI species-rank aggregate,RAW0021388,,2170052,Orivirus aoroshaza,Orivirus aoroshaza,Picornaviridae,Picornaviridae,ICTV 2026 (MSL41.v1),ncbi_name_exact_current_ictv_species,high,1,independent_source_verified
UniVH,SCLIN0021389,input_original/manual_downloads/UniVH/dataset.csv,normalized from outputs/tables/univh_family_reconstruction_audit.csv row 1902; unit=NCBI species-rank aggregate,RAW0021389,,1803956,Parechovirus ahumpari,Parechovirus ahumpari,Picornaviridae,Picornaviridae,ICTV 2026 (MSL41.v1),ncbi_name_exact_current_ictv_species,high,1,independent_source_verified
UniVH,SCLIN0021390,input_original/manual_downloads/UniVH/dataset.csv,normalized from outputs/tables/univh_family_reconstruction_audit.csv row 1903; unit=NCBI species-rank aggregate,RAW0021390,,1803957,Parechovirus beljungani,Parechovirus beljungani,Picornaviridae,Picornaviridae,ICTV 2026 (MSL41.v1),ncbi_name_exact_current_ictv_species,high,1,independent_source_verified
UniVH,SCLIN0021391,input_original/manual_downloads/UniVH/dataset.csv,normalized from outputs/tables/univh_family_reconstruction_audit.csv row 1904; unit=NCBI species-rank aggregate,RAW0021391,,2031166,Parechovirus deferreti,Parechovirus deferreti,Picornaviridae,Picornaviridae,ICTV 2026 (MSL41.v1),ncbi_name_exact_current_ictv_species,high,1,independent_source_verified
UniVH,SCLIN0021392,input_original/manual_downloads/UniVH/dataset.csv,normalized from outputs/tables/univh_family_reconstruction_audit.csv row 1905; unit=NCBI species-rank aggregate,RAW0021392,,1511783,Pasivirus agallia,Pasivirus agallia,Picornaviridae,Picornaviridae,ICTV 2026 (MSL41.v1),ncbi_name_exact_current_ictv_species,high,1,independent_source_verified
UniVH,SCLIN0021393,input_original/manual_downloads/UniVH/dataset.csv,normalized from outputs/tables/univh_family_reconstruction_audit.csv row 1910; unit=NCBI species-rank aggregate,RAW0021393,,2734548,Pemapivirus achisotu,Pemapivirus achisotu,Picornaviridae,Picornaviridae,ICTV 2026 (MSL41.v1),ncbi_name_exact_current_ictv_species,high,1,independent_source_verified
UniVH,SCLIN0021394,input_original/manual_downloads/UniVH/dataset.csv,normalized from outputs/tables/univh_family_reconstruction_audit.csv row 1966; unit=NCBI species-rank aggregate,RAW0021394,,1914568,Potamipivirus aconstanci,Potamipivirus aconstanci,Picornaviridae,Picornaviridae,ICTV 2026 (MSL41.v1),ncbi_name_exact_current_ictv_species,high,1,independent_source_verified
UniVH,SCLIN0021395,input_original/manual_downloads/UniVH/dataset.csv,normalized from outputs/tables/univh_family_reconstruction_audit.csv row 1970; unit=NCBI species-rank aggregate,RAW0021395,,1603962,Rabovirus aneyoci,Rabovirus aneyoci,Picornaviridae,Picornaviridae,ICTV 2026 (MSL41.v1),ncbi_name_exact_current_ictv_species,high,1,independent_source_verified
UniVH,SCLIN0021396,input_original/manual_downloads/UniVH/dataset.csv,normalized from outputs/tables/univh_family_reconstruction_audit.csv row 1971; unit=NCBI species-rank aggregate,RAW0021396,,2560697,Rabovirus dehomo,Rabovirus dehomo,Picornaviridae,Picornaviridae,ICTV 2026 (MSL41.v1),ncbi_name_exact_current_ictv_species,high,1,independent_source_verified
UniVH,SCLIN0021397,input_original/manual_downloads/UniVH/dataset.csv,normalized from outputs/tables/univh_family_reconstruction_audit.csv row 1977; unit=NCBI species-rank aggregate,RAW0021397,,1511805,Rosavirus acaliforni,Rosavirus acaliforni,Picornaviridae,Picornaviridae,ICTV 2026 (MSL41.v1),ncbi_name_exact_current_ictv_species,high,1,independent_source_verified
UniVH,SCLIN0021398,input_original/manual_downloads/UniVH/dataset.csv,normalized from outputs/tables/univh_family_reconstruction_audit.csv row 1978; unit=NCBI species-rank aggregate,RAW0021398,,1902501,Rosavirus brorati,Rosavirus brorati,Picornaviridae,Picornaviridae,ICTV 2026 (MSL41.v1),ncbi_name_exact_current_ictv_species,high,1,independent_source_verified
UniVH,SCLIN0021399,input_original/manual_downloads/UniVH/dataset.csv,normalized from outputs/tables/univh_family_reconstruction_audit.csv row 1987; unit=NCBI species-rank aggregate,RAW0021399,,3432235,Sakobuvirus aportufeli,Sakobuvirus aportufeli,Picornaviridae,Picornaviridae,ICTV 2026 (MSL41.v1),ncbi_name_exact_current_ictv_species,high,1,independent_source_verified
UniVH,SCLIN0021400,input_original/manual_downloads/UniVH/dataset.csv,normalized from outputs/tables/univh_family_reconstruction_audit.csv row 1988; unit=NCBI species-rank aggregate,RAW0021400,,1330524,Salivirus aklasse,Salivirus aklasse,Picornaviridae,Picornaviridae,ICTV 2026 (MSL41.v1),ncbi_name_exact_current_ictv_species,high,1,independent_source_verified
UniVH,SCLIN0021401,input_original/manual_downloads/UniVH/dataset.csv,normalized from outputs/tables/univh_family_reconstruction_audit.csv row 1989; unit=NCBI species-rank aggregate,RAW0021401,,3432263,Sapelovirus anglia,Sapelovirus anglia,Picornaviridae,Picornaviridae,ICTV 2026 (MSL41.v1),ncbi_name_exact_current_ictv_species,high,1,independent_source_verified
UniVH,SCLIN0021402,input_original/manual_downloads/UniVH/dataset.csv,normalized from outputs/tables/univh_family_reconstruction_audit.csv row 1990; unit=NCBI species-rank aggregate,RAW0021402,,686985,Sapelovirus besimi,Sapelovirus besimi,Picornaviridae,Picornaviridae,ICTV 2026 (MSL41.v1),ncbi_name_exact_current_ictv_species,high,1,independent_source_verified
UniVH,SCLIN0021403,input_original/manual_downloads/UniVH/dataset.csv,normalized from outputs/tables/univh_family_reconstruction_audit.csv row 1994; unit=NCBI species-rank aggregate,RAW0021403,,1755588,Sicinivirus ahiberni,Sicinivirus ahiberni,Picornaviridae,Picornaviridae,ICTV 2026 (MSL41.v1),ncbi_name_exact_current_ictv_species,high,1,independent_source_verified
UniVH,SCLIN0021404,input_original/manual_downloads/UniVH/dataset.csv,normalized from outputs/tables/univh_family_reconstruction_audit.csv row 19; unit=NCBI species-rank aggregate,RAW0021404,,47681,Enterovirus sp.,Enterovirus sp.,Picornaviridae,Picornaviridae,ICTV 2026 (MSL41.v1),ncbi_family_ancestor_harmonized,high,1,independent_source_verified
UniVH,SCLIN0021405,input_original/manual_downloads/UniVH/dataset.csv,normalized from outputs/tables/univh_family_reconstruction_audit.csv row 2018; unit=NCBI species-rank aggregate,RAW0021405,,118140,Teschovirus asilesi,Teschovirus asilesi,Picornaviridae,Picornaviridae,ICTV 2026 (MSL41.v1),ncbi_name_exact_current_ictv_species,high,1,independent_source_verified
UniVH,SCLIN0021406,input_original/manual_downloads/UniVH/dataset.csv,normalized from outputs/tables/univh_family_reconstruction_audit.csv row 2019; unit=NCBI species-rank aggregate,RAW0021406,,2219164,Teschovirus bishikawa,Teschovirus bishikawa,Picornaviridae,Picornaviridae,ICTV 2026 (MSL41.v1),ncbi_name_exact_current_ictv_species,high,1,independent_source_verified
UniVH,SCLIN0021407,input_original/manual_downloads/UniVH/dataset.csv,normalized from outputs/tables/univh_family_reconstruction_audit.csv row 2041; unit=NCBI species-rank aggregate,RAW0021407,,2560822,Tottorivirus asuscro,Tottorivirus asuscro,Picornaviridae,Picornaviridae,ICTV 2026 (MSL41.v1),ncbi_name_exact_current_ictv_species,high,1,independent_source_verified
UniVH,SCLIN0021408,input_original/manual_downloads/UniVH/dataset.csv,normalized from outputs/tables/univh_family_reconstruction_audit.csv row 2042; unit=NCBI species-rank aggregate,RAW0021408,,70796,Tremovirus aetremori,Tremovirus aetremori,Picornaviridae,Picornaviridae,ICTV 2026 (MSL41.v1),ncbi_name_exact_current_ictv_species,high,1,independent_source_verified
UniVH,SCLIN0021409,input_original/manual_downloads/UniVH/dataset.csv,normalized from outputs/tables/univh_family_reconstruction_audit.csv row 2043; unit=NCBI species-rank aggregate,RAW0021409,,2734554,Tremovirus beturtli,Tremovirus beturtli,Picornaviridae,Picornaviridae,ICTV 2026 (MSL41.v1),ncbi_name_exact_current_ictv_species,high,1,independent_source_verified
UniVH,SCLIN0021410,input_original/manual_downloads/UniVH/dataset.csv,normalized from outputs/tables/univh_family_reconstruction_audit.csv row 211; unit=NCBI species-rank aggregate,RAW0021410,,1745247,Rodent hepatovirus,Rodent hepatovirus,Picornaviridae,Picornaviridae,ICTV 2026 (MSL41.v1),ncbi_family_ancestor_harmonized,high,1,independent_source_verified
UniVH,SCLIN0021411,input_original/manual_downloads/UniVH/dataset.csv,normalized from outputs/tables/univh_family_reconstruction_audit.csv row 214; unit=NCBI species-rank aggregate,RAW0021411,,1766557,Gallivirus Pf-CHK1/GV,Gallivirus Pf-CHK1/GV,Picornaviridae,Picornaviridae,ICTV 2026 (MSL41.v1),ncbi_family_ancestor_harmonized,high,1,independent_source_verified
UniVH,SCLIN0021412,input_original/manual_downloads/UniVH/dataset.csv,normalized from outputs/tables/univh_family_reconstruction_audit.csv row 215; unit=NCBI species-rank aggregate,RAW0021412,,1766559,Avisivirus Pf-CHK1/AsV,Avisivirus Pf-CHK1/AsV,Picornaviridae,Picornaviridae,ICTV 2026 (MSL41.v1),ncbi_family_ancestor_harmonized,high,1,independent_source_verified
UniVH,SCLIN0021413,input_original/manual_downloads/UniVH/dataset.csv,normalized from outputs/tables/univh_family_reconstruction_audit.csv row 216; unit=NCBI species-rank aggregate,RAW0021413,,1768064,Tupaia hepatovirus A,Tupaia hepatovirus A,Picornaviridae,Picornaviridae,ICTV 2026 (MSL41.v1),ncbi_family_ancestor_harmonized,high,1,independent_source_verified
UniVH,SCLIN0021414,input_original/manual_downloads/UniVH/dataset.csv,normalized from outputs/tables/univh_family_reconstruction_audit.csv row 219; unit=NCBI species-rank aggregate,RAW0021414,,1790067,Goat enterovirus,Goat enterovirus,Picornaviridae,Picornaviridae,ICTV 2026 (MSL41.v1),ncbi_family_ancestor_harmonized,high,1,independent_source_verified
UniVH,SCLIN0021415,input_original/manual_downloads/UniVH/dataset.csv,normalized from outputs/tables/univh_family_reconstruction_audit.csv row 221; unit=NCBI species-rank aggregate,RAW0021415,,1803958,Parechovirus 1,Parechovirus 1,Picornaviridae,Picornaviridae,ICTV 2026 (MSL41.v1),ncbi_family_ancestor_harmonized,high,1,independent_source_verified
UniVH,SCLIN0021416,input_original/manual_downloads/UniVH/dataset.csv,normalized from outputs/tables/univh_family_reconstruction_audit.csv row 229; unit=NCBI species-rank aggregate,RAW0021416,,1836608,Canine kobuvirus,Canine kobuvirus,Picornaviridae,Picornaviridae,ICTV 2026 (MSL41.v1),ncbi_family_ancestor_harmonized,high,1,independent_source_verified
UniVH,SCLIN0021417,input_original/manual_downloads/UniVH/dataset.csv,normalized from outputs/tables/univh_family_reconstruction_audit.csv row 249; unit=NCBI species-rank aggregate,RAW0021417,,1897731,Kobuvirus dekago,Kobuvirus dekago,Picornaviridae,Picornaviridae,ICTV 2026 (MSL41.v1),ncbi_name_exact_current_ictv_species,high,1,independent_source_verified
UniVH,SCLIN0021418,input_original/manual_downloads/UniVH/dataset.csv,normalized from outputs/tables/univh_family_reconstruction_audit.csv row 25; unit=NCBI species-rank aggregate,RAW0021418,,72149,Kobuvirus aichi,Kobuvirus aichi,Picornaviridae,Picornaviridae,ICTV 2026 (MSL41.v1),ncbi_name_exact_current_ictv_species,high,1,independent_source_verified
UniVH,SCLIN0021419,input_original/manual_downloads/UniVH/dataset.csv,normalized from outputs/tables/univh_family_reconstruction_audit.csv row 296; unit=NCBI species-rank aggregate,RAW0021419,,1930506,Sicinivirus sp.,Sicinivirus sp.,Picornaviridae,Picornaviridae,ICTV 2026 (MSL41.v1),ncbi_family_ancestor_harmonized,high,1,independent_source_verified
UniVH,SCLIN0021420,input_original/manual_downloads/UniVH/dataset.csv,normalized from outputs/tables/univh_family_reconstruction_audit.csv row 33; unit=NCBI species-rank aggregate,RAW0021420,,169066,Human rhinovirus sp.,Human rhinovirus sp.,Picornaviridae,Picornaviridae,ICTV 2026 (MSL41.v1),ncbi_family_ancestor_harmonized,high,1,independent_source_verified
UniVH,SCLIN0021421,input_original/manual_downloads/UniVH/dataset.csv,normalized from outputs/tables/univh_family_reconstruction_audit.csv row 345; unit=NCBI species-rank aggregate,RAW0021421,,1986958,Kobuvirus ecuni,Kobuvirus ecuni,Picornaviridae,Picornaviridae,ICTV 2026 (MSL41.v1),ncbi_name_exact_current_ictv_species,high,1,independent_source_verified
UniVH,SCLIN0021422,input_original/manual_downloads/UniVH/dataset.csv,normalized from outputs/tables/univh_family_reconstruction_audit.csv row 386; unit=NCBI species-rank aggregate,RAW0021422,,2080834,Avisivirus AVE052/AsV,Avisivirus AVE052/AsV,Picornaviridae,Picornaviridae,ICTV 2026 (MSL41.v1),ncbi_family_ancestor_harmonized,high,1,independent_source_verified
UniVH,SCLIN0021423,input_original/manual_downloads/UniVH/dataset.csv,normalized from outputs/tables/univh_family_reconstruction_audit.csv row 389; unit=NCBI species-rank aggregate,RAW0021423,,2094719,Kobuvirus sp.,Kobuvirus sp.,Picornaviridae,Picornaviridae,ICTV 2026 (MSL41.v1),ncbi_family_ancestor_harmonized,high,1,independent_source_verified
UniVH,SCLIN0021424,input_original/manual_downloads/UniVH/dataset.csv,normalized from outputs/tables/univh_family_reconstruction_audit.csv row 38; unit=NCBI species-rank aggregate,RAW0021424,,194965,Kobuvirus bejaponia,Kobuvirus bejaponia,Picornaviridae,Picornaviridae,ICTV 2026 (MSL41.v1),ncbi_name_exact_current_ictv_species,high,1,independent_source_verified
UniVH,SCLIN0021425,input_original/manual_downloads/UniVH/dataset.csv,normalized from outputs/tables/univh_family_reconstruction_audit.csv row 397; unit=NCBI species-rank aggregate,RAW0021425,,2169685,Aalivirus apekidu,Aalivirus apekidu,Picornaviridae,Picornaviridae,ICTV 2026 (MSL41.v1),ncbi_name_exact_current_ictv_species,high,1,independent_source_verified
UniVH,SCLIN0021426,input_original/manual_downloads/UniVH/dataset.csv,normalized from outputs/tables/univh_family_reconstruction_audit.csv row 405; unit=NCBI species-rank aggregate,RAW0021426,,2219165,Porcine teschovirus 16,Porcine teschovirus 16,Picornaviridae,Picornaviridae,ICTV 2026 (MSL41.v1),ncbi_family_ancestor_harmonized,high,1,independent_source_verified
UniVH,SCLIN0021427,input_original/manual_downloads/UniVH/dataset.csv,normalized from outputs/tables/univh_family_reconstruction_audit.csv row 406; unit=NCBI species-rank aggregate,RAW0021427,,2219167,Sapelovirus-like porcine picornavirus Japan,Sapelovirus-like porcine picornavirus Japan,Picornaviridae,Picornaviridae,ICTV 2026 (MSL41.v1),ncbi_family_ancestor_harmonized,high,1,independent_source_verified
UniVH,SCLIN0021428,input_original/manual_downloads/UniVH/dataset.csv,normalized from outputs/tables/univh_family_reconstruction_audit.csv row 421; unit=NCBI species-rank aggregate,RAW0021428,,2304617,Cyprivirus A,Cyprivirus A,Picornaviridae,Picornaviridae,ICTV 2026 (MSL41.v1),ncbi_family_ancestor_harmonized,high,1,independent_source_verified
UniVH,SCLIN0021429,input_original/manual_downloads/UniVH/dataset.csv,normalized from outputs/tables/univh_family_reconstruction_audit.csv row 478; unit=NCBI species-rank aggregate,RAW0021429,,2529474,Tasmanian devil-associated sapelovirus,Tasmanian devil-associated sapelovirus,Picornaviridae,Picornaviridae,ICTV 2026 (MSL41.v1),ncbi_family_ancestor_harmonized,high,1,independent_source_verified
UniVH,SCLIN0021430,input_original/manual_downloads/UniVH/dataset.csv,normalized from outputs/tables/univh_family_reconstruction_audit.csv row 532; unit=NCBI species-rank aggregate,RAW0021430,,2697056,Mosavirus sp.,Mosavirus sp.,Picornaviridae,Picornaviridae,ICTV 2026 (MSL41.v1),ncbi_family_ancestor_harmonized,high,1,independent_source_verified
UniVH,SCLIN0021431,input_original/manual_downloads/UniVH/dataset.csv,normalized from outputs/tables/univh_family_reconstruction_audit.csv row 566; unit=NCBI species-rank aggregate,RAW0021431,,2734519,Anativirus biphaco,Anativirus biphaco,Picornaviridae,Picornaviridae,ICTV 2026 (MSL41.v1),ncbi_name_exact_current_ictv_species,high,1,independent_source_verified
UniVH,SCLIN0021432,input_original/manual_downloads/UniVH/dataset.csv,normalized from outputs/tables/univh_family_reconstruction_audit.csv row 680; unit=NCBI species-rank aggregate,RAW0021432,,2804202,Bopivirus sp.,Bopivirus sp.,Picornaviridae,Picornaviridae,ICTV 2026 (MSL41.v1),ncbi_family_ancestor_harmonized,high,1,independent_source_verified
UniVH,SCLIN0021433,input_original/manual_downloads/UniVH/dataset.csv,normalized from outputs/tables/univh_family_reconstruction_audit.csv row 687; unit=NCBI species-rank aggregate,RAW0021433,,2809206,Boosepivirus sp.,Boosepivirus sp.,Picornaviridae,Picornaviridae,ICTV 2026 (MSL41.v1),ncbi_family_ancestor_harmonized,high,1,independent_source_verified
UniVH,SCLIN0021434,input_original/manual_downloads/UniVH/dataset.csv,normalized from outputs/tables/univh_family_reconstruction_audit.csv row 688; unit=NCBI species-rank aggregate,RAW0021434,,2809654,Pasivirus sp.,Pasivirus sp.,Picornaviridae,Picornaviridae,ICTV 2026 (MSL41.v1),ncbi_family_ancestor_harmonized,high,1,independent_source_verified
UniVH,SCLIN0021435,input_original/manual_downloads/UniVH/dataset.csv,normalized from outputs/tables/univh_family_reconstruction_audit.csv row 692; unit=NCBI species-rank aggregate,RAW0021435,,2816940,Bovine enterovirus HB19-1,Bovine enterovirus HB19-1,Picornaviridae,Picornaviridae,ICTV 2026 (MSL41.v1),ncbi_family_ancestor_harmonized,high,1,independent_source_verified
UniVH,SCLIN0021436,input_original/manual_downloads/UniVH/dataset.csv,normalized from outputs/tables/univh_family_reconstruction_audit.csv row 693; unit=NCBI species-rank aggregate,RAW0021436,,2816941,Bovine enterovirus GX20-1,Bovine enterovirus GX20-1,Picornaviridae,Picornaviridae,ICTV 2026 (MSL41.v1),ncbi_family_ancestor_harmonized,high,1,independent_source_verified
UniVH,SCLIN0021437,input_original/manual_downloads/UniVH/dataset.csv,normalized from outputs/tables/univh_family_reconstruction_audit.csv row 694; unit=NCBI species-rank aggregate,RAW0021437,,2816942,Bovine enterovirus JS20-1,Bovine enterovirus JS20-1,Picornaviridae,Picornaviridae,ICTV 2026 (MSL41.v1),ncbi_family_ancestor_harmonized,high,1,independent_source_verified
UniVH,SCLIN0021438,input_original/manual_downloads/UniVH/dataset.csv,normalized from outputs/tables/univh_family_reconstruction_audit.csv row 697; unit=NCBI species-rank aggregate,RAW0021438,,2818450,Bovine parechovirus,Bovine parechovirus,Picornaviridae,Picornaviridae,ICTV 2026 (MSL41.v1),ncbi_family_ancestor_harmonized,high,1,independent_source_verified
UniVH,SCLIN0021439,input_original/manual_downloads/UniVH/dataset.csv,normalized from outputs/tables/univh_family_reconstruction_audit.csv row 792; unit=NCBI species-rank aggregate,RAW0021439,,2890963,Picornavirus HMU-1,Picornavirus HMU-1,Picornaviridae,Picornaviridae,ICTV 2026 (MSL41.v1),ncbi_family_ancestor_harmonized,high,1,independent_source_verified
UniVH,SCLIN0021440,input_original/manual_downloads/UniVH/dataset.csv,normalized from outputs/tables/univh_family_reconstruction_audit.csv row 794; unit=NCBI species-rank aggregate,RAW0021440,,2901325,Ovine enterovirus 2019-00927,Ovine enterovirus 2019-00927,Picornaviridae,Picornaviridae,ICTV 2026 (MSL41.v1),ncbi_family_ancestor_harmonized,high,1,independent_source_verified
UniVH,SCLIN0021441,input_original/manual_downloads/UniVH/dataset.csv,normalized from outputs/tables/univh_family_reconstruction_audit.csv row 854; unit=NCBI species-rank aggregate,RAW0021441,,2939386,Gilthead seabream picornavirus,Gilthead seabream picornavirus,Picornaviridae,Picornaviridae,ICTV 2026 (MSL41.v1),ncbi_family_ancestor_harmonized,high,1,independent_source_verified
UniVH,SCLIN0021442,input_original/manual_downloads/UniVH/dataset.csv,normalized from outputs/tables/univh_family_reconstruction_audit.csv row 85; unit=NCBI species-rank aggregate,RAW0021442,,928289,Pigeon picornavirus B,Pigeon picornavirus B,Picornaviridae,Picornaviridae,ICTV 2026 (MSL41.v1),ncbi_family_ancestor_harmonized,high,1,independent_source_verified
UniVH,SCLIN0021443,input_original/manual_downloads/UniVH/dataset.csv,normalized from outputs/tables/univh_family_reconstruction_audit.csv row 1919; unit=NCBI species-rank aggregate,RAW0021443,,912320,Pistolvirus ichi,Pistolvirus ichi,Totiviridae,Pistolviridae,ICTV 2026 (MSL41.v1),ncbi_name_exact_current_ictv_species,high,1,independent_source_verified
UniVH,SCLIN0021444,input_original/manual_downloads/UniVH/dataset.csv,normalized from outputs/tables/univh_family_reconstruction_audit.csv row 1920; unit=NCBI species-rank aggregate,RAW0021444,,3431699,Pistolvirus shi,Pistolvirus shi,Pistolviridae,Pistolviridae,ICTV 2026 (MSL41.v1),ncbi_name_exact_current_ictv_species,high,1,independent_source_verified
UniVH,SCLIN0021445,input_original/manual_downloads/UniVH/dataset.csv,normalized from outputs/tables/univh_family_reconstruction_audit.csv row 1079; unit=NCBI species-rank aggregate,RAW0021445,,3047384,Metapneumovirus avis,Metapneumovirus avis,Pneumoviridae,Pneumoviridae,ICTV 2026 (MSL41.v1),ncbi_name_exact_current_ictv_species,high,1,independent_source_verified
UniVH,SCLIN0021446,input_original/manual_downloads/UniVH/dataset.csv,normalized from outputs/tables/univh_family_reconstruction_audit.csv row 1116; unit=NCBI species-rank aggregate,RAW0021446,,3048148,Metapneumovirus hominis,Metapneumovirus hominis,Pneumoviridae,Pneumoviridae,ICTV 2026 (MSL41.v1),ncbi_name_exact_current_ictv_species,high,1,independent_source_verified
UniVH,SCLIN0021447,input_original/manual_downloads/UniVH/dataset.csv,normalized from outputs/tables/univh_family_reconstruction_audit.csv row 1198; unit=NCBI species-rank aggregate,RAW0021447,,3049954,Orthopneumovirus hominis,Orthopneumovirus hominis,Pneumoviridae,Pneumoviridae,ICTV 2026 (MSL41.v1),ncbi_name_exact_current_ictv_species,high,1,independent_source_verified
UniVH,SCLIN0021448,input_original/manual_downloads/UniVH/dataset.csv,normalized from outputs/tables/univh_family_reconstruction_audit.csv row 1200; unit=NCBI species-rank aggregate,RAW0021448,,3050248,Orthopneumovirus bovis,Orthopneumovirus bovis,Pneumoviridae,Pneumoviridae,ICTV 2026 (MSL41.v1),ncbi_name_exact_current_ictv_species,high,1,independent_source_verified
UniVH,SCLIN0021449,input_original/manual_downloads/UniVH/dataset.csv,normalized from outputs/tables/univh_family_reconstruction_audit.csv row 1201; unit=NCBI species-rank aggregate,RAW0021449,,3050329,Orthopneumovirus muris,Orthopneumovirus muris,Pneumoviridae,Pneumoviridae,ICTV 2026 (MSL41.v1),ncbi_name_exact_current_ictv_species,high,1,independent_source_verified
UniVH,SCLIN0021450,input_original/manual_downloads/UniVH/dataset.csv,normalized from outputs/tables/univh_family_reconstruction_audit.csv row 143; unit=NCBI species-rank aggregate,RAW0021450,,1408279,Canine pneumovirus,Canine pneumovirus,Pneumoviridae,Pneumoviridae,ICTV 2026 (MSL41.v1),ncbi_family_ancestor_harmonized,high,1,independent_source_verified
UniVH,SCLIN0021451,input_original/manual_downloads/UniVH/dataset.csv,normalized from outputs/tables/univh_family_reconstruction_audit.csv row 1443; unit=NCBI species-rank aggregate,RAW0021451,,3104226,Swine orthopneumovirus,Swine orthopneumovirus,Pneumoviridae,Pneumoviridae,ICTV 2026 (MSL41.v1),ncbi_family_ancestor_harmonized,high,1,independent_source_verified
UniVH,SCLIN0021452,input_original/manual_downloads/UniVH/dataset.csv,normalized from outputs/tables/univh_family_reconstruction_audit.csv row 417; unit=NCBI species-rank aggregate,RAW0021452,,2294154,Metapneumovirus sp.,Metapneumovirus sp.,Pneumoviridae,Pneumoviridae,ICTV 2026 (MSL41.v1),ncbi_family_ancestor_harmonized,high,1,independent_source_verified
UniVH,SCLIN0021453,input_original/manual_downloads/UniVH/dataset.csv,normalized from outputs/tables/univh_family_reconstruction_audit.csv row 1003; unit=NCBI species-rank aggregate,RAW0021453,,2971787,Macrobrachium rosenbergii virus 2,Macrobrachium rosenbergii virus 2,Polycipiviridae,Polycipiviridae,ICTV 2026 (MSL41.v1),ncbi_family_ancestor_harmonized,high,1,independent_source_verified
UniVH,SCLIN0021454,input_original/manual_downloads/UniVH/dataset.csv,normalized from outputs/tables/univh_family_reconstruction_audit.csv row 2011; unit=NCBI species-rank aggregate,RAW0021454,,3432533,Sopolycivirus betasolenopsis,Sopolycivirus betasolenopsis,Polycipiviridae,Polycipiviridae,ICTV 2026 (MSL41.v1),ncbi_name_exact_current_ictv_species,high,1,independent_source_verified
UniVH,SCLIN0021455,input_original/manual_downloads/UniVH/dataset.csv,normalized from outputs/tables/univh_family_reconstruction_audit.csv row 2012; unit=NCBI species-rank aggregate,RAW0021455,,3432535,Sopolycivirus gammalasii,Sopolycivirus gammalasii,Polycipiviridae,Polycipiviridae,ICTV 2026 (MSL41.v1),ncbi_name_exact_current_ictv_species,high,1,independent_source_verified
UniVH,SCLIN0021456,input_original/manual_downloads/UniVH/dataset.csv,normalized from outputs/tables/univh_family_reconstruction_audit.csv row 2013; unit=NCBI species-rank aggregate,RAW0021456,,3432540,Sopolycivirus solenopsis,Sopolycivirus solenopsis,Polycipiviridae,Polycipiviridae,ICTV 2026 (MSL41.v1),ncbi_name_exact_current_ictv_species,high,1,independent_source_verified
UniVH,SCLIN0021457,input_original/manual_downloads/UniVH/dataset.csv,normalized from outputs/tables/univh_family_reconstruction_audit.csv row 413; unit=NCBI species-rank aggregate,RAW0021457,,2259788,Linepithema humile polycipivirus 1,Linepithema humile polycipivirus 1,Polycipiviridae,Polycipiviridae,ICTV 2026 (MSL41.v1),ncbi_family_ancestor_harmonized,high,1,independent_source_verified
UniVH,SCLIN0021458,input_original/manual_downloads/UniVH/dataset.csv,normalized from outputs/tables/univh_family_reconstruction_audit.csv row 414; unit=NCBI species-rank aggregate,RAW0021458,,2259789,Linepithema humile polycipivirus 2,Linepithema humile polycipivirus 2,Polycipiviridae,Polycipiviridae,ICTV 2026 (MSL41.v1),ncbi_family_ancestor_harmonized,high,1,independent_source_verified
UniVH,SCLIN0021459,input_original/manual_downloads/UniVH/dataset.csv,normalized from outputs/tables/univh_family_reconstruction_audit.csv row 485; unit=NCBI species-rank aggregate,RAW0021459,,2547311,Solenopsis invicta virus 8,Solenopsis invicta virus 8,Polycipiviridae,Polycipiviridae,ICTV 2026 (MSL41.v1),ncbi_family_ancestor_harmonized,high,1,independent_source_verified
UniVH,SCLIN0021460,input_original/manual_downloads/UniVH/dataset.csv,normalized from outputs/tables/univh_family_reconstruction_audit.csv row 777; unit=NCBI species-rank aggregate,RAW0021460,,2873556,Apis polycipivirus,Apis polycipivirus,Polycipiviridae,Polycipiviridae,ICTV 2026 (MSL41.v1),ncbi_family_ancestor_harmonized,high,1,independent_source_verified
UniVH,SCLIN0021461,input_original/manual_downloads/UniVH/dataset.csv,normalized from outputs/tables/univh_family_reconstruction_audit.csv row 793; unit=NCBI species-rank aggregate,RAW0021461,,2899741,Anoplolepis gracilipes virus 3,Anoplolepis gracilipes virus 3,Polycipiviridae,Polycipiviridae,ICTV 2026 (MSL41.v1),ncbi_family_ancestor_harmonized,high,1,independent_source_verified
UniVH,SCLIN0021462,input_original/manual_downloads/UniVH/dataset.csv,normalized from outputs/tables/univh_family_reconstruction_audit.csv row 804; unit=NCBI species-rank aggregate,RAW0021462,,2905452,Guiyang argiope bruennichi polycipivirus 1,Guiyang argiope bruennichi polycipivirus 1,Polycipiviridae,Polycipiviridae,ICTV 2026 (MSL41.v1),ncbi_family_ancestor_harmonized,high,1,independent_source_verified
UniVH,SCLIN0021463,input_original/manual_downloads/UniVH/dataset.csv,normalized from outputs/tables/univh_family_reconstruction_audit.csv row 805; unit=NCBI species-rank aggregate,RAW0021463,,2905453,Guiyang argiope bruennichi polycipivirus 2,Guiyang argiope bruennichi polycipivirus 2,Polycipiviridae,Polycipiviridae,ICTV 2026 (MSL41.v1),ncbi_family_ancestor_harmonized,high,1,independent_source_verified
UniVH,SCLIN0021464,input_original/manual_downloads/UniVH/dataset.csv,normalized from outputs/tables/univh_family_reconstruction_audit.csv row 806; unit=NCBI species-rank aggregate,RAW0021464,,2905455,Guiyang polycipivirus 2,Guiyang polycipivirus 2,Polycipiviridae,Polycipiviridae,ICTV 2026 (MSL41.v1),ncbi_family_ancestor_harmonized,high,1,independent_source_verified
UniVH,SCLIN0021465,input_original/manual_downloads/UniVH/dataset.csv,normalized from outputs/tables/univh_family_reconstruction_audit.csv row 1031; unit=NCBI species-rank aggregate,RAW0021465,,3014454,Colletotrichum gloeosporioides polymycovirus virus 1,Colletotrichum gloeosporioides polymycovirus virus 1,Polymycoviridae,Polymycoviridae,ICTV 2026 (MSL41.v1),ncbi_family_ancestor_harmonized,high,1,independent_source_verified
UniVH,SCLIN0021466,input_original/manual_downloads/UniVH/dataset.csv,normalized from outputs/tables/univh_family_reconstruction_audit.csv row 1061; unit=NCBI species-rank aggregate,RAW0021466,,3036365,Alternaria alternata polymycovirus 2,Alternaria alternata polymycovirus 2,Polymycoviridae,Polymycoviridae,ICTV 2026 (MSL41.v1),ncbi_family_ancestor_harmonized,high,1,independent_source_verified
UniVH,SCLIN0021467,input_original/manual_downloads/UniVH/dataset.csv,normalized from outputs/tables/univh_family_reconstruction_audit.csv row 1962; unit=NCBI species-rank aggregate,RAW0021467,,2734567,Polymycovirus colletotrichi,Polymycovirus colletotrichi,Polymycoviridae,Polymycoviridae,ICTV 2026 (MSL41.v1),ncbi_name_exact_current_ictv_species,high,1,independent_source_verified
UniVH,SCLIN0021468,input_original/manual_downloads/UniVH/dataset.csv,normalized from outputs/tables/univh_family_reconstruction_audit.csv row 1963; unit=NCBI species-rank aggregate,RAW0021468,,3431809,Polymycovirus fusarii,Polymycovirus fusarii,Polymycoviridae,Polymycoviridae,ICTV 2026 (MSL41.v1),ncbi_name_exact_current_ictv_species,high,1,independent_source_verified
UniVH,SCLIN0021469,input_original/manual_downloads/UniVH/dataset.csv,normalized from outputs/tables/univh_family_reconstruction_audit.csv row 2157; unit=NCBI species-rank aggregate,RAW0021469,,2836783,Multimycovirus alternatae,Multimycovirus alternatae,,Polymycoviridae,ICTV 2026 (MSL41.v1),ncbi_name_exact_current_ictv_species,high,1,independent_source_verified
UniVH,SCLIN0021470,input_original/manual_downloads/UniVH/dataset.csv,normalized from outputs/tables/univh_family_reconstruction_audit.csv row 2158; unit=NCBI species-rank aggregate,RAW0021470,,2807728,Multimycovirus beauvessiana,Multimycovirus beauvessiana,Polymycoviridae,Polymycoviridae,ICTV 2026 (MSL41.v1),ncbi_name_exact_current_ictv_species,high,1,independent_source_verified
UniVH,SCLIN0021471,input_original/manual_downloads/UniVH/dataset.csv,normalized from outputs/tables/univh_family_reconstruction_audit.csv row 1420; unit=NCBI species-rank aggregate,RAW0021471,,3060648,Potyvirus thladiatessellati,Potyvirus thladiatessellati,Potyviridae,Potyviridae,ICTV 2026 (MSL41.v1),ncbi_name_exact_current_ictv_species,high,1,independent_source_verified
UniVH,SCLIN0021472,input_original/manual_downloads/UniVH/dataset.csv,normalized from outputs/tables/univh_family_reconstruction_audit.csv row 1459; unit=NCBI species-rank aggregate,RAW0021472,,3123104,Ethiopian yam virus,Ethiopian yam virus,Potyviridae,Potyviridae,ICTV 2026 (MSL41.v1),ncbi_family_ancestor_harmonized,high,1,independent_source_verified
UniVH,SCLIN0021473,input_original/manual_downloads/UniVH/dataset.csv,normalized from outputs/tables/univh_family_reconstruction_audit.csv row 1474; unit=NCBI species-rank aggregate,RAW0021473,,3158382,Potyvirus musae,Potyvirus musae,Potyviridae,Potyviridae,ICTV 2026 (MSL41.v1),ncbi_name_exact_current_ictv_species,high,1,independent_source_verified
UniVH,SCLIN0021474,input_original/manual_downloads/UniVH/dataset.csv,normalized from outputs/tables/univh_family_reconstruction_audit.csv row 1484; unit=NCBI species-rank aggregate,RAW0021474,,3233121,Switchgrass poty-like virus 1,Switchgrass poty-like virus 1,Potyviridae,Potyviridae,ICTV 2026 (MSL41.v1),ncbi_family_ancestor_harmonized,high,1,independent_source_verified
UniVH,SCLIN0021475,input_original/manual_downloads/UniVH/dataset.csv,normalized from outputs/tables/univh_family_reconstruction_audit.csv row 1491; unit=NCBI species-rank aggregate,RAW0021475,,3240465,Potyvirus apiumtessellati,Potyvirus apiumtessellati,Potyviridae,Potyviridae,ICTV 2026 (MSL41.v1),ncbi_name_exact_current_ictv_species,high,1,independent_source_verified
UniVH,SCLIN0021476,input_original/manual_downloads/UniVH/dataset.csv,normalized from outputs/tables/univh_family_reconstruction_audit.csv row 1492; unit=NCBI species-rank aggregate,RAW0021476,,3240466,Potyvirus arachidis,Potyvirus arachidis,Potyviridae,Potyviridae,ICTV 2026 (MSL41.v1),ncbi_name_exact_current_ictv_species,high,1,independent_source_verified
UniVH,SCLIN0021477,input_original/manual_downloads/UniVH/dataset.csv,normalized from outputs/tables/univh_family_reconstruction_audit.csv row 1493; unit=NCBI species-rank aggregate,RAW0021477,,3240472,Potyvirus asparagi,Potyvirus asparagi,Potyviridae,Potyviridae,ICTV 2026 (MSL41.v1),ncbi_name_exact_current_ictv_species,high,1,independent_source_verified
UniVH,SCLIN0021478,input_original/manual_downloads/UniVH/dataset.csv,normalized from outputs/tables/univh_family_reconstruction_audit.csv row 1494; unit=NCBI species-rank aggregate,RAW0021478,,3240473,Potyvirus atuberosi,Potyvirus atuberosi,Potyviridae,Potyviridae,ICTV 2026 (MSL41.v1),ncbi_name_exact_current_ictv_species,high,1,independent_source_verified
UniVH,SCLIN0021479,input_original/manual_downloads/UniVH/dataset.csv,normalized from outputs/tables/univh_family_reconstruction_audit.csv row 1495; unit=NCBI species-rank aggregate,RAW0021479,,3240478,Potyvirus batataplumei,Potyvirus batataplumei,Potyviridae,Potyviridae,ICTV 2026 (MSL41.v1),ncbi_name_exact_current_ictv_species,high,1,independent_source_verified
UniVH,SCLIN0021480,input_original/manual_downloads/UniVH/dataset.csv,normalized from outputs/tables/univh_family_reconstruction_audit.csv row 1496; unit=NCBI species-rank aggregate,RAW0021480,,3240480,Potyvirus betaceum,Potyvirus betaceum,Potyviridae,Potyviridae,ICTV 2026 (MSL41.v1),ncbi_name_exact_current_ictv_species,high,1,independent_source_verified
UniVH,SCLIN0021481,input_original/manual_downloads/UniVH/dataset.csv,normalized from outputs/tables/univh_family_reconstruction_audit.csv row 1497; unit=NCBI species-rank aggregate,RAW0021481,,3240483,Potyvirus bidenstessellati,Potyvirus bidenstessellati,Potyviridae,Potyviridae,ICTV 2026 (MSL41.v1),ncbi_name_exact_current_ictv_species,high,1,independent_source_verified
UniVH,SCLIN0021482,input_original/manual_downloads/UniVH/dataset.csv,normalized from outputs/tables/univh_family_reconstruction_audit.csv row 1498; unit=NCBI species-rank aggregate,RAW0021482,,3240487,Potyvirus cannae,Potyvirus cannae,Potyviridae,Potyviridae,ICTV 2026 (MSL41.v1),ncbi_name_exact_current_ictv_species,high,1,independent_source_verified
UniVH,SCLIN0021483,input_original/manual_downloads/UniVH/dataset.csv,normalized from outputs/tables/univh_family_reconstruction_audit.csv row 1499; unit=NCBI species-rank aggregate,RAW0021483,,3240489,Potyvirus capsiflavi,Potyvirus capsiflavi,Potyviridae,Potyviridae,ICTV 2026 (MSL41.v1),ncbi_name_exact_current_ictv_species,high,1,independent_source_verified
UniVH,SCLIN0021484,input_original/manual_downloads/UniVH/dataset.csv,normalized from outputs/tables/univh_family_reconstruction_audit.csv row 1500; unit=NCBI species-rank aggregate,RAW0021484,,3240490,Potyvirus capsimaculae,Potyvirus capsimaculae,Potyviridae,Potyviridae,ICTV 2026 (MSL41.v1),ncbi_name_exact_current_ictv_species,high,1,independent_source_verified
UniVH,SCLIN0021485,input_original/manual_downloads/UniVH/dataset.csv,normalized from outputs/tables/univh_family_reconstruction_audit.csv row 1501; unit=NCBI species-rank aggregate,RAW0021485,,3240492,Potyvirus capsivenae,Potyvirus capsivenae,Potyviridae,Potyviridae,ICTV 2026 (MSL41.v1),ncbi_name_exact_current_ictv_species,high,1,independent_source_verified
UniVH,SCLIN0021486,input_original/manual_downloads/UniVH/dataset.csv,normalized from outputs/tables/univh_family_reconstruction_audit.csv row 1502; unit=NCBI species-rank aggregate,RAW0021486,,3240493,Potyvirus capsivenamaculae,Potyvirus capsivenamaculae,Potyviridae,Potyviridae,ICTV 2026 (MSL41.v1),ncbi_name_exact_current_ictv_species,high,1,independent_source_verified
UniVH,SCLIN0021487,input_original/manual_downloads/UniVH/dataset.csv,normalized from outputs/tables/univh_family_reconstruction_audit.csv row 1503; unit=NCBI species-rank aggregate,RAW0021487,,3240494,Potyvirus caricae,Potyvirus caricae,Potyviridae,Potyviridae,ICTV 2026 (MSL41.v1),ncbi_name_exact_current_ictv_species,high,1,independent_source_verified
UniVH,SCLIN0021488,input_original/manual_downloads/UniVH/dataset.csv,normalized from outputs/tables/univh_family_reconstruction_audit.csv row 1504; unit=NCBI species-rank aggregate,RAW0021488,,3240495,Potyvirus carotae,Potyvirus carotae,Potyviridae,Potyviridae,ICTV 2026 (MSL41.v1),ncbi_name_exact_current_ictv_species,high,1,independent_source_verified
UniVH,SCLIN0021489,input_original/manual_downloads/UniVH/dataset.csv,normalized from outputs/tables/univh_family_reconstruction_audit.csv row 1505; unit=NCBI species-rank aggregate,RAW0021489,,3240496,Potyvirus carotatenuifoli,Potyvirus carotatenuifoli,Potyviridae,Potyviridae,ICTV 2026 (MSL41.v1),ncbi_name_exact_current_ictv_species,high,1,independent_source_verified
UniVH,SCLIN0021490,input_original/manual_downloads/UniVH/dataset.csv,normalized from outputs/tables/univh_family_reconstruction_audit.csv row 1506; unit=NCBI species-rank aggregate,RAW0021490,,3240499,Potyvirus cebatatae,Potyvirus cebatatae,Potyviridae,Potyviridae,ICTV 2026 (MSL41.v1),ncbi_name_exact_current_ictv_species,high,1,independent_source_verified
UniVH,SCLIN0021491,input_original/manual_downloads/UniVH/dataset.csv,normalized from outputs/tables/univh_family_reconstruction_audit.csv row 1507; unit=NCBI species-rank aggregate,RAW0021491,,3240503,Potyvirus chichorii,Potyvirus chichorii,Potyviridae,Potyviridae,ICTV 2026 (MSL41.v1),ncbi_name_exact_current_ictv_species,high,1,independent_source_verified
UniVH,SCLIN0021492,input_original/manual_downloads/UniVH/dataset.csv,normalized from outputs/tables/univh_family_reconstruction_audit.csv row 1508; unit=NCBI species-rank aggregate,RAW0021492,,3240504,Potyvirus citrulli,Potyvirus citrulli,Potyviridae,Potyviridae,ICTV 2026 (MSL41.v1),ncbi_name_exact_current_ictv_species,high,1,independent_source_verified
UniVH,SCLIN0021493,input_original/manual_downloads/UniVH/dataset.csv,normalized from outputs/tables/univh_family_reconstruction_audit.csv row 1509; unit=NCBI species-rank aggregate,RAW0021493,,3240505,Potyvirus citrullimoroccense,Potyvirus citrullimoroccense,Potyviridae,Potyviridae,ICTV 2026 (MSL41.v1),ncbi_name_exact_current_ictv_species,high,1,independent_source_verified
UniVH,SCLIN0021494,input_original/manual_downloads/UniVH/dataset.csv,normalized from outputs/tables/univh_family_reconstruction_audit.csv row 1510; unit=NCBI species-rank aggregate,RAW0021494,,3240510,Potyvirus cordophani,Potyvirus cordophani,Potyviridae,Potyviridae,ICTV 2026 (MSL41.v1),ncbi_name_exact_current_ictv_species,high,1,independent_source_verified
UniVH,SCLIN0021495,input_original/manual_downloads/UniVH/dataset.csv,normalized from outputs/tables/univh_family_reconstruction_audit.csv row 1511; unit=NCBI species-rank aggregate,RAW0021495,,3240513,Potyvirus cucurbitae,Potyvirus cucurbitae,Potyviridae,Potyviridae,ICTV 2026 (MSL41.v1),ncbi_name_exact_current_ictv_species,high,1,independent_source_verified
UniVH,SCLIN0021496,input_original/manual_downloads/UniVH/dataset.csv,normalized from outputs/tables/univh_family_reconstruction_audit.csv row 1512; unit=NCBI species-rank aggregate,RAW0021496,,3240514,Potyvirus cucurbitaflavitesselati,Potyvirus cucurbitaflavitesselati,Potyviridae,Potyviridae,ICTV 2026 (MSL41.v1),ncbi_name_exact_current_ictv_species,high,1,independent_source_verified
UniVH,SCLIN0021497,input_original/manual_downloads/UniVH/dataset.csv,normalized from outputs/tables/univh_family_reconstruction_audit.csv row 1513; unit=NCBI species-rank aggregate,RAW0021497,,3240520,Potyvirus dasheenis,Potyvirus dasheenis,Potyviridae,Potyviridae,ICTV 2026 (MSL41.v1),ncbi_name_exact_current_ictv_species,high,1,independent_source_verified
UniVH,SCLIN0021498,input_original/manual_downloads/UniVH/dataset.csv,normalized from outputs/tables/univh_family_reconstruction_audit.csv row 1514; unit=NCBI species-rank aggregate,RAW0021498,,3240525,Potyvirus duobatatae,Potyvirus duobatatae,Potyviridae,Potyviridae,ICTV 2026 (MSL41.v1),ncbi_name_exact_current_ictv_species,high,1,independent_source_verified
UniVH,SCLIN0021499,input_original/manual_downloads/UniVH/dataset.csv,normalized from outputs/tables/univh_family_reconstruction_audit.csv row 1515; unit=NCBI species-rank aggregate,RAW0021499,,3240526,Potyvirus esculentinecrosis,Potyvirus esculentinecrosis,Potyviridae,Potyviridae,ICTV 2026 (MSL41.v1),ncbi_name_exact_current_ictv_species,high,1,independent_source_verified
UniVH,SCLIN0021500,input_original/manual_downloads/UniVH/dataset.csv,normalized from outputs/tables/univh_family_reconstruction_audit.csv row 1516; unit=NCBI species-rank aggregate,RAW0021500,,3240532,Potyvirus glycitessellati,Potyvirus glycitessellati,Potyviridae,Potyviridae,ICTV 2026 (MSL41.v1),ncbi_name_exact_current_ictv_species,high,1,independent_source_verified
UniVH,SCLIN0021501,input_original/manual_downloads/UniVH/dataset.csv,normalized from outputs/tables/univh_family_reconstruction_audit.csv row 1517; unit=NCBI species-rank aggregate,RAW0021501,,3240535,Potyvirus halapensis,Potyvirus halapensis,Potyviridae,Potyviridae,ICTV 2026 (MSL41.v1),ncbi_name_exact_current_ictv_species,high,1,independent_source_verified
UniVH,SCLIN0021502,input_original/manual_downloads/UniVH/dataset.csv,normalized from outputs/tables/univh_family_reconstruction_audit.csv row 1518; unit=NCBI species-rank aggregate,RAW0021502,,3240537,Potyvirus heliannulabis,Potyvirus heliannulabis,Potyviridae,Potyviridae,ICTV 2026 (MSL41.v1),ncbi_name_exact_current_ictv_species,high,1,independent_source_verified
UniVH,SCLIN0021503,input_original/manual_downloads/UniVH/dataset.csv,normalized from outputs/tables/univh_family_reconstruction_audit.csv row 1519; unit=NCBI species-rank aggregate,RAW0021503,,3240538,Potyvirus helichloromaculae,Potyvirus helichloromaculae,Potyviridae,Potyviridae,ICTV 2026 (MSL41.v1),ncbi_name_exact_current_ictv_species,high,1,independent_source_verified
UniVH,SCLIN0021504,input_original/manual_downloads/UniVH/dataset.csv,normalized from outputs/tables/univh_family_reconstruction_audit.csv row 1520; unit=NCBI species-rank aggregate,RAW0021504,,3240539,Potyvirus helitenuitessellati,Potyvirus helitenuitessellati,Potyviridae,Potyviridae,ICTV 2026 (MSL41.v1),ncbi_name_exact_current_ictv_species,high,1,independent_source_verified
UniVH,SCLIN0021505,input_original/manual_downloads/UniVH/dataset.csv,normalized from outputs/tables/univh_family_reconstruction_audit.csv row 1521; unit=NCBI species-rank aggregate,RAW0021505,,3240541,Potyvirus henbanis,Potyvirus henbanis,Potyviridae,Potyviridae,ICTV 2026 (MSL41.v1),ncbi_name_exact_current_ictv_species,high,1,independent_source_verified
UniVH,SCLIN0021506,input_original/manual_downloads/UniVH/dataset.csv,normalized from outputs/tables/univh_family_reconstruction_audit.csv row 1522; unit=NCBI species-rank aggregate,RAW0021506,,3240553,Potyvirus lactucae,Potyvirus lactucae,Potyviridae,Potyviridae,ICTV 2026 (MSL41.v1),ncbi_name_exact_current_ictv_species,high,1,independent_source_verified
UniVH,SCLIN0021507,input_original/manual_downloads/UniVH/dataset.csv,normalized from outputs/tables/univh_family_reconstruction_audit.csv row 1523; unit=NCBI species-rank aggregate,RAW0021507,,3240554,Potyvirus lactucaitalicense,Potyvirus lactucaitalicense,Potyviridae,Potyviridae,ICTV 2026 (MSL41.v1),ncbi_name_exact_current_ictv_species,high,1,independent_source_verified
UniVH,SCLIN0021508,input_original/manual_downloads/UniVH/dataset.csv,normalized from outputs/tables/univh_family_reconstruction_audit.csv row 1524; unit=NCBI species-rank aggregate,RAW0021508,,3240559,Potyvirus melozonati,Potyvirus melozonati,Potyviridae,Potyviridae,ICTV 2026 (MSL41.v1),ncbi_name_exact_current_ictv_species,high,1,independent_source_verified
UniVH,SCLIN0021509,input_original/manual_downloads/UniVH/dataset.csv,normalized from outputs/tables/univh_family_reconstruction_audit.csv row 1525; unit=NCBI species-rank aggregate,RAW0021509,,3240567,Potyvirus nicotianainsculpentis,Potyvirus nicotianainsculpentis,Potyviridae,Potyviridae,ICTV 2026 (MSL41.v1),ncbi_name_exact_current_ictv_species,high,1,independent_source_verified
UniVH,SCLIN0021510,input_original/manual_downloads/UniVH/dataset.csv,normalized from outputs/tables/univh_family_reconstruction_audit.csv row 1526; unit=NCBI species-rank aggregate,RAW0021510,,3240568,Potyvirus nicotianamaculae,Potyvirus nicotianamaculae,Potyviridae,Potyviridae,ICTV 2026 (MSL41.v1),ncbi_name_exact_current_ictv_species,high,1,independent_source_verified
UniVH,SCLIN0021511,input_original/manual_downloads/UniVH/dataset.csv,normalized from outputs/tables/univh_family_reconstruction_audit.csv row 1527; unit=NCBI species-rank aggregate,RAW0021511,,3240570,Potyvirus nicotianavenaobscurum,Potyvirus nicotianavenaobscurum,Potyviridae,Potyviridae,ICTV 2026 (MSL41.v1),ncbi_name_exact_current_ictv_species,high,1,independent_source_verified
UniVH,SCLIN0021512,input_original/manual_downloads/UniVH/dataset.csv,normalized from outputs/tables/univh_family_reconstruction_audit.csv row 1528; unit=NCBI species-rank aggregate,RAW0021512,,3240577,Potyvirus papayanuli,Potyvirus papayanuli,Potyviridae,Potyviridae,ICTV 2026 (MSL41.v1),ncbi_name_exact_current_ictv_species,high,1,independent_source_verified
UniVH,SCLIN0021513,input_original/manual_downloads/UniVH/dataset.csv,normalized from outputs/tables/univh_family_reconstruction_audit.csv row 1529; unit=NCBI species-rank aggregate,RAW0021513,,3240587,Potyvirus pennisseti,Potyvirus pennisseti,Potyviridae,Potyviridae,ICTV 2026 (MSL41.v1),ncbi_name_exact_current_ictv_species,high,1,independent_source_verified
UniVH,SCLIN0021514,input_original/manual_downloads/UniVH/dataset.csv,normalized from outputs/tables/univh_family_reconstruction_audit.csv row 1530; unit=NCBI species-rank aggregate,RAW0021514,,3240588,Potyvirus pepo,Potyvirus pepo,Potyviridae,Potyviridae,ICTV 2026 (MSL41.v1),ncbi_name_exact_current_ictv_species,high,1,independent_source_verified
UniVH,SCLIN0021515,input_original/manual_downloads/UniVH/dataset.csv,normalized from outputs/tables/univh_family_reconstruction_audit.csv row 1531; unit=NCBI species-rank aggregate,RAW0021515,,3240589,Potyvirus peporesticulae,Potyvirus peporesticulae,Potyviridae,Potyviridae,ICTV 2026 (MSL41.v1),ncbi_name_exact_current_ictv_species,high,1,independent_source_verified
UniVH,SCLIN0021516,input_original/manual_downloads/UniVH/dataset.csv,normalized from outputs/tables/univh_family_reconstruction_audit.csv row 1532; unit=NCBI species-rank aggregate,RAW0021516,,3240590,Potyvirus pepotigris,Potyvirus pepotigris,Potyviridae,Potyviridae,ICTV 2026 (MSL41.v1),ncbi_name_exact_current_ictv_species,high,1,independent_source_verified
UniVH,SCLIN0021517,input_original/manual_downloads/UniVH/dataset.csv,normalized from outputs/tables/univh_family_reconstruction_audit.csv row 1533; unit=NCBI species-rank aggregate,RAW0021517,,3240593,Potyvirus phaseoli,Potyvirus phaseoli,Potyviridae,Potyviridae,ICTV 2026 (MSL41.v1),ncbi_name_exact_current_ictv_species,high,1,independent_source_verified
UniVH,SCLIN0021518,input_original/manual_downloads/UniVH/dataset.csv,normalized from outputs/tables/univh_family_reconstruction_audit.csv row 1534; unit=NCBI species-rank aggregate,RAW0021518,,3240594,Potyvirus phaseoluteum,Potyvirus phaseoluteum,Potyviridae,Potyviridae,ICTV 2026 (MSL41.v1),ncbi_name_exact_current_ictv_species,high,1,independent_source_verified
UniVH,SCLIN0021519,input_original/manual_downloads/UniVH/dataset.csv,normalized from outputs/tables/univh_family_reconstruction_audit.csv row 1535; unit=NCBI species-rank aggregate,RAW0021519,,3240595,Potyvirus phaseovulgaris,Potyvirus phaseovulgaris,Potyviridae,Potyviridae,ICTV 2026 (MSL41.v1),ncbi_name_exact_current_ictv_species,high,1,independent_source_verified
UniVH,SCLIN0021520,input_original/manual_downloads/UniVH/dataset.csv,normalized from outputs/tables/univh_family_reconstruction_audit.csv row 1536; unit=NCBI species-rank aggregate,RAW0021520,,3240597,Potyvirus pisumsemenportati,Potyvirus pisumsemenportati,Potyviridae,Potyviridae,ICTV 2026 (MSL41.v1),ncbi_name_exact_current_ictv_species,high,1,independent_source_verified
UniVH,SCLIN0021521,input_original/manual_downloads/UniVH/dataset.csv,normalized from outputs/tables/univh_family_reconstruction_audit.csv row 1537; unit=NCBI species-rank aggregate,RAW0021521,,3240600,Potyvirus plumpoxi,Potyvirus plumpoxi,Potyviridae,Potyviridae,ICTV 2026 (MSL41.v1),ncbi_name_exact_current_ictv_species,high,1,independent_source_verified
UniVH,SCLIN0021522,input_original/manual_downloads/UniVH/dataset.csv,normalized from outputs/tables/univh_family_reconstruction_audit.csv row 1538; unit=NCBI species-rank aggregate,RAW0021522,,3240607,Potyvirus rapae,Potyvirus rapae,Potyviridae,Potyviridae,ICTV 2026 (MSL41.v1),ncbi_name_exact_current_ictv_species,high,1,independent_source_verified
UniVH,SCLIN0021523,input_original/manual_downloads/UniVH/dataset.csv,normalized from outputs/tables/univh_family_reconstruction_audit.csv row 1539; unit=NCBI species-rank aggregate,RAW0021523,,3240610,Potyvirus sacchari,Potyvirus sacchari,Potyviridae,Potyviridae,ICTV 2026 (MSL41.v1),ncbi_name_exact_current_ictv_species,high,1,independent_source_verified
UniVH,SCLIN0021524,input_original/manual_downloads/UniVH/dataset.csv,normalized from outputs/tables/univh_family_reconstruction_audit.csv row 1540; unit=NCBI species-rank aggregate,RAW0021524,,3240622,Potyvirus torvi,Potyvirus torvi,Potyviridae,Potyviridae,ICTV 2026 (MSL41.v1),ncbi_name_exact_current_ictv_species,high,1,independent_source_verified
UniVH,SCLIN0021525,input_original/manual_downloads/UniVH/dataset.csv,normalized from outputs/tables/univh_family_reconstruction_audit.csv row 1541; unit=NCBI species-rank aggregate,RAW0021525,,3240624,Potyvirus trifolii,Potyvirus trifolii,Potyviridae,Potyviridae,ICTV 2026 (MSL41.v1),ncbi_name_exact_current_ictv_species,high,1,independent_source_verified
UniVH,SCLIN0021526,input_original/manual_downloads/UniVH/dataset.csv,normalized from outputs/tables/univh_family_reconstruction_audit.csv row 1542; unit=NCBI species-rank aggregate,RAW0021526,,3240625,Potyvirus trompetae,Potyvirus trompetae,Potyviridae,Potyviridae,ICTV 2026 (MSL41.v1),ncbi_name_exact_current_ictv_species,high,1,independent_source_verified
UniVH,SCLIN0021527,input_original/manual_downloads/UniVH/dataset.csv,normalized from outputs/tables/univh_family_reconstruction_audit.csv row 1543; unit=NCBI species-rank aggregate,RAW0021527,,3240627,Potyvirus tuberosiflavi,Potyvirus tuberosiflavi,Potyviridae,Potyviridae,ICTV 2026 (MSL41.v1),ncbi_name_exact_current_ictv_species,high,1,independent_source_verified
UniVH,SCLIN0021528,input_original/manual_downloads/UniVH/dataset.csv,normalized from outputs/tables/univh_family_reconstruction_audit.csv row 1544; unit=NCBI species-rank aggregate,RAW0021528,,3240633,Potyvirus vetuberosi,Potyvirus vetuberosi,Potyviridae,Potyviridae,ICTV 2026 (MSL41.v1),ncbi_name_exact_current_ictv_species,high,1,independent_source_verified
UniVH,SCLIN0021529,input_original/manual_downloads/UniVH/dataset.csv,normalized from outputs/tables/univh_family_reconstruction_audit.csv row 1545; unit=NCBI species-rank aggregate,RAW0021529,,3240634,Potyvirus vignae,Potyvirus vignae,Potyviridae,Potyviridae,ICTV 2026 (MSL41.v1),ncbi_name_exact_current_ictv_species,high,1,independent_source_verified
UniVH,SCLIN0021530,input_original/manual_downloads/UniVH/dataset.csv,normalized from outputs/tables/univh_family_reconstruction_audit.csv row 1546; unit=NCBI species-rank aggregate,RAW0021530,,3240635,Potyvirus wisteriae,Potyvirus wisteriae,Potyviridae,Potyviridae,ICTV 2026 (MSL41.v1),ncbi_name_exact_current_ictv_species,high,1,independent_source_verified
UniVH,SCLIN0021531,input_original/manual_downloads/UniVH/dataset.csv,normalized from outputs/tables/univh_family_reconstruction_audit.csv row 1547; unit=NCBI species-rank aggregate,RAW0021531,,3240637,Potyvirus yamtesselati,Potyvirus yamtesselati,Potyviridae,Potyviridae,ICTV 2026 (MSL41.v1),ncbi_name_exact_current_ictv_species,high,1,independent_source_verified
UniVH,SCLIN0021532,input_original/manual_downloads/UniVH/dataset.csv,normalized from outputs/tables/univh_family_reconstruction_audit.csv row 1548; unit=NCBI species-rank aggregate,RAW0021532,,3240642,Potyvirus yituberosi,Potyvirus yituberosi,Potyviridae,Potyviridae,ICTV 2026 (MSL41.v1),ncbi_name_exact_current_ictv_species,high,1,independent_source_verified
UniVH,SCLIN0021533,input_original/manual_downloads/UniVH/dataset.csv,normalized from outputs/tables/univh_family_reconstruction_audit.csv row 1549; unit=NCBI species-rank aggregate,RAW0021533,,3240645,Potyvirus zeananus,Potyvirus zeananus,Potyviridae,Potyviridae,ICTV 2026 (MSL41.v1),ncbi_name_exact_current_ictv_species,high,1,independent_source_verified
UniVH,SCLIN0021534,input_original/manual_downloads/UniVH/dataset.csv,normalized from outputs/tables/univh_family_reconstruction_audit.csv row 1550; unit=NCBI species-rank aggregate,RAW0021534,,3240646,Potyvirus zeatessellati,Potyvirus zeatessellati,Potyviridae,Potyviridae,ICTV 2026 (MSL41.v1),ncbi_name_exact_current_ictv_species,high,1,independent_source_verified
UniVH,SCLIN0021535,input_original/manual_downloads/UniVH/dataset.csv,normalized from outputs/tables/univh_family_reconstruction_audit.csv row 1696; unit=NCBI species-rank aggregate,RAW0021535,,3427664,Bymovirus hordei,Bymovirus hordei,Potyviridae,Potyviridae,ICTV 2026 (MSL41.v1),ncbi_name_exact_current_ictv_species,high,1,independent_source_verified
UniVH,SCLIN0021536,input_original/manual_downloads/UniVH/dataset.csv,normalized from outputs/tables/univh_family_reconstruction_audit.csv row 1697; unit=NCBI species-rank aggregate,RAW0021536,,3427665,Bymovirus hordeiluteum,Bymovirus hordeiluteum,Potyviridae,Potyviridae,ICTV 2026 (MSL41.v1),ncbi_name_exact_current_ictv_species,high,1,independent_source_verified
UniVH,SCLIN0021537,input_original/manual_downloads/UniVH/dataset.csv,normalized from outputs/tables/univh_family_reconstruction_audit.csv row 1698; unit=NCBI species-rank aggregate,RAW0021537,,3427666,Bymovirus oryzae,Bymovirus oryzae,Potyviridae,Potyviridae,ICTV 2026 (MSL41.v1),ncbi_name_exact_current_ictv_species,high,1,independent_source_verified
UniVH,SCLIN0021538,input_original/manual_downloads/UniVH/dataset.csv,normalized from outputs/tables/univh_family_reconstruction_audit.csv row 1699; unit=NCBI species-rank aggregate,RAW0021538,,3427667,Bymovirus tritici,Bymovirus tritici,Potyviridae,Potyviridae,ICTV 2026 (MSL41.v1),ncbi_name_exact_current_ictv_species,high,1,independent_source_verified
UniVH,SCLIN0021539,input_original/manual_downloads/UniVH/dataset.csv,normalized from outputs/tables/univh_family_reconstruction_audit.csv row 1700; unit=NCBI species-rank aggregate,RAW0021539,,3427668,Bymovirus triticitessellati,Bymovirus triticitessellati,Potyviridae,Potyviridae,ICTV 2026 (MSL41.v1),ncbi_name_exact_current_ictv_species,high,1,independent_source_verified
UniVH,SCLIN0021540,input_original/manual_downloads/UniVH/dataset.csv,normalized from outputs/tables/univh_family_reconstruction_audit.csv row 1724; unit=NCBI species-rank aggregate,RAW0021540,,3427840,Celavirus apii,Celavirus apii,Potyviridae,Potyviridae,ICTV 2026 (MSL41.v1),ncbi_name_exact_current_ictv_species,high,1,independent_source_verified
UniVH,SCLIN0021541,input_original/manual_downloads/UniVH/dataset.csv,normalized from outputs/tables/univh_family_reconstruction_audit.csv row 1837; unit=NCBI species-rank aggregate,RAW0021541,,3429977,Ipomovirus brunusmanihotis,Ipomovirus brunusmanihotis,Potyviridae,Potyviridae,ICTV 2026 (MSL41.v1),ncbi_name_exact_current_ictv_species,high,1,independent_source_verified
UniVH,SCLIN0021542,input_original/manual_downloads/UniVH/dataset.csv,normalized from outputs/tables/univh_family_reconstruction_audit.csv row 1838; unit=NCBI species-rank aggregate,RAW0021542,,3429979,Ipomovirus cucumisvenaflavi,Ipomovirus cucumisvenaflavi,Potyviridae,Potyviridae,ICTV 2026 (MSL41.v1),ncbi_name_exact_current_ictv_species,high,1,independent_source_verified
UniVH,SCLIN0021543,input_original/manual_downloads/UniVH/dataset.csv,normalized from outputs/tables/univh_family_reconstruction_audit.csv row 1839; unit=NCBI species-rank aggregate,RAW0021543,,3429980,Ipomovirus cucurbitavenaflavi,Ipomovirus cucurbitavenaflavi,Potyviridae,Potyviridae,ICTV 2026 (MSL41.v1),ncbi_name_exact_current_ictv_species,high,1,independent_source_verified
UniVH,SCLIN0021544,input_original/manual_downloads/UniVH/dataset.csv,normalized from outputs/tables/univh_family_reconstruction_audit.csv row 1840; unit=NCBI species-rank aggregate,RAW0021544,,3429982,Ipomovirus lycopersici,Ipomovirus lycopersici,Potyviridae,Potyviridae,ICTV 2026 (MSL41.v1),ncbi_name_exact_current_ictv_species,high,1,independent_source_verified
UniVH,SCLIN0021545,input_original/manual_downloads/UniVH/dataset.csv,normalized from outputs/tables/univh_family_reconstruction_audit.csv row 1841; unit=NCBI species-rank aggregate,RAW0021545,,3429983,Ipomovirus manihotis,Ipomovirus manihotis,Potyviridae,Potyviridae,ICTV 2026 (MSL41.v1),ncbi_name_exact_current_ictv_species,high,1,independent_source_verified
UniVH,SCLIN0021546,input_original/manual_downloads/UniVH/dataset.csv,normalized from outputs/tables/univh_family_reconstruction_audit.csv row 1854; unit=NCBI species-rank aggregate,RAW0021546,,3430566,Macluravirus dioscoreachinense,Macluravirus dioscoreachinense,Potyviridae,Potyviridae,ICTV 2026 (MSL41.v1),ncbi_name_exact_current_ictv_species,high,1,independent_source_verified
UniVH,SCLIN0021547,input_original/manual_downloads/UniVH/dataset.csv,normalized from outputs/tables/univh_family_reconstruction_audit.csv row 1855; unit=NCBI species-rank aggregate,RAW0021547,,3430572,Macluravirus scolymus,Macluravirus scolymus,Potyviridae,Potyviridae,ICTV 2026 (MSL41.v1),ncbi_name_exact_current_ictv_species,high,1,independent_source_verified
UniVH,SCLIN0021548,input_original/manual_downloads/UniVH/dataset.csv,normalized from outputs/tables/univh_family_reconstruction_audit.csv row 1921; unit=NCBI species-rank aggregate,RAW0021548,,3431715,Poacevirus tritici,Poacevirus tritici,Potyviridae,Potyviridae,ICTV 2026 (MSL41.v1),ncbi_name_exact_current_ictv_species,high,1,independent_source_verified
UniVH,SCLIN0021549,input_original/manual_downloads/UniVH/dataset.csv,normalized from outputs/tables/univh_family_reconstruction_audit.csv row 1984; unit=NCBI species-rank aggregate,RAW0021549,,3432205,Roymovirus passifloralatentis,Roymovirus passifloralatentis,Potyviridae,Potyviridae,ICTV 2026 (MSL41.v1),ncbi_name_exact_current_ictv_species,high,1,independent_source_verified
UniVH,SCLIN0021550,input_original/manual_downloads/UniVH/dataset.csv,normalized from outputs/tables/univh_family_reconstruction_audit.csv row 1985; unit=NCBI species-rank aggregate,RAW0021550,,3432217,Rymovirus agropyronis,Rymovirus agropyronis,Potyviridae,Potyviridae,ICTV 2026 (MSL41.v1),ncbi_name_exact_current_ictv_species,high,1,independent_source_verified
UniVH,SCLIN0021551,input_original/manual_downloads/UniVH/dataset.csv,normalized from outputs/tables/univh_family_reconstruction_audit.csv row 1986; unit=NCBI species-rank aggregate,RAW0021551,,3432219,Rymovirus lolii,Rymovirus lolii,Potyviridae,Potyviridae,ICTV 2026 (MSL41.v1),ncbi_name_exact_current_ictv_species,high,1,independent_source_verified
UniVH,SCLIN0021552,input_original/manual_downloads/UniVH/dataset.csv,normalized from outputs/tables/univh_family_reconstruction_audit.csv row 2051; unit=NCBI species-rank aggregate,RAW0021552,,3433000,Tritimovirus bromi,Tritimovirus bromi,Potyviridae,Potyviridae,ICTV 2026 (MSL41.v1),ncbi_name_exact_current_ictv_species,high,1,independent_source_verified
UniVH,SCLIN0021553,input_original/manual_downloads/UniVH/dataset.csv,normalized from outputs/tables/univh_family_reconstruction_audit.csv row 2052; unit=NCBI species-rank aggregate,RAW0021553,,3433003,Tritimovirus tritici,Tritimovirus tritici,Potyviridae,Potyviridae,ICTV 2026 (MSL41.v1),ncbi_name_exact_current_ictv_species,high,1,independent_source_verified
UniVH,SCLIN0021554,input_original/manual_downloads/UniVH/dataset.csv,normalized from outputs/tables/univh_family_reconstruction_audit.csv row 308; unit=NCBI species-rank aggregate,RAW0021554,,1959287,Reed chlorotic stripe virus,Reed chlorotic stripe virus,Potyviridae,Potyviridae,ICTV 2026 (MSL41.v1),ncbi_family_ancestor_harmonized,high,1,independent_source_verified
UniVH,SCLIN0021555,input_original/manual_downloads/UniVH/dataset.csv,normalized from outputs/tables/univh_family_reconstruction_audit.csv row 32; unit=NCBI species-rank aggregate,RAW0021555,,168135,Potyvirus apii,Potyvirus apii,Potyviridae,Potyviridae,ICTV 2026 (MSL41.v1),ncbi_name_exact_current_ictv_species,high,1,independent_source_verified
UniVH,SCLIN0021556,input_original/manual_downloads/UniVH/dataset.csv,normalized from outputs/tables/univh_family_reconstruction_audit.csv row 409; unit=NCBI species-rank aggregate,RAW0021556,,2233870,Soybean yellow shoot virus,Soybean yellow shoot virus,Potyviridae,Potyviridae,ICTV 2026 (MSL41.v1),ncbi_family_ancestor_harmonized,high,1,independent_source_verified
UniVH,SCLIN0021557,input_original/manual_downloads/UniVH/dataset.csv,normalized from outputs/tables/univh_family_reconstruction_audit.csv row 508; unit=NCBI species-rank aggregate,RAW0021557,,2592541,Soybean virus A,Soybean virus A,Potyviridae,Potyviridae,ICTV 2026 (MSL41.v1),ncbi_family_ancestor_harmonized,high,1,independent_source_verified
UniVH,SCLIN0021558,input_original/manual_downloads/UniVH/dataset.csv,normalized from outputs/tables/univh_family_reconstruction_audit.csv row 537; unit=NCBI species-rank aggregate,RAW0021558,,2709777,Cerasus yedoensis potyvirus,Cerasus yedoensis potyvirus,Potyviridae,Potyviridae,ICTV 2026 (MSL41.v1),ncbi_family_ancestor_harmonized,high,1,independent_source_verified
UniVH,SCLIN0021559,input_original/manual_downloads/UniVH/dataset.csv,normalized from outputs/tables/univh_family_reconstruction_audit.csv row 654; unit=NCBI species-rank aggregate,RAW0021559,,2755144,Grapevine-associated poty-like virus 1,Grapevine-associated poty-like virus 1,Potyviridae,Potyviridae,ICTV 2026 (MSL41.v1),ncbi_family_ancestor_harmonized,high,1,independent_source_verified
UniVH,SCLIN0021560,input_original/manual_downloads/UniVH/dataset.csv,normalized from outputs/tables/univh_family_reconstruction_audit.csv row 714; unit=NCBI species-rank aggregate,RAW0021560,,2836379,Endive yellows virus,Endive yellows virus,Potyviridae,Potyviridae,ICTV 2026 (MSL41.v1),ncbi_family_ancestor_harmonized,high,1,independent_source_verified
UniVH,SCLIN0021561,input_original/manual_downloads/UniVH/dataset.csv,normalized from outputs/tables/univh_family_reconstruction_audit.csv row 759; unit=NCBI species-rank aggregate,RAW0021561,,2861250,Striga-associated poty-like virus 2,Striga-associated poty-like virus 2,Potyviridae,Potyviridae,ICTV 2026 (MSL41.v1),ncbi_family_ancestor_harmonized,high,1,independent_source_verified
UniVH,SCLIN0021562,input_original/manual_downloads/UniVH/dataset.csv,normalized from outputs/tables/univh_family_reconstruction_audit.csv row 1046; unit=NCBI species-rank aggregate,RAW0021562,,3026513,Metarhizium anisopliae M5 victorivirus 1,Metarhizium anisopliae M5 victorivirus 1,Totiviridae,Pseudototiviridae,ICTV 2026 (MSL41.v1),ncbi_family_ancestor_harmonized,high,1,independent_source_verified
UniVH,SCLIN0021563,input_original/manual_downloads/UniVH/dataset.csv,normalized from outputs/tables/univh_family_reconstruction_audit.csv row 1571; unit=NCBI species-rank aggregate,RAW0021563,,3404148,Sclerotinia sclerotiorum victorivirus 2,Sclerotinia sclerotiorum victorivirus 2,Totiviridae,Pseudototiviridae,ICTV 2026 (MSL41.v1),ncbi_family_ancestor_harmonized,high,1,independent_source_verified
UniVH,SCLIN0021564,input_original/manual_downloads/UniVH/dataset.csv,normalized from outputs/tables/univh_family_reconstruction_audit.csv row 2062; unit=NCBI species-rank aggregate,RAW0021564,,3433214,Victorivirus jyu,Victorivirus jyu,Totiviridae,Pseudototiviridae,ICTV 2026 (MSL41.v1),ncbi_name_exact_current_ictv_species,high,1,independent_source_verified
UniVH,SCLIN0021565,input_original/manual_downloads/UniVH/dataset.csv,normalized from outputs/tables/univh_family_reconstruction_audit.csv row 2063; unit=NCBI species-rank aggregate,RAW0021565,,3433215,Victorivirus jyugo,Victorivirus jyugo,Totiviridae,Pseudototiviridae,ICTV 2026 (MSL41.v1),ncbi_name_exact_current_ictv_species,high,1,independent_source_verified
UniVH,SCLIN0021566,input_original/manual_downloads/UniVH/dataset.csv,normalized from outputs/tables/univh_family_reconstruction_audit.csv row 2064; unit=NCBI species-rank aggregate,RAW0021566,,1485922,Victorivirus jyuroku,Victorivirus jyuroku,Totiviridae,Pseudototiviridae,ICTV 2026 (MSL41.v1),ncbi_name_exact_current_ictv_species,high,1,independent_source_verified
UniVH,SCLIN0021567,input_original/manual_downloads/UniVH/dataset.csv,normalized from outputs/tables/univh_family_reconstruction_audit.csv row 2065; unit=NCBI species-rank aggregate,RAW0021567,,1685109,Victorivirus jyusani,Victorivirus jyusani,Totiviridae,Pseudototiviridae,ICTV 2026 (MSL41.v1),ncbi_name_exact_current_ictv_species,high,1,independent_source_verified
UniVH,SCLIN0021568,input_original/manual_downloads/UniVH/dataset.csv,normalized from outputs/tables/univh_family_reconstruction_audit.csv row 2066; unit=NCBI species-rank aggregate,RAW0021568,,1561171; 3433222,Victorivirus jyushi,Victorivirus jyushi,Totiviridae,Pseudototiviridae,ICTV 2026 (MSL41.v1),ncbi_name_exact_current_ictv_species,high,1,independent_source_verified
UniVH,SCLIN0021569,input_original/manual_downloads/UniVH/dataset.csv,normalized from outputs/tables/univh_family_reconstruction_audit.csv row 2067; unit=NCBI species-rank aggregate,RAW0021569,,3433223,Victorivirus jyushichi,Victorivirus jyushichi,Totiviridae,Pseudototiviridae,ICTV 2026 (MSL41.v1),ncbi_name_exact_current_ictv_species,high,1,independent_source_verified
UniVH,SCLIN0021570,input_original/manual_downloads/UniVH/dataset.csv,normalized from outputs/tables/univh_family_reconstruction_audit.csv row 2068; unit=NCBI species-rank aggregate,RAW0021570,,3433226,Victorivirus nijyu,Victorivirus nijyu,Totiviridae,Pseudototiviridae,ICTV 2026 (MSL41.v1),ncbi_name_exact_current_ictv_species,high,1,independent_source_verified
UniVH,SCLIN0021571,input_original/manual_downloads/UniVH/dataset.csv,normalized from outputs/tables/univh_family_reconstruction_audit.csv row 2069; unit=NCBI species-rank aggregate,RAW0021571,,3433228,Victorivirus nijyuhachi,Victorivirus nijyuhachi,Totiviridae,Pseudototiviridae,ICTV 2026 (MSL41.v1),ncbi_name_exact_current_ictv_species,high,1,independent_source_verified
UniVH,SCLIN0021572,input_original/manual_downloads/UniVH/dataset.csv,normalized from outputs/tables/univh_family_reconstruction_audit.csv row 2070; unit=NCBI species-rank aggregate,RAW0021572,,3433229,Victorivirus nijyuichi,Victorivirus nijyuichi,Totiviridae,Pseudototiviridae,ICTV 2026 (MSL41.v1),ncbi_name_exact_current_ictv_species,high,1,independent_source_verified
UniVH,SCLIN0021573,input_original/manual_downloads/UniVH/dataset.csv,normalized from outputs/tables/univh_family_reconstruction_audit.csv row 2071; unit=NCBI species-rank aggregate,RAW0021573,,3433230,Victorivirus nijyukyu,Victorivirus nijyukyu,Totiviridae,Pseudototiviridae,ICTV 2026 (MSL41.v1),ncbi_name_exact_current_ictv_species,high,1,independent_source_verified
UniVH,SCLIN0021574,input_original/manual_downloads/UniVH/dataset.csv,normalized from outputs/tables/univh_family_reconstruction_audit.csv row 2072; unit=NCBI species-rank aggregate,RAW0021574,,3433232,Victorivirus nijyuroku,Victorivirus nijyuroku,Totiviridae,Pseudototiviridae,ICTV 2026 (MSL41.v1),ncbi_name_exact_current_ictv_species,high,1,independent_source_verified
UniVH,SCLIN0021575,input_original/manual_downloads/UniVH/dataset.csv,normalized from outputs/tables/univh_family_reconstruction_audit.csv row 2073; unit=NCBI species-rank aggregate,RAW0021575,,3433234,Victorivirus nijyushi,Victorivirus nijyushi,Totiviridae,Pseudototiviridae,ICTV 2026 (MSL41.v1),ncbi_name_exact_current_ictv_species,high,1,independent_source_verified
UniVH,SCLIN0021576,input_original/manual_downloads/UniVH/dataset.csv,normalized from outputs/tables/univh_family_reconstruction_audit.csv row 2074; unit=NCBI species-rank aggregate,RAW0021576,,3433235,Victorivirus nijyushichi,Victorivirus nijyushichi,Totiviridae,Pseudototiviridae,ICTV 2026 (MSL41.v1),ncbi_name_exact_current_ictv_species,high,1,independent_source_verified
UniVH,SCLIN0021577,input_original/manual_downloads/UniVH/dataset.csv,normalized from outputs/tables/univh_family_reconstruction_audit.csv row 2075; unit=NCBI species-rank aggregate,RAW0021577,,3433240,Victorivirus sanjyuni,Victorivirus sanjyuni,Totiviridae,Pseudototiviridae,ICTV 2026 (MSL41.v1),ncbi_name_exact_current_ictv_species,high,1,independent_source_verified
UniVH,SCLIN0021578,input_original/manual_downloads/UniVH/dataset.csv,normalized from outputs/tables/univh_family_reconstruction_audit.csv row 209; unit=NCBI species-rank aggregate,RAW0021578,,1728964,Alternaria arborescens victorivirus 1,Alternaria arborescens victorivirus 1,Totiviridae,Pseudototiviridae,ICTV 2026 (MSL41.v1),ncbi_family_ancestor_harmonized,high,1,independent_source_verified
UniVH,SCLIN0021579,input_original/manual_downloads/UniVH/dataset.csv,normalized from outputs/tables/univh_family_reconstruction_audit.csv row 213; unit=NCBI species-rank aggregate,RAW0021579,,1756615,Ustilaginoidea virens RNA virus 5,Ustilaginoidea virens RNA virus 5,Totiviridae,Pseudototiviridae,ICTV 2026 (MSL41.v1),ncbi_family_ancestor_harmonized,high,1,independent_source_verified
UniVH,SCLIN0021580,input_original/manual_downloads/UniVH/dataset.csv,normalized from outputs/tables/univh_family_reconstruction_audit.csv row 350; unit=NCBI species-rank aggregate,RAW0021580,,2005330,Ustilaginoidea virens RNA virus 6,Ustilaginoidea virens RNA virus 6,Totiviridae,Pseudototiviridae,ICTV 2026 (MSL41.v1),ncbi_family_ancestor_harmonized,high,1,independent_source_verified
UniVH,SCLIN0021581,input_original/manual_downloads/UniVH/dataset.csv,normalized from outputs/tables/univh_family_reconstruction_audit.csv row 415; unit=NCBI species-rank aggregate,RAW0021581,,2267398,Bipolaris maydis victorivirus 1,Bipolaris maydis victorivirus 1,Totiviridae,Pseudototiviridae,ICTV 2026 (MSL41.v1),ncbi_family_ancestor_harmonized,high,1,independent_source_verified
UniVH,SCLIN0021582,input_original/manual_downloads/UniVH/dataset.csv,normalized from outputs/tables/univh_family_reconstruction_audit.csv row 472; unit=NCBI species-rank aggregate,RAW0021582,,2516432,Botrytis cinerea victorivirus 1,Botrytis cinerea victorivirus 1,Totiviridae,Pseudototiviridae,ICTV 2026 (MSL41.v1),ncbi_family_ancestor_harmonized,high,1,independent_source_verified
UniVH,SCLIN0021583,input_original/manual_downloads/UniVH/dataset.csv,normalized from outputs/tables/univh_family_reconstruction_audit.csv row 535; unit=NCBI species-rank aggregate,RAW0021583,,2707300,Colletotrichum fructicola victorivirus 1,Colletotrichum fructicola victorivirus 1,Totiviridae,Pseudototiviridae,ICTV 2026 (MSL41.v1),ncbi_family_ancestor_harmonized,high,1,independent_source_verified
UniVH,SCLIN0021584,input_original/manual_downloads/UniVH/dataset.csv,normalized from outputs/tables/univh_family_reconstruction_audit.csv row 610; unit=NCBI species-rank aggregate,RAW0021584,,2737160,Bipolaris maydis victorivirus 1b,Bipolaris maydis victorivirus 1b,Totiviridae,Pseudototiviridae,ICTV 2026 (MSL41.v1),ncbi_family_ancestor_harmonized,high,1,independent_source_verified
UniVH,SCLIN0021585,input_original/manual_downloads/UniVH/dataset.csv,normalized from outputs/tables/univh_family_reconstruction_audit.csv row 611; unit=NCBI species-rank aggregate,RAW0021585,,2737161,Bipolaris maydis victorivirus 1c,Bipolaris maydis victorivirus 1c,Totiviridae,Pseudototiviridae,ICTV 2026 (MSL41.v1),ncbi_family_ancestor_harmonized,high,1,independent_source_verified
UniVH,SCLIN0021586,input_original/manual_downloads/UniVH/dataset.csv,normalized from outputs/tables/univh_family_reconstruction_audit.csv row 612; unit=NCBI species-rank aggregate,RAW0021586,,2737162,Bipolaris maydis victorivirus 1d,Bipolaris maydis victorivirus 1d,Totiviridae,Pseudototiviridae,ICTV 2026 (MSL41.v1),ncbi_family_ancestor_harmonized,high,1,independent_source_verified
UniVH,SCLIN0021587,input_original/manual_downloads/UniVH/dataset.csv,normalized from outputs/tables/univh_family_reconstruction_audit.csv row 637; unit=NCBI species-rank aggregate,RAW0021587,,2746650,Botrytis cinerea victorivirus 3,Botrytis cinerea victorivirus 3,Totiviridae,Pseudototiviridae,ICTV 2026 (MSL41.v1),ncbi_family_ancestor_harmonized,high,1,independent_source_verified
UniVH,SCLIN0021588,input_original/manual_downloads/UniVH/dataset.csv,normalized from outputs/tables/univh_family_reconstruction_audit.csv row 647; unit=NCBI species-rank aggregate,RAW0021588,,2749588,Botrytis cinerea victorivirus 2-BCS12,Botrytis cinerea victorivirus 2-BCS12,Totiviridae,Pseudototiviridae,ICTV 2026 (MSL41.v1),ncbi_family_ancestor_harmonized,high,1,independent_source_verified
UniVH,SCLIN0021589,input_original/manual_downloads/UniVH/dataset.csv,normalized from outputs/tables/univh_family_reconstruction_audit.csv row 648; unit=NCBI species-rank aggregate,RAW0021589,,2749589,Botrytis cinerea victorivirus 2-BCS14,Botrytis cinerea victorivirus 2-BCS14,Totiviridae,Pseudototiviridae,ICTV 2026 (MSL41.v1),ncbi_family_ancestor_harmonized,high,1,independent_source_verified
UniVH,SCLIN0021590,input_original/manual_downloads/UniVH/dataset.csv,normalized from outputs/tables/univh_family_reconstruction_audit.csv row 649; unit=NCBI species-rank aggregate,RAW0021590,,2749591,Botrytis cinerea victorivirus 3-BCS16,Botrytis cinerea victorivirus 3-BCS16,Totiviridae,Pseudototiviridae,ICTV 2026 (MSL41.v1),ncbi_family_ancestor_harmonized,high,1,independent_source_verified
UniVH,SCLIN0021591,input_original/manual_downloads/UniVH/dataset.csv,normalized from outputs/tables/univh_family_reconstruction_audit.csv row 650; unit=NCBI species-rank aggregate,RAW0021591,,2749592,Botrytis cinerea victorivirus 3-BCS17,Botrytis cinerea victorivirus 3-BCS17,Totiviridae,Pseudototiviridae,ICTV 2026 (MSL41.v1),ncbi_family_ancestor_harmonized,high,1,independent_source_verified
UniVH,SCLIN0021592,input_original/manual_downloads/UniVH/dataset.csv,normalized from outputs/tables/univh_family_reconstruction_audit.csv row 678; unit=NCBI species-rank aggregate,RAW0021592,,2803036,Botrytis cinerea victorivirus 2-BCS9,Botrytis cinerea victorivirus 2-BCS9,Totiviridae,Pseudototiviridae,ICTV 2026 (MSL41.v1),ncbi_family_ancestor_harmonized,high,1,independent_source_verified
UniVH,SCLIN0021593,input_original/manual_downloads/UniVH/dataset.csv,normalized from outputs/tables/univh_family_reconstruction_audit.csv row 679; unit=NCBI species-rank aggregate,RAW0021593,,2803037,Botrytis cinerea victorivirus 3-BCS13,Botrytis cinerea victorivirus 3-BCS13,Totiviridae,Pseudototiviridae,ICTV 2026 (MSL41.v1),ncbi_family_ancestor_harmonized,high,1,independent_source_verified
UniVH,SCLIN0021594,input_original/manual_downloads/UniVH/dataset.csv,normalized from outputs/tables/univh_family_reconstruction_audit.csv row 840; unit=NCBI species-rank aggregate,RAW0021594,,2932876,Diplodia seriata victorivirus 1,Diplodia seriata victorivirus 1,Totiviridae,Pseudototiviridae,ICTV 2026 (MSL41.v1),ncbi_family_ancestor_harmonized,high,1,independent_source_verified
UniVH,SCLIN0021595,input_original/manual_downloads/UniVH/dataset.csv,normalized from outputs/tables/univh_family_reconstruction_audit.csv row 853; unit=NCBI species-rank aggregate,RAW0021595,,2937731,Aspergillus niger victorivirus 1,Aspergillus niger victorivirus 1,Totiviridae,Pseudototiviridae,ICTV 2026 (MSL41.v1),ncbi_family_ancestor_harmonized,high,1,independent_source_verified
UniVH,SCLIN0021596,input_original/manual_downloads/UniVH/dataset.csv,normalized from outputs/tables/univh_family_reconstruction_audit.csv row 1968; unit=NCBI species-rank aggregate,RAW0021596,,3432059,Quadrivirus ichi,Quadrivirus ichi,Quadriviridae,Quadriviridae,ICTV 2026 (MSL41.v1),ncbi_name_exact_current_ictv_species,high,1,independent_source_verified
UniVH,SCLIN0021597,input_original/manual_downloads/UniVH/dataset.csv,normalized from outputs/tables/univh_family_reconstruction_audit.csv row 1969; unit=NCBI species-rank aggregate,RAW0021597,,3432060,Quadrivirus ni,Quadrivirus ni,Quadriviridae,Quadriviridae,ICTV 2026 (MSL41.v1),ncbi_name_exact_current_ictv_species,high,1,independent_source_verified
UniVH,SCLIN0021598,input_original/manual_downloads/UniVH/dataset.csv,normalized from outputs/tables/univh_family_reconstruction_audit.csv row 11; unit=NCBI species-rank aggregate,RAW0021598,,12721,Human immunodeficiency virus,Human immunodeficiency virus,Retroviridae,Retroviridae,ICTV 2026 (MSL41.v1),ncbi_family_ancestor_harmonized,high,1,independent_source_verified
UniVH,SCLIN0021599,input_original/manual_downloads/UniVH/dataset.csv,normalized from outputs/tables/univh_family_reconstruction_audit.csv row 1487; unit=NCBI species-rank aggregate,RAW0021599,,3239073,African green monkey-like simian foamy virus,African green monkey-like simian foamy virus,Retroviridae,Retroviridae,ICTV 2026 (MSL41.v1),ncbi_family_ancestor_harmonized,high,1,independent_source_verified
UniVH,SCLIN0021600,input_original/manual_downloads/UniVH/dataset.csv,normalized from outputs/tables/univh_family_reconstruction_audit.csv row 154; unit=NCBI species-rank aggregate,RAW0021600,,1454033,Simian T-cell lymphotropic virus 4,Simian T-cell lymphotropic virus 4,Retroviridae,Retroviridae,ICTV 2026 (MSL41.v1),ncbi_family_ancestor_harmonized,high,1,independent_source_verified
UniVH,SCLIN0021601,input_original/manual_downloads/UniVH/dataset.csv,normalized from outputs/tables/univh_family_reconstruction_audit.csv row 1582; unit=NCBI species-rank aggregate,RAW0021601,,3418647,Lentivirus capartenc,Lentivirus capartenc,Retroviridae,Retroviridae,ICTV 2026 (MSL41.v1),ncbi_name_exact_current_ictv_species,high,1,independent_source_verified
UniVH,SCLIN0021602,input_original/manual_downloads/UniVH/dataset.csv,normalized from outputs/tables/univh_family_reconstruction_audit.csv row 1583; unit=NCBI species-rank aggregate,RAW0021602,,3418648,Lentivirus equinfane,Lentivirus equinfane,Retroviridae,Retroviridae,ICTV 2026 (MSL41.v1),ncbi_name_exact_current_ictv_species,high,1,independent_source_verified
UniVH,SCLIN0021603,input_original/manual_downloads/UniVH/dataset.csv,normalized from outputs/tables/univh_family_reconstruction_audit.csv row 1584; unit=NCBI species-rank aggregate,RAW0021603,,3418649,Lentivirus felimdef,Lentivirus felimdef,Retroviridae,Retroviridae,ICTV 2026 (MSL41.v1),ncbi_name_exact_current_ictv_species,high,1,independent_source_verified
UniVH,SCLIN0021604,input_original/manual_downloads/UniVH/dataset.csv,normalized from outputs/tables/univh_family_reconstruction_audit.csv row 1585; unit=NCBI species-rank aggregate,RAW0021604,,3418650,Lentivirus humimdef1,Lentivirus humimdef1,Retroviridae,Retroviridae,ICTV 2026 (MSL41.v1),ncbi_name_exact_current_ictv_species,high,1,independent_source_verified
UniVH,SCLIN0021605,input_original/manual_downloads/UniVH/dataset.csv,normalized from outputs/tables/univh_family_reconstruction_audit.csv row 1586; unit=NCBI species-rank aggregate,RAW0021605,,3418651,Lentivirus humimdef2,Lentivirus humimdef2,Retroviridae,Retroviridae,ICTV 2026 (MSL41.v1),ncbi_name_exact_current_ictv_species,high,1,independent_source_verified
UniVH,SCLIN0021606,input_original/manual_downloads/UniVH/dataset.csv,normalized from outputs/tables/univh_family_reconstruction_audit.csv row 1587; unit=NCBI species-rank aggregate,RAW0021606,,3418652,Lentivirus ovivismae,Lentivirus ovivismae,Retroviridae,Retroviridae,ICTV 2026 (MSL41.v1),ncbi_name_exact_current_ictv_species,high,1,independent_source_verified
UniVH,SCLIN0021607,input_original/manual_downloads/UniVH/dataset.csv,normalized from outputs/tables/univh_family_reconstruction_audit.csv row 1588; unit=NCBI species-rank aggregate,RAW0021607,,3418653,Lentivirus pum,Lentivirus pum,Retroviridae,Retroviridae,ICTV 2026 (MSL41.v1),ncbi_name_exact_current_ictv_species,high,1,independent_source_verified
UniVH,SCLIN0021608,input_original/manual_downloads/UniVH/dataset.csv,normalized from outputs/tables/univh_family_reconstruction_audit.csv row 1589; unit=NCBI species-rank aggregate,RAW0021608,,3418654,Lentivirus simimdef,Lentivirus simimdef,Retroviridae,Retroviridae,ICTV 2026 (MSL41.v1),ncbi_name_exact_current_ictv_species,high,1,independent_source_verified
UniVH,SCLIN0021609,input_original/manual_downloads/UniVH/dataset.csv,normalized from outputs/tables/univh_family_reconstruction_audit.csv row 1613; unit=NCBI species-rank aggregate,RAW0021609,,3426267,Alpharetrovirus avileu,Alpharetrovirus avileu,Retroviridae,Retroviridae,ICTV 2026 (MSL41.v1),ncbi_name_exact_current_ictv_species,high,1,independent_source_verified
UniVH,SCLIN0021610,input_original/manual_downloads/UniVH/dataset.csv,normalized from outputs/tables/univh_family_reconstruction_audit.csv row 1679; unit=NCBI species-rank aggregate,RAW0021610,,3427294,Betaretrovirus maspfimon,Betaretrovirus maspfimon,Retroviridae,Retroviridae,ICTV 2026 (MSL41.v1),ncbi_name_exact_current_ictv_species,high,1,independent_source_verified
UniVH,SCLIN0021611,input_original/manual_downloads/UniVH/dataset.csv,normalized from outputs/tables/univh_family_reconstruction_audit.csv row 1680; unit=NCBI species-rank aggregate,RAW0021611,,3427296,Betaretrovirus ovijaa,Betaretrovirus ovijaa,Retroviridae,Retroviridae,ICTV 2026 (MSL41.v1),ncbi_name_exact_current_ictv_species,high,1,independent_source_verified
UniVH,SCLIN0021612,input_original/manual_downloads/UniVH/dataset.csv,normalized from outputs/tables/univh_family_reconstruction_audit.csv row 1693; unit=NCBI species-rank aggregate,RAW0021612,,207343,Bovispumavirus bostau,Bovispumavirus bostau,Retroviridae,Retroviridae,ICTV 2026 (MSL41.v1),ncbi_name_exact_current_ictv_species,high,1,independent_source_verified
UniVH,SCLIN0021613,input_original/manual_downloads/UniVH/dataset.csv,normalized from outputs/tables/univh_family_reconstruction_audit.csv row 1762; unit=NCBI species-rank aggregate,RAW0021613,,3428211,Deltaretrovirus bovleu,Deltaretrovirus bovleu,Retroviridae,Retroviridae,ICTV 2026 (MSL41.v1),ncbi_name_exact_current_ictv_species,high,1,independent_source_verified
UniVH,SCLIN0021614,input_original/manual_downloads/UniVH/dataset.csv,normalized from outputs/tables/univh_family_reconstruction_audit.csv row 1763; unit=NCBI species-rank aggregate,RAW0021614,,3428212,Deltaretrovirus priTlym1,Deltaretrovirus priTlym1,Retroviridae,Retroviridae,ICTV 2026 (MSL41.v1),ncbi_name_exact_current_ictv_species,high,1,independent_source_verified
UniVH,SCLIN0021615,input_original/manual_downloads/UniVH/dataset.csv,normalized from outputs/tables/univh_family_reconstruction_audit.csv row 1764; unit=NCBI species-rank aggregate,RAW0021615,,3428213,Deltaretrovirus priTlym2,Deltaretrovirus priTlym2,Retroviridae,Retroviridae,ICTV 2026 (MSL41.v1),ncbi_name_exact_current_ictv_species,high,1,independent_source_verified
UniVH,SCLIN0021616,input_original/manual_downloads/UniVH/dataset.csv,normalized from outputs/tables/univh_family_reconstruction_audit.csv row 1765; unit=NCBI species-rank aggregate,RAW0021616,,3428214,Deltaretrovirus priTlym3,Deltaretrovirus priTlym3,Retroviridae,Retroviridae,ICTV 2026 (MSL41.v1),ncbi_name_exact_current_ictv_species,high,1,independent_source_verified
UniVH,SCLIN0021617,input_original/manual_downloads/UniVH/dataset.csv,normalized from outputs/tables/univh_family_reconstruction_audit.csv row 1785; unit=NCBI species-rank aggregate,RAW0021617,,109270,Equispumavirus equcab,Equispumavirus equcab,Retroviridae,Retroviridae,ICTV 2026 (MSL41.v1),ncbi_name_exact_current_ictv_species,high,1,independent_source_verified
UniVH,SCLIN0021618,input_original/manual_downloads/UniVH/dataset.csv,normalized from outputs/tables/univh_family_reconstruction_audit.csv row 1790; unit=NCBI species-rank aggregate,RAW0021618,,53182,Felispumavirus felcat,Felispumavirus felcat,Retroviridae,Retroviridae,ICTV 2026 (MSL41.v1),ncbi_name_exact_current_ictv_species,high,1,independent_source_verified
UniVH,SCLIN0021619,input_original/manual_downloads/UniVH/dataset.csv,normalized from outputs/tables/univh_family_reconstruction_audit.csv row 1813; unit=NCBI species-rank aggregate,RAW0021619,,3428951,Gammaretrovirus felleu,Gammaretrovirus felleu,Retroviridae,Retroviridae,ICTV 2026 (MSL41.v1),ncbi_name_exact_current_ictv_species,high,1,independent_source_verified
UniVH,SCLIN0021620,input_original/manual_downloads/UniVH/dataset.csv,normalized from outputs/tables/univh_family_reconstruction_audit.csv row 1814; unit=NCBI species-rank aggregate,RAW0021620,,3428957,Gammaretrovirus koa,Gammaretrovirus koa,Retroviridae,Retroviridae,ICTV 2026 (MSL41.v1),ncbi_name_exact_current_ictv_species,high,1,independent_source_verified
UniVH,SCLIN0021621,input_original/manual_downloads/UniVH/dataset.csv,normalized from outputs/tables/univh_family_reconstruction_audit.csv row 1815; unit=NCBI species-rank aggregate,RAW0021621,,11786,Gammaretrovirus murleu,Gammaretrovirus murleu,Retroviridae,Retroviridae,ICTV 2026 (MSL41.v1),ncbi_name_exact_current_ictv_species,high,1,independent_source_verified
UniVH,SCLIN0021622,input_original/manual_downloads/UniVH/dataset.csv,normalized from outputs/tables/univh_family_reconstruction_audit.csv row 187; unit=NCBI species-rank aggregate,RAW0021622,,1622024,Desmodus rotundus endogenous retrovirus,Desmodus rotundus endogenous retrovirus,Retroviridae,Retroviridae,ICTV 2026 (MSL41.v1),ncbi_family_ancestor_harmonized,high,1,independent_source_verified
UniVH,SCLIN0021623,input_original/manual_downloads/UniVH/dataset.csv,normalized from outputs/tables/univh_family_reconstruction_audit.csv row 1996; unit=NCBI species-rank aggregate,RAW0021623,,2170197,Simiispumavirus cernic,Simiispumavirus cernic,Retroviridae,Retroviridae,ICTV 2026 (MSL41.v1),ncbi_name_exact_current_ictv_species,high,1,independent_source_verified
UniVH,SCLIN0021624,input_original/manual_downloads/UniVH/dataset.csv,normalized from outputs/tables/univh_family_reconstruction_audit.csv row 1997; unit=NCBI species-rank aggregate,RAW0021624,,338478,Simiispumavirus maccyc,Simiispumavirus maccyc,Retroviridae,Retroviridae,ICTV 2026 (MSL41.v1),ncbi_name_exact_current_ictv_species,high,1,independent_source_verified
UniVH,SCLIN0021625,input_original/manual_downloads/UniVH/dataset.csv,normalized from outputs/tables/univh_family_reconstruction_audit.csv row 1998; unit=NCBI species-rank aggregate,RAW0021625,,2170199,Simiispumavirus macmul,Simiispumavirus macmul,Retroviridae,Retroviridae,ICTV 2026 (MSL41.v1),ncbi_name_exact_current_ictv_species,high,1,independent_source_verified
UniVH,SCLIN0021626,input_original/manual_downloads/UniVH/dataset.csv,normalized from outputs/tables/univh_family_reconstruction_audit.csv row 1999; unit=NCBI species-rank aggregate,RAW0021626,,2170194; 2560375,Simiispumavirus pantrotro,Simiispumavirus pantrotro,Retroviridae,Retroviridae,ICTV 2026 (MSL41.v1),ncbi_name_exact_current_ictv_species,high,1,independent_source_verified
UniVH,SCLIN0021627,input_original/manual_downloads/UniVH/dataset.csv,normalized from outputs/tables/univh_family_reconstruction_audit.csv row 2000; unit=NCBI species-rank aggregate,RAW0021627,,2170193,Simiispumavirus ponpygpyg,Simiispumavirus ponpygpyg,Retroviridae,Retroviridae,ICTV 2026 (MSL41.v1),ncbi_name_exact_current_ictv_species,high,1,independent_source_verified
UniVH,SCLIN0021628,input_original/manual_downloads/UniVH/dataset.csv,normalized from outputs/tables/univh_family_reconstruction_audit.csv row 20; unit=NCBI species-rank aggregate,RAW0021628,,57667,Simian-Human immunodeficiency virus,Simian-Human immunodeficiency virus,Retroviridae,Retroviridae,ICTV 2026 (MSL41.v1),ncbi_family_ancestor_harmonized,high,1,independent_source_verified
UniVH,SCLIN0021629,input_original/manual_downloads/UniVH/dataset.csv,normalized from outputs/tables/univh_family_reconstruction_audit.csv row 227; unit=NCBI species-rank aggregate,RAW0021629,,1822365,Bovine retrovirus CH15,Bovine retrovirus CH15,Retroviridae,Retroviridae,ICTV 2026 (MSL41.v1),ncbi_family_ancestor_harmonized,high,1,independent_source_verified
UniVH,SCLIN0021630,input_original/manual_downloads/UniVH/dataset.csv,normalized from outputs/tables/univh_family_reconstruction_audit.csv row 22; unit=NCBI species-rank aggregate,RAW0021630,,69576,Ovine enzootic nasal tumor virus,Ovine enzootic nasal tumor virus,Retroviridae,Retroviridae,ICTV 2026 (MSL41.v1),ncbi_family_ancestor_harmonized,high,1,independent_source_verified
UniVH,SCLIN0021631,input_original/manual_downloads/UniVH/dataset.csv,normalized from outputs/tables/univh_family_reconstruction_audit.csv row 250; unit=NCBI species-rank aggregate,RAW0021631,,1904439,Simian retrovirus 8,Simian retrovirus 8,Retroviridae,Retroviridae,ICTV 2026 (MSL41.v1),ncbi_family_ancestor_harmonized,high,1,independent_source_verified
UniVH,SCLIN0021632,input_original/manual_downloads/UniVH/dataset.csv,normalized from outputs/tables/univh_family_reconstruction_audit.csv row 29; unit=NCBI species-rank aggregate,RAW0021632,,99182,Murine leukemia-related retroviruses,Murine leukemia-related retroviruses,Retroviridae,Retroviridae,ICTV 2026 (MSL41.v1),ncbi_family_ancestor_harmonized,high,1,independent_source_verified
UniVH,SCLIN0021633,input_original/manual_downloads/UniVH/dataset.csv,normalized from outputs/tables/univh_family_reconstruction_audit.csv row 398; unit=NCBI species-rank aggregate,RAW0021633,,2169894,Puma feline foamy virus,Puma feline foamy virus,Retroviridae,Retroviridae,ICTV 2026 (MSL41.v1),ncbi_family_ancestor_harmonized,high,1,independent_source_verified
UniVH,SCLIN0021634,input_original/manual_downloads/UniVH/dataset.csv,normalized from outputs/tables/univh_family_reconstruction_audit.csv row 499; unit=NCBI species-rank aggregate,RAW0021634,,2584748,Enzootic nasal tumour virus 2,Enzootic nasal tumour virus 2,Retroviridae,Retroviridae,ICTV 2026 (MSL41.v1),ncbi_family_ancestor_harmonized,high,1,independent_source_verified
UniVH,SCLIN0021635,input_original/manual_downloads/UniVH/dataset.csv,normalized from outputs/tables/univh_family_reconstruction_audit.csv row 49; unit=NCBI species-rank aggregate,RAW0021635,,318279,Human T-lymphotropic virus 4,Human T-lymphotropic virus 4,Retroviridae,Retroviridae,ICTV 2026 (MSL41.v1),ncbi_family_ancestor_harmonized,high,1,independent_source_verified
UniVH,SCLIN0021636,input_original/manual_downloads/UniVH/dataset.csv,normalized from outputs/tables/univh_family_reconstruction_audit.csv row 4; unit=NCBI species-rank aggregate,RAW0021636,,11642,Simian foamy virus,Simian foamy virus,Retroviridae,Retroviridae,ICTV 2026 (MSL41.v1),ncbi_family_ancestor_harmonized,high,1,independent_source_verified
UniVH,SCLIN0021637,input_original/manual_downloads/UniVH/dataset.csv,normalized from outputs/tables/univh_family_reconstruction_audit.csv row 510; unit=NCBI species-rank aggregate,RAW0021637,,2594425,Black Syrian hamster retrovirus,Black Syrian hamster retrovirus,Retroviridae,Retroviridae,ICTV 2026 (MSL41.v1),ncbi_family_ancestor_harmonized,high,1,independent_source_verified
UniVH,SCLIN0021638,input_original/manual_downloads/UniVH/dataset.csv,normalized from outputs/tables/univh_family_reconstruction_audit.csv row 699; unit=NCBI species-rank aggregate,RAW0021638,,2821277,Prosimian retrovirus 1,Prosimian retrovirus 1,Retroviridae,Retroviridae,ICTV 2026 (MSL41.v1),ncbi_family_ancestor_harmonized,high,1,independent_source_verified
UniVH,SCLIN0021639,input_original/manual_downloads/UniVH/dataset.csv,normalized from outputs/tables/univh_family_reconstruction_audit.csv row 817; unit=NCBI species-rank aggregate,RAW0021639,,2913605,Enzootic nasal tumor virus 2,Enzootic nasal tumor virus 2,Retroviridae,Retroviridae,ICTV 2026 (MSL41.v1),ncbi_family_ancestor_harmonized,high,1,independent_source_verified
UniVH,SCLIN0021640,input_original/manual_downloads/UniVH/dataset.csv,normalized from outputs/tables/univh_family_reconstruction_audit.csv row 82; unit=NCBI species-rank aggregate,RAW0021640,,723802,Simian retrovirus 4,Simian retrovirus 4,Retroviridae,Retroviridae,ICTV 2026 (MSL41.v1),ncbi_family_ancestor_harmonized,high,1,independent_source_verified
UniVH,SCLIN0021641,input_original/manual_downloads/UniVH/dataset.csv,normalized from outputs/tables/univh_family_reconstruction_audit.csv row 10; unit=NCBI species-rank aggregate,RAW0021641,,12538,Lyssavirus mokola,Lyssavirus mokola,Rhabdoviridae,Rhabdoviridae,ICTV 2026 (MSL41.v1),ncbi_name_exact_current_ictv_species,high,1,independent_source_verified
UniVH,SCLIN0021642,input_original/manual_downloads/UniVH/dataset.csv,normalized from outputs/tables/univh_family_reconstruction_audit.csv row 126; unit=NCBI species-rank aggregate,RAW0021642,,1256869,Perhabdovirus perca,Perhabdovirus perca,Rhabdoviridae,Rhabdoviridae,ICTV 2026 (MSL41.v1),ncbi_name_exact_current_ictv_species,high,1,independent_source_verified
UniVH,SCLIN0021643,input_original/manual_downloads/UniVH/dataset.csv,normalized from outputs/tables/univh_family_reconstruction_audit.csv row 130; unit=NCBI species-rank aggregate,RAW0021643,,1300113,Perhabdovirus anguilla,Perhabdovirus anguilla,Rhabdoviridae,Rhabdoviridae,ICTV 2026 (MSL41.v1),ncbi_name_exact_current_ictv_species,high,1,independent_source_verified
UniVH,SCLIN0021644,input_original/manual_downloads/UniVH/dataset.csv,normalized from outputs/tables/univh_family_reconstruction_audit.csv row 1397; unit=NCBI species-rank aggregate,RAW0021644,,3059718,Alphanemrhavirus sodak,Alphanemrhavirus sodak,Rhabdoviridae,Rhabdoviridae,ICTV 2026 (MSL41.v1),ncbi_name_exact_current_ictv_species,high,1,independent_source_verified
UniVH,SCLIN0021645,input_original/manual_downloads/UniVH/dataset.csv,normalized from outputs/tables/univh_family_reconstruction_audit.csv row 1402; unit=NCBI species-rank aggregate,RAW0021645,,3059988,Ephemerovirus guangdong,Ephemerovirus guangdong,Rhabdoviridae,Rhabdoviridae,ICTV 2026 (MSL41.v1),ncbi_name_exact_current_ictv_species,high,1,independent_source_verified
UniVH,SCLIN0021646,input_original/manual_downloads/UniVH/dataset.csv,normalized from outputs/tables/univh_family_reconstruction_audit.csv row 1403; unit=NCBI species-rank aggregate,RAW0021646,,3059989,Ephemerovirus henan,Ephemerovirus henan,Rhabdoviridae,Rhabdoviridae,ICTV 2026 (MSL41.v1),ncbi_name_exact_current_ictv_species,high,1,independent_source_verified
UniVH,SCLIN0021647,input_original/manual_downloads/UniVH/dataset.csv,normalized from outputs/tables/univh_family_reconstruction_audit.csv row 1421; unit=NCBI species-rank aggregate,RAW0021647,,3060707,Sigmavirus sichuan,Sigmavirus sichuan,Rhabdoviridae,Rhabdoviridae,ICTV 2026 (MSL41.v1),ncbi_name_exact_current_ictv_species,high,1,independent_source_verified
UniVH,SCLIN0021648,input_original/manual_downloads/UniVH/dataset.csv,normalized from outputs/tables/univh_family_reconstruction_audit.csv row 1422; unit=NCBI species-rank aggregate,RAW0021648,,3060740,Tibrovirus mundri,Tibrovirus mundri,Rhabdoviridae,Rhabdoviridae,ICTV 2026 (MSL41.v1),ncbi_name_exact_current_ictv_species,high,1,independent_source_verified
UniVH,SCLIN0021649,input_original/manual_downloads/UniVH/dataset.csv,normalized from outputs/tables/univh_family_reconstruction_audit.csv row 1439; unit=NCBI species-rank aggregate,RAW0021649,,3079712,Infectious hemorrhagic syndrome virus,Infectious hemorrhagic syndrome virus,Rhabdoviridae,Rhabdoviridae,ICTV 2026 (MSL41.v1),ncbi_family_ancestor_harmonized,high,1,independent_source_verified
UniVH,SCLIN0021650,input_original/manual_downloads/UniVH/dataset.csv,normalized from outputs/tables/univh_family_reconstruction_audit.csv row 1440; unit=NCBI species-rank aggregate,RAW0021650,,3092212,Merida-like virus,Merida-like virus,Rhabdoviridae,Rhabdoviridae,ICTV 2026 (MSL41.v1),ncbi_family_ancestor_harmonized,high,1,independent_source_verified
UniVH,SCLIN0021651,input_original/manual_downloads/UniVH/dataset.csv,normalized from outputs/tables/univh_family_reconstruction_audit.csv row 1456; unit=NCBI species-rank aggregate,RAW0021651,,3118959,Beet leaf curl betanucleorhabdovirus,Beet leaf curl betanucleorhabdovirus,Rhabdoviridae,Rhabdoviridae,ICTV 2026 (MSL41.v1),ncbi_family_ancestor_harmonized,high,1,independent_source_verified
UniVH,SCLIN0021652,input_original/manual_downloads/UniVH/dataset.csv,normalized from outputs/tables/univh_family_reconstruction_audit.csv row 1478; unit=NCBI species-rank aggregate,RAW0021652,,3230303,XiangYang Rhabdovirus 1,XiangYang Rhabdovirus 1,Rhabdoviridae,Rhabdoviridae,ICTV 2026 (MSL41.v1),ncbi_family_ancestor_harmonized,high,1,independent_source_verified
UniVH,SCLIN0021653,input_original/manual_downloads/UniVH/dataset.csv,normalized from outputs/tables/univh_family_reconstruction_audit.csv row 1479; unit=NCBI species-rank aggregate,RAW0021653,,3230304,XiangYang Rhabdovirus 2,XiangYang Rhabdovirus 2,Rhabdoviridae,Rhabdoviridae,ICTV 2026 (MSL41.v1),ncbi_family_ancestor_harmonized,high,1,independent_source_verified
UniVH,SCLIN0021654,input_original/manual_downloads/UniVH/dataset.csv,normalized from outputs/tables/univh_family_reconstruction_audit.csv row 1480; unit=NCBI species-rank aggregate,RAW0021654,,3230305,XiangYang Rhabdovirus 3,XiangYang Rhabdovirus 3,Rhabdoviridae,Rhabdoviridae,ICTV 2026 (MSL41.v1),ncbi_family_ancestor_harmonized,high,1,independent_source_verified
UniVH,SCLIN0021655,input_original/manual_downloads/UniVH/dataset.csv,normalized from outputs/tables/univh_family_reconstruction_audit.csv row 1481; unit=NCBI species-rank aggregate,RAW0021655,,3230306,XiangYang Rhabdovirus 4,XiangYang Rhabdovirus 4,Rhabdoviridae,Rhabdoviridae,ICTV 2026 (MSL41.v1),ncbi_family_ancestor_harmonized,high,1,independent_source_verified
UniVH,SCLIN0021656,input_original/manual_downloads/UniVH/dataset.csv,normalized from outputs/tables/univh_family_reconstruction_audit.csv row 1482; unit=NCBI species-rank aggregate,RAW0021656,,3230307,XiangYang Rhabdovirus 5,XiangYang Rhabdovirus 5,Rhabdoviridae,Rhabdoviridae,ICTV 2026 (MSL41.v1),ncbi_family_ancestor_harmonized,high,1,independent_source_verified
UniVH,SCLIN0021657,input_original/manual_downloads/UniVH/dataset.csv,normalized from outputs/tables/univh_family_reconstruction_audit.csv row 1578; unit=NCBI species-rank aggregate,RAW0021657,,3415613,Wild boar ephemerovirus,Wild boar ephemerovirus,Rhabdoviridae,Rhabdoviridae,ICTV 2026 (MSL41.v1),ncbi_family_ancestor_harmonized,high,1,independent_source_verified
UniVH,SCLIN0021658,input_original/manual_downloads/UniVH/dataset.csv,normalized from outputs/tables/univh_family_reconstruction_audit.csv row 1579; unit=NCBI species-rank aggregate,RAW0021658,,3416183,Xuecheng tick lostrhavirus,Xuecheng tick lostrhavirus,Rhabdoviridae,Rhabdoviridae,ICTV 2026 (MSL41.v1),ncbi_family_ancestor_harmonized,high,1,independent_source_verified
UniVH,SCLIN0021659,input_original/manual_downloads/UniVH/dataset.csv,normalized from outputs/tables/univh_family_reconstruction_audit.csv row 1591; unit=NCBI species-rank aggregate,RAW0021659,,3426084,Almendravirus shanxi,Almendravirus shanxi,Rhabdoviridae,Rhabdoviridae,ICTV 2026 (MSL41.v1),ncbi_name_exact_current_ictv_species,high,1,independent_source_verified
UniVH,SCLIN0021660,input_original/manual_downloads/UniVH/dataset.csv,normalized from outputs/tables/univh_family_reconstruction_audit.csv row 1593; unit=NCBI species-rank aggregate,RAW0021660,,2676436,Alphacytorhabdovirus alphafragariae,Alphacytorhabdovirus alphafragariae,Rhabdoviridae,Rhabdoviridae,ICTV 2026 (MSL41.v1),ncbi_name_exact_current_ictv_species,high,1,independent_source_verified
UniVH,SCLIN0021661,input_original/manual_downloads/UniVH/dataset.csv,normalized from outputs/tables/univh_family_reconstruction_audit.csv row 1594; unit=NCBI species-rank aggregate,RAW0021661,,2846572,Alphacytorhabdovirus alphatrifolii,Alphacytorhabdovirus alphatrifolii,Rhabdoviridae,Rhabdoviridae,ICTV 2026 (MSL41.v1),ncbi_name_exact_current_ictv_species,high,1,independent_source_verified
UniVH,SCLIN0021662,input_original/manual_downloads/UniVH/dataset.csv,normalized from outputs/tables/univh_family_reconstruction_audit.csv row 1595; unit=NCBI species-rank aggregate,RAW0021662,,2846573,Alphacytorhabdovirus betatrifolii,Alphacytorhabdovirus betatrifolii,Rhabdoviridae,Rhabdoviridae,ICTV 2026 (MSL41.v1),ncbi_name_exact_current_ictv_species,high,1,independent_source_verified
UniVH,SCLIN0021663,input_original/manual_downloads/UniVH/dataset.csv,normalized from outputs/tables/univh_family_reconstruction_audit.csv row 1596; unit=NCBI species-rank aggregate,RAW0021663,,3059956,Alphacytorhabdovirus kenyatuberosum,Alphacytorhabdovirus kenyatuberosum,Rhabdoviridae,Rhabdoviridae,ICTV 2026 (MSL41.v1),ncbi_name_exact_current_ictv_species,high,1,independent_source_verified
UniVH,SCLIN0021664,input_original/manual_downloads/UniVH/dataset.csv,normalized from outputs/tables/univh_family_reconstruction_audit.csv row 1597; unit=NCBI species-rank aggregate,RAW0021664,,1985702,Alphacytorhabdovirus lactucanecante,Alphacytorhabdovirus lactucanecante,Rhabdoviridae,Rhabdoviridae,ICTV 2026 (MSL41.v1),ncbi_name_exact_current_ictv_species,high,1,independent_source_verified
UniVH,SCLIN0021665,input_original/manual_downloads/UniVH/dataset.csv,normalized from outputs/tables/univh_family_reconstruction_audit.csv row 1598; unit=NCBI species-rank aggregate,RAW0021665,,1985703,Alphacytorhabdovirus lactumaculante,Alphacytorhabdovirus lactumaculante,Rhabdoviridae,Rhabdoviridae,ICTV 2026 (MSL41.v1),ncbi_name_exact_current_ictv_species,high,1,independent_source_verified
UniVH,SCLIN0021666,input_original/manual_downloads/UniVH/dataset.csv,normalized from outputs/tables/univh_family_reconstruction_audit.csv row 1599; unit=NCBI species-rank aggregate,RAW0021666,,2734385,Alphacytorhabdovirus lycopersici,Alphacytorhabdovirus lycopersici,Rhabdoviridae,Rhabdoviridae,ICTV 2026 (MSL41.v1),ncbi_name_exact_current_ictv_species,high,1,independent_source_verified
UniVH,SCLIN0021667,input_original/manual_downloads/UniVH/dataset.csv,normalized from outputs/tables/univh_family_reconstruction_audit.csv row 1607; unit=NCBI species-rank aggregate,RAW0021667,,3426219,Alphanucleorhabdovirus lycopersici,Alphanucleorhabdovirus lycopersici,Rhabdoviridae,Rhabdoviridae,ICTV 2026 (MSL41.v1),ncbi_name_exact_current_ictv_species,high,1,independent_source_verified
UniVH,SCLIN0021668,input_original/manual_downloads/UniVH/dataset.csv,normalized from outputs/tables/univh_family_reconstruction_audit.csv row 1611; unit=NCBI species-rank aggregate,RAW0021668,,3426256,Alphaplatrhavirus solidus,Alphaplatrhavirus solidus,Rhabdoviridae,Rhabdoviridae,ICTV 2026 (MSL41.v1),ncbi_name_exact_current_ictv_species,high,1,independent_source_verified
UniVH,SCLIN0021669,input_original/manual_downloads/UniVH/dataset.csv,normalized from outputs/tables/univh_family_reconstruction_audit.csv row 1612; unit=NCBI species-rank aggregate,RAW0021669,,3426258,Alphaplatrhavirus vulpes,Alphaplatrhavirus vulpes,Rhabdoviridae,Rhabdoviridae,ICTV 2026 (MSL41.v1),ncbi_name_exact_current_ictv_species,high,1,independent_source_verified
UniVH,SCLIN0021670,input_original/manual_downloads/UniVH/dataset.csv,normalized from outputs/tables/univh_family_reconstruction_audit.csv row 1614; unit=NCBI species-rank aggregate,RAW0021670,,3426275,Alpharicinrhavirus heilongjiang,Alpharicinrhavirus heilongjiang,Rhabdoviridae,Rhabdoviridae,ICTV 2026 (MSL41.v1),ncbi_name_exact_current_ictv_species,high,1,independent_source_verified
UniVH,SCLIN0021671,input_original/manual_downloads/UniVH/dataset.csv,normalized from outputs/tables/univh_family_reconstruction_audit.csv row 1615; unit=NCBI species-rank aggregate,RAW0021671,,3426284,Alpharicinrhavirus tahe,Alpharicinrhavirus tahe,Rhabdoviridae,Rhabdoviridae,ICTV 2026 (MSL41.v1),ncbi_name_exact_current_ictv_species,high,1,independent_source_verified
UniVH,SCLIN0021672,input_original/manual_downloads/UniVH/dataset.csv,normalized from outputs/tables/univh_family_reconstruction_audit.csv row 1616; unit=NCBI species-rank aggregate,RAW0021672,,3426285,Alpharicinrhavirus taishun,Alpharicinrhavirus taishun,Rhabdoviridae,Rhabdoviridae,ICTV 2026 (MSL41.v1),ncbi_name_exact_current_ictv_species,high,1,independent_source_verified
UniVH,SCLIN0021673,input_original/manual_downloads/UniVH/dataset.csv,normalized from outputs/tables/univh_family_reconstruction_audit.csv row 1660; unit=NCBI species-rank aggregate,RAW0021673,,2364291,Betacytorhabdovirus caricae,Betacytorhabdovirus caricae,Rhabdoviridae,Rhabdoviridae,ICTV 2026 (MSL41.v1),ncbi_name_exact_current_ictv_species,high,1,independent_source_verified
UniVH,SCLIN0021674,input_original/manual_downloads/UniVH/dataset.csv,normalized from outputs/tables/univh_family_reconstruction_audit.csv row 1661; unit=NCBI species-rank aggregate,RAW0021674,,1972637,Betacytorhabdovirus colocasiae,Betacytorhabdovirus colocasiae,Rhabdoviridae,Rhabdoviridae,ICTV 2026 (MSL41.v1),ncbi_name_exact_current_ictv_species,high,1,independent_source_verified
UniVH,SCLIN0021675,input_original/manual_downloads/UniVH/dataset.csv,normalized from outputs/tables/univh_family_reconstruction_audit.csv row 1662; unit=NCBI species-rank aggregate,RAW0021675,,3427188,Betacytorhabdovirus glycinis,Betacytorhabdovirus glycinis,Rhabdoviridae,Rhabdoviridae,ICTV 2026 (MSL41.v1),ncbi_name_exact_current_ictv_species,high,1,independent_source_verified
UniVH,SCLIN0021676,input_original/manual_downloads/UniVH/dataset.csv,normalized from outputs/tables/univh_family_reconstruction_audit.csv row 1663; unit=NCBI species-rank aggregate,RAW0021676,,3427190,Betacytorhabdovirus graminae,Betacytorhabdovirus graminae,Rhabdoviridae,Rhabdoviridae,ICTV 2026 (MSL41.v1),ncbi_name_exact_current_ictv_species,high,1,independent_source_verified
UniVH,SCLIN0021677,input_original/manual_downloads/UniVH/dataset.csv,normalized from outputs/tables/univh_family_reconstruction_audit.csv row 1664; unit=NCBI species-rank aggregate,RAW0021677,,3427192,Betacytorhabdovirus hordei,Betacytorhabdovirus hordei,Rhabdoviridae,Rhabdoviridae,ICTV 2026 (MSL41.v1),ncbi_name_exact_current_ictv_species,high,1,independent_source_verified
UniVH,SCLIN0021678,input_original/manual_downloads/UniVH/dataset.csv,normalized from outputs/tables/univh_family_reconstruction_audit.csv row 1665; unit=NCBI species-rank aggregate,RAW0021678,,3112997,Betacytorhabdovirus lycii,Betacytorhabdovirus lycii,Rhabdoviridae,Rhabdoviridae,ICTV 2026 (MSL41.v1),ncbi_name_exact_current_ictv_species,high,1,independent_source_verified
UniVH,SCLIN0021679,input_original/manual_downloads/UniVH/dataset.csv,normalized from outputs/tables/univh_family_reconstruction_audit.csv row 1666; unit=NCBI species-rank aggregate,RAW0021679,,2734380,Betacytorhabdovirus maysflavostriatis,Betacytorhabdovirus maysflavostriatis,Rhabdoviridae,Rhabdoviridae,ICTV 2026 (MSL41.v1),ncbi_name_exact_current_ictv_species,high,1,independent_source_verified
UniVH,SCLIN0021680,input_original/manual_downloads/UniVH/dataset.csv,normalized from outputs/tables/univh_family_reconstruction_audit.csv row 1667; unit=NCBI species-rank aggregate,RAW0021680,,2734384,Betacytorhabdovirus oryzae,Betacytorhabdovirus oryzae,Rhabdoviridae,Rhabdoviridae,ICTV 2026 (MSL41.v1),ncbi_name_exact_current_ictv_species,high,1,independent_source_verified
UniVH,SCLIN0021681,input_original/manual_downloads/UniVH/dataset.csv,normalized from outputs/tables/univh_family_reconstruction_audit.csv row 1672; unit=NCBI species-rank aggregate,RAW0021681,,3427241,Betanucleorhabdovirus alphalycopersici,Betanucleorhabdovirus alphalycopersici,Rhabdoviridae,Rhabdoviridae,ICTV 2026 (MSL41.v1),ncbi_name_exact_current_ictv_species,high,1,independent_source_verified
UniVH,SCLIN0021682,input_original/manual_downloads/UniVH/dataset.csv,normalized from outputs/tables/univh_family_reconstruction_audit.csv row 1673; unit=NCBI species-rank aggregate,RAW0021682,,3427242,Betanucleorhabdovirus betalycopersici,Betanucleorhabdovirus betalycopersici,Rhabdoviridae,Rhabdoviridae,ICTV 2026 (MSL41.v1),ncbi_name_exact_current_ictv_species,high,1,independent_source_verified
UniVH,SCLIN0021683,input_original/manual_downloads/UniVH/dataset.csv,normalized from outputs/tables/univh_family_reconstruction_audit.csv row 16; unit=NCBI species-rank aggregate,RAW0021683,,38766,Lyssavirus lagos,Lyssavirus lagos,Rhabdoviridae,Rhabdoviridae,ICTV 2026 (MSL41.v1),ncbi_name_exact_current_ictv_species,high,1,independent_source_verified
UniVH,SCLIN0021684,input_original/manual_downloads/UniVH/dataset.csv,normalized from outputs/tables/univh_family_reconstruction_audit.csv row 17; unit=NCBI species-rank aggregate,RAW0021684,,38767,Lyssavirus duvenhage,Lyssavirus duvenhage,Rhabdoviridae,Rhabdoviridae,ICTV 2026 (MSL41.v1),ncbi_name_exact_current_ictv_species,high,1,independent_source_verified
UniVH,SCLIN0021685,input_original/manual_downloads/UniVH/dataset.csv,normalized from outputs/tables/univh_family_reconstruction_audit.csv row 1811; unit=NCBI species-rank aggregate,RAW0021685,,3428927,Gammahymrhavirus cerana,Gammahymrhavirus cerana,Rhabdoviridae,Rhabdoviridae,ICTV 2026 (MSL41.v1),ncbi_name_exact_current_ictv_species,high,1,independent_source_verified
UniVH,SCLIN0021686,input_original/manual_downloads/UniVH/dataset.csv,normalized from outputs/tables/univh_family_reconstruction_audit.csv row 1812; unit=NCBI species-rank aggregate,RAW0021686,,3428929,Gammahymrhavirus mellifera,Gammahymrhavirus mellifera,Rhabdoviridae,Rhabdoviridae,ICTV 2026 (MSL41.v1),ncbi_name_exact_current_ictv_species,high,1,independent_source_verified
UniVH,SCLIN0021687,input_original/manual_downloads/UniVH/dataset.csv,normalized from outputs/tables/univh_family_reconstruction_audit.csv row 184; unit=NCBI species-rank aggregate,RAW0021687,,1585246,Diachasmimorpha longicaudata rhabdovirus,Diachasmimorpha longicaudata rhabdovirus,Rhabdoviridae,Rhabdoviridae,ICTV 2026 (MSL41.v1),ncbi_family_ancestor_harmonized,high,1,independent_source_verified
UniVH,SCLIN0021688,input_original/manual_downloads/UniVH/dataset.csv,normalized from outputs/tables/univh_family_reconstruction_audit.csv row 1853; unit=NCBI species-rank aggregate,RAW0021688,,3430562,Lyssavirus kotalahti,Lyssavirus kotalahti,Rhabdoviridae,Rhabdoviridae,ICTV 2026 (MSL41.v1),ncbi_name_exact_current_ictv_species,high,1,independent_source_verified
UniVH,SCLIN0021689,input_original/manual_downloads/UniVH/dataset.csv,normalized from outputs/tables/univh_family_reconstruction_audit.csv row 1876; unit=NCBI species-rank aggregate,RAW0021689,,3430800,Merhavirus formosus,Merhavirus formosus,Rhabdoviridae,Rhabdoviridae,ICTV 2026 (MSL41.v1),ncbi_name_exact_current_ictv_species,high,1,independent_source_verified
UniVH,SCLIN0021690,input_original/manual_downloads/UniVH/dataset.csv,normalized from outputs/tables/univh_family_reconstruction_audit.csv row 1877; unit=NCBI species-rank aggregate,RAW0021690,,3430803,Merhavirus subalbatus,Merhavirus subalbatus,Rhabdoviridae,Rhabdoviridae,ICTV 2026 (MSL41.v1),ncbi_name_exact_current_ictv_species,high,1,independent_source_verified
UniVH,SCLIN0021691,input_original/manual_downloads/UniVH/dataset.csv,normalized from outputs/tables/univh_family_reconstruction_audit.csv row 1967; unit=NCBI species-rank aggregate,RAW0021691,,3431894,Primrhavirus gabriel,Primrhavirus gabriel,Rhabdoviridae,Rhabdoviridae,ICTV 2026 (MSL41.v1),ncbi_name_exact_current_ictv_species,high,1,independent_source_verified
UniVH,SCLIN0021692,input_original/manual_downloads/UniVH/dataset.csv,normalized from outputs/tables/univh_family_reconstruction_audit.csv row 1995; unit=NCBI species-rank aggregate,RAW0021692,,3432445,Sigmavirus dorsalis,Sigmavirus dorsalis,Rhabdoviridae,Rhabdoviridae,ICTV 2026 (MSL41.v1),ncbi_name_exact_current_ictv_species,high,1,independent_source_verified
UniVH,SCLIN0021693,input_original/manual_downloads/UniVH/dataset.csv,normalized from outputs/tables/univh_family_reconstruction_audit.csv row 2015; unit=NCBI species-rank aggregate,RAW0021693,,3432582,Stangrhavirus guadeloupe,Stangrhavirus guadeloupe,Rhabdoviridae,Rhabdoviridae,ICTV 2026 (MSL41.v1),ncbi_name_exact_current_ictv_species,high,1,independent_source_verified
UniVH,SCLIN0021694,input_original/manual_downloads/UniVH/dataset.csv,normalized from outputs/tables/univh_family_reconstruction_audit.csv row 2138; unit=NCBI species-rank aggregate,RAW0021694,,3393476,Alpharicinrhavirus marginatum,Alpharicinrhavirus marginatum,Rhabdoviridae,Rhabdoviridae,ICTV 2026 (MSL41.v1),ncbi_name_exact_current_ictv_species,high,1,independent_source_verified
UniVH,SCLIN0021695,input_original/manual_downloads/UniVH/dataset.csv,normalized from outputs/tables/univh_family_reconstruction_audit.csv row 2143; unit=NCBI species-rank aggregate,RAW0021695,,3033758,Betacytorhabdovirus dioscoreae,Betacytorhabdovirus dioscoreae,Rhabdoviridae,Rhabdoviridae,ICTV 2026 (MSL41.v1),ncbi_name_exact_current_ictv_species,high,1,independent_source_verified
UniVH,SCLIN0021696,input_original/manual_downloads/UniVH/dataset.csv,normalized from outputs/tables/univh_family_reconstruction_audit.csv row 2144; unit=NCBI species-rank aggregate,RAW0021696,,3238968,Betacytorhabdovirus pyri,Betacytorhabdovirus pyri,Rhabdoviridae,Rhabdoviridae,ICTV 2026 (MSL41.v1),ncbi_name_exact_current_ictv_species,high,1,independent_source_verified
UniVH,SCLIN0021697,input_original/manual_downloads/UniVH/dataset.csv,normalized from outputs/tables/univh_family_reconstruction_audit.csv row 2147; unit=NCBI species-rank aggregate,RAW0021697,,3064197,Betanucleorhabdovirus betae,Betanucleorhabdovirus betae,Rhabdoviridae,Rhabdoviridae,ICTV 2026 (MSL41.v1),ncbi_name_exact_current_ictv_species,high,1,independent_source_verified
UniVH,SCLIN0021698,input_original/manual_downloads/UniVH/dataset.csv,normalized from outputs/tables/univh_family_reconstruction_audit.csv row 2151; unit=NCBI species-rank aggregate,RAW0021698,,3377959,Ephemerovirus hardee,Ephemerovirus hardee,Rhabdoviridae,Rhabdoviridae,ICTV 2026 (MSL41.v1),ncbi_name_exact_current_ictv_species,high,1,independent_source_verified
UniVH,SCLIN0021699,input_original/manual_downloads/UniVH/dataset.csv,normalized from outputs/tables/univh_family_reconstruction_audit.csv row 2152; unit=NCBI species-rank aggregate,RAW0021699,,3035973,Ephemerovirus hefer,Ephemerovirus hefer,Rhabdoviridae,Rhabdoviridae,ICTV 2026 (MSL41.v1),ncbi_name_exact_current_ictv_species,high,1,independent_source_verified
UniVH,SCLIN0021700,input_original/manual_downloads/UniVH/dataset.csv,normalized from outputs/tables/univh_family_reconstruction_audit.csv row 28; unit=NCBI species-rank aggregate,RAW0021700,,90961,Lyssavirus australis,Lyssavirus australis,Rhabdoviridae,Rhabdoviridae,ICTV 2026 (MSL41.v1),ncbi_name_exact_current_ictv_species,high,1,independent_source_verified
UniVH,SCLIN0021701,input_original/manual_downloads/UniVH/dataset.csv,normalized from outputs/tables/univh_family_reconstruction_audit.csv row 2; unit=NCBI species-rank aggregate,RAW0021701,,11276,Vesicular stomatitis virus,Vesicular stomatitis virus,Rhabdoviridae,Rhabdoviridae,ICTV 2026 (MSL41.v1),ncbi_family_ancestor_harmonized,high,1,independent_source_verified
UniVH,SCLIN0021702,input_original/manual_downloads/UniVH/dataset.csv,normalized from outputs/tables/univh_family_reconstruction_audit.csv row 302; unit=NCBI species-rank aggregate,RAW0021702,,1955137,Rhabdoviridae sp.,Rhabdoviridae sp.,Rhabdoviridae,Rhabdoviridae,ICTV 2026 (MSL41.v1),ncbi_family_ancestor_harmonized,high,1,independent_source_verified
UniVH,SCLIN0021703,input_original/manual_downloads/UniVH/dataset.csv,normalized from outputs/tables/univh_family_reconstruction_audit.csv row 310; unit=NCBI species-rank aggregate,RAW0021703,,1969830,Merida-like virus KE-2017a,Merida-like virus KE-2017a,Rhabdoviridae,Rhabdoviridae,ICTV 2026 (MSL41.v1),ncbi_family_ancestor_harmonized,high,1,independent_source_verified
UniVH,SCLIN0021704,input_original/manual_downloads/UniVH/dataset.csv,normalized from outputs/tables/univh_family_reconstruction_audit.csv row 311; unit=NCBI species-rank aggregate,RAW0021704,,1972568,Vesiculovirus jurona,Vesiculovirus jurona,Rhabdoviridae,Rhabdoviridae,ICTV 2026 (MSL41.v1),ncbi_name_exact_current_ictv_species,high,1,independent_source_verified
UniVH,SCLIN0021705,input_original/manual_downloads/UniVH/dataset.csv,normalized from outputs/tables/univh_family_reconstruction_audit.csv row 312; unit=NCBI species-rank aggregate,RAW0021705,,1972573,Vesiculovirus isfahan,Vesiculovirus isfahan,Rhabdoviridae,Rhabdoviridae,ICTV 2026 (MSL41.v1),ncbi_name_exact_current_ictv_species,high,1,independent_source_verified
UniVH,SCLIN0021706,input_original/manual_downloads/UniVH/dataset.csv,normalized from outputs/tables/univh_family_reconstruction_audit.csv row 313; unit=NCBI species-rank aggregate,RAW0021706,,1972576,Vesiculovirus chandipura,Vesiculovirus chandipura,Rhabdoviridae,Rhabdoviridae,ICTV 2026 (MSL41.v1),ncbi_name_exact_current_ictv_species,high,1,independent_source_verified
UniVH,SCLIN0021707,input_original/manual_downloads/UniVH/dataset.csv,normalized from outputs/tables/univh_family_reconstruction_audit.csv row 314; unit=NCBI species-rank aggregate,RAW0021707,,1972577,Vesiculovirus indiana,Vesiculovirus indiana,Rhabdoviridae,Rhabdoviridae,ICTV 2026 (MSL41.v1),ncbi_name_exact_current_ictv_species,high,1,independent_source_verified
UniVH,SCLIN0021708,input_original/manual_downloads/UniVH/dataset.csv,normalized from outputs/tables/univh_family_reconstruction_audit.csv row 315; unit=NCBI species-rank aggregate,RAW0021708,,1972578,Vesiculovirus newjersey,Vesiculovirus newjersey,Rhabdoviridae,Rhabdoviridae,ICTV 2026 (MSL41.v1),ncbi_name_exact_current_ictv_species,high,1,independent_source_verified
UniVH,SCLIN0021709,input_original/manual_downloads/UniVH/dataset.csv,normalized from outputs/tables/univh_family_reconstruction_audit.csv row 316; unit=NCBI species-rank aggregate,RAW0021709,,1972584,Tibrovirus tibrogargan,Tibrovirus tibrogargan,Rhabdoviridae,Rhabdoviridae,ICTV 2026 (MSL41.v1),ncbi_name_exact_current_ictv_species,high,1,independent_source_verified
UniVH,SCLIN0021710,input_original/manual_downloads/UniVH/dataset.csv,normalized from outputs/tables/univh_family_reconstruction_audit.csv row 317; unit=NCBI species-rank aggregate,RAW0021710,,1972586,Tibrovirus coastal,Tibrovirus coastal,Rhabdoviridae,Rhabdoviridae,ICTV 2026 (MSL41.v1),ncbi_name_exact_current_ictv_species,high,1,independent_source_verified
UniVH,SCLIN0021711,input_original/manual_downloads/UniVH/dataset.csv,normalized from outputs/tables/univh_family_reconstruction_audit.csv row 318; unit=NCBI species-rank aggregate,RAW0021711,,1972589,Ephemerovirus adelaide,Ephemerovirus adelaide,Rhabdoviridae,Rhabdoviridae,ICTV 2026 (MSL41.v1),ncbi_name_exact_current_ictv_species,high,1,independent_source_verified
UniVH,SCLIN0021712,input_original/manual_downloads/UniVH/dataset.csv,normalized from outputs/tables/univh_family_reconstruction_audit.csv row 319; unit=NCBI species-rank aggregate,RAW0021712,,1972593,Ephemerovirus febris,Ephemerovirus febris,Rhabdoviridae,Rhabdoviridae,ICTV 2026 (MSL41.v1),ncbi_name_exact_current_ictv_species,high,1,independent_source_verified
UniVH,SCLIN0021713,input_original/manual_downloads/UniVH/dataset.csv,normalized from outputs/tables/univh_family_reconstruction_audit.csv row 320; unit=NCBI species-rank aggregate,RAW0021713,,1972594,Ephemerovirus berrimah,Ephemerovirus berrimah,Rhabdoviridae,Rhabdoviridae,ICTV 2026 (MSL41.v1),ncbi_name_exact_current_ictv_species,high,1,independent_source_verified
UniVH,SCLIN0021714,input_original/manual_downloads/UniVH/dataset.csv,normalized from outputs/tables/univh_family_reconstruction_audit.csv row 321; unit=NCBI species-rank aggregate,RAW0021714,,1972595,Ephemerovirus kimberley,Ephemerovirus kimberley,Rhabdoviridae,Rhabdoviridae,ICTV 2026 (MSL41.v1),ncbi_name_exact_current_ictv_species,high,1,independent_source_verified
UniVH,SCLIN0021715,input_original/manual_downloads/UniVH/dataset.csv,normalized from outputs/tables/univh_family_reconstruction_audit.csv row 322; unit=NCBI species-rank aggregate,RAW0021715,,1972596,Ephemerovirus koolpinyah,Ephemerovirus koolpinyah,Rhabdoviridae,Rhabdoviridae,ICTV 2026 (MSL41.v1),ncbi_name_exact_current_ictv_species,high,1,independent_source_verified
UniVH,SCLIN0021716,input_original/manual_downloads/UniVH/dataset.csv,normalized from outputs/tables/univh_family_reconstruction_audit.csv row 325; unit=NCBI species-rank aggregate,RAW0021716,,1978534,Ledantevirus barur,Ledantevirus barur,Rhabdoviridae,Rhabdoviridae,ICTV 2026 (MSL41.v1),ncbi_name_exact_current_ictv_species,high,1,independent_source_verified
UniVH,SCLIN0021717,input_original/manual_downloads/UniVH/dataset.csv,normalized from outputs/tables/univh_family_reconstruction_audit.csv row 326; unit=NCBI species-rank aggregate,RAW0021717,,1978537,Ledantevirus kern,Ledantevirus kern,Rhabdoviridae,Rhabdoviridae,ICTV 2026 (MSL41.v1),ncbi_name_exact_current_ictv_species,high,1,independent_source_verified
UniVH,SCLIN0021718,input_original/manual_downloads/UniVH/dataset.csv,normalized from outputs/tables/univh_family_reconstruction_audit.csv row 327; unit=NCBI species-rank aggregate,RAW0021718,,1978540,Ledantevirus ledantec,Ledantevirus ledantec,Rhabdoviridae,Rhabdoviridae,ICTV 2026 (MSL41.v1),ncbi_name_exact_current_ictv_species,high,1,independent_source_verified
UniVH,SCLIN0021719,input_original/manual_downloads/UniVH/dataset.csv,normalized from outputs/tables/univh_family_reconstruction_audit.csv row 333; unit=NCBI species-rank aggregate,RAW0021719,,1980916,Novirhabdovirus piscine,Novirhabdovirus piscine,Rhabdoviridae,Rhabdoviridae,ICTV 2026 (MSL41.v1),ncbi_name_exact_current_ictv_species,high,1,independent_source_verified
UniVH,SCLIN0021720,input_original/manual_downloads/UniVH/dataset.csv,normalized from outputs/tables/univh_family_reconstruction_audit.csv row 334; unit=NCBI species-rank aggregate,RAW0021720,,1980917,Novirhabdovirus salmonid,Novirhabdovirus salmonid,Rhabdoviridae,Rhabdoviridae,ICTV 2026 (MSL41.v1),ncbi_name_exact_current_ictv_species,high,1,independent_source_verified
UniVH,SCLIN0021721,input_original/manual_downloads/UniVH/dataset.csv,normalized from outputs/tables/univh_family_reconstruction_audit.csv row 339; unit=NCBI species-rank aggregate,RAW0021721,,1983567,Apis rhabdovirus 1,Apis rhabdovirus 1,Rhabdoviridae,Rhabdoviridae,ICTV 2026 (MSL41.v1),ncbi_family_ancestor_harmonized,high,1,independent_source_verified
UniVH,SCLIN0021722,input_original/manual_downloads/UniVH/dataset.csv,normalized from outputs/tables/univh_family_reconstruction_audit.csv row 340; unit=NCBI species-rank aggregate,RAW0021722,,1983568,Apis rhabdovirus 2,Apis rhabdovirus 2,Rhabdoviridae,Rhabdoviridae,ICTV 2026 (MSL41.v1),ncbi_family_ancestor_harmonized,high,1,independent_source_verified
UniVH,SCLIN0021723,input_original/manual_downloads/UniVH/dataset.csv,normalized from outputs/tables/univh_family_reconstruction_audit.csv row 346; unit=NCBI species-rank aggregate,RAW0021723,,1987017,Tibrovirus congo,Tibrovirus congo,Rhabdoviridae,Rhabdoviridae,ICTV 2026 (MSL41.v1),ncbi_name_exact_current_ictv_species,high,1,independent_source_verified
UniVH,SCLIN0021724,input_original/manual_downloads/UniVH/dataset.csv,normalized from outputs/tables/univh_family_reconstruction_audit.csv row 347; unit=NCBI species-rank aggregate,RAW0021724,,1987018,Tibrovirus alphaekpoma,Tibrovirus alphaekpoma,Rhabdoviridae,Rhabdoviridae,ICTV 2026 (MSL41.v1),ncbi_name_exact_current_ictv_species,high,1,independent_source_verified
UniVH,SCLIN0021725,input_original/manual_downloads/UniVH/dataset.csv,normalized from outputs/tables/univh_family_reconstruction_audit.csv row 348; unit=NCBI species-rank aggregate,RAW0021725,,1987019,Tibrovirus betaekpoma,Tibrovirus betaekpoma,Rhabdoviridae,Rhabdoviridae,ICTV 2026 (MSL41.v1),ncbi_name_exact_current_ictv_species,high,1,independent_source_verified
UniVH,SCLIN0021726,input_original/manual_downloads/UniVH/dataset.csv,normalized from outputs/tables/univh_family_reconstruction_audit.csv row 349; unit=NCBI species-rank aggregate,RAW0021726,,2003308,Maize associated rhabdovirus,Maize associated rhabdovirus,Rhabdoviridae,Rhabdoviridae,ICTV 2026 (MSL41.v1),ncbi_family_ancestor_harmonized,high,1,independent_source_verified
UniVH,SCLIN0021727,input_original/manual_downloads/UniVH/dataset.csv,normalized from outputs/tables/univh_family_reconstruction_audit.csv row 35; unit=NCBI species-rank aggregate,RAW0021727,,179986,Perhabdovirus trutta,Perhabdovirus trutta,Rhabdoviridae,Rhabdoviridae,ICTV 2026 (MSL41.v1),ncbi_name_exact_current_ictv_species,high,1,independent_source_verified
UniVH,SCLIN0021728,input_original/manual_downloads/UniVH/dataset.csv,normalized from outputs/tables/univh_family_reconstruction_audit.csv row 370; unit=NCBI species-rank aggregate,RAW0021728,,2053815,Merida-like virus Turkey,Merida-like virus Turkey,Rhabdoviridae,Rhabdoviridae,ICTV 2026 (MSL41.v1),ncbi_family_ancestor_harmonized,high,1,independent_source_verified
UniVH,SCLIN0021729,input_original/manual_downloads/UniVH/dataset.csv,normalized from outputs/tables/univh_family_reconstruction_audit.csv row 394; unit=NCBI species-rank aggregate,RAW0021729,,2125980,Grenada mosquito rhabdovirus 1,Grenada mosquito rhabdovirus 1,Rhabdoviridae,Rhabdoviridae,ICTV 2026 (MSL41.v1),ncbi_family_ancestor_harmonized,high,1,independent_source_verified
UniVH,SCLIN0021730,input_original/manual_downloads/UniVH/dataset.csv,normalized from outputs/tables/univh_family_reconstruction_audit.csv row 3; unit=NCBI species-rank aggregate,RAW0021730,,11292,Lyssavirus rabies,Lyssavirus rabies,Rhabdoviridae,Rhabdoviridae,ICTV 2026 (MSL41.v1),ncbi_name_exact_current_ictv_species,high,1,independent_source_verified
UniVH,SCLIN0021731,input_original/manual_downloads/UniVH/dataset.csv,normalized from outputs/tables/univh_family_reconstruction_audit.csv row 41; unit=NCBI species-rank aggregate,RAW0021731,,219584,Sprivivirus esox,Sprivivirus esox,Rhabdoviridae,Rhabdoviridae,ICTV 2026 (MSL41.v1),ncbi_name_exact_current_ictv_species,high,1,independent_source_verified
UniVH,SCLIN0021732,input_original/manual_downloads/UniVH/dataset.csv,normalized from outputs/tables/univh_family_reconstruction_audit.csv row 45; unit=NCBI species-rank aggregate,RAW0021732,,249584,Lyssavirus caucasicus,Lyssavirus caucasicus,Rhabdoviridae,Rhabdoviridae,ICTV 2026 (MSL41.v1),ncbi_name_exact_current_ictv_species,high,1,independent_source_verified
UniVH,SCLIN0021733,input_original/manual_downloads/UniVH/dataset.csv,normalized from outputs/tables/univh_family_reconstruction_audit.csv row 470; unit=NCBI species-rank aggregate,RAW0021733,,2509279,Bean-associated cytorhabdovirus,Bean-associated cytorhabdovirus,Rhabdoviridae,Rhabdoviridae,ICTV 2026 (MSL41.v1),ncbi_family_ancestor_harmonized,high,1,independent_source_verified
UniVH,SCLIN0021734,input_original/manual_downloads/UniVH/dataset.csv,normalized from outputs/tables/univh_family_reconstruction_audit.csv row 490; unit=NCBI species-rank aggregate,RAW0021734,,2560551,Caligrhavirus lepeophtheirus,Caligrhavirus lepeophtheirus,Rhabdoviridae,Rhabdoviridae,ICTV 2026 (MSL41.v1),ncbi_name_exact_current_ictv_species,high,1,independent_source_verified
UniVH,SCLIN0021735,input_original/manual_downloads/UniVH/dataset.csv,normalized from outputs/tables/univh_family_reconstruction_audit.csv row 492; unit=NCBI species-rank aggregate,RAW0021735,,2560736,Caligrhavirus salmonlouse,Caligrhavirus salmonlouse,Rhabdoviridae,Rhabdoviridae,ICTV 2026 (MSL41.v1),ncbi_name_exact_current_ictv_species,high,1,independent_source_verified
UniVH,SCLIN0021736,input_original/manual_downloads/UniVH/dataset.csv,normalized from outputs/tables/univh_family_reconstruction_audit.csv row 493; unit=NCBI species-rank aggregate,RAW0021736,,2560829,Ledantevirus vaprio,Ledantevirus vaprio,Rhabdoviridae,Rhabdoviridae,ICTV 2026 (MSL41.v1),ncbi_name_exact_current_ictv_species,high,1,independent_source_verified
UniVH,SCLIN0021737,input_original/manual_downloads/UniVH/dataset.csv,normalized from outputs/tables/univh_family_reconstruction_audit.csv row 494; unit=NCBI species-rank aggregate,RAW0021737,,2569609,Rhipicephalus associated rhabdo-like virus,Rhipicephalus associated rhabdo-like virus,Rhabdoviridae,Rhabdoviridae,ICTV 2026 (MSL41.v1),ncbi_family_ancestor_harmonized,high,1,independent_source_verified
UniVH,SCLIN0021738,input_original/manual_downloads/UniVH/dataset.csv,normalized from outputs/tables/univh_family_reconstruction_audit.csv row 495; unit=NCBI species-rank aggregate,RAW0021738,,2569751,Rhipicephalus associated chuvirus 1,Rhipicephalus associated chuvirus 1,Rhabdoviridae,Rhabdoviridae,ICTV 2026 (MSL41.v1),ncbi_family_ancestor_harmonized,high,1,independent_source_verified
UniVH,SCLIN0021739,input_original/manual_downloads/UniVH/dataset.csv,normalized from outputs/tables/univh_family_reconstruction_audit.csv row 556; unit=NCBI species-rank aggregate,RAW0021739,,2734366,Almendravirus menghai,Almendravirus menghai,Rhabdoviridae,Rhabdoviridae,ICTV 2026 (MSL41.v1),ncbi_name_exact_current_ictv_species,high,1,independent_source_verified
UniVH,SCLIN0021740,input_original/manual_downloads/UniVH/dataset.csv,normalized from outputs/tables/univh_family_reconstruction_audit.csv row 557; unit=NCBI species-rank aggregate,RAW0021740,,2734367,Alphanucleorhabdovirus morogoromaydis,Alphanucleorhabdovirus morogoromaydis,Rhabdoviridae,Rhabdoviridae,ICTV 2026 (MSL41.v1),ncbi_name_exact_current_ictv_species,high,1,independent_source_verified
UniVH,SCLIN0021741,input_original/manual_downloads/UniVH/dataset.csv,normalized from outputs/tables/univh_family_reconstruction_audit.csv row 558; unit=NCBI species-rank aggregate,RAW0021741,,2734368,Alphanucleorhabdovirus physostegiae,Alphanucleorhabdovirus physostegiae,Rhabdoviridae,Rhabdoviridae,ICTV 2026 (MSL41.v1),ncbi_name_exact_current_ictv_species,high,1,independent_source_verified
UniVH,SCLIN0021742,input_original/manual_downloads/UniVH/dataset.csv,normalized from outputs/tables/univh_family_reconstruction_audit.csv row 559; unit=NCBI species-rank aggregate,RAW0021742,,2734369,Alphanucleorhabdovirus tritici,Alphanucleorhabdovirus tritici,Rhabdoviridae,Rhabdoviridae,ICTV 2026 (MSL41.v1),ncbi_name_exact_current_ictv_species,high,1,independent_source_verified
UniVH,SCLIN0021743,input_original/manual_downloads/UniVH/dataset.csv,normalized from outputs/tables/univh_family_reconstruction_audit.csv row 560; unit=NCBI species-rank aggregate,RAW0021743,,2734392,Ohlsrhavirus culex,Ohlsrhavirus culex,Rhabdoviridae,Rhabdoviridae,ICTV 2026 (MSL41.v1),ncbi_name_exact_current_ictv_species,high,1,independent_source_verified
UniVH,SCLIN0021744,input_original/manual_downloads/UniVH/dataset.csv,normalized from outputs/tables/univh_family_reconstruction_audit.csv row 638; unit=NCBI species-rank aggregate,RAW0021744,,2746767,Varroa jacobsoni rhabdovirus 1,Varroa jacobsoni rhabdovirus 1,Rhabdoviridae,Rhabdoviridae,ICTV 2026 (MSL41.v1),ncbi_family_ancestor_harmonized,high,1,independent_source_verified
UniVH,SCLIN0021745,input_original/manual_downloads/UniVH/dataset.csv,normalized from outputs/tables/univh_family_reconstruction_audit.csv row 639; unit=NCBI species-rank aggregate,RAW0021745,,2746768,Varroa jacobsoni rhabdovirus 2,Varroa jacobsoni rhabdovirus 2,Rhabdoviridae,Rhabdoviridae,ICTV 2026 (MSL41.v1),ncbi_family_ancestor_harmonized,high,1,independent_source_verified
UniVH,SCLIN0021746,input_original/manual_downloads/UniVH/dataset.csv,normalized from outputs/tables/univh_family_reconstruction_audit.csv row 643; unit=NCBI species-rank aggregate,RAW0021746,,2748973,Alphanucleorhabdovirus maydis,Alphanucleorhabdovirus maydis,Rhabdoviridae,Rhabdoviridae,ICTV 2026 (MSL41.v1),ncbi_name_exact_current_ictv_species,high,1,independent_source_verified
UniVH,SCLIN0021747,input_original/manual_downloads/UniVH/dataset.csv,normalized from outputs/tables/univh_family_reconstruction_audit.csv row 652; unit=NCBI species-rank aggregate,RAW0021747,,2749927,Alphanucleorhabdovirus tuberosum,Alphanucleorhabdovirus tuberosum,Rhabdoviridae,Rhabdoviridae,ICTV 2026 (MSL41.v1),ncbi_name_exact_current_ictv_species,high,1,independent_source_verified
UniVH,SCLIN0021748,input_original/manual_downloads/UniVH/dataset.csv,normalized from outputs/tables/univh_family_reconstruction_audit.csv row 653; unit=NCBI species-rank aggregate,RAW0021748,,2749935,Alphanucleorhabdovirus colocasiae,Alphanucleorhabdovirus colocasiae,Rhabdoviridae,Rhabdoviridae,ICTV 2026 (MSL41.v1),ncbi_name_exact_current_ictv_species,high,1,independent_source_verified
UniVH,SCLIN0021749,input_original/manual_downloads/UniVH/dataset.csv,normalized from outputs/tables/univh_family_reconstruction_audit.csv row 665; unit=NCBI species-rank aggregate,RAW0021749,,2777092,Sclerotinia sclerotiorum rhabdovirus 1,Sclerotinia sclerotiorum rhabdovirus 1,Rhabdoviridae,Rhabdoviridae,ICTV 2026 (MSL41.v1),ncbi_family_ancestor_harmonized,high,1,independent_source_verified
UniVH,SCLIN0021750,input_original/manual_downloads/UniVH/dataset.csv,normalized from outputs/tables/univh_family_reconstruction_audit.csv row 691; unit=NCBI species-rank aggregate,RAW0021750,,2815771,Matlo bat lyssavirus,Matlo bat lyssavirus,Rhabdoviridae,Rhabdoviridae,ICTV 2026 (MSL41.v1),ncbi_family_ancestor_harmonized,high,1,independent_source_verified
UniVH,SCLIN0021751,input_original/manual_downloads/UniVH/dataset.csv,normalized from outputs/tables/univh_family_reconstruction_audit.csv row 718; unit=NCBI species-rank aggregate,RAW0021751,,2843703,Betanucleorhabdovirus mali,Betanucleorhabdovirus mali,Rhabdoviridae,Rhabdoviridae,ICTV 2026 (MSL41.v1),ncbi_name_exact_current_ictv_species,high,1,independent_source_verified
UniVH,SCLIN0021752,input_original/manual_downloads/UniVH/dataset.csv,normalized from outputs/tables/univh_family_reconstruction_audit.csv row 719; unit=NCBI species-rank aggregate,RAW0021752,,2843859,Alpharicinrhavirus bole,Alpharicinrhavirus bole,Rhabdoviridae,Rhabdoviridae,ICTV 2026 (MSL41.v1),ncbi_name_exact_current_ictv_species,high,1,independent_source_verified
UniVH,SCLIN0021753,input_original/manual_downloads/UniVH/dataset.csv,normalized from outputs/tables/univh_family_reconstruction_audit.csv row 722; unit=NCBI species-rank aggregate,RAW0021753,,2844012,Alphanucleorhabdovirus constrictae,Alphanucleorhabdovirus constrictae,Rhabdoviridae,Rhabdoviridae,ICTV 2026 (MSL41.v1),ncbi_name_exact_current_ictv_species,high,1,independent_source_verified
UniVH,SCLIN0021754,input_original/manual_downloads/UniVH/dataset.csv,normalized from outputs/tables/univh_family_reconstruction_audit.csv row 723; unit=NCBI species-rank aggregate,RAW0021754,,2844095,Sigmavirus domestica,Sigmavirus domestica,Rhabdoviridae,Rhabdoviridae,ICTV 2026 (MSL41.v1),ncbi_name_exact_current_ictv_species,high,1,independent_source_verified
UniVH,SCLIN0021755,input_original/manual_downloads/UniVH/dataset.csv,normalized from outputs/tables/univh_family_reconstruction_audit.csv row 724; unit=NCBI species-rank aggregate,RAW0021755,,2844158,Chiroprhavirus epitesicus,Chiroprhavirus epitesicus,Rhabdoviridae,Rhabdoviridae,ICTV 2026 (MSL41.v1),ncbi_name_historical_ictv_species_alias,high,1,independent_source_verified
UniVH,SCLIN0021756,input_original/manual_downloads/UniVH/dataset.csv,normalized from outputs/tables/univh_family_reconstruction_audit.csv row 725; unit=NCBI species-rank aggregate,RAW0021756,,2844304,Betapaprhavirus frugiperda,Betapaprhavirus frugiperda,Rhabdoviridae,Rhabdoviridae,ICTV 2026 (MSL41.v1),ncbi_name_exact_current_ictv_species,high,1,independent_source_verified
UniVH,SCLIN0021757,input_original/manual_downloads/UniVH/dataset.csv,normalized from outputs/tables/univh_family_reconstruction_audit.csv row 727; unit=NCBI species-rank aggregate,RAW0021757,,2844818,Ephemerovirus hayes,Ephemerovirus hayes,Rhabdoviridae,Rhabdoviridae,ICTV 2026 (MSL41.v1),ncbi_name_exact_current_ictv_species,high,1,independent_source_verified
UniVH,SCLIN0021758,input_original/manual_downloads/UniVH/dataset.csv,normalized from outputs/tables/univh_family_reconstruction_audit.csv row 728; unit=NCBI species-rank aggregate,RAW0021758,,2844861,Alphadrosrhavirus hubei,Alphadrosrhavirus hubei,Rhabdoviridae,Rhabdoviridae,ICTV 2026 (MSL41.v1),ncbi_name_exact_current_ictv_species,high,1,independent_source_verified
UniVH,SCLIN0021759,input_original/manual_downloads/UniVH/dataset.csv,normalized from outputs/tables/univh_family_reconstruction_audit.csv row 729; unit=NCBI species-rank aggregate,RAW0021759,,2844987,Lostrhavirus hyalomma,Lostrhavirus hyalomma,Rhabdoviridae,Rhabdoviridae,ICTV 2026 (MSL41.v1),ncbi_name_exact_current_ictv_species,high,1,independent_source_verified
UniVH,SCLIN0021760,input_original/manual_downloads/UniVH/dataset.csv,normalized from outputs/tables/univh_family_reconstruction_audit.csv row 733; unit=NCBI species-rank aggregate,RAW0021760,,2845061,Ephemerovirus kent,Ephemerovirus kent,Rhabdoviridae,Rhabdoviridae,ICTV 2026 (MSL41.v1),ncbi_name_exact_current_ictv_species,high,1,independent_source_verified
UniVH,SCLIN0021761,input_original/manual_downloads/UniVH/dataset.csv,normalized from outputs/tables/univh_family_reconstruction_audit.csv row 735; unit=NCBI species-rank aggregate,RAW0021761,,2845533,Lostrhavirus lonestar,Lostrhavirus lonestar,Rhabdoviridae,Rhabdoviridae,ICTV 2026 (MSL41.v1),ncbi_name_exact_current_ictv_species,high,1,independent_source_verified
UniVH,SCLIN0021762,input_original/manual_downloads/UniVH/dataset.csv,normalized from outputs/tables/univh_family_reconstruction_audit.csv row 736; unit=NCBI species-rank aggregate,RAW0021762,,2845583,Merhavirus merida,Merhavirus merida,Rhabdoviridae,Rhabdoviridae,ICTV 2026 (MSL41.v1),ncbi_name_exact_current_ictv_species,high,1,independent_source_verified
UniVH,SCLIN0021763,input_original/manual_downloads/UniVH/dataset.csv,normalized from outputs/tables/univh_family_reconstruction_audit.csv row 743; unit=NCBI species-rank aggregate,RAW0021763,,2845774,Alphanucleorhabdovirus pruni,Alphanucleorhabdovirus pruni,Rhabdoviridae,Rhabdoviridae,ICTV 2026 (MSL41.v1),ncbi_name_exact_current_ictv_species,high,1,independent_source_verified
UniVH,SCLIN0021764,input_original/manual_downloads/UniVH/dataset.csv,normalized from outputs/tables/univh_family_reconstruction_audit.csv row 747; unit=NCBI species-rank aggregate,RAW0021764,,2846146,Betaricinrhavirus scapularis,Betaricinrhavirus scapularis,Rhabdoviridae,Rhabdoviridae,ICTV 2026 (MSL41.v1),ncbi_name_exact_current_ictv_species,high,1,independent_source_verified
UniVH,SCLIN0021765,input_original/manual_downloads/UniVH/dataset.csv,normalized from outputs/tables/univh_family_reconstruction_audit.csv row 752; unit=NCBI species-rank aggregate,RAW0021765,,2846195,Sigmavirus shayang,Sigmavirus shayang,Rhabdoviridae,Rhabdoviridae,ICTV 2026 (MSL41.v1),ncbi_name_exact_current_ictv_species,high,1,independent_source_verified
UniVH,SCLIN0021766,input_original/manual_downloads/UniVH/dataset.csv,normalized from outputs/tables/univh_family_reconstruction_audit.csv row 753; unit=NCBI species-rank aggregate,RAW0021766,,2846667,Alpharicinrhavirus wuhan,Alpharicinrhavirus wuhan,Rhabdoviridae,Rhabdoviridae,ICTV 2026 (MSL41.v1),ncbi_name_exact_current_ictv_species,high,1,independent_source_verified
UniVH,SCLIN0021767,input_original/manual_downloads/UniVH/dataset.csv,normalized from outputs/tables/univh_family_reconstruction_audit.csv row 754; unit=NCBI species-rank aggregate,RAW0021767,,2846668,Sigmavirus wuhan,Sigmavirus wuhan,Rhabdoviridae,Rhabdoviridae,ICTV 2026 (MSL41.v1),ncbi_name_exact_current_ictv_species,high,1,independent_source_verified
UniVH,SCLIN0021768,input_original/manual_downloads/UniVH/dataset.csv,normalized from outputs/tables/univh_family_reconstruction_audit.csv row 81; unit=NCBI species-rank aggregate,RAW0021768,,696863,Sprivivirus cyprinus,Sprivivirus cyprinus,Rhabdoviridae,Rhabdoviridae,ICTV 2026 (MSL41.v1),ncbi_name_exact_current_ictv_species,high,1,independent_source_verified
UniVH,SCLIN0021769,input_original/manual_downloads/UniVH/dataset.csv,normalized from outputs/tables/univh_family_reconstruction_audit.csv row 828; unit=NCBI species-rank aggregate,RAW0021769,,2928437,Rhizoctonia solani rhabdovirus 1,Rhizoctonia solani rhabdovirus 1,Rhabdoviridae,Rhabdoviridae,ICTV 2026 (MSL41.v1),ncbi_family_ancestor_harmonized,high,1,independent_source_verified
UniVH,SCLIN0021770,input_original/manual_downloads/UniVH/dataset.csv,normalized from outputs/tables/univh_family_reconstruction_audit.csv row 829; unit=NCBI species-rank aggregate,RAW0021770,,2928438,Rhizoctonia solani rhabdovirus 2,Rhizoctonia solani rhabdovirus 2,Rhabdoviridae,Rhabdoviridae,ICTV 2026 (MSL41.v1),ncbi_family_ancestor_harmonized,high,1,independent_source_verified
UniVH,SCLIN0021771,input_original/manual_downloads/UniVH/dataset.csv,normalized from outputs/tables/univh_family_reconstruction_audit.csv row 865; unit=NCBI species-rank aggregate,RAW0021771,,2951616,Alphanucleorhabdovirus melongenae,Alphanucleorhabdovirus melongenae,Rhabdoviridae,Rhabdoviridae,ICTV 2026 (MSL41.v1),ncbi_name_exact_current_ictv_species,high,1,independent_source_verified
UniVH,SCLIN0021772,input_original/manual_downloads/UniVH/dataset.csv,normalized from outputs/tables/univh_family_reconstruction_audit.csv row 866; unit=NCBI species-rank aggregate,RAW0021772,,2951618,Lyssavirus hamburg,Lyssavirus hamburg,Rhabdoviridae,Rhabdoviridae,ICTV 2026 (MSL41.v1),ncbi_name_exact_current_ictv_species,high,1,independent_source_verified
UniVH,SCLIN0021773,input_original/manual_downloads/UniVH/dataset.csv,normalized from outputs/tables/univh_family_reconstruction_audit.csv row 867; unit=NCBI species-rank aggregate,RAW0021773,,2951619,Lyssavirus helsinki,Lyssavirus helsinki,Rhabdoviridae,Rhabdoviridae,ICTV 2026 (MSL41.v1),ncbi_name_exact_current_ictv_species,high,1,independent_source_verified
UniVH,SCLIN0021774,input_original/manual_downloads/UniVH/dataset.csv,normalized from outputs/tables/univh_family_reconstruction_audit.csv row 868; unit=NCBI species-rank aggregate,RAW0021774,,2951978,Betanucleorhabdovirus retesonchi,Betanucleorhabdovirus retesonchi,Rhabdoviridae,Rhabdoviridae,ICTV 2026 (MSL41.v1),ncbi_name_exact_current_ictv_species,high,1,independent_source_verified
UniVH,SCLIN0021775,input_original/manual_downloads/UniVH/dataset.csv,normalized from outputs/tables/univh_family_reconstruction_audit.csv row 869; unit=NCBI species-rank aggregate,RAW0021775,,2953667,Alphanucleorhabdovirus zeairanense,Alphanucleorhabdovirus zeairanense,Rhabdoviridae,Rhabdoviridae,ICTV 2026 (MSL41.v1),ncbi_name_exact_current_ictv_species,high,1,independent_source_verified
UniVH,SCLIN0021776,input_original/manual_downloads/UniVH/dataset.csv,normalized from outputs/tables/univh_family_reconstruction_audit.csv row 914; unit=NCBI species-rank aggregate,RAW0021776,,2955600,Cetarhavirus laganorhynchus,Cetarhavirus laganorhynchus,Rhabdoviridae,Rhabdoviridae,ICTV 2026 (MSL41.v1),ncbi_name_exact_current_ictv_species,high,1,independent_source_verified
UniVH,SCLIN0021777,input_original/manual_downloads/UniVH/dataset.csv,normalized from outputs/tables/univh_family_reconstruction_audit.csv row 915; unit=NCBI species-rank aggregate,RAW0021777,,2955601,Cetarhavirus phocoena,Cetarhavirus phocoena,Rhabdoviridae,Rhabdoviridae,ICTV 2026 (MSL41.v1),ncbi_name_exact_current_ictv_species,high,1,independent_source_verified
UniVH,SCLIN0021778,input_original/manual_downloads/UniVH/dataset.csv,normalized from outputs/tables/univh_family_reconstruction_audit.csv row 963; unit=NCBI species-rank aggregate,RAW0021778,,2956424,Scophrhavirus chanodychthys,Scophrhavirus chanodychthys,Rhabdoviridae,Rhabdoviridae,ICTV 2026 (MSL41.v1),ncbi_name_exact_current_ictv_species,high,1,independent_source_verified
UniVH,SCLIN0021779,input_original/manual_downloads/UniVH/dataset.csv,normalized from outputs/tables/univh_family_reconstruction_audit.csv row 964; unit=NCBI species-rank aggregate,RAW0021779,,2956425,Scophrhavirus maximus,Scophrhavirus maximus,Rhabdoviridae,Rhabdoviridae,ICTV 2026 (MSL41.v1),ncbi_name_exact_current_ictv_species,high,1,independent_source_verified
UniVH,SCLIN0021780,input_original/manual_downloads/UniVH/dataset.csv,normalized from outputs/tables/univh_family_reconstruction_audit.csv row 966; unit=NCBI species-rank aggregate,RAW0021780,,2956447,Sigmavirus ananassae,Sigmavirus ananassae,Rhabdoviridae,Rhabdoviridae,ICTV 2026 (MSL41.v1),ncbi_name_exact_current_ictv_species,high,1,independent_source_verified
UniVH,SCLIN0021781,input_original/manual_downloads/UniVH/dataset.csv,normalized from outputs/tables/univh_family_reconstruction_audit.csv row 967; unit=NCBI species-rank aggregate,RAW0021781,,2956449,Sigmavirus melanogaster,Sigmavirus melanogaster,Rhabdoviridae,Rhabdoviridae,ICTV 2026 (MSL41.v1),ncbi_name_exact_current_ictv_species,high,1,independent_source_verified
UniVH,SCLIN0021782,input_original/manual_downloads/UniVH/dataset.csv,normalized from outputs/tables/univh_family_reconstruction_audit.csv row 968; unit=NCBI species-rank aggregate,RAW0021782,,2956451,Sigmavirus obscura,Sigmavirus obscura,Rhabdoviridae,Rhabdoviridae,ICTV 2026 (MSL41.v1),ncbi_name_exact_current_ictv_species,high,1,independent_source_verified
UniVH,SCLIN0021783,input_original/manual_downloads/UniVH/dataset.csv,normalized from outputs/tables/univh_family_reconstruction_audit.csv row 969; unit=NCBI species-rank aggregate,RAW0021783,,2956453,Siniperhavirus chuatsi,Siniperhavirus chuatsi,Rhabdoviridae,Rhabdoviridae,ICTV 2026 (MSL41.v1),ncbi_name_exact_current_ictv_species,high,1,independent_source_verified
UniVH,SCLIN0021784,input_original/manual_downloads/UniVH/dataset.csv,normalized from outputs/tables/univh_family_reconstruction_audit.csv row 970; unit=NCBI species-rank aggregate,RAW0021784,,2956454,Siniperhavirus zoarces,Siniperhavirus zoarces,Rhabdoviridae,Rhabdoviridae,ICTV 2026 (MSL41.v1),ncbi_name_exact_current_ictv_species,high,1,independent_source_verified
UniVH,SCLIN0021785,input_original/manual_downloads/UniVH/dataset.csv,normalized from outputs/tables/univh_family_reconstruction_audit.csv row 988; unit=NCBI species-rank aggregate,RAW0021785,,2956643,Chiroprhavirus mediterranean,Chiroprhavirus mediterranean,Rhabdoviridae,Rhabdoviridae,ICTV 2026 (MSL41.v1),ncbi_name_historical_ictv_species_alias,high,1,independent_source_verified
UniVH,SCLIN0021786,input_original/manual_downloads/UniVH/dataset.csv,normalized from outputs/tables/univh_family_reconstruction_audit.csv row 1972; unit=NCBI species-rank aggregate,RAW0021786,,3059776,Rhizoulivirus alphamellea,Rhizoulivirus alphamellea,Botourmiaviridae,Rhizouliviridae,ICTV 2026 (MSL41.v1),ncbi_name_exact_current_ictv_species,high,1,independent_source_verified
UniVH,SCLIN0021787,input_original/manual_downloads/UniVH/dataset.csv,normalized from outputs/tables/univh_family_reconstruction_audit.csv row 904; unit=NCBI species-rank aggregate,RAW0021787,,2955476,Betarhizoulivirus solani,Betarhizoulivirus solani,Botourmiaviridae,Rhizouliviridae,ICTV 2026 (MSL41.v1),ncbi_name_exact_current_ictv_species,high,1,independent_source_verified
UniVH,SCLIN0021788,input_original/manual_downloads/UniVH/dataset.csv,normalized from outputs/tables/univh_family_reconstruction_audit.csv row 958; unit=NCBI species-rank aggregate,RAW0021788,,2956368,Rhizoulivirus alpharhizoctoniae,Rhizoulivirus alpharhizoctoniae,Botourmiaviridae,Rhizouliviridae,ICTV 2026 (MSL41.v1),ncbi_name_exact_current_ictv_species,high,1,independent_source_verified
UniVH,SCLIN0021789,input_original/manual_downloads/UniVH/dataset.csv,normalized from outputs/tables/univh_family_reconstruction_audit.csv row 959; unit=NCBI species-rank aggregate,RAW0021789,,2956370,Rhizoulivirus gammarhizoctoniae,Rhizoulivirus gammarhizoctoniae,Botourmiaviridae,Rhizouliviridae,ICTV 2026 (MSL41.v1),ncbi_name_exact_current_ictv_species,high,1,independent_source_verified
UniVH,SCLIN0021790,input_original/manual_downloads/UniVH/dataset.csv,normalized from outputs/tables/univh_family_reconstruction_audit.csv row 1105; unit=NCBI species-rank aggregate,RAW0021790,,3047840,Okavirus branchiae,Okavirus branchiae,Roniviridae,Roniviridae,ICTV 2026 (MSL41.v1),ncbi_name_exact_current_ictv_species,high,1,independent_source_verified
UniVH,SCLIN0021791,input_original/manual_downloads/UniVH/dataset.csv,normalized from outputs/tables/univh_family_reconstruction_audit.csv row 1189; unit=NCBI species-rank aggregate,RAW0021791,,3048455,Okavirus flavicapitis,Okavirus flavicapitis,Roniviridae,Roniviridae,ICTV 2026 (MSL41.v1),ncbi_name_exact_current_ictv_species,high,1,independent_source_verified
UniVH,SCLIN0021792,input_original/manual_downloads/UniVH/dataset.csv,normalized from outputs/tables/univh_family_reconstruction_audit.csv row 1272; unit=NCBI species-rank aggregate,RAW0021792,,3052365,Okavirus orientale,Okavirus orientale,Roniviridae,Roniviridae,ICTV 2026 (MSL41.v1),ncbi_name_exact_current_ictv_species,high,1,independent_source_verified
UniVH,SCLIN0021793,input_original/manual_downloads/UniVH/dataset.csv,normalized from outputs/tables/univh_family_reconstruction_audit.csv row 947; unit=NCBI species-rank aggregate,RAW0021793,,2956224,Nimanivirus lahi,Nimanivirus lahi,Roniviridae,Roniviridae,ICTV 2026 (MSL41.v1),ncbi_name_exact_current_ictv_species,high,1,independent_source_verified
UniVH,SCLIN0021794,input_original/manual_downloads/UniVH/dataset.csv,normalized from outputs/tables/univh_family_reconstruction_audit.csv row 1028; unit=NCBI species-rank aggregate,RAW0021794,,2994894,Cassava torrado-like virus 2,Cassava torrado-like virus 2,Secoviridae,Secoviridae,ICTV 2026 (MSL41.v1),ncbi_family_ancestor_harmonized,high,1,independent_source_verified
UniVH,SCLIN0021795,input_original/manual_downloads/UniVH/dataset.csv,normalized from outputs/tables/univh_family_reconstruction_audit.csv row 1030; unit=NCBI species-rank aggregate,RAW0021795,,3004042,Carrot psyllid-borne associated virus,Carrot psyllid-borne associated virus,,Secoviridae,ICTV 2026 (MSL41.v1),unique_vmr_genbank_accession,high,1,independent_source_verified
UniVH,SCLIN0021796,input_original/manual_downloads/UniVH/dataset.csv,normalized from outputs/tables/univh_family_reconstruction_audit.csv row 1072; unit=NCBI species-rank aggregate,RAW0021796,,3047362,Comovirus andesense,Comovirus andesense,Secoviridae,Secoviridae,ICTV 2026 (MSL41.v1),ncbi_name_exact_current_ictv_species,high,1,independent_source_verified
UniVH,SCLIN0021797,input_original/manual_downloads/UniVH/dataset.csv,normalized from outputs/tables/univh_family_reconstruction_audit.csv row 1075; unit=NCBI species-rank aggregate,RAW0021797,,3047373,Nepovirus armeniacae,Nepovirus armeniacae,Secoviridae,Secoviridae,ICTV 2026 (MSL41.v1),ncbi_name_exact_current_ictv_species,high,1,independent_source_verified
UniVH,SCLIN0021798,input_original/manual_downloads/UniVH/dataset.csv,normalized from outputs/tables/univh_family_reconstruction_audit.csv row 1076; unit=NCBI species-rank aggregate,RAW0021798,,3047374,Nepovirus arabis,Nepovirus arabis,Secoviridae,Secoviridae,ICTV 2026 (MSL41.v1),ncbi_name_exact_current_ictv_species,high,1,independent_source_verified
UniVH,SCLIN0021799,input_original/manual_downloads/UniVH/dataset.csv,normalized from outputs/tables/univh_family_reconstruction_audit.csv row 1078; unit=NCBI species-rank aggregate,RAW0021799,,3047377,Cheravirus arracaciae,Cheravirus arracaciae,Secoviridae,Secoviridae,ICTV 2026 (MSL41.v1),ncbi_name_exact_current_ictv_species,high,1,independent_source_verified
UniVH,SCLIN0021800,input_original/manual_downloads/UniVH/dataset.csv,normalized from outputs/tables/univh_family_reconstruction_audit.csv row 1082; unit=NCBI species-rank aggregate,RAW0021800,,3047677,Comovirus siliquae,Comovirus siliquae,Secoviridae,Secoviridae,ICTV 2026 (MSL41.v1),ncbi_name_exact_current_ictv_species,high,1,independent_source_verified
UniVH,SCLIN0021801,input_original/manual_downloads/UniVH/dataset.csv,normalized from outputs/tables/univh_family_reconstruction_audit.csv row 1083; unit=NCBI species-rank aggregate,RAW0021801,,3047678,Comovirus rugomusivum,Comovirus rugomusivum,Secoviridae,Secoviridae,ICTV 2026 (MSL41.v1),ncbi_name_exact_current_ictv_species,high,1,independent_source_verified
UniVH,SCLIN0021802,input_original/manual_downloads/UniVH/dataset.csv,normalized from outputs/tables/univh_family_reconstruction_audit.csv row 1086; unit=NCBI species-rank aggregate,RAW0021802,,3047701,Fabavirus alphaviciae,Fabavirus alphaviciae,Secoviridae,Secoviridae,ICTV 2026 (MSL41.v1),ncbi_name_exact_current_ictv_species,high,1,independent_source_verified
UniVH,SCLIN0021803,input_original/manual_downloads/UniVH/dataset.csv,normalized from outputs/tables/univh_family_reconstruction_audit.csv row 1087; unit=NCBI species-rank aggregate,RAW0021803,,3047702,Fabavirus betaviciae,Fabavirus betaviciae,Secoviridae,Secoviridae,ICTV 2026 (MSL41.v1),ncbi_name_exact_current_ictv_species,high,1,independent_source_verified
UniVH,SCLIN0021804,input_original/manual_downloads/UniVH/dataset.csv,normalized from outputs/tables/univh_family_reconstruction_audit.csv row 1091; unit=NCBI species-rank aggregate,RAW0021804,,3047732,Sequivirus carotae,Sequivirus carotae,Secoviridae,Secoviridae,ICTV 2026 (MSL41.v1),ncbi_name_exact_current_ictv_species,high,1,independent_source_verified
UniVH,SCLIN0021805,input_original/manual_downloads/UniVH/dataset.csv,normalized from outputs/tables/univh_family_reconstruction_audit.csv row 1092; unit=NCBI species-rank aggregate,RAW0021805,,3047733,Torradovirus carotae,Torradovirus carotae,Secoviridae,Secoviridae,ICTV 2026 (MSL41.v1),ncbi_name_exact_current_ictv_species,high,1,independent_source_verified
UniVH,SCLIN0021806,input_original/manual_downloads/UniVH/dataset.csv,normalized from outputs/tables/univh_family_reconstruction_audit.csv row 1093; unit=NCBI species-rank aggregate,RAW0021806,,3047741,Nepovirus avii,Nepovirus avii,Secoviridae,Secoviridae,ICTV 2026 (MSL41.v1),ncbi_name_exact_current_ictv_species,high,1,independent_source_verified
UniVH,SCLIN0021807,input_original/manual_downloads/UniVH/dataset.csv,normalized from outputs/tables/univh_family_reconstruction_audit.csv row 1094; unit=NCBI species-rank aggregate,RAW0021807,,3047742,Cheravirus avii,Cheravirus avii,Secoviridae,Secoviridae,ICTV 2026 (MSL41.v1),ncbi_name_exact_current_ictv_species,high,1,independent_source_verified
UniVH,SCLIN0021808,input_original/manual_downloads/UniVH/dataset.csv,normalized from outputs/tables/univh_family_reconstruction_audit.csv row 1097; unit=NCBI species-rank aggregate,RAW0021808,,3047771,Comovirus vignae,Comovirus vignae,Secoviridae,Secoviridae,ICTV 2026 (MSL41.v1),ncbi_name_exact_current_ictv_species,high,1,independent_source_verified
UniVH,SCLIN0021809,input_original/manual_downloads/UniVH/dataset.csv,normalized from outputs/tables/univh_family_reconstruction_audit.csv row 1108; unit=NCBI species-rank aggregate,RAW0021809,,3047848,Nepovirus bulgariense,Nepovirus bulgariense,Secoviridae,Secoviridae,ICTV 2026 (MSL41.v1),ncbi_name_exact_current_ictv_species,high,1,independent_source_verified
UniVH,SCLIN0021810,input_original/manual_downloads/UniVH/dataset.csv,normalized from outputs/tables/univh_family_reconstruction_audit.csv row 1109; unit=NCBI species-rank aggregate,RAW0021810,,3047851,Fabavirus vitis,Fabavirus vitis,Secoviridae,Secoviridae,ICTV 2026 (MSL41.v1),ncbi_name_exact_current_ictv_species,high,1,independent_source_verified
UniVH,SCLIN0021811,input_original/manual_downloads/UniVH/dataset.csv,normalized from outputs/tables/univh_family_reconstruction_audit.csv row 1110; unit=NCBI species-rank aggregate,RAW0021811,,3047852,Nepovirus foliumflabelli,Nepovirus foliumflabelli,Secoviridae,Secoviridae,ICTV 2026 (MSL41.v1),ncbi_name_exact_current_ictv_species,high,1,independent_source_verified
UniVH,SCLIN0021812,input_original/manual_downloads/UniVH/dataset.csv,normalized from outputs/tables/univh_family_reconstruction_audit.csv row 1126; unit=NCBI species-rank aggregate,RAW0021812,,3048179,Torradovirus lactucae,Torradovirus lactucae,Secoviridae,Secoviridae,ICTV 2026 (MSL41.v1),ncbi_name_exact_current_ictv_species,high,1,independent_source_verified
UniVH,SCLIN0021813,input_original/manual_downloads/UniVH/dataset.csv,normalized from outputs/tables/univh_family_reconstruction_audit.csv row 1129; unit=NCBI species-rank aggregate,RAW0021813,,3048189,Waikavirus zeae,Waikavirus zeae,Secoviridae,Secoviridae,ICTV 2026 (MSL41.v1),ncbi_name_exact_current_ictv_species,high,1,independent_source_verified
UniVH,SCLIN0021814,input_original/manual_downloads/UniVH/dataset.csv,normalized from outputs/tables/univh_family_reconstruction_audit.csv row 1133; unit=NCBI species-rank aggregate,RAW0021814,,3048199,Nepovirus cucumis,Nepovirus cucumis,Secoviridae,Secoviridae,ICTV 2026 (MSL41.v1),ncbi_name_exact_current_ictv_species,high,1,independent_source_verified
UniVH,SCLIN0021815,input_original/manual_downloads/UniVH/dataset.csv,normalized from outputs/tables/univh_family_reconstruction_audit.csv row 1150; unit=NCBI species-rank aggregate,RAW0021815,,3048282,Nepovirus solani,Nepovirus solani,Secoviridae,Secoviridae,ICTV 2026 (MSL41.v1),ncbi_name_exact_current_ictv_species,high,1,independent_source_verified
UniVH,SCLIN0021816,input_original/manual_downloads/UniVH/dataset.csv,normalized from outputs/tables/univh_family_reconstruction_audit.csv row 1152; unit=NCBI species-rank aggregate,RAW0021816,,3048284,Nepovirus betasolani,Nepovirus betasolani,Secoviridae,Secoviridae,ICTV 2026 (MSL41.v1),ncbi_name_exact_current_ictv_species,high,1,independent_source_verified
UniVH,SCLIN0021817,input_original/manual_downloads/UniVH/dataset.csv,normalized from outputs/tables/univh_family_reconstruction_audit.csv row 1155; unit=NCBI species-rank aggregate,RAW0021817,,3048288,Fabavirus pruni,Fabavirus pruni,Secoviridae,Secoviridae,ICTV 2026 (MSL41.v1),ncbi_name_exact_current_ictv_species,high,1,independent_source_verified
UniVH,SCLIN0021818,input_original/manual_downloads/UniVH/dataset.csv,normalized from outputs/tables/univh_family_reconstruction_audit.csv row 1156; unit=NCBI species-rank aggregate,RAW0021818,,3048290,Comovirus raphani,Comovirus raphani,Secoviridae,Secoviridae,ICTV 2026 (MSL41.v1),ncbi_name_exact_current_ictv_species,high,1,independent_source_verified
UniVH,SCLIN0021819,input_original/manual_downloads/UniVH/dataset.csv,normalized from outputs/tables/univh_family_reconstruction_audit.csv row 1157; unit=NCBI species-rank aggregate,RAW0021819,,3048292,Nepovirus rubi,Nepovirus rubi,Secoviridae,Secoviridae,ICTV 2026 (MSL41.v1),ncbi_name_exact_current_ictv_species,high,1,independent_source_verified
UniVH,SCLIN0021820,input_original/manual_downloads/UniVH/dataset.csv,normalized from outputs/tables/univh_family_reconstruction_audit.csv row 1158; unit=NCBI species-rank aggregate,RAW0021820,,3048299,Waikavirus oryzae,Waikavirus oryzae,Secoviridae,Secoviridae,ICTV 2026 (MSL41.v1),ncbi_name_exact_current_ictv_species,high,1,independent_source_verified
UniVH,SCLIN0021821,input_original/manual_downloads/UniVH/dataset.csv,normalized from outputs/tables/univh_family_reconstruction_audit.csv row 1169; unit=NCBI species-rank aggregate,RAW0021821,,3048339,Torradovirus cucurbitae,Torradovirus cucurbitae,Secoviridae,Secoviridae,ICTV 2026 (MSL41.v1),ncbi_name_exact_current_ictv_species,high,1,independent_source_verified
UniVH,SCLIN0021822,input_original/manual_downloads/UniVH/dataset.csv,normalized from outputs/tables/univh_family_reconstruction_audit.csv row 1170; unit=NCBI species-rank aggregate,RAW0021822,,3048340,Comovirus cucurbitae,Comovirus cucurbitae,Secoviridae,Secoviridae,ICTV 2026 (MSL41.v1),ncbi_name_exact_current_ictv_species,high,1,independent_source_verified
UniVH,SCLIN0021823,input_original/manual_downloads/UniVH/dataset.csv,normalized from outputs/tables/univh_family_reconstruction_audit.csv row 1177; unit=NCBI species-rank aggregate,RAW0021823,,3048370,Nepovirus nicotianae,Nepovirus nicotianae,Secoviridae,Secoviridae,ICTV 2026 (MSL41.v1),ncbi_name_exact_current_ictv_species,high,1,independent_source_verified
UniVH,SCLIN0021824,input_original/manual_downloads/UniVH/dataset.csv,normalized from outputs/tables/univh_family_reconstruction_audit.csv row 1178; unit=NCBI species-rank aggregate,RAW0021824,,3048372,Nepovirus nigranuli,Nepovirus nigranuli,Secoviridae,Secoviridae,ICTV 2026 (MSL41.v1),ncbi_name_exact_current_ictv_species,high,1,independent_source_verified
UniVH,SCLIN0021825,input_original/manual_downloads/UniVH/dataset.csv,normalized from outputs/tables/univh_family_reconstruction_audit.csv row 1182; unit=NCBI species-rank aggregate,RAW0021825,,3048376,Torradovirus marchitezum,Torradovirus marchitezum,Secoviridae,Secoviridae,ICTV 2026 (MSL41.v1),ncbi_name_exact_current_ictv_species,high,1,independent_source_verified
UniVH,SCLIN0021826,input_original/manual_downloads/UniVH/dataset.csv,normalized from outputs/tables/univh_family_reconstruction_audit.csv row 1183; unit=NCBI species-rank aggregate,RAW0021826,,3048378,Torradovirus lycopersici,Torradovirus lycopersici,Secoviridae,Secoviridae,ICTV 2026 (MSL41.v1),ncbi_name_exact_current_ictv_species,high,1,independent_source_verified
UniVH,SCLIN0021827,input_original/manual_downloads/UniVH/dataset.csv,normalized from outputs/tables/univh_family_reconstruction_audit.csv row 1199; unit=NCBI species-rank aggregate,RAW0021827,,3050242,Nepovirus betae,Nepovirus betae,Secoviridae,Secoviridae,ICTV 2026 (MSL41.v1),ncbi_name_exact_current_ictv_species,high,1,independent_source_verified
UniVH,SCLIN0021828,input_original/manual_downloads/UniVH/dataset.csv,normalized from outputs/tables/univh_family_reconstruction_audit.csv row 1227; unit=NCBI species-rank aggregate,RAW0021828,,3052138,Comovirus arabidopsis,Comovirus arabidopsis,Secoviridae,Secoviridae,ICTV 2026 (MSL41.v1),ncbi_name_exact_current_ictv_species,high,1,independent_source_verified
UniVH,SCLIN0021829,input_original/manual_downloads/UniVH/dataset.csv,normalized from outputs/tables/univh_family_reconstruction_audit.csv row 1228; unit=NCBI species-rank aggregate,RAW0021829,,3052140,Comovirus phaseoli,Comovirus phaseoli,Secoviridae,Secoviridae,ICTV 2026 (MSL41.v1),ncbi_name_exact_current_ictv_species,high,1,independent_source_verified
UniVH,SCLIN0021830,input_original/manual_downloads/UniVH/dataset.csv,normalized from outputs/tables/univh_family_reconstruction_audit.csv row 1230; unit=NCBI species-rank aggregate,RAW0021830,,3052201,Fabavirus persicae,Fabavirus persicae,Secoviridae,Secoviridae,ICTV 2026 (MSL41.v1),ncbi_name_exact_current_ictv_species,high,1,independent_source_verified
UniVH,SCLIN0021831,input_original/manual_downloads/UniVH/dataset.csv,normalized from outputs/tables/univh_family_reconstruction_audit.csv row 1270; unit=NCBI species-rank aggregate,RAW0021831,,3052355,Nepovirus alphavitis,Nepovirus alphavitis,Secoviridae,Secoviridae,ICTV 2026 (MSL41.v1),ncbi_name_exact_current_ictv_species,high,1,independent_source_verified
UniVH,SCLIN0021832,input_original/manual_downloads/UniVH/dataset.csv,normalized from outputs/tables/univh_family_reconstruction_audit.csv row 1271; unit=NCBI species-rank aggregate,RAW0021832,,3052359,Nepovirus pratensis,Nepovirus pratensis,Secoviridae,Secoviridae,ICTV 2026 (MSL41.v1),ncbi_name_exact_current_ictv_species,high,1,independent_source_verified
UniVH,SCLIN0021833,input_original/manual_downloads/UniVH/dataset.csv,normalized from outputs/tables/univh_family_reconstruction_audit.csv row 1377; unit=NCBI species-rank aggregate,RAW0021833,,3052739,Sadwavirus lactucae,Sadwavirus lactucae,Secoviridae,Secoviridae,ICTV 2026 (MSL41.v1),ncbi_name_exact_current_ictv_species,high,1,independent_source_verified
UniVH,SCLIN0021834,input_original/manual_downloads/UniVH/dataset.csv,normalized from outputs/tables/univh_family_reconstruction_audit.csv row 1379; unit=NCBI species-rank aggregate,RAW0021834,,3052747,Sequivirus stellatum,Sequivirus stellatum,Secoviridae,Secoviridae,ICTV 2026 (MSL41.v1),ncbi_name_exact_current_ictv_species,high,1,independent_source_verified
UniVH,SCLIN0021835,input_original/manual_downloads/UniVH/dataset.csv,normalized from outputs/tables/univh_family_reconstruction_audit.csv row 1380; unit=NCBI species-rank aggregate,RAW0021835,,3052753,Stralarivirus fragariae,Stralarivirus fragariae,Secoviridae,Secoviridae,ICTV 2026 (MSL41.v1),ncbi_name_exact_current_ictv_species,high,1,independent_source_verified
UniVH,SCLIN0021836,input_original/manual_downloads/UniVH/dataset.csv,normalized from outputs/tables/univh_family_reconstruction_audit.csv row 1388; unit=NCBI species-rank aggregate,RAW0021836,,3052815,Waikavirus brassicae,Waikavirus brassicae,Secoviridae,Secoviridae,ICTV 2026 (MSL41.v1),ncbi_name_exact_current_ictv_species,high,1,independent_source_verified
UniVH,SCLIN0021837,input_original/manual_downloads/UniVH/dataset.csv,normalized from outputs/tables/univh_family_reconstruction_audit.csv row 1389; unit=NCBI species-rank aggregate,RAW0021837,,3052819,Waikavirus trifolii,Waikavirus trifolii,Secoviridae,Secoviridae,ICTV 2026 (MSL41.v1),ncbi_name_exact_current_ictv_species,high,1,independent_source_verified
UniVH,SCLIN0021838,input_original/manual_downloads/UniVH/dataset.csv,normalized from outputs/tables/univh_family_reconstruction_audit.csv row 1400; unit=NCBI species-rank aggregate,RAW0021838,,3059899,Comovirus rapae,Comovirus rapae,Secoviridae,Secoviridae,ICTV 2026 (MSL41.v1),ncbi_name_exact_current_ictv_species,high,1,independent_source_verified
UniVH,SCLIN0021839,input_original/manual_downloads/UniVH/dataset.csv,normalized from outputs/tables/univh_family_reconstruction_audit.csv row 1423; unit=NCBI species-rank aggregate,RAW0021839,,3060746,Torradovirus manihotis,Torradovirus manihotis,Secoviridae,Secoviridae,ICTV 2026 (MSL41.v1),ncbi_name_exact_current_ictv_species,high,1,independent_source_verified
UniVH,SCLIN0021840,input_original/manual_downloads/UniVH/dataset.csv,normalized from outputs/tables/univh_family_reconstruction_audit.csv row 1436; unit=NCBI species-rank aggregate,RAW0021840,,3078460,Rehmannia torradovirus,Rehmannia torradovirus,Secoviridae,Secoviridae,ICTV 2026 (MSL41.v1),ncbi_family_ancestor_harmonized,high,1,independent_source_verified
UniVH,SCLIN0021841,input_original/manual_downloads/UniVH/dataset.csv,normalized from outputs/tables/univh_family_reconstruction_audit.csv row 159; unit=NCBI species-rank aggregate,RAW0021841,,1481465,Tomato necrotic dwarf virus,Tomato necrotic dwarf virus,Secoviridae,Secoviridae,ICTV 2026 (MSL41.v1),ncbi_family_ancestor_harmonized,high,1,independent_source_verified
UniVH,SCLIN0021842,input_original/manual_downloads/UniVH/dataset.csv,normalized from outputs/tables/univh_family_reconstruction_audit.csv row 1725; unit=NCBI species-rank aggregate,RAW0021842,,3427898,Cheravirus alpinum,Cheravirus alpinum,Secoviridae,Secoviridae,ICTV 2026 (MSL41.v1),ncbi_name_exact_current_ictv_species,high,1,independent_source_verified
UniVH,SCLIN0021843,input_original/manual_downloads/UniVH/dataset.csv,normalized from outputs/tables/univh_family_reconstruction_audit.csv row 1788; unit=NCBI species-rank aggregate,RAW0021843,,3428636,Fabavirus avii,Fabavirus avii,Secoviridae,Secoviridae,ICTV 2026 (MSL41.v1),ncbi_name_exact_current_ictv_species,high,1,independent_source_verified
UniVH,SCLIN0021844,input_original/manual_downloads/UniVH/dataset.csv,normalized from outputs/tables/univh_family_reconstruction_audit.csv row 2035; unit=NCBI species-rank aggregate,RAW0021844,,3432934,Torradovirus arctii,Torradovirus arctii,Secoviridae,Secoviridae,ICTV 2026 (MSL41.v1),ncbi_name_exact_current_ictv_species,high,1,independent_source_verified
UniVH,SCLIN0021845,input_original/manual_downloads/UniVH/dataset.csv,normalized from outputs/tables/univh_family_reconstruction_audit.csv row 2113; unit=NCBI species-rank aggregate,RAW0021845,,3433799,Waikavirus lactucae,Waikavirus lactucae,Secoviridae,Secoviridae,ICTV 2026 (MSL41.v1),ncbi_name_exact_current_ictv_species,high,1,independent_source_verified
UniVH,SCLIN0021846,input_original/manual_downloads/UniVH/dataset.csv,normalized from outputs/tables/univh_family_reconstruction_audit.csv row 2150; unit=NCBI species-rank aggregate,RAW0021846,,2692408,Comovirus caricae,Comovirus caricae,Secoviridae,Secoviridae,ICTV 2026 (MSL41.v1),ncbi_name_exact_current_ictv_species,high,1,independent_source_verified
UniVH,SCLIN0021847,input_original/manual_downloads/UniVH/dataset.csv,normalized from outputs/tables/univh_family_reconstruction_audit.csv row 2159; unit=NCBI species-rank aggregate,RAW0021847,,3237373,Nepovirus alphacucumis,Nepovirus alphacucumis,Secoviridae,Secoviridae,ICTV 2026 (MSL41.v1),ncbi_name_exact_current_ictv_species,high,1,independent_source_verified
UniVH,SCLIN0021848,input_original/manual_downloads/UniVH/dataset.csv,normalized from outputs/tables/univh_family_reconstruction_audit.csv row 374; unit=NCBI species-rank aggregate,RAW0021848,,2058090,Red clover torradovirus 1,Red clover torradovirus 1,Secoviridae,Secoviridae,ICTV 2026 (MSL41.v1),ncbi_family_ancestor_harmonized,high,1,independent_source_verified
UniVH,SCLIN0021849,input_original/manual_downloads/UniVH/dataset.csv,normalized from outputs/tables/univh_family_reconstruction_audit.csv row 76; unit=NCBI species-rank aggregate,RAW0021849,,661101,Tomato chocolate spot virus,Tomato chocolate spot virus,Secoviridae,Secoviridae,ICTV 2026 (MSL41.v1),ncbi_family_ancestor_harmonized,high,1,independent_source_verified
UniVH,SCLIN0021850,input_original/manual_downloads/UniVH/dataset.csv,normalized from outputs/tables/univh_family_reconstruction_audit.csv row 12; unit=NCBI species-rank aggregate,RAW0021850,,28327,Murine rotavirus,Murine rotavirus,Sedoreoviridae,Sedoreoviridae,ICTV 2026 (MSL41.v1),ncbi_family_ancestor_harmonized,high,1,independent_source_verified
UniVH,SCLIN0021851,input_original/manual_downloads/UniVH/dataset.csv,normalized from outputs/tables/univh_family_reconstruction_audit.csv row 132; unit=NCBI species-rank aggregate,RAW0021851,,1325460,Banna-like virus strain Balaton/2010/HUN,Banna-like virus strain Balaton/2010/HUN,Sedoreoviridae,Sedoreoviridae,ICTV 2026 (MSL41.v1),ncbi_family_ancestor_harmonized,high,1,independent_source_verified
UniVH,SCLIN0021852,input_original/manual_downloads/UniVH/dataset.csv,normalized from outputs/tables/univh_family_reconstruction_audit.csv row 134; unit=NCBI species-rank aggregate,RAW0021852,,1340801,Bat rotavirus,Bat rotavirus,Sedoreoviridae,Sedoreoviridae,ICTV 2026 (MSL41.v1),ncbi_family_ancestor_harmonized,high,1,independent_source_verified
UniVH,SCLIN0021853,input_original/manual_downloads/UniVH/dataset.csv,normalized from outputs/tables/univh_family_reconstruction_audit.csv row 142; unit=NCBI species-rank aggregate,RAW0021853,,1408137,Mobuck virus,Mobuck virus,Sedoreoviridae,Sedoreoviridae,ICTV 2026 (MSL41.v1),ncbi_family_ancestor_harmonized,high,1,independent_source_verified
UniVH,SCLIN0021854,input_original/manual_downloads/UniVH/dataset.csv,normalized from outputs/tables/univh_family_reconstruction_audit.csv row 1490; unit=NCBI species-rank aggregate,RAW0021854,,3240447,Seadornavirus bannaense,Seadornavirus bannaense,Sedoreoviridae,Sedoreoviridae,ICTV 2026 (MSL41.v1),ncbi_name_exact_current_ictv_species,high,1,independent_source_verified
UniVH,SCLIN0021855,input_original/manual_downloads/UniVH/dataset.csv,normalized from outputs/tables/univh_family_reconstruction_audit.csv row 150; unit=NCBI species-rank aggregate,RAW0021855,,1428763,Tibet orbivirus,Tibet orbivirus,Sedoreoviridae,Sedoreoviridae,ICTV 2026 (MSL41.v1),ncbi_family_ancestor_harmonized,high,1,independent_source_verified
UniVH,SCLIN0021856,input_original/manual_downloads/UniVH/dataset.csv,normalized from outputs/tables/univh_family_reconstruction_audit.csv row 1707; unit=NCBI species-rank aggregate,RAW0021856,,3427734,Cardoreovirus eriocheiris,Cardoreovirus eriocheiris,Sedoreoviridae,Sedoreoviridae,ICTV 2026 (MSL41.v1),ncbi_name_exact_current_ictv_species,high,1,independent_source_verified
UniVH,SCLIN0021857,input_original/manual_downloads/UniVH/dataset.csv,normalized from outputs/tables/univh_family_reconstruction_audit.csv row 1886; unit=NCBI species-rank aggregate,RAW0021857,,3431240,Orbivirus caerulinguae,Orbivirus caerulinguae,Sedoreoviridae,Sedoreoviridae,ICTV 2026 (MSL41.v1),ncbi_name_exact_current_ictv_species,high,1,independent_source_verified
UniVH,SCLIN0021858,input_original/manual_downloads/UniVH/dataset.csv,normalized from outputs/tables/univh_family_reconstruction_audit.csv row 1887; unit=NCBI species-rank aggregate,RAW0021858,,3431248,Orbivirus lebomboense,Orbivirus lebomboense,Sedoreoviridae,Sedoreoviridae,ICTV 2026 (MSL41.v1),ncbi_name_exact_current_ictv_species,high,1,independent_source_verified
UniVH,SCLIN0021859,input_original/manual_downloads/UniVH/dataset.csv,normalized from outputs/tables/univh_family_reconstruction_audit.csv row 1888; unit=NCBI species-rank aggregate,RAW0021859,,3431249,Orbivirus magninsulae,Orbivirus magninsulae,Sedoreoviridae,Sedoreoviridae,ICTV 2026 (MSL41.v1),ncbi_name_exact_current_ictv_species,high,1,independent_source_verified
UniVH,SCLIN0021860,input_original/manual_downloads/UniVH/dataset.csv,normalized from outputs/tables/univh_family_reconstruction_audit.csv row 1889; unit=NCBI species-rank aggregate,RAW0021860,,3431250,Orbivirus orungoense,Orbivirus orungoense,Sedoreoviridae,Sedoreoviridae,ICTV 2026 (MSL41.v1),ncbi_name_exact_current_ictv_species,high,1,independent_source_verified
UniVH,SCLIN0021861,input_original/manual_downloads/UniVH/dataset.csv,normalized from outputs/tables/univh_family_reconstruction_audit.csv row 1890; unit=NCBI species-rank aggregate,RAW0021861,,3431252,Orbivirus ruminantium,Orbivirus ruminantium,Sedoreoviridae,Sedoreoviridae,ICTV 2026 (MSL41.v1),ncbi_name_exact_current_ictv_species,high,1,independent_source_verified
UniVH,SCLIN0021862,input_original/manual_downloads/UniVH/dataset.csv,normalized from outputs/tables/univh_family_reconstruction_audit.csv row 1891; unit=NCBI species-rank aggregate,RAW0021862,,3431256,Orbivirus wadmedaniense,Orbivirus wadmedaniense,Sedoreoviridae,Sedoreoviridae,ICTV 2026 (MSL41.v1),ncbi_name_exact_current_ictv_species,high,1,independent_source_verified
UniVH,SCLIN0021863,input_original/manual_downloads/UniVH/dataset.csv,normalized from outputs/tables/univh_family_reconstruction_audit.csv row 1892; unit=NCBI species-rank aggregate,RAW0021863,,3431257,Orbivirus yunnanense,Orbivirus yunnanense,Sedoreoviridae,Sedoreoviridae,ICTV 2026 (MSL41.v1),ncbi_name_exact_current_ictv_species,high,1,independent_source_verified
UniVH,SCLIN0021864,input_original/manual_downloads/UniVH/dataset.csv,normalized from outputs/tables/univh_family_reconstruction_audit.csv row 18; unit=NCBI species-rank aggregate,RAW0021864,,40050,Orbivirus alphaequi,Orbivirus alphaequi,Sedoreoviridae,Sedoreoviridae,ICTV 2026 (MSL41.v1),ncbi_name_exact_current_ictv_species,high,1,independent_source_verified
UniVH,SCLIN0021865,input_original/manual_downloads/UniVH/dataset.csv,normalized from outputs/tables/univh_family_reconstruction_audit.csv row 1979; unit=NCBI species-rank aggregate,RAW0021865,,3432193,Rotavirus alphagastroenteritidis,Rotavirus alphagastroenteritidis,Sedoreoviridae,Sedoreoviridae,ICTV 2026 (MSL41.v1),ncbi_name_exact_current_ictv_species,high,1,independent_source_verified
UniVH,SCLIN0021866,input_original/manual_downloads/UniVH/dataset.csv,normalized from outputs/tables/univh_family_reconstruction_audit.csv row 1980; unit=NCBI species-rank aggregate,RAW0021866,,3432196,Rotavirus deltagastroenteritidis,Rotavirus deltagastroenteritidis,Sedoreoviridae,Sedoreoviridae,ICTV 2026 (MSL41.v1),ncbi_name_exact_current_ictv_species,high,1,independent_source_verified
UniVH,SCLIN0021867,input_original/manual_downloads/UniVH/dataset.csv,normalized from outputs/tables/univh_family_reconstruction_audit.csv row 1981; unit=NCBI species-rank aggregate,RAW0021867,,3432197,Rotavirus gammagastroenteritidis,Rotavirus gammagastroenteritidis,Sedoreoviridae,Sedoreoviridae,ICTV 2026 (MSL41.v1),ncbi_name_exact_current_ictv_species,high,1,independent_source_verified
UniVH,SCLIN0021868,input_original/manual_downloads/UniVH/dataset.csv,normalized from outputs/tables/univh_family_reconstruction_audit.csv row 1982; unit=NCBI species-rank aggregate,RAW0021868,,3432202,Rotavirus phigastroenteritidis,Rotavirus phigastroenteritidis,Sedoreoviridae,Sedoreoviridae,ICTV 2026 (MSL41.v1),ncbi_name_exact_current_ictv_species,high,1,independent_source_verified
UniVH,SCLIN0021869,input_original/manual_downloads/UniVH/dataset.csv,normalized from outputs/tables/univh_family_reconstruction_audit.csv row 1983; unit=NCBI species-rank aggregate,RAW0021869,,3432203,Rotavirus tritogastroenteritidis,Rotavirus tritogastroenteritidis,Sedoreoviridae,Sedoreoviridae,ICTV 2026 (MSL41.v1),ncbi_name_exact_current_ictv_species,high,1,independent_source_verified
UniVH,SCLIN0021870,input_original/manual_downloads/UniVH/dataset.csv,normalized from outputs/tables/univh_family_reconstruction_audit.csv row 423; unit=NCBI species-rank aggregate,RAW0021870,,2306813,Guangxi orbivirus,Guangxi orbivirus,Sedoreoviridae,Sedoreoviridae,ICTV 2026 (MSL41.v1),ncbi_family_ancestor_harmonized,high,1,independent_source_verified
UniVH,SCLIN0021871,input_original/manual_downloads/UniVH/dataset.csv,normalized from outputs/tables/univh_family_reconstruction_audit.csv row 58; unit=NCBI species-rank aggregate,RAW0021871,,411854,Homalodisca vitripennis reovirus,Homalodisca vitripennis reovirus,Sedoreoviridae,Sedoreoviridae,ICTV 2026 (MSL41.v1),ncbi_family_ancestor_harmonized,high,1,independent_source_verified
UniVH,SCLIN0021872,input_original/manual_downloads/UniVH/dataset.csv,normalized from outputs/tables/univh_family_reconstruction_audit.csv row 117; unit=NCBI species-rank aggregate,RAW0021872,,1182206,Lake Sinai virus 3,Lake Sinai virus 3,Sinhaliviridae,Sinhaliviridae,ICTV 2026 (MSL41.v1),ncbi_family_ancestor_harmonized,high,1,independent_source_verified
UniVH,SCLIN0021873,input_original/manual_downloads/UniVH/dataset.csv,normalized from outputs/tables/univh_family_reconstruction_audit.csv row 136; unit=NCBI species-rank aggregate,RAW0021873,,1345095,Lake Sinai virus 4,Lake Sinai virus 4,Sinhaliviridae,Sinhaliviridae,ICTV 2026 (MSL41.v1),ncbi_family_ancestor_harmonized,high,1,independent_source_verified
UniVH,SCLIN0021874,input_original/manual_downloads/UniVH/dataset.csv,normalized from outputs/tables/univh_family_reconstruction_audit.csv row 1458; unit=NCBI species-rank aggregate,RAW0021874,,3120295,Lake Sinai virus UZB,Lake Sinai virus UZB,Sinhaliviridae,Sinhaliviridae,ICTV 2026 (MSL41.v1),ncbi_family_ancestor_harmonized,high,1,independent_source_verified
UniVH,SCLIN0021875,input_original/manual_downloads/UniVH/dataset.csv,normalized from outputs/tables/univh_family_reconstruction_audit.csv row 171; unit=NCBI species-rank aggregate,RAW0021875,,1547219,Lake Sinai virus,Lake Sinai virus,Sinhaliviridae,Sinhaliviridae,ICTV 2026 (MSL41.v1),ncbi_family_ancestor_harmonized,high,1,independent_source_verified
UniVH,SCLIN0021876,input_original/manual_downloads/UniVH/dataset.csv,normalized from outputs/tables/univh_family_reconstruction_audit.csv row 335; unit=NCBI species-rank aggregate,RAW0021876,,1983561,Lake Sinai Virus NE,Lake Sinai Virus NE,Sinhaliviridae,Sinhaliviridae,ICTV 2026 (MSL41.v1),ncbi_family_ancestor_harmonized,high,1,independent_source_verified
UniVH,SCLIN0021877,input_original/manual_downloads/UniVH/dataset.csv,normalized from outputs/tables/univh_family_reconstruction_audit.csv row 336; unit=NCBI species-rank aggregate,RAW0021877,,1983562,Lake Sinai Virus SA1,Lake Sinai Virus SA1,Sinhaliviridae,Sinhaliviridae,ICTV 2026 (MSL41.v1),ncbi_family_ancestor_harmonized,high,1,independent_source_verified
UniVH,SCLIN0021878,input_original/manual_downloads/UniVH/dataset.csv,normalized from outputs/tables/univh_family_reconstruction_audit.csv row 337; unit=NCBI species-rank aggregate,RAW0021878,,1983563,Lake Sinai Virus SA2,Lake Sinai Virus SA2,Sinhaliviridae,Sinhaliviridae,ICTV 2026 (MSL41.v1),ncbi_family_ancestor_harmonized,high,1,independent_source_verified
UniVH,SCLIN0021879,input_original/manual_downloads/UniVH/dataset.csv,normalized from outputs/tables/univh_family_reconstruction_audit.csv row 338; unit=NCBI species-rank aggregate,RAW0021879,,1983564,Lake Sinai Virus TO,Lake Sinai Virus TO,Sinhaliviridae,Sinhaliviridae,ICTV 2026 (MSL41.v1),ncbi_family_ancestor_harmonized,high,1,independent_source_verified
UniVH,SCLIN0021880,input_original/manual_downloads/UniVH/dataset.csv,normalized from outputs/tables/univh_family_reconstruction_audit.csv row 768; unit=NCBI species-rank aggregate,RAW0021880,,2873538,Lake Sinai virus 8,Lake Sinai virus 8,Sinhaliviridae,Sinhaliviridae,ICTV 2026 (MSL41.v1),ncbi_family_ancestor_harmonized,high,1,independent_source_verified
UniVH,SCLIN0021881,input_original/manual_downloads/UniVH/dataset.csv,normalized from outputs/tables/univh_family_reconstruction_audit.csv row 96; unit=NCBI species-rank aggregate,RAW0021881,,1041806,Sinaivirus apis,Sinaivirus apis,Sinhaliviridae,Sinhaliviridae,ICTV 2026 (MSL41.v1),ncbi_name_historical_ictv_species_alias,high,1,independent_source_verified
UniVH,SCLIN0021882,input_original/manual_downloads/UniVH/dataset.csv,normalized from outputs/tables/univh_family_reconstruction_audit.csv row 97; unit=NCBI species-rank aggregate,RAW0021882,,1041831,Sinaivirus sinaiense,Sinaivirus sinaiense,Sinhaliviridae,Sinhaliviridae,ICTV 2026 (MSL41.v1),ncbi_name_historical_ictv_species_alias,high,1,independent_source_verified
UniVH,SCLIN0021883,input_original/manual_downloads/UniVH/dataset.csv,normalized from outputs/tables/univh_family_reconstruction_audit.csv row 1215; unit=NCBI species-rank aggregate,RAW0021883,,3051695,Carrot polerovirus 1,Carrot polerovirus 1,Solemoviridae,Solemoviridae,ICTV 2026 (MSL41.v1),ncbi_family_ancestor_harmonized,high,1,independent_source_verified
UniVH,SCLIN0021884,input_original/manual_downloads/UniVH/dataset.csv,normalized from outputs/tables/univh_family_reconstruction_audit.csv row 1437; unit=NCBI species-rank aggregate,RAW0021884,,3078811,Bitter gourd yellowing crumple virus,Bitter gourd yellowing crumple virus,Solemoviridae,Solemoviridae,ICTV 2026 (MSL41.v1),ncbi_family_ancestor_harmonized,high,1,independent_source_verified
UniVH,SCLIN0021885,input_original/manual_downloads/UniVH/dataset.csv,normalized from outputs/tables/univh_family_reconstruction_audit.csv row 1574; unit=NCBI species-rank aggregate,RAW0021885,,3409753,tomato necrotic yellowing virus,tomato necrotic yellowing virus,Solemoviridae,Solemoviridae,ICTV 2026 (MSL41.v1),ncbi_family_ancestor_harmonized,high,1,independent_source_verified
UniVH,SCLIN0021886,input_original/manual_downloads/UniVH/dataset.csv,normalized from outputs/tables/univh_family_reconstruction_audit.csv row 1576; unit=NCBI species-rank aggregate,RAW0021886,,909827,Polerovirus PEVYV1,Polerovirus PEVYV1,Solemoviridae,Solemoviridae,ICTV 2026 (MSL41.v1),ncbi_name_exact_current_ictv_species,high,1,independent_source_verified
UniVH,SCLIN0021887,input_original/manual_downloads/UniVH/dataset.csv,normalized from outputs/tables/univh_family_reconstruction_audit.csv row 1768; unit=NCBI species-rank aggregate,RAW0021887,,3428476,Enamovirus BEV,Enamovirus BEV,Solemoviridae,Solemoviridae,ICTV 2026 (MSL41.v1),ncbi_name_exact_current_ictv_species,high,1,independent_source_verified
UniVH,SCLIN0021888,input_original/manual_downloads/UniVH/dataset.csv,normalized from outputs/tables/univh_family_reconstruction_audit.csv row 1769; unit=NCBI species-rank aggregate,RAW0021888,,3428481,Enamovirus GEV,Enamovirus GEV,Solemoviridae,Solemoviridae,ICTV 2026 (MSL41.v1),ncbi_name_exact_current_ictv_species,high,1,independent_source_verified
UniVH,SCLIN0021889,input_original/manual_downloads/UniVH/dataset.csv,normalized from outputs/tables/univh_family_reconstruction_audit.csv row 1770; unit=NCBI species-rank aggregate,RAW0021889,,3428485,Enamovirus PEMV,Enamovirus PEMV,Solemoviridae,Solemoviridae,ICTV 2026 (MSL41.v1),ncbi_name_exact_current_ictv_species,high,1,independent_source_verified
UniVH,SCLIN0021890,input_original/manual_downloads/UniVH/dataset.csv,normalized from outputs/tables/univh_family_reconstruction_audit.csv row 1771; unit=NCBI species-rank aggregate,RAW0021890,,3428487,Enamovirus RCEV,Enamovirus RCEV,Solemoviridae,Solemoviridae,ICTV 2026 (MSL41.v1),ncbi_name_exact_current_ictv_species,high,1,independent_source_verified
UniVH,SCLIN0021891,input_original/manual_downloads/UniVH/dataset.csv,normalized from outputs/tables/univh_family_reconstruction_audit.csv row 1922; unit=NCBI species-rank aggregate,RAW0021891,,3431724,Polerovirus AEYV,Polerovirus AEYV,Solemoviridae,Solemoviridae,ICTV 2026 (MSL41.v1),ncbi_name_exact_current_ictv_species,high,1,independent_source_verified
UniVH,SCLIN0021892,input_original/manual_downloads/UniVH/dataset.csv,normalized from outputs/tables/univh_family_reconstruction_audit.csv row 1923; unit=NCBI species-rank aggregate,RAW0021892,,3431727,Polerovirus BCHV,Polerovirus BCHV,Solemoviridae,Solemoviridae,ICTV 2026 (MSL41.v1),ncbi_name_exact_current_ictv_species,high,1,independent_source_verified
UniVH,SCLIN0021893,input_original/manual_downloads/UniVH/dataset.csv,normalized from outputs/tables/univh_family_reconstruction_audit.csv row 1924; unit=NCBI species-rank aggregate,RAW0021893,,3431728,Polerovirus BLYV,Polerovirus BLYV,Solemoviridae,Solemoviridae,ICTV 2026 (MSL41.v1),ncbi_name_exact_current_ictv_species,high,1,independent_source_verified
UniVH,SCLIN0021894,input_original/manual_downloads/UniVH/dataset.csv,normalized from outputs/tables/univh_family_reconstruction_audit.csv row 1925; unit=NCBI species-rank aggregate,RAW0021894,,3431729,Polerovirus BMYV,Polerovirus BMYV,Solemoviridae,Solemoviridae,ICTV 2026 (MSL41.v1),ncbi_name_exact_current_ictv_species,high,1,independent_source_verified
UniVH,SCLIN0021895,input_original/manual_downloads/UniVH/dataset.csv,normalized from outputs/tables/univh_family_reconstruction_audit.csv row 1926; unit=NCBI species-rank aggregate,RAW0021895,,3431731,Polerovirus BVG,Polerovirus BVG,Solemoviridae,Solemoviridae,ICTV 2026 (MSL41.v1),ncbi_name_exact_current_ictv_species,high,1,independent_source_verified
UniVH,SCLIN0021896,input_original/manual_downloads/UniVH/dataset.csv,normalized from outputs/tables/univh_family_reconstruction_audit.csv row 1927; unit=NCBI species-rank aggregate,RAW0021896,,3431732,Polerovirus BWYV,Polerovirus BWYV,Solemoviridae,Solemoviridae,ICTV 2026 (MSL41.v1),ncbi_name_exact_current_ictv_species,high,1,independent_source_verified
UniVH,SCLIN0021897,input_original/manual_downloads/UniVH/dataset.csv,normalized from outputs/tables/univh_family_reconstruction_audit.csv row 1928; unit=NCBI species-rank aggregate,RAW0021897,,3431733,Polerovirus CABYV,Polerovirus CABYV,Solemoviridae,Solemoviridae,ICTV 2026 (MSL41.v1),ncbi_name_exact_current_ictv_species,high,1,independent_source_verified
UniVH,SCLIN0021898,input_original/manual_downloads/UniVH/dataset.csv,normalized from outputs/tables/univh_family_reconstruction_audit.csv row 1929; unit=NCBI species-rank aggregate,RAW0021898,,3431734,Polerovirus CBTV1,Polerovirus CBTV1,Solemoviridae,Solemoviridae,ICTV 2026 (MSL41.v1),ncbi_name_exact_current_ictv_species,high,1,independent_source_verified
UniVH,SCLIN0021899,input_original/manual_downloads/UniVH/dataset.csv,normalized from outputs/tables/univh_family_reconstruction_audit.csv row 1930; unit=NCBI species-rank aggregate,RAW0021899,,3431735,Polerovirus CBTV2,Polerovirus CBTV2,Solemoviridae,Solemoviridae,ICTV 2026 (MSL41.v1),ncbi_name_exact_current_ictv_species,high,1,independent_source_verified
UniVH,SCLIN0021900,input_original/manual_downloads/UniVH/dataset.csv,normalized from outputs/tables/univh_family_reconstruction_audit.csv row 1931; unit=NCBI species-rank aggregate,RAW0021900,,3431737,Polerovirus CLDV,Polerovirus CLDV,Solemoviridae,Solemoviridae,ICTV 2026 (MSL41.v1),ncbi_name_exact_current_ictv_species,high,1,independent_source_verified
UniVH,SCLIN0021901,input_original/manual_downloads/UniVH/dataset.csv,normalized from outputs/tables/univh_family_reconstruction_audit.csv row 1932; unit=NCBI species-rank aggregate,RAW0021901,,3431739,Polerovirus CPCSV,Polerovirus CPCSV,Solemoviridae,Solemoviridae,ICTV 2026 (MSL41.v1),ncbi_name_exact_current_ictv_species,high,1,independent_source_verified
UniVH,SCLIN0021902,input_original/manual_downloads/UniVH/dataset.csv,normalized from outputs/tables/univh_family_reconstruction_audit.csv row 1933; unit=NCBI species-rank aggregate,RAW0021902,,3431740,Polerovirus CPLRV,Polerovirus CPLRV,Solemoviridae,Solemoviridae,ICTV 2026 (MSL41.v1),ncbi_name_exact_current_ictv_species,high,1,independent_source_verified
UniVH,SCLIN0021903,input_original/manual_downloads/UniVH/dataset.csv,normalized from outputs/tables/univh_family_reconstruction_audit.csv row 1934; unit=NCBI species-rank aggregate,RAW0021903,,3431741,Polerovirus CPPV1,Polerovirus CPPV1,Solemoviridae,Solemoviridae,ICTV 2026 (MSL41.v1),ncbi_name_exact_current_ictv_species,high,1,independent_source_verified
UniVH,SCLIN0021904,input_original/manual_downloads/UniVH/dataset.csv,normalized from outputs/tables/univh_family_reconstruction_audit.csv row 1935; unit=NCBI species-rank aggregate,RAW0021904,,3431742,Polerovirus CPPV2,Polerovirus CPPV2,Solemoviridae,Solemoviridae,ICTV 2026 (MSL41.v1),ncbi_name_exact_current_ictv_species,high,1,independent_source_verified
UniVH,SCLIN0021905,input_original/manual_downloads/UniVH/dataset.csv,normalized from outputs/tables/univh_family_reconstruction_audit.csv row 1936; unit=NCBI species-rank aggregate,RAW0021905,,3431744,Polerovirus CTRLV,Polerovirus CTRLV,Solemoviridae,Solemoviridae,ICTV 2026 (MSL41.v1),ncbi_name_exact_current_ictv_species,high,1,independent_source_verified
UniVH,SCLIN0021906,input_original/manual_downloads/UniVH/dataset.csv,normalized from outputs/tables/univh_family_reconstruction_audit.csv row 1937; unit=NCBI species-rank aggregate,RAW0021906,,3431745,Polerovirus CYDVRPS,Polerovirus CYDVRPS,Solemoviridae,Solemoviridae,ICTV 2026 (MSL41.v1),ncbi_name_exact_current_ictv_species,high,1,independent_source_verified
UniVH,SCLIN0021907,input_original/manual_downloads/UniVH/dataset.csv,normalized from outputs/tables/univh_family_reconstruction_audit.csv row 1938; unit=NCBI species-rank aggregate,RAW0021907,,3431746,Polerovirus CYDVRPV,Polerovirus CYDVRPV,Solemoviridae,Solemoviridae,ICTV 2026 (MSL41.v1),ncbi_name_exact_current_ictv_species,high,1,independent_source_verified
UniVH,SCLIN0021908,input_original/manual_downloads/UniVH/dataset.csv,normalized from outputs/tables/univh_family_reconstruction_audit.csv row 1939; unit=NCBI species-rank aggregate,RAW0021908,,3431748,Polerovirus FBPV,Polerovirus FBPV,Solemoviridae,Solemoviridae,ICTV 2026 (MSL41.v1),ncbi_name_exact_current_ictv_species,high,1,independent_source_verified
UniVH,SCLIN0021909,input_original/manual_downloads/UniVH/dataset.csv,normalized from outputs/tables/univh_family_reconstruction_audit.csv row 1940; unit=NCBI species-rank aggregate,RAW0021909,,3431750,Polerovirus GPOV,Polerovirus GPOV,Solemoviridae,Solemoviridae,ICTV 2026 (MSL41.v1),ncbi_name_exact_current_ictv_species,high,1,independent_source_verified
UniVH,SCLIN0021910,input_original/manual_downloads/UniVH/dataset.csv,normalized from outputs/tables/univh_family_reconstruction_audit.csv row 1941; unit=NCBI species-rank aggregate,RAW0021910,,3431754,Polerovirus LABYV,Polerovirus LABYV,Solemoviridae,Solemoviridae,ICTV 2026 (MSL41.v1),ncbi_name_exact_current_ictv_species,high,1,independent_source_verified
UniVH,SCLIN0021911,input_original/manual_downloads/UniVH/dataset.csv,normalized from outputs/tables/univh_family_reconstruction_audit.csv row 1942; unit=NCBI species-rank aggregate,RAW0021911,,3431755,Polerovirus MABYV,Polerovirus MABYV,Solemoviridae,Solemoviridae,ICTV 2026 (MSL41.v1),ncbi_name_exact_current_ictv_species,high,1,independent_source_verified
UniVH,SCLIN0021912,input_original/manual_downloads/UniVH/dataset.csv,normalized from outputs/tables/univh_family_reconstruction_audit.csv row 1943; unit=NCBI species-rank aggregate,RAW0021912,,3431756,Polerovirus MAYMV,Polerovirus MAYMV,Solemoviridae,Solemoviridae,ICTV 2026 (MSL41.v1),ncbi_name_exact_current_ictv_species,high,1,independent_source_verified
UniVH,SCLIN0021913,input_original/manual_downloads/UniVH/dataset.csv,normalized from outputs/tables/univh_family_reconstruction_audit.csv row 1944; unit=NCBI species-rank aggregate,RAW0021913,,3431758,Polerovirus MYDVRMV,Polerovirus MYDVRMV,Solemoviridae,Solemoviridae,ICTV 2026 (MSL41.v1),ncbi_name_exact_current_ictv_species,high,1,independent_source_verified
UniVH,SCLIN0021914,input_original/manual_downloads/UniVH/dataset.csv,normalized from outputs/tables/univh_family_reconstruction_audit.csv row 1945; unit=NCBI species-rank aggregate,RAW0021914,,3431761,Polerovirus PABYV,Polerovirus PABYV,Solemoviridae,Solemoviridae,ICTV 2026 (MSL41.v1),ncbi_name_exact_current_ictv_species,high,1,independent_source_verified
UniVH,SCLIN0021915,input_original/manual_downloads/UniVH/dataset.csv,normalized from outputs/tables/univh_family_reconstruction_audit.csv row 1946; unit=NCBI species-rank aggregate,RAW0021915,,3431762,Polerovirus PBMYV,Polerovirus PBMYV,Solemoviridae,Solemoviridae,ICTV 2026 (MSL41.v1),ncbi_name_exact_current_ictv_species,high,1,independent_source_verified
UniVH,SCLIN0021916,input_original/manual_downloads/UniVH/dataset.csv,normalized from outputs/tables/univh_family_reconstruction_audit.csv row 1947; unit=NCBI species-rank aggregate,RAW0021916,,3431765,Polerovirus PEVYV2,Polerovirus PEVYV2,Solemoviridae,Solemoviridae,ICTV 2026 (MSL41.v1),ncbi_name_exact_current_ictv_species,high,1,independent_source_verified
UniVH,SCLIN0021917,input_original/manual_downloads/UniVH/dataset.csv,normalized from outputs/tables/univh_family_reconstruction_audit.csv row 1948; unit=NCBI species-rank aggregate,RAW0021917,,3431768,Polerovirus PEVYV5,Polerovirus PEVYV5,Solemoviridae,Solemoviridae,ICTV 2026 (MSL41.v1),ncbi_name_exact_current_ictv_species,high,1,independent_source_verified
UniVH,SCLIN0021918,input_original/manual_downloads/UniVH/dataset.csv,normalized from outputs/tables/univh_family_reconstruction_audit.csv row 1949; unit=NCBI species-rank aggregate,RAW0021918,,698400,Polerovirus PEVYV6,Polerovirus PEVYV6,Solemoviridae,Solemoviridae,ICTV 2026 (MSL41.v1),ncbi_name_exact_current_ictv_species,high,1,independent_source_verified
UniVH,SCLIN0021919,input_original/manual_downloads/UniVH/dataset.csv,normalized from outputs/tables/univh_family_reconstruction_audit.csv row 1950; unit=NCBI species-rank aggregate,RAW0021919,,3431770,Polerovirus PEWBVYV,Polerovirus PEWBVYV,Solemoviridae,Solemoviridae,ICTV 2026 (MSL41.v1),ncbi_name_exact_current_ictv_species,high,1,independent_source_verified
UniVH,SCLIN0021920,input_original/manual_downloads/UniVH/dataset.csv,normalized from outputs/tables/univh_family_reconstruction_audit.csv row 1951; unit=NCBI species-rank aggregate,RAW0021920,,3431772,Polerovirus PLRV,Polerovirus PLRV,Solemoviridae,Solemoviridae,ICTV 2026 (MSL41.v1),ncbi_name_exact_current_ictv_species,high,1,independent_source_verified
UniVH,SCLIN0021921,input_original/manual_downloads/UniVH/dataset.csv,normalized from outputs/tables/univh_family_reconstruction_audit.csv row 1952; unit=NCBI species-rank aggregate,RAW0021921,,3431781,Polerovirus SBCLRV,Polerovirus SBCLRV,Solemoviridae,Solemoviridae,ICTV 2026 (MSL41.v1),ncbi_name_exact_current_ictv_species,high,1,independent_source_verified
UniVH,SCLIN0021922,input_original/manual_downloads/UniVH/dataset.csv,normalized from outputs/tables/univh_family_reconstruction_audit.csv row 1953; unit=NCBI species-rank aggregate,RAW0021922,,3431782,Polerovirus SCYLV,Polerovirus SCYLV,Solemoviridae,Solemoviridae,ICTV 2026 (MSL41.v1),ncbi_name_exact_current_ictv_species,high,1,independent_source_verified
UniVH,SCLIN0021923,input_original/manual_downloads/UniVH/dataset.csv,normalized from outputs/tables/univh_family_reconstruction_audit.csv row 1954; unit=NCBI species-rank aggregate,RAW0021923,,3431790,Polerovirus TPV1,Polerovirus TPV1,Solemoviridae,Solemoviridae,ICTV 2026 (MSL41.v1),ncbi_name_exact_current_ictv_species,high,1,independent_source_verified
UniVH,SCLIN0021924,input_original/manual_downloads/UniVH/dataset.csv,normalized from outputs/tables/univh_family_reconstruction_audit.csv row 1955; unit=NCBI species-rank aggregate,RAW0021924,,3431791,Polerovirus TPV2,Polerovirus TPV2,Solemoviridae,Solemoviridae,ICTV 2026 (MSL41.v1),ncbi_name_exact_current_ictv_species,high,1,independent_source_verified
UniVH,SCLIN0021925,input_original/manual_downloads/UniVH/dataset.csv,normalized from outputs/tables/univh_family_reconstruction_audit.csv row 1956; unit=NCBI species-rank aggregate,RAW0021925,,3431792,Polerovirus TRIYSV,Polerovirus TRIYSV,Solemoviridae,Solemoviridae,ICTV 2026 (MSL41.v1),ncbi_name_exact_current_ictv_species,high,1,independent_source_verified
UniVH,SCLIN0021926,input_original/manual_downloads/UniVH/dataset.csv,normalized from outputs/tables/univh_family_reconstruction_audit.csv row 1957; unit=NCBI species-rank aggregate,RAW0021926,,3431793,Polerovirus TUYV,Polerovirus TUYV,Solemoviridae,Solemoviridae,ICTV 2026 (MSL41.v1),ncbi_name_exact_current_ictv_species,high,1,independent_source_verified
UniVH,SCLIN0021927,input_original/manual_downloads/UniVH/dataset.csv,normalized from outputs/tables/univh_family_reconstruction_audit.csv row 1958; unit=NCBI species-rank aggregate,RAW0021927,,3431794,Polerovirus TVDV,Polerovirus TVDV,Solemoviridae,Solemoviridae,ICTV 2026 (MSL41.v1),ncbi_name_exact_current_ictv_species,high,1,independent_source_verified
UniVH,SCLIN0021928,input_original/manual_downloads/UniVH/dataset.csv,normalized from outputs/tables/univh_family_reconstruction_audit.csv row 1959; unit=NCBI species-rank aggregate,RAW0021928,,3431797,Polerovirus WLYAV,Polerovirus WLYAV,Solemoviridae,Solemoviridae,ICTV 2026 (MSL41.v1),ncbi_name_exact_current_ictv_species,high,1,independent_source_verified
UniVH,SCLIN0021929,input_original/manual_downloads/UniVH/dataset.csv,normalized from outputs/tables/univh_family_reconstruction_audit.csv row 1960; unit=NCBI species-rank aggregate,RAW0021929,,572239,Polerovirus WYDVGPV,Polerovirus WYDVGPV,Solemoviridae,Solemoviridae,ICTV 2026 (MSL41.v1),ncbi_name_exact_current_ictv_species,high,1,independent_source_verified
UniVH,SCLIN0021930,input_original/manual_downloads/UniVH/dataset.csv,normalized from outputs/tables/univh_family_reconstruction_audit.csv row 1961; unit=NCBI species-rank aggregate,RAW0021930,,3431799,Polerovirus ZABYV,Polerovirus ZABYV,Solemoviridae,Solemoviridae,ICTV 2026 (MSL41.v1),ncbi_name_exact_current_ictv_species,high,1,independent_source_verified
UniVH,SCLIN0021931,input_original/manual_downloads/UniVH/dataset.csv,normalized from outputs/tables/univh_family_reconstruction_audit.csv row 2001; unit=NCBI species-rank aggregate,RAW0021931,,3432492,Sobemovirus ARTVA,Sobemovirus ARTVA,Solemoviridae,Solemoviridae,ICTV 2026 (MSL41.v1),ncbi_name_exact_current_ictv_species,high,1,independent_source_verified
UniVH,SCLIN0021932,input_original/manual_downloads/UniVH/dataset.csv,normalized from outputs/tables/univh_family_reconstruction_audit.csv row 2002; unit=NCBI species-rank aggregate,RAW0021932,,3432494,Sobemovirus CFMV,Sobemovirus CFMV,Solemoviridae,Solemoviridae,ICTV 2026 (MSL41.v1),ncbi_name_exact_current_ictv_species,high,1,independent_source_verified
UniVH,SCLIN0021933,input_original/manual_downloads/UniVH/dataset.csv,normalized from outputs/tables/univh_family_reconstruction_audit.csv row 2003; unit=NCBI species-rank aggregate,RAW0021933,,3432503,Sobemovirus PLYV,Sobemovirus PLYV,Solemoviridae,Solemoviridae,ICTV 2026 (MSL41.v1),ncbi_name_exact_current_ictv_species,high,1,independent_source_verified
UniVH,SCLIN0021934,input_original/manual_downloads/UniVH/dataset.csv,normalized from outputs/tables/univh_family_reconstruction_audit.csv row 2004; unit=NCBI species-rank aggregate,RAW0021934,,3432504,Sobemovirus RGMOV,Sobemovirus RGMOV,Solemoviridae,Solemoviridae,ICTV 2026 (MSL41.v1),ncbi_name_exact_current_ictv_species,high,1,independent_source_verified
UniVH,SCLIN0021935,input_original/manual_downloads/UniVH/dataset.csv,normalized from outputs/tables/univh_family_reconstruction_audit.csv row 2005; unit=NCBI species-rank aggregate,RAW0021935,,3432505,Sobemovirus ROMOV,Sobemovirus ROMOV,Solemoviridae,Solemoviridae,ICTV 2026 (MSL41.v1),ncbi_name_exact_current_ictv_species,high,1,independent_source_verified
UniVH,SCLIN0021936,input_original/manual_downloads/UniVH/dataset.csv,normalized from outputs/tables/univh_family_reconstruction_audit.csv row 2006; unit=NCBI species-rank aggregate,RAW0021936,,3432506,Sobemovirus RYMV,Sobemovirus RYMV,Solemoviridae,Solemoviridae,ICTV 2026 (MSL41.v1),ncbi_name_exact_current_ictv_species,high,1,independent_source_verified
UniVH,SCLIN0021937,input_original/manual_downloads/UniVH/dataset.csv,normalized from outputs/tables/univh_family_reconstruction_audit.csv row 2007; unit=NCBI species-rank aggregate,RAW0021937,,3432507,Sobemovirus SBMV,Sobemovirus SBMV,Solemoviridae,Solemoviridae,ICTV 2026 (MSL41.v1),ncbi_name_exact_current_ictv_species,high,1,independent_source_verified
UniVH,SCLIN0021938,input_original/manual_downloads/UniVH/dataset.csv,normalized from outputs/tables/univh_family_reconstruction_audit.csv row 2008; unit=NCBI species-rank aggregate,RAW0021938,,3432512,Sobemovirus SOMV,Sobemovirus SOMV,Solemoviridae,Solemoviridae,ICTV 2026 (MSL41.v1),ncbi_name_exact_current_ictv_species,high,1,independent_source_verified
UniVH,SCLIN0021939,input_original/manual_downloads/UniVH/dataset.csv,normalized from outputs/tables/univh_family_reconstruction_audit.csv row 2009; unit=NCBI species-rank aggregate,RAW0021939,,3432513,Sobemovirus SYCMV,Sobemovirus SYCMV,Solemoviridae,Solemoviridae,ICTV 2026 (MSL41.v1),ncbi_name_exact_current_ictv_species,high,1,independent_source_verified
UniVH,SCLIN0021940,input_original/manual_downloads/UniVH/dataset.csv,normalized from outputs/tables/univh_family_reconstruction_audit.csv row 2010; unit=NCBI species-rank aggregate,RAW0021940,,3432514,Sobemovirus TROV,Sobemovirus TROV,Solemoviridae,Solemoviridae,ICTV 2026 (MSL41.v1),ncbi_name_exact_current_ictv_species,high,1,independent_source_verified
UniVH,SCLIN0021941,input_original/manual_downloads/UniVH/dataset.csv,normalized from outputs/tables/univh_family_reconstruction_audit.csv row 2164; unit=NCBI species-rank aggregate,RAW0021941,,2977592,Polerovirus CALRV,Polerovirus CALRV,Solemoviridae,Solemoviridae,ICTV 2026 (MSL41.v1),ncbi_name_exact_current_ictv_species,high,1,independent_source_verified
UniVH,SCLIN0021942,input_original/manual_downloads/UniVH/dataset.csv,normalized from outputs/tables/univh_family_reconstruction_audit.csv row 2165; unit=NCBI species-rank aggregate,RAW0021942,,3073889,Polerovirus PEVYV10,Polerovirus PEVYV10,Solemoviridae,Solemoviridae,ICTV 2026 (MSL41.v1),ncbi_name_exact_current_ictv_species,high,1,independent_source_verified
UniVH,SCLIN0021943,input_original/manual_downloads/UniVH/dataset.csv,normalized from outputs/tables/univh_family_reconstruction_audit.csv row 2166; unit=NCBI species-rank aggregate,RAW0021943,,3229777,Polerovirus RDPV,Polerovirus RDPV,Solemoviridae,Solemoviridae,ICTV 2026 (MSL41.v1),ncbi_name_exact_current_ictv_species,high,1,independent_source_verified
UniVH,SCLIN0021944,input_original/manual_downloads/UniVH/dataset.csv,normalized from outputs/tables/univh_family_reconstruction_audit.csv row 2168; unit=NCBI species-rank aggregate,RAW0021944,,3065260,Sobemovirus OLVS,Sobemovirus OLVS,Solemoviridae,Solemoviridae,ICTV 2026 (MSL41.v1),ncbi_name_exact_current_ictv_species,high,1,independent_source_verified
UniVH,SCLIN0021945,input_original/manual_downloads/UniVH/dataset.csv,normalized from outputs/tables/univh_family_reconstruction_audit.csv row 239; unit=NCBI species-rank aggregate,RAW0021945,,1862684,Wild carrot red leaf virus,Wild carrot red leaf virus,Solemoviridae,Solemoviridae,ICTV 2026 (MSL41.v1),ncbi_family_ancestor_harmonized,high,1,independent_source_verified
UniVH,SCLIN0021946,input_original/manual_downloads/UniVH/dataset.csv,normalized from outputs/tables/univh_family_reconstruction_audit.csv row 243; unit=NCBI species-rank aggregate,RAW0021946,,1869104,Turnip yellows virus associated RNA,Turnip yellows virus associated RNA,Solemoviridae,Solemoviridae,ICTV 2026 (MSL41.v1),ncbi_family_ancestor_harmonized,high,1,independent_source_verified
UniVH,SCLIN0021947,input_original/manual_downloads/UniVH/dataset.csv,normalized from outputs/tables/univh_family_reconstruction_audit.csv row 324; unit=NCBI species-rank aggregate,RAW0021947,,1972995,Tobacco virus 2,Tobacco virus 2,Solemoviridae,Solemoviridae,ICTV 2026 (MSL41.v1),ncbi_family_ancestor_harmonized,high,1,independent_source_verified
UniVH,SCLIN0021948,input_original/manual_downloads/UniVH/dataset.csv,normalized from outputs/tables/univh_family_reconstruction_audit.csv row 547; unit=NCBI species-rank aggregate,RAW0021948,,2726019,Tobacco yellow virus,Tobacco yellow virus,Solemoviridae,Solemoviridae,ICTV 2026 (MSL41.v1),ncbi_family_ancestor_harmonized,high,1,independent_source_verified
UniVH,SCLIN0021949,input_original/manual_downloads/UniVH/dataset.csv,normalized from outputs/tables/univh_family_reconstruction_audit.csv row 617; unit=NCBI species-rank aggregate,RAW0021949,,2741442,Turnip yellows virus associated RNA2,Turnip yellows virus associated RNA2,Solemoviridae,Solemoviridae,ICTV 2026 (MSL41.v1),ncbi_family_ancestor_harmonized,high,1,independent_source_verified
UniVH,SCLIN0021950,input_original/manual_downloads/UniVH/dataset.csv,normalized from outputs/tables/univh_family_reconstruction_audit.csv row 795; unit=NCBI species-rank aggregate,RAW0021950,,2902918,Cotton leafroll virus,Cotton leafroll virus,Solemoviridae,Solemoviridae,ICTV 2026 (MSL41.v1),ncbi_family_ancestor_harmonized,high,1,independent_source_verified
UniVH,SCLIN0021951,input_original/manual_downloads/UniVH/dataset.csv,normalized from outputs/tables/univh_family_reconstruction_audit.csv row 814; unit=NCBI species-rank aggregate,RAW0021951,,2908236,Cereal yellow dwarf virus,Cereal yellow dwarf virus,Solemoviridae,Solemoviridae,ICTV 2026 (MSL41.v1),ncbi_family_ancestor_harmonized,high,1,independent_source_verified
UniVH,SCLIN0021952,input_original/manual_downloads/UniVH/dataset.csv,normalized from outputs/tables/univh_family_reconstruction_audit.csv row 971; unit=NCBI species-rank aggregate,RAW0021952,,2956468,Sobemovirus SMAMV,Sobemovirus SMAMV,Solemoviridae,Solemoviridae,ICTV 2026 (MSL41.v1),ncbi_name_exact_current_ictv_species,high,1,independent_source_verified
UniVH,SCLIN0021953,input_original/manual_downloads/UniVH/dataset.csv,normalized from outputs/tables/univh_family_reconstruction_audit.csv row 98; unit=NCBI species-rank aggregate,RAW0021953,,1054216,Wheat yellow dwarf virus,Wheat yellow dwarf virus,Solemoviridae,Solemoviridae,ICTV 2026 (MSL41.v1),ncbi_family_ancestor_harmonized,high,1,independent_source_verified
UniVH,SCLIN0021954,input_original/manual_downloads/UniVH/dataset.csv,normalized from outputs/tables/univh_family_reconstruction_audit.csv row 1394; unit=NCBI species-rank aggregate,RAW0021954,,3058446,Apis mellifera solinvivirus 1,Apis mellifera solinvivirus 1,Solinviviridae,Solinviviridae,ICTV 2026 (MSL41.v1),ncbi_family_ancestor_harmonized,high,1,independent_source_verified
UniVH,SCLIN0021955,input_original/manual_downloads/UniVH/dataset.csv,normalized from outputs/tables/univh_family_reconstruction_audit.csv row 1836; unit=NCBI species-rank aggregate,RAW0021955,,3429972,Invictavirus solenopsis,Invictavirus solenopsis,Solinviviridae,Solinviviridae,ICTV 2026 (MSL41.v1),ncbi_name_exact_current_ictv_species,high,1,independent_source_verified
UniVH,SCLIN0021956,input_original/manual_downloads/UniVH/dataset.csv,normalized from outputs/tables/univh_family_reconstruction_audit.csv row 1884; unit=NCBI species-rank aggregate,RAW0021956,,3431208,Nyfulvavirus nylanderiae,Nyfulvavirus nylanderiae,Solinviviridae,Solinviviridae,ICTV 2026 (MSL41.v1),ncbi_name_exact_current_ictv_species,high,1,independent_source_verified
UniVH,SCLIN0021957,input_original/manual_downloads/UniVH/dataset.csv,normalized from outputs/tables/univh_family_reconstruction_audit.csv row 810; unit=NCBI species-rank aggregate,RAW0021957,,2905523,Guiyang Solinvi-like virus 2,Guiyang Solinvi-like virus 2,Solinviviridae,Solinviviridae,ICTV 2026 (MSL41.v1),ncbi_family_ancestor_harmonized,high,1,independent_source_verified
UniVH,SCLIN0021958,input_original/manual_downloads/UniVH/dataset.csv,normalized from outputs/tables/univh_family_reconstruction_audit.csv row 811; unit=NCBI species-rank aggregate,RAW0021958,,2905524,Guiyang Solinvi-like virus 3,Guiyang Solinvi-like virus 3,Solinviviridae,Solinviviridae,ICTV 2026 (MSL41.v1),ncbi_family_ancestor_harmonized,high,1,independent_source_verified
UniVH,SCLIN0021959,input_original/manual_downloads/UniVH/dataset.csv,normalized from outputs/tables/univh_family_reconstruction_audit.csv row 2014; unit=NCBI species-rank aggregate,RAW0021959,,3432548,Spicivirus jyuichi,Spicivirus jyuichi,Spiciviridae,Spiciviridae,ICTV 2026 (MSL41.v1),ncbi_name_exact_current_ictv_species,high,1,independent_source_verified
UniVH,SCLIN0021960,input_original/manual_downloads/UniVH/dataset.csv,normalized from outputs/tables/univh_family_reconstruction_audit.csv row 155; unit=NCBI species-rank aggregate,RAW0021960,,1459003,Pteropine orthoreovirus,Pteropine orthoreovirus,Spinareoviridae,Spinareoviridae,ICTV 2026 (MSL41.v1),ncbi_family_ancestor_harmonized,high,1,independent_source_verified
UniVH,SCLIN0021961,input_original/manual_downloads/UniVH/dataset.csv,normalized from outputs/tables/univh_family_reconstruction_audit.csv row 1590; unit=NCBI species-rank aggregate,RAW0021961,,351073,Orthoreovirus mammalis,Orthoreovirus mammalis,Spinareoviridae,Spinareoviridae,ICTV 2026 (MSL41.v1),ncbi_name_exact_current_ictv_species,high,1,independent_source_verified
UniVH,SCLIN0021962,input_original/manual_downloads/UniVH/dataset.csv,normalized from outputs/tables/univh_family_reconstruction_audit.csv row 1791; unit=NCBI species-rank aggregate,RAW0021962,,3428768,Fijivirus alporyzae,Fijivirus alporyzae,Spinareoviridae,Spinareoviridae,ICTV 2026 (MSL41.v1),ncbi_name_exact_current_ictv_species,high,1,independent_source_verified
UniVH,SCLIN0021963,input_original/manual_downloads/UniVH/dataset.csv,normalized from outputs/tables/univh_family_reconstruction_audit.csv row 1792; unit=NCBI species-rank aggregate,RAW0021963,,3428769,Fijivirus avenae,Fijivirus avenae,Spinareoviridae,Spinareoviridae,ICTV 2026 (MSL41.v1),ncbi_name_exact_current_ictv_species,high,1,independent_source_verified
UniVH,SCLIN0021964,input_original/manual_downloads/UniVH/dataset.csv,normalized from outputs/tables/univh_family_reconstruction_audit.csv row 1793; unit=NCBI species-rank aggregate,RAW0021964,,3428770,Fijivirus boryzae,Fijivirus boryzae,Spinareoviridae,Spinareoviridae,ICTV 2026 (MSL41.v1),ncbi_name_exact_current_ictv_species,high,1,independent_source_verified
UniVH,SCLIN0021965,input_original/manual_downloads/UniVH/dataset.csv,normalized from outputs/tables/univh_family_reconstruction_audit.csv row 1794; unit=NCBI species-rank aggregate,RAW0021965,,3428775,Fijivirus zeae,Fijivirus zeae,Spinareoviridae,Spinareoviridae,ICTV 2026 (MSL41.v1),ncbi_name_exact_current_ictv_species,high,1,independent_source_verified
UniVH,SCLIN0021966,input_original/manual_downloads/UniVH/dataset.csv,normalized from outputs/tables/univh_family_reconstruction_audit.csv row 1906; unit=NCBI species-rank aggregate,RAW0021966,,38170,Orthoreovirus avis,Orthoreovirus avis,Spinareoviridae,Spinareoviridae,ICTV 2026 (MSL41.v1),ncbi_name_exact_current_ictv_species,high,1,independent_source_verified
UniVH,SCLIN0021967,input_original/manual_downloads/UniVH/dataset.csv,normalized from outputs/tables/univh_family_reconstruction_audit.csv row 1907; unit=NCBI species-rank aggregate,RAW0021967,,3431498,Orthoreovirus piscis,Orthoreovirus piscis,Spinareoviridae,Spinareoviridae,ICTV 2026 (MSL41.v1),ncbi_name_exact_current_ictv_species,high,1,independent_source_verified
UniVH,SCLIN0021968,input_original/manual_downloads/UniVH/dataset.csv,normalized from outputs/tables/univh_family_reconstruction_audit.csv row 1908; unit=NCBI species-rank aggregate,RAW0021968,,3431514,Oryzavirus oryzae,Oryzavirus oryzae,Spinareoviridae,Spinareoviridae,ICTV 2026 (MSL41.v1),ncbi_name_exact_current_ictv_species,high,1,independent_source_verified
UniVH,SCLIN0021969,input_original/manual_downloads/UniVH/dataset.csv,normalized from outputs/tables/univh_family_reconstruction_audit.csv row 231; unit=NCBI species-rank aggregate,RAW0021969,,1840528,Sclerotinia sclerotiorum mycoreovirus 4,Sclerotinia sclerotiorum mycoreovirus 4,Spinareoviridae,Spinareoviridae,ICTV 2026 (MSL41.v1),ncbi_family_ancestor_harmonized,high,1,independent_source_verified
UniVH,SCLIN0021970,input_original/manual_downloads/UniVH/dataset.csv,normalized from outputs/tables/univh_family_reconstruction_audit.csv row 309; unit=NCBI species-rank aggregate,RAW0021970,,1963254,Fall chinook aquareovirus,Fall chinook aquareovirus,Spinareoviridae,Spinareoviridae,ICTV 2026 (MSL41.v1),ncbi_family_ancestor_harmonized,high,1,independent_source_verified
UniVH,SCLIN0021971,input_original/manual_downloads/UniVH/dataset.csv,normalized from outputs/tables/univh_family_reconstruction_audit.csv row 37; unit=NCBI species-rank aggregate,RAW0021971,,185782,Aquareovirus ctenopharyngodontis,Aquareovirus ctenopharyngodontis,Spinareoviridae,Spinareoviridae,ICTV 2026 (MSL41.v1),ncbi_name_exact_current_ictv_species,high,1,independent_source_verified
UniVH,SCLIN0021972,input_original/manual_downloads/UniVH/dataset.csv,normalized from outputs/tables/univh_family_reconstruction_audit.csv row 387; unit=NCBI species-rank aggregate,RAW0021972,,2083444,Aquareovirus scophthalmi,Aquareovirus scophthalmi,Spinareoviridae,Spinareoviridae,ICTV 2026 (MSL41.v1),ncbi_name_exact_current_ictv_species,high,1,independent_source_verified
UniVH,SCLIN0021973,input_original/manual_downloads/UniVH/dataset.csv,normalized from outputs/tables/univh_family_reconstruction_audit.csv row 613; unit=NCBI species-rank aggregate,RAW0021973,,2737667,Corvid orthoreovirus,Corvid orthoreovirus,Spinareoviridae,Spinareoviridae,ICTV 2026 (MSL41.v1),ncbi_family_ancestor_harmonized,high,1,independent_source_verified
UniVH,SCLIN0021974,input_original/manual_downloads/UniVH/dataset.csv,normalized from outputs/tables/univh_family_reconstruction_audit.csv row 65; unit=NCBI species-rank aggregate,RAW0021974,,519014,Aquareovirus graminis,Aquareovirus graminis,Spinareoviridae,Spinareoviridae,ICTV 2026 (MSL41.v1),ncbi_name_exact_current_ictv_species,high,1,independent_source_verified
UniVH,SCLIN0021975,input_original/manual_downloads/UniVH/dataset.csv,normalized from outputs/tables/univh_family_reconstruction_audit.csv row 1767; unit=NCBI species-rank aggregate,RAW0021975,,3428306,Divipalmivirus aspergilli,Divipalmivirus aspergilli,Splipalmiviridae,Splipalmiviridae,ICTV 2026 (MSL41.v1),ncbi_name_exact_current_ictv_species,high,1,independent_source_verified
UniVH,SCLIN0021976,input_original/manual_downloads/UniVH/dataset.csv,normalized from outputs/tables/univh_family_reconstruction_audit.csv row 2108; unit=NCBI species-rank aggregate,RAW0021976,,1965074,Bafinivirus pimephalae,Bafinivirus pimephalae,Tobaniviridae,Tobaniviridae,ICTV 2026 (MSL41.v1),ncbi_name_exact_current_ictv_species,high,1,independent_source_verified
UniVH,SCLIN0021977,input_original/manual_downloads/UniVH/dataset.csv,normalized from outputs/tables/univh_family_reconstruction_audit.csv row 2109; unit=NCBI species-rank aggregate,RAW0021977,,3433792,Torovirus bovis,Torovirus bovis,Tobaniviridae,Tobaniviridae,ICTV 2026 (MSL41.v1),ncbi_name_exact_current_ictv_species,high,1,independent_source_verified
UniVH,SCLIN0021978,input_original/manual_downloads/UniVH/dataset.csv,normalized from outputs/tables/univh_family_reconstruction_audit.csv row 2110; unit=NCBI species-rank aggregate,RAW0021978,,3433793,Torovirus equi,Torovirus equi,Tobaniviridae,Tobaniviridae,ICTV 2026 (MSL41.v1),ncbi_name_exact_current_ictv_species,high,1,independent_source_verified
UniVH,SCLIN0021979,input_original/manual_downloads/UniVH/dataset.csv,normalized from outputs/tables/univh_family_reconstruction_audit.csv row 2111; unit=NCBI species-rank aggregate,RAW0021979,,3433794,Torovirus suis,Torovirus suis,Tobaniviridae,Tobaniviridae,ICTV 2026 (MSL41.v1),ncbi_name_exact_current_ictv_species,high,1,independent_source_verified
UniVH,SCLIN0021980,input_original/manual_downloads/UniVH/dataset.csv,normalized from outputs/tables/univh_family_reconstruction_audit.csv row 2114; unit=NCBI species-rank aggregate,RAW0021980,,1986113,Oncotshavirus oncorhynchi,Oncotshavirus oncorhynchi,Tobaniviridae,Tobaniviridae,ICTV 2026 (MSL41.v1),ncbi_name_exact_current_ictv_species,high,1,independent_source_verified
UniVH,SCLIN0021981,input_original/manual_downloads/UniVH/dataset.csv,normalized from outputs/tables/univh_family_reconstruction_audit.csv row 230; unit=NCBI species-rank aggregate,RAW0021981,,1837217,Goat torovirus,Goat torovirus,Tobaniviridae,Tobaniviridae,ICTV 2026 (MSL41.v1),ncbi_family_ancestor_harmonized,high,1,independent_source_verified
UniVH,SCLIN0021982,input_original/manual_downloads/UniVH/dataset.csv,normalized from outputs/tables/univh_family_reconstruction_audit.csv row 378; unit=NCBI species-rank aggregate,RAW0021982,,2059795,Atlantic salmon bafinivirus,Atlantic salmon bafinivirus,Tobaniviridae,Tobaniviridae,ICTV 2026 (MSL41.v1),ncbi_family_ancestor_harmonized,high,1,independent_source_verified
UniVH,SCLIN0021983,input_original/manual_downloads/UniVH/dataset.csv,normalized from outputs/tables/univh_family_reconstruction_audit.csv row 479; unit=NCBI species-rank aggregate,RAW0021983,,2529475,Torovirus sp.,Torovirus sp.,Tobaniviridae,Tobaniviridae,ICTV 2026 (MSL41.v1),ncbi_family_ancestor_harmonized,high,1,independent_source_verified
UniVH,SCLIN0021984,input_original/manual_downloads/UniVH/dataset.csv,normalized from outputs/tables/univh_family_reconstruction_audit.csv row 726; unit=NCBI species-rank aggregate,RAW0021984,,2844401,Pelteobagrus fulvidraco oncotshavirus-1,Pelteobagrus fulvidraco oncotshavirus-1,Tobaniviridae,Tobaniviridae,ICTV 2026 (MSL41.v1),ncbi_family_ancestor_harmonized,high,1,independent_source_verified
UniVH,SCLIN0021985,input_original/manual_downloads/UniVH/dataset.csv,normalized from outputs/tables/univh_family_reconstruction_audit.csv row 1560; unit=NCBI species-rank aggregate,RAW0021985,,3369140,Rhizoctonia solani alpha-like virus 6,Rhizoctonia solani alpha-like virus 6,Togaviridae,Togaviridae,ICTV 2026 (MSL41.v1),ncbi_family_ancestor_harmonized,high,1,independent_source_verified
UniVH,SCLIN0021986,input_original/manual_downloads/UniVH/dataset.csv,normalized from outputs/tables/univh_family_reconstruction_audit.csv row 1617; unit=NCBI species-rank aggregate,RAW0021986,,3426293,Alphavirus aura,Alphavirus aura,Togaviridae,Togaviridae,ICTV 2026 (MSL41.v1),ncbi_name_exact_current_ictv_species,high,1,independent_source_verified
UniVH,SCLIN0021987,input_original/manual_downloads/UniVH/dataset.csv,normalized from outputs/tables/univh_family_reconstruction_audit.csv row 1618; unit=NCBI species-rank aggregate,RAW0021987,,3426294,Alphavirus barmah,Alphavirus barmah,Togaviridae,Togaviridae,ICTV 2026 (MSL41.v1),ncbi_name_exact_current_ictv_species,high,1,independent_source_verified
UniVH,SCLIN0021988,input_original/manual_downloads/UniVH/dataset.csv,normalized from outputs/tables/univh_family_reconstruction_audit.csv row 1619; unit=NCBI species-rank aggregate,RAW0021988,,3426298,Alphavirus chikungunya,Alphavirus chikungunya,Togaviridae,Togaviridae,ICTV 2026 (MSL41.v1),ncbi_name_exact_current_ictv_species,high,1,independent_source_verified
UniVH,SCLIN0021989,input_original/manual_downloads/UniVH/dataset.csv,normalized from outputs/tables/univh_family_reconstruction_audit.csv row 1620; unit=NCBI species-rank aggregate,RAW0021989,,11021,Alphavirus eastern,Alphavirus eastern,Togaviridae,Togaviridae,ICTV 2026 (MSL41.v1),ncbi_name_exact_current_ictv_species,high,1,independent_source_verified
UniVH,SCLIN0021990,input_original/manual_downloads/UniVH/dataset.csv,normalized from outputs/tables/univh_family_reconstruction_audit.csv row 1621; unit=NCBI species-rank aggregate,RAW0021990,,3426300,Alphavirus eilat,Alphavirus eilat,Togaviridae,Togaviridae,ICTV 2026 (MSL41.v1),ncbi_name_exact_current_ictv_species,high,1,independent_source_verified
UniVH,SCLIN0021991,input_original/manual_downloads/UniVH/dataset.csv,normalized from outputs/tables/univh_family_reconstruction_audit.csv row 1622; unit=NCBI species-rank aggregate,RAW0021991,,59300,Alphavirus getah,Alphavirus getah,Togaviridae,Togaviridae,ICTV 2026 (MSL41.v1),ncbi_name_exact_current_ictv_species,high,1,independent_source_verified
UniVH,SCLIN0021992,input_original/manual_downloads/UniVH/dataset.csv,normalized from outputs/tables/univh_family_reconstruction_audit.csv row 1623; unit=NCBI species-rank aggregate,RAW0021992,,3426304,Alphavirus highlandsj,Alphavirus highlandsj,Togaviridae,Togaviridae,ICTV 2026 (MSL41.v1),ncbi_name_exact_current_ictv_species,high,1,independent_source_verified
UniVH,SCLIN0021993,input_original/manual_downloads/UniVH/dataset.csv,normalized from outputs/tables/univh_family_reconstruction_audit.csv row 1624; unit=NCBI species-rank aggregate,RAW0021993,,3426305,Alphavirus madariaga,Alphavirus madariaga,Togaviridae,Togaviridae,ICTV 2026 (MSL41.v1),ncbi_name_exact_current_ictv_species,high,1,independent_source_verified
UniVH,SCLIN0021994,input_original/manual_downloads/UniVH/dataset.csv,normalized from outputs/tables/univh_family_reconstruction_audit.csv row 1625; unit=NCBI species-rank aggregate,RAW0021994,,3426306,Alphavirus mayaro,Alphavirus mayaro,Togaviridae,Togaviridae,ICTV 2026 (MSL41.v1),ncbi_name_exact_current_ictv_species,high,1,independent_source_verified
UniVH,SCLIN0021995,input_original/manual_downloads/UniVH/dataset.csv,normalized from outputs/tables/univh_family_reconstruction_audit.csv row 1626; unit=NCBI species-rank aggregate,RAW0021995,,3426307,Alphavirus middelburg,Alphavirus middelburg,Togaviridae,Togaviridae,ICTV 2026 (MSL41.v1),ncbi_name_exact_current_ictv_species,high,1,independent_source_verified
UniVH,SCLIN0021996,input_original/manual_downloads/UniVH/dataset.csv,normalized from outputs/tables/univh_family_reconstruction_audit.csv row 1627; unit=NCBI species-rank aggregate,RAW0021996,,2169701,Alphavirus onyong,Alphavirus onyong,Togaviridae,Togaviridae,ICTV 2026 (MSL41.v1),ncbi_name_exact_current_ictv_species,high,1,independent_source_verified
UniVH,SCLIN0021997,input_original/manual_downloads/UniVH/dataset.csv,normalized from outputs/tables/univh_family_reconstruction_audit.csv row 1628; unit=NCBI species-rank aggregate,RAW0021997,,3426314,Alphavirus rossriver,Alphavirus rossriver,Togaviridae,Togaviridae,ICTV 2026 (MSL41.v1),ncbi_name_exact_current_ictv_species,high,1,independent_source_verified
UniVH,SCLIN0021998,input_original/manual_downloads/UniVH/dataset.csv,normalized from outputs/tables/univh_family_reconstruction_audit.csv row 1629; unit=NCBI species-rank aggregate,RAW0021998,,3426315,Alphavirus salmon,Alphavirus salmon,Togaviridae,Togaviridae,ICTV 2026 (MSL41.v1),ncbi_name_exact_current_ictv_species,high,1,independent_source_verified
UniVH,SCLIN0021999,input_original/manual_downloads/UniVH/dataset.csv,normalized from outputs/tables/univh_family_reconstruction_audit.csv row 1630; unit=NCBI species-rank aggregate,RAW0021999,,3426317,Alphavirus semliki,Alphavirus semliki,Togaviridae,Togaviridae,ICTV 2026 (MSL41.v1),ncbi_name_exact_current_ictv_species,high,1,independent_source_verified
UniVH,SCLIN0022000,input_original/manual_downloads/UniVH/dataset.csv,normalized from outputs/tables/univh_family_reconstruction_audit.csv row 1631; unit=NCBI species-rank aggregate,RAW0022000,,11034,Alphavirus sindbis,Alphavirus sindbis,Togaviridae,Togaviridae,ICTV 2026 (MSL41.v1),ncbi_name_exact_current_ictv_species,high,1,independent_source_verified
UniVH,SCLIN0022001,input_original/manual_downloads/UniVH/dataset.csv,normalized from outputs/tables/univh_family_reconstruction_audit.csv row 1632; unit=NCBI species-rank aggregate,RAW0022001,,11036,Alphavirus venezuelan,Alphavirus venezuelan,Togaviridae,Togaviridae,ICTV 2026 (MSL41.v1),ncbi_name_exact_current_ictv_species,high,1,independent_source_verified
UniVH,SCLIN0022002,input_original/manual_downloads/UniVH/dataset.csv,normalized from outputs/tables/univh_family_reconstruction_audit.csv row 1633; unit=NCBI species-rank aggregate,RAW0022002,,11039,Alphavirus western,Alphavirus western,Togaviridae,Togaviridae,ICTV 2026 (MSL41.v1),ncbi_name_exact_current_ictv_species,high,1,independent_source_verified
UniVH,SCLIN0022003,input_original/manual_downloads/UniVH/dataset.csv,normalized from outputs/tables/univh_family_reconstruction_audit.csv row 381; unit=NCBI species-rank aggregate,RAW0022003,,2072351,Mwinilunga alphavirus,Mwinilunga alphavirus,Togaviridae,Togaviridae,ICTV 2026 (MSL41.v1),ncbi_family_ancestor_harmonized,high,1,independent_source_verified
UniVH,SCLIN0022004,input_original/manual_downloads/UniVH/dataset.csv,normalized from outputs/tables/univh_family_reconstruction_audit.csv row 552; unit=NCBI species-rank aggregate,RAW0022004,,2730539,Harbor porpoise alphavirus,Harbor porpoise alphavirus,Togaviridae,Togaviridae,ICTV 2026 (MSL41.v1),ncbi_family_ancestor_harmonized,high,1,independent_source_verified
UniVH,SCLIN0022005,input_original/manual_downloads/UniVH/dataset.csv,normalized from outputs/tables/univh_family_reconstruction_audit.csv row 1011; unit=NCBI species-rank aggregate,RAW0022005,,2973981,peach-associated luteovirus 2,peach-associated luteovirus 2,Tombusviridae,Tombusviridae,ICTV 2026 (MSL41.v1),ncbi_family_ancestor_harmonized,high,1,independent_source_verified
UniVH,SCLIN0022006,input_original/manual_downloads/UniVH/dataset.csv,normalized from outputs/tables/univh_family_reconstruction_audit.csv row 1012; unit=NCBI species-rank aggregate,RAW0022006,,2974072,Mume associated luteovirus,Mume associated luteovirus,Tombusviridae,Tombusviridae,ICTV 2026 (MSL41.v1),ncbi_family_ancestor_harmonized,high,1,independent_source_verified
UniVH,SCLIN0022007,input_original/manual_downloads/UniVH/dataset.csv,normalized from outputs/tables/univh_family_reconstruction_audit.csv row 1042; unit=NCBI species-rank aggregate,RAW0022007,,3022883,Cucurbit carmovirus,Cucurbit carmovirus,Tombusviridae,Tombusviridae,ICTV 2026 (MSL41.v1),ncbi_family_ancestor_harmonized,high,1,independent_source_verified
UniVH,SCLIN0022008,input_original/manual_downloads/UniVH/dataset.csv,normalized from outputs/tables/univh_family_reconstruction_audit.csv row 1074; unit=NCBI species-rank aggregate,RAW0022008,,3047372,Luteovirus mali,Luteovirus mali,Tombusviridae,Tombusviridae,ICTV 2026 (MSL41.v1),ncbi_name_exact_current_ictv_species,high,1,independent_source_verified
UniVH,SCLIN0022009,input_original/manual_downloads/UniVH/dataset.csv,normalized from outputs/tables/univh_family_reconstruction_audit.csv row 1081; unit=NCBI species-rank aggregate,RAW0022009,,3047676,Luteovirus phaseoli,Luteovirus phaseoli,Tombusviridae,Tombusviridae,ICTV 2026 (MSL41.v1),ncbi_name_exact_current_ictv_species,high,1,independent_source_verified
UniVH,SCLIN0022010,input_original/manual_downloads/UniVH/dataset.csv,normalized from outputs/tables/univh_family_reconstruction_audit.csv row 1084; unit=NCBI species-rank aggregate,RAW0022010,,3047679,Betanecrovirus betae,Betanecrovirus betae,Tombusviridae,Tombusviridae,ICTV 2026 (MSL41.v1),ncbi_name_exact_current_ictv_species,high,1,independent_source_verified
UniVH,SCLIN0022011,input_original/manual_downloads/UniVH/dataset.csv,normalized from outputs/tables/univh_family_reconstruction_audit.csv row 1088; unit=NCBI species-rank aggregate,RAW0022011,,3047717,Alphacarmovirus calibrachoae,Alphacarmovirus calibrachoae,Tombusviridae,Tombusviridae,ICTV 2026 (MSL41.v1),ncbi_name_exact_current_ictv_species,high,1,independent_source_verified
UniVH,SCLIN0022012,input_original/manual_downloads/UniVH/dataset.csv,normalized from outputs/tables/univh_family_reconstruction_audit.csv row 1089; unit=NCBI species-rank aggregate,RAW0022012,,3047730,Umbravirus carotae,Umbravirus carotae,Tombusviridae,Tombusviridae,ICTV 2026 (MSL41.v1),ncbi_name_exact_current_ictv_species,high,1,independent_source_verified
UniVH,SCLIN0022013,input_original/manual_downloads/UniVH/dataset.csv,normalized from outputs/tables/univh_family_reconstruction_audit.csv row 1090; unit=NCBI species-rank aggregate,RAW0022013,,3047731,Umbravirus maculacarotae,Umbravirus maculacarotae,Tombusviridae,Tombusviridae,ICTV 2026 (MSL41.v1),ncbi_name_exact_current_ictv_species,high,1,independent_source_verified
UniVH,SCLIN0022014,input_original/manual_downloads/UniVH/dataset.csv,normalized from outputs/tables/univh_family_reconstruction_audit.csv row 1099; unit=NCBI species-rank aggregate,RAW0022014,,3047778,Tombusvirus bulgariaense,Tombusvirus bulgariaense,Tombusviridae,Tombusviridae,ICTV 2026 (MSL41.v1),ncbi_name_exact_current_ictv_species,high,1,independent_source_verified
UniVH,SCLIN0022015,input_original/manual_downloads/UniVH/dataset.csv,normalized from outputs/tables/univh_family_reconstruction_audit.csv row 1100; unit=NCBI species-rank aggregate,RAW0022015,,3047779,Aureusvirus cucumis,Aureusvirus cucumis,Tombusviridae,Tombusviridae,ICTV 2026 (MSL41.v1),ncbi_name_exact_current_ictv_species,high,1,independent_source_verified
UniVH,SCLIN0022016,input_original/manual_downloads/UniVH/dataset.csv,normalized from outputs/tables/univh_family_reconstruction_audit.csv row 1103; unit=NCBI species-rank aggregate,RAW0022016,,3047830,Umbravirus ethiopiaense,Umbravirus ethiopiaense,Tombusviridae,Tombusviridae,ICTV 2026 (MSL41.v1),ncbi_name_exact_current_ictv_species,high,1,independent_source_verified
UniVH,SCLIN0022017,input_original/manual_downloads/UniVH/dataset.csv,normalized from outputs/tables/univh_family_reconstruction_audit.csv row 1106; unit=NCBI species-rank aggregate,RAW0022017,,3047844,Tombusvirus algeriaense,Tombusvirus algeriaense,Tombusviridae,Tombusviridae,ICTV 2026 (MSL41.v1),ncbi_name_exact_current_ictv_species,high,1,independent_source_verified
UniVH,SCLIN0022018,input_original/manual_downloads/UniVH/dataset.csv,normalized from outputs/tables/univh_family_reconstruction_audit.csv row 1113; unit=NCBI species-rank aggregate,RAW0022018,,3047948,Betacarmovirus hibisci,Betacarmovirus hibisci,Tombusviridae,Tombusviridae,ICTV 2026 (MSL41.v1),ncbi_name_exact_current_ictv_species,high,1,independent_source_verified
UniVH,SCLIN0022019,input_original/manual_downloads/UniVH/dataset.csv,normalized from outputs/tables/univh_family_reconstruction_audit.csv row 1130; unit=NCBI species-rank aggregate,RAW0022019,,3048190,Machlomovirus zeae,Machlomovirus zeae,Tombusviridae,Tombusviridae,ICTV 2026 (MSL41.v1),ncbi_name_exact_current_ictv_species,high,1,independent_source_verified
UniVH,SCLIN0022020,input_original/manual_downloads/UniVH/dataset.csv,normalized from outputs/tables/univh_family_reconstruction_audit.csv row 1132; unit=NCBI species-rank aggregate,RAW0022020,,3048193,Aureusvirus zeae,Aureusvirus zeae,Tombusviridae,Tombusviridae,ICTV 2026 (MSL41.v1),ncbi_name_exact_current_ictv_species,high,1,independent_source_verified
UniVH,SCLIN0022021,input_original/manual_downloads/UniVH/dataset.csv,normalized from outputs/tables/univh_family_reconstruction_audit.csv row 1134; unit=NCBI species-rank aggregate,RAW0022021,,3048200,Gammacarmovirus melonis,Gammacarmovirus melonis,Tombusviridae,Tombusviridae,ICTV 2026 (MSL41.v1),ncbi_name_exact_current_ictv_species,high,1,independent_source_verified
UniVH,SCLIN0022022,input_original/manual_downloads/UniVH/dataset.csv,normalized from outputs/tables/univh_family_reconstruction_audit.csv row 1135; unit=NCBI species-rank aggregate,RAW0022022,,3048207,Tombusvirus moroccoense,Tombusvirus moroccoense,Tombusviridae,Tombusviridae,ICTV 2026 (MSL41.v1),ncbi_name_exact_current_ictv_species,high,1,independent_source_verified
UniVH,SCLIN0022023,input_original/manual_downloads/UniVH/dataset.csv,normalized from outputs/tables/univh_family_reconstruction_audit.csv row 1139; unit=NCBI species-rank aggregate,RAW0022023,,3048219,Luteovirus nucipersicae,Luteovirus nucipersicae,Tombusviridae,Tombusviridae,ICTV 2026 (MSL41.v1),ncbi_name_exact_current_ictv_species,high,1,independent_source_verified
UniVH,SCLIN0022024,input_original/manual_downloads/UniVH/dataset.csv,normalized from outputs/tables/univh_family_reconstruction_audit.csv row 1142; unit=NCBI species-rank aggregate,RAW0022024,,3048230,Alphanecrovirus oleae,Alphanecrovirus oleae,Tombusviridae,Tombusviridae,ICTV 2026 (MSL41.v1),ncbi_name_exact_current_ictv_species,high,1,independent_source_verified
UniVH,SCLIN0022025,input_original/manual_downloads/UniVH/dataset.csv,normalized from outputs/tables/univh_family_reconstruction_audit.csv row 1144; unit=NCBI species-rank aggregate,RAW0022025,,3048232,Alphanecrovirus tessellati,Alphanecrovirus tessellati,Tombusviridae,Tombusviridae,ICTV 2026 (MSL41.v1),ncbi_name_exact_current_ictv_species,high,1,independent_source_verified
UniVH,SCLIN0022026,input_original/manual_downloads/UniVH/dataset.csv,normalized from outputs/tables/univh_family_reconstruction_audit.csv row 1145; unit=NCBI species-rank aggregate,RAW0022026,,3048236,Umbravirus papaveri,Umbravirus papaveri,Tombusviridae,Tombusviridae,ICTV 2026 (MSL41.v1),ncbi_name_exact_current_ictv_species,high,1,independent_source_verified
UniVH,SCLIN0022027,input_original/manual_downloads/UniVH/dataset.csv,normalized from outputs/tables/univh_family_reconstruction_audit.csv row 1146; unit=NCBI species-rank aggregate,RAW0022027,,3048242,Panicovirus panici,Panicovirus panici,Tombusviridae,Tombusviridae,ICTV 2026 (MSL41.v1),ncbi_name_exact_current_ictv_species,high,1,independent_source_verified
UniVH,SCLIN0022028,input_original/manual_downloads/UniVH/dataset.csv,normalized from outputs/tables/univh_family_reconstruction_audit.csv row 1147; unit=NCBI species-rank aggregate,RAW0022028,,3048247,Umbravirus pisi,Umbravirus pisi,Tombusviridae,Tombusviridae,ICTV 2026 (MSL41.v1),ncbi_name_exact_current_ictv_species,high,1,independent_source_verified
UniVH,SCLIN0022029,input_original/manual_downloads/UniVH/dataset.csv,normalized from outputs/tables/univh_family_reconstruction_audit.csv row 1148; unit=NCBI species-rank aggregate,RAW0022029,,3048250,Gammacarmovirus pisi,Gammacarmovirus pisi,Tombusviridae,Tombusviridae,ICTV 2026 (MSL41.v1),ncbi_name_exact_current_ictv_species,high,1,independent_source_verified
UniVH,SCLIN0022030,input_original/manual_downloads/UniVH/dataset.csv,normalized from outputs/tables/univh_family_reconstruction_audit.csv row 1149; unit=NCBI species-rank aggregate,RAW0022030,,3048263,Tombusvirus petuniae,Tombusvirus petuniae,Tombusviridae,Tombusviridae,ICTV 2026 (MSL41.v1),ncbi_name_exact_current_ictv_species,high,1,independent_source_verified
UniVH,SCLIN0022031,input_original/manual_downloads/UniVH/dataset.csv,normalized from outputs/tables/univh_family_reconstruction_audit.csv row 1151; unit=NCBI species-rank aggregate,RAW0022031,,3048283,Alphanecrovirus solani,Alphanecrovirus solani,Tombusviridae,Tombusviridae,ICTV 2026 (MSL41.v1),ncbi_name_exact_current_ictv_species,high,1,independent_source_verified
UniVH,SCLIN0022032,input_original/manual_downloads/UniVH/dataset.csv,normalized from outputs/tables/univh_family_reconstruction_audit.csv row 1153; unit=NCBI species-rank aggregate,RAW0022032,,3048286,Aureusvirus aurei,Aureusvirus aurei,Tombusviridae,Tombusviridae,ICTV 2026 (MSL41.v1),ncbi_name_exact_current_ictv_species,high,1,independent_source_verified
UniVH,SCLIN0022033,input_original/manual_downloads/UniVH/dataset.csv,normalized from outputs/tables/univh_family_reconstruction_audit.csv row 1159; unit=NCBI species-rank aggregate,RAW0022033,,3048301,Pelarspovirus rosae,Pelarspovirus rosae,Tombusviridae,Tombusviridae,ICTV 2026 (MSL41.v1),ncbi_name_exact_current_ictv_species,high,1,independent_source_verified
UniVH,SCLIN0022034,input_original/manual_downloads/UniVH/dataset.csv,normalized from outputs/tables/univh_family_reconstruction_audit.csv row 1160; unit=NCBI species-rank aggregate,RAW0022034,,3048302,Luteovirus rosae,Luteovirus rosae,Tombusviridae,Tombusviridae,ICTV 2026 (MSL41.v1),ncbi_name_exact_current_ictv_species,high,1,independent_source_verified
UniVH,SCLIN0022035,input_original/manual_downloads/UniVH/dataset.csv,normalized from outputs/tables/univh_family_reconstruction_audit.csv row 1165; unit=NCBI species-rank aggregate,RAW0022035,,3048322,Luteovirus glycinis,Luteovirus glycinis,Tombusviridae,Tombusviridae,ICTV 2026 (MSL41.v1),ncbi_name_exact_current_ictv_species,high,1,independent_source_verified
UniVH,SCLIN0022036,input_original/manual_downloads/UniVH/dataset.csv,normalized from outputs/tables/univh_family_reconstruction_audit.csv row 1166; unit=NCBI species-rank aggregate,RAW0022036,,3048325,Gammacarmovirus glycinis,Gammacarmovirus glycinis,Tombusviridae,Tombusviridae,ICTV 2026 (MSL41.v1),ncbi_name_exact_current_ictv_species,high,1,independent_source_verified
UniVH,SCLIN0022037,input_original/manual_downloads/UniVH/dataset.csv,normalized from outputs/tables/univh_family_reconstruction_audit.csv row 1174; unit=NCBI species-rank aggregate,RAW0022037,,3048366,Umbravirus nicotianae,Umbravirus nicotianae,Tombusviridae,Tombusviridae,ICTV 2026 (MSL41.v1),ncbi_name_exact_current_ictv_species,high,1,independent_source_verified
UniVH,SCLIN0022038,input_original/manual_downloads/UniVH/dataset.csv,normalized from outputs/tables/univh_family_reconstruction_audit.csv row 1175; unit=NCBI species-rank aggregate,RAW0022038,,3048368,Alphanecrovirus nicotianae,Alphanecrovirus nicotianae,Tombusviridae,Tombusviridae,ICTV 2026 (MSL41.v1),ncbi_name_exact_current_ictv_species,high,1,independent_source_verified
UniVH,SCLIN0022039,input_original/manual_downloads/UniVH/dataset.csv,normalized from outputs/tables/univh_family_reconstruction_audit.csv row 1176; unit=NCBI species-rank aggregate,RAW0022039,,3048369,Betanecrovirus nicotianae,Betanecrovirus nicotianae,Tombusviridae,Tombusviridae,ICTV 2026 (MSL41.v1),ncbi_name_exact_current_ictv_species,high,1,independent_source_verified
UniVH,SCLIN0022040,input_original/manual_downloads/UniVH/dataset.csv,normalized from outputs/tables/univh_family_reconstruction_audit.csv row 1180; unit=NCBI species-rank aggregate,RAW0022040,,3048374,Tombusvirus lycopersici,Tombusvirus lycopersici,Tombusviridae,Tombusviridae,ICTV 2026 (MSL41.v1),ncbi_name_exact_current_ictv_species,high,1,independent_source_verified
UniVH,SCLIN0022041,input_original/manual_downloads/UniVH/dataset.csv,normalized from outputs/tables/univh_family_reconstruction_audit.csv row 1188; unit=NCBI species-rank aggregate,RAW0022041,,3048454,Aureusvirus dioscoreae,Aureusvirus dioscoreae,Tombusviridae,Tombusviridae,ICTV 2026 (MSL41.v1),ncbi_name_exact_current_ictv_species,high,1,independent_source_verified
UniVH,SCLIN0022042,input_original/manual_downloads/UniVH/dataset.csv,normalized from outputs/tables/univh_family_reconstruction_audit.csv row 1217; unit=NCBI species-rank aggregate,RAW0022042,,3051700,Carrot umbravirus 2,Carrot umbravirus 2,Tombusviridae,Tombusviridae,ICTV 2026 (MSL41.v1),ncbi_family_ancestor_harmonized,high,1,independent_source_verified
UniVH,SCLIN0022043,input_original/manual_downloads/UniVH/dataset.csv,normalized from outputs/tables/univh_family_reconstruction_audit.csv row 1247; unit=NCBI species-rank aggregate,RAW0022043,,3052284,Luteovirus avii,Luteovirus avii,Tombusviridae,Tombusviridae,ICTV 2026 (MSL41.v1),ncbi_name_exact_current_ictv_species,high,1,independent_source_verified
UniVH,SCLIN0022044,input_original/manual_downloads/UniVH/dataset.csv,normalized from outputs/tables/univh_family_reconstruction_audit.csv row 1248; unit=NCBI species-rank aggregate,RAW0022044,,3052292,Luteovirus mavhordei,Luteovirus mavhordei,Tombusviridae,Tombusviridae,ICTV 2026 (MSL41.v1),ncbi_name_exact_current_ictv_species,high,1,independent_source_verified
UniVH,SCLIN0022045,input_original/manual_downloads/UniVH/dataset.csv,normalized from outputs/tables/univh_family_reconstruction_audit.csv row 1249; unit=NCBI species-rank aggregate,RAW0022045,,3052293,Luteovirus pashordei,Luteovirus pashordei,Tombusviridae,Tombusviridae,ICTV 2026 (MSL41.v1),ncbi_name_exact_current_ictv_species,high,1,independent_source_verified
UniVH,SCLIN0022046,input_original/manual_downloads/UniVH/dataset.csv,normalized from outputs/tables/univh_family_reconstruction_audit.csv row 1250; unit=NCBI species-rank aggregate,RAW0022046,,3052294,Luteovirus pavhordei,Luteovirus pavhordei,Tombusviridae,Tombusviridae,ICTV 2026 (MSL41.v1),ncbi_name_exact_current_ictv_species,high,1,independent_source_verified
UniVH,SCLIN0022047,input_original/manual_downloads/UniVH/dataset.csv,normalized from outputs/tables/univh_family_reconstruction_audit.csv row 1251; unit=NCBI species-rank aggregate,RAW0022047,,3052295,Luteovirus trifolii,Luteovirus trifolii,Tombusviridae,Tombusviridae,ICTV 2026 (MSL41.v1),ncbi_name_exact_current_ictv_species,high,1,independent_source_verified
UniVH,SCLIN0022048,input_original/manual_downloads/UniVH/dataset.csv,normalized from outputs/tables/univh_family_reconstruction_audit.csv row 1485; unit=NCBI species-rank aggregate,RAW0022048,,3233123,Switchgrass umbra-like virus 1,Switchgrass umbra-like virus 1,Tombusviridae,Tombusviridae,ICTV 2026 (MSL41.v1),ncbi_family_ancestor_harmonized,high,1,independent_source_verified
UniVH,SCLIN0022049,input_original/manual_downloads/UniVH/dataset.csv,normalized from outputs/tables/univh_family_reconstruction_audit.csv row 1570; unit=NCBI species-rank aggregate,RAW0022049,,3402744,Wheat luteovirus 1,Wheat luteovirus 1,Tombusviridae,Tombusviridae,ICTV 2026 (MSL41.v1),ncbi_family_ancestor_harmonized,high,1,independent_source_verified
UniVH,SCLIN0022050,input_original/manual_downloads/UniVH/dataset.csv,normalized from outputs/tables/univh_family_reconstruction_audit.csv row 2167; unit=NCBI species-rank aggregate,RAW0022050,,2201470,Rimosavirus zeae,Rimosavirus zeae,Tombusviridae,Tombusviridae,ICTV 2026 (MSL41.v1),ncbi_name_exact_current_ictv_species,high,1,independent_source_verified
UniVH,SCLIN0022051,input_original/manual_downloads/UniVH/dataset.csv,normalized from outputs/tables/univh_family_reconstruction_audit.csv row 240; unit=NCBI species-rank aggregate,RAW0022051,,1862686,Wild carrot mottle virus,Wild carrot mottle virus,Tombusviridae,Tombusviridae,ICTV 2026 (MSL41.v1),ncbi_family_ancestor_harmonized,high,1,independent_source_verified
UniVH,SCLIN0022052,input_original/manual_downloads/UniVH/dataset.csv,normalized from outputs/tables/univh_family_reconstruction_audit.csv row 353; unit=NCBI species-rank aggregate,RAW0022052,,2006498,Peach associated luteovirus,Peach associated luteovirus,Tombusviridae,Tombusviridae,ICTV 2026 (MSL41.v1),ncbi_family_ancestor_harmonized,high,1,independent_source_verified
UniVH,SCLIN0022053,input_original/manual_downloads/UniVH/dataset.csv,normalized from outputs/tables/univh_family_reconstruction_audit.csv row 355; unit=NCBI species-rank aggregate,RAW0022053,,2021212,Rice virus A,Rice virus A,Tombusviridae,Tombusviridae,ICTV 2026 (MSL41.v1),ncbi_family_ancestor_harmonized,high,1,independent_source_verified
UniVH,SCLIN0022054,input_original/manual_downloads/UniVH/dataset.csv,normalized from outputs/tables/univh_family_reconstruction_audit.csv row 371; unit=NCBI species-rank aggregate,RAW0022054,,2054409,Luteovirus sociomali,Luteovirus sociomali,Tombusviridae,Tombusviridae,ICTV 2026 (MSL41.v1),ncbi_name_exact_current_ictv_species,high,1,independent_source_verified
UniVH,SCLIN0022055,input_original/manual_downloads/UniVH/dataset.csv,normalized from outputs/tables/univh_family_reconstruction_audit.csv row 43; unit=NCBI species-rank aggregate,RAW0022055,,224578,Barley yellow dwarf virus GAV,Barley yellow dwarf virus GAV,Tombusviridae,Tombusviridae,ICTV 2026 (MSL41.v1),ncbi_family_ancestor_harmonized,high,1,independent_source_verified
UniVH,SCLIN0022056,input_original/manual_downloads/UniVH/dataset.csv,normalized from outputs/tables/univh_family_reconstruction_audit.csv row 497; unit=NCBI species-rank aggregate,RAW0022056,,2576477,Barley yellow dwarf virus OYV,Barley yellow dwarf virus OYV,Tombusviridae,Tombusviridae,ICTV 2026 (MSL41.v1),ncbi_family_ancestor_harmonized,high,1,independent_source_verified
UniVH,SCLIN0022057,input_original/manual_downloads/UniVH/dataset.csv,normalized from outputs/tables/univh_family_reconstruction_audit.csv row 570; unit=NCBI species-rank aggregate,RAW0022057,,2735224,Rice Tombus-like virus 1,Rice Tombus-like virus 1,Tombusviridae,Tombusviridae,ICTV 2026 (MSL41.v1),ncbi_family_ancestor_harmonized,high,1,independent_source_verified
UniVH,SCLIN0022058,input_original/manual_downloads/UniVH/dataset.csv,normalized from outputs/tables/univh_family_reconstruction_audit.csv row 571; unit=NCBI species-rank aggregate,RAW0022058,,2735226,Rice Tombus-like virus 3,Rice Tombus-like virus 3,Tombusviridae,Tombusviridae,ICTV 2026 (MSL41.v1),ncbi_family_ancestor_harmonized,high,1,independent_source_verified
UniVH,SCLIN0022059,input_original/manual_downloads/UniVH/dataset.csv,normalized from outputs/tables/univh_family_reconstruction_audit.csv row 5; unit=NCBI species-rank aggregate,RAW0022059,,12037,Barley yellow dwarf virus,Barley yellow dwarf virus,Tombusviridae,Tombusviridae,ICTV 2026 (MSL41.v1),ncbi_family_ancestor_harmonized,high,1,independent_source_verified
UniVH,SCLIN0022060,input_original/manual_downloads/UniVH/dataset.csv,normalized from outputs/tables/univh_family_reconstruction_audit.csv row 616; unit=NCBI species-rank aggregate,RAW0022060,,2739640,Ginger chlorotic fleck-associated tombusvirus,Ginger chlorotic fleck-associated tombusvirus,Tombusviridae,Tombusviridae,ICTV 2026 (MSL41.v1),ncbi_family_ancestor_harmonized,high,1,independent_source_verified
UniVH,SCLIN0022061,input_original/manual_downloads/UniVH/dataset.csv,normalized from outputs/tables/univh_family_reconstruction_audit.csv row 636; unit=NCBI species-rank aggregate,RAW0022061,,2746237,Beta vulgaris Alphanecrovirus-1,Beta vulgaris Alphanecrovirus-1,Tombusviridae,Tombusviridae,ICTV 2026 (MSL41.v1),ncbi_family_ancestor_harmonized,high,1,independent_source_verified
UniVH,SCLIN0022062,input_original/manual_downloads/UniVH/dataset.csv,normalized from outputs/tables/univh_family_reconstruction_audit.csv row 690; unit=NCBI species-rank aggregate,RAW0022062,,2813966,Apple virus E,Apple virus E,Tombusviridae,Tombusviridae,ICTV 2026 (MSL41.v1),ncbi_family_ancestor_harmonized,high,1,independent_source_verified
UniVH,SCLIN0022063,input_original/manual_downloads/UniVH/dataset.csv,normalized from outputs/tables/univh_family_reconstruction_audit.csv row 6; unit=NCBI species-rank aggregate,RAW0022063,,12054,unidentified tobacco necrosis virus,unidentified tobacco necrosis virus,Tombusviridae,Tombusviridae,ICTV 2026 (MSL41.v1),ncbi_family_ancestor_harmonized,high,1,independent_source_verified
UniVH,SCLIN0022064,input_original/manual_downloads/UniVH/dataset.csv,normalized from outputs/tables/univh_family_reconstruction_audit.csv row 862; unit=NCBI species-rank aggregate,RAW0022064,,2950882,Tomato albetovirus 1,Tomato albetovirus 1,,Tonesaviridae,ICTV 2026 (MSL41.v1),ncbi_family_ancestor_harmonized,high,1,independent_source_verified
UniVH,SCLIN0022065,input_original/manual_downloads/UniVH/dataset.csv,normalized from outputs/tables/univh_family_reconstruction_audit.csv row 1327; unit=NCBI species-rank aggregate,RAW0022065,,3052563,Orthotospovirus arachianuli,Orthotospovirus arachianuli,Tospoviridae,Tospoviridae,ICTV 2026 (MSL41.v1),ncbi_name_exact_current_ictv_species,high,1,independent_source_verified
UniVH,SCLIN0022066,input_original/manual_downloads/UniVH/dataset.csv,normalized from outputs/tables/univh_family_reconstruction_audit.csv row 1328; unit=NCBI species-rank aggregate,RAW0022066,,3052565,Orthotospovirus arachiflavi,Orthotospovirus arachiflavi,Tospoviridae,Tospoviridae,ICTV 2026 (MSL41.v1),ncbi_name_exact_current_ictv_species,high,1,independent_source_verified
UniVH,SCLIN0022067,input_original/manual_downloads/UniVH/dataset.csv,normalized from outputs/tables/univh_family_reconstruction_audit.csv row 1329; unit=NCBI species-rank aggregate,RAW0022067,,3052566,Orthotospovirus arachinecrosis,Orthotospovirus arachinecrosis,Tospoviridae,Tospoviridae,ICTV 2026 (MSL41.v1),ncbi_name_exact_current_ictv_species,high,1,independent_source_verified
UniVH,SCLIN0022068,input_original/manual_downloads/UniVH/dataset.csv,normalized from outputs/tables/univh_family_reconstruction_audit.csv row 1330; unit=NCBI species-rank aggregate,RAW0022068,,3052567,Orthotospovirus callaflavi,Orthotospovirus callaflavi,Tospoviridae,Tospoviridae,ICTV 2026 (MSL41.v1),ncbi_name_exact_current_ictv_species,high,1,independent_source_verified
UniVH,SCLIN0022069,input_original/manual_downloads/UniVH/dataset.csv,normalized from outputs/tables/univh_family_reconstruction_audit.csv row 1331; unit=NCBI species-rank aggregate,RAW0022069,,3052568,Orthotospovirus capsiciflavi,Orthotospovirus capsiciflavi,Tospoviridae,Tospoviridae,ICTV 2026 (MSL41.v1),ncbi_name_exact_current_ictv_species,high,1,independent_source_verified
UniVH,SCLIN0022070,input_original/manual_downloads/UniVH/dataset.csv,normalized from outputs/tables/univh_family_reconstruction_audit.csv row 1332; unit=NCBI species-rank aggregate,RAW0022070,,3052570,Orthotospovirus chrysanthinecrocaulis,Orthotospovirus chrysanthinecrocaulis,Tospoviridae,Tospoviridae,ICTV 2026 (MSL41.v1),ncbi_name_exact_current_ictv_species,high,1,independent_source_verified
UniVH,SCLIN0022071,input_original/manual_downloads/UniVH/dataset.csv,normalized from outputs/tables/univh_family_reconstruction_audit.csv row 1333; unit=NCBI species-rank aggregate,RAW0022071,,3052572,Orthotospovirus citrullonecrosis,Orthotospovirus citrullonecrosis,Tospoviridae,Tospoviridae,ICTV 2026 (MSL41.v1),ncbi_name_exact_current_ictv_species,high,1,independent_source_verified
UniVH,SCLIN0022072,input_original/manual_downloads/UniVH/dataset.csv,normalized from outputs/tables/univh_family_reconstruction_audit.csv row 1334; unit=NCBI species-rank aggregate,RAW0022072,,3052573,Orthotospovirus cucurbichlorosis,Orthotospovirus cucurbichlorosis,Tospoviridae,Tospoviridae,ICTV 2026 (MSL41.v1),ncbi_name_exact_current_ictv_species,high,1,independent_source_verified
UniVH,SCLIN0022073,input_original/manual_downloads/UniVH/dataset.csv,normalized from outputs/tables/univh_family_reconstruction_audit.csv row 1335; unit=NCBI species-rank aggregate,RAW0022073,,3052574,Orthotospovirus glycininecrovenae,Orthotospovirus glycininecrovenae,Tospoviridae,Tospoviridae,ICTV 2026 (MSL41.v1),ncbi_name_exact_current_ictv_species,high,1,independent_source_verified
UniVH,SCLIN0022074,input_original/manual_downloads/UniVH/dataset.csv,normalized from outputs/tables/univh_family_reconstruction_audit.csv row 1336; unit=NCBI species-rank aggregate,RAW0022074,,3052578,Orthotospovirus meloflavi,Orthotospovirus meloflavi,Tospoviridae,Tospoviridae,ICTV 2026 (MSL41.v1),ncbi_name_exact_current_ictv_species,high,1,independent_source_verified
UniVH,SCLIN0022075,input_original/manual_downloads/UniVH/dataset.csv,normalized from outputs/tables/univh_family_reconstruction_audit.csv row 1337; unit=NCBI species-rank aggregate,RAW0022075,,3052581,Orthotospovirus phaseolinecrotessellati,Orthotospovirus phaseolinecrotessellati,Tospoviridae,Tospoviridae,ICTV 2026 (MSL41.v1),ncbi_name_exact_current_ictv_species,high,1,independent_source_verified
UniVH,SCLIN0022076,input_original/manual_downloads/UniVH/dataset.csv,normalized from outputs/tables/univh_family_reconstruction_audit.csv row 1338; unit=NCBI species-rank aggregate,RAW0022076,,3052583,Orthotospovirus tomatanuli,Orthotospovirus tomatanuli,Tospoviridae,Tospoviridae,ICTV 2026 (MSL41.v1),ncbi_name_exact_current_ictv_species,high,1,independent_source_verified
UniVH,SCLIN0022077,input_original/manual_downloads/UniVH/dataset.csv,normalized from outputs/tables/univh_family_reconstruction_audit.csv row 1339; unit=NCBI species-rank aggregate,RAW0022077,,3052584,Orthotospovirus tomatoflavi,Orthotospovirus tomatoflavi,Tospoviridae,Tospoviridae,ICTV 2026 (MSL41.v1),ncbi_name_exact_current_ictv_species,high,1,independent_source_verified
UniVH,SCLIN0022078,input_original/manual_downloads/UniVH/dataset.csv,normalized from outputs/tables/univh_family_reconstruction_audit.csv row 1340; unit=NCBI species-rank aggregate,RAW0022078,,3052585,Orthotospovirus tomatomaculae,Orthotospovirus tomatomaculae,Tospoviridae,Tospoviridae,ICTV 2026 (MSL41.v1),ncbi_name_exact_current_ictv_species,high,1,independent_source_verified
UniVH,SCLIN0022079,input_original/manual_downloads/UniVH/dataset.csv,normalized from outputs/tables/univh_family_reconstruction_audit.csv row 1341; unit=NCBI species-rank aggregate,RAW0022079,,3052586,Orthotospovirus tomatozonae,Orthotospovirus tomatozonae,Tospoviridae,Tospoviridae,ICTV 2026 (MSL41.v1),ncbi_name_exact_current_ictv_species,high,1,independent_source_verified
UniVH,SCLIN0022080,input_original/manual_downloads/UniVH/dataset.csv,normalized from outputs/tables/univh_family_reconstruction_audit.csv row 2162; unit=NCBI species-rank aggregate,RAW0022080,,2950845,Orthotospovirus mercurialis,Orthotospovirus mercurialis,Tospoviridae,Tospoviridae,ICTV 2026 (MSL41.v1),ncbi_name_exact_current_ictv_species,high,1,independent_source_verified
UniVH,SCLIN0022081,input_original/manual_downloads/UniVH/dataset.csv,normalized from outputs/tables/univh_family_reconstruction_audit.csv row 564; unit=NCBI species-rank aggregate,RAW0022081,,2734488,Orthotospovirus alstroemerinecrosis,Orthotospovirus alstroemerinecrosis,Tospoviridae,Tospoviridae,ICTV 2026 (MSL41.v1),ncbi_name_exact_current_ictv_species,high,1,independent_source_verified
UniVH,SCLIN0022082,input_original/manual_downloads/UniVH/dataset.csv,normalized from outputs/tables/univh_family_reconstruction_audit.csv row 89; unit=NCBI species-rank aggregate,RAW0022082,,1027232,Groundnut ringspot and Tomato chlorotic spot virus reassortant,Groundnut ringspot and Tomato chlorotic spot virus reassortant,Tospoviridae,Tospoviridae,ICTV 2026 (MSL41.v1),ncbi_family_ancestor_harmonized,high,1,independent_source_verified
UniVH,SCLIN0022083,input_original/manual_downloads/UniVH/dataset.csv,normalized from outputs/tables/univh_family_reconstruction_audit.csv row 949; unit=NCBI species-rank aggregate,RAW0022083,,2956253,Orthotulasvirus tulasnellae,Orthotulasvirus tulasnellae,Tulasviridae,Tulasviridae,ICTV 2026 (MSL41.v1),ncbi_name_exact_current_ictv_species,high,1,independent_source_verified
UniVH,SCLIN0022084,input_original/manual_downloads/UniVH/dataset.csv,normalized from outputs/tables/univh_family_reconstruction_audit.csv row 1070; unit=NCBI species-rank aggregate,RAW0022084,,3047360,Tymovirus latandigenum,Tymovirus latandigenum,Tymoviridae,Tymoviridae,ICTV 2026 (MSL41.v1),ncbi_name_exact_current_ictv_species,high,1,independent_source_verified
UniVH,SCLIN0022085,input_original/manual_downloads/UniVH/dataset.csv,normalized from outputs/tables/univh_family_reconstruction_audit.csv row 1071; unit=NCBI species-rank aggregate,RAW0022085,,3047361,Tymovirus mosandigenum,Tymovirus mosandigenum,Tymoviridae,Tymoviridae,ICTV 2026 (MSL41.v1),ncbi_name_exact_current_ictv_species,high,1,independent_source_verified
UniVH,SCLIN0022086,input_original/manual_downloads/UniVH/dataset.csv,normalized from outputs/tables/univh_family_reconstruction_audit.csv row 1096; unit=NCBI species-rank aggregate,RAW0022086,,3047757,Marafivirus citri,Marafivirus citri,Tymoviridae,Tymoviridae,ICTV 2026 (MSL41.v1),ncbi_name_exact_current_ictv_species,high,1,independent_source_verified
UniVH,SCLIN0022087,input_original/manual_downloads/UniVH/dataset.csv,normalized from outputs/tables/univh_family_reconstruction_audit.csv row 1107; unit=NCBI species-rank aggregate,RAW0022087,,3047846,Marafivirus asteroides,Marafivirus asteroides,Tymoviridae,Tymoviridae,ICTV 2026 (MSL41.v1),ncbi_name_exact_current_ictv_species,high,1,independent_source_verified
UniVH,SCLIN0022088,input_original/manual_downloads/UniVH/dataset.csv,normalized from outputs/tables/univh_family_reconstruction_audit.csv row 1111; unit=NCBI species-rank aggregate,RAW0022088,,3047853,Maculavirus vitis,Maculavirus vitis,Tymoviridae,Tymoviridae,ICTV 2026 (MSL41.v1),ncbi_name_exact_current_ictv_species,high,1,independent_source_verified
UniVH,SCLIN0022089,input_original/manual_downloads/UniVH/dataset.csv,normalized from outputs/tables/univh_family_reconstruction_audit.csv row 1112; unit=NCBI species-rank aggregate,RAW0022089,,3047855,Marafivirus syrahense,Marafivirus syrahense,Tymoviridae,Tymoviridae,ICTV 2026 (MSL41.v1),ncbi_name_exact_current_ictv_species,high,1,independent_source_verified
UniVH,SCLIN0022090,input_original/manual_downloads/UniVH/dataset.csv,normalized from outputs/tables/univh_family_reconstruction_audit.csv row 1131; unit=NCBI species-rank aggregate,RAW0022090,,3048192,Marafivirus maydis,Marafivirus maydis,Tymoviridae,Tymoviridae,ICTV 2026 (MSL41.v1),ncbi_name_exact_current_ictv_species,high,1,independent_source_verified
UniVH,SCLIN0022091,input_original/manual_downloads/UniVH/dataset.csv,normalized from outputs/tables/univh_family_reconstruction_audit.csv row 1138; unit=NCBI species-rank aggregate,RAW0022091,,3048218,Marafivirus nucipersicae,Marafivirus nucipersicae,Tymoviridae,Tymoviridae,ICTV 2026 (MSL41.v1),ncbi_name_exact_current_ictv_species,high,1,independent_source_verified
UniVH,SCLIN0022092,input_original/manual_downloads/UniVH/dataset.csv,normalized from outputs/tables/univh_family_reconstruction_audit.csv row 1141; unit=NCBI species-rank aggregate,RAW0022092,,3048228,Tymovirus abelmoschi,Tymovirus abelmoschi,Tymoviridae,Tymoviridae,ICTV 2026 (MSL41.v1),ncbi_name_exact_current_ictv_species,high,1,independent_source_verified
UniVH,SCLIN0022093,input_original/manual_downloads/UniVH/dataset.csv,normalized from outputs/tables/univh_family_reconstruction_audit.csv row 1143; unit=NCBI species-rank aggregate,RAW0022093,,3048231,Marafivirus oleae,Marafivirus oleae,Tymoviridae,Tymoviridae,ICTV 2026 (MSL41.v1),ncbi_name_exact_current_ictv_species,high,1,independent_source_verified
UniVH,SCLIN0022094,input_original/manual_downloads/UniVH/dataset.csv,normalized from outputs/tables/univh_family_reconstruction_audit.csv row 1179; unit=NCBI species-rank aggregate,RAW0022094,,3048373,Tymovirus lycopersici,Tymovirus lycopersici,Tymoviridae,Tymoviridae,ICTV 2026 (MSL41.v1),ncbi_name_exact_current_ictv_species,high,1,independent_source_verified
UniVH,SCLIN0022095,input_original/manual_downloads/UniVH/dataset.csv,normalized from outputs/tables/univh_family_reconstruction_audit.csv row 1184; unit=NCBI species-rank aggregate,RAW0022095,,3048438,Tymovirus brassicae,Tymovirus brassicae,Tymoviridae,Tymoviridae,ICTV 2026 (MSL41.v1),ncbi_name_exact_current_ictv_species,high,1,independent_source_verified
UniVH,SCLIN0022096,input_original/manual_downloads/UniVH/dataset.csv,normalized from outputs/tables/univh_family_reconstruction_audit.csv row 1262; unit=NCBI species-rank aggregate,RAW0022096,,3052333,Marafivirus pruni,Marafivirus pruni,Tymoviridae,Tymoviridae,ICTV 2026 (MSL41.v1),ncbi_name_exact_current_ictv_species,high,1,independent_source_verified
UniVH,SCLIN0022097,input_original/manual_downloads/UniVH/dataset.csv,normalized from outputs/tables/univh_family_reconstruction_audit.csv row 1430; unit=NCBI species-rank aggregate,RAW0022097,,3072484,Triticum aestivum marafivirus,Triticum aestivum marafivirus,Tymoviridae,Tymoviridae,ICTV 2026 (MSL41.v1),ncbi_family_ancestor_harmonized,high,1,independent_source_verified
UniVH,SCLIN0022098,input_original/manual_downloads/UniVH/dataset.csv,normalized from outputs/tables/univh_family_reconstruction_audit.csv row 201; unit=NCBI species-rank aggregate,RAW0022098,,1682186,Bee Macula-like virus,Bee Macula-like virus,Tymoviridae,Tymoviridae,ICTV 2026 (MSL41.v1),ncbi_family_ancestor_harmonized,high,1,independent_source_verified
UniVH,SCLIN0022099,input_original/manual_downloads/UniVH/dataset.csv,normalized from outputs/tables/univh_family_reconstruction_audit.csv row 202; unit=NCBI species-rank aggregate,RAW0022099,,1682187,Varroa Tymo-like virus,Varroa Tymo-like virus,Tymoviridae,Tymoviridae,ICTV 2026 (MSL41.v1),ncbi_family_ancestor_harmonized,high,1,independent_source_verified
UniVH,SCLIN0022100,input_original/manual_downloads/UniVH/dataset.csv,normalized from outputs/tables/univh_family_reconstruction_audit.csv row 30; unit=NCBI species-rank aggregate,RAW0022100,,103723,Grapevine Red Globe virus,Grapevine Red Globe virus,Tymoviridae,Tymoviridae,ICTV 2026 (MSL41.v1),ncbi_family_ancestor_harmonized,high,1,independent_source_verified
UniVH,SCLIN0022101,input_original/manual_downloads/UniVH/dataset.csv,normalized from outputs/tables/univh_family_reconstruction_audit.csv row 379; unit=NCBI species-rank aggregate,RAW0022101,,2065033,Bombyx mori latent virus,Bombyx mori latent virus,Tymoviridae,Tymoviridae,ICTV 2026 (MSL41.v1),ncbi_family_ancestor_harmonized,high,1,independent_source_verified
UniVH,SCLIN0022102,input_original/manual_downloads/UniVH/dataset.csv,normalized from outputs/tables/univh_family_reconstruction_audit.csv row 39; unit=NCBI species-rank aggregate,RAW0022102,,204933,Grapevine rupestris vein feathering virus,Grapevine rupestris vein feathering virus,Tymoviridae,Tymoviridae,ICTV 2026 (MSL41.v1),ncbi_family_ancestor_harmonized,high,1,independent_source_verified
UniVH,SCLIN0022103,input_original/manual_downloads/UniVH/dataset.csv,normalized from outputs/tables/univh_family_reconstruction_audit.csv row 440; unit=NCBI species-rank aggregate,RAW0022103,,2488704,Ek Balam virus,Ek Balam virus,Tymoviridae,Tymoviridae,ICTV 2026 (MSL41.v1),ncbi_family_ancestor_harmonized,high,1,independent_source_verified
UniVH,SCLIN0022104,input_original/manual_downloads/UniVH/dataset.csv,normalized from outputs/tables/univh_family_reconstruction_audit.csv row 538; unit=NCBI species-rank aggregate,RAW0022104,,2713209,Sorghum bicolor marafivirus,Sorghum bicolor marafivirus,Tymoviridae,Tymoviridae,ICTV 2026 (MSL41.v1),ncbi_family_ancestor_harmonized,high,1,independent_source_verified
UniVH,SCLIN0022105,input_original/manual_downloads/UniVH/dataset.csv,normalized from outputs/tables/univh_family_reconstruction_audit.csv row 66; unit=NCBI species-rank aggregate,RAW0022105,,544743,Tomato yellow blotch virus,Tomato yellow blotch virus,Tymoviridae,Tymoviridae,ICTV 2026 (MSL41.v1),ncbi_family_ancestor_harmonized,high,1,independent_source_verified
UniVH,SCLIN0022106,input_original/manual_downloads/UniVH/dataset.csv,normalized from outputs/tables/univh_family_reconstruction_audit.csv row 94; unit=NCBI species-rank aggregate,RAW0022106,,1027869,Switchgrass mosaic virus,Switchgrass mosaic virus,Tymoviridae,Tymoviridae,ICTV 2026 (MSL41.v1),ncbi_family_ancestor_harmonized,high,1,independent_source_verified
UniVH,SCLIN0022107,input_original/manual_downloads/UniVH/dataset.csv,normalized from outputs/tables/univh_family_reconstruction_audit.csv row 1438; unit=NCBI species-rank aggregate,RAW0022107,,3079710,Rubber tree latent virus 2,Rubber tree latent virus 2,Virgaviridae,Virgaviridae,ICTV 2026 (MSL41.v1),ncbi_family_ancestor_harmonized,high,1,independent_source_verified
UniVH,SCLIN0022108,input_original/manual_downloads/UniVH/dataset.csv,normalized from outputs/tables/univh_family_reconstruction_audit.csv row 1802; unit=NCBI species-rank aggregate,RAW0022108,,3428874,Furovirus cerealis,Furovirus cerealis,Virgaviridae,Virgaviridae,ICTV 2026 (MSL41.v1),ncbi_name_exact_current_ictv_species,high,1,independent_source_verified
UniVH,SCLIN0022109,input_original/manual_downloads/UniVH/dataset.csv,normalized from outputs/tables/univh_family_reconstruction_audit.csv row 1803; unit=NCBI species-rank aggregate,RAW0022109,,3428875,Furovirus chinense,Furovirus chinense,Virgaviridae,Virgaviridae,ICTV 2026 (MSL41.v1),ncbi_name_exact_current_ictv_species,high,1,independent_source_verified
UniVH,SCLIN0022110,input_original/manual_downloads/UniVH/dataset.csv,normalized from outputs/tables/univh_family_reconstruction_audit.csv row 1804; unit=NCBI species-rank aggregate,RAW0022110,,3428878,Furovirus tritici,Furovirus tritici,Virgaviridae,Virgaviridae,ICTV 2026 (MSL41.v1),ncbi_name_exact_current_ictv_species,high,1,independent_source_verified
UniVH,SCLIN0022111,input_original/manual_downloads/UniVH/dataset.csv,normalized from outputs/tables/univh_family_reconstruction_audit.csv row 1819; unit=NCBI species-rank aggregate,RAW0022111,,3429794,Hordeivirus hordei,Hordeivirus hordei,Virgaviridae,Virgaviridae,ICTV 2026 (MSL41.v1),ncbi_name_exact_current_ictv_species,high,1,independent_source_verified
UniVH,SCLIN0022112,input_original/manual_downloads/UniVH/dataset.csv,normalized from outputs/tables/univh_family_reconstruction_audit.csv row 1820; unit=NCBI species-rank aggregate,RAW0022112,,3429796,Hordeivirus poae,Hordeivirus poae,Virgaviridae,Virgaviridae,ICTV 2026 (MSL41.v1),ncbi_name_exact_current_ictv_species,high,1,independent_source_verified
UniVH,SCLIN0022113,input_original/manual_downloads/UniVH/dataset.csv,normalized from outputs/tables/univh_family_reconstruction_audit.csv row 1964; unit=NCBI species-rank aggregate,RAW0022113,,3431815,Pomovirus solani,Pomovirus solani,Virgaviridae,Virgaviridae,ICTV 2026 (MSL41.v1),ncbi_name_exact_current_ictv_species,high,1,independent_source_verified
UniVH,SCLIN0022114,input_original/manual_downloads/UniVH/dataset.csv,normalized from outputs/tables/univh_family_reconstruction_audit.csv row 1965; unit=NCBI species-rank aggregate,RAW0022114,,3431816,Pomovirus solibetae,Pomovirus solibetae,Virgaviridae,Virgaviridae,ICTV 2026 (MSL41.v1),ncbi_name_exact_current_ictv_species,high,1,independent_source_verified
UniVH,SCLIN0022115,input_original/manual_downloads/UniVH/dataset.csv,normalized from outputs/tables/univh_family_reconstruction_audit.csv row 2020; unit=NCBI species-rank aggregate,RAW0022115,,3432865,Tobamovirus capsici,Tobamovirus capsici,Virgaviridae,Virgaviridae,ICTV 2026 (MSL41.v1),ncbi_name_exact_current_ictv_species,high,1,independent_source_verified
UniVH,SCLIN0022116,input_original/manual_downloads/UniVH/dataset.csv,normalized from outputs/tables/univh_family_reconstruction_audit.csv row 2021; unit=NCBI species-rank aggregate,RAW0022116,,3432866,Tobamovirus clitoriae,Tobamovirus clitoriae,Virgaviridae,Virgaviridae,ICTV 2026 (MSL41.v1),ncbi_name_exact_current_ictv_species,high,1,independent_source_verified
UniVH,SCLIN0022117,input_original/manual_downloads/UniVH/dataset.csv,normalized from outputs/tables/univh_family_reconstruction_audit.csv row 2022; unit=NCBI species-rank aggregate,RAW0022117,,3432872,Tobamovirus fructirugosum,Tobamovirus fructirugosum,Virgaviridae,Virgaviridae,ICTV 2026 (MSL41.v1),ncbi_name_exact_current_ictv_species,high,1,independent_source_verified
UniVH,SCLIN0022118,input_original/manual_downloads/UniVH/dataset.csv,normalized from outputs/tables/univh_family_reconstruction_audit.csv row 2023; unit=NCBI species-rank aggregate,RAW0022118,,3432876,Tobamovirus maculafructi,Tobamovirus maculafructi,Virgaviridae,Virgaviridae,ICTV 2026 (MSL41.v1),ncbi_name_exact_current_ictv_species,high,1,independent_source_verified
UniVH,SCLIN0022119,input_original/manual_downloads/UniVH/dataset.csv,normalized from outputs/tables/univh_family_reconstruction_audit.csv row 2024; unit=NCBI species-rank aggregate,RAW0022119,,3432877,Tobamovirus maculatessellati,Tobamovirus maculatessellati,Virgaviridae,Virgaviridae,ICTV 2026 (MSL41.v1),ncbi_name_exact_current_ictv_species,high,1,independent_source_verified
UniVH,SCLIN0022120,input_original/manual_downloads/UniVH/dataset.csv,normalized from outputs/tables/univh_family_reconstruction_audit.csv row 2025; unit=NCBI species-rank aggregate,RAW0022120,,3432879,Tobamovirus mititessellati,Tobamovirus mititessellati,Virgaviridae,Virgaviridae,ICTV 2026 (MSL41.v1),ncbi_name_exact_current_ictv_species,high,1,independent_source_verified
UniVH,SCLIN0022121,input_original/manual_downloads/UniVH/dataset.csv,normalized from outputs/tables/univh_family_reconstruction_audit.csv row 2026; unit=NCBI species-rank aggregate,RAW0022121,,3432880,Tobamovirus obudae,Tobamovirus obudae,Virgaviridae,Virgaviridae,ICTV 2026 (MSL41.v1),ncbi_name_exact_current_ictv_species,high,1,independent_source_verified
UniVH,SCLIN0022122,input_original/manual_downloads/UniVH/dataset.csv,normalized from outputs/tables/univh_family_reconstruction_audit.csv row 2027; unit=NCBI species-rank aggregate,RAW0022122,,3432883,Tobamovirus paprikae,Tobamovirus paprikae,Virgaviridae,Virgaviridae,ICTV 2026 (MSL41.v1),ncbi_name_exact_current_ictv_species,high,1,independent_source_verified
UniVH,SCLIN0022123,input_original/manual_downloads/UniVH/dataset.csv,normalized from outputs/tables/univh_family_reconstruction_audit.csv row 2028; unit=NCBI species-rank aggregate,RAW0022123,,3432885,Tobamovirus plantagonis,Tobamovirus plantagonis,Virgaviridae,Virgaviridae,ICTV 2026 (MSL41.v1),ncbi_name_exact_current_ictv_species,high,1,independent_source_verified
UniVH,SCLIN0022124,input_original/manual_downloads/UniVH/dataset.csv,normalized from outputs/tables/univh_family_reconstruction_audit.csv row 2029; unit=NCBI species-rank aggregate,RAW0022124,,3432888,Tobamovirus rehmanniae,Tobamovirus rehmanniae,Virgaviridae,Virgaviridae,ICTV 2026 (MSL41.v1),ncbi_name_exact_current_ictv_species,high,1,independent_source_verified
UniVH,SCLIN0022125,input_original/manual_downloads/UniVH/dataset.csv,normalized from outputs/tables/univh_family_reconstruction_audit.csv row 2030; unit=NCBI species-rank aggregate,RAW0022125,,3432891,Tobamovirus tabaci,Tobamovirus tabaci,Virgaviridae,Virgaviridae,ICTV 2026 (MSL41.v1),ncbi_name_exact_current_ictv_species,high,1,independent_source_verified
UniVH,SCLIN0022126,input_original/manual_downloads/UniVH/dataset.csv,normalized from outputs/tables/univh_family_reconstruction_audit.csv row 2031; unit=NCBI species-rank aggregate,RAW0022126,,3432892,Tobamovirus tomatotessellati,Tobamovirus tomatotessellati,Virgaviridae,Virgaviridae,ICTV 2026 (MSL41.v1),ncbi_name_exact_current_ictv_species,high,1,independent_source_verified
UniVH,SCLIN0022127,input_original/manual_downloads/UniVH/dataset.csv,normalized from outputs/tables/univh_family_reconstruction_audit.csv row 2032; unit=NCBI species-rank aggregate,RAW0022127,,3432895,Tobamovirus viridimaculae,Tobamovirus viridimaculae,Virgaviridae,Virgaviridae,ICTV 2026 (MSL41.v1),ncbi_name_exact_current_ictv_species,high,1,independent_source_verified
UniVH,SCLIN0022128,input_original/manual_downloads/UniVH/dataset.csv,normalized from outputs/tables/univh_family_reconstruction_audit.csv row 2033; unit=NCBI species-rank aggregate,RAW0022128,,3432897,Tobamovirus youcai,Tobamovirus youcai,Virgaviridae,Virgaviridae,ICTV 2026 (MSL41.v1),ncbi_name_exact_current_ictv_species,high,1,independent_source_verified
UniVH,SCLIN0022129,input_original/manual_downloads/UniVH/dataset.csv,normalized from outputs/tables/univh_family_reconstruction_audit.csv row 2034; unit=NCBI species-rank aggregate,RAW0022129,,3432900,Tobravirus tabaci,Tobravirus tabaci,Virgaviridae,Virgaviridae,ICTV 2026 (MSL41.v1),ncbi_name_exact_current_ictv_species,high,1,independent_source_verified
UniVH,SCLIN0022130,input_original/manual_downloads/UniVH/dataset.csv,normalized from outputs/tables/univh_family_reconstruction_audit.csv row 438; unit=NCBI species-rank aggregate,RAW0022130,,2485835,Watermelon green mottle mosaic virus,Watermelon green mottle mosaic virus,Virgaviridae,Virgaviridae,ICTV 2026 (MSL41.v1),ncbi_family_ancestor_harmonized,high,1,independent_source_verified
UniVH,SCLIN0022131,input_original/manual_downloads/UniVH/dataset.csv,normalized from outputs/tables/univh_family_reconstruction_audit.csv row 671; unit=NCBI species-rank aggregate,RAW0022131,,2792284,Chili pepper mild mottle virus,Chili pepper mild mottle virus,Virgaviridae,Virgaviridae,ICTV 2026 (MSL41.v1),ncbi_family_ancestor_harmonized,high,1,independent_source_verified
UniVH,SCLIN0022132,input_original/manual_downloads/UniVH/dataset.csv,normalized from outputs/tables/univh_family_reconstruction_audit.csv row 672; unit=NCBI species-rank aggregate,RAW0022132,,2792285,Yellow pepper mild mottle virus,Yellow pepper mild mottle virus,Virgaviridae,Virgaviridae,ICTV 2026 (MSL41.v1),ncbi_family_ancestor_harmonized,high,1,independent_source_verified
UniVH,SCLIN0022133,input_original/manual_downloads/UniVH/dataset.csv,normalized from outputs/tables/univh_family_reconstruction_audit.csv row 756; unit=NCBI species-rank aggregate,RAW0022133,,2859595,Rubber tree latent virus 1,Rubber tree latent virus 1,Virgaviridae,Virgaviridae,ICTV 2026 (MSL41.v1),ncbi_family_ancestor_harmonized,high,1,independent_source_verified
UniVH,SCLIN0022134,input_original/manual_downloads/UniVH/dataset.csv,normalized from outputs/tables/univh_family_reconstruction_audit.csv row 861; unit=NCBI species-rank aggregate,RAW0022134,,2950858,Plant associated virga-like virus 1,Plant associated virga-like virus 1,Virgaviridae,Virgaviridae,ICTV 2026 (MSL41.v1),ncbi_family_ancestor_harmonized,high,1,independent_source_verified
UniVH,SCLIN0022135,input_original/manual_downloads/UniVH/dataset.csv,normalized from outputs/tables/univh_family_reconstruction_audit.csv row 1753; unit=NCBI species-rank aggregate,RAW0022135,,3428138,Culivirus belgradiense,Culivirus belgradiense,Xinmoviridae,Xinmoviridae,ICTV 2026 (MSL41.v1),ncbi_name_exact_current_ictv_species,high,1,independent_source_verified
UniVH,SCLIN0022136,input_original/manual_downloads/UniVH/dataset.csv,normalized from outputs/tables/univh_family_reconstruction_audit.csv row 1754; unit=NCBI species-rank aggregate,RAW0022136,,3428139,Culivirus dunyae,Culivirus dunyae,Xinmoviridae,Xinmoviridae,ICTV 2026 (MSL41.v1),ncbi_name_exact_current_ictv_species,high,1,independent_source_verified
UniVH,SCLIN0022137,input_original/manual_downloads/UniVH/dataset.csv,normalized from outputs/tables/univh_family_reconstruction_audit.csv row 247; unit=NCBI species-rank aggregate,RAW0022137,,1884460,Anphevirus xinchengense,Anphevirus xinchengense,Xinmoviridae,Xinmoviridae,ICTV 2026 (MSL41.v1),ncbi_name_exact_current_ictv_species,high,1,independent_source_verified
UniVH,SCLIN0022138,input_original/manual_downloads/UniVH/dataset.csv,normalized from outputs/tables/univh_family_reconstruction_audit.csv row 376; unit=NCBI species-rank aggregate,RAW0022138,,2059675,Aedes aegypti anphevirus,Aedes aegypti anphevirus,Xinmoviridae,Xinmoviridae,ICTV 2026 (MSL41.v1),ncbi_family_ancestor_harmonized,high,1,independent_source_verified
UniVH,SCLIN0022139,input_original/manual_downloads/UniVH/dataset.csv,normalized from outputs/tables/univh_family_reconstruction_audit.csv row 467; unit=NCBI species-rank aggregate,RAW0022139,,2501933,Gambievirus bolahunense,Gambievirus bolahunense,Xinmoviridae,Xinmoviridae,ICTV 2026 (MSL41.v1),ncbi_name_exact_current_ictv_species,high,1,independent_source_verified
UniVH,SCLIN0022140,input_original/manual_downloads/UniVH/dataset.csv,normalized from outputs/tables/univh_family_reconstruction_audit.csv row 919; unit=NCBI species-rank aggregate,RAW0022140,,2955763,Doupovirus australiaense,Doupovirus australiaense,Xinmoviridae,Xinmoviridae,ICTV 2026 (MSL41.v1),ncbi_name_exact_current_ictv_species,high,1,independent_source_verified
UniVH,SCLIN0022141,input_original/manual_downloads/UniVH/dataset.csv,normalized from outputs/tables/univh_family_reconstruction_audit.csv row 940; unit=NCBI species-rank aggregate,RAW0022141,,2955967,Gylbovirus aagae,Gylbovirus aagae,Xinmoviridae,Xinmoviridae,ICTV 2026 (MSL41.v1),ncbi_name_exact_current_ictv_species,high,1,independent_source_verified
UniVH,SCLIN0022142,input_original/manual_downloads/UniVH/dataset.csv,normalized from outputs/tables/univh_family_reconstruction_audit.csv row 944; unit=NCBI species-rank aggregate,RAW0022142,,2956148,Madalivirus amazonaense,Madalivirus amazonaense,Xinmoviridae,Xinmoviridae,ICTV 2026 (MSL41.v1),ncbi_name_exact_current_ictv_species,high,1,independent_source_verified
UniVH,SCLIN0022143,input_original/manual_downloads/UniVH/dataset.csv,normalized from outputs/tables/univh_family_reconstruction_audit.csv row 388; unit=NCBI species-rank aggregate,RAW0022143,,2094187,Yado-nushi virus 1-A,Yado-nushi virus 1-A,,Yadonushiviridae,ICTV 2026 (MSL41.v1),unique_vmr_genbank_accession,high,1,independent_source_verified
