Virus_name,Genbank_accession,Historical_viral_group,Resolved_accession,Nucleotide_title,NCBI_organism,NCBI_source_taxid,NCBI_effective_taxid,NCBI_family,Current_ICTV_family,Mapping_method,NCBI_lineage,Pretraining_included
Allpahuayo virus,NC_010253.1,Arenavirus,NC_010253.1,"Allpahuayo virus segment S, complete sequence",Mammarenavirus allpahuayoense,144752,144752,Arenaviridae,Arenaviridae,current_family_from_ictv_lineage_name,Viruses; Riboviria; Orthornavirae; Negarnaviricota; Polyploviricotina; Bunyaviricetes; Hareavirales; Arenaviridae; Mammarenavirus; Mammarenavirus allpahuayoense,no
Amapari virus,NC_010247.1,Arenavirus,NC_010247.1,"Amapari virus segment S, complete sequence",Amapari virus,2886894,2886894,Arenaviridae,Arenaviridae,current_family_from_ictv_lineage_name,Viruses; Riboviria; Orthornavirae; Negarnaviricota; Polyploviricotina; Bunyaviricetes; Hareavirales; Arenaviridae; Mammarenavirus; Mammarenavirus amapariense; Amapari virus,no
Arenavirus H0030026,GQ903697.1,Arenavirus,GQ903697.1,"Arenavirus H0030026 segment S, complete sequence",Arenavirus H0030026,767474,767474,Arenaviridae,Arenaviridae,exact_current_ncbi_family,Viruses; Riboviria; Orthornavirae; Negarnaviricota; Polyploviricotina; Bunyaviricetes; Hareavirales; Arenaviridae; unclassified Arenaviridae; Arenavirus H0030026,no
Bear canyon virus,NC_010256.1,Arenavirus,NC_010256.1,"Bear Canyon virus segment S, complete sequence",Mammarenavirus bearense,3052298,3052298,Arenaviridae,Arenaviridae,current_family_from_ictv_lineage_name,Viruses; Riboviria; Orthornavirae; Negarnaviricota; Polyploviricotina; Bunyaviricetes; Hareavirales; Arenaviridae; Mammarenavirus; Mammarenavirus bearense,no
Big brushy tank virus,EF619036.1,Arenavirus,EF619036.1,"Big brushy tank virus strain AV D0390324 segment S, complete sequence",Big brushy tank virus,466144,466144,Arenaviridae,Arenaviridae,current_family_from_ictv_lineage_name,Viruses; Riboviria; Orthornavirae; Negarnaviricota; Polyploviricotina; Bunyaviricetes; Hareavirales; Arenaviridae; Mammarenavirus; Mammarenavirus whitewaterense; Big brushy tank virus,no
Boa arenavirus,NC_023761.1,Arenavirus,NC_023761.1,"Boa arenavirus NL isolate 3 segment S, complete sequence",ROUT virus,1303019,1303019,Arenaviridae,Arenaviridae,current_family_from_ictv_lineage_name,Viruses; Riboviria; Orthornavirae; Negarnaviricota; Polyploviricotina; Bunyaviricetes; Hareavirales; Arenaviridae; Reptarenavirus; Reptarenavirus rotterdamense; ROUT virus,no
Cardamones virus,KC669694.1,Arenavirus,KC669694.1,"Cardamones virus isolate C617 glycoprotein precursor (GPC) and nucleocapsid protein (NP) genes, complete cds",Cardamones virus,1437125,1437125,Arenaviridae,Arenaviridae,exact_current_ncbi_family,Viruses; Riboviria; Orthornavirae; Negarnaviricota; Polyploviricotina; Bunyaviricetes; Hareavirales; Arenaviridae; unclassified Arenaviridae; Cardamones virus,no
CAS virus,NC_018481.1,Arenavirus,NC_018481.1,"CAS virus segment S, complete genome",CAS virus,1223561,1223561,Arenaviridae,Arenaviridae,current_family_from_ictv_lineage_name,Viruses; Riboviria; Orthornavirae; Negarnaviricota; Polyploviricotina; Bunyaviricetes; Hareavirales; Arenaviridae; Reptarenavirus; Reptarenavirus californiae; CAS virus,no
Catarina virus,DQ865245.1,Arenavirus,DQ865245.1,"Catarina virus strain AV A0400212 segment S, complete sequence",Catarina virus,404768,404768,Arenaviridae,Arenaviridae,current_family_from_ictv_lineage_name,Viruses; Riboviria; Orthornavirae; Negarnaviricota; Polyploviricotina; Bunyaviricetes; Hareavirales; Arenaviridae; Mammarenavirus; Mammarenavirus whitewaterense; Catarina virus,no
Chapare virus,NC_010562.1,Arenavirus,NC_010562.1,"Chapare virus segment S, complete sequence",Mammarenavirus chapareense,3052302,3052302,Arenaviridae,Arenaviridae,current_family_from_ictv_lineage_name,Viruses; Riboviria; Orthornavirae; Negarnaviricota; Polyploviricotina; Bunyaviricetes; Hareavirales; Arenaviridae; Mammarenavirus; Mammarenavirus chapareense,no
Cupixi virus,NC_010254.1,Arenavirus,NC_010254.1,"Cupixi virus segment S, complete sequence",Mammarenavirus cupixiense,3052304,3052304,Arenaviridae,Arenaviridae,current_family_from_ictv_lineage_name,Viruses; Riboviria; Orthornavirae; Negarnaviricota; Polyploviricotina; Bunyaviricetes; Hareavirales; Arenaviridae; Mammarenavirus; Mammarenavirus cupixiense,no
Dandenong virus,EU136038.1,Arenavirus,EU136038.1,"Dandenong virus isolate 0710-2678 segment S glycoprotein (GPC) and nucleoprotein (NP) genes, complete cds",Dandenong virus,483046,483046,Arenaviridae,Arenaviridae,current_family_from_ictv_lineage_name,Viruses; Riboviria; Orthornavirae; Negarnaviricota; Polyploviricotina; Bunyaviricetes; Hareavirales; Arenaviridae; Mammarenavirus; Mammarenavirus choriomeningitidis; Dandenong virus,no
Flexal virus,NC_010757.1,Arenavirus,NC_010757.1,"Flexal virus segment S, complete sequence",Mammarenavirus flexalense,3052305,3052305,Arenaviridae,Arenaviridae,current_family_from_ictv_lineage_name,Viruses; Riboviria; Orthornavirae; Negarnaviricota; Polyploviricotina; Bunyaviricetes; Hareavirales; Arenaviridae; Mammarenavirus; Mammarenavirus flexalense,no
Gairo virus,NC_026246.1,Arenavirus,NC_026246.1,"Gairo virus isolate TZ-27421_S segment S, complete sequence",Mammarenavirus gairoense,3052306,3052306,Arenaviridae,Arenaviridae,current_family_from_ictv_lineage_name,Viruses; Riboviria; Orthornavirae; Negarnaviricota; Polyploviricotina; Bunyaviricetes; Hareavirales; Arenaviridae; Mammarenavirus; Mammarenavirus gairoense,no
Gbagroube virus,GU830848.1,Arenavirus,GU830848.1,"Gbagroube virus strain CIV608 glycoprotein precursor (GPC) and nucleoprotein (NP) genes, complete cds",Gbagroube virus,980879,980879,Arenaviridae,Arenaviridae,exact_current_ncbi_family,Viruses; Riboviria; Orthornavirae; Negarnaviricota; Polyploviricotina; Bunyaviricetes; Hareavirales; Arenaviridae; unclassified Arenaviridae; Arenavirus; Old world arenaviruses; unclassified Old world arenaviruses; Gbagroube virus,no
Golden Gate virus,NC_018483.1,Arenavirus,NC_018483.1,"Golden Gate virus segment S, complete genome",Golden Gate virus,1223562,1223562,Arenaviridae,Arenaviridae,current_family_from_ictv_lineage_name,Viruses; Riboviria; Orthornavirae; Negarnaviricota; Polyploviricotina; Bunyaviricetes; Hareavirales; Arenaviridae; Reptarenavirus; Reptarenavirus aurei; Golden Gate virus,no
Guanarito virus,NC_005077.1,Arenavirus,NC_005077.1,"Guanarito virus segment S, complete genome",Mammarenavirus guanaritoense,3052307,3052307,Arenaviridae,Arenaviridae,current_family_from_ictv_lineage_name,Viruses; Riboviria; Orthornavirae; Negarnaviricota; Polyploviricotina; Bunyaviricetes; Hareavirales; Arenaviridae; Mammarenavirus; Mammarenavirus guanaritoense,no
Ippy virus,NC_007905.1,Arenavirus,NC_007905.1,"Ippy virus segment S, complete sequence",Mammarenavirus ippyense,3052308,3052308,Arenaviridae,Arenaviridae,current_family_from_ictv_lineage_name,Viruses; Riboviria; Orthornavirae; Negarnaviricota; Polyploviricotina; Bunyaviricetes; Hareavirales; Arenaviridae; Mammarenavirus; Mammarenavirus ippyense,no
Junin arenavirus,NC_005081.1,Arenavirus,NC_005081.1,"Junin virus segment S, complete genome",Mammarenavirus juninense,2169991,2169991,Arenaviridae,Arenaviridae,current_family_from_ictv_lineage_name,Viruses; Riboviria; Orthornavirae; Negarnaviricota; Polyploviricotina; Bunyaviricetes; Hareavirales; Arenaviridae; Mammarenavirus; Mammarenavirus juninense,no
Lassa virus,NC_004296.1,Arenavirus,NC_004296.1,"Lassa virus segment S, complete sequence",Mammarenavirus lassaense,3052310,3052310,Arenaviridae,Arenaviridae,current_family_from_ictv_lineage_name,Viruses; Riboviria; Orthornavirae; Negarnaviricota; Polyploviricotina; Bunyaviricetes; Hareavirales; Arenaviridae; Mammarenavirus; Mammarenavirus lassaense,no
Latino virus,NC_010758.1,Arenavirus,NC_010758.1,"Latino virus segment S, complete sequence",Mammarenavirus latinum,3052311,3052311,Arenaviridae,Arenaviridae,current_family_from_ictv_lineage_name,Viruses; Riboviria; Orthornavirae; Negarnaviricota; Polyploviricotina; Bunyaviricetes; Hareavirales; Arenaviridae; Mammarenavirus; Mammarenavirus latinum,no
Loie River virus,KC669698.1,Arenavirus,KC669698.1,"Loie River virus isolate R5074 glycoprotein precursor (GPC) and nucleocapsid protein (NP) genes, complete cds",Mammarenavirus loeiense,3052313,3052313,Arenaviridae,Arenaviridae,current_family_from_ictv_lineage_name,Viruses; Riboviria; Orthornavirae; Negarnaviricota; Polyploviricotina; Bunyaviricetes; Hareavirales; Arenaviridae; Mammarenavirus; Mammarenavirus loeiense,no
Lujo virus,NC_012776.1,Arenavirus,NC_012776.1,"Lujo virus segment S, complete genome",Mammarenavirus lujoense,3052314,3052314,Arenaviridae,Arenaviridae,current_family_from_ictv_lineage_name,Viruses; Riboviria; Orthornavirae; Negarnaviricota; Polyploviricotina; Bunyaviricetes; Hareavirales; Arenaviridae; Mammarenavirus; Mammarenavirus lujoense,no
Luna virus,NC_016152.1,Arenavirus,NC_016152.1,"Luna virus segment S, complete genome",Mammarenavirus lunaense,3052315,3052315,Arenaviridae,Arenaviridae,current_family_from_ictv_lineage_name,Viruses; Riboviria; Orthornavirae; Negarnaviricota; Polyploviricotina; Bunyaviricetes; Hareavirales; Arenaviridae; Mammarenavirus; Mammarenavirus lunaense,no
Lunk virus NKS-1,NC_018710.1,Arenavirus,NC_018710.1,"Lunk virus NKS-1 segment S, complete genome",Lunk virus NKS-1,1134579,1134579,Arenaviridae,Arenaviridae,current_family_from_ictv_lineage_name,Viruses; Riboviria; Orthornavirae; Negarnaviricota; Polyploviricotina; Bunyaviricetes; Hareavirales; Arenaviridae; Mammarenavirus; Mammarenavirus lunkense; Lunk virus NKS-1,no
Lymphocytic choriomeningitis virus,NC_004294.1,Arenavirus,NC_004294.1,"Lymphocytic choriomeningitis virus segment S, complete sequence",Mammarenavirus choriomeningitidis,3052303,3052303,Arenaviridae,Arenaviridae,current_family_from_ictv_lineage_name,Viruses; Riboviria; Orthornavirae; Negarnaviricota; Polyploviricotina; Bunyaviricetes; Hareavirales; Arenaviridae; Mammarenavirus; Mammarenavirus choriomeningitidis,no
Machupo virus,NC_005078.1,Arenavirus,NC_005078.1,"Machupo virus segment S, complete genome",Mammarenavirus machupoense,3052317,3052317,Arenaviridae,Arenaviridae,current_family_from_ictv_lineage_name,Viruses; Riboviria; Orthornavirae; Negarnaviricota; Polyploviricotina; Bunyaviricetes; Hareavirales; Arenaviridae; Mammarenavirus; Mammarenavirus machupoense,no
Menekre virus,GU830862.1,Arenavirus,GU830862.1,"Menekre virus strain CIV1227 glycoprotein precursor (GPC) and nucleoprotein (NP) genes, complete cds",Menekre virus,980880,980880,Arenaviridae,Arenaviridae,exact_current_ncbi_family,Viruses; Riboviria; Orthornavirae; Negarnaviricota; Polyploviricotina; Bunyaviricetes; Hareavirales; Arenaviridae; unclassified Arenaviridae; Arenavirus; Old world arenaviruses; unclassified Old world arenaviruses; Menekre virus,no
Merino Walk virus,NC_023764.1,Arenavirus,NC_023764.1,"Merino Walk virus GP (GP) and NP (NP) genes, complete cds",Mammarenavirus merinoense,3052319,3052319,Arenaviridae,Arenaviridae,current_family_from_ictv_lineage_name,Viruses; Riboviria; Orthornavirae; Negarnaviricota; Polyploviricotina; Bunyaviricetes; Hareavirales; Arenaviridae; Mammarenavirus; Mammarenavirus merinoense,no
Mobala virus,NC_007903.1,Arenavirus,NC_007903.1,"Mobala virus segment S, complete sequence",Mammarenavirus praomyidis,3052325,3052325,Arenaviridae,Arenaviridae,current_family_from_ictv_lineage_name,Viruses; Riboviria; Orthornavirae; Negarnaviricota; Polyploviricotina; Bunyaviricetes; Hareavirales; Arenaviridae; Mammarenavirus; Mammarenavirus praomyidis,no
Mopeia virus,NC_006575.1,Arenavirus,NC_006575.1,"Mopeia virus AN20410 segment S, complete genome",Mopeia virus AN20410,300175,300175,Arenaviridae,Arenaviridae,current_family_from_ictv_lineage_name,Viruses; Riboviria; Orthornavirae; Negarnaviricota; Polyploviricotina; Bunyaviricetes; Hareavirales; Arenaviridae; Mammarenavirus; Mammarenavirus mopeiaense; Mopeia virus AN20410,no
Morogoro virus,NC_013057.1,Arenavirus,NC_013057.1,"Morogoro virus segment S, complete genome",Morogoro mammarenavirus,573900,573900,Arenaviridae,Arenaviridae,current_family_from_ictv_lineage_name,Viruses; Riboviria; Orthornavirae; Negarnaviricota; Polyploviricotina; Bunyaviricetes; Hareavirales; Arenaviridae; Mammarenavirus; Mammarenavirus mopeiaense; Morogoro mammarenavirus,no
Ocozocoautla de Espinosa virus,JN897398.1,Arenavirus,JN897398.1,"Ocozocoautla de Espinosa virus strain AV B1030026 segment S, complete sequence",Ocozocoautla de Espinosa virus,1163668,1163668,Arenaviridae,Arenaviridae,current_family_from_ictv_lineage_name,Viruses; Riboviria; Orthornavirae; Negarnaviricota; Polyploviricotina; Bunyaviricetes; Hareavirales; Arenaviridae; Mammarenavirus; Mammarenavirus tacaribeense; Ocozocoautla de Espinosa virus,no
Oliveros virus,NC_010248.1,Arenavirus,NC_010248.1,"Oliveros virus segment S, complete sequence",Mammarenavirus oliverosense,3052322,3052322,Arenaviridae,Arenaviridae,current_family_from_ictv_lineage_name,Viruses; Riboviria; Orthornavirae; Negarnaviricota; Polyploviricotina; Bunyaviricetes; Hareavirales; Arenaviridae; Mammarenavirus; Mammarenavirus oliverosense,no
Parana virus,NC_010756.1,Arenavirus,NC_010756.1,"Parana virus segment S (small), complete genome",Parana virus,2905947,2905947,Arenaviridae,Arenaviridae,current_family_from_ictv_lineage_name,Viruses; Riboviria; Orthornavirae; Negarnaviricota; Polyploviricotina; Bunyaviricetes; Hareavirales; Arenaviridae; Mammarenavirus; Mammarenavirus paranaense; Parana virus,no
Pichinde arenavirus,NC_006447.1,Arenavirus,NC_006447.1,"Pichinde mammarenavirus segment S, complete sequence",Pichinde virus,2905917,2905917,Arenaviridae,Arenaviridae,current_family_from_ictv_lineage_name,Viruses; Riboviria; Orthornavirae; Negarnaviricota; Polyploviricotina; Bunyaviricetes; Hareavirales; Arenaviridae; Mammarenavirus; Mammarenavirus caliense; Pichinde virus,no
Pirital virus,NC_005894.1,Arenavirus,NC_005894.1,"Pirital virus segment S, complete sequence",Mammarenavirus piritalense,3052324,3052324,Arenaviridae,Arenaviridae,current_family_from_ictv_lineage_name,Viruses; Riboviria; Orthornavirae; Negarnaviricota; Polyploviricotina; Bunyaviricetes; Hareavirales; Arenaviridae; Mammarenavirus; Mammarenavirus piritalense,no
Sabia virus,NC_006317.1,Arenavirus,NC_006317.1,"Sabia virus, complete genome",Sabia virus,2907957,2907957,Arenaviridae,Arenaviridae,current_family_from_ictv_lineage_name,Viruses; Riboviria; Orthornavirae; Negarnaviricota; Polyploviricotina; Bunyaviricetes; Hareavirales; Arenaviridae; Mammarenavirus; Mammarenavirus brazilense; Sabia virus,no
Skinner Tank virus,EU123328.1,Arenavirus,EU123328.1,"Skinner Tank virus strain AV D1000090 segment S, complete sequence",Skinner Tank virus,481886,481886,Arenaviridae,Arenaviridae,current_family_from_ictv_lineage_name,Viruses; Riboviria; Orthornavirae; Negarnaviricota; Polyploviricotina; Bunyaviricetes; Hareavirales; Arenaviridae; Mammarenavirus; Mammarenavirus whitewaterense; Skinner Tank virus,no
Tacaribe virus,NC_004293.1,Arenavirus,NC_004293.1,"Tacaribe virus segment S, complete sequence",Mammarenavirus tacaribeense,3052328,3052328,Arenaviridae,Arenaviridae,current_family_from_ictv_lineage_name,Viruses; Riboviria; Orthornavirae; Negarnaviricota; Polyploviricotina; Bunyaviricetes; Hareavirales; Arenaviridae; Mammarenavirus; Mammarenavirus tacaribeense,no
Tamiami virus,NC_010701.1,Arenavirus,NC_010701.1,"Tamiami virus segment S (small), complete genome",Mammarenavirus tamiamiense,3052329,3052329,Arenaviridae,Arenaviridae,current_family_from_ictv_lineage_name,Viruses; Riboviria; Orthornavirae; Negarnaviricota; Polyploviricotina; Bunyaviricetes; Hareavirales; Arenaviridae; Mammarenavirus; Mammarenavirus tamiamiense,no
Tonto creek virus,EF619034.1,Arenavirus,EF619034.1,"Tonto creek virus strain AV D0390060 segment S, complete sequence",Tonto creek virus,466143,466143,Arenaviridae,Arenaviridae,current_family_from_ictv_lineage_name,Viruses; Riboviria; Orthornavirae; Negarnaviricota; Polyploviricotina; Bunyaviricetes; Hareavirales; Arenaviridae; Mammarenavirus; Mammarenavirus whitewaterense; Tonto creek virus,no
University of Helsinki virus,NC_023766.1,Arenavirus,NC_023766.1,"University of Helsinki virus strain UHV-1 segment S, complete sequence",University of Helsinki virus,1382279,1382279,Arenaviridae,Arenaviridae,current_family_from_ictv_lineage_name,Viruses; Riboviria; Orthornavirae; Negarnaviricota; Polyploviricotina; Bunyaviricetes; Hareavirales; Arenaviridae; Reptarenavirus; unclassified Reptarenavirus; Alethinophid 2 reptarenavirus; University of Helsinki virus,no
Wenzhou virus,KM386660.1,Arenavirus,KM386660.1,"Wenzhou virus isolate Rn-366 segment S, complete sequence",Mammarenavirus wenzhouense,3052330,3052330,Arenaviridae,Arenaviridae,current_family_from_ictv_lineage_name,Viruses; Riboviria; Orthornavirae; Negarnaviricota; Polyploviricotina; Bunyaviricetes; Hareavirales; Arenaviridae; Mammarenavirus; Mammarenavirus wenzhouense,no
Whitewater arroyo virus,NC_010700.1,Arenavirus,NC_010700.1,"Whitewater Arroyo virus segment S, complete sequence",Mammarenavirus whitewaterense,3052331,3052331,Arenaviridae,Arenaviridae,current_family_from_ictv_lineage_name,Viruses; Riboviria; Orthornavirae; Negarnaviricota; Polyploviricotina; Bunyaviricetes; Hareavirales; Arenaviridae; Mammarenavirus; Mammarenavirus whitewaterense,no
Andes virus,NC_003466.1,Bunyavirus,NC_003466.1,"Andes virus segment S, complete sequence",Orthohantavirus andesense,1980456,1980456,Hantaviridae,Hantaviridae,current_family_from_ictv_lineage_name,Viruses; Riboviria; Orthornavirae; Negarnaviricota; Polyploviricotina; Bunyaviricetes; Elliovirales; Hantaviridae; Mammantavirinae; Orthohantavirus; Orthohantavirus andesense,no
Dobrava-Belgrade virus,NC_005233.1,Bunyavirus,NC_005233.1,"Dobrava virus complete S segment gene for nucleocapsid protein, strain DOBV/Ano-Poroia/Afl9/1999",Orthohantavirus dobravaense,3052477,3052477,Hantaviridae,Hantaviridae,current_family_from_ictv_lineage_name,Viruses; Riboviria; Orthornavirae; Negarnaviricota; Polyploviricotina; Bunyaviricetes; Elliovirales; Hantaviridae; Mammantavirinae; Orthohantavirus; Orthohantavirus dobravaense,no
Hantaan virus,NC_005218.1,Bunyavirus,NC_005218.1,"Hantaan virus, complete genome",Orthohantavirus hantanense,3052480,3052480,Hantaviridae,Hantaviridae,current_family_from_ictv_lineage_name,Viruses; Riboviria; Orthornavirae; Negarnaviricota; Polyploviricotina; Bunyaviricetes; Elliovirales; Hantaviridae; Mammantavirinae; Orthohantavirus; Orthohantavirus hantanense,no
Puumala virus,KJ994776.1,Bunyavirus,KJ994776.1,"Puumala virus isolate Mu/07/1219 segment S, complete sequence",Orthohantavirus puumalaense,3052493,3052493,Hantaviridae,Hantaviridae,current_family_from_ictv_lineage_name,Viruses; Riboviria; Orthornavirae; Negarnaviricota; Polyploviricotina; Bunyaviricetes; Elliovirales; Hantaviridae; Mammantavirinae; Orthohantavirus; Orthohantavirus puumalaense,no
Seoul virus,NC_005236.1,Bunyavirus,NC_005236.1,"Seoul virus strain 80-39 segment S, complete sequence",Orthohantavirus seoulense,3052498,3052498,Hantaviridae,Hantaviridae,current_family_from_ictv_lineage_name,Viruses; Riboviria; Orthornavirae; Negarnaviricota; Polyploviricotina; Bunyaviricetes; Elliovirales; Hantaviridae; Mammantavirinae; Orthohantavirus; Orthohantavirus seoulense,no
Sin Nombre virus,NC_005216.1,Bunyavirus,NC_005216.1,"Sin Nombre virus segment S, complete sequence",Orthohantavirus sinnombreense,3052499,3052499,Hantaviridae,Hantaviridae,current_family_from_ictv_lineage_name,Viruses; Riboviria; Orthornavirae; Negarnaviricota; Polyploviricotina; Bunyaviricetes; Elliovirales; Hantaviridae; Mammantavirinae; Orthohantavirus; Orthohantavirus sinnombreense,no
Thottapalayam virus,NC_010704.1,Bunyavirus,NC_010704.1,"Thottapalayam virus segment S, complete sequence",Thottapalayam virus,1980493,1980493,Hantaviridae,Hantaviridae,current_family_from_ictv_lineage_name,Viruses; Riboviria; Orthornavirae; Negarnaviricota; Polyploviricotina; Bunyaviricetes; Elliovirales; Hantaviridae; Mammantavirinae; Thottimvirus; Thottimvirus thottapalayamense; Thottapalayam virus,no
Tula virus,NC_005227.2,Bunyavirus,NC_005227.2,"Tula virus segment S, complete genome",Orthohantavirus tulaense,3052503,3052503,Hantaviridae,Hantaviridae,current_family_from_ictv_lineage_name,Viruses; Riboviria; Orthornavirae; Negarnaviricota; Polyploviricotina; Bunyaviricetes; Elliovirales; Hantaviridae; Mammantavirinae; Orthohantavirus; Orthohantavirus tulaense,no
Crimean-Congo hemorrhagic fever virus,NC_005302.1,Bunyavirus,NC_005302.1,"Crimean-Congo hemorrhagic fever virus segment S, complete sequence",Orthonairovirus haemorrhagiae,3052518,3052518,Nairoviridae,Nairoviridae,current_family_from_ictv_lineage_name,Viruses; Riboviria; Orthornavirae; Negarnaviricota; Polyploviricotina; Bunyaviricetes; Hareavirales; Nairoviridae; Orthonairovirus; Orthonairovirus haemorrhagiae,no
Dugbe virus,NC_004157.1,Bunyavirus,NC_004157.1,"Dugbe virus segment S, complete sequence",Orthonairovirus dugbeense,3052514,3052514,Nairoviridae,Nairoviridae,current_family_from_ictv_lineage_name,Viruses; Riboviria; Orthornavirae; Negarnaviricota; Polyploviricotina; Bunyaviricetes; Hareavirales; Nairoviridae; Orthonairovirus; Orthonairovirus dugbeense,no
Leopards Hill virus,NC_025833.1,Bunyavirus,NC_025833.1,"Leopards Hill virus cRNA, segment: S, complete sequence, strain: 11SB17",Leopards Hill virus,1381104,1381104,Nairoviridae,Nairoviridae,current_family_from_ictv_lineage_name,Viruses; Riboviria; Orthornavirae; Negarnaviricota; Polyploviricotina; Bunyaviricetes; Hareavirales; Nairoviridae; Orthonairovirus; Orthonairovirus lusakaense; Leopards Hill virus,no
Akabane virus,NC_009896.1,Bunyavirus,NC_009896.1,"Akabane virus segment S, complete sequence",Akabane virus,70566,70566,Peribunyaviridae,Peribunyaviridae,current_family_from_ictv_lineage_name,Viruses; Riboviria; Orthornavirae; Negarnaviricota; Polyploviricotina; Bunyaviricetes; Elliovirales; Peribunyaviridae; Orthobunyavirus; Orthobunyavirus akabaneense; Akabane virus,no
Oropouche virus,NC_005777.1,Bunyavirus,NC_005777.1,"Oropouche virus segment S, complete genome",Oropouche virus,118655,118655,Peribunyaviridae,Peribunyaviridae,current_family_from_ictv_lineage_name,Viruses; Riboviria; Orthornavirae; Negarnaviricota; Polyploviricotina; Bunyaviricetes; Elliovirales; Peribunyaviridae; Orthobunyavirus; Orthobunyavirus oropoucheense; Oropouche virus,no
Bunyamwera virus,NC_001927.1,Bunyavirus,NC_001927.1,"Bunyamwera virus segment S, complete sequence",Bunyamwera virus,35304,35304,Peribunyaviridae,Peribunyaviridae,current_family_from_ictv_lineage_name,Viruses; Riboviria; Orthornavirae; Negarnaviricota; Polyploviricotina; Bunyaviricetes; Elliovirales; Peribunyaviridae; Orthobunyavirus; Orthobunyavirus bunyamweraense; Bunyamwera virus,no
La Crosse Virus,NC_004110.1,Bunyavirus,NC_004110.1,"La Crosse virus segment S, complete genome",La Crosse virus,11577,11577,Peribunyaviridae,Peribunyaviridae,current_family_from_ictv_lineage_name,Viruses; Riboviria; Orthornavirae; Negarnaviricota; Polyploviricotina; Bunyaviricetes; Elliovirales; Peribunyaviridae; Orthobunyavirus; Orthobunyavirus lacrosseense; La Crosse virus,no
Brazoran virus,NC_022037.1,Bunyavirus,NC_022037.1,"Brazoran virus segment S, complete sequence",Brazoran virus,1368616,1368616,Peribunyaviridae,Peribunyaviridae,current_family_from_ictv_lineage_name,Viruses; Riboviria; Orthornavirae; Negarnaviricota; Polyploviricotina; Bunyaviricetes; Elliovirales; Peribunyaviridae; Orthobunyavirus; Orthobunyavirus brazoriaense; Brazoran virus,no
Murrumbidgee virus,NC_022597.1,Bunyavirus,NC_022597.1,"Murrumbidgee virus isolate 934 segment S, complete sequence",Murrumbidgee virus,1406134,1406134,Peribunyaviridae,Peribunyaviridae,current_family_from_ictv_lineage_name,Viruses; Riboviria; Orthornavirae; Negarnaviricota; Polyploviricotina; Bunyaviricetes; Elliovirales; Peribunyaviridae; Orthobunyavirus; Orthobunyavirus buffaloense; Murrumbidgee virus,no
Rift Valley fever virus,NC_014395.1,Bunyavirus,NC_014395.1,"Rift Valley fever virus segment S, complete genome",Rift Valley fever virus,11588,11588,Phenuiviridae,Phenuiviridae,current_family_from_ictv_lineage_name,Viruses; Riboviria; Orthornavirae; Negarnaviricota; Polyploviricotina; Bunyaviricetes; Hareavirales; Phenuiviridae; Phlebovirus; Phlebovirus riftense; Rift Valley fever virus,no
Sandfly fever Naples virus,NC_006318.1,Bunyavirus,NC_006318.1,"Toscana virus segment S, complete sequence",Sandfly fever Naples virus,206160,206160,Phenuiviridae,Phenuiviridae,current_family_from_ictv_lineage_name,Viruses; Riboviria; Orthornavirae; Negarnaviricota; Polyploviricotina; Bunyaviricetes; Hareavirales; Phenuiviridae; Phlebovirus; Phlebovirus napoliense; Sandfly fever Naples virus,no
Uukuniemi virus,NC_005221.1,Bunyavirus,NC_005221.1,"Uukuniemi virus, complete genome",Uukuniemi virus,11591,11591,Phenuiviridae,Phenuiviridae,current_family_from_ictv_lineage_name,Viruses; Riboviria; Orthornavirae; Negarnaviricota; Polyploviricotina; Bunyaviricetes; Hareavirales; Phenuiviridae; Uukuvirus; Uukuvirus uukuniemiense; Uukuniemi virus,no
Candiru virus,NC_015375.1,Bunyavirus,NC_015375.1,"Candiru virus segment S, complete genome",Chandiru virus,629725,629725,Phenuiviridae,Phenuiviridae,current_family_from_ictv_lineage_name,Viruses; Riboviria; Orthornavirae; Negarnaviricota; Polyploviricotina; Bunyaviricetes; Hareavirales; Phenuiviridae; Phlebovirus; Phlebovirus candiruense; Chandiru virus,no
Arumowot virus,NC_023634.1,Bunyavirus,NC_023634.1,"Arumowot virus segment S, complete sequence",Arumowot virus,904698,904698,Phenuiviridae,Phenuiviridae,current_family_from_ictv_lineage_name,Viruses; Riboviria; Orthornavirae; Negarnaviricota; Polyploviricotina; Bunyaviricetes; Hareavirales; Phenuiviridae; Phlebovirus; Phlebovirus arumowotense; Arumowot virus,no
Aguacate virus,NC_015452.1,Bunyavirus,NC_015452.1,"Aguacate virus segment S, complete genome",Aguacate virus,1006583,1006583,Phenuiviridae,Phenuiviridae,current_family_from_ictv_lineage_name,Viruses; Riboviria; Orthornavirae; Negarnaviricota; Polyploviricotina; Bunyaviricetes; Hareavirales; Phenuiviridae; Phlebovirus; Phlebovirus aguacateense; Aguacate virus,no
Sandfly fever Sicilian virus,NC_015413.1,Bunyavirus,NC_015413.1,"Sandfly Sicilian Turkey virus segment S, complete genome",sandfly fever Turkey virus,688699,688699,Phenuiviridae,Phenuiviridae,current_family_from_ictv_lineage_name,Viruses; Riboviria; Orthornavirae; Negarnaviricota; Polyploviricotina; Bunyaviricetes; Hareavirales; Phenuiviridae; Phlebovirus; Phlebovirus siciliaense; sandfly fever Turkey virus,no
Heartland virus,NC_024496.1,Bunyavirus,NC_024496.1,"Heartland virus isolate Patient1 segment S, complete sequence",Heartland virus,1216928,1216928,Phenuiviridae,Phenuiviridae,current_family_from_ictv_lineage_name,Viruses; Riboviria; Orthornavirae; Negarnaviricota; Polyploviricotina; Bunyaviricetes; Hareavirales; Phenuiviridae; Bandavirus; Bandavirus heartlandense; Heartland virus,no
Severe fever with thrombocytopenia syndrome virus,NC_018137.1,Bunyavirus,NC_018137.1,"SFTS virus HB29 segment S, complete genome",SFTS virus HB29,992212,992212,Phenuiviridae,Phenuiviridae,current_family_from_ictv_lineage_name,Viruses; Riboviria; Orthornavirae; Negarnaviricota; Polyploviricotina; Bunyaviricetes; Hareavirales; Phenuiviridae; Bandavirus; Bandavirus dabieense; SFTS virus HB29,no
Bean necrotic mosaic virus,NC_018071.1,Bunyavirus,NC_018071.1,"Bean necrotic mosaic virus segment S, complete sequence",Bean necrotic mosaic virus,1033976,1033976,Tospoviridae,Tospoviridae,current_family_from_ictv_lineage_name,Viruses; Riboviria; Orthornavirae; Negarnaviricota; Polyploviricotina; Bunyaviricetes; Elliovirales; Tospoviridae; Orthotospovirus; Orthotospovirus phaseolinecrotessellati; Bean necrotic mosaic virus,no
Capsicum chlorosis virus,NC_008301.1,Bunyavirus,NC_008301.1,"Capsicum chlorosis virus segment S, complete sequence",Capsicum chlorosis virus,163325,163325,Tospoviridae,Tospoviridae,current_family_from_ictv_lineage_name,Viruses; Riboviria; Orthornavirae; Negarnaviricota; Polyploviricotina; Bunyaviricetes; Elliovirales; Tospoviridae; Orthotospovirus; Orthotospovirus capsiciflavi; Capsicum chlorosis virus,no
Groundnut bud necrosis virus,NC_003619.1,Bunyavirus,NC_003619.1,"Groundnut bud necrosis virus segment S, complete sequence",Groundnut bud necrosis virus,198612,198612,Tospoviridae,Tospoviridae,current_family_from_ictv_lineage_name,Viruses; Riboviria; Orthornavirae; Negarnaviricota; Polyploviricotina; Bunyaviricetes; Elliovirales; Tospoviridae; Orthotospovirus; Orthotospovirus arachinecrosis; Groundnut bud necrosis virus,no
Impatiens necrotic spot virus,NC_003624.1,Bunyavirus,NC_003624.1,"Impatiens necrotic spot virus segment S, complete sequence",Impatiens necrotic spot virus,11612,11612,Tospoviridae,Tospoviridae,current_family_from_ictv_lineage_name,Viruses; Riboviria; Orthornavirae; Negarnaviricota; Polyploviricotina; Bunyaviricetes; Elliovirales; Tospoviridae; Orthotospovirus; Orthotospovirus impatiensnecromaculae; Impatiens necrotic spot virus,no
Melon yellow spot virus,NC_008300.1,Bunyavirus,NC_008300.1,"Melon yellow spot virus segment S, complete sequence",Melon yellow spot virus,89471,89471,Tospoviridae,Tospoviridae,current_family_from_ictv_lineage_name,Viruses; Riboviria; Orthornavirae; Negarnaviricota; Polyploviricotina; Bunyaviricetes; Elliovirales; Tospoviridae; Orthotospovirus; Orthotospovirus meloflavi; Melon yellow spot virus,no
Tomato spotted wilt virus,NC_002051.1,Bunyavirus,NC_002051.1,"Tomato spotted wilt virus RNA S, complete sequence",Orthotospovirus tomatomaculae,3052585,3052585,Tospoviridae,Tospoviridae,current_family_from_ictv_lineage_name,Viruses; Riboviria; Orthornavirae; Negarnaviricota; Polyploviricotina; Bunyaviricetes; Elliovirales; Tospoviridae; Orthotospovirus; Orthotospovirus tomatomaculae,no
Tomato zonate spot virus,NC_010489.1,Bunyavirus,NC_010489.1,"Tomato zonate spot virus segment S, complete sequence",Tomato zonate spot virus,460926,460926,Tospoviridae,Tospoviridae,current_family_from_ictv_lineage_name,Viruses; Riboviria; Orthornavirae; Negarnaviricota; Polyploviricotina; Bunyaviricetes; Elliovirales; Tospoviridae; Orthotospovirus; Orthotospovirus tomatozonae; Tomato zonate spot virus,no
Watermelon silver mottle virus,NC_003843.1,Bunyavirus,NC_003843.1,"Watermelon silver mottle virus segment S, complete sequence",Orthotospovirus citrullomaculosi,3052571,3052571,Tospoviridae,Tospoviridae,current_family_from_ictv_lineage_name,Viruses; Riboviria; Orthornavirae; Negarnaviricota; Polyploviricotina; Bunyaviricetes; Elliovirales; Tospoviridae; Orthotospovirus; Orthotospovirus citrullomaculosi,no
Maprik virus,NC_026282.1,Bunyavirus,NC_026282.1,"Maprik virus isolate MK7532 segment S, complete sequence",Maprik virus,1590836,1590836,Peribunyaviridae,Peribunyaviridae,current_family_from_ictv_lineage_name,Viruses; Riboviria; Orthornavirae; Negarnaviricota; Polyploviricotina; Bunyaviricetes; Elliovirales; Peribunyaviridae; Orthobunyavirus; Orthobunyavirus maprikense; Maprik virus,no
Mulberry vein banding virus,NC_026619.1,Bunyavirus,NC_026619.1,"Mulberry vein banding virus isolate XCSY-3 segment S, complete sequence",Mulberry vein banding virus,1266451,1266451,Peribunyaviridae,Peribunyaviridae,exact_current_ncbi_family,Viruses; Riboviria; Orthornavirae; Negarnaviricota; Polyploviricotina; Bunyaviricetes; Elliovirales; Peribunyaviridae; unclassified Peribunyaviridae; Mulberry vein banding virus,no
Lone Star virus,NC_021244.1,Bunyavirus,NC_021244.1,"Lone Star virus isolate TMA 1381 segment S, complete sequence",Lone Star virus,1219465,1219465,Phenuiviridae,Phenuiviridae,current_family_from_ictv_lineage_name,Viruses; Riboviria; Orthornavirae; Negarnaviricota; Polyploviricotina; Bunyaviricetes; Hareavirales; Phenuiviridae; Bandavirus; Bandavirus amblyommae; Lone Star bandavirus; Lone Star virus,no
Malsoor virus,KF186496.1,Bunyavirus,KF186496.1,"Malsoor virus strain NIV1050639 nonstructural protein and nucleocapsid protein genes, partial cds",Malsoor virus,1445418,1445418,Phenuiviridae,Phenuiviridae,current_family_from_ictv_lineage_name,Viruses; Riboviria; Orthornavirae; Negarnaviricota; Polyploviricotina; Bunyaviricetes; Hareavirales; Phenuiviridae; Phlebovirus; unclassified Phlebovirus; Malsoor virus,no
Ferak virus,KP710267.1,Bunyavirus,KP710267.1,"Ferak virus strain C51-CI-2004 segment S, complete sequence",Ferak virus,1664810,1664810,Phasmaviridae,Phasmaviridae,current_family_from_ictv_lineage_name,Viruses; Riboviria; Orthornavirae; Negarnaviricota; Polyploviricotina; Bunyaviricetes; Elliovirales; Phasmaviridae; Feravirus; Feravirus ferakinum; Ferak virus,no
Gouleako virus,HQ541736.1,Bunyavirus,HQ541736.1,"Gouleako virus strain A5/CI/2004 segment S, complete sequence",Gouleako virus,603003,603003,Phenuiviridae,Phenuiviridae,current_family_from_ictv_lineage_name,Viruses; Riboviria; Orthornavirae; Negarnaviricota; Polyploviricotina; Bunyaviricetes; Hareavirales; Phenuiviridae; Goukovirus; Goukovirus gouleakoense; Gouleako virus,no
Herbert virus,KF590584.1,Bunyavirus,KF590584.1,"Herbert virus strain F53/CI/2004 segment S nucleocapsid (N) gene, complete cds",Herbevirus herberti,3052241,3052241,Peribunyaviridae,Peribunyaviridae,current_family_from_ictv_lineage_name,Viruses; Riboviria; Orthornavirae; Negarnaviricota; Polyploviricotina; Bunyaviricetes; Elliovirales; Peribunyaviridae; Herbevirus; Herbevirus herberti,no
Jonchet virus,KP710243.1,Bunyavirus,KP710243.1,"Jonchet virus strain B81-CI-2004 segment S, complete sequence",Jonchet virus,1664809,1664809,Phasmaviridae,Phasmaviridae,current_family_from_ictv_lineage_name,Viruses; Riboviria; Orthornavirae; Negarnaviricota; Polyploviricotina; Bunyaviricetes; Elliovirales; Phasmaviridae; Jonvirus; Jonvirus eboris; Jonchet virus,no
Bat sapovirus TLC58 HK,NC_017936.1,Calicivirus,NC_017936.1,"Bat sapovirus TLC58/HK, complete genome",Bat sapovirus TLC58/HK,1185359,1185359,Caliciviridae,Caliciviridae,current_family_from_ictv_lineage_name,Viruses; Riboviria; Orthornavirae; Pisuviricota; Pisoniviricetes; Picornavirales; Caliciviridae; Sapovirus; unclassified Sapovirus; Bat sapovirus TLC58/HK,no
Calicivirus isolate TCG,NC_006875.1,Calicivirus,NC_006875.1,"Calicivirus isolate TCG, complete genome",Calicivirus isolate TCG,243550,243550,Caliciviridae,Caliciviridae,exact_current_ncbi_family,Viruses; Riboviria; Orthornavirae; Pisuviricota; Pisoniviricetes; Picornavirales; Caliciviridae; unclassified Caliciviridae; Calicivirus isolate TCG,no
Norovirus GIII,NC_029645.1,Calicivirus,NC_029645.1,"Norovirus GIII, complete sequence",Norovirus GIII,340017,340017,Caliciviridae,Caliciviridae,current_family_from_ictv_lineage_name,Viruses; Riboviria; Orthornavirae; Pisuviricota; Pisoniviricetes; Picornavirales; Caliciviridae; Norovirus; Norovirus norwalkense; Norwalk virus; Norovirus GIII,no
Newbury-1 virus,NC_007916.1,Calicivirus,NC_007916.1,"Newbury agent 1 virus, complete genome",Newbury agent 1,331642,331642,Caliciviridae,Caliciviridae,current_family_from_ictv_lineage_name,Viruses; Riboviria; Orthornavirae; Pisuviricota; Pisoniviricetes; Picornavirales; Caliciviridae; Nebovirus; Nebovirus newburyense; Newbury 1 virus; Newbury agent 1,no
San Miguel sea lion virus 1,U15301.2,Calicivirus,U15301.2,"San Miguel sea lion virus serotype 1, complete genome",San Miguel sea lion virus,11982,11982,Caliciviridae,Caliciviridae,current_family_from_ictv_lineage_name,Viruses; Riboviria; Orthornavirae; Pisuviricota; Pisoniviricetes; Picornavirales; Caliciviridae; Vesivirus; Vesivirus exanthema; Vesicular exanthema of swine virus; San Miguel sea lion virus,no
Canine calicivirus,NC_004542.1,Calicivirus,NC_004542.1,"Canine calicivirus, complete genome",Canine vesivirus,1176484,1176484,Caliciviridae,Caliciviridae,current_family_from_ictv_lineage_name,Viruses; Riboviria; Orthornavirae; Pisuviricota; Pisoniviricetes; Picornavirales; Caliciviridae; Vesivirus; unclassified Vesivirus; Canine vesivirus,no
Walrus calicivirus,NC_004541.1,Calicivirus,NC_004541.1,"Walrus calicivirus non-structural polyprotein, capsid, and putative nucleic-acid binding protein genes, complete cds",Walrus calicivirus,146073,146073,Caliciviridae,Caliciviridae,current_family_from_ictv_lineage_name,Viruses; Riboviria; Orthornavirae; Pisuviricota; Pisoniviricetes; Picornavirales; Caliciviridae; Vesivirus; Vesivirus exanthema; Vesicular exanthema of swine virus; Walrus calicivirus,no
Mink calicivirus,NC_019712.1,Calicivirus,NC_019712.1,"Mink calicivirus, complete genome",Mink calicivirus,154122,154122,Caliciviridae,Caliciviridae,current_family_from_ictv_lineage_name,Viruses; Riboviria; Orthornavirae; Pisuviricota; Pisoniviricetes; Picornavirales; Caliciviridae; Vesivirus; unclassified Vesivirus; Mink calicivirus,no
Steller sea lion vesivirus,NC_011050.1,Calicivirus,NC_011050.1,"Steller sea lion vesivirus, complete genome",Steller sea lion vesivirus,436911,436911,Caliciviridae,Caliciviridae,current_family_from_ictv_lineage_name,Viruses; Riboviria; Orthornavirae; Pisuviricota; Pisoniviricetes; Picornavirales; Caliciviridae; Vesivirus; unclassified Vesivirus; Steller sea lion vesivirus,no
Norovirus GIV.1,JQ613567.1,Calicivirus,JQ613567.1,"Norovirus Hu/GIV.1/LakeMacquarie/NSW268O/2010/AU, complete genome",Norovirus Hu/GIV.1/LakeMacquarie/NSW268O/2010/AU,1183318,1183318,Caliciviridae,Caliciviridae,current_family_from_ictv_lineage_name,Viruses; Riboviria; Orthornavirae; Pisuviricota; Pisoniviricetes; Picornavirales; Caliciviridae; Norovirus; Norovirus norwalkense; Norwalk virus; Norovirus GIV; Norovirus GIV.1; Norovirus Hu/GIV.1/LakeMacquarie/NSW268O/2010/AU,no
San Miguel sea lion virus 8,NC_025676.1,Calicivirus,NC_025676.1,"San Miguel sea lion virus 8, complete genome",San Miguel sea lion virus 8,1564182,1564182,Caliciviridae,Caliciviridae,current_family_from_ictv_lineage_name,Viruses; Riboviria; Orthornavirae; Pisuviricota; Pisoniviricetes; Picornavirales; Caliciviridae; Vesivirus; unclassified Vesivirus; San Miguel sea lion virus 8,no
Vesivirus ferret badger,NC_027122.1,Calicivirus,NC_027122.1,"Vesivirus ferret badger/JX12/China/2012, complete genome",Vesivirus ferret badger/JX12/China/2012,1615583,1615583,Caliciviridae,Caliciviridae,current_family_from_ictv_lineage_name,Viruses; Riboviria; Orthornavirae; Pisuviricota; Pisoniviricetes; Picornavirales; Caliciviridae; Vesivirus; unclassified Vesivirus; Vesivirus ferret badger/JX12/China/2012,no
Feline calicivirus,NC_001481.2,Calicivirus,NC_001481.2,"Feline calicivirus, complete genome",Feline calicivirus,11978,11978,Caliciviridae,Caliciviridae,current_family_from_ictv_lineage_name,Viruses; Riboviria; Orthornavirae; Pisuviricota; Pisoniviricetes; Picornavirales; Caliciviridae; Vesivirus; Vesivirus felis; Feline calicivirus,no
Norovirus GIV.2,JF781268.1,Calicivirus,JF781268.1,"Norovirus cat/GIV.2/CU081210E/USA/2010, complete genome",Norovirus cat/GIV.2/CU081210E/USA/2010,1160949,1160949,Caliciviridae,Caliciviridae,current_family_from_ictv_lineage_name,Viruses; Riboviria; Orthornavirae; Pisuviricota; Pisoniviricetes; Picornavirales; Caliciviridae; Norovirus; Norovirus norwalkense; Norwalk virus; Norovirus GIV; Norovirus GIV.2; Norovirus cat/GIV.2/CU081210E/USA/2010,no
Atlantic salmon calicivirus,NC_024031.1,Calicivirus,NC_024031.1,"Atlantic salmon calicivirus isolate Nordland/2011, complete genome",Atlantic salmon calicivirus,1489836,1489836,Caliciviridae,Caliciviridae,current_family_from_ictv_lineage_name,Viruses; Riboviria; Orthornavirae; Pisuviricota; Pisoniviricetes; Picornavirales; Caliciviridae; Salovirus; Salovirus nordlandense; Nordland virus; Atlantic salmon calicivirus,no
Turkey calicivirus,JQ347522.1,Calicivirus,JQ347522.1,"Turkey calicivirus isolate L11043 polyprotein and small basic protein (small basic protein) genes, complete cds",Turkey calicivirus,1172195,1172195,Caliciviridae,Caliciviridae,current_family_from_ictv_lineage_name,Viruses; Riboviria; Orthornavirae; Pisuviricota; Pisoniviricetes; Picornavirales; Caliciviridae; Nacovirus; Nacovirus meleagridis; Nacovirus A; Turkey calicivirus,no
Chicken calicivirus,KM254171.1,Calicivirus,KM254171.1,"Chicken calicivirus isolate CaliciQ45/2013 polyprotein gene, partial cds; and VP2 (VP2) gene, complete cds",Chicken calicivirus,1172196,1172196,Caliciviridae,Caliciviridae,current_family_from_ictv_lineage_name,Viruses; Riboviria; Orthornavirae; Pisuviricota; Pisoniviricetes; Picornavirales; Caliciviridae; Bavovirus; Bavovirus bavariaense; Bavaria virus; Chicken calicivirus,no
Goose calicivirus,NC_024078.1,Calicivirus,NC_024078.1,"Goose calicivirus strain N, complete genome",Goose calicivirus,1493858,1493858,Caliciviridae,Caliciviridae,exact_current_ncbi_family,Viruses; Riboviria; Orthornavirae; Pisuviricota; Pisoniviricetes; Picornavirales; Caliciviridae; unclassified Caliciviridae; Goose calicivirus,no
Rabbit hemorrhagic disease virus,NC_001543.1,Calicivirus,NC_001543.1,"Rabbit hemorrhagic disease virus-FRG, complete genome",Rabbit hemorrhagic disease virus,11976,11976,Caliciviridae,Caliciviridae,current_family_from_ictv_lineage_name,Viruses; Riboviria; Orthornavirae; Pisuviricota; Pisoniviricetes; Picornavirales; Caliciviridae; Lagovirus; Lagovirus europaeus; Rabbit hemorrhagic disease virus,no
European brown hare syndrome virus,NC_002615.1,Calicivirus,NC_002615.1,"European brown hare syndrome virus, complete genome",European brown hare syndrome virus,33756,33756,Caliciviridae,Caliciviridae,current_family_from_ictv_lineage_name,Viruses; Riboviria; Orthornavirae; Pisuviricota; Pisoniviricetes; Picornavirales; Caliciviridae; Lagovirus; Lagovirus europaeus; European brown hare syndrome virus,no
Rabbit vesivirus,NC_008580.1,Calicivirus,NC_008580.1,"Rabbit vesivirus, complete genome",Rabbit vesivirus,303317,303317,Caliciviridae,Caliciviridae,current_family_from_ictv_lineage_name,Viruses; Riboviria; Orthornavirae; Pisuviricota; Pisoniviricetes; Picornavirales; Caliciviridae; Vesivirus; unclassified Vesivirus; Rabbit vesivirus,no
Rabbit calicivirus,NC_011704.1,Calicivirus,NC_011704.1,"Rabbit calicivirus Australia 1 MIC-07, complete genome",Rabbit calicivirus Australia 1 MIC-07,576948,576948,Caliciviridae,Caliciviridae,current_family_from_ictv_lineage_name,Viruses; Riboviria; Orthornavirae; Pisuviricota; Pisoniviricetes; Picornavirales; Caliciviridae; Lagovirus; unclassified Lagovirus; Rabbit calicivirus Australia 1 MIC-07,no
Norwalk virus,AF504671.2,Calicivirus,AF504671.2,"Norwalk virus strain Vietnam 026, complete genome",Norwalk virus,11983,11983,Caliciviridae,Caliciviridae,current_family_from_ictv_lineage_name,Viruses; Riboviria; Orthornavirae; Pisuviricota; Pisoniviricetes; Picornavirales; Caliciviridae; Norovirus; Norovirus norwalkense; Norwalk virus,no
Norovirus GI,NC_001959.2,Calicivirus,NC_001959.2,"Norovirus GI, complete genome",Norovirus GI,122928,122928,Caliciviridae,Caliciviridae,current_family_from_ictv_lineage_name,Viruses; Riboviria; Orthornavirae; Pisuviricota; Pisoniviricetes; Picornavirales; Caliciviridae; Norovirus; Norovirus norwalkense; Norwalk virus; Norovirus GI,no
Norovirus GII,NC_029646.1,Calicivirus,NC_029646.1,"Norovirus GII nonstructural polyprotein (ORF1), VP1 (ORF2), and VP2 (ORF3) genes, complete cds",Norwalk-like virus,95340,95340,Caliciviridae,Caliciviridae,current_family_from_ictv_lineage_name,Viruses; Riboviria; Orthornavirae; Pisuviricota; Pisoniviricetes; Picornavirales; Caliciviridae; Norovirus; Norovirus norwalkense; Norwalk virus; Norwalk-like virus,no
Tulane virus,EU391643.1,Calicivirus,EU391643.1,"Tulane virus nonstructural polyprotein, capsid protein, and minor structural protein VP2 genes, complete cds",Tulane virus,512169,512169,Caliciviridae,Caliciviridae,current_family_from_ictv_lineage_name,Viruses; Riboviria; Orthornavirae; Pisuviricota; Pisoniviricetes; Picornavirales; Caliciviridae; Recovirus; Recovirus tulani; Recovirus A; Tulane virus,no
Sapovirus GII,NC_006554.1,Calicivirus,NC_006554.1,Sapovirus C12 strain C12,Sapovirus C12,290314,290314,Caliciviridae,Caliciviridae,current_family_from_ictv_lineage_name,Viruses; Riboviria; Orthornavirae; Pisuviricota; Pisoniviricetes; Picornavirales; Caliciviridae; Sapovirus; Sapovirus sapporoense; Sapporo virus; Sapovirus GII; Sapovirus C12,no
Sapovirus GIV,AJ786349.2,Calicivirus,AJ786349.2,"Sapporo virus(Hu/SV/Chiba/000671/1999/JP) ORF1 for polyprotein, ORF2 for minor structural protein and ORF3 for hypothetical protein, genomic RNA",Sapovirus Hu/Chiba/000671/1999/JP,168047,168047,Caliciviridae,Caliciviridae,current_family_from_ictv_lineage_name,Viruses; Riboviria; Orthornavirae; Pisuviricota; Pisoniviricetes; Picornavirales; Caliciviridae; Sapovirus; Sapovirus sapporoense; Sapporo virus; Sapovirus GIV; Sapovirus Hu/Chiba/000671/1999/JP,no
Sapovirus GV,KX000383.1,Calicivirus,KX000383.1,"Sapovirus GV/WG194D-1, complete genome",Sapovirus GV/WG194D-1,1861834,1861834,Caliciviridae,Caliciviridae,current_family_from_ictv_lineage_name,Viruses; Riboviria; Orthornavirae; Pisuviricota; Pisoniviricetes; Picornavirales; Caliciviridae; Sapovirus; Sapovirus sapporoense; Sapporo virus; Sapovirus GV; Sapovirus GV/WG194D-1,no
Reptile vesivirus,JX047864.1,Calicivirus,JX047864.1,"Reptile vesivirus Cro1 isolate 780032I/1978/US, complete genome",Reptile vesivirus Cro1,1266463,1266463,Caliciviridae,Caliciviridae,current_family_from_ictv_lineage_name,Viruses; Riboviria; Orthornavirae; Pisuviricota; Pisoniviricetes; Picornavirales; Caliciviridae; Vesivirus; Vesivirus exanthema; Vesicular exanthema of swine virus; Reptile vesivirus Cro1,no
Murine norovirus,JF320650.1,Calicivirus,JF320650.1,"Murine norovirus GV/NIH-4428/2005/USA, complete genome",Murine norovirus GV/NIH-4428/2005/USA,1028327,1028327,Caliciviridae,Caliciviridae,current_family_from_ictv_lineage_name,Viruses; Riboviria; Orthornavirae; Pisuviricota; Pisoniviricetes; Picornavirales; Caliciviridae; Norovirus; Norovirus norwalkense; Norwalk virus; Norovirus GV; Murine norovirus; Murine norovirus GV; Murine norovirus GV/NIH-4428/2005/USA,no
Norovirus GV,NC_008311.1,Calicivirus,NC_008311.1,"Norovirus GV, complete genome",Norovirus GV,1246677,1246677,Caliciviridae,Caliciviridae,current_family_from_ictv_lineage_name,Viruses; Riboviria; Orthornavirae; Pisuviricota; Pisoniviricetes; Picornavirales; Caliciviridae; Norovirus; Norovirus norwalkense; Norwalk virus; Norovirus GV,no
Vesicular exanthema of swine virus,NC_002551.1,Calicivirus,NC_002551.1,"Vesicular exanthema of swine virus, complete genome",Vesicular exanthema of swine virus,35612,35612,Caliciviridae,Caliciviridae,current_family_from_ictv_lineage_name,Viruses; Riboviria; Orthornavirae; Pisuviricota; Pisoniviricetes; Picornavirales; Caliciviridae; Vesivirus; Vesivirus exanthema; Vesicular exanthema of swine virus,no
Porcine enteric calicivirus,NC_000940.1,Calicivirus,NC_000940.1,"Cowden I virus, complete genome",Cowden I virus,2849715,2849715,Caliciviridae,Caliciviridae,current_family_from_ictv_lineage_name,Viruses; Riboviria; Orthornavirae; Pisuviricota; Pisoniviricetes; Picornavirales; Caliciviridae; Sapovirus; Sapovirus sapporoense; Sapporo virus; Cowden I virus,no
Calicivirus pig AB90,NC_012699.1,Calicivirus,NC_012699.1,"Calicivirus pig/AB90/CAN, complete genome",Calicivirus pig/AB90/CAN,520973,520973,Caliciviridae,Caliciviridae,exact_current_ncbi_family,Viruses; Riboviria; Orthornavirae; Pisuviricota; Pisoniviricetes; Picornavirales; Caliciviridae; unclassified Caliciviridae; St-Valerien swine virus; Calicivirus pig/AB90/CAN,no
St. Valerien swine virus,AB863586.1,Calicivirus,AB863586.1,"St-Valerien swine virus genes for polyprotein, putative basic protein, complete cds",St-Valerien swine virus,646294,646294,Caliciviridae,Caliciviridae,exact_current_ncbi_family,Viruses; Riboviria; Orthornavirae; Pisuviricota; Pisoniviricetes; Picornavirales; Caliciviridae; unclassified Caliciviridae; St-Valerien swine virus,no
Human SARS coronavirus,NC_004718.3,Coronavirus,NC_004718.3,"SARS coronavirus Tor2, complete genome",SARS coronavirus Tor2,227984,227984,Coronaviridae,Coronaviridae,current_family_from_ictv_lineage_name,Viruses; Riboviria; Orthornavirae; Pisuviricota; Pisoniviricetes; Nidovirales; Cornidovirineae; Coronaviridae; Orthocoronavirinae; Betacoronavirus; Sarbecovirus; Betacoronavirus pandemicum; Severe acute respiratory syndrome-related coronavirus; Severe acute respiratory syndrome coronavirus; SARS coronavirus Tor2,no
Bat coronavirus 133,DQ648794.1,Coronavirus,DQ648794.1,"Bat coronavirus (BtCoV/133/2005), complete genome",Bat coronavirus (BtCoV/133/2005),389230,389230,Coronaviridae,Coronaviridae,current_family_from_ictv_lineage_name,Viruses; Riboviria; Orthornavirae; Pisuviricota; Pisoniviricetes; Nidovirales; Cornidovirineae; Coronaviridae; Orthocoronavirinae; Betacoronavirus; Merbecovirus; Betacoronavirus tylonycteridis; Tylonycteris bat coronavirus HKU4; Bat coronavirus (BtCoV/133/2005),no
Bat coronavirus 1A,NC_010437.1,Coronavirus,NC_010437.1,"Bat coronavirus 1A, complete genome",Bat coronavirus 1A,393767,393767,Coronaviridae,Coronaviridae,current_family_from_ictv_lineage_name,Viruses; Riboviria; Orthornavirae; Pisuviricota; Pisoniviricetes; Nidovirales; Cornidovirineae; Coronaviridae; Orthocoronavirinae; Alphacoronavirus; Minunacovirus; Alphacoronavirus pusilli; Miniopterus bat coronavirus 1; Bat coronavirus 1A,no
Bat coronavirus 1B,EU420137.1,Coronavirus,EU420137.1,"Bat coronavirus 1B strain AFCD307, complete genome",Bat coronavirus 1B,393768,393768,Coronaviridae,Coronaviridae,current_family_from_ictv_lineage_name,Viruses; Riboviria; Orthornavirae; Pisuviricota; Pisoniviricetes; Nidovirales; Cornidovirineae; Coronaviridae; Orthocoronavirinae; Alphacoronavirus; Minunacovirus; Alphacoronavirus pusilli; Miniopterus bat coronavirus 1; Bat coronavirus 1B,no
Rhinolophus bat coronavirus HKU2,NC_009988.1,Coronavirus,NC_009988.1,"Rhinolophus bat coronavirus HKU2, complete genome",Rhinolophus bat coronavirus HKU2,693998,693998,Coronaviridae,Coronaviridae,current_family_from_ictv_lineage_name,Viruses; Riboviria; Orthornavirae; Pisuviricota; Pisoniviricetes; Nidovirales; Cornidovirineae; Coronaviridae; Orthocoronavirinae; Alphacoronavirus; Rhinacovirus; Alphacoronavirus rhinolophi; Rhinolophus bat coronavirus HKU2,no
Bat coronavirus 512,NC_009657.1,Coronavirus,NC_009657.1,"Scotophilus bat coronavirus 512, complete genome",Scotophilus bat coronavirus 512,693999,693999,Coronaviridae,Coronaviridae,current_family_from_ictv_lineage_name,Viruses; Riboviria; Orthornavirae; Pisuviricota; Pisoniviricetes; Nidovirales; Cornidovirineae; Coronaviridae; Orthocoronavirinae; Alphacoronavirus; Pedacovirus; Alphacoronavirus scotophili; Scotophilus bat coronavirus 512,no
Miniopterus bat coronavirus HKU8,NC_010438.1,Coronavirus,NC_010438.1,"Miniopterus bat coronavirus HKU8, complete genome",Miniopterus bat coronavirus HKU8,694001,694001,Coronaviridae,Coronaviridae,current_family_from_ictv_lineage_name,Viruses; Riboviria; Orthornavirae; Pisuviricota; Pisoniviricetes; Nidovirales; Cornidovirineae; Coronaviridae; Orthocoronavirinae; Alphacoronavirus; Minunacovirus; Alphacoronavirus miniopteri; Miniopterus bat coronavirus HKU8,no
Bat coronavirus HKU9,NC_009021.1,Coronavirus,NC_009021.1,"Rousettus bat coronavirus HKU9, complete genome",Rousettus bat coronavirus HKU9,694006,694006,Coronaviridae,Coronaviridae,current_family_from_ictv_lineage_name,Viruses; Riboviria; Orthornavirae; Pisuviricota; Pisoniviricetes; Nidovirales; Cornidovirineae; Coronaviridae; Orthocoronavirinae; Betacoronavirus; Nobecovirus; Betacoronavirus rousetti; Rousettus bat coronavirus HKU9,no
Bat coronavirus HKU4,NC_009019.1,Coronavirus,NC_009019.1,"Tylonycteris bat coronavirus HKU4, complete genome",Tylonycteris bat coronavirus HKU4,694007,694007,Coronaviridae,Coronaviridae,current_family_from_ictv_lineage_name,Viruses; Riboviria; Orthornavirae; Pisuviricota; Pisoniviricetes; Nidovirales; Cornidovirineae; Coronaviridae; Orthocoronavirinae; Betacoronavirus; Merbecovirus; Betacoronavirus tylonycteridis; Tylonycteris bat coronavirus HKU4,no
Bat coronavirus HKU5,NC_009020.1,Coronavirus,NC_009020.1,"Pipistrellus bat coronavirus HKU5, complete genome",Pipistrellus bat coronavirus HKU5,694008,694008,Coronaviridae,Coronaviridae,current_family_from_ictv_lineage_name,Viruses; Riboviria; Orthornavirae; Pisuviricota; Pisoniviricetes; Nidovirales; Cornidovirineae; Coronaviridae; Orthocoronavirinae; Betacoronavirus; Merbecovirus; Betacoronavirus pipistrelli; Pipistrellus bat coronavirus HKU5,no
Bat coronavirus BM48-31,NC_014470.1,Coronavirus,NC_014470.1,"Bat coronavirus BM48-31/BGR/2008, complete genome",Bat coronavirus BM48-31/BGR/2008,864596,864596,Coronaviridae,Coronaviridae,current_family_from_ictv_lineage_name,Viruses; Riboviria; Orthornavirae; Pisuviricota; Pisoniviricetes; Nidovirales; Cornidovirineae; Coronaviridae; Orthocoronavirinae; Betacoronavirus; Sarbecovirus; unclassified Sarbecovirus; Bat coronavirus BM48-31/BGR/2008,no
Bat coronavirus HKU10,NC_018871.1,Coronavirus,NC_018871.1,"Rousettus bat coronavirus HKU10, complete genome",Rousettus bat coronavirus HKU10,1241933,1241933,Coronaviridae,Coronaviridae,current_family_from_ictv_lineage_name,Viruses; Riboviria; Orthornavirae; Pisuviricota; Pisoniviricetes; Nidovirales; Cornidovirineae; Coronaviridae; Orthocoronavirinae; Alphacoronavirus; Decacovirus; Alphacoronavirus rousetti; Bat coronavirus HKU10; Rousettus bat coronavirus HKU10,no
Bat coronavirus CDPHE15,NC_022103.1,Coronavirus,NC_022103.1,"Bat coronavirus CDPHE15/USA/2006, complete genome",Bat coronavirus CDPHE15/USA/2006,1384461,1384461,Coronaviridae,Coronaviridae,current_family_from_ictv_lineage_name,Viruses; Riboviria; Orthornavirae; Pisuviricota; Pisoniviricetes; Nidovirales; Cornidovirineae; Coronaviridae; Orthocoronavirinae; Alphacoronavirus; Colacovirus; Alphacoronavirus myotis; Bat coronavirus CDPHE15; Bat coronavirus CDPHE15/USA/2006,no
Bovine enteritic coronavirus,NC_003045.1,Coronavirus,NC_003045.1,"Bovine coronavirus isolate BCoV-ENT, complete genome",Bovine coronavirus,11128,11128,Coronaviridae,Coronaviridae,current_family_from_ictv_lineage_name,Viruses; Riboviria; Orthornavirae; Pisuviricota; Pisoniviricetes; Nidovirales; Cornidovirineae; Coronaviridae; Orthocoronavirinae; Betacoronavirus; Embecovirus; Betacoronavirus gravedinis; Betacoronavirus 1; Bovine coronavirus,no
Breda virus,NC_007447.1,Coronavirus,NC_007447.1,"Breda virus, complete genome",Breda virus,46473,46473,Tobaniviridae,Tobaniviridae,current_family_from_ictv_lineage_name,Viruses; Riboviria; Orthornavirae; Pisuviricota; Pisoniviricetes; Nidovirales; Tornidovirineae; Tobaniviridae; Torovirinae; Torovirus; Renitovirus; Torovirus bovis; Bovine torovirus; Breda virus,no
Bovine respiratory coronavirus AH187,FJ938065.1,Coronavirus,FJ938065.1,"Bovine respiratory coronavirus AH187, complete genome",Bovine respiratory coronavirus AH187,502108,502108,Coronaviridae,Coronaviridae,current_family_from_ictv_lineage_name,Viruses; Riboviria; Orthornavirae; Pisuviricota; Pisoniviricetes; Nidovirales; Cornidovirineae; Coronaviridae; Orthocoronavirinae; Betacoronavirus; Embecovirus; Betacoronavirus gravedinis; Betacoronavirus 1; Bovine coronavirus; Bovine respiratory coronavirus AH187,no
Canine coronavirus,KC175340.1,Coronavirus,KC175340.1,"Canine coronavirus strain K378, complete genome",Canine coronavirus,11153,11153,Coronaviridae,Coronaviridae,current_family_from_ictv_lineage_name,Viruses; Riboviria; Orthornavirae; Pisuviricota; Pisoniviricetes; Nidovirales; Cornidovirineae; Coronaviridae; Orthocoronavirinae; Alphacoronavirus; Tegacovirus; Alphacoronavirus suis; Alphacoronavirus 1; Canine coronavirus,no
Alphacoronavirus 2,HM245926.1,Coronavirus,HM245926.1,"Mink coronavirus strain WD1133, complete genome",Mink coronavirus strain WD1133,766792,766792,Coronaviridae,Coronaviridae,current_family_from_ictv_lineage_name,Viruses; Riboviria; Orthornavirae; Pisuviricota; Pisoniviricetes; Nidovirales; Cornidovirineae; Coronaviridae; Orthocoronavirinae; Alphacoronavirus; Minacovirus; unclassified Minacovirus; Mink coronavirus strain WD1133,no
Feline coronavirus,NC_002306.3,Coronavirus,NC_002306.3,"Feline infectious peritonitis virus, complete genome",Feline infectious peritonitis virus,11135,11135,Coronaviridae,Coronaviridae,current_family_from_ictv_lineage_name,Viruses; Riboviria; Orthornavirae; Pisuviricota; Pisoniviricetes; Nidovirales; Cornidovirineae; Coronaviridae; Orthocoronavirinae; Alphacoronavirus; Tegacovirus; Alphacoronavirus suis; Alphacoronavirus 1; Feline coronavirus; Feline infectious peritonitis virus,no
Betacoronavirus Erinaceus,NC_022643.1,Coronavirus,NC_022643.1,"Betacoronavirus Erinaceus/VMC/DEU/2012 isolate ErinaceusCoV/2012-216/GER/2012, complete genome",Betacoronavirus Erinaceus/VMC/DEU/2012,1385427,1385427,Coronaviridae,Coronaviridae,current_family_from_ictv_lineage_name,Viruses; Riboviria; Orthornavirae; Pisuviricota; Pisoniviricetes; Nidovirales; Cornidovirineae; Coronaviridae; Orthocoronavirinae; Betacoronavirus; Merbecovirus; Betacoronavirus erinacei; Hedgehog coronavirus 1; Betacoronavirus Erinaceus/VMC/DEU/2012,no
White bream virus,NC_008516.1,Coronavirus,NC_008516.1,"White bream virus, complete genome",White bream virus,405554,405554,Tobaniviridae,Tobaniviridae,current_family_from_ictv_lineage_name,Viruses; Riboviria; Orthornavirae; Pisuviricota; Pisoniviricetes; Nidovirales; Tornidovirineae; Tobaniviridae; Piscanivirinae; Bafinivirus; Blicbavirus; Bafinivirus bliccae; White bream virus,no
Infectious bronchitis virus,NC_001451.1,Coronavirus,NC_001451.1,"Avian infectious bronchitis virus, complete genome",Infectious bronchitis virus,11120,11120,Coronaviridae,Coronaviridae,current_family_from_ictv_lineage_name,Viruses; Riboviria; Orthornavirae; Pisuviricota; Pisoniviricetes; Nidovirales; Cornidovirineae; Coronaviridae; Orthocoronavirinae; Gammacoronavirus; Igacovirus; Gammacoronavirus galli; Avian coronavirus; Infectious bronchitis virus,no
Turkey enteric coronavirus,NC_010800.1,Coronavirus,NC_010800.1,"Turkey coronavirus, complete genome",Turkey coronavirus,11152,11152,Coronaviridae,Coronaviridae,current_family_from_ictv_lineage_name,Viruses; Riboviria; Orthornavirae; Pisuviricota; Pisoniviricetes; Nidovirales; Cornidovirineae; Coronaviridae; Orthocoronavirinae; Gammacoronavirus; Igacovirus; Gammacoronavirus galli; Avian coronavirus; Turkey coronavirus,no
Wigeon coronavirus HKU20,NC_016995.1,Coronavirus,NC_016995.1,"Wigeon coronavirus HKU20, complete genome",Wigeon coronavirus HKU20,1159908,1159908,Coronaviridae,Coronaviridae,current_family_from_ictv_lineage_name,Viruses; Riboviria; Orthornavirae; Pisuviricota; Pisoniviricetes; Nidovirales; Cornidovirineae; Coronaviridae; Orthocoronavirinae; Deltacoronavirus; Andecovirus; Deltacoronavirus marecae; Wigeon coronavirus HKU20,no
Rabbit coronavirus HKU14,NC_017083.1,Coronavirus,NC_017083.1,"Rabbit coronavirus HKU14, complete genome",Rabbit coronavirus HKU14,1160968,1160968,Coronaviridae,Coronaviridae,current_family_from_ictv_lineage_name,Viruses; Riboviria; Orthornavirae; Pisuviricota; Pisoniviricetes; Nidovirales; Cornidovirineae; Coronaviridae; Orthocoronavirinae; Betacoronavirus; Embecovirus; unclassified Embecovirus; Rabbit coronavirus HKU14,no
Common-moorhen coronavirus HKU21,NC_016996.1,Coronavirus,NC_016996.1,"Common moorhen coronavirus HKU21, complete genome",Common moorhen coronavirus HKU21,1159902,1159902,Coronaviridae,Coronaviridae,current_family_from_ictv_lineage_name,Viruses; Riboviria; Orthornavirae; Pisuviricota; Pisoniviricetes; Nidovirales; Cornidovirineae; Coronaviridae; Orthocoronavirinae; Deltacoronavirus; Buldecovirus; Deltacoronavirus gallinulae; Common moorhen coronavirus HKU21,no
Magpie-robin coronavirus HKU18,NC_016993.1,Coronavirus,NC_016993.1,"Magpie-robin coronavirus HKU18, complete genome",Magpie-robin coronavirus HKU18,1159903,1159903,Coronaviridae,Coronaviridae,current_family_from_ictv_lineage_name,Viruses; Riboviria; Orthornavirae; Pisuviricota; Pisoniviricetes; Nidovirales; Cornidovirineae; Coronaviridae; Orthocoronavirinae; Deltacoronavirus; Buldecovirus; unclassified Buldecovirus; Magpie-robin coronavirus HKU18,no
Night-heron coronavirus HKU19,NC_016994.1,Coronavirus,NC_016994.1,"Night-heron coronavirus HKU19, complete genome",Night heron coronavirus HKU19,1159904,1159904,Coronaviridae,Coronaviridae,current_family_from_ictv_lineage_name,Viruses; Riboviria; Orthornavirae; Pisuviricota; Pisoniviricetes; Nidovirales; Cornidovirineae; Coronaviridae; Orthocoronavirinae; Deltacoronavirus; Herdecovirus; Deltacoronavirus nycticoracis; Night heron coronavirus HKU19,no
Sparrow coronavirus HKU17,NC_016992.1,Coronavirus,NC_016992.1,"Sparrow coronavirus HKU17, complete genome",Sparrow coronavirus HKU17,1159906,1159906,Coronaviridae,Coronaviridae,current_family_from_ictv_lineage_name,Viruses; Riboviria; Orthornavirae; Pisuviricota; Pisoniviricetes; Nidovirales; Cornidovirineae; Coronaviridae; Orthocoronavirinae; Deltacoronavirus; Buldecovirus; unclassified Buldecovirus; Sparrow coronavirus HKU17,no
White-eye coronavirus HKU16,NC_016991.1,Coronavirus,NC_016991.1,"White-eye coronavirus HKU16, complete genome",White-eye coronavirus HKU16,1159907,1159907,Coronaviridae,Coronaviridae,current_family_from_ictv_lineage_name,Viruses; Riboviria; Orthornavirae; Pisuviricota; Pisoniviricetes; Nidovirales; Cornidovirineae; Coronaviridae; Orthocoronavirinae; Deltacoronavirus; Buldecovirus; Deltacoronavirus zosteropis; White-eye coronavirus HKU16,no
Munia coronavirus HKU13,NC_011550.1,Coronavirus,NC_011550.1,"Munia coronavirus HKU13-3514, complete genome",Munia coronavirus HKU13-3514,572289,572289,Coronaviridae,Coronaviridae,current_family_from_ictv_lineage_name,Viruses; Riboviria; Orthornavirae; Pisuviricota; Pisoniviricetes; Nidovirales; Cornidovirineae; Coronaviridae; Orthocoronavirinae; Deltacoronavirus; Buldecovirus; Deltacoronavirus lonchurae; Munia coronavirus HKU13; Munia coronavirus HKU13-3514,no
Thrush coronavirus HKU12,NC_011549.1,Coronavirus,NC_011549.1,"Thrush coronavirus HKU12-600, complete genome",Thrush coronavirus HKU12-600,572290,572290,Coronaviridae,Coronaviridae,current_family_from_ictv_lineage_name,Viruses; Riboviria; Orthornavirae; Pisuviricota; Pisoniviricetes; Nidovirales; Cornidovirineae; Coronaviridae; Orthocoronavirinae; Deltacoronavirus; Buldecovirus; unclassified Buldecovirus; Thrush coronavirus HKU12-600,no
Human enteric coronavirus strain 4408,FJ938067.1,Coronavirus,FJ938067.1,"Human enteric coronavirus strain 4408, complete genome",Human enteric coronavirus strain 4408,627439,627439,Coronaviridae,Coronaviridae,current_family_from_ictv_lineage_name,Viruses; Riboviria; Orthornavirae; Pisuviricota; Pisoniviricetes; Nidovirales; Cornidovirineae; Coronaviridae; Orthocoronavirinae; Betacoronavirus; Embecovirus; Betacoronavirus gravedinis; Betacoronavirus 1; Bovine coronavirus; Human enteric coronavirus 4408; Human enteric coronavirus strain 4408,no
Beluga Whale coronavirus SW1,NC_010646.1,Coronavirus,NC_010646.1,"Beluga Whale coronavirus SW1, complete genome",Beluga whale coronavirus SW1,694015,694015,Coronaviridae,Coronaviridae,current_family_from_ictv_lineage_name,Viruses; Riboviria; Orthornavirae; Pisuviricota; Pisoniviricetes; Nidovirales; Cornidovirineae; Coronaviridae; Orthocoronavirinae; Gammacoronavirus; Cegacovirus; Gammacoronavirus delphinapteri; Beluga whale coronavirus SW1,no
Bat Hp-betacoronavirus,NC_025217.1,Coronavirus,NC_025217.1,"Bat Hp-betacoronavirus/Zhejiang2013, complete genome",Bat Hp-betacoronavirus/Zhejiang2013,1541205,1541205,Coronaviridae,Coronaviridae,current_family_from_ictv_lineage_name,Viruses; Riboviria; Orthornavirae; Pisuviricota; Pisoniviricetes; Nidovirales; Cornidovirineae; Coronaviridae; Orthocoronavirinae; Betacoronavirus; Hibecovirus; Betacoronavirus hipposideri; Bat Hp-betacoronavirus Zhejiang2013; Bat Hp-betacoronavirus/Zhejiang2013,no
Equine coronavirus,LC061274.1,Coronavirus,LC061274.1,"Equine coronavirus RNA, complete genome, strain: Obihiro12-2",Equine coronavirus,136187,136187,Coronaviridae,Coronaviridae,current_family_from_ictv_lineage_name,Viruses; Riboviria; Orthornavirae; Pisuviricota; Pisoniviricetes; Nidovirales; Cornidovirineae; Coronaviridae; Orthocoronavirinae; Betacoronavirus; Embecovirus; Betacoronavirus gravedinis; Betacoronavirus 1; Equine coronavirus,no
Human coronavirus 229E,NC_002645.1,Coronavirus,NC_002645.1,"Human coronavirus 229E, complete genome",Human coronavirus 229E,11137,11137,Coronaviridae,Coronaviridae,current_family_from_ictv_lineage_name,Viruses; Riboviria; Orthornavirae; Pisuviricota; Pisoniviricetes; Nidovirales; Cornidovirineae; Coronaviridae; Orthocoronavirinae; Alphacoronavirus; Duvinacovirus; Alphacoronavirus chicagoense; Human coronavirus 229E,no
Human coronavirus OC43,KX344031.1,Coronavirus,KX344031.1,"Human coronavirus OC43 isolate LRTI_238, complete genome",Human coronavirus OC43,31631,31631,Coronaviridae,Coronaviridae,current_family_from_ictv_lineage_name,Viruses; Riboviria; Orthornavirae; Pisuviricota; Pisoniviricetes; Nidovirales; Cornidovirineae; Coronaviridae; Orthocoronavirinae; Betacoronavirus; Embecovirus; Betacoronavirus gravedinis; Betacoronavirus 1; Human coronavirus OC43,no
Human coronavirus NL63,NC_005831.2,Coronavirus,NC_005831.2,"Human Coronavirus NL63, complete genome",Human coronavirus NL63,277944,277944,Coronaviridae,Coronaviridae,current_family_from_ictv_lineage_name,Viruses; Riboviria; Orthornavirae; Pisuviricota; Pisoniviricetes; Nidovirales; Cornidovirineae; Coronaviridae; Orthocoronavirinae; Alphacoronavirus; Setracovirus; Alphacoronavirus amsterdamense; Human coronavirus NL63,no
Human coronavirus HKU1,NC_006577.2,Coronavirus,NC_006577.2,"Human coronavirus HKU1, complete genome",Human coronavirus HKU1,290028,290028,Coronaviridae,Coronaviridae,current_family_from_ictv_lineage_name,Viruses; Riboviria; Orthornavirae; Pisuviricota; Pisoniviricetes; Nidovirales; Cornidovirineae; Coronaviridae; Orthocoronavirinae; Betacoronavirus; Embecovirus; Betacoronavirus hongkongense; Human coronavirus HKU1,no
Murine hepatitis virus,NC_001846.1,Coronavirus,NC_001846.1,"Murine hepatitis virus strain MHV-A59 C12 mutant, complete genome",Murine hepatitis virus,11138,11138,Coronaviridae,Coronaviridae,current_family_from_ictv_lineage_name,Viruses; Riboviria; Orthornavirae; Pisuviricota; Pisoniviricetes; Nidovirales; Cornidovirineae; Coronaviridae; Orthocoronavirinae; Betacoronavirus; Embecovirus; Betacoronavirus muris; Murine coronavirus; Murine hepatitis virus,no
Rat coronavirus,NC_012936.1,Coronavirus,NC_012936.1,"Rat coronavirus Parker, complete genome",Rat coronavirus Parker,502102,502102,Coronaviridae,Coronaviridae,current_family_from_ictv_lineage_name,Viruses; Riboviria; Orthornavirae; Pisuviricota; Pisoniviricetes; Nidovirales; Cornidovirineae; Coronaviridae; Orthocoronavirinae; Betacoronavirus; Embecovirus; Betacoronavirus muris; Murine coronavirus; Rat coronavirus; Rat coronavirus Parker,no
Betacoronavirus HKU24,NC_026011.1,Coronavirus,NC_026011.1,"Betacoronavirus HKU24 strain HKU24-R05005I, complete genome",Betacoronavirus HKU24,1590370,1590370,Coronaviridae,Coronaviridae,current_family_from_ictv_lineage_name,Viruses; Riboviria; Orthornavirae; Pisuviricota; Pisoniviricetes; Nidovirales; Cornidovirineae; Coronaviridae; Orthocoronavirinae; Betacoronavirus; Embecovirus; Betacoronavirus ratti; China Rattus coronavirus HKU24; Betacoronavirus HKU24,no
Porcine epidemic diarrhea virus,NC_003436.1,Coronavirus,NC_003436.1,"Porcine epidemic diarrhea virus, complete genome",Porcine epidemic diarrhea virus,28295,28295,Coronaviridae,Coronaviridae,current_family_from_ictv_lineage_name,Viruses; Riboviria; Orthornavirae; Pisuviricota; Pisoniviricetes; Nidovirales; Cornidovirineae; Coronaviridae; Orthocoronavirinae; Alphacoronavirus; Pedacovirus; Alphacoronavirus porci; Porcine epidemic diarrhea virus,no
Porcine hemagglutinating encephalomyelitis virus,DQ011855.1,Coronavirus,DQ011855.1,"Porcine hemagglutinating encephalomyelitis virus strain VW572, complete genome",Porcine hemagglutinating encephalomyelitis virus,42005,42005,Coronaviridae,Coronaviridae,current_family_from_ictv_lineage_name,Viruses; Riboviria; Orthornavirae; Pisuviricota; Pisoniviricetes; Nidovirales; Cornidovirineae; Coronaviridae; Orthocoronavirinae; Betacoronavirus; Embecovirus; Betacoronavirus gravedinis; Betacoronavirus 1; Porcine hemagglutinating encephalomyelitis virus,no
Porcine torovirus,NC_022787.1,Coronavirus,NC_022787.1,"Porcine torovirus strain SH1, complete genome",Porcine torovirus,237020,237020,Tobaniviridae,Tobaniviridae,current_family_from_ictv_lineage_name,Viruses; Riboviria; Orthornavirae; Pisuviricota; Pisoniviricetes; Nidovirales; Tornidovirineae; Tobaniviridae; Torovirinae; Torovirus; Renitovirus; Torovirus suis; Porcine torovirus,no
Porcine coronavirus HKU15,NC_016990.2,Coronavirus,NC_016990.2,"Porcine coronavirus HKU15 strain HKU15-44, complete genome",Porcine coronavirus HKU15,1159905,1159905,Coronaviridae,Coronaviridae,current_family_from_ictv_lineage_name,Viruses; Riboviria; Orthornavirae; Pisuviricota; Pisoniviricetes; Nidovirales; Cornidovirineae; Coronaviridae; Orthocoronavirinae; Deltacoronavirus; Buldecovirus; Deltacoronavirus suis; Coronavirus HKU15; Porcine coronavirus HKU15,no
Marburg marburgvirus,NC_001608.3,Filovirus,NC_001608.3,"Marburg marburgvirus isolate Marburg virus/H.sapiens-tc/KEN/1980/Mt. Elgon-Musoke, complete genome",Orthomarburgvirus marburgense,3052505,3052505,Filoviridae,Filoviridae,current_family_from_ictv_lineage_name,Viruses; Riboviria; Orthornavirae; Negarnaviricota; Haploviricotina; Monjiviricetes; Mononegavirales; Filoviridae; Orthomarburgvirus; Orthomarburgvirus marburgense,no
Zaire ebolavirus,NC_002549.1,Filovirus,NC_002549.1,"Zaire ebolavirus isolate Ebola virus/H.sapiens-tc/COD/1976/Yambuku-Mayinga, complete genome",Zaire ebolavirus,186538,186538,Filoviridae,Filoviridae,current_family_from_ictv_lineage_name,Viruses; Riboviria; Orthornavirae; Negarnaviricota; Haploviricotina; Monjiviricetes; Mononegavirales; Filoviridae; Orthoebolavirus; Orthoebolavirus zairense; Zaire ebolavirus,no
Reston ebolavirus,NC_004161.1,Filovirus,NC_004161.1,"Reston ebolavirus isolate Reston virus/M.fascicularis-tc/USA/1989/Philippines89-Pennsylvania, complete genome",Reston ebolavirus,186539,186539,Filoviridae,Filoviridae,current_family_from_ictv_lineage_name,Viruses; Riboviria; Orthornavirae; Negarnaviricota; Haploviricotina; Monjiviricetes; Mononegavirales; Filoviridae; Orthoebolavirus; Orthoebolavirus restonense; Reston ebolavirus,no
Sudan ebolavirus,NC_006432.1,Filovirus,NC_006432.1,"Sudan ebolavirus isolate Sudan virus/H.sapiens-tc/UGA/2000/Gulu-808892, complete genome",Sudan ebolavirus,186540,186540,Filoviridae,Filoviridae,current_family_from_ictv_lineage_name,Viruses; Riboviria; Orthornavirae; Negarnaviricota; Haploviricotina; Monjiviricetes; Mononegavirales; Filoviridae; Orthoebolavirus; Orthoebolavirus sudanense; Sudan ebolavirus,no
Tai Forest ebolavirus,NC_014372.1,Filovirus,NC_014372.1,"Tai Forest ebolavirus isolate Tai Forest virus/H.sapiens-tc/CIV/1994/Pauleoula-CI, complete genome",Tai Forest ebolavirus,186541,186541,Filoviridae,Filoviridae,current_family_from_ictv_lineage_name,Viruses; Riboviria; Orthornavirae; Negarnaviricota; Haploviricotina; Monjiviricetes; Mononegavirales; Filoviridae; Orthoebolavirus; Orthoebolavirus taiense; Tai Forest ebolavirus,no
Bundibugyo virus,NC_014373.1,Filovirus,NC_014373.1,"Bundibugyo ebolavirus, complete genome",Bundibugyo virus,565995,565995,Filoviridae,Filoviridae,current_family_from_ictv_lineage_name,Viruses; Riboviria; Orthornavirae; Negarnaviricota; Haploviricotina; Monjiviricetes; Mononegavirales; Filoviridae; Orthoebolavirus; Orthoebolavirus bundibugyoense; Bundibugyo virus,no
Lloviu cuevavirus,NC_016144.1,Filovirus,NC_016144.1,"Lloviu cuevavirus isolate Lloviu virus/M.schreibersii-wt/ESP/2003/Asturias-Bat86, complete genome",Cuevavirus lloviuense,3052148,3052148,Filoviridae,Filoviridae,current_family_from_ictv_lineage_name,Viruses; Riboviria; Orthornavirae; Negarnaviricota; Haploviricotina; Monjiviricetes; Mononegavirales; Filoviridae; Cuevavirus; Cuevavirus lloviuense,no
Pronghorn antelope pestivirus,NC_024018.2,Flavivirus,NC_024018.2,"Pronghorn antelope pestivirus, complete genome",Pronghorn antelope pestivirus,188938,188938,Pestiviridae,Pestiviridae,current_family_from_ictv_lineage_name,Viruses; Riboviria; Orthornavirae; Kitrinoviricota; Flasuviricetes; Amarillovirales; Pestiviridae; Orthopestivirus; Orthopestivirus antilocaprae; Pronghorn antelope pestivirus,no
Entebbe bat virus,NC_008718.1,Flavivirus,NC_008718.1,"Entebbe bat virus, complete genome",Entebbe bat virus,64283,64283,Flaviviridae,Flaviviridae,current_family_from_ictv_lineage_name,Viruses; Riboviria; Orthornavirae; Kitrinoviricota; Flasuviricetes; Amarillovirales; Flaviviridae; Orthoflavivirus; Euflavivirus; Orthoflavivirus entebbeense; Entebbe bat virus,no
Sokoluk virus,NC_026624.1,Flavivirus,NC_026624.1,"Sokoluk virus strain LEIV-400K, complete genome",Sokoluk virus,64317,64317,Flaviviridae,Flaviviridae,current_family_from_ictv_lineage_name,Viruses; Riboviria; Orthornavirae; Kitrinoviricota; Flasuviricetes; Amarillovirales; Flaviviridae; Orthoflavivirus; Euflavivirus; Orthoflavivirus entebbeense; Sokoluk virus,no
Yokose virus,NC_005039.1,Flavivirus,NC_005039.1,"Yokose virus, complete genome",Yokose virus,64294,64294,Flaviviridae,Flaviviridae,current_family_from_ictv_lineage_name,Viruses; Riboviria; Orthornavirae; Kitrinoviricota; Flasuviricetes; Amarillovirales; Flaviviridae; Orthoflavivirus; Euflavivirus; Orthoflavivirus yokoseense; Yokose virus,no
Montana myotis leukoencephalitis virus,NC_004119.1,Flavivirus,NC_004119.1,"Montana myotis leukoencephalitis virus, complete genome",Montana myotis leukoencephalitis virus,64312,64312,Flaviviridae,Flaviviridae,current_family_from_ictv_lineage_name,Viruses; Riboviria; Orthornavirae; Kitrinoviricota; Flasuviricetes; Amarillovirales; Flaviviridae; Orthoflavivirus; Euflavivirus; Orthoflavivirus montanaense; Montana myotis leukoencephalitis virus,no
Rio Bravo virus,NC_003675.1,Flavivirus,NC_003675.1,"Rio Bravo virus, genome",Rio Bravo virus,64285,64285,Flaviviridae,Flaviviridae,current_family_from_ictv_lineage_name,Viruses; Riboviria; Orthornavirae; Kitrinoviricota; Flasuviricetes; Amarillovirales; Flaviviridae; Orthoflavivirus; Euflavivirus; Orthoflavivirus bravoense; Rio Bravo virus,no
Tamana bat virus,NC_003996.1,Flavivirus,NC_003996.1,"Tamana bat virus, genome",Tamana bat virus,161675,161675,Flaviviridae,Flaviviridae,current_family_from_ictv_lineage_name,Viruses; Riboviria; Orthornavirae; Kitrinoviricota; Flasuviricetes; Amarillovirales; Flaviviridae; Tamanavirus; Tamanavirus parnelli; Tamana bat virus,no
Pestivirus Burdur,KM408491.1,Flavivirus,KM408491.1,"Pestivirus Burdur/05-TR, complete genome",Pestivirus Burdur/05-TR,1594788,1594788,Pestiviridae,Pestiviridae,current_family_from_ictv_lineage_name,Viruses; Riboviria; Orthornavirae; Kitrinoviricota; Flasuviricetes; Amarillovirales; Pestiviridae; Orthopestivirus; Orthopestivirus aydinense; Pestivirus Burdur/05-TR,no
Sepik virus,NC_008719.1,Flavivirus,NC_008719.1,"Sepik virus, complete genome",Sepik virus,44026,44026,Flaviviridae,Flaviviridae,current_family_from_ictv_lineage_name,Viruses; Riboviria; Orthornavirae; Kitrinoviricota; Flasuviricetes; Amarillovirales; Flaviviridae; Orthoflavivirus; Euflavivirus; Orthoflavivirus sepikense; Sepik virus,no
Louping ill virus,NC_001809.1,Flavivirus,NC_001809.1,"Louping ill virus, complete genome",Louping ill virus,11086,11086,Flaviviridae,Flaviviridae,current_family_from_ictv_lineage_name,Viruses; Riboviria; Orthornavirae; Kitrinoviricota; Flasuviricetes; Amarillovirales; Flaviviridae; Orthoflavivirus; Euflavivirus; Orthoflavivirus loupingi; Louping ill virus,no
Border disease virus,NC_003679.1,Flavivirus,NC_003679.1,"Border disease virus X818, complete genome",Border disease virus,358764,358764,Pestiviridae,Pestiviridae,current_family_from_ictv_lineage_name,Viruses; Riboviria; Orthornavirae; Kitrinoviricota; Flasuviricetes; Amarillovirales; Pestiviridae; Orthopestivirus; Orthopestivirus ovis; Border disease virus,no
Bovine hepacivirus,NC_026797.1,Flavivirus,NC_026797.1,"Bovine hepacivirus polyprotein (POLY) gene, complete cds",Bovine hepacivirus,1633878,1633878,Hepaciviridae,Hepaciviridae,current_family_from_ictv_lineage_name,Viruses; Riboviria; Orthornavirae; Kitrinoviricota; Flasuviricetes; Amarillovirales; Hepaciviridae; Orthohepacivirus; Orthohepacivirus bovis; Bovine hepacivirus,no
Bovine viral diarrhea virus 1,NC_001461.1,Flavivirus,NC_001461.1,"Bovine viral diarrhea virus 1, complete genome",Bovine viral diarrhea virus 1,11099,11099,Pestiviridae,Pestiviridae,current_family_from_ictv_lineage_name,Viruses; Riboviria; Orthornavirae; Kitrinoviricota; Flasuviricetes; Amarillovirales; Pestiviridae; Orthopestivirus; Orthopestivirus bovis; Bovine viral diarrhea virus isolates and strains; Bovine viral diarrhea virus 1,no
Bovine viral diarrhea virus 2,NC_002032.1,Flavivirus,NC_002032.1,"Bovine viral diarrhea virus genotype 2, complete genome",Bovine viral diarrhea virus 2,54315,54315,Pestiviridae,Pestiviridae,current_family_from_ictv_lineage_name,Viruses; Riboviria; Orthornavirae; Kitrinoviricota; Flasuviricetes; Amarillovirales; Pestiviridae; Orthopestivirus; Orthopestivirus tauri; Bovine viral diarrhea virus 2,no
Bovine viral diarrhea virus 3,NC_012812.1,Flavivirus,NC_012812.1,"Bovine viral diarrhea virus 3 Th/04_KhonKaen, complete genome",Bovine viral diarrhea virus 3 Th/04_KhonKaen,402584,402584,Pestiviridae,Pestiviridae,current_family_from_ictv_lineage_name,Viruses; Riboviria; Orthornavirae; Kitrinoviricota; Flasuviricetes; Amarillovirales; Pestiviridae; Orthopestivirus; Orthopestivirus brazilense; Bovine viral diarrhea virus 3 Th/04_KhonKaen,no
Pestivirus strain Aydin/04-TR,NC_018713.1,Flavivirus,NC_018713.1,"Pestivirus strain Aydin/04-TR, complete genome",Aydin-like pestivirus,2756242,2756242,Pestiviridae,Pestiviridae,current_family_from_ictv_lineage_name,Viruses; Riboviria; Orthornavirae; Kitrinoviricota; Flasuviricetes; Amarillovirales; Pestiviridae; Orthopestivirus; Orthopestivirus aydinense; Aydin-like pestivirus,no
Kokobera virus,NC_032088.1,Flavivirus,NC_032088.1,"New Mapoon virus, complete cds",New Mapoon virus,499854,499854,Flaviviridae,Flaviviridae,current_family_from_ictv_lineage_name,Viruses; Riboviria; Orthornavirae; Kitrinoviricota; Flasuviricetes; Amarillovirales; Flaviviridae; Orthoflavivirus; Euflavivirus; Orthoflavivirus kokoberaorum; Kokobera virus; New Mapoon virus,no
Bagaza virus,NC_012534.1,Flavivirus,NC_012534.1,"Bagaza virus strain DakAr B209, complete genome",Bagaza virus,64290,64290,Flaviviridae,Flaviviridae,current_family_from_ictv_lineage_name,Viruses; Riboviria; Orthornavirae; Kitrinoviricota; Flasuviricetes; Amarillovirales; Flaviviridae; Orthoflavivirus; Euflavivirus; Orthoflavivirus bagazaense; Bagaza virus,no
Pestivirus Giraffe-1,NC_003678.1,Flavivirus,NC_003678.1,Pestivirus giraffe-1 H138 complete genome,Pestivirus giraffe-1 H138,119222,119222,Pestiviridae,Pestiviridae,current_family_from_ictv_lineage_name,Viruses; Riboviria; Orthornavirae; Kitrinoviricota; Flasuviricetes; Amarillovirales; Pestiviridae; Orthopestivirus; Orthopestivirus giraffae; Pestivirus giraffe-1 H138,no
Aedes flavivirus,NC_012932.1,Flavivirus,NC_012932.1,"Aedes flavivirus genomic RNA, complete genome, strain: Narita-21",Aedes flavivirus,390845,390845,Flaviviridae,Flaviviridae,current_family_from_ictv_lineage_name,Viruses; Riboviria; Orthornavirae; Kitrinoviricota; Flasuviricetes; Amarillovirales; Flaviviridae; Orthoflavivirus; unclassified Orthoflavivirus; Aedes flavivirus,no
Cell fusing agent virus,NC_001564.2,Flavivirus,NC_001564.2,"Cell fusing agent virus strain Galveston, complete genome",Cell fusing agent virus,31658,31658,Flaviviridae,Flaviviridae,current_family_from_ictv_lineage_name,Viruses; Riboviria; Orthornavirae; Kitrinoviricota; Flasuviricetes; Amarillovirales; Flaviviridae; Orthoflavivirus; Fusivirus; Orthoflavivirus iunctionis; Cell fusing agent virus,no
Chaoyang virus,NC_017086.1,Flavivirus,NC_017086.1,"Chaoyang virus, complete genome",Chaoyang virus,631267,631267,Flaviviridae,Flaviviridae,current_family_from_ictv_lineage_name,Viruses; Riboviria; Orthornavirae; Kitrinoviricota; Flasuviricetes; Amarillovirales; Flaviviridae; Orthoflavivirus; unclassified Orthoflavivirus; Chaoyang virus,no
Culex flavivirus,NC_008604.2,Flavivirus,NC_008604.2,"Culex flavivirus, complete genome",Culex flavivirus,390844,390844,Flaviviridae,Flaviviridae,current_family_from_ictv_lineage_name,Viruses; Riboviria; Orthornavirae; Kitrinoviricota; Flasuviricetes; Amarillovirales; Flaviviridae; Orthoflavivirus; unclassified Orthoflavivirus; Culex flavivirus,no
Donggang virus,NC_016997.1,Flavivirus,NC_016997.1,"Donggang virus, complete genome",Donggang virus,985683,985683,Flaviviridae,Flaviviridae,current_family_from_ictv_lineage_name,Viruses; Riboviria; Orthornavirae; Kitrinoviricota; Flasuviricetes; Amarillovirales; Flaviviridae; Orthoflavivirus; unclassified Orthoflavivirus; Donggang virus,no
Kamiti River virus,NC_005064.1,Flavivirus,NC_005064.1,"Kamiti River virus, complete genome",Kamiti River virus,218849,218849,Flaviviridae,Flaviviridae,current_family_from_ictv_lineage_name,Viruses; Riboviria; Orthornavirae; Kitrinoviricota; Flasuviricetes; Amarillovirales; Flaviviridae; Orthoflavivirus; unclassified Orthoflavivirus; Kamiti River virus,no
Mercadeo virus,NC_027819.1,Flavivirus,NC_027819.1,"Mercadeo virus isolate ER-M10, complete genome",Mercadeo virus,1708574,1708574,Flaviviridae,Flaviviridae,current_family_from_ictv_lineage_name,Viruses; Riboviria; Orthornavirae; Kitrinoviricota; Flasuviricetes; Amarillovirales; Flaviviridae; Orthoflavivirus; unclassified Orthoflavivirus; Mercadeo virus,no
Mosquito flavivirus,NC_021069.1,Flavivirus,NC_021069.1,"Mosquito flavivirus isolate LSFlaviV-A20-09, complete genome",Mosquito flavivirus,673515,673515,Flaviviridae,Flaviviridae,current_family_from_ictv_lineage_name,Viruses; Riboviria; Orthornavirae; Kitrinoviricota; Flasuviricetes; Amarillovirales; Flaviviridae; Orthoflavivirus; unclassified Orthoflavivirus; Quang Binh virus; Mosquito flavivirus,no
Parramatta River virus,NC_027817.1,Flavivirus,NC_027817.1,"Parramatta River virus isolate 92-B115745, complete genome",Parramatta River virus,1708654,1708654,Flaviviridae,Flaviviridae,current_family_from_ictv_lineage_name,Viruses; Riboviria; Orthornavirae; Kitrinoviricota; Flasuviricetes; Amarillovirales; Flaviviridae; Orthoflavivirus; unclassified Orthoflavivirus; Parramatta River virus,no
Quang Binh virus,NC_012671.1,Flavivirus,NC_012671.1,"Quang Binh virus, complete genome",Quang Binh virus,643132,643132,Flaviviridae,Flaviviridae,current_family_from_ictv_lineage_name,Viruses; Riboviria; Orthornavirae; Kitrinoviricota; Flasuviricetes; Amarillovirales; Flaviviridae; Orthoflavivirus; unclassified Orthoflavivirus; Quang Binh virus,no
Paraiso Escondido virus,NC_027999.1,Flavivirus,NC_027999.1,"Paraiso Escondido virus isolate Ecuador2012, complete genome",Paraiso Escondido virus,1566298,1566298,Flaviviridae,Flaviviridae,current_family_from_ictv_lineage_name,Viruses; Riboviria; Orthornavirae; Kitrinoviricota; Flasuviricetes; Amarillovirales; Flaviviridae; Orthoflavivirus; unclassified Orthoflavivirus; Paraiso Escondido virus,no
Ilheus virus,NC_009028.2,Flavivirus,NC_009028.2,"Ilheus virus, complete genome",Ilheus virus,59563,59563,Flaviviridae,Flaviviridae,current_family_from_ictv_lineage_name,Viruses; Riboviria; Orthornavirae; Kitrinoviricota; Flasuviricetes; Amarillovirales; Flaviviridae; Orthoflavivirus; Euflavivirus; Orthoflavivirus ilheusense; Ilheus virus,no
Japanese encephalitis virus,NC_001437.1,Flavivirus,NC_001437.1,"Japanese encephalitis virus, genome",Japanese encephalitis virus,11072,11072,Flaviviridae,Flaviviridae,current_family_from_ictv_lineage_name,Viruses; Riboviria; Orthornavirae; Kitrinoviricota; Flasuviricetes; Amarillovirales; Flaviviridae; Orthoflavivirus; Euflavivirus; Orthoflavivirus japonicum; Japanese encephalitis virus,no
Murray Valley encephalitis virus,NC_000943.1,Flavivirus,NC_000943.1,"Murray Valley encephalitis virus, complete genome",Murray Valley encephalitis virus,11079,11079,Flaviviridae,Flaviviridae,current_family_from_ictv_lineage_name,Viruses; Riboviria; Orthornavirae; Kitrinoviricota; Flasuviricetes; Amarillovirales; Flaviviridae; Orthoflavivirus; Euflavivirus; Orthoflavivirus murrayense; Murray Valley encephalitis virus,no
St. Louis encephalitis virus,NC_007580.2,Flavivirus,NC_007580.2,"Saint Louis encephalitis virus, complete genome",St. Louis encephalitis virus,11080,11080,Flaviviridae,Flaviviridae,current_family_from_ictv_lineage_name,Viruses; Riboviria; Orthornavirae; Kitrinoviricota; Flasuviricetes; Amarillovirales; Flaviviridae; Orthoflavivirus; Euflavivirus; Orthoflavivirus louisense; St. Louis encephalitis virus,no
Usutu virus,NC_006551.1,Flavivirus,NC_006551.1,"Usutu virus, complete cds",Usutu virus,64286,64286,Flaviviridae,Flaviviridae,current_family_from_ictv_lineage_name,Viruses; Riboviria; Orthornavirae; Kitrinoviricota; Flasuviricetes; Amarillovirales; Flaviviridae; Orthoflavivirus; Euflavivirus; Orthoflavivirus usutuense; Usutu virus,no
West Nile virus,NC_001563.2,Flavivirus,NC_001563.2,"West Nile virus lineage 2, complete genome",West Nile virus,11082,11082,Flaviviridae,Flaviviridae,current_family_from_ictv_lineage_name,Viruses; Riboviria; Orthornavirae; Kitrinoviricota; Flasuviricetes; Amarillovirales; Flaviviridae; Orthoflavivirus; Euflavivirus; Orthoflavivirus nilense; West Nile virus,no
Kama virus,NC_023439.1,Flavivirus,NC_023439.1,"Kama virus strain LEIV-20776Tat polyprotein gene, complete cds",Kama virus,1456752,1456752,Flaviviridae,Flaviviridae,current_family_from_ictv_lineage_name,Viruses; Riboviria; Orthornavirae; Kitrinoviricota; Flasuviricetes; Amarillovirales; Flaviviridae; Orthoflavivirus; unclassified Orthoflavivirus; Kama virus,no
Tyuleniy virus,NC_023424.1,Flavivirus,NC_023424.1,"Tyuleniy virus strain LEIV-6C polyprotein gene, complete cds",Tyuleniy virus,40004,40004,Flaviviridae,Flaviviridae,current_family_from_ictv_lineage_name,Viruses; Riboviria; Orthornavirae; Kitrinoviricota; Flasuviricetes; Amarillovirales; Flaviviridae; Orthoflavivirus; Euflavivirus; Orthoflavivirus tyuleniyense; Tyuleniy virus,no
Alkhumra hemorrhagic fever virus,NC_004355.1,Flavivirus,NC_004355.1,"Alkhurma virus, complete genome",Alkhumra hemorrhagic fever virus,172148,172148,Flaviviridae,Flaviviridae,current_family_from_ictv_lineage_name,Viruses; Riboviria; Orthornavirae; Kitrinoviricota; Flasuviricetes; Amarillovirales; Flaviviridae; Orthoflavivirus; Euflavivirus; Orthoflavivirus kyasanurense; Kyasanur Forest disease virus; Alkhumra hemorrhagic fever virus,no
Cacipacore virus,NC_026623.1,Flavivirus,NC_026623.1,"Cacipacore virus flavivirus polyprotein (flavivirus polyprotein gene) and truncated polyprotein (flavivirus polyprotein gene) genes, complete cds",Cacipacore virus,64305,64305,Flaviviridae,Flaviviridae,current_family_from_ictv_lineage_name,Viruses; Riboviria; Orthornavirae; Kitrinoviricota; Flasuviricetes; Amarillovirales; Flaviviridae; Orthoflavivirus; Euflavivirus; Orthoflavivirus cacipacoreense; Cacipacore virus,no
Kedougou virus,NC_012533.1,Flavivirus,NC_012533.1,"Kedougou virus strain DakAar D1470, complete genome",Kedougou virus,64311,64311,Flaviviridae,Flaviviridae,current_family_from_ictv_lineage_name,Viruses; Riboviria; Orthornavirae; Kitrinoviricota; Flasuviricetes; Amarillovirales; Flaviviridae; Orthoflavivirus; Euflavivirus; Orthoflavivirus kedougouense; Kedougou virus,no
Ntaya virus,NC_018705.3,Flavivirus,NC_018705.3,"Ntaya virus, complete cds",Ntaya virus,64292,64292,Flaviviridae,Flaviviridae,current_family_from_ictv_lineage_name,Viruses; Riboviria; Orthornavirae; Kitrinoviricota; Flasuviricetes; Amarillovirales; Flaviviridae; Orthoflavivirus; Euflavivirus; Orthoflavivirus ntayaense; Ntaya virus,no
Spondweni virus,NC_029055.1,Flavivirus,NC_029055.1,"Spondweni virus, complete genome",Spondweni virus,64318,64318,Flaviviridae,Flaviviridae,current_family_from_ictv_lineage_name,Viruses; Riboviria; Orthornavirae; Kitrinoviricota; Flasuviricetes; Amarillovirales; Flaviviridae; Orthoflavivirus; unclassified Orthoflavivirus; Spondweni virus,no
Tembusu virus,NC_015843.2,Flavivirus,NC_015843.2,"Tembusu virus flavivirus polyprotein (flavivirus polyprotein gene) gene, complete cds",Tembusu virus,64293,64293,Flaviviridae,Flaviviridae,current_family_from_ictv_lineage_name,Viruses; Riboviria; Orthornavirae; Kitrinoviricota; Flasuviricetes; Amarillovirales; Flaviviridae; Orthoflavivirus; Euflavivirus; Orthoflavivirus tembusu; Tembusu virus,no
Wesselsbron virus,NC_012735.1,Flavivirus,NC_012735.1,"Wesselsbron virus strain SAH177, complete genome",Wesselsbron virus,164416,164416,Flaviviridae,Flaviviridae,current_family_from_ictv_lineage_name,Viruses; Riboviria; Orthornavirae; Kitrinoviricota; Flasuviricetes; Amarillovirales; Flaviviridae; Orthoflavivirus; Euflavivirus; Orthoflavivirus wesselsbronense; Wesselsbron virus,no
Zika virus,NC_012532.1,Flavivirus,NC_012532.1,"Zika virus strain MR 766, complete genome",Zika virus,64320,64320,Flaviviridae,Flaviviridae,current_family_from_ictv_lineage_name,Viruses; Riboviria; Orthornavirae; Kitrinoviricota; Flasuviricetes; Amarillovirales; Flaviviridae; Orthoflavivirus; Euflavivirus; Orthoflavivirus zikaense; Zika virus,no
Karshi virus,NC_006947.1,Flavivirus,NC_006947.1,"Karshi virus, complete genome",Karshi virus,64287,64287,Flaviviridae,Flaviviridae,current_family_from_ictv_lineage_name,Viruses; Riboviria; Orthornavirae; Kitrinoviricota; Flasuviricetes; Amarillovirales; Flaviviridae; Orthoflavivirus; Euflavivirus; Orthoflavivirus royalense; Royal Farm virus; Karshi virus,no
Langat virus,NC_003690.1,Flavivirus,NC_003690.1,"Langat virus, complete genome",Langat virus,11085,11085,Flaviviridae,Flaviviridae,current_family_from_ictv_lineage_name,Viruses; Riboviria; Orthornavirae; Kitrinoviricota; Flasuviricetes; Amarillovirales; Flaviviridae; Orthoflavivirus; Euflavivirus; Orthoflavivirus langatense; Langat virus,no
Royal Farm virus,DQ235149.1,Flavivirus,DQ235149.1,"Royal Farm virus from Afghanistan polyprotein gene, complete cds",Royal Farm virus,64288,64288,Flaviviridae,Flaviviridae,current_family_from_ictv_lineage_name,Viruses; Riboviria; Orthornavirae; Kitrinoviricota; Flasuviricetes; Amarillovirales; Flaviviridae; Orthoflavivirus; Euflavivirus; Orthoflavivirus royalense; Royal Farm virus,no
Spanish goat encephalitis virus,NC_027709.1,Flavivirus,NC_027709.1,"Spanish goat encephalitis virus isolate AstGoatIREC2011, complete genome",Spanish goat encephalitis virus,1691889,1691889,Flaviviridae,Flaviviridae,current_family_from_ictv_lineage_name,Viruses; Riboviria; Orthornavirae; Kitrinoviricota; Flasuviricetes; Amarillovirales; Flaviviridae; Orthoflavivirus; unclassified Orthoflavivirus; Spanish goat encephalitis virus,no
Porcine pestivirus isolate Bungowannah,NC_023176.1,Flavivirus,NC_023176.1,"Porcine pestivirus isolate Bungowannah, complete genome",Porcine pestivirus isolate Bungowannah,412969,412969,Pestiviridae,Pestiviridae,current_family_from_ictv_lineage_name,Viruses; Riboviria; Orthornavirae; Kitrinoviricota; Flasuviricetes; Amarillovirales; Pestiviridae; Orthopestivirus; Orthopestivirus australiaense; Porcine pestivirus isolate Bungowannah,no
Equine hepacivirus JPN3/JAPAN/2013,NC_024889.1,Flavivirus,NC_024889.1,"Equine hepacivirus JPN3/JAPAN/2013 polyprotein (POLY) gene, complete cds",Equine hepacivirus JPN3/JAPAN/2013,1416349,1416349,Hepaciviridae,Hepaciviridae,current_family_from_ictv_lineage_name,Viruses; Riboviria; Orthornavirae; Kitrinoviricota; Flasuviricetes; Amarillovirales; Hepaciviridae; Orthohepacivirus; unclassified Hepacivirus; Equine hepacivirus; Equine hepacivirus JPN3/JAPAN/2013,no
Equine pegivirus 1,NC_020902.1,Flavivirus,NC_020902.1,"Equine Pegivirus 1 isolate C0035, complete genome",Equine pegivirus 1,1307803,1307803,Hepaciviridae,Hepaciviridae,current_family_from_ictv_lineage_name,Viruses; Riboviria; Orthornavirae; Kitrinoviricota; Flasuviricetes; Amarillovirales; Hepaciviridae; Pegivirus; Pegivirus caballi; Equine pegivirus; Equine pegivirus 1,no
Dengue virus 1,NC_001477.1,Flavivirus,NC_001477.1,"Dengue virus 1, complete genome",dengue virus type 1,11053,11053,Flaviviridae,Flaviviridae,current_family_from_ictv_lineage_name,Viruses; Riboviria; Orthornavirae; Kitrinoviricota; Flasuviricetes; Amarillovirales; Flaviviridae; Orthoflavivirus; Euflavivirus; Orthoflavivirus denguei; Dengue virus; dengue virus type 1,no
Dengue virus 2,NC_001474.2,Flavivirus,NC_001474.2,"Dengue virus 2, complete genome",dengue virus type 2,11060,11060,Flaviviridae,Flaviviridae,current_family_from_ictv_lineage_name,Viruses; Riboviria; Orthornavirae; Kitrinoviricota; Flasuviricetes; Amarillovirales; Flaviviridae; Orthoflavivirus; Euflavivirus; Orthoflavivirus denguei; Dengue virus; dengue virus type 2,no
Dengue virus 3,NC_001475.2,Flavivirus,NC_001475.2,"Dengue virus 3, complete genome",dengue virus type 3,11069,11069,Flaviviridae,Flaviviridae,current_family_from_ictv_lineage_name,Viruses; Riboviria; Orthornavirae; Kitrinoviricota; Flasuviricetes; Amarillovirales; Flaviviridae; Orthoflavivirus; Euflavivirus; Orthoflavivirus denguei; Dengue virus; dengue virus type 3,no
Dengue virus 4,NC_002640.1,Flavivirus,NC_002640.1,"Dengue virus 4, complete genome",dengue virus type 4,11070,11070,Flaviviridae,Flaviviridae,current_family_from_ictv_lineage_name,Viruses; Riboviria; Orthornavirae; Kitrinoviricota; Flasuviricetes; Amarillovirales; Flaviviridae; Orthoflavivirus; Euflavivirus; Orthoflavivirus denguei; Dengue virus; dengue virus type 4,no
Yellow fever virus,NC_002031.1,Flavivirus,NC_002031.1,"Yellow fever virus, complete genome",Yellow fever virus,11089,11089,Flaviviridae,Flaviviridae,current_family_from_ictv_lineage_name,Viruses; Riboviria; Orthornavirae; Kitrinoviricota; Flasuviricetes; Amarillovirales; Flaviviridae; Orthoflavivirus; Euflavivirus; Orthoflavivirus flavi; Yellow fever virus,no
Kyasanur forest disease virus,JF416960.1,Flavivirus,JF416960.1,"Kyasanur forest disease virus strain W-377, complete genome",Kyasanur Forest disease virus,33743,33743,Flaviviridae,Flaviviridae,current_family_from_ictv_lineage_name,Viruses; Riboviria; Orthornavirae; Kitrinoviricota; Flasuviricetes; Amarillovirales; Flaviviridae; Orthoflavivirus; Euflavivirus; Orthoflavivirus kyasanurense; Kyasanur Forest disease virus,no
GB virus C,NC_001710.1,Flavivirus,NC_001710.1,"GB virus C/Hepatitis G virus, complete genome",GB virus C,54290,54290,Hepaciviridae,Hepaciviridae,current_family_from_ictv_lineage_name,Viruses; Riboviria; Orthornavirae; Kitrinoviricota; Flasuviricetes; Amarillovirales; Hepaciviridae; Pegivirus; Pegivirus hominis; GB virus C,no
Hepatitis C virus,NC_004102.1,Flavivirus,NC_004102.1,"Hepatitis C virus genotype 1, complete genome",Hepatitis C virus genotype 1,41856,41856,Hepaciviridae,Hepaciviridae,current_family_from_ictv_lineage_name,Viruses; Riboviria; Orthornavirae; Kitrinoviricota; Flasuviricetes; Amarillovirales; Hepaciviridae; Orthohepacivirus; Orthohepacivirus hominis; Hepatitis C virus genotype 1,no
Human pegivirus 2,NC_027998.2,Flavivirus,NC_027998.2,"Human pegivirus 2 isolate UC0125.US polyprotein gene, complete cds",Human pegivirus 2,1729141,1729141,Hepaciviridae,Hepaciviridae,current_family_from_ictv_lineage_name,Viruses; Riboviria; Orthornavirae; Kitrinoviricota; Flasuviricetes; Amarillovirales; Hepaciviridae; Pegivirus; Pegivirus columbiaense; Human pegivirus 2,no
Pegivirus A,NC_001837.1,Flavivirus,NC_001837.1,"Hepatitis GB virus A, complete genome",Pegivirus platyrrhini,3052610,3052610,Hepaciviridae,Hepaciviridae,current_family_from_ictv_lineage_name,Viruses; Riboviria; Orthornavirae; Kitrinoviricota; Flasuviricetes; Amarillovirales; Hepaciviridae; Pegivirus; Pegivirus platyrrhini,no
Simian pegivirus,NC_024377.1,Flavivirus,NC_024377.1,"Simian pegivirus isolate SPgVkrc_RC08 polyprotein precursor, gene, complete cds",Simian pegivirus,1454041,1454041,Hepaciviridae,Hepaciviridae,current_family_from_ictv_lineage_name,Viruses; Riboviria; Orthornavirae; Kitrinoviricota; Flasuviricetes; Amarillovirales; Hepaciviridae; Pegivirus; Pegivirus platyrrhini; Simian pegivirus,no
Aroa virus,NC_009026.2,Flavivirus,NC_009026.2,"Bussuquara virus, complete genome",Aroa virus,64303,64303,Flaviviridae,Flaviviridae,current_family_from_ictv_lineage_name,Viruses; Riboviria; Orthornavirae; Kitrinoviricota; Flasuviricetes; Amarillovirales; Flaviviridae; Orthoflavivirus; Euflavivirus; Orthoflavivirus aroaense; Aroa virus,no
Omsk hemorrhagic fever virus,NC_005062.1,Flavivirus,NC_005062.1,"Omsk hemorrhagic fever virus, complete genome",Omsk hemorrhagic fever virus,12542,12542,Flaviviridae,Flaviviridae,current_family_from_ictv_lineage_name,Viruses; Riboviria; Orthornavirae; Kitrinoviricota; Flasuviricetes; Amarillovirales; Flaviviridae; Orthoflavivirus; Euflavivirus; Orthoflavivirus omskense; Omsk hemorrhagic fever virus,no
Powassan virus,NC_003687.1,Flavivirus,NC_003687.1,"Powassan virus, complete genome",Powassan virus,11083,11083,Flaviviridae,Flaviviridae,current_family_from_ictv_lineage_name,Viruses; Riboviria; Orthornavirae; Kitrinoviricota; Flasuviricetes; Amarillovirales; Flaviviridae; Orthoflavivirus; Euflavivirus; Orthoflavivirus powassanense; Powassan virus,no
Tick-borne encephalitis virus,NC_001672.1,Flavivirus,NC_001672.1,"Tick-borne encephalitis virus, complete genome",Tick-borne encephalitis virus,11084,11084,Flaviviridae,Flaviviridae,current_family_from_ictv_lineage_name,Viruses; Riboviria; Orthornavirae; Kitrinoviricota; Flasuviricetes; Amarillovirales; Flaviviridae; Orthoflavivirus; Orthoflavivirus encephalitidis; Tick-borne encephalitis virus,no
Apoi virus,NC_003676.1,Flavivirus,NC_003676.1,"Apoi virus, genome",Apoi virus,64280,64280,Flaviviridae,Flaviviridae,current_family_from_ictv_lineage_name,Viruses; Riboviria; Orthornavirae; Kitrinoviricota; Flasuviricetes; Amarillovirales; Flaviviridae; Orthoflavivirus; Euflavivirus; Orthoflavivirus apoiense; Apoi virus,no
Jutiapa virus,NC_026620.1,Flavivirus,NC_026620.1,"Jutiapa virus strain JG-128, complete genome",Jutiapa virus,64299,64299,Flaviviridae,Flaviviridae,current_family_from_ictv_lineage_name,Viruses; Riboviria; Orthornavirae; Kitrinoviricota; Flasuviricetes; Amarillovirales; Flaviviridae; Orthoflavivirus; Euflavivirus; Orthoflavivirus jutiapaense; Jutiapa virus,no
Modoc virus,NC_003635.1,Flavivirus,NC_003635.1,"Modoc virus, complete genome",Modoc virus,64300,64300,Flaviviridae,Flaviviridae,current_family_from_ictv_lineage_name,Viruses; Riboviria; Orthornavirae; Kitrinoviricota; Flasuviricetes; Amarillovirales; Flaviviridae; Orthoflavivirus; Euflavivirus; Orthoflavivirus modocense; Modoc virus,no
Norway rat hepacivirus 1,NC_025672.1,Flavivirus,NC_025672.1,"Norway rat hepacivirus 1, complete sequence",Norway rat hepacivirus 1,1562038,1562038,Hepaciviridae,Hepaciviridae,current_family_from_ictv_lineage_name,Viruses; Riboviria; Orthornavirae; Kitrinoviricota; Flasuviricetes; Amarillovirales; Hepaciviridae; Orthohepacivirus; Orthohepacivirus ratti; Norway rat hepacivirus 1,no
Norway rat hepacivirus 2,NC_025673.1,Flavivirus,NC_025673.1,"Norway rat hepacivirus 2, complete sequence",Norway rat hepacivirus 2,1562039,1562039,Hepaciviridae,Hepaciviridae,current_family_from_ictv_lineage_name,Viruses; Riboviria; Orthornavirae; Kitrinoviricota; Flasuviricetes; Amarillovirales; Hepaciviridae; Orthohepacivirus; Orthohepacivirus norvegici; Norway rat hepacivirus 2,no
Norway rat pegivirus,NC_025679.1,Flavivirus,NC_025679.1,"Norway rat pegivirus isolate NrPgV/NYC-E13 polyprotein gene, complete cds",Norway rat pegivirus,1562065,1562065,Hepaciviridae,Hepaciviridae,current_family_from_ictv_lineage_name,Viruses; Riboviria; Orthornavirae; Kitrinoviricota; Flasuviricetes; Amarillovirales; Hepaciviridae; Pegivirus; unclassified Pegivirus; Norway rat pegivirus,no
Norway rat pestivirus,NC_025677.1,Flavivirus,NC_025677.1,"Norway rat pestivirus isolate NrPV/NYC-D23 polyprotein gene, complete cds",Norway rat pestivirus,1562066,1562066,Pestiviridae,Pestiviridae,current_family_from_ictv_lineage_name,Viruses; Riboviria; Orthornavirae; Kitrinoviricota; Flasuviricetes; Amarillovirales; Pestiviridae; Orthopestivirus; unclassified Pestivirus; Norway rat pestivirus,no
Rodent hepacivirus,NC_021153.1,Flavivirus,NC_021153.1,"Rodent hepacivirus, complete genome",Rodent hepacivirus,1281454,1281454,Hepaciviridae,Hepaciviridae,current_family_from_ictv_lineage_name,Viruses; Riboviria; Orthornavirae; Kitrinoviricota; Flasuviricetes; Amarillovirales; Hepaciviridae; Orthohepacivirus; unclassified Hepacivirus; Rodent hepacivirus,no
Rodent pegivirus,NC_021154.1,Flavivirus,NC_021154.1,"Rodent pegivirus isolate CC61, complete genome",Rodent pegivirus,1321391,1321391,Hepaciviridae,Hepaciviridae,current_family_from_ictv_lineage_name,Viruses; Riboviria; Orthornavirae; Kitrinoviricota; Flasuviricetes; Amarillovirales; Hepaciviridae; Pegivirus; Pegivirus neotomae; Rodent pegivirus,no
Classical swine fever virus,NC_002657.1,Flavivirus,NC_002657.1,"Classical swine fever virus, complete genome",Classical swine fever virus,11096,11096,Pestiviridae,Pestiviridae,current_family_from_ictv_lineage_name,Viruses; Riboviria; Orthornavirae; Kitrinoviricota; Flasuviricetes; Amarillovirales; Pestiviridae; Orthopestivirus; Orthopestivirus suis; Classical swine fever virus,no
"Hepatitis E virus, GT4",AB097811.1,Hepevirus,AB097811.1,"Swine hepatitis E virus genomic RNA, complete genome, isolate: swJ13-1",Swine hepatitis E virus,63421,63421,Hepeviridae,Hepeviridae,current_family_from_ictv_lineage_name,Viruses; Riboviria; Orthornavirae; Kitrinoviricota; Alsuviricetes; Hepelivirales; Hepeviridae; Orthohepevirinae; Paslahepevirus; Paslahepevirus balayani; Swine hepatitis E virus,no
"Hepatitis E virus, GT3",EU375463.1,Hepevirus,EU375463.1,"Hepatitis E virus isolate Thai-swHEV07, complete genome",Hepatitis E virus,291484,291484,Hepeviridae,Hepeviridae,exact_current_ncbi_family,Viruses; Riboviria; Orthornavirae; Kitrinoviricota; Alsuviricetes; Hepelivirales; Hepeviridae; unclassified Hepeviridae; Hepatitis E virus,no
"Hepatitis E virus, GT1",M73218.1,Hepevirus,M73218.1,"Human hepatitis E virus genotype 1a nonstructural protein and structural viral protein genes, complete cds",human hepatitis E virus genotype 1a,3070749,3070749,Hepeviridae,Hepeviridae,current_family_from_ictv_lineage_name,Viruses; Riboviria; Orthornavirae; Kitrinoviricota; Alsuviricetes; Hepelivirales; Hepeviridae; Orthohepevirinae; Paslahepevirus; Paslahepevirus balayani; human hepatitis E virus genotype 1a,no
"Hepatitis E virus, GT2",M74506.1,Hepevirus,M74506.1,"Human hepatitis E virus genotype 2a strain mexican nonstructural polyprotein, structural viral protein, and structural polyprotein genes, complete cds",human hepatitis E virus genotype 2a,2773468,2773468,Hepeviridae,Hepeviridae,current_family_from_ictv_lineage_name,Viruses; Riboviria; Orthornavirae; Kitrinoviricota; Alsuviricetes; Hepelivirales; Hepeviridae; Orthohepevirinae; Paslahepevirus; Paslahepevirus balayani; human hepatitis E virus genotype 2a,no
Avian hepatitis E virus,NC_023425.1,Hepevirus,NC_023425.1,"Avian hepatitis E virus, complete genome",Avian hepatitis E virus,2907992,2907992,Hepeviridae,Hepeviridae,current_family_from_ictv_lineage_name,Viruses; Riboviria; Orthornavirae; Kitrinoviricota; Alsuviricetes; Hepelivirales; Hepeviridae; Orthohepevirinae; Avihepevirus; Avihepevirus magniiecur; Avian hepatitis E virus,no
Cutthroat trout virus,NC_015521.1,Hepevirus,NC_015521.1,"Cutthroat trout virus, complete genome",Cutthroat trout virus,1016879,1016879,Hepeviridae,Hepeviridae,current_family_from_ictv_lineage_name,Viruses; Riboviria; Orthornavirae; Kitrinoviricota; Alsuviricetes; Hepelivirales; Hepeviridae; Parahepevirinae; Piscihepevirus; Piscihepevirus heenan; Cutthroat trout virus,no
Bat hepevirus,NC_018382.1,Hepevirus,NC_018382.1,"Orthohepevirus D isolate BatHEV/BS7/GE/2009, complete genome",Chirohepevirus eptesici,1678146,1678146,Hepeviridae,Hepeviridae,current_family_from_ictv_lineage_name,Viruses; Riboviria; Orthornavirae; Kitrinoviricota; Alsuviricetes; Hepelivirales; Hepeviridae; Orthohepevirinae; Chirohepevirus; Chirohepevirus eptesici,no
Achimota virus 1,NC_025403.1,Paramyxovirus,NC_025403.1,"Achimota virus 1, complete genome",Achimota virus 1,1261100,1261100,Paramyxoviridae,Paramyxoviridae,current_family_from_ictv_lineage_name,Viruses; Riboviria; Orthornavirae; Negarnaviricota; Haploviricotina; Monjiviricetes; Mononegavirales; Paramyxoviridae; Rubulavirinae; Pararubulavirus; Pararubulavirus achimotaense; Achimota virus 1,no
Achimota virus 2,NC_025404.1,Paramyxovirus,NC_025404.1,"Achimota virus 2, complete genome",Achimota virus 2,1261101,1261101,Paramyxoviridae,Paramyxoviridae,current_family_from_ictv_lineage_name,Viruses; Riboviria; Orthornavirae; Negarnaviricota; Haploviricotina; Monjiviricetes; Mononegavirales; Paramyxoviridae; Rubulavirinae; Pararubulavirus; Pararubulavirus accraense; Achimota virus 2,no
Bat Paramyxovirus Eid_hel,NC_025256.1,Paramyxovirus,NC_025256.1,"Bat Paramyxovirus Eid_hel/GH-M74a/GHA/2009, complete genome",Ghana virus,2847089,2847089,Paramyxoviridae,Paramyxoviridae,current_family_from_ictv_lineage_name,Viruses; Riboviria; Orthornavirae; Negarnaviricota; Haploviricotina; Monjiviricetes; Mononegavirales; Paramyxoviridae; Orthoparamyxovirinae; Henipavirus; Henipavirus ghanaense; Ghana virus,no
Cedar virus,NC_025351.1,Paramyxovirus,NC_025351.1,"Cedar virus isolate CG1a, complete genome",Cedar virus,1221391,1221391,Paramyxoviridae,Paramyxoviridae,current_family_from_ictv_lineage_name,Viruses; Riboviria; Orthornavirae; Negarnaviricota; Haploviricotina; Monjiviricetes; Mononegavirales; Paramyxoviridae; Orthoparamyxovirinae; Henipavirus; Henipavirus cedarense; Cedar virus,no
Hendra virus,NC_001906.3,Paramyxovirus,NC_001906.3,"Hendra virus, complete genome",Henipavirus hendraense,3052223,3052223,Paramyxoviridae,Paramyxoviridae,current_family_from_ictv_lineage_name,Viruses; Riboviria; Orthornavirae; Negarnaviricota; Haploviricotina; Monjiviricetes; Mononegavirales; Paramyxoviridae; Orthoparamyxovirinae; Henipavirus; Henipavirus hendraense,no
Mapuera virus,NC_009489.1,Paramyxovirus,NC_009489.1,"Mapuera virus, complete genome",Orthorubulavirus mapueraense,3052559,3052559,Paramyxoviridae,Paramyxoviridae,current_family_from_ictv_lineage_name,Viruses; Riboviria; Orthornavirae; Negarnaviricota; Haploviricotina; Monjiviricetes; Mononegavirales; Paramyxoviridae; Rubulavirinae; Orthorubulavirus; Orthorubulavirus mapueraense,no
Menangle virus,NC_007620.1,Paramyxovirus,NC_007620.1,"Menangle virus, complete genome",Menangle virus,152219,152219,Paramyxoviridae,Paramyxoviridae,current_family_from_ictv_lineage_name,Viruses; Riboviria; Orthornavirae; Negarnaviricota; Haploviricotina; Monjiviricetes; Mononegavirales; Paramyxoviridae; Rubulavirinae; Pararubulavirus; Pararubulavirus menangleense; Menangle virus,no
Nipah virus,NC_002728.1,Paramyxovirus,NC_002728.1,"Nipah virus, complete genome",Henipavirus nipahense,3052225,3052225,Paramyxoviridae,Paramyxoviridae,current_family_from_ictv_lineage_name,Viruses; Riboviria; Orthornavirae; Negarnaviricota; Haploviricotina; Monjiviricetes; Mononegavirales; Paramyxoviridae; Orthoparamyxovirinae; Henipavirus; Henipavirus nipahense,no
Sosuga virus,NC_025343.1,Paramyxovirus,NC_025343.1,"Sosuga virus isolate 2012, complete genome",Sosuga virus,1452514,1452514,Paramyxoviridae,Paramyxoviridae,current_family_from_ictv_lineage_name,Viruses; Riboviria; Orthornavirae; Negarnaviricota; Haploviricotina; Monjiviricetes; Mononegavirales; Paramyxoviridae; Rubulavirinae; Pararubulavirus; Pararubulavirus sosugaense; Sosuga virus,no
Tioman virus,NC_004074.1,Paramyxovirus,NC_004074.1,"Tioman virus, complete genome",Tioman virus,162013,162013,Paramyxoviridae,Paramyxoviridae,current_family_from_ictv_lineage_name,Viruses; Riboviria; Orthornavirae; Negarnaviricota; Haploviricotina; Monjiviricetes; Mononegavirales; Paramyxoviridae; Rubulavirinae; Pararubulavirus; Pararubulavirus tiomanense; Tioman virus,no
Tuhoko virus 1,NC_025410.1,Paramyxovirus,NC_025410.1,"Tuhoko virus 1, complete genome",Tuhoko virus 1,798072,798072,Paramyxoviridae,Paramyxoviridae,current_family_from_ictv_lineage_name,Viruses; Riboviria; Orthornavirae; Negarnaviricota; Haploviricotina; Monjiviricetes; Mononegavirales; Paramyxoviridae; Rubulavirinae; Pararubulavirus; Pararubulavirus guangdongense; Tuhoko virus 1,no
Tuhoko virus 2,NC_025348.1,Paramyxovirus,NC_025348.1,"Tuhoko virus 2, complete genome",Tuhoko virus 2,798073,798073,Paramyxoviridae,Paramyxoviridae,current_family_from_ictv_lineage_name,Viruses; Riboviria; Orthornavirae; Negarnaviricota; Haploviricotina; Monjiviricetes; Mononegavirales; Paramyxoviridae; Rubulavirinae; Pararubulavirus; Pararubulavirus cantonense; Tuhoko virus 2,no
Tuhoko virus 3,NC_025350.1,Paramyxovirus,NC_025350.1,"Tuhoko virus 3, complete genome",Tuhoko virus 3,798074,798074,Paramyxoviridae,Paramyxoviridae,current_family_from_ictv_lineage_name,Viruses; Riboviria; Orthornavirae; Negarnaviricota; Haploviricotina; Monjiviricetes; Mononegavirales; Paramyxoviridae; Rubulavirinae; Pararubulavirus; Pararubulavirus hongkongi; Tuhoko virus 3,no
Bovine parainfluenza virus 3,NC_002161.1,Paramyxovirus,NC_002161.1,"Bovine parainfluenza virus 3, complete genome",Respirovirus bovis,3052729,3052729,Paramyxoviridae,Paramyxoviridae,current_family_from_ictv_lineage_name,Viruses; Riboviria; Orthornavirae; Negarnaviricota; Haploviricotina; Monjiviricetes; Mononegavirales; Paramyxoviridae; Feraresvirinae; Respirovirus; Respirovirus bovis,no
Bovine respiratory syncytial virus,NC_001989.1,Paramyxovirus,NC_001989.1,"Bovine orthopneumovirus, complete genome",bovine respiratory syncytial virus,3136119,3136119,Pneumoviridae,Pneumoviridae,current_family_from_ictv_lineage_name,Viruses; Riboviria; Orthornavirae; Negarnaviricota; Haploviricotina; Monjiviricetes; Mononegavirales; Pneumoviridae; Orthopneumovirus; Orthopneumovirus bovis; bovine respiratory syncytial virus,no
Peste-des-petits-ruminants virus,NC_006383.2,Paramyxovirus,NC_006383.2,Peste des petits ruminants virus complete genome,peste-des-petits-ruminants virus,2593991,2593991,Paramyxoviridae,Paramyxoviridae,current_family_from_ictv_lineage_name,Viruses; Riboviria; Orthornavirae; Negarnaviricota; Haploviricotina; Monjiviricetes; Mononegavirales; Paramyxoviridae; Orthoparamyxovirinae; Morbillivirus; Morbillivirus caprinae; peste-des-petits-ruminants virus,no
Rinderpest virus,NC_006296.2,Paramyxovirus,NC_006296.2,"Rinderpest virus (strain Kabete O), complete genome",Rinderpest virus (strain Kabete O),11242,11242,Paramyxoviridae,Paramyxoviridae,current_family_from_ictv_lineage_name,Viruses; Riboviria; Orthornavirae; Negarnaviricota; Haploviricotina; Monjiviricetes; Mononegavirales; Paramyxoviridae; Orthoparamyxovirinae; Morbillivirus; Morbillivirus pecoris; Rinderpest morbillivirus; Rinderpest virus (strain Kabete O),no
Canine distemper virus,NC_001921.1,Paramyxovirus,NC_001921.1,"Canine distemper virus, complete genome",canine distemper virus,3139435,3139435,Paramyxoviridae,Paramyxoviridae,current_family_from_ictv_lineage_name,Viruses; Riboviria; Orthornavirae; Negarnaviricota; Haploviricotina; Monjiviricetes; Mononegavirales; Paramyxoviridae; Orthoparamyxovirinae; Morbillivirus; Morbillivirus canis; canine distemper virus,no
Canine pneumovirus,NC_025344.1,Paramyxovirus,NC_025344.1,"Pneumovirus dog/Bari/100-12/ITA/2012, complete genome",Pneumovirus dog/Bari/100-12/ITA/2012,2482952,2482952,Pneumoviridae,Pneumoviridae,current_family_from_ictv_lineage_name,Viruses; Riboviria; Orthornavirae; Negarnaviricota; Haploviricotina; Monjiviricetes; Mononegavirales; Pneumoviridae; Orthopneumovirus; Orthopneumovirus muris; murine pneumonia virus; Pneumovirus dog/Bari/100-12/ITA/2012,no
Parainfluenza virus 5,NC_006430.1,Paramyxovirus,NC_006430.1,Parainfluenza virus 5 strain W3A,parainfluenza virus 5,2905673,2905673,Paramyxoviridae,Paramyxoviridae,current_family_from_ictv_lineage_name,Viruses; Riboviria; Orthornavirae; Negarnaviricota; Haploviricotina; Monjiviricetes; Mononegavirales; Paramyxoviridae; Rubulavirinae; Orthorubulavirus; Orthorubulavirus mammalis; parainfluenza virus 5,no
Phocine distemper virus,NC_028249.1,Paramyxovirus,NC_028249.1,"Phocine distemper virus strain PDV/Wadden_Sea.NLD/1988, complete genome",Phocine morbillivirus,11240,11240,Paramyxoviridae,Paramyxoviridae,current_family_from_ictv_lineage_name,Viruses; Riboviria; Orthornavirae; Negarnaviricota; Haploviricotina; Monjiviricetes; Mononegavirales; Paramyxoviridae; Orthoparamyxovirinae; Morbillivirus; Morbillivirus phocae; Phocine morbillivirus,no
Dolphin morbillivirus,NC_005283.1,Paramyxovirus,NC_005283.1,"Dolphin morbillivirus, complete genome",Dolphin morbillivirus,37131,37131,Paramyxoviridae,Paramyxoviridae,current_family_from_ictv_lineage_name,Viruses; Riboviria; Orthornavirae; Negarnaviricota; Haploviricotina; Monjiviricetes; Mononegavirales; Paramyxoviridae; Orthoparamyxovirinae; Morbillivirus; Morbillivirus ceti; Dolphin morbillivirus,no
Feline morbillivirus,NC_025264.1,Paramyxovirus,NC_025264.1,"Feline morbillivirus viral cRNA, complete genome, strain: OtJP001",Feline morbillivirus,1170234,1170234,Paramyxoviridae,Paramyxoviridae,current_family_from_ictv_lineage_name,Viruses; Riboviria; Orthornavirae; Negarnaviricota; Haploviricotina; Monjiviricetes; Mononegavirales; Paramyxoviridae; Orthoparamyxovirinae; Morbillivirus; Morbillivirus felis; Feline morbillivirus,no
Atlantic salmon paramyxovirus,NC_025360.1,Paramyxovirus,NC_025360.1,"Atlantic salmon paramyxovirus isolate ASPV/Yrkje371/95, complete genome",Salmon aquaparamyxovirus,381543,381543,Paramyxoviridae,Paramyxoviridae,current_family_from_ictv_lineage_name,Viruses; Riboviria; Orthornavirae; Negarnaviricota; Haploviricotina; Monjiviricetes; Mononegavirales; Paramyxoviridae; Feraresvirinae; Aquaparamyxovirus; Aquaparamyxovirus salmonis; Salmon aquaparamyxovirus,no
Avian metapneumovirus,NC_007652.1,Paramyxovirus,NC_007652.1,Avian metapneumovirus,Avian metapneumovirus,38525,38525,Pneumoviridae,Pneumoviridae,current_family_from_ictv_lineage_name,Viruses; Riboviria; Orthornavirae; Negarnaviricota; Haploviricotina; Monjiviricetes; Mononegavirales; Pneumoviridae; Metapneumovirus; Metapneumovirus avis; avian metapneumovirus,no
Avian paramyxovirus 12,NC_025363.1,Paramyxovirus,NC_025363.1,"Avian paramyxovirus 12 isolate Wigeon/Italy/3920_1/2005, complete genome",avian paramyxovirus 12,2560320,2560320,Paramyxoviridae,Paramyxoviridae,current_family_from_ictv_lineage_name,Viruses; Riboviria; Orthornavirae; Negarnaviricota; Haploviricotina; Monjiviricetes; Mononegavirales; Paramyxoviridae; Avulavirinae; Orthoavulavirus; Orthoavulavirus italiense; avian paramyxovirus 12,no
Avian paramyxovirus 3,NC_025373.1,Paramyxovirus,NC_025373.1,"Avian paramyxovirus 3 strain turkey/Wisconsin/68, complete genome",Paraavulavirus wisconsinense,3052594,3052594,Paramyxoviridae,Paramyxoviridae,current_family_from_ictv_lineage_name,Viruses; Riboviria; Orthornavirae; Negarnaviricota; Haploviricotina; Monjiviricetes; Mononegavirales; Paramyxoviridae; Avulavirinae; Paraavulavirus; Paraavulavirus wisconsinense,no
Avian paramyxovirus 4,NC_019531.1,Paramyxovirus,NC_019531.1,"Avian paramyxovirus 4 strain APMV-4/duck/Delaware/549227/2010, complete genome",avian paramyxovirus 4,28274,28274,Paramyxoviridae,Paramyxoviridae,current_family_from_ictv_lineage_name,Viruses; Riboviria; Orthornavirae; Negarnaviricota; Haploviricotina; Monjiviricetes; Mononegavirales; Paramyxoviridae; Avulavirinae; Paraavulavirus; Paraavulavirus hongkongense; avian paramyxovirus 4,no
Avian paramyxovirus 6,NC_003043.1,Paramyxovirus,NC_003043.1,"Avian paramyxovirus 6, complete genome",Avian avulavirus 6,157619,2560316,Paramyxoviridae,Paramyxoviridae,current_family_from_ictv_lineage_name,Viruses; Riboviria; Orthornavirae; Negarnaviricota; Haploviricotina; Monjiviricetes; Mononegavirales; Paramyxoviridae; Avulavirinae; Metaavulavirus; Metaavulavirus hongkongense; avian paramyxovirus 6,no
Avian paramyxovirus 7,NC_025347.1,Paramyxovirus,NC_025347.1,"Avian paramyxovirus 7 strain APMV-7/dove/Tennessee/4/75, complete genome",avian paramyxovirus 7,2560317,2560317,Paramyxoviridae,Paramyxoviridae,current_family_from_ictv_lineage_name,Viruses; Riboviria; Orthornavirae; Negarnaviricota; Haploviricotina; Monjiviricetes; Mononegavirales; Paramyxoviridae; Avulavirinae; Metaavulavirus; Metaavulavirus tennessense; avian paramyxovirus 7,no
Avian paramyxovirus 8,NC_025374.1,Paramyxovirus,NC_025374.1,"Avian paramyxovirus 8 isolate APMV-8/Goose/Delaware/1053/76, complete genome",Avian avulavirus 8,623144,2560318,Paramyxoviridae,Paramyxoviridae,current_family_from_ictv_lineage_name,Viruses; Riboviria; Orthornavirae; Negarnaviricota; Haploviricotina; Monjiviricetes; Mononegavirales; Paramyxoviridae; Avulavirinae; Metaavulavirus; Metaavulavirus delawarense; avian paramyxovirus 8,no
Avian paramyxovirus 9,NC_025390.1,Paramyxovirus,NC_025390.1,"Avian paramyxovirus 9 strain duck/New York/22/1978, complete genome",avian paramyxovirus 9,2560326,2560326,Paramyxoviridae,Paramyxoviridae,current_family_from_ictv_lineage_name,Viruses; Riboviria; Orthornavirae; Negarnaviricota; Haploviricotina; Monjiviricetes; Mononegavirales; Paramyxoviridae; Avulavirinae; Orthoavulavirus; Orthoavulavirus newyorkense; avian paramyxovirus 9,no
Goose paramyxovirus SF02,NC_005036.1,Paramyxovirus,NC_005036.1,"Goose paramyxovirus SF02, complete genome",Goose paramyxovirus SF02,204987,204987,Paramyxoviridae,Paramyxoviridae,exact_current_ncbi_family,Viruses; Riboviria; Orthornavirae; Negarnaviricota; Haploviricotina; Monjiviricetes; Mononegavirales; Paramyxoviridae; Avulavirinae; unclassified Avulavirinae; Goose paramyxovirus SF02,no
Avian paramyxovirus 11,NC_025407.1,Paramyxovirus,NC_025407.1,"Avian paramyxovirus 11 isolate common_snipe/France/100212/2010, complete genome",avian paramyxovirus 11,2560310,2560310,Paramyxoviridae,Paramyxoviridae,current_family_from_ictv_lineage_name,Viruses; Riboviria; Orthornavirae; Negarnaviricota; Haploviricotina; Monjiviricetes; Mononegavirales; Paramyxoviridae; Avulavirinae; Metaavulavirus; Metaavulavirus galliense; avian paramyxovirus 11,no
Avian paramyxovirus 5,NC_025361.1,Paramyxovirus,NC_025361.1,"Avian paramyxovirus 5 strain budgerigar/Kunitachi/74, complete genome",avian paramyxovirus 5,2560315,2560315,Paramyxoviridae,Paramyxoviridae,current_family_from_ictv_lineage_name,Viruses; Riboviria; Orthornavirae; Negarnaviricota; Haploviricotina; Monjiviricetes; Mononegavirales; Paramyxoviridae; Avulavirinae; Metaavulavirus; Metaavulavirus kunitachiense; avian paramyxovirus 5,no
Avian paramyxovirus penguin,NC_025349.3,Paramyxovirus,NC_025349.3,"Avian paramyxovirus penguin/Falkland Islands/324/2007, complete genome",avian paramyxovirus 10,862945,862945,Paramyxoviridae,Paramyxoviridae,current_family_from_ictv_lineage_name,Viruses; Riboviria; Orthornavirae; Negarnaviricota; Haploviricotina; Monjiviricetes; Mononegavirales; Paramyxoviridae; Avulavirinae; Metaavulavirus; Metaavulavirus falklandense; avian paramyxovirus 10,no
Newcastle disease virus,NC_002617.1,Paramyxovirus,NC_002617.1,"Newcastle disease virus B1, complete genome",Newcastle disease virus B1,139270,139270,Paramyxoviridae,Paramyxoviridae,current_family_from_ictv_lineage_name,Viruses; Riboviria; Orthornavirae; Negarnaviricota; Haploviricotina; Monjiviricetes; Mononegavirales; Paramyxoviridae; Avulavirinae; Orthoavulavirus; Orthoavulavirus javaense; avian paramyxovirus 1; Newcastle disease virus B1,no
Salem virus,NC_025386.1,Paramyxovirus,NC_025386.1,"Salem virus, complete genome",Salem virus,120499,120499,Paramyxoviridae,Paramyxoviridae,current_family_from_ictv_lineage_name,Viruses; Riboviria; Orthornavirae; Negarnaviricota; Haploviricotina; Monjiviricetes; Mononegavirales; Paramyxoviridae; Orthoparamyxovirinae; Salemvirus; Salemvirus salemense; Salem virus,no
Human metapneumovirus,NC_004148.2,Paramyxovirus,NC_004148.2,"Human metapneumovirus, complete genome",Human metapneumovirus,162145,162145,Pneumoviridae,Pneumoviridae,current_family_from_ictv_lineage_name,Viruses; Riboviria; Orthornavirae; Negarnaviricota; Haploviricotina; Monjiviricetes; Mononegavirales; Pneumoviridae; Metapneumovirus; Metapneumovirus hominis; human metapneumovirus,no
Human parainfluenza virus 1,NC_003461.1,Paramyxovirus,NC_003461.1,"Human parainfluenza virus 1, complete genome",Human respirovirus 1,12730,12730,Paramyxoviridae,Paramyxoviridae,current_family_from_ictv_lineage_name,Viruses; Riboviria; Orthornavirae; Negarnaviricota; Haploviricotina; Monjiviricetes; Mononegavirales; Paramyxoviridae; Feraresvirinae; Respirovirus; Respirovirus laryngotracheitidis; Human respirovirus 1,no
Human parainfluenza virus 2,NC_003443.1,Paramyxovirus,NC_003443.1,"Human rubulavirus 2, complete genome",Human orthorubulavirus 2,2560525,2560525,Paramyxoviridae,Paramyxoviridae,current_family_from_ictv_lineage_name,Viruses; Riboviria; Orthornavirae; Negarnaviricota; Haploviricotina; Monjiviricetes; Mononegavirales; Paramyxoviridae; Rubulavirinae; Orthorubulavirus; Orthorubulavirus laryngotracheitidis; Human orthorubulavirus 2,no
Human parainfluenza virus 3,NC_001796.2,Paramyxovirus,NC_001796.2,"Human parainfluenza virus 3, complete genome",Human respirovirus 3,11216,11216,Paramyxoviridae,Paramyxoviridae,current_family_from_ictv_lineage_name,Viruses; Riboviria; Orthornavirae; Negarnaviricota; Haploviricotina; Monjiviricetes; Mononegavirales; Paramyxoviridae; Feraresvirinae; Respirovirus; Respirovirus pneumoniae; Human respirovirus 3,no
Human respiratory syncytial virus,NC_001781.1,Paramyxovirus,NC_001781.1,"Human orthopneumovirus Subgroup B, complete genome",human respiratory syncytial virus,11250,11250,Pneumoviridae,Pneumoviridae,current_family_from_ictv_lineage_name,Viruses; Riboviria; Orthornavirae; Negarnaviricota; Haploviricotina; Monjiviricetes; Mononegavirales; Pneumoviridae; Orthopneumovirus; Orthopneumovirus hominis; human respiratory syncytial virus,no
Measles virus,NC_001498.1,Paramyxovirus,NC_001498.1,"Measles virus, complete genome",Measles morbillivirus,11234,11234,Paramyxoviridae,Paramyxoviridae,current_family_from_ictv_lineage_name,Viruses; Riboviria; Orthornavirae; Negarnaviricota; Haploviricotina; Monjiviricetes; Mononegavirales; Paramyxoviridae; Orthoparamyxovirinae; Morbillivirus; Morbillivirus hominis; Measles morbillivirus,no
Mumps virus,NC_002200.1,Paramyxovirus,NC_002200.1,"Mumps orthorubulavirus genomic RNA, complete genome",Mumps orthorubulavirus,2560602,2560602,Paramyxoviridae,Paramyxoviridae,current_family_from_ictv_lineage_name,Viruses; Riboviria; Orthornavirae; Negarnaviricota; Haploviricotina; Monjiviricetes; Mononegavirales; Paramyxoviridae; Rubulavirinae; Orthorubulavirus; Orthorubulavirus parotitidis; Mumps orthorubulavirus,no
Simian virus 41,NC_006428.1,Paramyxovirus,NC_006428.1,"Simian virus 41, complete genome",Orthorubulavirus simiae,3052561,3052561,Paramyxoviridae,Paramyxoviridae,current_family_from_ictv_lineage_name,Viruses; Riboviria; Orthornavirae; Negarnaviricota; Haploviricotina; Monjiviricetes; Mononegavirales; Paramyxoviridae; Rubulavirinae; Orthorubulavirus; Orthorubulavirus simiae,no
Fer-de-Lance paramyxovirus,NC_005084.2,Paramyxovirus,NC_005084.2,"Fer-de-lance virus, complete genome",Fer-de-lance virus,2907837,2907837,Paramyxoviridae,Paramyxoviridae,current_family_from_ictv_lineage_name,Viruses; Riboviria; Orthornavirae; Negarnaviricota; Haploviricotina; Monjiviricetes; Mononegavirales; Paramyxoviridae; Feraresvirinae; Ferlavirus; Ferlavirus reptilis; Fer-de-lance virus,no
Sunshine virus,NC_025345.1,Paramyxovirus,NC_025345.1,"Sunshine virus, complete genome",Sunshine Coast virus,1195087,1195087,Sunviridae,Sunviridae,current_family_from_ictv_lineage_name,Viruses; Riboviria; Orthornavirae; Negarnaviricota; Haploviricotina; Monjiviricetes; Mononegavirales; Sunviridae; Sunshinevirus; Sunshinevirus reptilis; Sunshine Coast virus,no
Beilong virus,NC_007803.1,Paramyxovirus,NC_007803.1,"Beilong virus, complete genome",Beilong virus,341053,341053,Paramyxoviridae,Paramyxoviridae,current_family_from_ictv_lineage_name,Viruses; Riboviria; Orthornavirae; Negarnaviricota; Haploviricotina; Monjiviricetes; Mononegavirales; Paramyxoviridae; Orthoparamyxovirinae; Jeilongvirus; Jeilongvirus beilongi; Beilong virus,no
J-virus,NC_007454.1,Paramyxovirus,NC_007454.1,"J-virus, complete genome",J virus,322067,322067,Paramyxoviridae,Paramyxoviridae,current_family_from_ictv_lineage_name,Viruses; Riboviria; Orthornavirae; Negarnaviricota; Haploviricotina; Monjiviricetes; Mononegavirales; Paramyxoviridae; Orthoparamyxovirinae; Jeilongvirus; Jeilongvirus queenslandense; J virus,no
Mojiang virus,NC_025352.1,Paramyxovirus,NC_025352.1,"Mojiang virus isolate Tongguan1, complete genome",Mojiang virus,1474807,1474807,Paramyxoviridae,Paramyxoviridae,current_family_from_ictv_lineage_name,Viruses; Riboviria; Orthornavirae; Negarnaviricota; Haploviricotina; Monjiviricetes; Mononegavirales; Paramyxoviridae; Orthoparamyxovirinae; Parahenipavirus; Parahenipavirus mojiangense; Mojiang virus,no
Mossman virus,NC_005339.1,Paramyxovirus,NC_005339.1,"Mossman virus, complete genome",Mossman virus,241630,241630,Paramyxoviridae,Paramyxoviridae,current_family_from_ictv_lineage_name,Viruses; Riboviria; Orthornavirae; Negarnaviricota; Haploviricotina; Monjiviricetes; Mononegavirales; Paramyxoviridae; Orthoparamyxovirinae; Narmovirus; Narmovirus mossmanense; Mossman virus,no
Murine pneumonia virus,NC_006579.1,Paramyxovirus,NC_006579.1,"Pneumonia virus of mice J3666, complete genome",Pneumonia virus of mice J3666,270473,270473,Pneumoviridae,Pneumoviridae,current_family_from_ictv_lineage_name,Viruses; Riboviria; Orthornavirae; Negarnaviricota; Haploviricotina; Monjiviricetes; Mononegavirales; Pneumoviridae; Orthopneumovirus; Orthopneumovirus muris; murine pneumonia virus; Pneumonia virus of mice J3666,no
Nariva virus,NC_017937.1,Paramyxovirus,NC_017937.1,"Nariva virus, complete genome",Nariva virus,590647,590647,Paramyxoviridae,Paramyxoviridae,current_family_from_ictv_lineage_name,Viruses; Riboviria; Orthornavirae; Negarnaviricota; Haploviricotina; Monjiviricetes; Mononegavirales; Paramyxoviridae; Orthoparamyxovirinae; Narmovirus; Narmovirus narivaense; Nariva virus,no
Sendai virus,NC_001552.1,Paramyxovirus,NC_001552.1,"Sendai virus genomic RNA, antisense, complete sequence",Respirovirus muris,3052731,3052731,Paramyxoviridae,Paramyxoviridae,current_family_from_ictv_lineage_name,Viruses; Riboviria; Orthornavirae; Negarnaviricota; Haploviricotina; Monjiviricetes; Mononegavirales; Paramyxoviridae; Feraresvirinae; Respirovirus; Respirovirus muris,no
Tailam virus,NC_025355.1,Paramyxovirus,NC_025355.1,"Tailam virus strain TL8K, complete genome",Tailam virus,1117633,1117633,Paramyxoviridae,Paramyxoviridae,current_family_from_ictv_lineage_name,Viruses; Riboviria; Orthornavirae; Negarnaviricota; Haploviricotina; Monjiviricetes; Mononegavirales; Paramyxoviridae; Orthoparamyxovirinae; Jeilongvirus; Jeilongvirus tailamense; Tailam virus,no
Tupaia paramyxovirus,NC_002199.1,Paramyxovirus,NC_002199.1,"Tupaia paramyxovirus, complete genome",Tupaia paramyxovirus,92129,92129,Paramyxoviridae,Paramyxoviridae,current_family_from_ictv_lineage_name,Viruses; Riboviria; Orthornavirae; Negarnaviricota; Haploviricotina; Monjiviricetes; Mononegavirales; Paramyxoviridae; Orthoparamyxovirinae; Tupaivirus; Tupaivirus tupaiae; Narmovirus tupaiae; Tupaia paramyxovirus,no
Porcine parainfluenza virus 1,NC_025402.1,Paramyxovirus,NC_025402.1,"Porcine parainfluenza virus 1 strain S206N, complete genome",Respirovirus suis,3052733,3052733,Paramyxoviridae,Paramyxoviridae,current_family_from_ictv_lineage_name,Viruses; Riboviria; Orthornavirae; Negarnaviricota; Haploviricotina; Monjiviricetes; Mononegavirales; Paramyxoviridae; Feraresvirinae; Respirovirus; Respirovirus suis,no
Porcine rubulavirus,NC_009640.1,Paramyxovirus,NC_009640.1,"Porcine rubulavirus, complete genome",Orthorubulavirus suis,3052562,3052562,Paramyxoviridae,Paramyxoviridae,current_family_from_ictv_lineage_name,Viruses; Riboviria; Orthornavirae; Negarnaviricota; Haploviricotina; Monjiviricetes; Mononegavirales; Paramyxoviridae; Rubulavirinae; Orthorubulavirus; Orthorubulavirus suis,no
African bat icavirus A,NC_026470.1,Picornavirus,NC_026470.1,"African bat icavirus A isolate PREDICT-06105, complete genome",mischivirus C1,2870348,2870348,Picornaviridae,Picornaviridae,current_family_from_ictv_lineage_name,Viruses; Riboviria; Orthornavirae; Pisuviricota; Pisoniviricetes; Picornavirales; Picornaviridae; Caphthovirinae; Mischivirus; Mischivirus cica; Mischivirus C; mischivirus C1,no
Bat hepatovirus,NC_028366.1,Picornavirus,NC_028366.1,Hepatovirus H2 isolate M32Eidhel2010 genomic sequence,hepatovirus H2,2766976,2766976,Picornaviridae,Picornaviridae,current_family_from_ictv_lineage_name,Viruses; Riboviria; Orthornavirae; Pisuviricota; Pisoniviricetes; Picornavirales; Picornaviridae; Heptrevirinae; Hepatovirus; Hepatovirus hedgi; Hepatovirus H; hepatovirus H2,no
Bat picornavirus 1,NC_015940.1,Picornavirus,NC_015940.1,"Bat picornavirus 1, complete genome",Bat picornavirus 1,1074863,1074863,Picornaviridae,Picornaviridae,exact_current_ncbi_family,Viruses; Riboviria; Orthornavirae; Pisuviricota; Pisoniviricetes; Picornavirales; Picornaviridae; unclassified Picornaviridae; Bat picornavirus 1,no
Bat picornavirus 2,NC_015941.1,Picornavirus,NC_015941.1,"Bat picornavirus 2, complete genome",Bat picornavirus 2,1074864,1074864,Picornaviridae,Picornaviridae,exact_current_ncbi_family,Viruses; Riboviria; Orthornavirae; Pisuviricota; Pisoniviricetes; Picornavirales; Picornaviridae; unclassified Picornaviridae; Bat picornavirus 2,no
Bat picornavirus 3,NC_015934.1,Picornavirus,NC_015934.1,"Bat picornavirus 3, complete genome",Bat picornavirus 3,1074865,1074865,Picornaviridae,Picornaviridae,exact_current_ncbi_family,Viruses; Riboviria; Orthornavirae; Pisuviricota; Pisoniviricetes; Picornavirales; Picornaviridae; unclassified Picornaviridae; Bat picornavirus 3,no
Ia io picornavirus 1,JQ814852.1,Picornavirus,JQ814852.1,"Ia io picornavirus 1, complete genome",Ia io picornavirus 1,1195279,1195279,Picornaviridae,Picornaviridae,exact_current_ncbi_family,Viruses; Riboviria; Orthornavirae; Pisuviricota; Pisoniviricetes; Picornavirales; Picornaviridae; unclassified Picornaviridae; Ia io picornavirus 1,no
Miniopterus schreibersii picornavirus 1,JQ814851.1,Picornavirus,JQ814851.1,"Miniopterus schreibersii picornavirus 1, complete genome",mischivirus A1,2870378,2870378,Picornaviridae,Picornaviridae,current_family_from_ictv_lineage_name,Viruses; Riboviria; Orthornavirae; Pisuviricota; Pisoniviricetes; Picornavirales; Picornaviridae; Caphthovirinae; Mischivirus; Mischivirus acombewi; Mischivirus A; mischivirus A1,no
Foot-and-mouth disease virus - type A,NC_004004.1,Picornavirus,NC_004004.1,"Foot-and-mouth disease virus - type O, complete genome",Foot-and-mouth disease virus - type O,12118,12118,Picornaviridae,Picornaviridae,current_family_from_ictv_lineage_name,Viruses; Riboviria; Orthornavirae; Pisuviricota; Pisoniviricetes; Picornavirales; Picornaviridae; Caphthovirinae; Aphthovirus; Aphthovirus vesiculae; Foot-and-mouth disease virus; Foot-and-mouth disease virus O,no
Canine kobuvirus 1,KM068050.1,Picornavirus,KM068050.1,"Canine kobuvirus 1 isolate 75 polyprotein mRNA, complete cds",Canine kobuvirus 1,1300945,1300945,Picornaviridae,Picornaviridae,current_family_from_ictv_lineage_name,Viruses; Riboviria; Orthornavirae; Pisuviricota; Pisoniviricetes; Picornavirales; Picornaviridae; Kodimesavirinae; Kobuvirus; Kobuvirus aichi; Canine kobuvirus 1,no
Ferret kobuvirus,KF006985.1,Picornavirus,KF006985.1,"Ferret kobuvirus isolate MpKoV38 polyprotein gene, complete cds",aichivirus B2,3118735,3118735,Picornaviridae,Picornaviridae,current_family_from_ictv_lineage_name,Viruses; Riboviria; Orthornavirae; Pisuviricota; Pisoniviricetes; Picornavirales; Picornaviridae; Kodimesavirinae; Kobuvirus; Kobuvirus bejaponia; aichivirus B2,no
Phopivirus,NC_027818.1,Picornavirus,NC_027818.1,"Phopivirus strain NewEngland_USA/2011, complete genome",hepatovirus B1,1708572,1708572,Picornaviridae,Picornaviridae,current_family_from_ictv_lineage_name,Viruses; Riboviria; Orthornavirae; Pisuviricota; Pisoniviricetes; Picornavirales; Picornaviridae; Heptrevirinae; Hepatovirus; Hepatovirus bephopi; Hepatovirus B; hepatovirus B1,no
Seal picornavirus type 1,NC_009891.1,Picornavirus,NC_009891.1,"Seal picornavirus type 1, complete genome",Seal picornavirus type 1,471728,471728,Picornaviridae,Picornaviridae,current_family_from_ictv_lineage_name,Viruses; Riboviria; Orthornavirae; Pisuviricota; Pisoniviricetes; Picornavirales; Picornaviridae; Paavivirinae; Aquamavirus; Aquamavirus apinni; Seal picornavirus type 1,no
Feline kobuvirus,KJ958930.1,Picornavirus,KJ958930.1,"Feline kobuvirus isolate 12D240, complete genome",Feline kobuvirus,1379496,1379496,Picornaviridae,Picornaviridae,current_family_from_ictv_lineage_name,Viruses; Riboviria; Orthornavirae; Pisuviricota; Pisoniviricetes; Picornavirales; Picornaviridae; Kodimesavirinae; Kobuvirus; Kobuvirus aichi; Feline kobuvirus,no
Feline picornavirus,NC_016156.1,Picornavirus,NC_016156.1,"Feline picornavirus, complete genome",Feline picornavirus,1108810,1108810,Picornaviridae,Picornaviridae,exact_current_ncbi_family,Viruses; Riboviria; Orthornavirae; Pisuviricota; Pisoniviricetes; Picornavirales; Picornaviridae; unclassified Picornaviridae; Feline picornavirus,no
Feline sakobuvirus A,NC_022802.1,Picornavirus,NC_022802.1,"Feline sakobuvirus A isolate FFUP1, complete genome",Feline sakobuvirus A,1416021,1416021,Picornaviridae,Picornaviridae,current_family_from_ictv_lineage_name,Viruses; Riboviria; Orthornavirae; Pisuviricota; Pisoniviricetes; Picornavirales; Picornaviridae; Kodimesavirinae; Sakobuvirus; Sakobuvirus aportufeli; Sakobuvirus A; Feline sakobuvirus A,no
Fathead minnow picornavirus,NC_023437.1,Picornavirus,NC_023437.1,"Fathead minnow picornavirus strain 09-283, complete genome",Fathead minnow picornavirus,1401263,1401263,Picornaviridae,Picornaviridae,current_family_from_ictv_lineage_name,Viruses; Riboviria; Orthornavirae; Pisuviricota; Pisoniviricetes; Picornavirales; Picornaviridae; Paavivirinae; Limnipivirus; Limnipivirus cefahemi; Limnipivirus C; limnipivirus C1,no
Avian encephalomyelitis virus,NC_003990.1,Picornavirus,NC_003990.1,"Avian encephalomyelitis virus, complete genome",tremovirus A1,2871093,2871093,Picornaviridae,Picornaviridae,current_family_from_ictv_lineage_name,Viruses; Riboviria; Orthornavirae; Pisuviricota; Pisoniviricetes; Picornavirales; Picornaviridae; Heptrevirinae; Tremovirus; Tremovirus aetremori; Tremovirus A; tremovirus A1,no
Avisivirus Pf-CHK1/AsV,NC_028970.1,Picornavirus,NC_028970.1,"Avisivirus Pf-CHK1/AsV, complete genome",Avisivirus Pf-CHK1/AsV,1766559,1766559,Picornaviridae,Picornaviridae,current_family_from_ictv_lineage_name,Viruses; Riboviria; Orthornavirae; Pisuviricota; Pisoniviricetes; Picornavirales; Picornaviridae; Paavivirinae; Avisivirus; unclassified Avisivirus; Avisivirus Pf-CHK1/AsV,no
Chicken gallivirus 1,NC_024770.1,Picornavirus,NC_024770.1,"Gallivirus A1 isolate 518C, complete genome",gallivirus A1,2764087,2764087,Picornaviridae,Picornaviridae,current_family_from_ictv_lineage_name,Viruses; Riboviria; Orthornavirae; Pisuviricota; Pisoniviricetes; Picornavirales; Picornaviridae; Kodimesavirinae; Gallivirus; Gallivirus afowli; Gallivirus A; gallivirus A1,no
Chicken megrivirus,NC_023857.1,Picornavirus,NC_023857.1,"Chicken megrivirus strain chicken/CHK-IV-CHV/2013/HUN, complete genome",Chicken megrivirus,1477515,1477515,Picornaviridae,Picornaviridae,current_family_from_ictv_lineage_name,Viruses; Riboviria; Orthornavirae; Pisuviricota; Pisoniviricetes; Picornavirales; Picornaviridae; Kodimesavirinae; Megrivirus; Megrivirus chigalli; Megrivirus C; megrivirus C1,no
Chicken orivirus 1,NC_025432.1,Picornavirus,NC_025432.1,"Chicken orivirus 1 strain chicken/Pf-CHK1/2013/HUN, complete genome",Chicken orivirus 1,1565990,1565990,Picornaviridae,Picornaviridae,current_family_from_ictv_lineage_name,Viruses; Riboviria; Orthornavirae; Pisuviricota; Pisoniviricetes; Picornavirales; Picornaviridae; Paavivirinae; Orivirus; Orivirus aoroshaza; Orivirus A; Chicken orivirus 1,no
Chicken picornavirus 1,NC_024765.1,Picornavirus,NC_024765.1,"Chicken picornavirus 1 isolate 55C, complete genome",Chicken picornavirus 1,1534544,1534544,Picornaviridae,Picornaviridae,exact_current_ncbi_family,Viruses; Riboviria; Orthornavirae; Pisuviricota; Pisoniviricetes; Picornavirales; Picornaviridae; unclassified Picornaviridae; Chicken picornavirus 1,no
Chicken picornavirus 2,NC_024766.1,Picornavirus,NC_024766.1,"Chicken picornavirus 2 isolate 44C, complete genome",avisivirus B1,1534545,1534545,Picornaviridae,Picornaviridae,current_family_from_ictv_lineage_name,Viruses; Riboviria; Orthornavirae; Pisuviricota; Pisoniviricetes; Picornavirales; Picornaviridae; Paavivirinae; Avisivirus; Avisivirus begallu; Avisivirus B; avisivirus B1,no
Chicken picornavirus 3,NC_024767.1,Picornavirus,NC_024767.1,"Chicken picornavirus 3 isolate 45C, complete genome",avisivirus C1,1534546,1534546,Picornaviridae,Picornaviridae,current_family_from_ictv_lineage_name,Viruses; Riboviria; Orthornavirae; Pisuviricota; Pisoniviricetes; Picornavirales; Picornaviridae; Paavivirinae; Avisivirus; Avisivirus cechici; Avisivirus C; avisivirus C1,no
Chicken picornavirus 4,NC_024768.1,Picornavirus,NC_024768.1,"Chicken picornavirus 4 isolate 5C, complete genome",Chicken picornavirus 4,1534547,1534547,Picornaviridae,Picornaviridae,exact_current_ncbi_family,Viruses; Riboviria; Orthornavirae; Pisuviricota; Pisoniviricetes; Picornavirales; Picornaviridae; unclassified Picornaviridae; Chicken picornavirus 4,no
Chicken picornavirus 5,NC_024769.1,Picornavirus,NC_024769.1,"Megrivirus C2 isolate 27C, complete genome",megrivirus C2,2847848,2847848,Picornaviridae,Picornaviridae,current_family_from_ictv_lineage_name,Viruses; Riboviria; Orthornavirae; Pisuviricota; Pisoniviricetes; Picornavirales; Picornaviridae; Kodimesavirinae; Megrivirus; Megrivirus chigalli; Megrivirus C; megrivirus C2,no
Chicken proventriculitis virus,KJ690629.1,Picornavirus,KJ690629.1,"Chicken proventriculitis virus isolate CPV/Korea/03 polyprotein gene, complete cds",Chicken proventriculitis virus,1566005,1566005,Picornaviridae,Picornaviridae,exact_current_ncbi_family,Viruses; Riboviria; Orthornavirae; Pisuviricota; Pisoniviricetes; Picornavirales; Picornaviridae; unclassified Picornaviridae; Chicken proventriculitis virus,no
Chicken sicinivirus JSY,NC_028380.1,Picornavirus,NC_028380.1,"Sicinivirus A1 isolate JSY, complete genome",sicinivirus A1,2773315,2773315,Picornaviridae,Picornaviridae,current_family_from_ictv_lineage_name,Viruses; Riboviria; Orthornavirae; Pisuviricota; Pisoniviricetes; Picornavirales; Picornaviridae; Kodimesavirinae; Sicinivirus; Sicinivirus ahiberni; Sicinivirus A; sicinivirus A1,no
Duck hepatitis A virus,NC_008250.2,Picornavirus,NC_008250.2,"Duck hepatitis A virus 1 strain R85952, complete genome",avihepatovirus A1,1006061,1006061,Picornaviridae,Picornaviridae,current_family_from_ictv_lineage_name,Viruses; Riboviria; Orthornavirae; Pisuviricota; Pisoniviricetes; Picornavirales; Picornaviridae; Paavivirinae; Avihepatovirus; Avihepatovirus ahepati; Avihepatovirus A; avihepatovirus A1,no
Duck megrivirus,NC_024120.1,Picornavirus,NC_024120.1,"Megrivirus A2 strain LY, complete genome",megrivirus A2,2902768,2902768,Picornaviridae,Picornaviridae,current_family_from_ictv_lineage_name,Viruses; Riboviria; Orthornavirae; Pisuviricota; Pisoniviricetes; Picornavirales; Picornaviridae; Kodimesavirinae; Megrivirus; Megrivirus aturhepa; Megrivirus A; megrivirus A2,no
Duck picornavirus GL/12,NC_023985.1,Picornavirus,NC_023985.1,"Duck picornavirus GL/12, complete genome",aalivirus A1,1482734,1482734,Picornaviridae,Picornaviridae,current_family_from_ictv_lineage_name,Viruses; Riboviria; Orthornavirae; Pisuviricota; Pisoniviricetes; Picornavirales; Picornaviridae; Paavivirinae; Aalivirus; Aalivirus apekidu; aalivirus A1,no
Gallivirus Pf-CHK1/GV,NC_028964.1,Picornavirus,NC_028964.1,"Gallivirus Pf-CHK1/GV, complete genome",Gallivirus Pf-CHK1/GV,1766557,1766557,Picornaviridae,Picornaviridae,current_family_from_ictv_lineage_name,Viruses; Riboviria; Orthornavirae; Pisuviricota; Pisoniviricetes; Picornavirales; Picornaviridae; Kodimesavirinae; Gallivirus; unclassified Gallivirus; Gallivirus Pf-CHK1/GV,no
Phacovirus Pf-CHK1/PhV,KT880670.1,Picornavirus,KT880670.1,"Anativirus B1, complete genome",anativirus B1,2870379,2870379,Picornaviridae,Picornaviridae,current_family_from_ictv_lineage_name,Viruses; Riboviria; Orthornavirae; Pisuviricota; Pisoniviricetes; Picornavirales; Picornaviridae; Ensavirinae; Anativirus; Anativirus biphaco; anativirus B1,no
Sicinivirus A,NC_023861.1,Picornavirus,NC_023861.1,"Sicinivirus 1 strain UCC001, complete genome",Sicinivirus A,1755588,1755588,Picornaviridae,Picornaviridae,current_family_from_ictv_lineage_name,Viruses; Riboviria; Orthornavirae; Pisuviricota; Pisoniviricetes; Picornavirales; Picornaviridae; Kodimesavirinae; Sicinivirus; Sicinivirus ahiberni; Sicinivirus A,no
Lesavirus 1,NC_026315.1,Picornavirus,NC_026315.1,"Lesavirus 1 isolate Mis101308/2012, complete genome",malagasivirus A1,1603963,1603963,Picornaviridae,Picornaviridae,current_family_from_ictv_lineage_name,Viruses; Riboviria; Orthornavirae; Pisuviricota; Pisoniviricetes; Picornavirales; Picornaviridae; Caphthovirinae; Malagasivirus; Malagasivirus alphalesa; Malagasivirus A; malagasivirus A1,no
Lesavirus 2,NC_026316.1,Picornavirus,NC_026316.1,"Lesavirus 2 isolate Nai108015/2012, complete genome",malagasivirus B1,1603964,1603964,Picornaviridae,Picornaviridae,current_family_from_ictv_lineage_name,Viruses; Riboviria; Orthornavirae; Pisuviricota; Pisoniviricetes; Picornavirales; Picornaviridae; Caphthovirinae; Malagasivirus; Malagasivirus betalesa; Malagasivirus B; malagasivirus B1,no
Falcovirus A1,NC_026921.1,Picornavirus,NC_026921.1,"Falcovirus A1 strain kestrel/VOVE0622/2013/HUN, complete genome",Falcovirus A1,1641896,1641896,Picornaviridae,Picornaviridae,current_family_from_ictv_lineage_name,Viruses; Riboviria; Orthornavirae; Pisuviricota; Pisoniviricetes; Picornavirales; Picornaviridae; Harkavirus; Harkavirus alfoldi; Harkavirus A; Falcovirus A1,no
Oscivirus A1,NC_014412.1,Picornavirus,NC_014412.1,"Turdivirus 2, complete genome",Oscivirus A1,871700,871700,Picornaviridae,Picornaviridae,current_family_from_ictv_lineage_name,Viruses; Riboviria; Orthornavirae; Pisuviricota; Pisoniviricetes; Picornavirales; Picornaviridae; Kodimesavirinae; Oscivirus; Oscivirus ahokorobi; Oscivirus A; Oscivirus A1,no
Enterovirus A71,KU254596.1,Picornavirus,KU254596.1,"Enterovirus A71 isolate BJ14-2, complete genome",Enterovirus A71,39054,39054,Picornaviridae,Picornaviridae,current_family_from_ictv_lineage_name,Viruses; Riboviria; Orthornavirae; Pisuviricota; Pisoniviricetes; Picornavirales; Picornaviridae; Ensavirinae; Enterovirus; Enterovirus alphacoxsackie; Enterovirus A; Enterovirus A71,no
Human enterovirus 107,AB426609.1,Picornavirus,AB426609.1,"Enterovirus B107 genomic RNA, complete genome, strain: TN94-0349",Enterovirus B107,2487725,2487725,Picornaviridae,Picornaviridae,current_family_from_ictv_lineage_name,Viruses; Riboviria; Orthornavirae; Pisuviricota; Pisoniviricetes; Picornavirales; Picornaviridae; Ensavirinae; Enterovirus; Enterovirus betacoxsackie; Enterovirus B; Enterovirus B107,no
Human poliovirus 2,KJ170575.1,Picornavirus,KJ170575.1,"Human poliovirus 2 strain NIE1218419, complete genome",Poliovirus 2,12083,12083,Picornaviridae,Picornaviridae,current_family_from_ictv_lineage_name,Viruses; Riboviria; Orthornavirae; Pisuviricota; Pisoniviricetes; Picornavirales; Picornaviridae; Ensavirinae; Enterovirus; Enterovirus coxsackiepol; Enterovirus C; Poliovirus 2,no
Human rhinovirus B52,FJ445188.1,Picornavirus,FJ445188.1,"Human rhinovirus 52 strain ATCC VR-1162, complete genome",rhinovirus B52,147677,147677,Picornaviridae,Picornaviridae,current_family_from_ictv_lineage_name,Viruses; Riboviria; Orthornavirae; Pisuviricota; Pisoniviricetes; Picornavirales; Picornaviridae; Ensavirinae; Enterovirus; Enterovirus betarhino; Rhinovirus B; rhinovirus B52,no
Rhinovirus A,NC_001617.1,Picornavirus,NC_001617.1,"Human rhinovirus 89, complete genome",Rhinovirus A,147711,147711,Picornaviridae,Picornaviridae,current_family_from_ictv_lineage_name,Viruses; Riboviria; Orthornavirae; Pisuviricota; Pisoniviricetes; Picornavirales; Picornaviridae; Ensavirinae; Enterovirus; Enterovirus alpharhino; Rhinovirus A,no
Rhinovirus C,NC_009996.1,Picornavirus,NC_009996.1,"Human rhinovirus C, complete genome",Rhinovirus C,463676,463676,Picornaviridae,Picornaviridae,current_family_from_ictv_lineage_name,Viruses; Riboviria; Orthornavirae; Pisuviricota; Pisoniviricetes; Picornavirales; Picornaviridae; Ensavirinae; Enterovirus; Enterovirus cerhino; Rhinovirus C,no
Salivirus CH,JN379039.1,Picornavirus,JN379039.1,"Salivirus CH, complete genome",Salivirus CH,1330996,1330996,Picornaviridae,Picornaviridae,current_family_from_ictv_lineage_name,Viruses; Riboviria; Orthornavirae; Pisuviricota; Pisoniviricetes; Picornavirales; Picornaviridae; Kodimesavirinae; Salivirus; Salivirus aklasse; Salivirus A; Salivirus CH,no
Tupaia hepatovirus A,NC_028981.1,Picornavirus,NC_028981.1,"Tupaia hepatovirus A isolate TN1, complete genome",Tupaia hepatovirus A,1768064,1768064,Picornaviridae,Picornaviridae,current_family_from_ictv_lineage_name,Viruses; Riboviria; Orthornavirae; Pisuviricota; Pisoniviricetes; Picornavirales; Picornaviridae; Heptrevirinae; Hepatovirus; unclassified Hepatovirus; Tupaia hepatovirus A,no
American bat vesiculovirus TFFN-2013,NC_022755.1,Rhabdovirus,NC_022755.1,"American bat vesiculovirus TFFN-2013 isolate liver2008, complete genome",American bat vesiculovirus,1972564,1972564,Rhabdoviridae,Rhabdoviridae,current_family_from_ictv_lineage_name,Viruses; Riboviria; Orthornavirae; Negarnaviricota; Haploviricotina; Monjiviricetes; Mononegavirales; Rhabdoviridae; Alpharhabdovirinae; Chiroprhavirus; Chiroprhavirus epitesicus; American bat vesiculovirus,no
Lagos bat virus,NC_020807.1,Rhabdovirus,NC_020807.1,"Lagos bat virus isolate 0406SEN, complete genome",Lyssavirus lagos,38766,38766,Rhabdoviridae,Rhabdoviridae,current_family_from_ictv_lineage_name,Viruses; Riboviria; Orthornavirae; Negarnaviricota; Haploviricotina; Monjiviricetes; Mononegavirales; Rhabdoviridae; Alpharhabdovirinae; Lyssavirus; Lyssavirus lagos,no
Duvenhage virus,NC_020810.1,Rhabdovirus,NC_020810.1,"Duvenhage virus isolate 86132SA, complete genome",Lyssavirus duvenhage,38767,38767,Rhabdoviridae,Rhabdoviridae,current_family_from_ictv_lineage_name,Viruses; Riboviria; Orthornavirae; Negarnaviricota; Haploviricotina; Monjiviricetes; Mononegavirales; Rhabdoviridae; Alpharhabdovirinae; Lyssavirus; Lyssavirus duvenhage,no
European bat lyssavirus 1,NC_009527.1,Rhabdovirus,NC_009527.1,"European bat lyssavirus 1, complete genome",European bat lyssavirus 1,57482,57482,Rhabdoviridae,Rhabdoviridae,current_family_from_ictv_lineage_name,Viruses; Riboviria; Orthornavirae; Negarnaviricota; Haploviricotina; Monjiviricetes; Mononegavirales; Rhabdoviridae; Alpharhabdovirinae; Lyssavirus; Lyssavirus hamburg; European bat lyssavirus 1,no
European bat lyssavirus 2,NC_009528.2,Rhabdovirus,NC_009528.2,"European bat lyssavirus 2 isolate RV1333, complete genome",European bat lyssavirus 2,57483,57483,Rhabdoviridae,Rhabdoviridae,current_family_from_ictv_lineage_name,Viruses; Riboviria; Orthornavirae; Negarnaviricota; Haploviricotina; Monjiviricetes; Mononegavirales; Rhabdoviridae; Alpharhabdovirinae; Lyssavirus; Lyssavirus helsinki; European bat lyssavirus 2,no
Australian bat lyssavirus,NC_003243.1,Rhabdovirus,NC_003243.1,"Australian bat lyssavirus, complete genome",Lyssavirus australis,90961,90961,Rhabdoviridae,Rhabdoviridae,current_family_from_ictv_lineage_name,Viruses; Riboviria; Orthornavirae; Negarnaviricota; Haploviricotina; Monjiviricetes; Mononegavirales; Rhabdoviridae; Alpharhabdovirinae; Lyssavirus; Lyssavirus australis,no
Aravan virus,NC_020808.1,Rhabdovirus,NC_020808.1,"Aravan virus, complete genome",Lyssavirus aravan,211977,211977,Rhabdoviridae,Rhabdoviridae,current_family_from_ictv_lineage_name,Viruses; Riboviria; Orthornavirae; Negarnaviricota; Haploviricotina; Monjiviricetes; Mononegavirales; Rhabdoviridae; Alpharhabdovirinae; Lyssavirus; Lyssavirus aravan,no
Khujand virus,NC_025385.1,Rhabdovirus,NC_025385.1,"Khujand lyssavirus, complete genome",Lyssavirus khujand,237716,237716,Rhabdoviridae,Rhabdoviridae,current_family_from_ictv_lineage_name,Viruses; Riboviria; Orthornavirae; Negarnaviricota; Haploviricotina; Monjiviricetes; Mononegavirales; Rhabdoviridae; Alpharhabdovirinae; Lyssavirus; Lyssavirus khujand,no
Irkut virus,NC_020809.1,Rhabdovirus,NC_020809.1,"Irkut virus, complete genome",Lyssavirus irkut,249583,249583,Rhabdoviridae,Rhabdoviridae,current_family_from_ictv_lineage_name,Viruses; Riboviria; Orthornavirae; Negarnaviricota; Haploviricotina; Monjiviricetes; Mononegavirales; Rhabdoviridae; Alpharhabdovirinae; Lyssavirus; Lyssavirus irkut,no
West Caucasian bat virus,NC_025377.1,Rhabdovirus,NC_025377.1,"West Caucasian bat virus, complete genome",Lyssavirus caucasicus,249584,249584,Rhabdoviridae,Rhabdoviridae,current_family_from_ictv_lineage_name,Viruses; Riboviria; Orthornavirae; Negarnaviricota; Haploviricotina; Monjiviricetes; Mononegavirales; Rhabdoviridae; Alpharhabdovirinae; Lyssavirus; Lyssavirus caucasicus,no
Lyssavirus Ozernoe,NC_025408.1,Rhabdovirus,NC_025408.1,"Lyssavirus Ozernoe, complete genome",Lyssavirus Ozernoe,642022,642022,Rhabdoviridae,Rhabdoviridae,current_family_from_ictv_lineage_name,Viruses; Riboviria; Orthornavirae; Negarnaviricota; Haploviricotina; Monjiviricetes; Mononegavirales; Rhabdoviridae; Alpharhabdovirinae; Lyssavirus; unclassified Lyssavirus; Lyssavirus Ozernoe,no
Shimoni bat virus,NC_025365.1,Rhabdovirus,NC_025365.1,"Shimoni bat virus, complete genome",Lyssavirus shimoni,746543,746543,Rhabdoviridae,Rhabdoviridae,current_family_from_ictv_lineage_name,Viruses; Riboviria; Orthornavirae; Negarnaviricota; Haploviricotina; Monjiviricetes; Mononegavirales; Rhabdoviridae; Alpharhabdovirinae; Lyssavirus; Lyssavirus shimoni,no
Bokeloh bat lyssavirus,NC_025251.1,Rhabdovirus,NC_025251.1,"Bokeloh bat lyssavirus isolate 21961, complete genome",Lyssavirus bokeloh,1072176,1072176,Rhabdoviridae,Rhabdoviridae,current_family_from_ictv_lineage_name,Viruses; Riboviria; Orthornavirae; Negarnaviricota; Haploviricotina; Monjiviricetes; Mononegavirales; Rhabdoviridae; Alpharhabdovirinae; Lyssavirus; Lyssavirus bokeloh,no
Fikirini bat rhabdovirus,NC_025341.1,Rhabdovirus,NC_025341.1,"Fikirini bat rhabdovirus isolate KEN352, complete genome",Fikirini virus,1408144,1408144,Rhabdoviridae,Rhabdoviridae,current_family_from_ictv_lineage_name,Viruses; Riboviria; Orthornavirae; Negarnaviricota; Haploviricotina; Monjiviricetes; Mononegavirales; Rhabdoviridae; Alpharhabdovirinae; Ledantevirus; Ledantevirus fikirini; Fikirini virus,no
Tibrogargan virus,NC_020804.1,Rhabdovirus,NC_020804.1,"Tibrogargan virus strain CS132, complete genome",Tibrogargan virus,318844,318844,Rhabdoviridae,Rhabdoviridae,current_family_from_ictv_lineage_name,Viruses; Riboviria; Orthornavirae; Negarnaviricota; Haploviricotina; Monjiviricetes; Mononegavirales; Rhabdoviridae; Alpharhabdovirinae; Tibrovirus; Tibrovirus tibrogargan; Tibrogargan virus,no
Coastal Plains virus,NC_025397.1,Rhabdovirus,NC_025397.1,"Coastal Plains virus strain DPP53, complete genome",Coastal Plains virus,764599,764599,Rhabdoviridae,Rhabdoviridae,current_family_from_ictv_lineage_name,Viruses; Riboviria; Orthornavirae; Negarnaviricota; Haploviricotina; Monjiviricetes; Mononegavirales; Rhabdoviridae; Alpharhabdovirinae; Tibrovirus; Tibrovirus coastal; Coastal Plains virus,no
Bovine ephemeral fever virus,NC_002526.1,Rhabdovirus,NC_002526.1,"Bovine ephemeral fever virus, complete genome",Bovine ephemeral fever virus,11303,11303,Rhabdoviridae,Rhabdoviridae,current_family_from_ictv_lineage_name,Viruses; Riboviria; Orthornavirae; Negarnaviricota; Haploviricotina; Monjiviricetes; Mononegavirales; Rhabdoviridae; Alpharhabdovirinae; Ephemerovirus; Ephemerovirus febris; Bovine ephemeral fever virus,no
Kimberley virus,NC_025396.1,Rhabdovirus,NC_025396.1,"Kimberley virus isolate CS368, complete genome",Kimberley virus,318835,318835,Rhabdoviridae,Rhabdoviridae,current_family_from_ictv_lineage_name,Viruses; Riboviria; Orthornavirae; Negarnaviricota; Haploviricotina; Monjiviricetes; Mononegavirales; Rhabdoviridae; Alpharhabdovirinae; Ephemerovirus; Ephemerovirus kimberley; Kimberley virus,no
Vesicular stomatitis Indiana virus,NC_001560.1,Rhabdovirus,NC_001560.1,"Vesicular stomatitis Indiana virus, complete genome",Vesicular stomatitis Indiana virus,11277,11277,Rhabdoviridae,Rhabdoviridae,current_family_from_ictv_lineage_name,Viruses; Riboviria; Orthornavirae; Negarnaviricota; Haploviricotina; Monjiviricetes; Mononegavirales; Rhabdoviridae; Alpharhabdovirinae; Vesiculovirus; Vesiculovirus indiana; Vesicular stomatitis Indiana virus,no
Vesicular stomatitis New Jersey virus,NC_024473.1,Rhabdovirus,NC_024473.1,"Vesicular stomatitis New Jersey virus isolate NJ1184HDB, complete genome",Vesicular stomatitis New Jersey virus,11280,11280,Rhabdoviridae,Rhabdoviridae,current_family_from_ictv_lineage_name,Viruses; Riboviria; Orthornavirae; Negarnaviricota; Haploviricotina; Monjiviricetes; Mononegavirales; Rhabdoviridae; Alpharhabdovirinae; Vesiculovirus; Vesiculovirus newjersey; Vesicular stomatitis New Jersey virus,no
Vesicular stomatitis Alagoas virus,NC_025353.1,Rhabdovirus,NC_025353.1,"Vesicular stomatitis Alagoas virus Indiana 3, complete genome",Vesicular stomatitis Alagoas virus,198833,198833,Rhabdoviridae,Rhabdoviridae,current_family_from_ictv_lineage_name,Viruses; Riboviria; Orthornavirae; Negarnaviricota; Haploviricotina; Monjiviricetes; Mononegavirales; Rhabdoviridae; Alpharhabdovirinae; Vesiculovirus; Vesiculovirus alagoas; Vesicular stomatitis Alagoas virus,no
Berrimah virus,NC_025358.1,Rhabdovirus,NC_025358.1,"Berrimah virus strain DPP 63, complete genome",Berrimah virus,318834,318834,Rhabdoviridae,Rhabdoviridae,current_family_from_ictv_lineage_name,Viruses; Riboviria; Orthornavirae; Negarnaviricota; Haploviricotina; Monjiviricetes; Mononegavirales; Rhabdoviridae; Alpharhabdovirinae; Ephemerovirus; Ephemerovirus berrimah; Berrimah virus,no
"Rabies virus isolate RAC, complete genome.",JQ685901.1,Rhabdovirus,JQ685901.1,"Rabies virus isolate RAC, complete genome",Lyssavirus rabies,11292,11292,Rhabdoviridae,Rhabdoviridae,current_family_from_ictv_lineage_name,Viruses; Riboviria; Orthornavirae; Negarnaviricota; Haploviricotina; Monjiviricetes; Mononegavirales; Rhabdoviridae; Alpharhabdovirinae; Lyssavirus; Lyssavirus rabies,no
"Rabies virus isolate NC1234, complete genome.",JQ685967.1,Rhabdovirus,JQ685967.1,"Rabies virus isolate NC1234, complete genome",Lyssavirus rabies,11292,11292,Rhabdoviridae,Rhabdoviridae,current_family_from_ictv_lineage_name,Viruses; Riboviria; Orthornavirae; Negarnaviricota; Haploviricotina; Monjiviricetes; Mononegavirales; Rhabdoviridae; Alpharhabdovirinae; Lyssavirus; Lyssavirus rabies,no
"Rabies virus isolate A10-0512, complete genome.",JQ685968.1,Rhabdovirus,JQ685968.1,"Rabies virus isolate A10-0512, complete genome",Lyssavirus rabies,11292,11292,Rhabdoviridae,Rhabdoviridae,current_family_from_ictv_lineage_name,Viruses; Riboviria; Orthornavirae; Negarnaviricota; Haploviricotina; Monjiviricetes; Mononegavirales; Rhabdoviridae; Alpharhabdovirinae; Lyssavirus; Lyssavirus rabies,no
"Rabies virus isolate CASK2, complete genome.",JQ685970.1,Rhabdovirus,JQ685970.1,"Rabies virus isolate CASK2, complete genome",Lyssavirus rabies,11292,11292,Rhabdoviridae,Rhabdoviridae,current_family_from_ictv_lineage_name,Viruses; Riboviria; Orthornavirae; Negarnaviricota; Haploviricotina; Monjiviricetes; Mononegavirales; Rhabdoviridae; Alpharhabdovirinae; Lyssavirus; Lyssavirus rabies,no
"Rabies virus isolate RV437, complete genome.",KF154997.1,Rhabdovirus,KF154997.1,"Rabies virus isolate RV437, complete genome",Lyssavirus rabies,11292,11292,Rhabdoviridae,Rhabdoviridae,current_family_from_ictv_lineage_name,Viruses; Riboviria; Orthornavirae; Negarnaviricota; Haploviricotina; Monjiviricetes; Mononegavirales; Rhabdoviridae; Alpharhabdovirinae; Lyssavirus; Lyssavirus rabies,no
"Rabies virus isolate RV2772, complete genome.",KF155002.1,Rhabdovirus,KF155002.1,"Rabies virus isolate RV2772, complete genome",Lyssavirus rabies,11292,11292,Rhabdoviridae,Rhabdoviridae,current_family_from_ictv_lineage_name,Viruses; Riboviria; Orthornavirae; Negarnaviricota; Haploviricotina; Monjiviricetes; Mononegavirales; Rhabdoviridae; Alpharhabdovirinae; Lyssavirus; Lyssavirus rabies,no
"Rabies virus isolate R2013-01, complete genome.",KF620489.1,Rhabdovirus,KF620489.1,"Rabies virus isolate R2013-01, complete genome",Lyssavirus rabies,11292,11292,Rhabdoviridae,Rhabdoviridae,current_family_from_ictv_lineage_name,Viruses; Riboviria; Orthornavirae; Negarnaviricota; Haploviricotina; Monjiviricetes; Mononegavirales; Rhabdoviridae; Alpharhabdovirinae; Lyssavirus; Lyssavirus rabies,no
"Rabies virus isolate IP 7841/09, complete genome.",KM594039.1,Rhabdovirus,KM594039.1,"Rabies virus isolate IP 7841/09, complete genome",Lyssavirus rabies,11292,11292,Rhabdoviridae,Rhabdoviridae,current_family_from_ictv_lineage_name,Viruses; Riboviria; Orthornavirae; Negarnaviricota; Haploviricotina; Monjiviricetes; Mononegavirales; Rhabdoviridae; Alpharhabdovirinae; Lyssavirus; Lyssavirus rabies,no
"Rabies virus strain 148/lib01041, complete genome",LN879481.2,Rhabdovirus,LN879481.2,"Rabies virus strain 148/lib01041, complete genome",Lyssavirus rabies,11292,11292,Rhabdoviridae,Rhabdoviridae,current_family_from_ictv_lineage_name,Viruses; Riboviria; Orthornavirae; Negarnaviricota; Haploviricotina; Monjiviricetes; Mononegavirales; Rhabdoviridae; Alpharhabdovirinae; Lyssavirus; Lyssavirus rabies,no
"Rabies virus isolate 13N0473AFX, complete genome.",KU198477.1,Rhabdovirus,KU198477.1,"Lyssavirus rabies isolate 13N0473AFX, complete genome",Lyssavirus rabies,11292,11292,Rhabdoviridae,Rhabdoviridae,current_family_from_ictv_lineage_name,Viruses; Riboviria; Orthornavirae; Negarnaviricota; Haploviricotina; Monjiviricetes; Mononegavirales; Rhabdoviridae; Alpharhabdovirinae; Lyssavirus; Lyssavirus rabies,no
Dolphin rhabdovirus,NC_025406.1,Rhabdovirus,NC_025406.1,"Dolphin rhabdovirus isolate pxV1 1992, complete genome",Dolphin rhabdovirus,1511639,1511639,Rhabdoviridae,Rhabdoviridae,current_family_from_ictv_lineage_name,Viruses; Riboviria; Orthornavirae; Negarnaviricota; Haploviricotina; Monjiviricetes; Mononegavirales; Rhabdoviridae; Alpharhabdovirinae; Cetarhavirus; Cetarhavirus laganorhynchus; Dolphin rhabdovirus,no
Viral hemorrhagic septicemia virus,NC_000855.1,Rhabdovirus,NC_000855.1,"Viral hemorrhagic septicemia virus Fil3, complete genome",Viral hemorrhagic septicemia virus Fil3,1147160,1147160,Rhabdoviridae,Rhabdoviridae,current_family_from_ictv_lineage_name,Viruses; Riboviria; Orthornavirae; Negarnaviricota; Haploviricotina; Monjiviricetes; Mononegavirales; Rhabdoviridae; Gammarhabdovirinae; Novirhabdovirus; Novirhabdovirus piscine; Viral hemorrhagic septicemia virus Fil3,no
Infectious hematopoietic necrosis virus,NC_001652.1,Rhabdovirus,NC_001652.1,"Infectious hematopoietic necrosis virus, complete genome",Infectious hematopoietic necrosis virus,11290,11290,Rhabdoviridae,Rhabdoviridae,current_family_from_ictv_lineage_name,Viruses; Riboviria; Orthornavirae; Negarnaviricota; Haploviricotina; Monjiviricetes; Mononegavirales; Rhabdoviridae; Gammarhabdovirinae; Novirhabdovirus; Novirhabdovirus salmonid; Infectious hematopoietic necrosis virus,no
Hirame rhabdovirus,NC_005093.1,Rhabdovirus,NC_005093.1,"Hirame rhabdovirus, complete genome",Novirhabdovirus hirame,1980915,1980915,Rhabdoviridae,Rhabdoviridae,current_family_from_ictv_lineage_name,Viruses; Riboviria; Orthornavirae; Negarnaviricota; Haploviricotina; Monjiviricetes; Mononegavirales; Rhabdoviridae; Gammarhabdovirinae; Novirhabdovirus; Novirhabdovirus hirame,no
Snakehead virus,NC_000903.1,Rhabdovirus,NC_000903.1,Snakehead rhabdovirus complete genome,Snakehead rhabdovirus,103603,103603,Rhabdoviridae,Rhabdoviridae,current_family_from_ictv_lineage_name,Viruses; Riboviria; Orthornavirae; Negarnaviricota; Haploviricotina; Monjiviricetes; Mononegavirales; Rhabdoviridae; Gammarhabdovirinae; Novirhabdovirus; Novirhabdovirus snakehead; Snakehead rhabdovirus,no
Pike fry rhabdovirus,NC_025356.1,Rhabdovirus,NC_025356.1,"Pike fry rhabdovirus isolate F4, complete genome",Sprivivirus esox,219584,219584,Rhabdoviridae,Rhabdoviridae,current_family_from_ictv_lineage_name,Viruses; Riboviria; Orthornavirae; Negarnaviricota; Haploviricotina; Monjiviricetes; Mononegavirales; Rhabdoviridae; Alpharhabdovirinae; Sprivivirus; Sprivivirus esox,no
Siniperca chuatsi rhabdovirus,NC_008514.1,Rhabdovirus,NC_008514.1,"Siniperca chuatsi rhabdovirus, complete genome",Siniperca chuatsi rhabdovirus,373862,373862,Rhabdoviridae,Rhabdoviridae,current_family_from_ictv_lineage_name,Viruses; Riboviria; Orthornavirae; Negarnaviricota; Haploviricotina; Monjiviricetes; Mononegavirales; Rhabdoviridae; Alpharhabdovirinae; Siniperhavirus; Siniperhavirus chuatsi; Siniperca chuatsi rhabdovirus,no
Eel virus European X,NC_022581.1,Rhabdovirus,NC_022581.1,"Eel Virus European X complete genome, viral cRNA, isolate 153311",Eel virus European X,685443,685443,Rhabdoviridae,Rhabdoviridae,current_family_from_ictv_lineage_name,Viruses; Riboviria; Orthornavirae; Negarnaviricota; Haploviricotina; Monjiviricetes; Mononegavirales; Rhabdoviridae; Alpharhabdovirinae; Perhabdovirus; Perhabdovirus anguilla; Eel virus European X,no
Spring viraemia of carp virus,NC_002803.1,Rhabdovirus,NC_002803.1,"Spring viraemia of carp virus, complete genome",Sprivivirus cyprinus,696863,696863,Rhabdoviridae,Rhabdoviridae,current_family_from_ictv_lineage_name,Viruses; Riboviria; Orthornavirae; Negarnaviricota; Haploviricotina; Monjiviricetes; Mononegavirales; Rhabdoviridae; Alpharhabdovirinae; Sprivivirus; Sprivivirus cyprinus,no
Scophthalmus maximus rhabdovirus,NC_025387.1,Rhabdovirus,NC_025387.1,"Scophthalmus maximus rhabdovirus, complete genome",Scophthalmus maximus rhabdovirus,936149,936149,Rhabdoviridae,Rhabdoviridae,current_family_from_ictv_lineage_name,Viruses; Riboviria; Orthornavirae; Negarnaviricota; Haploviricotina; Monjiviricetes; Mononegavirales; Rhabdoviridae; Alpharhabdovirinae; Scophrhavirus; Scophrhavirus maximus; Scophthalmus maximus rhabdovirus,no
Perch rhabdovirus,NC_020803.1,Rhabdovirus,NC_020803.1,"Perch perhabdovirus isolate PRV nucleoprotein (N) gene, nucleocapsid (N) gene, complete cds; and phosphoprotein (P), matrix protein (M), glycoprotein (G), and RNA dependent RNA polymerase (L) genes, complete cds",Perhabdovirus perca,1256869,1256869,Rhabdoviridae,Rhabdoviridae,current_family_from_ictv_lineage_name,Viruses; Riboviria; Orthornavirae; Negarnaviricota; Haploviricotina; Monjiviricetes; Mononegavirales; Rhabdoviridae; Alpharhabdovirinae; Perhabdovirus; Perhabdovirus perca,no
Tench rhabdovirus S64,NC_025371.1,Rhabdovirus,NC_025371.1,"Tench rhabdovirus S64, complete genome",Tench rhabdovirus,1288358,1288358,Rhabdoviridae,Rhabdoviridae,current_family_from_ictv_lineage_name,Viruses; Riboviria; Orthornavirae; Negarnaviricota; Haploviricotina; Monjiviricetes; Mononegavirales; Rhabdoviridae; Alpharhabdovirinae; Sprivivirus; Sprivivirus esox; Tench rhabdovirus,no
Grass carp rhabdovirus V76,NC_025376.1,Rhabdovirus,NC_025376.1,"Grass carp rhabdovirus V76, complete genome",grass carp rhabdovirus,2847096,2847096,Rhabdoviridae,Rhabdoviridae,current_family_from_ictv_lineage_name,Viruses; Riboviria; Orthornavirae; Negarnaviricota; Haploviricotina; Monjiviricetes; Mononegavirales; Rhabdoviridae; Alpharhabdovirinae; Sprivivirus; Sprivivirus esox; grass carp rhabdovirus,no
Hybrid snakehead virus,KP876483.1,Rhabdovirus,KP876483.1,"Hybrid snakehead virus, complete genome",Hybrid snakehead virus,1316453,1316453,Rhabdoviridae,Rhabdoviridae,current_family_from_ictv_lineage_name,Viruses; Riboviria; Orthornavirae; Negarnaviricota; Haploviricotina; Monjiviricetes; Mononegavirales; Rhabdoviridae; Alpharhabdovirinae; Siniperhavirus; Siniperhavirus chuatsi; Siniperca chuatsi rhabdovirus; Hybrid snakehead virus,no
Sunguru virus,NC_025401.1,Rhabdovirus,NC_025401.1,"Sunguru virus isolate Ug#41, complete genome",Sunguru virus,1491491,1491491,Rhabdoviridae,Rhabdoviridae,current_family_from_ictv_lineage_name,Viruses; Riboviria; Orthornavirae; Negarnaviricota; Haploviricotina; Monjiviricetes; Mononegavirales; Rhabdoviridae; Alpharhabdovirinae; Sunrhavirus; Sunrhavirus sunguru; Sunguru virus,no
Drosophila obscura sigmavirus,NC_022580.1,Rhabdovirus,NC_022580.1,"Drosophila obscura sigma virus 10A, complete genome",Drosophila obscura sigmavirus 10A,666962,666962,Rhabdoviridae,Rhabdoviridae,current_family_from_ictv_lineage_name,Viruses; Riboviria; Orthornavirae; Negarnaviricota; Haploviricotina; Monjiviricetes; Mononegavirales; Rhabdoviridae; Alpharhabdovirinae; Sigmavirus; Sigmavirus obscura; Drosophila obscura sigmavirus; Drosophila obscura sigmavirus 10A,no
Drosophila melanogaster sigmavirus,NC_013135.1,Rhabdovirus,NC_013135.1,"Drosophila melanogaster sigma virus AP30 N, P, X, M, G and L genes, genomic RNA, isolate AP30",Drosophila melanogaster sigmavirus AP30,666363,666363,Rhabdoviridae,Rhabdoviridae,current_family_from_ictv_lineage_name,Viruses; Riboviria; Orthornavirae; Negarnaviricota; Haploviricotina; Monjiviricetes; Mononegavirales; Rhabdoviridae; Alpharhabdovirinae; Sigmavirus; Sigmavirus melanogaster; Drosophila melanogaster sigmavirus; Drosophila melanogaster sigmavirus AP30,no
Spodoptera frugiperda rhabdovirus,NC_025382.1,Rhabdovirus,NC_025382.1,"Spodoptera frugiperda rhabdovirus isolate Sf, complete genome",Spodoptera frugiperda rhabdovirus,1481139,1481139,Rhabdoviridae,Rhabdoviridae,current_family_from_ictv_lineage_name,Viruses; Riboviria; Orthornavirae; Negarnaviricota; Haploviricotina; Monjiviricetes; Mononegavirales; Rhabdoviridae; Deltarhabdovirinae; Betapaprhavirus; Betapaprhavirus frugiperda; Spodoptera frugiperda rhabdovirus,no
Culex tritaeniorhynchus rhabdovirus,NC_025384.1,Rhabdovirus,NC_025384.1,"Culex tritaeniorhynchus rhabdovirus RNA, complete genome, strain: TY",Culex tritaeniorhynchus rhabdovirus,936308,936308,Rhabdoviridae,Rhabdoviridae,current_family_from_ictv_lineage_name,Viruses; Riboviria; Orthornavirae; Negarnaviricota; Haploviricotina; Monjiviricetes; Mononegavirales; Rhabdoviridae; Alpharhabdovirinae; Merhavirus; Merhavirus tritaeniorhynchus; Culex tritaeniorhynchus rhabdovirus,no
Ngaingan virus,NC_013955.1,Rhabdovirus,NC_013955.1,"Ngaingan virus, complete genome",Hapavirus ngaingan,1972623,1972623,Rhabdoviridae,Rhabdoviridae,current_family_from_ictv_lineage_name,Viruses; Riboviria; Orthornavirae; Negarnaviricota; Haploviricotina; Monjiviricetes; Mononegavirales; Rhabdoviridae; Alpharhabdovirinae; Hapavirus; Hapavirus ngaingan,no
Farmington virus,NC_025253.1,Rhabdovirus,NC_025253.1,"Farmington virus strain CT 114, complete genome",Farmington virus,1027468,1027468,Peribunyaviridae,Peribunyaviridae,current_family_from_ictv_lineage_name,Viruses; Riboviria; Orthornavirae; Negarnaviricota; Polyploviricotina; Bunyaviricetes; Elliovirales; Peribunyaviridae; Orthobunyavirus; Orthobunyavirus indianense; Farmington virus,no
Bas-Congo virus,JX297815.1,Rhabdovirus,JX297815.1,"Bas-Congo virus isolate BASV-1 N protein gene, partial cds; P protein, M protein, U1 protein, U2 protein, G protein, and U3 protein genes, complete cds; and L protein gene, partial cds",Tibrovirus congo,1987017,1987017,Rhabdoviridae,Rhabdoviridae,current_family_from_ictv_lineage_name,Viruses; Riboviria; Orthornavirae; Negarnaviricota; Haploviricotina; Monjiviricetes; Mononegavirales; Rhabdoviridae; Alpharhabdovirinae; Tibrovirus; Tibrovirus congo,no
Kotonkan virus,NC_017714.1,Rhabdovirus,NC_017714.1,"Kotonkan virus, complete genome",Kotonkan virus,318836,318836,Rhabdoviridae,Rhabdoviridae,current_family_from_ictv_lineage_name,Viruses; Riboviria; Orthornavirae; Negarnaviricota; Haploviricotina; Monjiviricetes; Mononegavirales; Rhabdoviridae; Alpharhabdovirinae; Ephemerovirus; Ephemerovirus kotonkan; Kotonkan virus,no
Wongabel virus,NC_011639.1,Rhabdovirus,NC_011639.1,"Wongabel virus, complete genome",Hapavirus wongabel,1972626,1972626,Rhabdoviridae,Rhabdoviridae,current_family_from_ictv_lineage_name,Viruses; Riboviria; Orthornavirae; Negarnaviricota; Haploviricotina; Monjiviricetes; Mononegavirales; Rhabdoviridae; Alpharhabdovirinae; Hapavirus; Hapavirus wongabel,no
Curionopolis virus,NC_025354.1,Rhabdovirus,NC_025354.1,"Curionopolis virus isolate BE AR 440009, complete genome",Curionopolis virus,490110,490110,Rhabdoviridae,Rhabdoviridae,current_family_from_ictv_lineage_name,Viruses; Riboviria; Orthornavirae; Negarnaviricota; Haploviricotina; Monjiviricetes; Mononegavirales; Rhabdoviridae; Alpharhabdovirinae; Curiovirus; Curiovirus curionopolis; Curionopolis virus,no
Perinet virus,NC_025394.1,Rhabdovirus,NC_025394.1,"Perinet virus, complete genome",Vesiculovirus perinet,1972569,1972569,Rhabdoviridae,Rhabdoviridae,current_family_from_ictv_lineage_name,Viruses; Riboviria; Orthornavirae; Negarnaviricota; Haploviricotina; Monjiviricetes; Mononegavirales; Rhabdoviridae; Alpharhabdovirinae; Vesiculovirus; Vesiculovirus perinet,no
Oak-Vale virus,NC_025399.1,Rhabdovirus,NC_025399.1,"Oak-Vale virus strain CSIRO 1342, complete genome",Oak-Vale virus,318852,318852,Rhabdoviridae,Rhabdoviridae,current_family_from_ictv_lineage_name,Viruses; Riboviria; Orthornavirae; Negarnaviricota; Haploviricotina; Monjiviricetes; Mononegavirales; Rhabdoviridae; Alpharhabdovirinae; Sunrhavirus; Sunrhavirus oakvale; Oak-Vale virus,no
Obodhiang virus,NC_017685.1,Rhabdovirus,NC_017685.1,"Obodhiang virus, complete genome",Obodhiang virus,380160,380160,Rhabdoviridae,Rhabdoviridae,current_family_from_ictv_lineage_name,Viruses; Riboviria; Orthornavirae; Negarnaviricota; Haploviricotina; Monjiviricetes; Mononegavirales; Rhabdoviridae; Alpharhabdovirinae; Ephemerovirus; Ephemerovirus obodhiang; Obodhiang virus,no
Moussa virus,NC_025359.1,Rhabdovirus,NC_025359.1,"Moussa virus isolate C23, complete genome",Moussa virus,698672,698672,Rhabdoviridae,Rhabdoviridae,current_family_from_ictv_lineage_name,Viruses; Riboviria; Orthornavirae; Negarnaviricota; Haploviricotina; Monjiviricetes; Mononegavirales; Rhabdoviridae; Alpharhabdovirinae; Mousrhavirus; Mousrhavirus moussa; Moussa virus,no
Jurona virus,NC_025392.1,Rhabdovirus,NC_025392.1,"Jurona virus, complete genome",Jurona vesiculovirus,1972568,1972568,Rhabdoviridae,Rhabdoviridae,current_family_from_ictv_lineage_name,Viruses; Riboviria; Orthornavirae; Negarnaviricota; Haploviricotina; Monjiviricetes; Mononegavirales; Rhabdoviridae; Alpharhabdovirinae; Vesiculovirus; Vesiculovirus jurona,no
Malpais Spring virus,NC_025364.1,Rhabdovirus,NC_025364.1,"Malpais Spring virus strain 85-488NM, complete genome",Vesiculovirus malpais,1972570,1972570,Rhabdoviridae,Rhabdoviridae,current_family_from_ictv_lineage_name,Viruses; Riboviria; Orthornavirae; Negarnaviricota; Haploviricotina; Monjiviricetes; Mononegavirales; Rhabdoviridae; Alpharhabdovirinae; Vesiculovirus; Vesiculovirus malpais,no
Malakal virus,NC_025400.1,Rhabdovirus,NC_025400.1,"Malakal virus isolate SudAr 1169-64, complete genome",Malakal virus,1229186,1229186,Rhabdoviridae,Rhabdoviridae,current_family_from_ictv_lineage_name,Viruses; Riboviria; Orthornavirae; Negarnaviricota; Haploviricotina; Monjiviricetes; Mononegavirales; Rhabdoviridae; Alpharhabdovirinae; Ephemerovirus; Ephemerovirus kimberley; Malakal virus,no
Xiburema virus,NC_025362.1,Rhabdovirus,NC_025362.1,"Xiburema virus isolate XIBV/BE AR 362159, complete genome",Xiburema virus,1272959,1272959,Rhabdoviridae,Rhabdoviridae,current_family_from_ictv_lineage_name,Viruses; Riboviria; Orthornavirae; Negarnaviricota; Haploviricotina; Monjiviricetes; Mononegavirales; Rhabdoviridae; Alpharhabdovirinae; Arurhavirus; Arurhavirus xiburema; Xiburema virus,no
Arboretum virus,NC_025393.1,Rhabdovirus,NC_025393.1,"Arboretum virus isolate Lo-121, complete genome",Almendravirus arboretum,1972683,1972683,Rhabdoviridae,Rhabdoviridae,current_family_from_ictv_lineage_name,Viruses; Riboviria; Orthornavirae; Negarnaviricota; Haploviricotina; Monjiviricetes; Mononegavirales; Rhabdoviridae; Alpharhabdovirinae; Almendravirus; Almendravirus arboretum,no
Puerto Almendras virus,NC_025395.1,Rhabdovirus,NC_025395.1,"Puerto Almendras virus isolate LO-39, complete genome",Puerto Almendras virus,1479613,1479613,Rhabdoviridae,Rhabdoviridae,current_family_from_ictv_lineage_name,Viruses; Riboviria; Orthornavirae; Negarnaviricota; Haploviricotina; Monjiviricetes; Mononegavirales; Rhabdoviridae; Alpharhabdovirinae; Almendravirus; Almendravirus almendras; Puerto Almendras virus,no
Chandipura virus,NC_020805.1,Rhabdovirus,NC_020805.1,"Chandipura virus isolate CIN 0451, complete genome",Chandipura virus,11272,11272,Rhabdoviridae,Rhabdoviridae,current_family_from_ictv_lineage_name,Viruses; Riboviria; Orthornavirae; Negarnaviricota; Haploviricotina; Monjiviricetes; Mononegavirales; Rhabdoviridae; Alpharhabdovirinae; Vesiculovirus; Vesiculovirus chandipura; Chandipura virus,no
Maraba virus,NC_025255.1,Rhabdovirus,NC_025255.1,"Maraba virus from Brazil, complete genome",Maraba virus,1046251,1046251,Rhabdoviridae,Rhabdoviridae,current_family_from_ictv_lineage_name,Viruses; Riboviria; Orthornavirae; Negarnaviricota; Haploviricotina; Monjiviricetes; Mononegavirales; Rhabdoviridae; Alpharhabdovirinae; Vesiculovirus; Vesiculovirus maraba; Maraba virus,no
Yug Bogdanovac virus,NC_025378.1,Rhabdovirus,NC_025378.1,"Yug Bogdanovac virus, complete genome",Vesiculovirus bogdanovac,1972567,1972567,Rhabdoviridae,Rhabdoviridae,current_family_from_ictv_lineage_name,Viruses; Riboviria; Orthornavirae; Negarnaviricota; Haploviricotina; Monjiviricetes; Mononegavirales; Rhabdoviridae; Alpharhabdovirinae; Vesiculovirus; Vesiculovirus bogdanovac,no
Niakha virus,NC_025405.1,Rhabdovirus,NC_025405.1,"Niakha virus isolate DakArD 88909, complete genome",Niakha virus,1348439,1348439,Rhabdoviridae,Rhabdoviridae,current_family_from_ictv_lineage_name,Viruses; Riboviria; Orthornavirae; Negarnaviricota; Haploviricotina; Monjiviricetes; Mononegavirales; Rhabdoviridae; Alpharhabdovirinae; Sripuvirus; Sripuvirus niakha; Niakha virus,no
Kolente virus,NC_025342.1,Rhabdovirus,NC_025342.1,"Kolente virus isolate DakAr K7292, complete genome",Kolente virus,1428456,1428456,Rhabdoviridae,Rhabdoviridae,current_family_from_ictv_lineage_name,Viruses; Riboviria; Orthornavirae; Negarnaviricota; Haploviricotina; Monjiviricetes; Mononegavirales; Rhabdoviridae; Alpharhabdovirinae; Ledantevirus; Ledantevirus kolente; Kolente virus,no
Long Island tick rhabdovirus,NC_025340.1,Rhabdovirus,NC_025340.1,"Long Island tick rhabdovirus strain LS1, complete genome",Long Island tick rhabdovirus,1459044,1459044,Rhabdoviridae,Rhabdoviridae,current_family_from_ictv_lineage_name,Viruses; Riboviria; Orthornavirae; Negarnaviricota; Haploviricotina; Monjiviricetes; Mononegavirales; Rhabdoviridae; Alpharhabdovirinae; Sawgrhavirus; Sawgrhavirus longisland; Long Island tick rhabdovirus,no
Mokola virus,NC_006429.1,Rhabdovirus,NC_006429.1,"Mokola virus, complete genome",Lyssavirus mokola,12538,12538,Rhabdoviridae,Rhabdoviridae,current_family_from_ictv_lineage_name,Viruses; Riboviria; Orthornavirae; Negarnaviricota; Haploviricotina; Monjiviricetes; Mononegavirales; Rhabdoviridae; Alpharhabdovirinae; Lyssavirus; Lyssavirus mokola,no
Ikoma lyssavirus,NC_018629.1,Rhabdovirus,NC_018629.1,"Ikoma lyssavirus, complete genome",Ikoma lyssavirus,1167696,1167696,Rhabdoviridae,Rhabdoviridae,current_family_from_ictv_lineage_name,Viruses; Riboviria; Orthornavirae; Negarnaviricota; Haploviricotina; Monjiviricetes; Mononegavirales; Rhabdoviridae; Alpharhabdovirinae; Lyssavirus; Lyssavirus ikoma; Ikoma lyssavirus,no
Sonchus yellow net virus,NC_001615.3,Rhabdovirus,NC_001615.3,Sonchus yellow net virus complete genome,Sonchus yellow net nucleorhabdovirus,11307,11307,Rhabdoviridae,Rhabdoviridae,current_family_from_ictv_lineage_name,Viruses; Riboviria; Orthornavirae; Negarnaviricota; Haploviricotina; Monjiviricetes; Mononegavirales; Rhabdoviridae; Betarhabdovirinae; Betanucleorhabdovirus; Betanucleorhabdovirus retesonchi; Sonchus yellow net nucleorhabdovirus,no
Lettuce necrotic yellows virus,NC_007642.1,Rhabdovirus,NC_007642.1,"Lettuce necrotic yellows virus, complete genome",Lettuce necrotic yellows virus,32612,32612,Rhabdoviridae,Rhabdoviridae,current_family_from_ictv_lineage_name,Viruses; Riboviria; Orthornavirae; Negarnaviricota; Haploviricotina; Monjiviricetes; Mononegavirales; Rhabdoviridae; Betarhabdovirinae; Alphacytorhabdovirus; Alphacytorhabdovirus lactucanecante; Cytorhabdovirus lactucanecante; Lettuce necrotic yellows virus,no
Rice yellow stunt virus,NC_003746.1,Rhabdovirus,NC_003746.1,"Rice yellow stunt virus, complete genome",rice transitory yellowing virus,59380,59380,Rhabdoviridae,Rhabdoviridae,current_family_from_ictv_lineage_name,Viruses; Riboviria; Orthornavirae; Negarnaviricota; Haploviricotina; Monjiviricetes; Mononegavirales; Rhabdoviridae; Betarhabdovirinae; Alphanucleorhabdovirus; Alphanucleorhabdovirus oryzae; rice transitory yellowing virus,no
Potato yellow dwarf virus,NC_016136.1,Rhabdovirus,NC_016136.1,"Potato yellow dwarf virus, complete genome",Potato yellow dwarf virus,195060,195060,Rhabdoviridae,Rhabdoviridae,current_family_from_ictv_lineage_name,Viruses; Riboviria; Orthornavirae; Negarnaviricota; Haploviricotina; Monjiviricetes; Mononegavirales; Rhabdoviridae; Betarhabdovirinae; Alphanucleorhabdovirus; Alphanucleorhabdovirus tuberosum; Potato yellow dwarf virus,no
Maize fine streak virus,NC_005974.1,Rhabdovirus,NC_005974.1,"Maize fine streak virus, complete genome",Maize fine streak virus,209854,209854,Rhabdoviridae,Rhabdoviridae,current_family_from_ictv_lineage_name,Viruses; Riboviria; Orthornavirae; Negarnaviricota; Haploviricotina; Monjiviricetes; Mononegavirales; Rhabdoviridae; Betarhabdovirinae; Gammanucleorhabdovirus; Gammanucleorhabdovirus maydis; Maize fine streak virus,no
Eggplant mottled dwarf virus,NC_025389.1,Rhabdovirus,NC_025389.1,"Eggplant mottled dwarf virus isolate Agapanthus, complete genome",Eggplant mottled dwarf virus,488317,488317,Rhabdoviridae,Rhabdoviridae,current_family_from_ictv_lineage_name,Viruses; Riboviria; Orthornavirae; Negarnaviricota; Haploviricotina; Monjiviricetes; Mononegavirales; Rhabdoviridae; Betarhabdovirinae; Alphanucleorhabdovirus; Alphanucleorhabdovirus melongenae; Eggplant mottled dwarf virus,no
Northern cereal mosaic virus,NC_002251.1,Rhabdovirus,NC_002251.1,"Northern cereal mosaic virus, complete genome",Cytorhabdovirus gramineae,1985704,1985704,Rhabdoviridae,Rhabdoviridae,current_family_from_ictv_lineage_name,Viruses; Riboviria; Orthornavirae; Negarnaviricota; Haploviricotina; Monjiviricetes; Mononegavirales; Rhabdoviridae; Betarhabdovirinae; Betacytorhabdovirus; Betacytorhabdovirus graminae; Cytorhabdovirus gramineae,no
Maize mosaic virus,NC_005975.1,Rhabdovirus,NC_005975.1,"Maize mosaic virus, complete genome",Maize mosaic nucleorhabdovirus,279896,279896,Rhabdoviridae,Rhabdoviridae,current_family_from_ictv_lineage_name,Viruses; Riboviria; Orthornavirae; Negarnaviricota; Haploviricotina; Monjiviricetes; Mononegavirales; Rhabdoviridae; Betarhabdovirinae; Alphanucleorhabdovirus; Alphanucleorhabdovirus maydis; Maize mosaic nucleorhabdovirus,no
Maize Iranian mosaic virus,NC_011542.1,Rhabdovirus,NC_011542.1,"Iranian maize mosaic nucleorhabdovirus, complete genome",Maize Iranian mosaic nucleorhabdovirus,348823,348823,Rhabdoviridae,Rhabdoviridae,current_family_from_ictv_lineage_name,Viruses; Riboviria; Orthornavirae; Negarnaviricota; Haploviricotina; Monjiviricetes; Mononegavirales; Rhabdoviridae; Betarhabdovirinae; Alphanucleorhabdovirus; Alphanucleorhabdovirus zeairanense; maize Iranian mosaic virus,no
Taro vein chlorosis virus,NC_006942.1,Rhabdovirus,NC_006942.1,"Taro vein chlorosis virus, complete genome",Taro vein chlorosis virus,2908018,2908018,Rhabdoviridae,Rhabdoviridae,current_family_from_ictv_lineage_name,Viruses; Riboviria; Orthornavirae; Negarnaviricota; Haploviricotina; Monjiviricetes; Mononegavirales; Rhabdoviridae; Betarhabdovirinae; Alphanucleorhabdovirus; Alphanucleorhabdovirus colocasiae; Taro vein chlorosis virus,no
Lettuce yellow mottle virus,NC_011532.1,Rhabdovirus,NC_011532.1,"Lettuce yellow mottle virus, complete genome",Lettuce yellow mottle virus,471285,471285,Rhabdoviridae,Rhabdoviridae,current_family_from_ictv_lineage_name,Viruses; Riboviria; Orthornavirae; Negarnaviricota; Haploviricotina; Monjiviricetes; Mononegavirales; Rhabdoviridae; Betarhabdovirinae; Alphacytorhabdovirus; Alphacytorhabdovirus lactumaculante; Cytorhabdovirus lactucamaculante; Lettuce yellow mottle virus,no
Persimmon virus A,NC_018381.2,Rhabdovirus,NC_018381.2,"Persimmon virus A viral cRNA, complete genome, clone: Kaki13-14",Persimmon virus A,1211480,1211480,Rhabdoviridae,Rhabdoviridae,current_family_from_ictv_lineage_name,Viruses; Riboviria; Orthornavirae; Negarnaviricota; Haploviricotina; Monjiviricetes; Mononegavirales; Rhabdoviridae; Betarhabdovirinae; Alphacytorhabdovirus; Alphacytorhabdovirus persimmon; Cytorhabdovirus persimmon; Persimmon virus A,no
Almpiwar virus,NC_025391.1,Rhabdovirus,NC_025391.1,"Almpiwar virus isolate MRM4059, complete genome",Almpiwar virus,318843,318843,Rhabdoviridae,Rhabdoviridae,current_family_from_ictv_lineage_name,Viruses; Riboviria; Orthornavirae; Negarnaviricota; Haploviricotina; Monjiviricetes; Mononegavirales; Rhabdoviridae; Alpharhabdovirinae; Sripuvirus; Sripuvirus almpiwar; Almpiwar virus,no
Isfahan virus,NC_020806.1,Rhabdovirus,NC_020806.1,"Isfahan virus N gene, P gene, M gene, G gene and L gene, genomic RNA",Isfahan virus,290008,290008,Rhabdoviridae,Rhabdoviridae,current_family_from_ictv_lineage_name,Viruses; Riboviria; Orthornavirae; Negarnaviricota; Haploviricotina; Monjiviricetes; Mononegavirales; Rhabdoviridae; Alpharhabdovirinae; Vesiculovirus; Vesiculovirus isfahan; Isfahan virus,no
Tupaia virus,NC_007020.1,Rhabdovirus,NC_007020.1,"Tupaia virus, complete genome",Tupaia virus,318558,318558,Rhabdoviridae,Rhabdoviridae,current_family_from_ictv_lineage_name,Viruses; Riboviria; Orthornavirae; Negarnaviricota; Haploviricotina; Monjiviricetes; Mononegavirales; Rhabdoviridae; Alpharhabdovirinae; Tupavirus; Tupavirus tupaia; Tupaia virus,no
Sagiyama virus,AB032553.1,Togavirus,AB032553.1,"Sagiyama virus genomic RNA, complete genome",Sagiyama virus,59303,59303,Togaviridae,Togaviridae,current_family_from_ictv_lineage_name,Viruses; Riboviria; Orthornavirae; Kitrinoviricota; Alsuviricetes; Martellivirales; Togaviridae; Alphavirus; Alphavirus getah; Getah virus; Sagiyama virus,no
Southern elephant seal virus,NC_016960.1,Togavirus,NC_016960.1,"Southern elephant seal virus, complete genome",Southern elephant seal virus,1159195,1159195,Togaviridae,Togaviridae,current_family_from_ictv_lineage_name,Viruses; Riboviria; Orthornavirae; Kitrinoviricota; Alsuviricetes; Martellivirales; Togaviridae; Alphavirus; Alphavirus seal; Southern elephant seal virus,no
Ross River virus,GQ433354.1,Togavirus,GQ433354.1,"Ross River virus strain QML 1, complete genome",Ross River virus,11029,11029,Togaviridae,Togaviridae,current_family_from_ictv_lineage_name,Viruses; Riboviria; Orthornavirae; Kitrinoviricota; Alsuviricetes; Martellivirales; Togaviridae; Alphavirus; Alphavirus rossriver; Ross River virus,no
Salmon pancreas disease virus,NC_003930.1,Togavirus,NC_003930.1,"Salmon pancreas disease virus, complete genome",Salmon pancreas disease virus,84589,84589,Togaviridae,Togaviridae,current_family_from_ictv_lineage_name,Viruses; Riboviria; Orthornavirae; Kitrinoviricota; Alsuviricetes; Martellivirales; Togaviridae; Alphavirus; Alphavirus salmon; Salmon pancreas disease virus,no
Eilat virus,NC_018615.1,Togavirus,NC_018615.1,"Eilat virus isolate EO329, complete genome",Eilat virus,1231903,1231903,Togaviridae,Togaviridae,current_family_from_ictv_lineage_name,Viruses; Riboviria; Orthornavirae; Kitrinoviricota; Alsuviricetes; Martellivirales; Togaviridae; Alphavirus; Alphavirus eilat; Eilat virus,no
Babanki virus,HM147984.1,Togavirus,HM147984.1,"Babanki virus, complete genome",Babanki virus,48540,48540,Togaviridae,Togaviridae,current_family_from_ictv_lineage_name,Viruses; Riboviria; Orthornavirae; Kitrinoviricota; Alsuviricetes; Martellivirales; Togaviridae; Alphavirus; Alphavirus sindbis; Sindbis virus; Babanki virus,no
Eastern equine encephalitis virus,NC_003899.1,Togavirus,NC_003899.1,"Eastern equine encephalitis virus, complete genome",Eastern equine encephalitis virus,11021,11021,Togaviridae,Togaviridae,current_family_from_ictv_lineage_name,Viruses; Riboviria; Orthornavirae; Kitrinoviricota; Alsuviricetes; Martellivirales; Togaviridae; Alphavirus; Alphavirus eastern; Eastern equine encephalitis virus,no
Highlands J virus,NC_012561.1,Togavirus,NC_012561.1,"Highlands J virus, complete genome",Highlands J virus,11024,11024,Togaviridae,Togaviridae,current_family_from_ictv_lineage_name,Viruses; Riboviria; Orthornavirae; Kitrinoviricota; Alsuviricetes; Martellivirales; Togaviridae; Alphavirus; Alphavirus highlandsj; Highlands J virus,no
Madariaga virus,NC_023812.1,Togavirus,NC_023812.1,"Madariaga virus strain MADV/Cebus apella/BRA/BEAN5122/1956, complete genome",Madariaga virus,1440170,1440170,Togaviridae,Togaviridae,current_family_from_ictv_lineage_name,Viruses; Riboviria; Orthornavirae; Kitrinoviricota; Alsuviricetes; Martellivirales; Togaviridae; Alphavirus; Alphavirus madariaga; Madariaga virus,no
Ockelbo virus,M69205.1,Togavirus,M69205.1,"Ockelbo virus strain Edsbyn, complete genome",Ockelbo virus,31699,31699,Togaviridae,Togaviridae,current_family_from_ictv_lineage_name,Viruses; Riboviria; Orthornavirae; Kitrinoviricota; Alsuviricetes; Martellivirales; Togaviridae; Alphavirus; Alphavirus sindbis; Sindbis virus; Ockelbo virus,no
Semliki Forest virus,NC_003215.1,Togavirus,NC_003215.1,"Semliki forest virus, complete genome",Semliki Forest virus,11033,11033,Togaviridae,Togaviridae,current_family_from_ictv_lineage_name,Viruses; Riboviria; Orthornavirae; Kitrinoviricota; Alsuviricetes; Martellivirales; Togaviridae; Alphavirus; Alphavirus semliki; Semliki Forest virus,no
Sindbis virus,NC_001547.1,Togavirus,NC_001547.1,"Sindbis virus, complete genome",Sindbis virus,11034,11034,Togaviridae,Togaviridae,current_family_from_ictv_lineage_name,Viruses; Riboviria; Orthornavirae; Kitrinoviricota; Alsuviricetes; Martellivirales; Togaviridae; Alphavirus; Alphavirus sindbis; Sindbis virus,no
Western equine encephalitis virus,NC_003908.1,Togavirus,NC_003908.1,"Western equine encephalomyelitis virus, complete genome",Western equine encephalitis virus,11039,11039,Togaviridae,Togaviridae,current_family_from_ictv_lineage_name,Viruses; Riboviria; Orthornavirae; Kitrinoviricota; Alsuviricetes; Martellivirales; Togaviridae; Alphavirus; Alphavirus western; Western equine encephalitis virus,no
Whataroa virus,NC_016961.1,Togavirus,NC_016961.1,"Whataroa virus, complete genome",Whataroa virus,48543,48543,Togaviridae,Togaviridae,current_family_from_ictv_lineage_name,Viruses; Riboviria; Orthornavirae; Kitrinoviricota; Alsuviricetes; Martellivirales; Togaviridae; Alphavirus; Alphavirus whataroa; Whataroa virus,no
Buggy Creek virus,HM147986.1,Togavirus,HM147986.1,"Buggy Creek virus, complete genome",Buggy Creek virus,48541,48541,Togaviridae,Togaviridae,current_family_from_ictv_lineage_name,Viruses; Riboviria; Orthornavirae; Kitrinoviricota; Alsuviricetes; Martellivirales; Togaviridae; Alphavirus; Alphavirus fortmorgan; Fort Morgan virus; Buggy Creek virus,no
Fort Morgan virus,NC_013528.1,Togavirus,NC_013528.1,"Fort Morgan virus, complete genome",Fort Morgan virus,48544,48544,Togaviridae,Togaviridae,current_family_from_ictv_lineage_name,Viruses; Riboviria; Orthornavirae; Kitrinoviricota; Alsuviricetes; Martellivirales; Togaviridae; Alphavirus; Alphavirus fortmorgan; Fort Morgan virus,no
Aura virus,NC_003900.1,Togavirus,NC_003900.1,"Aura virus, complete genome",Aura virus,44158,44158,Togaviridae,Togaviridae,current_family_from_ictv_lineage_name,Viruses; Riboviria; Orthornavirae; Kitrinoviricota; Alsuviricetes; Martellivirales; Togaviridae; Alphavirus; Alphavirus aura; Aura virus,no
Barmah Forest virus,NC_001786.1,Togavirus,NC_001786.1,"Barmah Forest virus, complete genome",Barmah Forest virus,11020,11020,Togaviridae,Togaviridae,current_family_from_ictv_lineage_name,Viruses; Riboviria; Orthornavirae; Kitrinoviricota; Alsuviricetes; Martellivirales; Togaviridae; Alphavirus; Alphavirus barmah; Barmah Forest virus,no
Bebaru virus,NC_016962.1,Togavirus,NC_016962.1,"Bebaru virus, complete genome",Bebaru virus,59305,59305,Togaviridae,Togaviridae,current_family_from_ictv_lineage_name,Viruses; Riboviria; Orthornavirae; Kitrinoviricota; Alsuviricetes; Martellivirales; Togaviridae; Alphavirus; Alphavirus bebaru; Bebaru virus,no
Getah virus,NC_006558.1,Togavirus,NC_006558.1,"Getah virus, complete genome",Getah virus,59300,59300,Togaviridae,Togaviridae,current_family_from_ictv_lineage_name,Viruses; Riboviria; Orthornavirae; Kitrinoviricota; Alsuviricetes; Martellivirales; Togaviridae; Alphavirus; Alphavirus getah; Getah virus,no
Kyzylagach virus,KF981618.1,Togavirus,KF981618.1,"Kyzylagach virus strain LEIV-65A, complete genome",Kyzylagach virus,48542,48542,Togaviridae,Togaviridae,current_family_from_ictv_lineage_name,Viruses; Riboviria; Orthornavirae; Kitrinoviricota; Alsuviricetes; Martellivirales; Togaviridae; Alphavirus; Alphavirus sindbis; Sindbis virus; Kyzylagach virus,no
Mayaro virus,NC_003417.1,Togavirus,NC_003417.1,"Mayaro virus, complete genome",Mayaro virus,59301,59301,Togaviridae,Togaviridae,current_family_from_ictv_lineage_name,Viruses; Riboviria; Orthornavirae; Kitrinoviricota; Alsuviricetes; Martellivirales; Togaviridae; Alphavirus; Alphavirus mayaro; Mayaro virus,no
Middelburg virus,NC_024887.1,Togavirus,NC_024887.1,"Middelburg virus isolate ArB-8422, complete genome",Middelburg virus,11023,11023,Togaviridae,Togaviridae,current_family_from_ictv_lineage_name,Viruses; Riboviria; Orthornavirae; Kitrinoviricota; Alsuviricetes; Martellivirales; Togaviridae; Alphavirus; Alphavirus middelburg; Middelburg virus,no
Ndumu virus,NC_016959.1,Togavirus,NC_016959.1,"Ndumu virus, complete genome",Ndumu virus,59302,59302,Togaviridae,Togaviridae,current_family_from_ictv_lineage_name,Viruses; Riboviria; Orthornavirae; Kitrinoviricota; Alsuviricetes; Martellivirales; Togaviridae; Alphavirus; Alphavirus ndumu; Ndumu virus,no
O'nyong-nyong virus,NC_001512.1,Togavirus,NC_001512.1,"O'nyong-nyong virus, complete genome",Onyong-nyong virus,2169701,2169701,Togaviridae,Togaviridae,current_family_from_ictv_lineage_name,Viruses; Riboviria; Orthornavirae; Kitrinoviricota; Alsuviricetes; Martellivirales; Togaviridae; Alphavirus; Alphavirus onyong; Onyong-nyong virus,no
Rubella virus,NC_001545.2,Togavirus,NC_001545.2,"Rubella virus, complete genome",Rubella virus,11041,11041,Matonaviridae,Matonaviridae,current_family_from_ictv_lineage_name,Viruses; Riboviria; Orthornavirae; Kitrinoviricota; Alsuviricetes; Hepelivirales; Matonaviridae; Rubivirus; Rubivirus rubellae; Rubella virus,no
Chikungunya virus,NC_004162.2,Togavirus,NC_004162.2,"Chikungunya virus, complete genome",Chikungunya virus,37124,37124,Togaviridae,Togaviridae,current_family_from_ictv_lineage_name,Viruses; Riboviria; Orthornavirae; Kitrinoviricota; Alsuviricetes; Martellivirales; Togaviridae; Alphavirus; Alphavirus chikungunya; Chikungunya virus,no
Una virus,HM147992.1,Togavirus,HM147992.1,"Una virus non structural polyprotein gene, partial cds; and structural polyprotein gene, complete cds",Una virus,59304,59304,Togaviridae,Togaviridae,current_family_from_ictv_lineage_name,Viruses; Riboviria; Orthornavirae; Kitrinoviricota; Alsuviricetes; Martellivirales; Togaviridae; Alphavirus; Alphavirus una; Una virus,no
Venezuelan equine encephalitis virus,NC_001449.1,Togavirus,NC_001449.1,"Venezuelan equine encephalitis virus, complete genome",Venezuelan equine encephalitis virus,11036,11036,Togaviridae,Togaviridae,current_family_from_ictv_lineage_name,Viruses; Riboviria; Orthornavirae; Kitrinoviricota; Alsuviricetes; Martellivirales; Togaviridae; Alphavirus; Alphavirus venezuelan; Venezuelan equine encephalitis virus,no
Dromedary camel enterovirus,KP345887.1,Picornavirus,KP345887.1,"Dromedary camel enterovirus strain 19CC, complete genome",Dromedary camel enterovirus 19CC,1637527,1637527,Picornaviridae,Picornaviridae,current_family_from_ictv_lineage_name,Viruses; Riboviria; Orthornavirae; Pisuviricota; Pisoniviricetes; Picornavirales; Picornaviridae; Ensavirinae; Enterovirus; Enterovirus idromi; Enterovirus I; Dromedary camel enterovirus 19CC,no
Hepatitis E virus,KJ496143.1,Hepevirus,KJ496143.1,"Camel hepatitis E virus genotype 7a isolate 178C, complete genome",camel hepatitis E virus genotype 7a,2759769,2759769,Hepeviridae,Hepeviridae,current_family_from_ictv_lineage_name,Viruses; Riboviria; Orthornavirae; Kitrinoviricota; Alsuviricetes; Hepelivirales; Hepeviridae; Orthohepevirinae; Paslahepevirus; Paslahepevirus balayani; camel hepatitis E virus genotype 7a,no
Alpaca respiratory coronavirus,JQ410000.1,Coronavirus,JQ410000.1,"Alpaca respiratory coronavirus isolate CA08-1/2008, complete genome",Alpaca respiratory coronavirus,1176035,1176035,Coronaviridae,Coronaviridae,current_family_from_ictv_lineage_name,Viruses; Riboviria; Orthornavirae; Pisuviricota; Pisoniviricetes; Nidovirales; Cornidovirineae; Coronaviridae; Orthocoronavirinae; Alphacoronavirus; Duvinacovirus; Alphacoronavirus chicagoense; Human coronavirus 229E; Alpaca respiratory coronavirus,no
Dromedary camel coronavirus HKU23,KF906249.1,Coronavirus,KF906249.1,"Dromedary camel coronavirus HKU23 strain HKU23-265F, complete genome",Dromedary camel coronavirus HKU23,1479610,1479610,Coronaviridae,Coronaviridae,current_family_from_ictv_lineage_name,Viruses; Riboviria; Orthornavirae; Pisuviricota; Pisoniviricetes; Nidovirales; Cornidovirineae; Coronaviridae; Orthocoronavirinae; Betacoronavirus; Embecovirus; Betacoronavirus gravedinis; Betacoronavirus 1; Coronavirus HKU23; Dromedary camel coronavirus HKU23,no
Camel alphacoronavirus,KT368910.1,Coronavirus,KT368910.1,"Camel alphacoronavirus isolate camel/Jeddah/Jd6(a)/2015, complete genome",Camel alphacoronavirus,1699095,1699095,Coronaviridae,Coronaviridae,current_family_from_ictv_lineage_name,Viruses; Riboviria; Orthornavirae; Pisuviricota; Pisoniviricetes; Nidovirales; Cornidovirineae; Coronaviridae; Orthocoronavirinae; Alphacoronavirus; Duvinacovirus; Alphacoronavirus chicagoense; Human coronavirus 229E; Camel alphacoronavirus,no
Middle East respiratory syndrome coronavirus,KT368866.1,Coronavirus,KT368866.1,"Middle East respiratory syndrome coronavirus isolate camel/Jeddah/Jd175/2015, complete genome",Middle East respiratory syndrome-related coronavirus,1335626,1335626,Coronaviridae,Coronaviridae,current_family_from_ictv_lineage_name,Viruses; Riboviria; Orthornavirae; Pisuviricota; Pisoniviricetes; Nidovirales; Cornidovirineae; Coronaviridae; Orthocoronavirinae; Betacoronavirus; Merbecovirus; Betacoronavirus cameli; Middle East respiratory syndrome-related coronavirus,no
Hepatitis E virus rat,GU345042.1,Hepevirus,GU345042.1,"Hepatitis E virus rat/R63/DEU/2009, complete genome",Hepatitis E virus rat/R63/DEU/2009,879096,879096,Hepeviridae,Hepeviridae,current_family_from_ictv_lineage_name,Viruses; Riboviria; Orthornavirae; Kitrinoviricota; Alsuviricetes; Hepelivirales; Hepeviridae; Orthohepevirinae; Rocahepevirus; Rocahepevirus ratti; Hepatitis E virus rat/R63/DEU/2009,no
Ferret hepatitis E virus,JN998606.1,Hepevirus,JN998606.1,"Ferret hepatitis E virus strain FRHEV4, complete genome",Ferret hepatitis E virus,1213422,1213422,Hepeviridae,Hepeviridae,current_family_from_ictv_lineage_name,Viruses; Riboviria; Orthornavirae; Kitrinoviricota; Alsuviricetes; Hepelivirales; Hepeviridae; Orthohepevirinae; Rocahepevirus; Rocahepevirus ratti; Ferret hepatitis E virus,no
Bovine astrovirus B170/HK,NC_023632.1,Astrovirus,NC_023632.1,"Bovine astrovirus B170/HK, complete genome",Bovine astrovirus B170/HK,1027244,1027244,Astroviridae,Astroviridae,current_family_from_ictv_lineage_name,Viruses; Riboviria; Orthornavirae; Pisuviricota; Stelpaviricetes; Stellavirales; Astroviridae; Mamastrovirus; unclassified Mamastrovirus; Bovine astrovirus B170/HK,no
Bovine astrovirus B18/HK,NC_023631.1,Astrovirus,NC_023631.1,"Bovine astrovirus B18/HK, complete genome",Bovine astrovirus B18/HK,1027245,1027245,Astroviridae,Astroviridae,current_family_from_ictv_lineage_name,Viruses; Riboviria; Orthornavirae; Pisuviricota; Stelpaviricetes; Stellavirales; Astroviridae; Mamastrovirus; unclassified Mamastrovirus; Bovine astrovirus B18/HK,no
Bovine astrovirus B76/HK,NC_023629.1,Astrovirus,NC_023629.1,"Bovine astrovirus B76/HK, complete genome",Bovine astrovirus B76/HK,1027248,1027248,Astroviridae,Astroviridae,current_family_from_ictv_lineage_name,Viruses; Riboviria; Orthornavirae; Pisuviricota; Stelpaviricetes; Stellavirales; Astroviridae; Mamastrovirus; unclassified Mamastrovirus; Bovine astrovirus B76/HK,no
Bovine astrovirus CH13,NC_024498.1,Astrovirus,NC_024498.1,"Bovine astrovirus CH13, complete genome",Bovine astrovirus CH13,1522059,1522059,Astroviridae,Astroviridae,current_family_from_ictv_lineage_name,Viruses; Riboviria; Orthornavirae; Pisuviricota; Stelpaviricetes; Stellavirales; Astroviridae; Mamastrovirus; Mamastrovirus bovisencephalitidis; Bovine astrovirus CH13,no
Mamastrovirus 13,NC_002469.1,Astrovirus,NC_002469.1,"Ovine astrovirus, complete genome",Mamastrovirus 13,1239577,1239577,Astroviridae,Astroviridae,current_family_from_ictv_lineage_name,Viruses; Riboviria; Orthornavirae; Pisuviricota; Stelpaviricetes; Stellavirales; Astroviridae; Mamastrovirus; Mamastrovirus ovis; Mamastrovirus 13,no
Dromedary astrovirus,NC_027711.1,Astrovirus,NC_027711.1,"Dromedary astrovirus isolate DcAstV-274, complete genome",Dromedary astrovirus,1662272,1662272,Astroviridae,Astroviridae,current_family_from_ictv_lineage_name,Viruses; Riboviria; Orthornavirae; Pisuviricota; Stelpaviricetes; Stellavirales; Astroviridae; Mamastrovirus; unclassified Mamastrovirus; Dromedary astrovirus,no
California sea lion astrovirus 2,NC_034975.1,Astrovirus,NC_034975.1,"California sea lion astrovirus 2 RNA-dependent RNA polymerase gene, partial cds; and capsid protein gene, complete cds",California sea lion astrovirus 2,645427,645427,Astroviridae,Astroviridae,current_family_from_ictv_lineage_name,Viruses; Riboviria; Orthornavirae; Pisuviricota; Stelpaviricetes; Stellavirales; Astroviridae; Mamastrovirus; Mamastrovirus zalophi; Mamastrovirus 4; California sea lion astrovirus 2,no
Canine astrovirus,NC_026814.1,Astrovirus,NC_026814.1,"Canine astrovirus strain Gillingham/2012/UK, complete genome",Canine astrovirus,1157338,1157338,Astroviridae,Astroviridae,current_family_from_ictv_lineage_name,Viruses; Riboviria; Orthornavirae; Pisuviricota; Stelpaviricetes; Stellavirales; Astroviridae; Mamastrovirus; unclassified Mamastrovirus; Canine astrovirus,no
Feline astrovirus 2,NC_022249.1,Astrovirus,NC_022249.1,"Feline astrovirus 2 strain 1637F, complete genome",Feline astrovirus 2,1389204,1389204,Astroviridae,Astroviridae,current_family_from_ictv_lineage_name,Viruses; Riboviria; Orthornavirae; Pisuviricota; Stelpaviricetes; Stellavirales; Astroviridae; Mamastrovirus; unclassified Mamastrovirus; Feline astrovirus 2,no
Feline astrovirus D1,NC_024701.1,Astrovirus,NC_024701.1,"Feline astrovirus D1 isolate FAstV-D1, complete genome",Feline astrovirus D1,1538452,1538452,Astroviridae,Astroviridae,current_family_from_ictv_lineage_name,Viruses; Riboviria; Orthornavirae; Pisuviricota; Stelpaviricetes; Stellavirales; Astroviridae; Mamastrovirus; Mamastrovirus felis; Mamastrovirus 2; Feline astrovirus D1,no
Mamastrovirus 10,NC_004579.1,Astrovirus,NC_004579.1,"Mink astrovirus, complete genome",Mamastrovirus 10,1239574,1239574,Astroviridae,Astroviridae,current_family_from_ictv_lineage_name,Viruses; Riboviria; Orthornavirae; Pisuviricota; Stelpaviricetes; Stellavirales; Astroviridae; Mamastrovirus; Mamastrovirus mustelae; Mamastrovirus 10,no
Mamastrovirus 2,KM017742.1,Astrovirus,KM017742.1,"Mamastrovirus 2 isolate FAstV-D2, complete genome",Mamastrovirus 2,1239566,1239566,Astroviridae,Astroviridae,current_family_from_ictv_lineage_name,Viruses; Riboviria; Orthornavirae; Pisuviricota; Stelpaviricetes; Stellavirales; Astroviridae; Mamastrovirus; Mamastrovirus felis; Mamastrovirus 2,no
Avastrovirus 1,NC_002470.1,Astrovirus,NC_002470.1,"Turkey astrovirus, complete genome",Turkey astrovirus,70793,70793,Astroviridae,Astroviridae,current_family_from_ictv_lineage_name,Viruses; Riboviria; Orthornavirae; Pisuviricota; Stelpaviricetes; Stellavirales; Astroviridae; Avastrovirus; unclassified Avastrovirus; Turkey astrovirus,no
Avastrovirus 3,NC_005790.1,Astrovirus,NC_005790.1,"Turkey astrovirus 2, complete genome",Turkey astrovirus 2,246343,246343,Astroviridae,Astroviridae,current_family_from_ictv_lineage_name,Viruses; Riboviria; Orthornavirae; Pisuviricota; Stelpaviricetes; Stellavirales; Astroviridae; Avastrovirus; Avastrovirus intestini; Avastrovirus 3; Turkey astrovirus 2,no
Chicken astrovirus,NC_003790.1,Astrovirus,NC_003790.1,"Chicken astrovirus, complete genome",Chicken astrovirus,336959,336959,Astroviridae,Astroviridae,current_family_from_ictv_lineage_name,Viruses; Riboviria; Orthornavirae; Pisuviricota; Stelpaviricetes; Stellavirales; Astroviridae; Avastrovirus; unclassified Avastrovirus; Chicken astrovirus,no
Goose astrovirus,NC_034567.1,Astrovirus,NC_034567.1,"Goose astrovirus isolate FLX, complete sequence",Goose astrovirus,1349999,1349999,Astroviridae,Astroviridae,current_family_from_ictv_lineage_name,Viruses; Riboviria; Orthornavirae; Pisuviricota; Stelpaviricetes; Stellavirales; Astroviridae; Avastrovirus; unclassified Avastrovirus; Goose astrovirus,no
Rabbit astrovirus TN/2208/2010,NC_025346.1,Astrovirus,NC_025346.1,"Rabbit astrovirus TN/2208/2010, complete genome",Rabbit astrovirus TN/2208/2010,1161132,1161132,Astroviridae,Astroviridae,current_family_from_ictv_lineage_name,Viruses; Riboviria; Orthornavirae; Pisuviricota; Stelpaviricetes; Stellavirales; Astroviridae; Mamastrovirus; unclassified Mamastrovirus; Rabbit astrovirus TN/2208/2010,no
Bastrovirus-like_virus/VietNam/Bat/17819_21,NC_032426.1,Astrovirus,NC_032426.1,"Bastrovirus-like_virus/VietNam/Bat/17819_21 non-structural polyprotein and structural polyprotein genes, complete cds",Bastrovirus-like_virus/VietNam/Bat/17819_21,1906170,1906170,Astroviridae,Astroviridae,exact_current_ncbi_family,Viruses; Riboviria; Orthornavirae; Pisuviricota; Stelpaviricetes; Stellavirales; Astroviridae; unclassified Astroviridae; Bastrovirus-like_virus/VietNam/Bat/17819_21,no
Astrovirus Er/SZAL6/HUN/2011,NC_027426.1,Astrovirus,NC_027426.1,"Astrovirus Er/SZAL6/HUN/2011, complete genome",Astrovirus Er/SZAL6/HUN/2011,1671382,1671382,Astroviridae,Astroviridae,exact_current_ncbi_family,Viruses; Riboviria; Orthornavirae; Pisuviricota; Stelpaviricetes; Stellavirales; Astroviridae; unclassified Astroviridae; Astrovirus Er/SZAL6/HUN/2011,no
Bastrovirus BAS-2,NC_035471.1,Astrovirus,NC_035471.1,"Bastrovirus/VietNam/Bat/16715_78 non-structural polyprotein gene, partial cds; and structural polyprotein gene, complete cds",Bastrovirus/VietNam/Bat/16715_78,1906172,1906172,Astroviridae,Astroviridae,exact_current_ncbi_family,Viruses; Riboviria; Orthornavirae; Pisuviricota; Stelpaviricetes; Stellavirales; Astroviridae; unclassified Astroviridae; Bastrovirus BAS-2; Bastrovirus/VietNam/Bat/16715_78,no
Astrovirus MLB1,NC_011400.1,Astrovirus,NC_011400.1,"Astrovirus MLB1, complete genome",Astrovirus MLB1,568715,568715,Astroviridae,Astroviridae,current_family_from_ictv_lineage_name,Viruses; Riboviria; Orthornavirae; Pisuviricota; Stelpaviricetes; Stellavirales; Astroviridae; Mamastrovirus; Mamastrovirus melbournense; Mamastrovirus 6; Astrovirus MLB1,no
Astrovirus MLB2,NC_016155.1,Astrovirus,NC_016155.1,"Astrovirus MLB2, complete genome",Astrovirus MLB2,683172,683172,Astroviridae,Astroviridae,exact_current_ncbi_family,Viruses; Riboviria; Orthornavirae; Pisuviricota; Stelpaviricetes; Stellavirales; Astroviridae; unclassified Astroviridae; Astrovirus MLB2,no
Astrovirus MLB3,NC_019028.1,Astrovirus,NC_019028.1,"Astrovirus MLB3 isolate MLB3/human/Vellore/26564/2004, complete genome",Astrovirus MLB3,1247114,1247114,Astroviridae,Astroviridae,exact_current_ncbi_family,Viruses; Riboviria; Orthornavirae; Pisuviricota; Stelpaviricetes; Stellavirales; Astroviridae; unclassified Astroviridae; Astrovirus MLB3,no
Astrovirus VA1,NC_013060.1,Astrovirus,NC_013060.1,"Astrovirus VA1, complete genome",Astrovirus VA1,645687,645687,Astroviridae,Astroviridae,current_family_from_ictv_lineage_name,Viruses; Riboviria; Orthornavirae; Pisuviricota; Stelpaviricetes; Stellavirales; Astroviridae; Mamastrovirus; Mamastrovirus virginiaense; Mamastrovirus 9; Astrovirus VA1,no
Astrovirus VA3,NC_019026.1,Astrovirus,NC_019026.1,"Astrovirus VA3 isolate VA3/human/Vellore/28054/2005, complete genome",Astrovirus VA3,683174,683174,Astroviridae,Astroviridae,exact_current_ncbi_family,Viruses; Riboviria; Orthornavirae; Pisuviricota; Stelpaviricetes; Stellavirales; Astroviridae; unclassified Astroviridae; Astrovirus VA3,no
Astrovirus VA4,NC_019027.1,Astrovirus,NC_019027.1,"Astrovirus VA4 isolate VA4/human/Nepal/s5363, complete genome",Astrovirus VA4,1247113,1247113,Astroviridae,Astroviridae,exact_current_ncbi_family,Viruses; Riboviria; Orthornavirae; Pisuviricota; Stelpaviricetes; Stellavirales; Astroviridae; unclassified Astroviridae; Astrovirus VA4,no
Bastrovirus 7,NC_035758.1,Astrovirus,NC_035758.1,"Bastrovirus 7, complete genome",Bastrovirus 7,1803394,1803394,Astroviridae,Astroviridae,exact_current_ncbi_family,Viruses; Riboviria; Orthornavirae; Pisuviricota; Stelpaviricetes; Stellavirales; Astroviridae; unclassified Astroviridae; Bastrovirus BAS-1; Bastrovirus 7,no
Burkina Faso astrovirus,NC_024472.1,Astrovirus,NC_024472.1,"Human astrovirus BF34, complete genome",Human astrovirus BF34,1518575,1518575,Astroviridae,Astroviridae,current_family_from_ictv_lineage_name,Viruses; Riboviria; Orthornavirae; Pisuviricota; Stelpaviricetes; Stellavirales; Astroviridae; Mamastrovirus; unclassified Mamastrovirus; Burkina Faso astrovirus; Human astrovirus BF34,no
HMO Astrovirus A,NC_013443.1,Astrovirus,NC_013443.1,"HMO Astrovirus A, complete genome",HMO Astrovirus A,682382,682382,Astroviridae,Astroviridae,current_family_from_ictv_lineage_name,Viruses; Riboviria; Orthornavirae; Pisuviricota; Stelpaviricetes; Stellavirales; Astroviridae; Mamastrovirus; unclassified Mamastrovirus; HMO Astrovirus A,no
Mamastrovirus 1,L23513.1,Astrovirus,L23513.1,"Human astrovirus type 1 strain Oxford, complete genome",Human astrovirus 1,12456,12456,Astroviridae,Astroviridae,current_family_from_ictv_lineage_name,Viruses; Riboviria; Orthornavirae; Pisuviricota; Stelpaviricetes; Stellavirales; Astroviridae; Mamastrovirus; Mamastrovirus hominis; Mamastrovirus 1; Human astrovirus 1,no
Bastrovirus BAS-3,NC_032484.1,Astrovirus,NC_032484.1,"Bastrovirus/VietNam/Rat/16715_10 non-structural polyprotein and structural polyprotein genes, complete cds",Bastrovirus/VietNam/Rat/16715_10,1906175,1906175,Astroviridae,Astroviridae,exact_current_ncbi_family,Viruses; Riboviria; Orthornavirae; Pisuviricota; Stelpaviricetes; Stellavirales; Astroviridae; unclassified Astroviridae; Bastrovirus BAS-3; Bastrovirus/VietNam/Rat/16715_10,no
Mouse astrovirus M-52/USA/2008,NC_015935.1,Astrovirus,NC_015935.1,"Mouse astrovirus M-52/USA/2008, complete genome",Mouse astrovirus M-52/USA/2008,1074210,1074210,Astroviridae,Astroviridae,exact_current_ncbi_family,Viruses; Riboviria; Orthornavirae; Pisuviricota; Stelpaviricetes; Stellavirales; Astroviridae; unclassified Astroviridae; Mouse astrovirus M-52/USA/2008,no
Murine astrovirus,NC_018702.1,Astrovirus,NC_018702.1,"Murine astrovirus, complete genome",Murine astrovirus,1141625,1141625,Astroviridae,Astroviridae,exact_current_ncbi_family,Viruses; Riboviria; Orthornavirae; Pisuviricota; Stelpaviricetes; Stellavirales; Astroviridae; unclassified Astroviridae; Murine astrovirus,no
Qinghai Himalayan marmot astrovirus 1,NC_033792.1,Astrovirus,NC_033792.1,"Qinghai Himalayan marmot astrovirus 1 isolate HHMAstV1, complete genome",Qinghai Himalayan marmot astrovirus 1,1961665,1961665,Astroviridae,Astroviridae,current_family_from_ictv_lineage_name,Viruses; Riboviria; Orthornavirae; Pisuviricota; Stelpaviricetes; Stellavirales; Astroviridae; Mamastrovirus; unclassified Mamastrovirus; Qinghai Himalayan marmot astrovirus 1,no
Qinghai Himalayan marmot astrovirus 2,NC_033821.1,Astrovirus,NC_033821.1,"Qinghai Himalayan marmot astrovirus 2 isolate HHMAstV2, complete genome",Qinghai Himalayan marmot astrovirus 2,1961666,1961666,Astroviridae,Astroviridae,current_family_from_ictv_lineage_name,Viruses; Riboviria; Orthornavirae; Pisuviricota; Stelpaviricetes; Stellavirales; Astroviridae; Mamastrovirus; unclassified Mamastrovirus; Qinghai Himalayan marmot astrovirus 2,no
Bastrovirus/VietNam/Porcine/17489_85,NC_032423.1,Astrovirus,NC_032423.1,"Bastrovirus/VietNam/Porcine/17489_85 non-structural polyprotein and structural polyprotein genes, complete cds",Bastrovirus/VietNam/Porcine/17489_85,1906173,1906173,Astroviridae,Astroviridae,exact_current_ncbi_family,Viruses; Riboviria; Orthornavirae; Pisuviricota; Stelpaviricetes; Stellavirales; Astroviridae; unclassified Astroviridae; Bastrovirus/VietNam/Porcine/17489_85,no
Astrovirus wild boar/WBAstV-1/2011/HUN,NC_016896.1,Astrovirus,NC_016896.1,"Astrovirus wild boar/WBAstV-1/2011/HUN, complete genome",Astrovirus wild boar/WBAstV-1/2011/HUN,1137931,1137931,Astroviridae,Astroviridae,current_family_from_ictv_lineage_name,Viruses; Riboviria; Orthornavirae; Pisuviricota; Stelpaviricetes; Stellavirales; Astroviridae; Mamastrovirus; unclassified Mamastrovirus; Astrovirus wild boar/WBAstV-1/2011/HUN,no
Mamastrovirus 3,NC_025379.1,Astrovirus,NC_025379.1,"Mamastrovirus 3 isolate PAstV-GX1, complete genome",Mamastrovirus 3,1239567,1239567,Astroviridae,Astroviridae,current_family_from_ictv_lineage_name,Viruses; Riboviria; Orthornavirae; Pisuviricota; Stelpaviricetes; Stellavirales; Astroviridae; Mamastrovirus; Mamastrovirus suisorientalis; Mamastrovirus 3,no
Porcine astrovirus 2,NC_023674.1,Astrovirus,NC_023674.1,"Porcine astrovirus 2 strain 43/USA, complete genome",Porcine astrovirus 2,1105378,1105378,Astroviridae,Astroviridae,current_family_from_ictv_lineage_name,Viruses; Riboviria; Orthornavirae; Pisuviricota; Stelpaviricetes; Stellavirales; Astroviridae; Mamastrovirus; unclassified Mamastrovirus; Porcine astrovirus 2,no
Porcine astrovirus 3,NC_019494.1,Astrovirus,NC_019494.1,"Porcine astrovirus 3 isolate US-MO123, complete genome",Porcine astrovirus 3,1254425,1254425,Astroviridae,Astroviridae,current_family_from_ictv_lineage_name,Viruses; Riboviria; Orthornavirae; Pisuviricota; Stelpaviricetes; Stellavirales; Astroviridae; Mamastrovirus; Mamastrovirus suisencephalomyelitidis; Porcine astrovirus 3,no
Porcine astrovirus 4,NC_023675.1,Astrovirus,NC_023675.1,"Porcine astrovirus 4 strain 35/USA, complete genome",Porcine astrovirus 4,1105379,1105379,Astroviridae,Astroviridae,current_family_from_ictv_lineage_name,Viruses; Riboviria; Orthornavirae; Pisuviricota; Stelpaviricetes; Stellavirales; Astroviridae; Mamastrovirus; Mamastrovirus suisvulgaris; Porcine astrovirus 4,no
Porcine astrovirus 5,NC_023636.1,Astrovirus,NC_023636.1,"Porcine astrovirus 5 isolate AstV5-US-IA122, complete genome",Porcine astrovirus 5,1093928,1093928,Astroviridae,Astroviridae,exact_current_ncbi_family,Viruses; Riboviria; Orthornavirae; Pisuviricota; Stelpaviricetes; Stellavirales; Astroviridae; unclassified Astroviridae; Porcine astrovirus 5,no
