Tool,Lineage_ID,Source_file,Source_location,Raw_record_ID,Virus_accession,Virus_taxid,Original_virus_name,Original_taxonomic_label,Original_family_name,Current_ICTV_family,ICTV_version,Mapping_method,Mapping_confidence,Included_in_matrix,QC_status
Zoonotic rank model,SCLIN0026937,input_original/manual_downloads/ZoonoticRankModel/FinalData_Cleaned.csv,normalized from outputs/tables/zoonotic_rank_family_reconstruction_audit.csv row 103; unit=released dataset row,RAW0026937,AC_000191.1,,Bovine mastadenovirus A,Bovine mastadenovirus A,Adenoviridae,Adenoviridae,ICTV 2026 (MSL41.v1),exact_current_family_from_author_figure_table,high,1,independent_source_verified
Zoonotic rank model,SCLIN0026938,input_original/manual_downloads/ZoonoticRankModel/FinalData_Cleaned.csv,normalized from outputs/tables/zoonotic_rank_family_reconstruction_audit.csv row 104; unit=released dataset row,RAW0026938,AC_000002.1,,Bovine mastadenovirus B,Bovine mastadenovirus B,Adenoviridae,Adenoviridae,ICTV 2026 (MSL41.v1),exact_current_family_from_author_figure_table,high,1,independent_source_verified
Zoonotic rank model,SCLIN0026939,input_original/manual_downloads/ZoonoticRankModel/FinalData_Cleaned.csv,normalized from outputs/tables/zoonotic_rank_family_reconstruction_audit.csv row 105; unit=released dataset row,RAW0026939,AF027599.2,,Bovine mastadenovirus C,Bovine mastadenovirus C,Adenoviridae,Adenoviridae,ICTV 2026 (MSL41.v1),exact_current_family_from_author_figure_table,high,1,independent_source_verified
Zoonotic rank model,SCLIN0026940,input_original/manual_downloads/ZoonoticRankModel/FinalData_Cleaned.csv,normalized from outputs/tables/zoonotic_rank_family_reconstruction_audit.csv row 127; unit=released dataset row,RAW0026940,NC_001734.1,,Canine mastadenovirus A,Canine mastadenovirus A,Adenoviridae,Adenoviridae,ICTV 2026 (MSL41.v1),exact_current_family_from_author_figure_table,high,1,independent_source_verified
Zoonotic rank model,SCLIN0026941,input_original/manual_downloads/ZoonoticRankModel/FinalData_Cleaned.csv,normalized from outputs/tables/zoonotic_rank_family_reconstruction_audit.csv row 203; unit=released dataset row,RAW0026941,NC_030792.1,,Equine mastadenovirus A,Equine mastadenovirus A,Adenoviridae,Adenoviridae,ICTV 2026 (MSL41.v1),exact_current_family_from_author_figure_table,high,1,independent_source_verified
Zoonotic rank model,SCLIN0026942,input_original/manual_downloads/ZoonoticRankModel/FinalData_Cleaned.csv,normalized from outputs/tables/zoonotic_rank_family_reconstruction_audit.csv row 204; unit=released dataset row,RAW0026942,NC_027705.1,,Equine mastadenovirus B,Equine mastadenovirus B,Adenoviridae,Adenoviridae,ICTV 2026 (MSL41.v1),exact_current_family_from_author_figure_table,high,1,independent_source_verified
Zoonotic rank model,SCLIN0026943,input_original/manual_downloads/ZoonoticRankModel/FinalData_Cleaned.csv,normalized from outputs/tables/zoonotic_rank_family_reconstruction_audit.csv row 266; unit=released dataset row,RAW0026943,AC_000005.1,,Human mastadenovirus A,Human mastadenovirus A,Adenoviridae,Adenoviridae,ICTV 2026 (MSL41.v1),exact_current_family_from_author_figure_table,high,1,independent_source_verified
Zoonotic rank model,SCLIN0026944,input_original/manual_downloads/ZoonoticRankModel/FinalData_Cleaned.csv,normalized from outputs/tables/zoonotic_rank_family_reconstruction_audit.csv row 267; unit=released dataset row,RAW0026944,AC_000019.1,,Human mastadenovirus B,Human mastadenovirus B,Adenoviridae,Adenoviridae,ICTV 2026 (MSL41.v1),exact_current_family_from_author_figure_table,high,1,independent_source_verified
Zoonotic rank model,SCLIN0026945,input_original/manual_downloads/ZoonoticRankModel/FinalData_Cleaned.csv,normalized from outputs/tables/zoonotic_rank_family_reconstruction_audit.csv row 268; unit=released dataset row,RAW0026945,AC_000017.1,,Human mastadenovirus C,Human mastadenovirus C,Adenoviridae,Adenoviridae,ICTV 2026 (MSL41.v1),exact_current_family_from_author_figure_table,high,1,independent_source_verified
Zoonotic rank model,SCLIN0026946,input_original/manual_downloads/ZoonoticRankModel/FinalData_Cleaned.csv,normalized from outputs/tables/zoonotic_rank_family_reconstruction_audit.csv row 269; unit=released dataset row,RAW0026946,NC_010956.1,,Human mastadenovirus D,Human mastadenovirus D,Adenoviridae,Adenoviridae,ICTV 2026 (MSL41.v1),exact_current_family_from_author_figure_table,high,1,independent_source_verified
Zoonotic rank model,SCLIN0026947,input_original/manual_downloads/ZoonoticRankModel/FinalData_Cleaned.csv,normalized from outputs/tables/zoonotic_rank_family_reconstruction_audit.csv row 270; unit=released dataset row,RAW0026947,NC_003266.2,,Human mastadenovirus E,Human mastadenovirus E,Adenoviridae,Adenoviridae,ICTV 2026 (MSL41.v1),exact_current_family_from_author_figure_table,high,1,independent_source_verified
Zoonotic rank model,SCLIN0026948,input_original/manual_downloads/ZoonoticRankModel/FinalData_Cleaned.csv,normalized from outputs/tables/zoonotic_rank_family_reconstruction_audit.csv row 271; unit=released dataset row,RAW0026948,NC_001454.1,,Human mastadenovirus F,Human mastadenovirus F,Adenoviridae,Adenoviridae,ICTV 2026 (MSL41.v1),exact_current_family_from_author_figure_table,high,1,independent_source_verified
Zoonotic rank model,SCLIN0026949,input_original/manual_downloads/ZoonoticRankModel/FinalData_Cleaned.csv,normalized from outputs/tables/zoonotic_rank_family_reconstruction_audit.csv row 399; unit=released dataset row,RAW0026949,NC_000942.1,,Murine mastadenovirus A,Murine mastadenovirus A,Adenoviridae,Adenoviridae,ICTV 2026 (MSL41.v1),exact_current_family_from_author_figure_table,high,1,independent_source_verified
Zoonotic rank model,SCLIN0026950,input_original/manual_downloads/ZoonoticRankModel/FinalData_Cleaned.csv,normalized from outputs/tables/zoonotic_rank_family_reconstruction_audit.csv row 400; unit=released dataset row,RAW0026950,NC_014899.1,,Murine mastadenovirus B,Murine mastadenovirus B,Adenoviridae,Adenoviridae,ICTV 2026 (MSL41.v1),exact_current_family_from_author_figure_table,high,1,independent_source_verified
Zoonotic rank model,SCLIN0026951,input_original/manual_downloads/ZoonoticRankModel/FinalData_Cleaned.csv,normalized from outputs/tables/zoonotic_rank_family_reconstruction_audit.csv row 436; unit=released dataset row,RAW0026951,NC_004037.2,,Ovine atadenovirus D,Ovine atadenovirus D,Adenoviridae,Adenoviridae,ICTV 2026 (MSL41.v1),exact_current_family_from_author_figure_table,high,1,independent_source_verified
Zoonotic rank model,SCLIN0026952,input_original/manual_downloads/ZoonoticRankModel/FinalData_Cleaned.csv,normalized from outputs/tables/zoonotic_rank_family_reconstruction_audit.csv row 438; unit=released dataset row,RAW0026952,NC_002513.1,,Ovine mastadenovirus A,Ovine mastadenovirus A,Adenoviridae,Adenoviridae,ICTV 2026 (MSL41.v1),exact_current_family_from_author_figure_table,high,1,independent_source_verified
Zoonotic rank model,SCLIN0026953,input_original/manual_downloads/ZoonoticRankModel/FinalData_Cleaned.csv,normalized from outputs/tables/zoonotic_rank_family_reconstruction_audit.csv row 471; unit=released dataset row,RAW0026953,AC_000189.1,,Porcine mastadenovirus A,Porcine mastadenovirus A,Adenoviridae,Adenoviridae,ICTV 2026 (MSL41.v1),exact_current_family_from_author_figure_table,high,1,independent_source_verified
Zoonotic rank model,SCLIN0026954,input_original/manual_downloads/ZoonoticRankModel/FinalData_Cleaned.csv,normalized from outputs/tables/zoonotic_rank_family_reconstruction_audit.csv row 472; unit=released dataset row,RAW0026954,U25120.1,,Porcine mastadenovirus B,Porcine mastadenovirus B,,Adenoviridae,ICTV 2026 (MSL41.v1),unique_current_ictv_genus_token,high,1,independent_source_verified
Zoonotic rank model,SCLIN0026955,input_original/manual_downloads/ZoonoticRankModel/FinalData_Cleaned.csv,normalized from outputs/tables/zoonotic_rank_family_reconstruction_audit.csv row 473; unit=released dataset row,RAW0026955,NC_002702.1,,Porcine mastadenovirus C,Porcine mastadenovirus C,Adenoviridae,Adenoviridae,ICTV 2026 (MSL41.v1),exact_current_family_from_author_figure_table,high,1,independent_source_verified
Zoonotic rank model,SCLIN0026956,input_original/manual_downloads/ZoonoticRankModel/FinalData_Cleaned.csv,normalized from outputs/tables/zoonotic_rank_family_reconstruction_audit.csv row 584; unit=released dataset row,RAW0026956,AC_000190.1,,Tree shrew mastadenovirus A,Tree shrew mastadenovirus A,Adenoviridae,Adenoviridae,ICTV 2026 (MSL41.v1),exact_current_family_from_author_figure_table,high,1,independent_source_verified
Zoonotic rank model,SCLIN0026957,input_original/manual_downloads/ZoonoticRankModel/FinalData_Cleaned.csv,normalized from outputs/tables/zoonotic_rank_family_reconstruction_audit.csv row 97; unit=released dataset row,RAW0026957,NC_002685.2,,Bovine atadenovirus D,Bovine atadenovirus D,Adenoviridae,Adenoviridae,ICTV 2026 (MSL41.v1),exact_current_family_from_author_figure_table,high,1,independent_source_verified
Zoonotic rank model,SCLIN0026958,input_original/manual_downloads/ZoonoticRankModel/FinalData_Cleaned.csv,normalized from outputs/tables/zoonotic_rank_family_reconstruction_audit.csv row 121; unit=released dataset row,RAW0026958,NC_023762.1; NC_023761.1,,Alethinophid 2 reptarenavirus,California reptarenavirus,Arenaviridae,Arenaviridae,ICTV 2026 (MSL41.v1),exact_current_family_from_author_figure_table,high,1,independent_source_verified
Zoonotic rank model,SCLIN0026959,input_original/manual_downloads/ZoonoticRankModel/FinalData_Cleaned.csv,normalized from outputs/tables/zoonotic_rank_family_reconstruction_audit.csv row 150; unit=released dataset row,RAW0026959,NC_010563.1; NC_010562.1,,Chapare mammarenavirus,Chapare mammarenavirus,Arenaviridae,Arenaviridae,ICTV 2026 (MSL41.v1),exact_current_family_from_author_figure_table,high,1,independent_source_verified
Zoonotic rank model,SCLIN0026960,input_original/manual_downloads/ZoonoticRankModel/FinalData_Cleaned.csv,normalized from outputs/tables/zoonotic_rank_family_reconstruction_audit.csv row 15; unit=released dataset row,RAW0026960,NC_010249.1; NC_010253.1,,Allpahuayo mammarenavirus,Allpahuayo mammarenavirus,Arenaviridae,Arenaviridae,ICTV 2026 (MSL41.v1),exact_current_family_from_author_figure_table,high,1,independent_source_verified
Zoonotic rank model,SCLIN0026961,input_original/manual_downloads/ZoonoticRankModel/FinalData_Cleaned.csv,normalized from outputs/tables/zoonotic_rank_family_reconstruction_audit.csv row 162; unit=released dataset row,RAW0026961,NC_010252.1; NC_010254.1,,Cupixi mammarenavirus,Cupixi mammarenavirus,Arenaviridae,Arenaviridae,ICTV 2026 (MSL41.v1),exact_current_family_from_author_figure_table,high,1,independent_source_verified
Zoonotic rank model,SCLIN0026962,input_original/manual_downloads/ZoonoticRankModel/FinalData_Cleaned.csv,normalized from outputs/tables/zoonotic_rank_family_reconstruction_audit.csv row 222; unit=released dataset row,RAW0026962,NC_010759.1; NC_010757.1,,Flexal mammarenavirus,Flexal mammarenavirus,Arenaviridae,Arenaviridae,ICTV 2026 (MSL41.v1),exact_current_family_from_author_figure_table,high,1,independent_source_verified
Zoonotic rank model,SCLIN0026963,input_original/manual_downloads/ZoonoticRankModel/FinalData_Cleaned.csv,normalized from outputs/tables/zoonotic_rank_family_reconstruction_audit.csv row 225; unit=released dataset row,RAW0026963,NC_026247.1; NC_026246.1,,Gairo mammarenavirus,Gairo mammarenavirus,Arenaviridae,Arenaviridae,ICTV 2026 (MSL41.v1),exact_current_family_from_author_figure_table,high,1,independent_source_verified
Zoonotic rank model,SCLIN0026964,input_original/manual_downloads/ZoonoticRankModel/FinalData_Cleaned.csv,normalized from outputs/tables/zoonotic_rank_family_reconstruction_audit.csv row 235; unit=released dataset row,RAW0026964,NC_018482.1; NC_018483.1,,Alethinophid 1 reptarenavirus,Golden reptarenavirus,Arenaviridae,Arenaviridae,ICTV 2026 (MSL41.v1),exact_current_family_from_author_figure_table,high,1,independent_source_verified
Zoonotic rank model,SCLIN0026965,input_original/manual_downloads/ZoonoticRankModel/FinalData_Cleaned.csv,normalized from outputs/tables/zoonotic_rank_family_reconstruction_audit.csv row 241; unit=released dataset row,RAW0026965,NC_005082.1; NC_005077.1,,Guanarito mammarenavirus,Guanarito mammarenavirus,Arenaviridae,Arenaviridae,ICTV 2026 (MSL41.v1),exact_current_family_from_author_figure_table,high,1,independent_source_verified
Zoonotic rank model,SCLIN0026966,input_original/manual_downloads/ZoonoticRankModel/FinalData_Cleaned.csv,normalized from outputs/tables/zoonotic_rank_family_reconstruction_audit.csv row 288; unit=released dataset row,RAW0026966,NC_007906.1; NC_007905.1,,Ippy mammarenavirus,Ippy mammarenavirus,Arenaviridae,Arenaviridae,ICTV 2026 (MSL41.v1),exact_current_family_from_author_figure_table,high,1,independent_source_verified
Zoonotic rank model,SCLIN0026967,input_original/manual_downloads/ZoonoticRankModel/FinalData_Cleaned.csv,normalized from outputs/tables/zoonotic_rank_family_reconstruction_audit.csv row 295; unit=released dataset row,RAW0026967,NC_005080.1; NC_005081.1,,Junín mammarenavirus,Argentinian mammarenavirus,Arenaviridae,Arenaviridae,ICTV 2026 (MSL41.v1),exact_current_family_from_author_figure_table,high,1,independent_source_verified
Zoonotic rank model,SCLIN0026968,input_original/manual_downloads/ZoonoticRankModel/FinalData_Cleaned.csv,normalized from outputs/tables/zoonotic_rank_family_reconstruction_audit.csv row 321; unit=released dataset row,RAW0026968,NC_004297.1; NC_004296.1,,Lassa mammarenavirus,Lassa mammarenavirus,Arenaviridae,Arenaviridae,ICTV 2026 (MSL41.v1),exact_current_family_from_author_figure_table,high,1,independent_source_verified
Zoonotic rank model,SCLIN0026969,input_original/manual_downloads/ZoonoticRankModel/FinalData_Cleaned.csv,normalized from outputs/tables/zoonotic_rank_family_reconstruction_audit.csv row 322; unit=released dataset row,RAW0026969,NC_010760.1; NC_010758.1,,Latino mammarenavirus,Latino mammarenavirus,Arenaviridae,Arenaviridae,ICTV 2026 (MSL41.v1),exact_current_family_from_author_figure_table,high,1,independent_source_verified
Zoonotic rank model,SCLIN0026970,input_original/manual_downloads/ZoonoticRankModel/FinalData_Cleaned.csv,normalized from outputs/tables/zoonotic_rank_family_reconstruction_audit.csv row 328; unit=released dataset row,RAW0026970,KC669693.1; KC669698.1,,Loei River mammarenavirus,Loei River mammarenavirus,Arenaviridae,Arenaviridae,ICTV 2026 (MSL41.v1),exact_current_family_from_author_figure_table,high,1,independent_source_verified
Zoonotic rank model,SCLIN0026971,input_original/manual_downloads/ZoonoticRankModel/FinalData_Cleaned.csv,normalized from outputs/tables/zoonotic_rank_family_reconstruction_audit.csv row 32; unit=released dataset row,RAW0026971,NC_010251.1; NC_010247.1,,Amaparí mammarenavirus,Serra do Navio mammarenavirus,Arenaviridae,Arenaviridae,ICTV 2026 (MSL41.v1),exact_current_family_from_author_figure_table,high,1,independent_source_verified
Zoonotic rank model,SCLIN0026972,input_original/manual_downloads/ZoonoticRankModel/FinalData_Cleaned.csv,normalized from outputs/tables/zoonotic_rank_family_reconstruction_audit.csv row 330; unit=released dataset row,RAW0026972,NC_012777.1; NC_012776.1,,Lujo mammarenavirus,Lujo mammarenavirus,Arenaviridae,Arenaviridae,ICTV 2026 (MSL41.v1),exact_current_family_from_author_figure_table,high,1,independent_source_verified
Zoonotic rank model,SCLIN0026973,input_original/manual_downloads/ZoonoticRankModel/FinalData_Cleaned.csv,normalized from outputs/tables/zoonotic_rank_family_reconstruction_audit.csv row 332; unit=released dataset row,RAW0026973,NC_016153.1; NC_016152.1,,Luna mammarenavirus,Luna mammarenavirus,Arenaviridae,Arenaviridae,ICTV 2026 (MSL41.v1),exact_current_family_from_author_figure_table,high,1,independent_source_verified
Zoonotic rank model,SCLIN0026974,input_original/manual_downloads/ZoonoticRankModel/FinalData_Cleaned.csv,normalized from outputs/tables/zoonotic_rank_family_reconstruction_audit.csv row 333; unit=released dataset row,RAW0026974,NC_018711.1; NC_018710.1,,Lunk mammarenavirus,Lunk mammarenavirus,Arenaviridae,Arenaviridae,ICTV 2026 (MSL41.v1),exact_current_family_from_author_figure_table,high,1,independent_source_verified
Zoonotic rank model,SCLIN0026975,input_original/manual_downloads/ZoonoticRankModel/FinalData_Cleaned.csv,normalized from outputs/tables/zoonotic_rank_family_reconstruction_audit.csv row 334; unit=released dataset row,RAW0026975,NC_004291.1; NC_004294.1,,Lymphocytic choriomeningitis mammarenavirus,Lymphocytic choriomeningitis mammarenavirus,Arenaviridae,Arenaviridae,ICTV 2026 (MSL41.v1),exact_current_family_from_author_figure_table,high,1,independent_source_verified
Zoonotic rank model,SCLIN0026976,input_original/manual_downloads/ZoonoticRankModel/FinalData_Cleaned.csv,normalized from outputs/tables/zoonotic_rank_family_reconstruction_audit.csv row 341; unit=released dataset row,RAW0026976,NC_005079.1; NC_005078.1,,Machupo mammarenavirus,Machupo mammarenavirus,Arenaviridae,Arenaviridae,ICTV 2026 (MSL41.v1),exact_current_family_from_author_figure_table,high,1,independent_source_verified
Zoonotic rank model,SCLIN0026977,input_original/manual_downloads/ZoonoticRankModel/FinalData_Cleaned.csv,normalized from outputs/tables/zoonotic_rank_family_reconstruction_audit.csv row 369; unit=released dataset row,RAW0026977,NC_023763.1; NC_023764.1,,Merino Walk mammarenavirus,Merino Walk mammarenavirus,Arenaviridae,Arenaviridae,ICTV 2026 (MSL41.v1),exact_current_family_from_author_figure_table,high,1,independent_source_verified
Zoonotic rank model,SCLIN0026978,input_original/manual_downloads/ZoonoticRankModel/FinalData_Cleaned.csv,normalized from outputs/tables/zoonotic_rank_family_reconstruction_audit.csv row 376; unit=released dataset row,RAW0026978,NC_007904.1; NC_007903.1,,Mobala mammarenavirus,Mobala mammarenavirus,Arenaviridae,Arenaviridae,ICTV 2026 (MSL41.v1),exact_current_family_from_author_figure_table,high,1,independent_source_verified
Zoonotic rank model,SCLIN0026979,input_original/manual_downloads/ZoonoticRankModel/FinalData_Cleaned.csv,normalized from outputs/tables/zoonotic_rank_family_reconstruction_audit.csv row 384; unit=released dataset row,RAW0026979,NC_006574.1; NC_006575.1,,Mopeia mammarenavirus,Mopeia mammarenavirus,Arenaviridae,Arenaviridae,ICTV 2026 (MSL41.v1),exact_current_family_from_author_figure_table,high,1,independent_source_verified
Zoonotic rank model,SCLIN0026980,input_original/manual_downloads/ZoonoticRankModel/FinalData_Cleaned.csv,normalized from outputs/tables/zoonotic_rank_family_reconstruction_audit.csv row 424; unit=released dataset row,RAW0026980,NC_010250.1; NC_010248.1,,Oliveros mammarenavirus,Oliveros mammarenavirus,Arenaviridae,Arenaviridae,ICTV 2026 (MSL41.v1),exact_current_family_from_author_figure_table,high,1,independent_source_verified
Zoonotic rank model,SCLIN0026981,input_original/manual_downloads/ZoonoticRankModel/FinalData_Cleaned.csv,normalized from outputs/tables/zoonotic_rank_family_reconstruction_audit.csv row 444; unit=released dataset row,RAW0026981,NC_010761.1; NC_010756.1,,Paraná mammarenavirus,Paraguayan mammarenavirus,Arenaviridae,Arenaviridae,ICTV 2026 (MSL41.v1),exact_current_family_from_author_figure_table,high,1,independent_source_verified
Zoonotic rank model,SCLIN0026982,input_original/manual_downloads/ZoonoticRankModel/FinalData_Cleaned.csv,normalized from outputs/tables/zoonotic_rank_family_reconstruction_audit.csv row 459; unit=released dataset row,RAW0026982,NC_006439.1; NC_006447.1,,Pichindé mammarenavirus,Cali mammarenavirus,Arenaviridae,Arenaviridae,ICTV 2026 (MSL41.v1),exact_current_family_from_author_figure_table,high,1,independent_source_verified
Zoonotic rank model,SCLIN0026983,input_original/manual_downloads/ZoonoticRankModel/FinalData_Cleaned.csv,normalized from outputs/tables/zoonotic_rank_family_reconstruction_audit.csv row 462; unit=released dataset row,RAW0026983,NC_005897.1; NC_005894.1,,Pirital mammarenavirus,Pirital mammarenavirus,Arenaviridae,Arenaviridae,ICTV 2026 (MSL41.v1),exact_current_family_from_author_figure_table,high,1,independent_source_verified
Zoonotic rank model,SCLIN0026984,input_original/manual_downloads/ZoonoticRankModel/FinalData_Cleaned.csv,normalized from outputs/tables/zoonotic_rank_family_reconstruction_audit.csv row 520; unit=released dataset row,RAW0026984,NC_018484.1; NC_018481.1,,Alethinophid 3 reptarenavirus,Rotterdam reptarenavirus,Arenaviridae,Arenaviridae,ICTV 2026 (MSL41.v1),exact_current_family_from_author_figure_table,high,1,independent_source_verified
Zoonotic rank model,SCLIN0026985,input_original/manual_downloads/ZoonoticRankModel/FinalData_Cleaned.csv,normalized from outputs/tables/zoonotic_rank_family_reconstruction_audit.csv row 524; unit=released dataset row,RAW0026985,NC_006313.1; NC_006317.1,,Sabiá mammarenavirus,Brazilian mammarenavirus,Arenaviridae,Arenaviridae,ICTV 2026 (MSL41.v1),exact_current_family_from_author_figure_table,high,1,independent_source_verified
Zoonotic rank model,SCLIN0026986,input_original/manual_downloads/ZoonoticRankModel/FinalData_Cleaned.csv,normalized from outputs/tables/zoonotic_rank_family_reconstruction_audit.csv row 567; unit=released dataset row,RAW0026986,NC_004292.1; NC_004293.1,,Tacaribe mammarenavirus,Tacaribe mammarenavirus,Arenaviridae,Arenaviridae,ICTV 2026 (MSL41.v1),exact_current_family_from_author_figure_table,high,1,independent_source_verified
Zoonotic rank model,SCLIN0026987,input_original/manual_downloads/ZoonoticRankModel/FinalData_Cleaned.csv,normalized from outputs/tables/zoonotic_rank_family_reconstruction_audit.csv row 569; unit=released dataset row,RAW0026987,NC_010702.1; NC_010701.1,,Tamiami mammarenavirus,Tamiami mammarenavirus,Arenaviridae,Arenaviridae,ICTV 2026 (MSL41.v1),exact_current_family_from_author_figure_table,high,1,independent_source_verified
Zoonotic rank model,SCLIN0026988,input_original/manual_downloads/ZoonoticRankModel/FinalData_Cleaned.csv,normalized from outputs/tables/zoonotic_rank_family_reconstruction_audit.csv row 608; unit=released dataset row,RAW0026988,NC_026019.1; NC_026018.1,,Wenzhou mammarenavirus,Wenzhou mammarenavirus,Arenaviridae,Arenaviridae,ICTV 2026 (MSL41.v1),exact_current_family_from_author_figure_table,high,1,independent_source_verified
Zoonotic rank model,SCLIN0026989,input_original/manual_downloads/ZoonoticRankModel/FinalData_Cleaned.csv,normalized from outputs/tables/zoonotic_rank_family_reconstruction_audit.csv row 616; unit=released dataset row,RAW0026989,NC_010703.1; NC_010700.1,,Whitewater Arroyo mammarenavirus,Whitewater Arroyo mammarenavirus,Arenaviridae,Arenaviridae,ICTV 2026 (MSL41.v1),exact_current_family_from_author_figure_table,high,1,independent_source_verified
Zoonotic rank model,SCLIN0026990,input_original/manual_downloads/ZoonoticRankModel/FinalData_Cleaned.csv,normalized from outputs/tables/zoonotic_rank_family_reconstruction_audit.csv row 77; unit=released dataset row,RAW0026990,NC_010255.1; NC_010256.1,,Bear Canyon mammarenavirus,Bear Canyon mammarenavirus,Arenaviridae,Arenaviridae,ICTV 2026 (MSL41.v1),exact_current_family_from_author_figure_table,high,1,independent_source_verified
Zoonotic rank model,SCLIN0026991,input_original/manual_downloads/ZoonoticRankModel/FinalData_Cleaned.csv,normalized from outputs/tables/zoonotic_rank_family_reconstruction_audit.csv row 806; unit=released dataset row,RAW0026991,NC_027136.1; NC_027134.1,,Mariental mammarenavirus,Mariental mammarenavirus,,Arenaviridae,ICTV 2026 (MSL41.v1),unique_current_ictv_genus_token,high,1,independent_source_verified
Zoonotic rank model,SCLIN0026992,input_original/manual_downloads/ZoonoticRankModel/FinalData_Cleaned.csv,normalized from outputs/tables/zoonotic_rank_family_reconstruction_audit.csv row 828; unit=released dataset row,RAW0026992,NC_027137.1; NC_027135.1,,Okahandja mammarenavirus,Okahandja mammarenavirus,Arenaviridae,Arenaviridae,ICTV 2026 (MSL41.v1),exact_current_family_from_author_figure_table,high,1,independent_source_verified
Zoonotic rank model,SCLIN0026993,input_original/manual_downloads/ZoonoticRankModel/FinalData_Cleaned.csv,normalized from outputs/tables/zoonotic_rank_family_reconstruction_audit.csv row 883; unit=released dataset row,RAW0026993,NC_038366.1; NC_038367.1,,Solwezi mammarenavirus,Solwezi mammarenavirus,Arenaviridae,Arenaviridae,ICTV 2026 (MSL41.v1),exact_current_family_from_author_figure_table,high,1,independent_source_verified
Zoonotic rank model,SCLIN0026994,input_original/manual_downloads/ZoonoticRankModel/FinalData_Cleaned.csv,normalized from outputs/tables/zoonotic_rank_family_reconstruction_audit.csv row 199; unit=released dataset row,RAW0026994,NC_002532.2,,Equine arteritis virus,Alphaarterivirus equid,Arteriviridae,Arteriviridae,ICTV 2026 (MSL41.v1),exact_current_family_from_author_figure_table,high,1,independent_source_verified
Zoonotic rank model,SCLIN0026995,input_original/manual_downloads/ZoonoticRankModel/FinalData_Cleaned.csv,normalized from outputs/tables/zoonotic_rank_family_reconstruction_audit.csv row 315; unit=released dataset row,RAW0026995,NC_001639.1,,Lactate dehydrogenase-elevating virus,Gammaarterivirus lacdeh,Arteriviridae,Arteriviridae,ICTV 2026 (MSL41.v1),exact_current_family_from_author_figure_table,high,1,independent_source_verified
Zoonotic rank model,SCLIN0026996,input_original/manual_downloads/ZoonoticRankModel/FinalData_Cleaned.csv,normalized from outputs/tables/zoonotic_rank_family_reconstruction_audit.csv row 474; unit=released dataset row,RAW0026996,AF046869.1,,Porcine reproductive and respiratory syndrome virus 1,Betaarterivirus suid 1,Arteriviridae,Arteriviridae,ICTV 2026 (MSL41.v1),exact_current_family_from_author_figure_table,high,1,independent_source_verified
Zoonotic rank model,SCLIN0026997,input_original/manual_downloads/ZoonoticRankModel/FinalData_Cleaned.csv,normalized from outputs/tables/zoonotic_rank_family_reconstruction_audit.csv row 550; unit=released dataset row,RAW0026997,NC_003092.2,,Simian hemorrhagic fever virus,Deltaarterivirus hemfev,Arteriviridae,Arteriviridae,ICTV 2026 (MSL41.v1),exact_current_family_from_author_figure_table,high,1,independent_source_verified
Zoonotic rank model,SCLIN0026998,input_original/manual_downloads/ZoonoticRankModel/FinalData_Cleaned.csv,normalized from outputs/tables/zoonotic_rank_family_reconstruction_audit.csv row 637; unit=released dataset row,RAW0026998,NC_026439.1,,African pouched rat arterivirus,Lambdaarterivirus afriporav,Arteriviridae,Arteriviridae,ICTV 2026 (MSL41.v1),exact_current_family_from_author_figure_table,high,1,independent_source_verified
Zoonotic rank model,SCLIN0026999,input_original/manual_downloads/ZoonoticRankModel/FinalData_Cleaned.csv,normalized from outputs/tables/zoonotic_rank_family_reconstruction_audit.csv row 699; unit=released dataset row,RAW0026999,NC_026509.1,,DeBrazza’s monkey arterivirus,Iotaarterivirus debrazmo,Arteriviridae,Arteriviridae,ICTV 2026 (MSL41.v1),exact_current_family_from_author_figure_table,high,1,independent_source_verified
Zoonotic rank model,SCLIN0027000,input_original/manual_downloads/ZoonoticRankModel/FinalData_Cleaned.csv,normalized from outputs/tables/zoonotic_rank_family_reconstruction_audit.csv row 716; unit=released dataset row,RAW0027000,KT166441.1,,Free State vervet virus,Epsilonarterivirus safriver,Arteriviridae,Arteriviridae,ICTV 2026 (MSL41.v1),exact_current_family_from_author_figure_table,high,1,independent_source_verified
Zoonotic rank model,SCLIN0027001,input_original/manual_downloads/ZoonoticRankModel/FinalData_Cleaned.csv,normalized from outputs/tables/zoonotic_rank_family_reconstruction_audit.csv row 766; unit=released dataset row,RAW0027001,NC_029053.1,,Kafue kinda chacma baboon virus,Thetaarterivirus kafuba,Arteriviridae,Arteriviridae,ICTV 2026 (MSL41.v1),exact_current_family_from_author_figure_table,high,1,independent_source_verified
Zoonotic rank model,SCLIN0027002,input_original/manual_downloads/ZoonoticRankModel/FinalData_Cleaned.csv,normalized from outputs/tables/zoonotic_rank_family_reconstruction_audit.csv row 771; unit=released dataset row,RAW0027002,NC_033553.1,,Kibale red colobus virus 1,Zetaarterivirus ugarco 1,Arteriviridae,Arteriviridae,ICTV 2026 (MSL41.v1),exact_current_family_from_author_figure_table,high,1,independent_source_verified
Zoonotic rank model,SCLIN0027003,input_original/manual_downloads/ZoonoticRankModel/FinalData_Cleaned.csv,normalized from outputs/tables/zoonotic_rank_family_reconstruction_audit.csv row 772; unit=released dataset row,RAW0027003,NC_034455.1,,Kibale red colobus virus 2,Etaarterivirus ugarco 1,Arteriviridae,Arteriviridae,ICTV 2026 (MSL41.v1),exact_current_family_from_author_figure_table,high,1,independent_source_verified
Zoonotic rank model,SCLIN0027004,input_original/manual_downloads/ZoonoticRankModel/FinalData_Cleaned.csv,normalized from outputs/tables/zoonotic_rank_family_reconstruction_audit.csv row 773; unit=released dataset row,RAW0027004,NC_038292.1,,Kibale red-tailed guenon virus 1,Iotaarterivirus kibreg 1,Arteriviridae,Arteriviridae,ICTV 2026 (MSL41.v1),exact_current_family_from_author_figure_table,high,1,independent_source_verified
Zoonotic rank model,SCLIN0027005,input_original/manual_downloads/ZoonoticRankModel/FinalData_Cleaned.csv,normalized from outputs/tables/zoonotic_rank_family_reconstruction_audit.csv row 810; unit=released dataset row,RAW0027005,NC_025112.1,,Mikumi yellow baboon virus 1,Thetaarterivirus mikelba 1,Arteriviridae,Arteriviridae,ICTV 2026 (MSL41.v1),exact_current_family_from_author_figure_table,high,1,independent_source_verified
Zoonotic rank model,SCLIN0027006,input_original/manual_downloads/ZoonoticRankModel/FinalData_Cleaned.csv,normalized from outputs/tables/zoonotic_rank_family_reconstruction_audit.csv row 839; unit=released dataset row,RAW0027006,NC_027124.1,,Pebjah virus,Deltaarterivirus pejah,Arteriviridae,Arteriviridae,ICTV 2026 (MSL41.v1),exact_current_family_from_author_figure_table,high,1,independent_source_verified
Zoonotic rank model,SCLIN0027007,input_original/manual_downloads/ZoonoticRankModel/FinalData_Cleaned.csv,normalized from outputs/tables/zoonotic_rank_family_reconstruction_audit.csv row 849; unit=released dataset row,RAW0027007,NC_038291.1,,Porcine reproductive and respiratory syndrome virus 2,Betaarterivirus suid 2,Arteriviridae,Arteriviridae,ICTV 2026 (MSL41.v1),exact_current_family_from_author_figure_table,high,1,independent_source_verified
Zoonotic rank model,SCLIN0027008,input_original/manual_downloads/ZoonoticRankModel/FinalData_Cleaned.csv,normalized from outputs/tables/zoonotic_rank_family_reconstruction_audit.csv row 857; unit=released dataset row,RAW0027008,NC_028963.1,,Rat arterivirus 1,Betaarterivirus chinrav 1,Arteriviridae,Arteriviridae,ICTV 2026 (MSL41.v1),exact_current_family_from_author_figure_table,high,1,independent_source_verified
Zoonotic rank model,SCLIN0027009,input_original/manual_downloads/ZoonoticRankModel/FinalData_Cleaned.csv,normalized from outputs/tables/zoonotic_rank_family_reconstruction_audit.csv row 882; unit=released dataset row,RAW0027009,NC_038293.1,,Simian hemorrhagic encephalitis virus,Epsilonarterivirus hemcep,Arteriviridae,Arteriviridae,ICTV 2026 (MSL41.v1),exact_current_family_from_author_figure_table,high,1,independent_source_verified
Zoonotic rank model,SCLIN0027010,input_original/manual_downloads/ZoonoticRankModel/FinalData_Cleaned.csv,normalized from outputs/tables/zoonotic_rank_family_reconstruction_audit.csv row 903; unit=released dataset row,RAW0027010,NC_026811.2,,Wobbly possum disease virus,Kappaarterivirus wobum,Arteriviridae,Arteriviridae,ICTV 2026 (MSL41.v1),exact_current_family_from_author_figure_table,high,1,independent_source_verified
Zoonotic rank model,SCLIN0027011,input_original/manual_downloads/ZoonoticRankModel/FinalData_Cleaned.csv,normalized from outputs/tables/zoonotic_rank_family_reconstruction_audit.csv row 9; unit=released dataset row,RAW0027011,NC_001659.2,,African swine fever virus,African swine fever virus,Asfarviridae,Asfarviridae,ICTV 2026 (MSL41.v1),exact_current_family_from_author_figure_table,high,1,independent_source_verified
Zoonotic rank model,SCLIN0027012,input_original/manual_downloads/ZoonoticRankModel/FinalData_Cleaned.csv,normalized from outputs/tables/zoonotic_rank_family_reconstruction_audit.csv row 122; unit=released dataset row,RAW0027012,NC_034975.1,,Mamastrovirus 4,Mamastrovirus 4,,Astroviridae,ICTV 2026 (MSL41.v1),exact_vmr_virus_name,high,1,independent_source_verified
Zoonotic rank model,SCLIN0027013,input_original/manual_downloads/ZoonoticRankModel/FinalData_Cleaned.csv,normalized from outputs/tables/zoonotic_rank_family_reconstruction_audit.csv row 351; unit=released dataset row,RAW0027013,NC_030922.1,,Mamastrovirus 1,Mamastrovirus 1,Astroviridae,Astroviridae,ICTV 2026 (MSL41.v1),exact_current_family_from_author_figure_table,high,1,independent_source_verified
Zoonotic rank model,SCLIN0027014,input_original/manual_downloads/ZoonoticRankModel/FinalData_Cleaned.csv,normalized from outputs/tables/zoonotic_rank_family_reconstruction_audit.csv row 352; unit=released dataset row,RAW0027014,NC_004579.1,,Mamastrovirus 10,Mamastrovirus 10,Astroviridae,Astroviridae,ICTV 2026 (MSL41.v1),exact_current_family_from_author_figure_table,high,1,independent_source_verified
Zoonotic rank model,SCLIN0027015,input_original/manual_downloads/ZoonoticRankModel/FinalData_Cleaned.csv,normalized from outputs/tables/zoonotic_rank_family_reconstruction_audit.csv row 353; unit=released dataset row,RAW0027015,NC_002469.1,,Mamastrovirus 13,Mamastrovirus 13,Astroviridae,Astroviridae,ICTV 2026 (MSL41.v1),exact_current_family_from_author_figure_table,high,1,independent_source_verified
Zoonotic rank model,SCLIN0027016,input_original/manual_downloads/ZoonoticRankModel/FinalData_Cleaned.csv,normalized from outputs/tables/zoonotic_rank_family_reconstruction_audit.csv row 354; unit=released dataset row,RAW0027016,NC_024701.1,,Mamastrovirus 2,Mamastrovirus 2,Astroviridae,Astroviridae,ICTV 2026 (MSL41.v1),exact_current_family_from_author_figure_table,high,1,independent_source_verified
Zoonotic rank model,SCLIN0027017,input_original/manual_downloads/ZoonoticRankModel/FinalData_Cleaned.csv,normalized from outputs/tables/zoonotic_rank_family_reconstruction_audit.csv row 355; unit=released dataset row,RAW0027017,NC_025379.1,,Mamastrovirus 3,Mamastrovirus 3,Astroviridae,Astroviridae,ICTV 2026 (MSL41.v1),exact_current_family_from_author_figure_table,high,1,independent_source_verified
Zoonotic rank model,SCLIN0027018,input_original/manual_downloads/ZoonoticRankModel/FinalData_Cleaned.csv,normalized from outputs/tables/zoonotic_rank_family_reconstruction_audit.csv row 356; unit=released dataset row,RAW0027018,NC_011400.1,,Mamastrovirus 6,Mamastrovirus 6,Astroviridae,Astroviridae,ICTV 2026 (MSL41.v1),exact_current_family_from_author_figure_table,high,1,independent_source_verified
Zoonotic rank model,SCLIN0027019,input_original/manual_downloads/ZoonoticRankModel/FinalData_Cleaned.csv,normalized from outputs/tables/zoonotic_rank_family_reconstruction_audit.csv row 357; unit=released dataset row,RAW0027019,NC_013060.1,,Mamastrovirus 9,Mamastrovirus 9,Astroviridae,Astroviridae,ICTV 2026 (MSL41.v1),exact_current_family_from_author_figure_table,high,1,independent_source_verified
Zoonotic rank model,SCLIN0027020,input_original/manual_downloads/ZoonoticRankModel/FinalData_Cleaned.csv,normalized from outputs/tables/zoonotic_rank_family_reconstruction_audit.csv row 46; unit=released dataset row,RAW0027020,NC_002470.1,,Avastrovirus 1,Avastrovirus 1,Astroviridae,Astroviridae,ICTV 2026 (MSL41.v1),exact_current_family_from_author_figure_table,high,1,independent_source_verified
Zoonotic rank model,SCLIN0027021,input_original/manual_downloads/ZoonoticRankModel/FinalData_Cleaned.csv,normalized from outputs/tables/zoonotic_rank_family_reconstruction_audit.csv row 47; unit=released dataset row,RAW0027021,NC_003790.1,,Avastrovirus 2,Avastrovirus 2,Astroviridae,Astroviridae,ICTV 2026 (MSL41.v1),exact_current_family_from_author_figure_table,high,1,independent_source_verified
Zoonotic rank model,SCLIN0027022,input_original/manual_downloads/ZoonoticRankModel/FinalData_Cleaned.csv,normalized from outputs/tables/zoonotic_rank_family_reconstruction_audit.csv row 48; unit=released dataset row,RAW0027022,NC_005790.1,,Avastrovirus 3,Avastrovirus 3,Astroviridae,Astroviridae,ICTV 2026 (MSL41.v1),exact_current_family_from_author_figure_table,high,1,independent_source_verified
Zoonotic rank model,SCLIN0027023,input_original/manual_downloads/ZoonoticRankModel/FinalData_Cleaned.csv,normalized from outputs/tables/zoonotic_rank_family_reconstruction_audit.csv row 792; unit=released dataset row,RAW0027023,FJ890351.1,,Mamastrovirus 11,Mamastrovirus 11,,Astroviridae,ICTV 2026 (MSL41.v1),exact_vmr_genbank_accession,high,1,independent_source_verified
Zoonotic rank model,SCLIN0027024,input_original/manual_downloads/ZoonoticRankModel/FinalData_Cleaned.csv,normalized from outputs/tables/zoonotic_rank_family_reconstruction_audit.csv row 793; unit=released dataset row,RAW0027024,FJ571067.1,,Mamastrovirus 12,Mamastrovirus 12,,Astroviridae,ICTV 2026 (MSL41.v1),exact_vmr_genbank_accession,high,1,independent_source_verified
Zoonotic rank model,SCLIN0027025,input_original/manual_downloads/ZoonoticRankModel/FinalData_Cleaned.csv,normalized from outputs/tables/zoonotic_rank_family_reconstruction_audit.csv row 794; unit=released dataset row,RAW0027025,EU847144.2,,Mamastrovirus 14,Mamastrovirus 14,,Astroviridae,ICTV 2026 (MSL41.v1),exact_vmr_genbank_accession,high,1,independent_source_verified
Zoonotic rank model,SCLIN0027026,input_original/manual_downloads/ZoonoticRankModel/FinalData_Cleaned.csv,normalized from outputs/tables/zoonotic_rank_family_reconstruction_audit.csv row 795; unit=released dataset row,RAW0027026,FJ571066.1,,Mamastrovirus 15,Mamastrovirus 15,,Astroviridae,ICTV 2026 (MSL41.v1),exact_vmr_genbank_accession,high,1,independent_source_verified
Zoonotic rank model,SCLIN0027027,input_original/manual_downloads/ZoonoticRankModel/FinalData_Cleaned.csv,normalized from outputs/tables/zoonotic_rank_family_reconstruction_audit.csv row 796; unit=released dataset row,RAW0027027,EU847145.2,,Mamastrovirus 16,Mamastrovirus 16,,Astroviridae,ICTV 2026 (MSL41.v1),exact_vmr_genbank_accession,high,1,independent_source_verified
Zoonotic rank model,SCLIN0027028,input_original/manual_downloads/ZoonoticRankModel/FinalData_Cleaned.csv,normalized from outputs/tables/zoonotic_rank_family_reconstruction_audit.csv row 797; unit=released dataset row,RAW0027028,NC_038368.1,,Mamastrovirus 17,Mamastrovirus 17,,Astroviridae,ICTV 2026 (MSL41.v1),exact_vmr_virus_name,high,1,independent_source_verified
Zoonotic rank model,SCLIN0027029,input_original/manual_downloads/ZoonoticRankModel/FinalData_Cleaned.csv,normalized from outputs/tables/zoonotic_rank_family_reconstruction_audit.csv row 798; unit=released dataset row,RAW0027029,EU847155.1,,Mamastrovirus 18,Mamastrovirus 18,,Astroviridae,ICTV 2026 (MSL41.v1),exact_vmr_genbank_accession,high,1,independent_source_verified
Zoonotic rank model,SCLIN0027030,input_original/manual_downloads/ZoonoticRankModel/FinalData_Cleaned.csv,normalized from outputs/tables/zoonotic_rank_family_reconstruction_audit.csv row 799; unit=released dataset row,RAW0027030,FJ571065.1,,Mamastrovirus 19,Mamastrovirus 19,,Astroviridae,ICTV 2026 (MSL41.v1),exact_vmr_genbank_accession,high,1,independent_source_verified
Zoonotic rank model,SCLIN0027031,input_original/manual_downloads/ZoonoticRankModel/FinalData_Cleaned.csv,normalized from outputs/tables/zoonotic_rank_family_reconstruction_audit.csv row 800; unit=released dataset row,RAW0027031,KY765684.1,,Mamastrovirus 5,Mamastrovirus 5,Astroviridae,Astroviridae,ICTV 2026 (MSL41.v1),exact_current_family_from_author_figure_table,high,1,independent_source_verified
Zoonotic rank model,SCLIN0027032,input_original/manual_downloads/ZoonoticRankModel/FinalData_Cleaned.csv,normalized from outputs/tables/zoonotic_rank_family_reconstruction_audit.csv row 801; unit=released dataset row,RAW0027032,FJ890355.1,,Mamastrovirus 7,Mamastrovirus 7,,Astroviridae,ICTV 2026 (MSL41.v1),exact_vmr_genbank_accession,high,1,independent_source_verified
Zoonotic rank model,SCLIN0027033,input_original/manual_downloads/ZoonoticRankModel/FinalData_Cleaned.csv,normalized from outputs/tables/zoonotic_rank_family_reconstruction_audit.csv row 802; unit=released dataset row,RAW0027033,GQ415660.1,,Mamastrovirus 8,Mamastrovirus 8,Astroviridae,Astroviridae,ICTV 2026 (MSL41.v1),exact_current_family_from_author_figure_table,high,1,independent_source_verified
Zoonotic rank model,SCLIN0027034,input_original/manual_downloads/ZoonoticRankModel/FinalData_Cleaned.csv,normalized from outputs/tables/zoonotic_rank_family_reconstruction_audit.csv row 666; unit=released dataset row,RAW0027034,NC_005983.1,,Blotched snakehead virus,Blotched snakehead virus,,Birnaviridae,ICTV 2026 (MSL41.v1),exact_vmr_virus_name,high,1,independent_source_verified
Zoonotic rank model,SCLIN0027035,input_original/manual_downloads/ZoonoticRankModel/FinalData_Cleaned.csv,normalized from outputs/tables/zoonotic_rank_family_reconstruction_audit.csv row 703; unit=released dataset row,RAW0027035,NC_004177.1; NC_004169.1,,Drosophila X virus,Drosophila X virus,Birnaviridae,Birnaviridae,ICTV 2026 (MSL41.v1),exact_current_family_from_author_figure_table,high,1,independent_source_verified
Zoonotic rank model,SCLIN0027036,input_original/manual_downloads/ZoonoticRankModel/FinalData_Cleaned.csv,normalized from outputs/tables/zoonotic_rank_family_reconstruction_audit.csv row 752; unit=released dataset row,RAW0027036,NC_004178.1; NC_004179.1,,Infectious bursal disease virus,Infectious bursal disease virus,Birnaviridae,Birnaviridae,ICTV 2026 (MSL41.v1),exact_current_family_from_author_figure_table,high,1,independent_source_verified
Zoonotic rank model,SCLIN0027037,input_original/manual_downloads/ZoonoticRankModel/FinalData_Cleaned.csv,normalized from outputs/tables/zoonotic_rank_family_reconstruction_audit.csv row 753; unit=released dataset row,RAW0027037,NC_001915.1; NC_001916.1,,Infectious pancreatic necrosis virus,Infectious pancreatic necrosis virus,Birnaviridae,Birnaviridae,ICTV 2026 (MSL41.v1),exact_current_family_from_author_figure_table,high,1,independent_source_verified
Zoonotic rank model,SCLIN0027038,input_original/manual_downloads/ZoonoticRankModel/FinalData_Cleaned.csv,normalized from outputs/tables/zoonotic_rank_family_reconstruction_audit.csv row 891; unit=released dataset row,RAW0027038,NC_038869.1; NC_038870.1,,Tellina virus,Tellina virus,Birnaviridae,Birnaviridae,ICTV 2026 (MSL41.v1),exact_current_family_from_author_figure_table,high,1,independent_source_verified
Zoonotic rank model,SCLIN0027039,input_original/manual_downloads/ZoonoticRankModel/FinalData_Cleaned.csv,normalized from outputs/tables/zoonotic_rank_family_reconstruction_audit.csv row 911; unit=released dataset row,RAW0027039,NC_004168.1; NC_004176.1,,Yellowtail ascites virus,Yellowtail ascites virus,Birnaviridae,Birnaviridae,ICTV 2026 (MSL41.v1),exact_current_family_from_author_figure_table,high,1,independent_source_verified
Zoonotic rank model,SCLIN0027040,input_original/manual_downloads/ZoonoticRankModel/FinalData_Cleaned.csv,normalized from outputs/tables/zoonotic_rank_family_reconstruction_audit.csv row 358; unit=released dataset row,RAW0027040,NC_001607.1,,Mammalian 1 bornavirus,Mammalian 1 orthobornavirus,Bornaviridae,Bornaviridae,ICTV 2026 (MSL41.v1),exact_current_family_from_author_figure_table,high,1,independent_source_verified
Zoonotic rank model,SCLIN0027041,input_original/manual_downloads/ZoonoticRankModel/FinalData_Cleaned.csv,normalized from outputs/tables/zoonotic_rank_family_reconstruction_audit.csv row 634; unit=released dataset row,RAW0027041,NC_030701.1,,Mammalian 2 bornavirus,Mammalian 2 orthobornavirus,Bornaviridae,Bornaviridae,ICTV 2026 (MSL41.v1),exact_current_family_from_author_figure_table,high,1,independent_source_verified
Zoonotic rank model,SCLIN0027042,input_original/manual_downloads/ZoonoticRankModel/FinalData_Cleaned.csv,normalized from outputs/tables/zoonotic_rank_family_reconstruction_audit.csv row 707; unit=released dataset row,RAW0027042,NC_024778.1,,Elapid 1 bornavirus,Elapid 1 orthobornavirus,Bornaviridae,Bornaviridae,ICTV 2026 (MSL41.v1),exact_current_family_from_author_figure_table,high,1,independent_source_verified
Zoonotic rank model,SCLIN0027043,input_original/manual_downloads/ZoonoticRankModel/FinalData_Cleaned.csv,normalized from outputs/tables/zoonotic_rank_family_reconstruction_audit.csv row 836; unit=released dataset row,RAW0027043,NC_030690.1,,Passeriform 1 bornavirus,Passeriform 1 orthobornavirus,Bornaviridae,Bornaviridae,ICTV 2026 (MSL41.v1),exact_current_family_from_author_figure_table,high,1,independent_source_verified
Zoonotic rank model,SCLIN0027044,input_original/manual_downloads/ZoonoticRankModel/FinalData_Cleaned.csv,normalized from outputs/tables/zoonotic_rank_family_reconstruction_audit.csv row 837; unit=released dataset row,RAW0027044,NC_038268.1,,Passeriform 2 bornavirus,Passeriform 2 orthobornavirus,,Bornaviridae,ICTV 2026 (MSL41.v1),unique_current_ictv_genus_token,high,1,independent_source_verified
Zoonotic rank model,SCLIN0027045,input_original/manual_downloads/ZoonoticRankModel/FinalData_Cleaned.csv,normalized from outputs/tables/zoonotic_rank_family_reconstruction_audit.csv row 851; unit=released dataset row,RAW0027045,NC_030688.1,,Psittaciform 1 bornavirus,Psittaciform 1 orthobornavirus,Bornaviridae,Bornaviridae,ICTV 2026 (MSL41.v1),exact_current_family_from_author_figure_table,high,1,independent_source_verified
Zoonotic rank model,SCLIN0027046,input_original/manual_downloads/ZoonoticRankModel/FinalData_Cleaned.csv,normalized from outputs/tables/zoonotic_rank_family_reconstruction_audit.csv row 852; unit=released dataset row,RAW0027046,NC_039190.1,,Psittaciform 2 bornavirus,Psittaciform 2 orthobornavirus,Bornaviridae,Bornaviridae,ICTV 2026 (MSL41.v1),exact_current_family_from_author_figure_table,high,1,independent_source_verified
Zoonotic rank model,SCLIN0027047,input_original/manual_downloads/ZoonoticRankModel/FinalData_Cleaned.csv,normalized from outputs/tables/zoonotic_rank_family_reconstruction_audit.csv row 902; unit=released dataset row,RAW0027047,NC_029642.1,,Waterbird 1 bornavirus,Waterbird 1 orthobornavirus,Bornaviridae,Bornaviridae,ICTV 2026 (MSL41.v1),exact_current_family_from_author_figure_table,high,1,independent_source_verified
Zoonotic rank model,SCLIN0027048,input_original/manual_downloads/ZoonoticRankModel/FinalData_Cleaned.csv,normalized from outputs/tables/zoonotic_rank_family_reconstruction_audit.csv row 211; unit=released dataset row,RAW0027048,NC_002615.1,,European brown hare syndrome virus,European brown hare syndrome virus,Caliciviridae,Caliciviridae,ICTV 2026 (MSL41.v1),exact_current_family_from_author_figure_table,high,1,independent_source_verified
Zoonotic rank model,SCLIN0027049,input_original/manual_downloads/ZoonoticRankModel/FinalData_Cleaned.csv,normalized from outputs/tables/zoonotic_rank_family_reconstruction_audit.csv row 215; unit=released dataset row,RAW0027049,NC_001481.2,,Feline calicivirus,Feline calicivirus,Caliciviridae,Caliciviridae,ICTV 2026 (MSL41.v1),exact_current_family_from_author_figure_table,high,1,independent_source_verified
Zoonotic rank model,SCLIN0027050,input_original/manual_downloads/ZoonoticRankModel/FinalData_Cleaned.csv,normalized from outputs/tables/zoonotic_rank_family_reconstruction_audit.csv row 411; unit=released dataset row,RAW0027050,NC_007916.1,,Newbury-1 virus,Newbury 1 virus,Caliciviridae,Caliciviridae,ICTV 2026 (MSL41.v1),exact_current_family_from_author_figure_table,high,1,independent_source_verified
Zoonotic rank model,SCLIN0027051,input_original/manual_downloads/ZoonoticRankModel/FinalData_Cleaned.csv,normalized from outputs/tables/zoonotic_rank_family_reconstruction_audit.csv row 417; unit=released dataset row,RAW0027051,NC_001959.2,,Norwalk virus,Norwalk virus,Caliciviridae,Caliciviridae,ICTV 2026 (MSL41.v1),exact_current_family_from_author_figure_table,high,1,independent_source_verified
Zoonotic rank model,SCLIN0027052,input_original/manual_downloads/ZoonoticRankModel/FinalData_Cleaned.csv,normalized from outputs/tables/zoonotic_rank_family_reconstruction_audit.csv row 498; unit=released dataset row,RAW0027052,NC_001543.1,,Rabbit hemorrhagic disease virus,Rabbit hemorrhagic disease virus,Caliciviridae,Caliciviridae,ICTV 2026 (MSL41.v1),exact_current_family_from_author_figure_table,high,1,independent_source_verified
Zoonotic rank model,SCLIN0027053,input_original/manual_downloads/ZoonoticRankModel/FinalData_Cleaned.csv,normalized from outputs/tables/zoonotic_rank_family_reconstruction_audit.csv row 536; unit=released dataset row,RAW0027053,NC_006554.1,,Sapporo virus,Sapporo virus,Caliciviridae,Caliciviridae,ICTV 2026 (MSL41.v1),exact_current_family_from_author_figure_table,high,1,independent_source_verified
Zoonotic rank model,SCLIN0027054,input_original/manual_downloads/ZoonoticRankModel/FinalData_Cleaned.csv,normalized from outputs/tables/zoonotic_rank_family_reconstruction_audit.csv row 602; unit=released dataset row,RAW0027054,NC_002551.1,,Vesicular exanthema of swine virus,Vesicular exanthema of swine virus,Caliciviridae,Caliciviridae,ICTV 2026 (MSL41.v1),exact_current_family_from_author_figure_table,high,1,independent_source_verified
Zoonotic rank model,SCLIN0027055,input_original/manual_downloads/ZoonoticRankModel/FinalData_Cleaned.csv,normalized from outputs/tables/zoonotic_rank_family_reconstruction_audit.csv row 468; unit=released dataset row,RAW0027055,NC_001792.2,,Porcine circovirus 1,Porcine circovirus 1,Circoviridae,Circoviridae,ICTV 2026 (MSL41.v1),exact_current_family_from_author_figure_table,high,1,independent_source_verified
Zoonotic rank model,SCLIN0027056,input_original/manual_downloads/ZoonoticRankModel/FinalData_Cleaned.csv,normalized from outputs/tables/zoonotic_rank_family_reconstruction_audit.csv row 469; unit=released dataset row,RAW0027056,NC_005148.1,,Porcine circovirus 2,Porcine circovirus 2,Circoviridae,Circoviridae,ICTV 2026 (MSL41.v1),exact_current_family_from_author_figure_table,high,1,independent_source_verified
Zoonotic rank model,SCLIN0027057,input_original/manual_downloads/ZoonoticRankModel/FinalData_Cleaned.csv,normalized from outputs/tables/zoonotic_rank_family_reconstruction_audit.csv row 157; unit=released dataset row,RAW0027057,NC_016996.1,,Common moorhen coronavirus HKU21,Common moorhen coronavirus HKU21,Coronaviridae,Coronaviridae,ICTV 2026 (MSL41.v1),exact_current_family_from_author_figure_table,high,1,independent_source_verified
Zoonotic rank model,SCLIN0027058,input_original/manual_downloads/ZoonoticRankModel/FinalData_Cleaned.csv,normalized from outputs/tables/zoonotic_rank_family_reconstruction_audit.csv row 158; unit=released dataset row,RAW0027058,NC_016990.2,,Coronavirus HKU15,Coronavirus HKU15,Coronaviridae,Coronaviridae,ICTV 2026 (MSL41.v1),exact_current_family_from_author_figure_table,high,1,independent_source_verified
Zoonotic rank model,SCLIN0027059,input_original/manual_downloads/ZoonoticRankModel/FinalData_Cleaned.csv,normalized from outputs/tables/zoonotic_rank_family_reconstruction_audit.csv row 17; unit=released dataset row,RAW0027059,NC_002306.3,,Alphacoronavirus 1,Alphacoronavirus 1,Coronaviridae,Coronaviridae,ICTV 2026 (MSL41.v1),exact_current_family_from_author_figure_table,high,1,independent_source_verified
Zoonotic rank model,SCLIN0027060,input_original/manual_downloads/ZoonoticRankModel/FinalData_Cleaned.csv,normalized from outputs/tables/zoonotic_rank_family_reconstruction_audit.csv row 245; unit=released dataset row,RAW0027060,NC_022643.1,,Hedgehog coronavirus 1,Hedgehog coronavirus 1,Coronaviridae,Coronaviridae,ICTV 2026 (MSL41.v1),exact_current_family_from_author_figure_table,high,1,independent_source_verified
Zoonotic rank model,SCLIN0027061,input_original/manual_downloads/ZoonoticRankModel/FinalData_Cleaned.csv,normalized from outputs/tables/zoonotic_rank_family_reconstruction_audit.csv row 259; unit=released dataset row,RAW0027061,NC_002645.1,,Human coronavirus 229E,Human coronavirus 229E,Coronaviridae,Coronaviridae,ICTV 2026 (MSL41.v1),exact_current_family_from_author_figure_table,high,1,independent_source_verified
Zoonotic rank model,SCLIN0027062,input_original/manual_downloads/ZoonoticRankModel/FinalData_Cleaned.csv,normalized from outputs/tables/zoonotic_rank_family_reconstruction_audit.csv row 260; unit=released dataset row,RAW0027062,NC_006577.2,,Human coronavirus HKU1,Human coronavirus HKU1,Coronaviridae,Coronaviridae,ICTV 2026 (MSL41.v1),exact_current_family_from_author_figure_table,high,1,independent_source_verified
Zoonotic rank model,SCLIN0027063,input_original/manual_downloads/ZoonoticRankModel/FinalData_Cleaned.csv,normalized from outputs/tables/zoonotic_rank_family_reconstruction_audit.csv row 261; unit=released dataset row,RAW0027063,NC_005831.2,,Human coronavirus NL63,Human coronavirus NL63,Coronaviridae,Coronaviridae,ICTV 2026 (MSL41.v1),exact_current_family_from_author_figure_table,high,1,independent_source_verified
Zoonotic rank model,SCLIN0027064,input_original/manual_downloads/ZoonoticRankModel/FinalData_Cleaned.csv,normalized from outputs/tables/zoonotic_rank_family_reconstruction_audit.csv row 372; unit=released dataset row,RAW0027064,NC_019843.3,,Middle East respiratory syndrome-related coronavirus,Middle East respiratory syndrome-related coronavirus,Coronaviridae,Coronaviridae,ICTV 2026 (MSL41.v1),exact_current_family_from_author_figure_table,high,1,independent_source_verified
Zoonotic rank model,SCLIN0027065,input_original/manual_downloads/ZoonoticRankModel/FinalData_Cleaned.csv,normalized from outputs/tables/zoonotic_rank_family_reconstruction_audit.csv row 373; unit=released dataset row,RAW0027065,NC_010438.1,,Miniopterus bat coronavirus HKU8,Miniopterus bat coronavirus HKU8,Coronaviridae,Coronaviridae,ICTV 2026 (MSL41.v1),exact_current_family_from_author_figure_table,high,1,independent_source_verified
Zoonotic rank model,SCLIN0027066,input_original/manual_downloads/ZoonoticRankModel/FinalData_Cleaned.csv,normalized from outputs/tables/zoonotic_rank_family_reconstruction_audit.csv row 391; unit=released dataset row,RAW0027066,NC_011550.1,,Munia coronavirus HKU13,Munia coronavirus HKU13,Coronaviridae,Coronaviridae,ICTV 2026 (MSL41.v1),exact_current_family_from_author_figure_table,high,1,independent_source_verified
Zoonotic rank model,SCLIN0027067,input_original/manual_downloads/ZoonoticRankModel/FinalData_Cleaned.csv,normalized from outputs/tables/zoonotic_rank_family_reconstruction_audit.csv row 397; unit=released dataset row,RAW0027067,NC_012936.1,,Murine coronavirus,Murine coronavirus,Coronaviridae,Coronaviridae,ICTV 2026 (MSL41.v1),exact_current_family_from_author_figure_table,high,1,independent_source_verified
Zoonotic rank model,SCLIN0027068,input_original/manual_downloads/ZoonoticRankModel/FinalData_Cleaned.csv,normalized from outputs/tables/zoonotic_rank_family_reconstruction_audit.csv row 414; unit=released dataset row,RAW0027068,NC_016994.1,,Night heron coronavirus HKU19,Night heron coronavirus HKU19,Coronaviridae,Coronaviridae,ICTV 2026 (MSL41.v1),exact_current_family_from_author_figure_table,high,1,independent_source_verified
Zoonotic rank model,SCLIN0027069,input_original/manual_downloads/ZoonoticRankModel/FinalData_Cleaned.csv,normalized from outputs/tables/zoonotic_rank_family_reconstruction_audit.csv row 461; unit=released dataset row,RAW0027069,NC_009020.1,,Pipistrellus bat coronavirus HKU5,Pipistrellus bat coronavirus HKU5,Coronaviridae,Coronaviridae,ICTV 2026 (MSL41.v1),exact_current_family_from_author_figure_table,high,1,independent_source_verified
Zoonotic rank model,SCLIN0027070,input_original/manual_downloads/ZoonoticRankModel/FinalData_Cleaned.csv,normalized from outputs/tables/zoonotic_rank_family_reconstruction_audit.csv row 470; unit=released dataset row,RAW0027070,NC_003436.1,,Porcine epidemic diarrhea virus,Porcine epidemic diarrhea virus,Coronaviridae,Coronaviridae,ICTV 2026 (MSL41.v1),exact_current_family_from_author_figure_table,high,1,independent_source_verified
Zoonotic rank model,SCLIN0027071,input_original/manual_downloads/ZoonoticRankModel/FinalData_Cleaned.csv,normalized from outputs/tables/zoonotic_rank_family_reconstruction_audit.csv row 504; unit=released dataset row,RAW0027071,NC_009988.1,,Rhinolophus bat coronavirus HKU2,Rhinolophus bat coronavirus HKU2,Coronaviridae,Coronaviridae,ICTV 2026 (MSL41.v1),exact_current_family_from_author_figure_table,high,1,independent_source_verified
Zoonotic rank model,SCLIN0027072,input_original/manual_downloads/ZoonoticRankModel/FinalData_Cleaned.csv,normalized from outputs/tables/zoonotic_rank_family_reconstruction_audit.csv row 521; unit=released dataset row,RAW0027072,NC_009021.1,,Rousettus bat coronavirus HKU9,Rousettus bat coronavirus HKU9,Coronaviridae,Coronaviridae,ICTV 2026 (MSL41.v1),exact_current_family_from_author_figure_table,high,1,independent_source_verified
Zoonotic rank model,SCLIN0027073,input_original/manual_downloads/ZoonoticRankModel/FinalData_Cleaned.csv,normalized from outputs/tables/zoonotic_rank_family_reconstruction_audit.csv row 537; unit=released dataset row,RAW0027073,NC_009657.1,,Scotophilus bat coronavirus 512,Scotophilus bat coronavirus 512,Coronaviridae,Coronaviridae,ICTV 2026 (MSL41.v1),exact_current_family_from_author_figure_table,high,1,independent_source_verified
Zoonotic rank model,SCLIN0027074,input_original/manual_downloads/ZoonoticRankModel/FinalData_Cleaned.csv,normalized from outputs/tables/zoonotic_rank_family_reconstruction_audit.csv row 541; unit=released dataset row,RAW0027074,NC_004718.3,,Severe acute respiratory syndrome-related coronavirus,Severe acute respiratory syndrome-related coronavirus,Coronaviridae,Coronaviridae,ICTV 2026 (MSL41.v1),exact_current_family_from_author_figure_table,high,1,independent_source_verified
Zoonotic rank model,SCLIN0027075,input_original/manual_downloads/ZoonoticRankModel/FinalData_Cleaned.csv,normalized from outputs/tables/zoonotic_rank_family_reconstruction_audit.csv row 593; unit=released dataset row,RAW0027075,NC_009019.1,,Tylonycteris bat coronavirus HKU4,Tylonycteris bat coronavirus HKU4,Coronaviridae,Coronaviridae,ICTV 2026 (MSL41.v1),exact_current_family_from_author_figure_table,high,1,independent_source_verified
Zoonotic rank model,SCLIN0027076,input_original/manual_downloads/ZoonoticRankModel/FinalData_Cleaned.csv,normalized from outputs/tables/zoonotic_rank_family_reconstruction_audit.csv row 60; unit=released dataset row,RAW0027076,NC_001451.1,,Avian coronavirus,Avian coronavirus,Coronaviridae,Coronaviridae,ICTV 2026 (MSL41.v1),exact_current_family_from_author_figure_table,high,1,independent_source_verified
Zoonotic rank model,SCLIN0027077,input_original/manual_downloads/ZoonoticRankModel/FinalData_Cleaned.csv,normalized from outputs/tables/zoonotic_rank_family_reconstruction_audit.csv row 615; unit=released dataset row,RAW0027077,NC_016991.1,,White-eye coronavirus HKU16,White-eye coronavirus HKU16,Coronaviridae,Coronaviridae,ICTV 2026 (MSL41.v1),exact_current_family_from_author_figure_table,high,1,independent_source_verified
Zoonotic rank model,SCLIN0027078,input_original/manual_downloads/ZoonoticRankModel/FinalData_Cleaned.csv,normalized from outputs/tables/zoonotic_rank_family_reconstruction_audit.csv row 617; unit=released dataset row,RAW0027078,NC_016995.1,,Wigeon coronavirus HKU20,Wigeon coronavirus HKU20,Coronaviridae,Coronaviridae,ICTV 2026 (MSL41.v1),exact_current_family_from_author_figure_table,high,1,independent_source_verified
Zoonotic rank model,SCLIN0027079,input_original/manual_downloads/ZoonoticRankModel/FinalData_Cleaned.csv,normalized from outputs/tables/zoonotic_rank_family_reconstruction_audit.csv row 672; unit=released dataset row,RAW0027079,NC_011547.1,,Bulbul coronavirus HKU11,Bulbul coronavirus HKU11,Coronaviridae,Coronaviridae,ICTV 2026 (MSL41.v1),exact_current_family_from_author_figure_table,high,1,independent_source_verified
Zoonotic rank model,SCLIN0027080,input_original/manual_downloads/ZoonoticRankModel/FinalData_Cleaned.csv,normalized from outputs/tables/zoonotic_rank_family_reconstruction_audit.csv row 74; unit=released dataset row,RAW0027080,NC_022103.1,,Bat coronavirus CDPHE15,Bat coronavirus CDPHE15,Coronaviridae,Coronaviridae,ICTV 2026 (MSL41.v1),exact_current_family_from_author_figure_table,high,1,independent_source_verified
Zoonotic rank model,SCLIN0027081,input_original/manual_downloads/ZoonoticRankModel/FinalData_Cleaned.csv,normalized from outputs/tables/zoonotic_rank_family_reconstruction_audit.csv row 75; unit=released dataset row,RAW0027081,NC_018871.1,,Bat coronavirus HKU10,Bat coronavirus HKU10,Coronaviridae,Coronaviridae,ICTV 2026 (MSL41.v1),exact_current_family_from_author_figure_table,high,1,independent_source_verified
Zoonotic rank model,SCLIN0027082,input_original/manual_downloads/ZoonoticRankModel/FinalData_Cleaned.csv,normalized from outputs/tables/zoonotic_rank_family_reconstruction_audit.csv row 79; unit=released dataset row,RAW0027082,NC_010646.1,,Beluga whale coronavirus SW1,Beluga whale coronavirus SW1,Coronaviridae,Coronaviridae,ICTV 2026 (MSL41.v1),exact_current_family_from_author_figure_table,high,1,independent_source_verified
Zoonotic rank model,SCLIN0027083,input_original/manual_downloads/ZoonoticRankModel/FinalData_Cleaned.csv,normalized from outputs/tables/zoonotic_rank_family_reconstruction_audit.csv row 811; unit=released dataset row,RAW0027083,EU420138.1,,Miniopterus bat coronavirus 1,Miniopterus bat coronavirus 1,Coronaviridae,Coronaviridae,ICTV 2026 (MSL41.v1),exact_current_family_from_author_figure_table,high,1,independent_source_verified
Zoonotic rank model,SCLIN0027084,input_original/manual_downloads/ZoonoticRankModel/FinalData_Cleaned.csv,normalized from outputs/tables/zoonotic_rank_family_reconstruction_audit.csv row 812; unit=released dataset row,RAW0027084,NC_023760.1,,Mink coronavirus 1,Mink coronavirus 1,Coronaviridae,Coronaviridae,ICTV 2026 (MSL41.v1),exact_current_family_from_author_figure_table,high,1,independent_source_verified
Zoonotic rank model,SCLIN0027085,input_original/manual_downloads/ZoonoticRankModel/FinalData_Cleaned.csv,normalized from outputs/tables/zoonotic_rank_family_reconstruction_audit.csv row 81; unit=released dataset row,RAW0027085,NC_006213.1,,Betacoronavirus 1,Betacoronavirus 1,Coronaviridae,Coronaviridae,ICTV 2026 (MSL41.v1),exact_current_family_from_author_figure_table,high,1,independent_source_verified
Zoonotic rank model,SCLIN0027086,input_original/manual_downloads/ZoonoticRankModel/FinalData_Cleaned.csv,normalized from outputs/tables/zoonotic_rank_family_reconstruction_audit.csv row 115; unit=released dataset row,RAW0027086,NC_014373.1,,Bundibugyo ebolavirus,Bundibugyo ebolavirus,Filoviridae,Filoviridae,ICTV 2026 (MSL41.v1),exact_current_family_from_author_figure_table,high,1,independent_source_verified
Zoonotic rank model,SCLIN0027087,input_original/manual_downloads/ZoonoticRankModel/FinalData_Cleaned.csv,normalized from outputs/tables/zoonotic_rank_family_reconstruction_audit.csv row 327; unit=released dataset row,RAW0027087,NC_016144.1,,Lloviu cuevavirus,Lloviu cuevavirus,Filoviridae,Filoviridae,ICTV 2026 (MSL41.v1),exact_current_family_from_author_figure_table,high,1,independent_source_verified
Zoonotic rank model,SCLIN0027088,input_original/manual_downloads/ZoonoticRankModel/FinalData_Cleaned.csv,normalized from outputs/tables/zoonotic_rank_family_reconstruction_audit.csv row 363; unit=released dataset row,RAW0027088,NC_001608.3,,Marburg marburgvirus,Marburg marburgvirus,Filoviridae,Filoviridae,ICTV 2026 (MSL41.v1),exact_current_family_from_author_figure_table,high,1,independent_source_verified
Zoonotic rank model,SCLIN0027089,input_original/manual_downloads/ZoonoticRankModel/FinalData_Cleaned.csv,normalized from outputs/tables/zoonotic_rank_family_reconstruction_audit.csv row 503; unit=released dataset row,RAW0027089,NC_004161.1,,Reston ebolavirus,Reston ebolavirus,Filoviridae,Filoviridae,ICTV 2026 (MSL41.v1),exact_current_family_from_author_figure_table,high,1,independent_source_verified
Zoonotic rank model,SCLIN0027090,input_original/manual_downloads/ZoonoticRankModel/FinalData_Cleaned.csv,normalized from outputs/tables/zoonotic_rank_family_reconstruction_audit.csv row 563; unit=released dataset row,RAW0027090,NC_006432.1,,Sudan ebolavirus,Sudan ebolavirus,Filoviridae,Filoviridae,ICTV 2026 (MSL41.v1),exact_current_family_from_author_figure_table,high,1,independent_source_verified
Zoonotic rank model,SCLIN0027091,input_original/manual_downloads/ZoonoticRankModel/FinalData_Cleaned.csv,normalized from outputs/tables/zoonotic_rank_family_reconstruction_audit.csv row 568; unit=released dataset row,RAW0027091,NC_014372.1,,Taï Forest ebolavirus,Tai Forest ebolavirus,Filoviridae,Filoviridae,ICTV 2026 (MSL41.v1),exact_current_family_from_author_figure_table,high,1,independent_source_verified
Zoonotic rank model,SCLIN0027092,input_original/manual_downloads/ZoonoticRankModel/FinalData_Cleaned.csv,normalized from outputs/tables/zoonotic_rank_family_reconstruction_audit.csv row 627; unit=released dataset row,RAW0027092,NC_002549.1,,Zaire ebolavirus,Zaire ebolavirus,Filoviridae,Filoviridae,ICTV 2026 (MSL41.v1),exact_current_family_from_author_figure_table,high,1,independent_source_verified
Zoonotic rank model,SCLIN0027093,input_original/manual_downloads/ZoonoticRankModel/FinalData_Cleaned.csv,normalized from outputs/tables/zoonotic_rank_family_reconstruction_audit.csv row 110; unit=released dataset row,RAW0027093,NC_001461.1,,Bovine viral diarrhea virus 1,Pestivirus A,Flaviviridae,Flaviviridae,ICTV 2026 (MSL41.v1),exact_current_family_from_author_figure_table,high,1,independent_source_verified
Zoonotic rank model,SCLIN0027094,input_original/manual_downloads/ZoonoticRankModel/FinalData_Cleaned.csv,normalized from outputs/tables/zoonotic_rank_family_reconstruction_audit.csv row 111; unit=released dataset row,RAW0027094,NC_002032.1,,Bovine viral diarrhea virus 2,Pestivirus B,Flaviviridae,Flaviviridae,ICTV 2026 (MSL41.v1),exact_current_family_from_author_figure_table,high,1,independent_source_verified
Zoonotic rank model,SCLIN0027095,input_original/manual_downloads/ZoonoticRankModel/FinalData_Cleaned.csv,normalized from outputs/tables/zoonotic_rank_family_reconstruction_audit.csv row 112; unit=released dataset row,RAW0027095,NC_012812.1,,Bovine viral diarrhea virus 3,Pestivirus H,Flaviviridae,Flaviviridae,ICTV 2026 (MSL41.v1),exact_current_family_from_author_figure_table,high,1,independent_source_verified
Zoonotic rank model,SCLIN0027096,input_original/manual_downloads/ZoonoticRankModel/FinalData_Cleaned.csv,normalized from outputs/tables/zoonotic_rank_family_reconstruction_audit.csv row 119; unit=released dataset row,RAW0027096,NC_026623.1,,Cacipacore virus,Cacipacore virus,Flaviviridae,Flaviviridae,ICTV 2026 (MSL41.v1),exact_current_family_from_author_figure_table,high,1,independent_source_verified
Zoonotic rank model,SCLIN0027097,input_original/manual_downloads/ZoonoticRankModel/FinalData_Cleaned.csv,normalized from outputs/tables/zoonotic_rank_family_reconstruction_audit.csv row 153; unit=released dataset row,RAW0027097,NC_002657.1,,Classical swine fever virus,Pestivirus C,Flaviviridae,Flaviviridae,ICTV 2026 (MSL41.v1),exact_current_family_from_author_figure_table,high,1,independent_source_verified
Zoonotic rank model,SCLIN0027098,input_original/manual_downloads/ZoonoticRankModel/FinalData_Cleaned.csv,normalized from outputs/tables/zoonotic_rank_family_reconstruction_audit.csv row 168; unit=released dataset row,RAW0027098,NC_001477.1,,Dengue virus,Dengue virus,Flaviviridae,Flaviviridae,ICTV 2026 (MSL41.v1),exact_current_family_from_author_figure_table,high,1,independent_source_verified
Zoonotic rank model,SCLIN0027099,input_original/manual_downloads/ZoonoticRankModel/FinalData_Cleaned.csv,normalized from outputs/tables/zoonotic_rank_family_reconstruction_audit.csv row 182; unit=released dataset row,RAW0027099,NC_008718.1,,Entebbe bat virus,Entebbe bat virus,Flaviviridae,Flaviviridae,ICTV 2026 (MSL41.v1),exact_current_family_from_author_figure_table,high,1,independent_source_verified
Zoonotic rank model,SCLIN0027100,input_original/manual_downloads/ZoonoticRankModel/FinalData_Cleaned.csv,normalized from outputs/tables/zoonotic_rank_family_reconstruction_audit.csv row 247; unit=released dataset row,RAW0027100,NC_004102.1,,Hepacivirus C,Hepacivirus C,Flaviviridae,Flaviviridae,ICTV 2026 (MSL41.v1),exact_current_family_from_author_figure_table,high,1,independent_source_verified
Zoonotic rank model,SCLIN0027101,input_original/manual_downloads/ZoonoticRankModel/FinalData_Cleaned.csv,normalized from outputs/tables/zoonotic_rank_family_reconstruction_audit.csv row 282; unit=released dataset row,RAW0027101,NC_009028.2,,Ilheus virus,Ilheus virus,Flaviviridae,Flaviviridae,ICTV 2026 (MSL41.v1),exact_current_family_from_author_figure_table,high,1,independent_source_verified
Zoonotic rank model,SCLIN0027102,input_original/manual_downloads/ZoonoticRankModel/FinalData_Cleaned.csv,normalized from outputs/tables/zoonotic_rank_family_reconstruction_audit.csv row 292; unit=released dataset row,RAW0027102,GQ902058.1,,Japanese encephalitis virus,Japanese encephalitis virus,Flaviviridae,Flaviviridae,ICTV 2026 (MSL41.v1),exact_current_family_from_author_figure_table,high,1,independent_source_verified
Zoonotic rank model,SCLIN0027103,input_original/manual_downloads/ZoonoticRankModel/FinalData_Cleaned.csv,normalized from outputs/tables/zoonotic_rank_family_reconstruction_audit.csv row 294; unit=released dataset row,RAW0027103,NC_033699.1,,Jugra virus,Jugra virus,Flaviviridae,Flaviviridae,ICTV 2026 (MSL41.v1),exact_current_family_from_author_figure_table,high,1,independent_source_verified
Zoonotic rank model,SCLIN0027104,input_original/manual_downloads/ZoonoticRankModel/FinalData_Cleaned.csv,normalized from outputs/tables/zoonotic_rank_family_reconstruction_audit.csv row 297; unit=released dataset row,RAW0027104,NC_026620.1,,Jutiapa virus,Jutiapa virus,Flaviviridae,Flaviviridae,ICTV 2026 (MSL41.v1),exact_current_family_from_author_figure_table,high,1,independent_source_verified
Zoonotic rank model,SCLIN0027105,input_original/manual_downloads/ZoonoticRankModel/FinalData_Cleaned.csv,normalized from outputs/tables/zoonotic_rank_family_reconstruction_audit.csv row 303; unit=released dataset row,RAW0027105,NC_012533.1,,Kedougou virus,Kedougou virus,Flaviviridae,Flaviviridae,ICTV 2026 (MSL41.v1),exact_current_family_from_author_figure_table,high,1,independent_source_verified
Zoonotic rank model,SCLIN0027106,input_original/manual_downloads/ZoonoticRankModel/FinalData_Cleaned.csv,normalized from outputs/tables/zoonotic_rank_family_reconstruction_audit.csv row 309; unit=released dataset row,RAW0027106,NC_032088.1,,Kokobera virus,Kokobera virus,Flaviviridae,Flaviviridae,ICTV 2026 (MSL41.v1),exact_current_family_from_author_figure_table,high,1,independent_source_verified
Zoonotic rank model,SCLIN0027107,input_original/manual_downloads/ZoonoticRankModel/FinalData_Cleaned.csv,normalized from outputs/tables/zoonotic_rank_family_reconstruction_audit.csv row 313; unit=released dataset row,RAW0027107,EU082200.2,,Koutango virus,Koutango virus,Flaviviridae,Flaviviridae,ICTV 2026 (MSL41.v1),exact_current_family_from_author_figure_table,high,1,independent_source_verified
Zoonotic rank model,SCLIN0027108,input_original/manual_downloads/ZoonoticRankModel/FinalData_Cleaned.csv,normalized from outputs/tables/zoonotic_rank_family_reconstruction_audit.csv row 314; unit=released dataset row,RAW0027108,JF416960.1,,Kyasanur Forest disease virus,Kyasanur Forest disease virus,Flaviviridae,Flaviviridae,ICTV 2026 (MSL41.v1),exact_current_family_from_author_figure_table,high,1,independent_source_verified
Zoonotic rank model,SCLIN0027109,input_original/manual_downloads/ZoonoticRankModel/FinalData_Cleaned.csv,normalized from outputs/tables/zoonotic_rank_family_reconstruction_audit.csv row 320; unit=released dataset row,RAW0027109,NC_003690.1,,Langat virus,Langat virus,Flaviviridae,Flaviviridae,ICTV 2026 (MSL41.v1),exact_current_family_from_author_figure_table,high,1,independent_source_verified
Zoonotic rank model,SCLIN0027110,input_original/manual_downloads/ZoonoticRankModel/FinalData_Cleaned.csv,normalized from outputs/tables/zoonotic_rank_family_reconstruction_audit.csv row 329; unit=released dataset row,RAW0027110,NC_001809.1,,Louping ill virus,Louping ill virus,Flaviviridae,Flaviviridae,ICTV 2026 (MSL41.v1),exact_current_family_from_author_figure_table,high,1,independent_source_verified
Zoonotic rank model,SCLIN0027111,input_original/manual_downloads/ZoonoticRankModel/FinalData_Cleaned.csv,normalized from outputs/tables/zoonotic_rank_family_reconstruction_audit.csv row 377; unit=released dataset row,RAW0027111,NC_003635.1,,Modoc virus,Modoc virus,Flaviviridae,Flaviviridae,ICTV 2026 (MSL41.v1),exact_current_family_from_author_figure_table,high,1,independent_source_verified
Zoonotic rank model,SCLIN0027112,input_original/manual_downloads/ZoonoticRankModel/FinalData_Cleaned.csv,normalized from outputs/tables/zoonotic_rank_family_reconstruction_audit.csv row 383; unit=released dataset row,RAW0027112,NC_004119.1,,Montana myotis leukoencephalitis virus,Montana myotis leukoencephalitis virus,Flaviviridae,Flaviviridae,ICTV 2026 (MSL41.v1),exact_current_family_from_author_figure_table,high,1,independent_source_verified
Zoonotic rank model,SCLIN0027113,input_original/manual_downloads/ZoonoticRankModel/FinalData_Cleaned.csv,normalized from outputs/tables/zoonotic_rank_family_reconstruction_audit.csv row 38; unit=released dataset row,RAW0027113,NC_003676.1,,Apoi virus,Apoi virus,Flaviviridae,Flaviviridae,ICTV 2026 (MSL41.v1),exact_current_family_from_author_figure_table,high,1,independent_source_verified
Zoonotic rank model,SCLIN0027114,input_original/manual_downloads/ZoonoticRankModel/FinalData_Cleaned.csv,normalized from outputs/tables/zoonotic_rank_family_reconstruction_audit.csv row 403; unit=released dataset row,RAW0027114,NC_000943.1,,Murray Valley encephalitis virus,Murray Valley encephalitis virus,Flaviviridae,Flaviviridae,ICTV 2026 (MSL41.v1),exact_current_family_from_author_figure_table,high,1,independent_source_verified
Zoonotic rank model,SCLIN0027115,input_original/manual_downloads/ZoonoticRankModel/FinalData_Cleaned.csv,normalized from outputs/tables/zoonotic_rank_family_reconstruction_audit.csv row 418; unit=released dataset row,RAW0027115,NC_018705.3,,Ntaya virus,Ntaya virus,Flaviviridae,Flaviviridae,ICTV 2026 (MSL41.v1),exact_current_family_from_author_figure_table,high,1,independent_source_verified
Zoonotic rank model,SCLIN0027116,input_original/manual_downloads/ZoonoticRankModel/FinalData_Cleaned.csv,normalized from outputs/tables/zoonotic_rank_family_reconstruction_audit.csv row 426; unit=released dataset row,RAW0027116,NC_005062.1,,Omsk hemorrhagic fever virus,Omsk hemorrhagic fever virus,Flaviviridae,Flaviviridae,ICTV 2026 (MSL41.v1),exact_current_family_from_author_figure_table,high,1,independent_source_verified
Zoonotic rank model,SCLIN0027117,input_original/manual_downloads/ZoonoticRankModel/FinalData_Cleaned.csv,normalized from outputs/tables/zoonotic_rank_family_reconstruction_audit.csv row 42; unit=released dataset row,RAW0027117,NC_009026.2,,Aroa virus,Aroa virus,Flaviviridae,Flaviviridae,ICTV 2026 (MSL41.v1),exact_current_family_from_author_figure_table,high,1,independent_source_verified
Zoonotic rank model,SCLIN0027118,input_original/manual_downloads/ZoonoticRankModel/FinalData_Cleaned.csv,normalized from outputs/tables/zoonotic_rank_family_reconstruction_audit.csv row 449; unit=released dataset row,RAW0027118,NC_001837.1,,Pegivirus A,Pegivirus A,Flaviviridae,Flaviviridae,ICTV 2026 (MSL41.v1),exact_current_family_from_author_figure_table,high,1,independent_source_verified
Zoonotic rank model,SCLIN0027119,input_original/manual_downloads/ZoonoticRankModel/FinalData_Cleaned.csv,normalized from outputs/tables/zoonotic_rank_family_reconstruction_audit.csv row 450; unit=released dataset row,RAW0027119,NC_001710.1,,Pegivirus C,Pegivirus C,Flaviviridae,Flaviviridae,ICTV 2026 (MSL41.v1),exact_current_family_from_author_figure_table,high,1,independent_source_verified
Zoonotic rank model,SCLIN0027120,input_original/manual_downloads/ZoonoticRankModel/FinalData_Cleaned.csv,normalized from outputs/tables/zoonotic_rank_family_reconstruction_audit.csv row 451; unit=released dataset row,RAW0027120,NC_020902.1,,Pegivirus E,Pegivirus E,Flaviviridae,Flaviviridae,ICTV 2026 (MSL41.v1),exact_current_family_from_author_figure_table,high,1,independent_source_verified
Zoonotic rank model,SCLIN0027121,input_original/manual_downloads/ZoonoticRankModel/FinalData_Cleaned.csv,normalized from outputs/tables/zoonotic_rank_family_reconstruction_audit.csv row 452; unit=released dataset row,RAW0027121,NC_027998.2,,Pegivirus H,Pegivirus H,Flaviviridae,Flaviviridae,ICTV 2026 (MSL41.v1),exact_current_family_from_author_figure_table,high,1,independent_source_verified
Zoonotic rank model,SCLIN0027122,input_original/manual_downloads/ZoonoticRankModel/FinalData_Cleaned.csv,normalized from outputs/tables/zoonotic_rank_family_reconstruction_audit.csv row 456; unit=released dataset row,RAW0027122,NC_034007.1,,Phnom Penh bat virus,Phnom Penh bat virus,Flaviviridae,Flaviviridae,ICTV 2026 (MSL41.v1),exact_current_family_from_author_figure_table,high,1,independent_source_verified
Zoonotic rank model,SCLIN0027123,input_original/manual_downloads/ZoonoticRankModel/FinalData_Cleaned.csv,normalized from outputs/tables/zoonotic_rank_family_reconstruction_audit.csv row 480; unit=released dataset row,RAW0027123,NC_003687.1,,Powassan virus,Powassan virus,Flaviviridae,Flaviviridae,ICTV 2026 (MSL41.v1),exact_current_family_from_author_figure_table,high,1,independent_source_verified
Zoonotic rank model,SCLIN0027124,input_original/manual_downloads/ZoonoticRankModel/FinalData_Cleaned.csv,normalized from outputs/tables/zoonotic_rank_family_reconstruction_audit.csv row 488; unit=released dataset row,RAW0027124,NC_024018.2,,Pronghorn antelope pestivirus,Pestivirus E,Flaviviridae,Flaviviridae,ICTV 2026 (MSL41.v1),exact_current_family_from_author_figure_table,high,1,independent_source_verified
Zoonotic rank model,SCLIN0027125,input_original/manual_downloads/ZoonoticRankModel/FinalData_Cleaned.csv,normalized from outputs/tables/zoonotic_rank_family_reconstruction_audit.csv row 511; unit=released dataset row,RAW0027125,JQ582840.1,,Rio Bravo virus,Rio Bravo virus,Flaviviridae,Flaviviridae,ICTV 2026 (MSL41.v1),exact_current_family_from_author_figure_table,high,1,independent_source_verified
Zoonotic rank model,SCLIN0027126,input_original/manual_downloads/ZoonoticRankModel/FinalData_Cleaned.csv,normalized from outputs/tables/zoonotic_rank_family_reconstruction_audit.csv row 522; unit=released dataset row,RAW0027126,NC_006947.1,,Royal Farm virus,Royal Farm virus,Flaviviridae,Flaviviridae,ICTV 2026 (MSL41.v1),exact_current_family_from_author_figure_table,high,1,independent_source_verified
Zoonotic rank model,SCLIN0027127,input_original/manual_downloads/ZoonoticRankModel/FinalData_Cleaned.csv,normalized from outputs/tables/zoonotic_rank_family_reconstruction_audit.csv row 525; unit=released dataset row,RAW0027127,NC_033697.1,,Saboya virus,Saboya virus,Flaviviridae,Flaviviridae,ICTV 2026 (MSL41.v1),exact_current_family_from_author_figure_table,high,1,independent_source_verified
Zoonotic rank model,SCLIN0027128,input_original/manual_downloads/ZoonoticRankModel/FinalData_Cleaned.csv,normalized from outputs/tables/zoonotic_rank_family_reconstruction_audit.csv row 540; unit=released dataset row,RAW0027128,NC_008719.1,,Sepik virus,Sepik virus,Flaviviridae,Flaviviridae,ICTV 2026 (MSL41.v1),exact_current_family_from_author_figure_table,high,1,independent_source_verified
Zoonotic rank model,SCLIN0027129,input_original/manual_downloads/ZoonoticRankModel/FinalData_Cleaned.csv,normalized from outputs/tables/zoonotic_rank_family_reconstruction_audit.csv row 562; unit=released dataset row,RAW0027129,NC_007580.2,,St. Louis encephalitis virus,Saint Louis encephalitis virus,Flaviviridae,Flaviviridae,ICTV 2026 (MSL41.v1),exact_current_family_from_author_figure_table,high,1,independent_source_verified
Zoonotic rank model,SCLIN0027130,input_original/manual_downloads/ZoonoticRankModel/FinalData_Cleaned.csv,normalized from outputs/tables/zoonotic_rank_family_reconstruction_audit.csv row 573; unit=released dataset row,RAW0027130,NC_015843.2,,Tembusu virus,Tembusu virus,Flaviviridae,Flaviviridae,ICTV 2026 (MSL41.v1),exact_current_family_from_author_figure_table,high,1,independent_source_verified
Zoonotic rank model,SCLIN0027131,input_original/manual_downloads/ZoonoticRankModel/FinalData_Cleaned.csv,normalized from outputs/tables/zoonotic_rank_family_reconstruction_audit.csv row 581; unit=released dataset row,RAW0027131,NC_001672.1,,Tick-borne encephalitis virus,Tick-borne encephalitis virus,Flaviviridae,Flaviviridae,ICTV 2026 (MSL41.v1),exact_current_family_from_author_figure_table,high,1,independent_source_verified
Zoonotic rank model,SCLIN0027132,input_original/manual_downloads/ZoonoticRankModel/FinalData_Cleaned.csv,normalized from outputs/tables/zoonotic_rank_family_reconstruction_audit.csv row 594; unit=released dataset row,RAW0027132,NC_023424.1,,Tyuleniy virus,Tyuleniy virus,Flaviviridae,Flaviviridae,ICTV 2026 (MSL41.v1),exact_current_family_from_author_figure_table,high,1,independent_source_verified
Zoonotic rank model,SCLIN0027133,input_original/manual_downloads/ZoonoticRankModel/FinalData_Cleaned.csv,normalized from outputs/tables/zoonotic_rank_family_reconstruction_audit.csv row 595; unit=released dataset row,RAW0027133,NC_033698.1,,Uganda S virus,Uganda S virus,Flaviviridae,Flaviviridae,ICTV 2026 (MSL41.v1),exact_current_family_from_author_figure_table,high,1,independent_source_verified
Zoonotic rank model,SCLIN0027134,input_original/manual_downloads/ZoonoticRankModel/FinalData_Cleaned.csv,normalized from outputs/tables/zoonotic_rank_family_reconstruction_audit.csv row 609; unit=released dataset row,RAW0027134,NC_012735.1,,Wesselsbron virus,Wesselsbron virus,Flaviviridae,Flaviviridae,ICTV 2026 (MSL41.v1),exact_current_family_from_author_figure_table,high,1,independent_source_verified
Zoonotic rank model,SCLIN0027135,input_original/manual_downloads/ZoonoticRankModel/FinalData_Cleaned.csv,normalized from outputs/tables/zoonotic_rank_family_reconstruction_audit.csv row 611; unit=released dataset row,RAW0027135,NC_001563.2,,West Nile virus,West Nile virus,Flaviviridae,Flaviviridae,ICTV 2026 (MSL41.v1),exact_current_family_from_author_figure_table,high,1,independent_source_verified
Zoonotic rank model,SCLIN0027136,input_original/manual_downloads/ZoonoticRankModel/FinalData_Cleaned.csv,normalized from outputs/tables/zoonotic_rank_family_reconstruction_audit.csv row 624; unit=released dataset row,RAW0027136,JX898871.1,,Yellow fever virus,Yellow fever virus,Flaviviridae,Flaviviridae,ICTV 2026 (MSL41.v1),exact_current_family_from_author_figure_table,high,1,independent_source_verified
Zoonotic rank model,SCLIN0027137,input_original/manual_downloads/ZoonoticRankModel/FinalData_Cleaned.csv,normalized from outputs/tables/zoonotic_rank_family_reconstruction_audit.csv row 625; unit=released dataset row,RAW0027137,NC_005039.1,,Yokose virus,Yokose virus,Flaviviridae,Flaviviridae,ICTV 2026 (MSL41.v1),exact_current_family_from_author_figure_table,high,1,independent_source_verified
Zoonotic rank model,SCLIN0027138,input_original/manual_downloads/ZoonoticRankModel/FinalData_Cleaned.csv,normalized from outputs/tables/zoonotic_rank_family_reconstruction_audit.csv row 630; unit=released dataset row,RAW0027138,NC_012532.1,,Zika virus,Zika virus,Flaviviridae,Flaviviridae,ICTV 2026 (MSL41.v1),exact_current_family_from_author_figure_table,high,1,independent_source_verified
Zoonotic rank model,SCLIN0027139,input_original/manual_downloads/ZoonoticRankModel/FinalData_Cleaned.csv,normalized from outputs/tables/zoonotic_rank_family_reconstruction_audit.csv row 65; unit=released dataset row,RAW0027139,NC_018713.1,,Aydin virus,Pestivirus I,Flaviviridae,Flaviviridae,ICTV 2026 (MSL41.v1),exact_current_family_from_author_figure_table,high,1,independent_source_verified
Zoonotic rank model,SCLIN0027140,input_original/manual_downloads/ZoonoticRankModel/FinalData_Cleaned.csv,normalized from outputs/tables/zoonotic_rank_family_reconstruction_audit.csv row 67; unit=released dataset row,RAW0027140,NC_012534.1,,Bagaza virus,Bagaza virus,Flaviviridae,Flaviviridae,ICTV 2026 (MSL41.v1),exact_current_family_from_author_figure_table,high,1,independent_source_verified
Zoonotic rank model,SCLIN0027141,input_original/manual_downloads/ZoonoticRankModel/FinalData_Cleaned.csv,normalized from outputs/tables/zoonotic_rank_family_reconstruction_audit.csv row 706; unit=released dataset row,RAW0027141,NC_030289.1,,Edge Hill virus,Edge Hill virus,Flaviviridae,Flaviviridae,ICTV 2026 (MSL41.v1),exact_current_family_from_author_figure_table,high,1,independent_source_verified
Zoonotic rank model,SCLIN0027142,input_original/manual_downloads/ZoonoticRankModel/FinalData_Cleaned.csv,normalized from outputs/tables/zoonotic_rank_family_reconstruction_audit.csv row 70; unit=released dataset row,RAW0027142,DQ859056.1,,Banzi virus,Banzi virus,Flaviviridae,Flaviviridae,ICTV 2026 (MSL41.v1),exact_current_family_from_author_figure_table,high,1,independent_source_verified
Zoonotic rank model,SCLIN0027143,input_original/manual_downloads/ZoonoticRankModel/FinalData_Cleaned.csv,normalized from outputs/tables/zoonotic_rank_family_reconstruction_audit.csv row 721; unit=released dataset row,RAW0027143,NC_033723.1,,Gadgets Gully virus,Gadgets Gully virus,Flaviviridae,Flaviviridae,ICTV 2026 (MSL41.v1),exact_current_family_from_author_figure_table,high,1,independent_source_verified
Zoonotic rank model,SCLIN0027144,input_original/manual_downloads/ZoonoticRankModel/FinalData_Cleaned.csv,normalized from outputs/tables/zoonotic_rank_family_reconstruction_audit.csv row 728; unit=released dataset row,RAW0027144,NC_038425.1,,Hepacivirus A,Hepacivirus A,Flaviviridae,Flaviviridae,ICTV 2026 (MSL41.v1),exact_current_family_from_author_figure_table,high,1,independent_source_verified
Zoonotic rank model,SCLIN0027145,input_original/manual_downloads/ZoonoticRankModel/FinalData_Cleaned.csv,normalized from outputs/tables/zoonotic_rank_family_reconstruction_audit.csv row 729; unit=released dataset row,RAW0027145,NC_038426.1,,Hepacivirus B,Hepacivirus B,Flaviviridae,Flaviviridae,ICTV 2026 (MSL41.v1),exact_current_family_from_author_figure_table,high,1,independent_source_verified
Zoonotic rank model,SCLIN0027146,input_original/manual_downloads/ZoonoticRankModel/FinalData_Cleaned.csv,normalized from outputs/tables/zoonotic_rank_family_reconstruction_audit.csv row 730; unit=released dataset row,RAW0027146,NC_031950.1,,Hepacivirus D,Hepacivirus D,Flaviviridae,Flaviviridae,ICTV 2026 (MSL41.v1),exact_current_family_from_author_figure_table,high,1,independent_source_verified
Zoonotic rank model,SCLIN0027147,input_original/manual_downloads/ZoonoticRankModel/FinalData_Cleaned.csv,normalized from outputs/tables/zoonotic_rank_family_reconstruction_audit.csv row 731; unit=released dataset row,RAW0027147,KC815310.1,,Hepacivirus E,Hepacivirus E,Flaviviridae,Flaviviridae,ICTV 2026 (MSL41.v1),exact_current_family_from_author_figure_table,high,1,independent_source_verified
Zoonotic rank model,SCLIN0027148,input_original/manual_downloads/ZoonoticRankModel/FinalData_Cleaned.csv,normalized from outputs/tables/zoonotic_rank_family_reconstruction_audit.csv row 732; unit=released dataset row,RAW0027148,NC_038427.1,,Hepacivirus F,Hepacivirus F,Flaviviridae,Flaviviridae,ICTV 2026 (MSL41.v1),exact_current_family_from_author_figure_table,high,1,independent_source_verified
Zoonotic rank model,SCLIN0027149,input_original/manual_downloads/ZoonoticRankModel/FinalData_Cleaned.csv,normalized from outputs/tables/zoonotic_rank_family_reconstruction_audit.csv row 733; unit=released dataset row,RAW0027149,KJ950938.1,,Hepacivirus G,Hepacivirus G,Flaviviridae,Flaviviridae,ICTV 2026 (MSL41.v1),exact_current_family_from_author_figure_table,high,1,independent_source_verified
Zoonotic rank model,SCLIN0027150,input_original/manual_downloads/ZoonoticRankModel/FinalData_Cleaned.csv,normalized from outputs/tables/zoonotic_rank_family_reconstruction_audit.csv row 734; unit=released dataset row,RAW0027150,KJ950939.1,,Hepacivirus H,Hepacivirus H,Flaviviridae,Flaviviridae,ICTV 2026 (MSL41.v1),exact_current_family_from_author_figure_table,high,1,independent_source_verified
Zoonotic rank model,SCLIN0027151,input_original/manual_downloads/ZoonoticRankModel/FinalData_Cleaned.csv,normalized from outputs/tables/zoonotic_rank_family_reconstruction_audit.csv row 735; unit=released dataset row,RAW0027151,NC_038428.1,,Hepacivirus I,Hepacivirus I,Flaviviridae,Flaviviridae,ICTV 2026 (MSL41.v1),exact_current_family_from_author_figure_table,high,1,independent_source_verified
Zoonotic rank model,SCLIN0027152,input_original/manual_downloads/ZoonoticRankModel/FinalData_Cleaned.csv,normalized from outputs/tables/zoonotic_rank_family_reconstruction_audit.csv row 736; unit=released dataset row,RAW0027152,NC_038429.1,,Hepacivirus J,Hepacivirus J,Flaviviridae,Flaviviridae,ICTV 2026 (MSL41.v1),exact_current_family_from_author_figure_table,high,1,independent_source_verified
Zoonotic rank model,SCLIN0027153,input_original/manual_downloads/ZoonoticRankModel/FinalData_Cleaned.csv,normalized from outputs/tables/zoonotic_rank_family_reconstruction_audit.csv row 737; unit=released dataset row,RAW0027153,NC_038430.1,,Hepacivirus K,Hepacivirus K,Flaviviridae,Flaviviridae,ICTV 2026 (MSL41.v1),exact_current_family_from_author_figure_table,high,1,independent_source_verified
Zoonotic rank model,SCLIN0027154,input_original/manual_downloads/ZoonoticRankModel/FinalData_Cleaned.csv,normalized from outputs/tables/zoonotic_rank_family_reconstruction_audit.csv row 738; unit=released dataset row,RAW0027154,NC_031916.1,,Hepacivirus L,Hepacivirus L,Flaviviridae,Flaviviridae,ICTV 2026 (MSL41.v1),exact_current_family_from_author_figure_table,high,1,independent_source_verified
Zoonotic rank model,SCLIN0027155,input_original/manual_downloads/ZoonoticRankModel/FinalData_Cleaned.csv,normalized from outputs/tables/zoonotic_rank_family_reconstruction_audit.csv row 739; unit=released dataset row,RAW0027155,NC_038431.1,,Hepacivirus M,Hepacivirus M,Flaviviridae,Flaviviridae,ICTV 2026 (MSL41.v1),exact_current_family_from_author_figure_table,high,1,independent_source_verified
Zoonotic rank model,SCLIN0027156,input_original/manual_downloads/ZoonoticRankModel/FinalData_Cleaned.csv,normalized from outputs/tables/zoonotic_rank_family_reconstruction_audit.csv row 740; unit=released dataset row,RAW0027156,NC_038432.1,,Hepacivirus N,Hepacivirus N,Flaviviridae,Flaviviridae,ICTV 2026 (MSL41.v1),exact_current_family_from_author_figure_table,high,1,independent_source_verified
Zoonotic rank model,SCLIN0027157,input_original/manual_downloads/ZoonoticRankModel/FinalData_Cleaned.csv,normalized from outputs/tables/zoonotic_rank_family_reconstruction_audit.csv row 758; unit=released dataset row,RAW0027157,KC734551.1,,Israel turkey meningoencephalomyelitis virus,Israel turkey meningoencephalomyelitis virus,Flaviviridae,Flaviviridae,ICTV 2026 (MSL41.v1),exact_current_family_from_author_figure_table,high,1,independent_source_verified
Zoonotic rank model,SCLIN0027158,input_original/manual_downloads/ZoonoticRankModel/FinalData_Cleaned.csv,normalized from outputs/tables/zoonotic_rank_family_reconstruction_audit.csv row 764; unit=released dataset row,RAW0027158,NC_033724.1,,Kadam virus,Kadam virus,Flaviviridae,Flaviviridae,ICTV 2026 (MSL41.v1),exact_current_family_from_author_figure_table,high,1,independent_source_verified
Zoonotic rank model,SCLIN0027159,input_original/manual_downloads/ZoonoticRankModel/FinalData_Cleaned.csv,normalized from outputs/tables/zoonotic_rank_family_reconstruction_audit.csv row 807; unit=released dataset row,RAW0027159,NC_033721.1,,Meaban virus,Meaban virus,Flaviviridae,Flaviviridae,ICTV 2026 (MSL41.v1),exact_current_family_from_author_figure_table,high,1,independent_source_verified
Zoonotic rank model,SCLIN0027160,input_original/manual_downloads/ZoonoticRankModel/FinalData_Cleaned.csv,normalized from outputs/tables/zoonotic_rank_family_reconstruction_audit.csv row 840; unit=released dataset row,RAW0027160,NC_030291.1,,Pegivirus B,Pegivirus B,Flaviviridae,Flaviviridae,ICTV 2026 (MSL41.v1),exact_current_family_from_author_figure_table,high,1,independent_source_verified
Zoonotic rank model,SCLIN0027161,input_original/manual_downloads/ZoonoticRankModel/FinalData_Cleaned.csv,normalized from outputs/tables/zoonotic_rank_family_reconstruction_audit.csv row 841; unit=released dataset row,RAW0027161,NC_038433.1,,Pegivirus D,Pegivirus D,Flaviviridae,Flaviviridae,ICTV 2026 (MSL41.v1),exact_current_family_from_author_figure_table,high,1,independent_source_verified
Zoonotic rank model,SCLIN0027162,input_original/manual_downloads/ZoonoticRankModel/FinalData_Cleaned.csv,normalized from outputs/tables/zoonotic_rank_family_reconstruction_audit.csv row 842; unit=released dataset row,RAW0027162,NC_038434.1,,Pegivirus F,Pegivirus F,Flaviviridae,Flaviviridae,ICTV 2026 (MSL41.v1),exact_current_family_from_author_figure_table,high,1,independent_source_verified
Zoonotic rank model,SCLIN0027163,input_original/manual_downloads/ZoonoticRankModel/FinalData_Cleaned.csv,normalized from outputs/tables/zoonotic_rank_family_reconstruction_audit.csv row 843; unit=released dataset row,RAW0027163,NC_038435.1,,Pegivirus G,Pegivirus G,Flaviviridae,Flaviviridae,ICTV 2026 (MSL41.v1),exact_current_family_from_author_figure_table,high,1,independent_source_verified
Zoonotic rank model,SCLIN0027164,input_original/manual_downloads/ZoonoticRankModel/FinalData_Cleaned.csv,normalized from outputs/tables/zoonotic_rank_family_reconstruction_audit.csv row 844; unit=released dataset row,RAW0027164,NC_038437.1,,Pegivirus I,Pegivirus I,Flaviviridae,Flaviviridae,ICTV 2026 (MSL41.v1),exact_current_family_from_author_figure_table,high,1,independent_source_verified
Zoonotic rank model,SCLIN0027165,input_original/manual_downloads/ZoonoticRankModel/FinalData_Cleaned.csv,normalized from outputs/tables/zoonotic_rank_family_reconstruction_audit.csv row 845; unit=released dataset row,RAW0027165,KC815311.1,,Pegivirus J,Pegivirus J,Flaviviridae,Flaviviridae,ICTV 2026 (MSL41.v1),exact_current_family_from_author_figure_table,high,1,independent_source_verified
Zoonotic rank model,SCLIN0027166,input_original/manual_downloads/ZoonoticRankModel/FinalData_Cleaned.csv,normalized from outputs/tables/zoonotic_rank_family_reconstruction_audit.csv row 846; unit=released dataset row,RAW0027166,NC_034442.1,,Pegivirus K,Pegivirus K,Flaviviridae,Flaviviridae,ICTV 2026 (MSL41.v1),exact_current_family_from_author_figure_table,high,1,independent_source_verified
Zoonotic rank model,SCLIN0027167,input_original/manual_downloads/ZoonoticRankModel/FinalData_Cleaned.csv,normalized from outputs/tables/zoonotic_rank_family_reconstruction_audit.csv row 877; unit=released dataset row,RAW0027167,NC_033726.1,,Saumarez Reef virus,Saumarez Reef virus,Flaviviridae,Flaviviridae,ICTV 2026 (MSL41.v1),exact_current_family_from_author_figure_table,high,1,independent_source_verified
Zoonotic rank model,SCLIN0027168,input_original/manual_downloads/ZoonoticRankModel/FinalData_Cleaned.csv,normalized from outputs/tables/zoonotic_rank_family_reconstruction_audit.csv row 909; unit=released dataset row,RAW0027168,NC_034018.1,,Yaounde virus,Yaounde virus,Flaviviridae,Flaviviridae,ICTV 2026 (MSL41.v1),exact_current_family_from_author_figure_table,high,1,independent_source_verified
Zoonotic rank model,SCLIN0027169,input_original/manual_downloads/ZoonoticRankModel/FinalData_Cleaned.csv,normalized from outputs/tables/zoonotic_rank_family_reconstruction_audit.csv row 91; unit=released dataset row,RAW0027169,NC_003679.1,,Border disease virus,Pestivirus D,Flaviviridae,Flaviviridae,ICTV 2026 (MSL41.v1),exact_current_family_from_author_figure_table,high,1,independent_source_verified
Zoonotic rank model,SCLIN0027170,input_original/manual_downloads/ZoonoticRankModel/FinalData_Cleaned.csv,normalized from outputs/tables/zoonotic_rank_family_reconstruction_audit.csv row 93; unit=released dataset row,RAW0027170,NC_033693.1,,Bouboui virus,Bouboui virus,Flaviviridae,Flaviviridae,ICTV 2026 (MSL41.v1),exact_current_family_from_author_figure_table,high,1,independent_source_verified
Zoonotic rank model,SCLIN0027171,input_original/manual_downloads/ZoonoticRankModel/FinalData_Cleaned.csv,normalized from outputs/tables/zoonotic_rank_family_reconstruction_audit.csv row 129; unit=released dataset row,RAW0027171,NC_034515.1; NC_034525.1; NC_034528.1,,Cano Delgadito orthohantavirus,Cano Delgadito orthohantavirus,Hantaviridae,Hantaviridae,ICTV 2026 (MSL41.v1),exact_current_family_from_author_figure_table,high,1,independent_source_verified
Zoonotic rank model,SCLIN0027172,input_original/manual_downloads/ZoonoticRankModel/FinalData_Cleaned.csv,normalized from outputs/tables/zoonotic_rank_family_reconstruction_audit.csv row 171; unit=released dataset row,RAW0027172,NC_005235.1; NC_005234.1; NC_005233.1,,Dobrava-Belgrade orthohantavirus,Dobrava-Belgrade orthohantavirus,Hantaviridae,Hantaviridae,ICTV 2026 (MSL41.v1),exact_current_family_from_author_figure_table,high,1,independent_source_verified
Zoonotic rank model,SCLIN0027173,input_original/manual_downloads/ZoonoticRankModel/FinalData_Cleaned.csv,normalized from outputs/tables/zoonotic_rank_family_reconstruction_audit.csv row 181; unit=released dataset row,RAW0027173,U26828.1; U11427.1,,El Moro Canyon orthohantavirus,El Moro Canyon orthohantavirus,,Hantaviridae,ICTV 2026 (MSL41.v1),unique_current_ictv_genus_token,high,1,independent_source_verified
Zoonotic rank model,SCLIN0027174,input_original/manual_downloads/ZoonoticRankModel/FinalData_Cleaned.csv,normalized from outputs/tables/zoonotic_rank_family_reconstruction_audit.csv row 243; unit=released dataset row,RAW0027174,NC_005218.1,,Hantaan orthohantavirus,Hantaan orthohantavirus,Hantaviridae,Hantaviridae,ICTV 2026 (MSL41.v1),exact_current_family_from_author_figure_table,high,1,independent_source_verified
Zoonotic rank model,SCLIN0027175,input_original/manual_downloads/ZoonoticRankModel/FinalData_Cleaned.csv,normalized from outputs/tables/zoonotic_rank_family_reconstruction_audit.csv row 306; unit=released dataset row,RAW0027175,NC_034519.1; NC_034518.1; NC_034527.1,,Khabarovsk orthohantavirus,Khabarovsk orthohantavirus,Hantaviridae,Hantaviridae,ICTV 2026 (MSL41.v1),exact_current_family_from_author_figure_table,high,1,independent_source_verified
Zoonotic rank model,SCLIN0027176,input_original/manual_downloads/ZoonoticRankModel/FinalData_Cleaned.csv,normalized from outputs/tables/zoonotic_rank_family_reconstruction_audit.csv row 317; unit=released dataset row,RAW0027176,AF005728.1; AF005727.1,,Laguna Negra orthohantavirus,Laguna Negra orthohantavirus,,Hantaviridae,ICTV 2026 (MSL41.v1),exact_vmr_genbank_accession,high,1,independent_source_verified
Zoonotic rank model,SCLIN0027177,input_original/manual_downloads/ZoonoticRankModel/FinalData_Cleaned.csv,normalized from outputs/tables/zoonotic_rank_family_reconstruction_audit.csv row 34; unit=released dataset row,RAW0027177,NC_003468.2; NC_003467.2; NC_003466.1,,Andes orthohantavirus,Andes orthohantavirus,Hantaviridae,Hantaviridae,ICTV 2026 (MSL41.v1),exact_current_family_from_author_figure_table,high,1,independent_source_verified
Zoonotic rank model,SCLIN0027178,input_original/manual_downloads/ZoonoticRankModel/FinalData_Cleaned.csv,normalized from outputs/tables/zoonotic_rank_family_reconstruction_audit.csv row 489; unit=released dataset row,RAW0027178,X55129.1,,Prospect Hill orthohantavirus,Prospect Hill orthohantavirus,,Hantaviridae,ICTV 2026 (MSL41.v1),exact_vmr_genbank_accession,high,1,independent_source_verified
Zoonotic rank model,SCLIN0027179,input_original/manual_downloads/ZoonoticRankModel/FinalData_Cleaned.csv,normalized from outputs/tables/zoonotic_rank_family_reconstruction_audit.csv row 494; unit=released dataset row,RAW0027179,NC_005225.1; NC_005223.1; NC_005224.1,,Puumala orthohantavirus,Puumala orthohantavirus,Hantaviridae,Hantaviridae,ICTV 2026 (MSL41.v1),exact_current_family_from_author_figure_table,high,1,independent_source_verified
Zoonotic rank model,SCLIN0027180,input_original/manual_downloads/ZoonoticRankModel/FinalData_Cleaned.csv,normalized from outputs/tables/zoonotic_rank_family_reconstruction_audit.csv row 539; unit=released dataset row,RAW0027180,NC_005238.1; NC_005237.1; NC_005236.1,,Seoul orthohantavirus,Seoul orthohantavirus,Hantaviridae,Hantaviridae,ICTV 2026 (MSL41.v1),exact_current_family_from_author_figure_table,high,1,independent_source_verified
Zoonotic rank model,SCLIN0027181,input_original/manual_downloads/ZoonoticRankModel/FinalData_Cleaned.csv,normalized from outputs/tables/zoonotic_rank_family_reconstruction_audit.csv row 553; unit=released dataset row,RAW0027181,NC_005217.1; NC_005215.1; NC_005216.1,,Sin Nombre orthohantavirus,Sin Nombre orthohantavirus,Hantaviridae,Hantaviridae,ICTV 2026 (MSL41.v1),exact_current_family_from_author_figure_table,high,1,independent_source_verified
Zoonotic rank model,SCLIN0027182,input_original/manual_downloads/ZoonoticRankModel/FinalData_Cleaned.csv,normalized from outputs/tables/zoonotic_rank_family_reconstruction_audit.csv row 576; unit=released dataset row,RAW0027182,NC_034556.1; NC_034563.1; NC_034555.1,,Thailand orthohantavirus,Thailand orthohantavirus,Hantaviridae,Hantaviridae,ICTV 2026 (MSL41.v1),exact_current_family_from_author_figure_table,high,1,independent_source_verified
Zoonotic rank model,SCLIN0027183,input_original/manual_downloads/ZoonoticRankModel/FinalData_Cleaned.csv,normalized from outputs/tables/zoonotic_rank_family_reconstruction_audit.csv row 579; unit=released dataset row,RAW0027183,NC_010707.1; NC_010708.1; NC_010704.1,,Thottapalayam orthohantavirus,Thottopalayam thottimvirus,Hantaviridae,Hantaviridae,ICTV 2026 (MSL41.v1),exact_current_family_from_author_figure_table,high,1,independent_source_verified
Zoonotic rank model,SCLIN0027184,input_original/manual_downloads/ZoonoticRankModel/FinalData_Cleaned.csv,normalized from outputs/tables/zoonotic_rank_family_reconstruction_audit.csv row 589; unit=released dataset row,RAW0027184,NC_005226.1; NC_005228.1; NC_005227.2,,Tula orthohantavirus,Tula orthohantavirus,Hantaviridae,Hantaviridae,ICTV 2026 (MSL41.v1),exact_current_family_from_author_figure_table,high,1,independent_source_verified
Zoonotic rank model,SCLIN0027185,input_original/manual_downloads/ZoonoticRankModel/FinalData_Cleaned.csv,normalized from outputs/tables/zoonotic_rank_family_reconstruction_audit.csv row 631; unit=released dataset row,RAW0027185,NC_038374.1; NC_038373.1,,Choclo orthohantavirus,Choclo orthohantavirus,Hantaviridae,Hantaviridae,ICTV 2026 (MSL41.v1),exact_current_family_from_author_figure_table,high,1,independent_source_verified
Zoonotic rank model,SCLIN0027186,input_original/manual_downloads/ZoonoticRankModel/FinalData_Cleaned.csv,normalized from outputs/tables/zoonotic_rank_family_reconstruction_audit.csv row 645; unit=released dataset row,RAW0027186,KF974359.1; KF974360.1,,Amga orthohantavirus,Seewis orhtohantavirus,,Hantaviridae,ICTV 2026 (MSL41.v1),unique_current_ictv_genus_token,high,1,independent_source_verified
Zoonotic rank model,SCLIN0027187,input_original/manual_downloads/ZoonoticRankModel/FinalData_Cleaned.csv,normalized from outputs/tables/zoonotic_rank_family_reconstruction_audit.csv row 652; unit=released dataset row,RAW0027187,NC_038274.1; NC_038273.1,,Asama orthohantavirus,Asama orthohantavirus,,Hantaviridae,ICTV 2026 (MSL41.v1),unique_current_ictv_genus_token,high,1,independent_source_verified
Zoonotic rank model,SCLIN0027188,input_original/manual_downloads/ZoonoticRankModel/FinalData_Cleaned.csv,normalized from outputs/tables/zoonotic_rank_family_reconstruction_audit.csv row 653; unit=released dataset row,RAW0027188,KC880348.1; KC880345.1; KC880342.1,,Asikkala orthohantavirus,Asikkala orthohantavirus,,Hantaviridae,ICTV 2026 (MSL41.v1),unique_current_ictv_genus_token,high,1,independent_source_verified
Zoonotic rank model,SCLIN0027189,input_original/manual_downloads/ZoonoticRankModel/FinalData_Cleaned.csv,normalized from outputs/tables/zoonotic_rank_family_reconstruction_audit.csv row 670; unit=released dataset row,RAW0027189,NC_034407.1; NC_034406.1; NC_034405.1,,Bowe orthohantavirus,Bowe orthohantavirus,Hantaviridae,Hantaviridae,ICTV 2026 (MSL41.v1),exact_current_family_from_author_figure_table,high,1,independent_source_verified
Zoonotic rank model,SCLIN0027190,input_original/manual_downloads/ZoonoticRankModel/FinalData_Cleaned.csv,normalized from outputs/tables/zoonotic_rank_family_reconstruction_audit.csv row 671; unit=released dataset row,RAW0027190,NC_034402.1; NC_034395.1; NC_034394.1,,Bruges orthohantavirus,Bruges orthohantavirus,Hantaviridae,Hantaviridae,ICTV 2026 (MSL41.v1),exact_current_family_from_author_figure_table,high,1,independent_source_verified
Zoonotic rank model,SCLIN0027191,input_original/manual_downloads/ZoonoticRankModel/FinalData_Cleaned.csv,normalized from outputs/tables/zoonotic_rank_family_reconstruction_audit.csv row 675; unit=released dataset row,RAW0027191,NC_034485.1; NC_034474.1; NC_034484.1,,Cao Bang orthohantavirus,Cao Bang orthohantavirus,Hantaviridae,Hantaviridae,ICTV 2026 (MSL41.v1),exact_current_family_from_author_figure_table,high,1,independent_source_verified
Zoonotic rank model,SCLIN0027192,input_original/manual_downloads/ZoonoticRankModel/FinalData_Cleaned.csv,normalized from outputs/tables/zoonotic_rank_family_reconstruction_audit.csv row 697; unit=released dataset row,RAW0027192,NC_038383.1; NC_038384.1,,Dabieshan orthohantavirus,Dabieshan orthohantavirus,Hantaviridae,Hantaviridae,ICTV 2026 (MSL41.v1),exact_current_family_from_author_figure_table,high,1,independent_source_verified
Zoonotic rank model,SCLIN0027193,input_original/manual_downloads/ZoonoticRankModel/FinalData_Cleaned.csv,normalized from outputs/tables/zoonotic_rank_family_reconstruction_audit.csv row 718; unit=released dataset row,RAW0027193,NC_034467.1; NC_034466.1; NC_034473.1,,Fugong orthohantavirus,Fugong orthohantavirus,Hantaviridae,Hantaviridae,ICTV 2026 (MSL41.v1),exact_current_family_from_author_figure_table,high,1,independent_source_verified
Zoonotic rank model,SCLIN0027194,input_original/manual_downloads/ZoonoticRankModel/FinalData_Cleaned.csv,normalized from outputs/tables/zoonotic_rank_family_reconstruction_audit.csv row 720; unit=released dataset row,RAW0027194,NC_038447.1; NC_038446.1,,Fusong orthohantavirus,Fusong orthohantavirus,Hantaviridae,Hantaviridae,ICTV 2026 (MSL41.v1),exact_current_family_from_author_figure_table,high,1,independent_source_verified
Zoonotic rank model,SCLIN0027195,input_original/manual_downloads/ZoonoticRankModel/FinalData_Cleaned.csv,normalized from outputs/tables/zoonotic_rank_family_reconstruction_audit.csv row 751; unit=released dataset row,RAW0027195,NC_034564.1; NC_034557.1; NC_034558.1,,Imjin orthohantavirus,Imjin thottimvirus,Hantaviridae,Hantaviridae,ICTV 2026 (MSL41.v1),exact_current_family_from_author_figure_table,high,1,independent_source_verified
Zoonotic rank model,SCLIN0027196,input_original/manual_downloads/ZoonoticRankModel/FinalData_Cleaned.csv,normalized from outputs/tables/zoonotic_rank_family_reconstruction_audit.csv row 760; unit=released dataset row,RAW0027196,NC_034399.1; NC_034404.1; NC_034398.1,,Jeju orthohantavirus,Jeju orthohantavirus,Hantaviridae,Hantaviridae,ICTV 2026 (MSL41.v1),exact_current_family_from_author_figure_table,high,1,independent_source_verified
Zoonotic rank model,SCLIN0027197,input_original/manual_downloads/ZoonoticRankModel/FinalData_Cleaned.csv,normalized from outputs/tables/zoonotic_rank_family_reconstruction_audit.csv row 768; unit=released dataset row,RAW0027197,NC_034560.1; NC_034565.1; NC_034559.1,,Kenkeme orthohantavirus,Kenkeme orthohantavirus,Hantaviridae,Hantaviridae,ICTV 2026 (MSL41.v1),exact_current_family_from_author_figure_table,high,1,independent_source_verified
Zoonotic rank model,SCLIN0027198,input_original/manual_downloads/ZoonoticRankModel/FinalData_Cleaned.csv,normalized from outputs/tables/zoonotic_rank_family_reconstruction_audit.csv row 76; unit=released dataset row,RAW0027198,NC_038299.1; NC_038300.1; NC_038298.1,,Bayou orthohantavirus,Bayou orthohantavirus,Hantaviridae,Hantaviridae,ICTV 2026 (MSL41.v1),exact_current_family_from_author_figure_table,high,1,independent_source_verified
Zoonotic rank model,SCLIN0027199,input_original/manual_downloads/ZoonoticRankModel/FinalData_Cleaned.csv,normalized from outputs/tables/zoonotic_rank_family_reconstruction_audit.csv row 780; unit=released dataset row,RAW0027199,NC_038515.1; NC_038513.1; NC_038514.1,,Laibin orthohantavirus,Laibin mobatvirus,Hantaviridae,Hantaviridae,ICTV 2026 (MSL41.v1),exact_current_family_from_author_figure_table,high,1,independent_source_verified
Zoonotic rank model,SCLIN0027200,input_original/manual_downloads/ZoonoticRankModel/FinalData_Cleaned.csv,normalized from outputs/tables/zoonotic_rank_family_reconstruction_audit.csv row 787; unit=released dataset row,RAW0027200,JX465401.1; JX465421.1,,Longquan orthohantavirus,Longquan loanvirus,,Hantaviridae,ICTV 2026 (MSL41.v1),unique_current_ictv_genus_token,high,1,independent_source_verified
Zoonotic rank model,SCLIN0027201,input_original/manual_downloads/ZoonoticRankModel/FinalData_Cleaned.csv,normalized from outputs/tables/zoonotic_rank_family_reconstruction_audit.csv row 788; unit=released dataset row,RAW0027201,NC_038529.1; NC_038528.1; NC_038530.1,,Luxi orthohantavirus,Luxi orthohantavirus,Hantaviridae,Hantaviridae,ICTV 2026 (MSL41.v1),exact_current_family_from_author_figure_table,high,1,independent_source_verified
Zoonotic rank model,SCLIN0027202,input_original/manual_downloads/ZoonoticRankModel/FinalData_Cleaned.csv,normalized from outputs/tables/zoonotic_rank_family_reconstruction_audit.csv row 804; unit=released dataset row,RAW0027202,NC_034553.1; NC_034552.1; NC_034566.1,,Maporal orthohantavirus,Maporal orthohantavirus,Hantaviridae,Hantaviridae,ICTV 2026 (MSL41.v1),exact_current_family_from_author_figure_table,high,1,independent_source_verified
Zoonotic rank model,SCLIN0027203,input_original/manual_downloads/ZoonoticRankModel/FinalData_Cleaned.csv,normalized from outputs/tables/zoonotic_rank_family_reconstruction_audit.csv row 813; unit=released dataset row,RAW0027203,NC_034403.1; NC_034397.1; NC_034396.1,,Montano orthohantavirus,Montano orthohantavirus,Hantaviridae,Hantaviridae,ICTV 2026 (MSL41.v1),exact_current_family_from_author_figure_table,high,1,independent_source_verified
Zoonotic rank model,SCLIN0027204,input_original/manual_downloads/ZoonoticRankModel/FinalData_Cleaned.csv,normalized from outputs/tables/zoonotic_rank_family_reconstruction_audit.csv row 822; unit=released dataset row,RAW0027204,KF494345.1; KF481954.1,,Necocli orthohantavirus,Necocli orthohantavirus,,Hantaviridae,ICTV 2026 (MSL41.v1),unique_current_ictv_genus_token,high,1,independent_source_verified
Zoonotic rank model,SCLIN0027205,input_original/manual_downloads/ZoonoticRankModel/FinalData_Cleaned.csv,normalized from outputs/tables/zoonotic_rank_family_reconstruction_audit.csv row 826; unit=released dataset row,RAW0027205,NC_034465.1; NC_034470.1; NC_034464.1,,Nova orthohantavirus,Nova mobatvirus,Hantaviridae,Hantaviridae,ICTV 2026 (MSL41.v1),exact_current_family_from_author_figure_table,high,1,independent_source_verified
Zoonotic rank model,SCLIN0027206,input_original/manual_downloads/ZoonoticRankModel/FinalData_Cleaned.csv,normalized from outputs/tables/zoonotic_rank_family_reconstruction_audit.csv row 831; unit=released dataset row,RAW0027206,FJ539167.1; FJ539166.1,,Oxbow orthohantavirus,Oxbow orthohantavirus,,Hantaviridae,ICTV 2026 (MSL41.v1),unique_current_ictv_genus_token,high,1,independent_source_verified
Zoonotic rank model,SCLIN0027207,input_original/manual_downloads/ZoonoticRankModel/FinalData_Cleaned.csv,normalized from outputs/tables/zoonotic_rank_family_reconstruction_audit.csv row 853; unit=released dataset row,RAW0027207,NC_034401.1; NC_034393.1; NC_034400.1,,Quezon orthohantavirus,Quezon mobatvirus,Hantaviridae,Hantaviridae,ICTV 2026 (MSL41.v1),exact_current_family_from_author_figure_table,high,1,independent_source_verified
Zoonotic rank model,SCLIN0027208,input_original/manual_downloads/ZoonoticRankModel/FinalData_Cleaned.csv,normalized from outputs/tables/zoonotic_rank_family_reconstruction_audit.csv row 868; unit=released dataset row,RAW0027208,NC_038695.1; NC_038694.1; NC_038696.1,,Rockport orthohantavirus,Rockport orthohantavirus,Hantaviridae,Hantaviridae,ICTV 2026 (MSL41.v1),exact_current_family_from_author_figure_table,high,1,independent_source_verified
Zoonotic rank model,SCLIN0027209,input_original/manual_downloads/ZoonoticRankModel/FinalData_Cleaned.csv,normalized from outputs/tables/zoonotic_rank_family_reconstruction_audit.csv row 875; unit=released dataset row,RAW0027209,NC_034517.1; NC_034516.1; NC_034526.1,,Sangassou orthohantavirus,Sangassou orthohantavirus,Hantaviridae,Hantaviridae,ICTV 2026 (MSL41.v1),exact_current_family_from_author_figure_table,high,1,independent_source_verified
Zoonotic rank model,SCLIN0027210,input_original/manual_downloads/ZoonoticRankModel/FinalData_Cleaned.csv,normalized from outputs/tables/zoonotic_rank_family_reconstruction_audit.csv row 88; unit=released dataset row,RAW0027210,GU997097.1,,Black Creek Canal orthohantavirus,Black Creek Canal orthohantavirus,,Hantaviridae,ICTV 2026 (MSL41.v1),unique_current_ictv_genus_token,high,1,independent_source_verified
Zoonotic rank model,SCLIN0027211,input_original/manual_downloads/ZoonoticRankModel/FinalData_Cleaned.csv,normalized from outputs/tables/zoonotic_rank_family_reconstruction_audit.csv row 908; unit=released dataset row,RAW0027211,NC_038705.1; NC_038704.1,,Yakeshi orthohantavirus,Yakeshi orthohantavirus,,Hantaviridae,ICTV 2026 (MSL41.v1),unique_current_ictv_genus_token,high,1,independent_source_verified
Zoonotic rank model,SCLIN0027212,input_original/manual_downloads/ZoonoticRankModel/FinalData_Cleaned.csv,normalized from outputs/tables/zoonotic_rank_family_reconstruction_audit.csv row 239; unit=released dataset row,RAW0027212,NC_001484.1,,Ground squirrel hepatitis virus,Ground squirrel hepatitis virus,Hepadnaviridae,Hepadnaviridae,ICTV 2026 (MSL41.v1),exact_current_family_from_author_figure_table,high,1,independent_source_verified
Zoonotic rank model,SCLIN0027213,input_original/manual_downloads/ZoonoticRankModel/FinalData_Cleaned.csv,normalized from outputs/tables/zoonotic_rank_family_reconstruction_audit.csv row 248; unit=released dataset row,RAW0027213,AJ344115.1,,Hepatitis B virus,Hepatitis B virus,Hepadnaviridae,Hepadnaviridae,ICTV 2026 (MSL41.v1),exact_current_family_from_author_figure_table,high,1,independent_source_verified
Zoonotic rank model,SCLIN0027214,input_original/manual_downloads/ZoonoticRankModel/FinalData_Cleaned.csv,normalized from outputs/tables/zoonotic_rank_family_reconstruction_audit.csv row 619; unit=released dataset row,RAW0027214,NC_004107.1,,Woodchuck hepatitis virus,Woodchuck hepatitis virus,Hepadnaviridae,Hepadnaviridae,ICTV 2026 (MSL41.v1),exact_current_family_from_author_figure_table,high,1,independent_source_verified
Zoonotic rank model,SCLIN0027215,input_original/manual_downloads/ZoonoticRankModel/FinalData_Cleaned.csv,normalized from outputs/tables/zoonotic_rank_family_reconstruction_audit.csv row 430; unit=released dataset row,RAW0027215,M73218.1,,Orthohepevirus A,Orthohepevirus A,Hepeviridae,Hepeviridae,ICTV 2026 (MSL41.v1),exact_current_family_from_author_figure_table,high,1,independent_source_verified
Zoonotic rank model,SCLIN0027216,input_original/manual_downloads/ZoonoticRankModel/FinalData_Cleaned.csv,normalized from outputs/tables/zoonotic_rank_family_reconstruction_audit.csv row 431; unit=released dataset row,RAW0027216,NC_023425.1,,Orthohepevirus B,Orthohepevirus B,Hepeviridae,Hepeviridae,ICTV 2026 (MSL41.v1),exact_current_family_from_author_figure_table,high,1,independent_source_verified
Zoonotic rank model,SCLIN0027217,input_original/manual_downloads/ZoonoticRankModel/FinalData_Cleaned.csv,normalized from outputs/tables/zoonotic_rank_family_reconstruction_audit.csv row 432; unit=released dataset row,RAW0027217,GU345042.1,,Orthohepevirus C,Orthohepevirus C,Hepeviridae,Hepeviridae,ICTV 2026 (MSL41.v1),exact_current_family_from_author_figure_table,high,1,independent_source_verified
Zoonotic rank model,SCLIN0027218,input_original/manual_downloads/ZoonoticRankModel/FinalData_Cleaned.csv,normalized from outputs/tables/zoonotic_rank_family_reconstruction_audit.csv row 433; unit=released dataset row,RAW0027218,NC_018382.1,,Orthohepevirus D,Orthohepevirus D,Hepeviridae,Hepeviridae,ICTV 2026 (MSL41.v1),exact_current_family_from_author_figure_table,high,1,independent_source_verified
Zoonotic rank model,SCLIN0027219,input_original/manual_downloads/ZoonoticRankModel/FinalData_Cleaned.csv,normalized from outputs/tables/zoonotic_rank_family_reconstruction_audit.csv row 464; unit=released dataset row,RAW0027219,NC_015521.1,,Piscihepevirus A,Piscihepevirus A,Hepeviridae,Hepeviridae,ICTV 2026 (MSL41.v1),exact_current_family_from_author_figure_table,high,1,independent_source_verified
Zoonotic rank model,SCLIN0027220,input_original/manual_downloads/ZoonoticRankModel/FinalData_Cleaned.csv,normalized from outputs/tables/zoonotic_rank_family_reconstruction_audit.csv row 523; unit=released dataset row,RAW0027220,NC_001545.2,,Rubella virus,Rubella virus,Matonaviridae,Matonaviridae,ICTV 2026 (MSL41.v1),exact_current_family_from_author_figure_table,high,1,independent_source_verified
Zoonotic rank model,SCLIN0027221,input_original/manual_downloads/ZoonoticRankModel/FinalData_Cleaned.csv,normalized from outputs/tables/zoonotic_rank_family_reconstruction_audit.csv row 161; unit=released dataset row,RAW0027221,NC_005301.3; NC_005300.2; NC_005302.1,,Crimean-Congo hemorrhagic fever orthonairovirus,Crimean-Congo hemorrhagic fever orthonairovirus,Nairoviridae,Nairoviridae,ICTV 2026 (MSL41.v1),exact_current_family_from_author_figure_table,high,1,independent_source_verified
Zoonotic rank model,SCLIN0027222,input_original/manual_downloads/ZoonoticRankModel/FinalData_Cleaned.csv,normalized from outputs/tables/zoonotic_rank_family_reconstruction_audit.csv row 169; unit=released dataset row,RAW0027222,KU925437.1; KU925438.1; KU925439.1,,Dera Ghazi Khan orthonairovirus,Dera Ghazi Khan orthonairovirus,Nairoviridae,Nairoviridae,ICTV 2026 (MSL41.v1),exact_current_family_from_author_figure_table,high,1,independent_source_verified
Zoonotic rank model,SCLIN0027223,input_original/manual_downloads/ZoonoticRankModel/FinalData_Cleaned.csv,normalized from outputs/tables/zoonotic_rank_family_reconstruction_audit.csv row 175; unit=released dataset row,RAW0027223,NC_004159.1; NC_004158.1; NC_004157.1,,Dugbe orthonairovirus,Dugbe orthonairovirus,Nairoviridae,Nairoviridae,ICTV 2026 (MSL41.v1),exact_current_family_from_author_figure_table,high,1,independent_source_verified
Zoonotic rank model,SCLIN0027224,input_original/manual_downloads/ZoonoticRankModel/FinalData_Cleaned.csv,normalized from outputs/tables/zoonotic_rank_family_reconstruction_audit.csv row 302; unit=released dataset row,RAW0027224,NC_036636.1; NC_029933.1; NC_029932.1,,Kasokero orthonairovirus,Kasokero orthonairovirus,Nairoviridae,Nairoviridae,ICTV 2026 (MSL41.v1),exact_current_family_from_author_figure_table,high,1,independent_source_verified
Zoonotic rank model,SCLIN0027225,input_original/manual_downloads/ZoonoticRankModel/FinalData_Cleaned.csv,normalized from outputs/tables/zoonotic_rank_family_reconstruction_audit.csv row 495; unit=released dataset row,RAW0027225,KU925446.1; KU925447.1; KU925448.1,,Qalyub orthonairovirus,Qalyub orthonairovirus,,Nairoviridae,ICTV 2026 (MSL41.v1),exact_vmr_genbank_accession,high,1,independent_source_verified
Zoonotic rank model,SCLIN0027226,input_original/manual_downloads/ZoonoticRankModel/FinalData_Cleaned.csv,normalized from outputs/tables/zoonotic_rank_family_reconstruction_audit.csv row 577; unit=released dataset row,RAW0027226,NC_029909.1; NC_029934.1; NC_029910.1,,Thiafora orthonairovirus,Thiafora orthonairovirus,Nairoviridae,Nairoviridae,ICTV 2026 (MSL41.v1),exact_current_family_from_author_figure_table,high,1,independent_source_verified
Zoonotic rank model,SCLIN0027227,input_original/manual_downloads/ZoonoticRankModel/FinalData_Cleaned.csv,normalized from outputs/tables/zoonotic_rank_family_reconstruction_audit.csv row 673; unit=released dataset row,RAW0027227,NC_031284.1; NC_031285.1; NC_031286.1,,Burana orthonairovirus,Tamdy orthonairovirus,Nairoviridae,Nairoviridae,ICTV 2026 (MSL41.v1),exact_current_family_from_author_figure_table,high,1,independent_source_verified
Zoonotic rank model,SCLIN0027228,input_original/manual_downloads/ZoonoticRankModel/FinalData_Cleaned.csv,normalized from outputs/tables/zoonotic_rank_family_reconstruction_audit.csv row 712; unit=released dataset row,RAW0027228,MH017280.1; MH017286.1; MH017274.1,,Estero Real orthobunyavirus,Estero Real orthonairovirus,Nairoviridae,Nairoviridae,ICTV 2026 (MSL41.v1),exact_current_family_from_author_figure_table,high,1,independent_source_verified
Zoonotic rank model,SCLIN0027229,input_original/manual_downloads/ZoonoticRankModel/FinalData_Cleaned.csv,normalized from outputs/tables/zoonotic_rank_family_reconstruction_audit.csv row 727; unit=released dataset row,RAW0027229,NC_038709.1; NC_038710.1; NC_038711.1,,Hazara orthonairovirus,Hazara orthonairovirus,Nairoviridae,Nairoviridae,ICTV 2026 (MSL41.v1),exact_current_family_from_author_figure_table,high,1,independent_source_verified
Zoonotic rank model,SCLIN0027230,input_original/manual_downloads/ZoonoticRankModel/FinalData_Cleaned.csv,normalized from outputs/tables/zoonotic_rank_family_reconstruction_audit.csv row 748; unit=released dataset row,RAW0027230,KU925479.1; KU925480.1; KU925481.1,,Hughes orthonairovirus,Hughes orthonairovirus,Nairoviridae,Nairoviridae,ICTV 2026 (MSL41.v1),exact_current_family_from_author_figure_table,high,1,independent_source_verified
Zoonotic rank model,SCLIN0027231,input_original/manual_downloads/ZoonoticRankModel/FinalData_Cleaned.csv,normalized from outputs/tables/zoonotic_rank_family_reconstruction_audit.csv row 769; unit=released dataset row,RAW0027231,NC_034392.1; NC_034388.1; NC_034389.1,,Keterah orthonairovirus,Keterah orthonairovirus,Nairoviridae,Nairoviridae,ICTV 2026 (MSL41.v1),exact_current_family_from_author_figure_table,high,1,independent_source_verified
Zoonotic rank model,SCLIN0027232,input_original/manual_downloads/ZoonoticRankModel/FinalData_Cleaned.csv,normalized from outputs/tables/zoonotic_rank_family_reconstruction_audit.csv row 821; unit=released dataset row,RAW0027232,NC_034387.1; NC_034391.1; NC_034386.1,,Nairobi sheep disease orthonairovirus,Nairobi sheep disease orthonairovirus,Nairoviridae,Nairoviridae,ICTV 2026 (MSL41.v1),exact_current_family_from_author_figure_table,high,1,independent_source_verified
Zoonotic rank model,SCLIN0027233,input_original/manual_downloads/ZoonoticRankModel/FinalData_Cleaned.csv,normalized from outputs/tables/zoonotic_rank_family_reconstruction_audit.csv row 874; unit=released dataset row,RAW0027233,KU925494.1; KU925495.1; KU925496.1,,Sakhalin orthonairovirus,Sakhalin orthonairovirus,Nairoviridae,Nairoviridae,ICTV 2026 (MSL41.v1),exact_current_family_from_author_figure_table,high,1,independent_source_verified
Zoonotic rank model,SCLIN0027234,input_original/manual_downloads/ZoonoticRankModel/FinalData_Cleaned.csv,normalized from outputs/tables/zoonotic_rank_family_reconstruction_audit.csv row 100; unit=released dataset row,RAW0027234,NC_002665.1,,Bovine gammaherpesvirus 4,Bovine gammaherpesvirus 4,Herpesviridae,Orthoherpesviridae,ICTV 2026 (MSL41.v1),exact_vmr_virus_name,high,1,independent_source_verified
Zoonotic rank model,SCLIN0027235,input_original/manual_downloads/ZoonoticRankModel/FinalData_Cleaned.csv,normalized from outputs/tables/zoonotic_rank_family_reconstruction_audit.csv row 113; unit=released dataset row,RAW0027235,KU936049.1,,Bubaline alphaherpesvirus 1,Bubaline alphaherpesvirus 1,Herpesviridae,Orthoherpesviridae,ICTV 2026 (MSL41.v1),exact_vmr_genbank_accession,high,1,independent_source_verified
Zoonotic rank model,SCLIN0027236,input_original/manual_downloads/ZoonoticRankModel/FinalData_Cleaned.csv,normalized from outputs/tables/zoonotic_rank_family_reconstruction_audit.csv row 123; unit=released dataset row,RAW0027236,NC_004367.1,,Callitrichine gammaherpesvirus 3,Callitrichine gammaherpesvirus 3,Herpesviridae,Orthoherpesviridae,ICTV 2026 (MSL41.v1),exact_vmr_virus_name,high,1,independent_source_verified
Zoonotic rank model,SCLIN0027237,input_original/manual_downloads/ZoonoticRankModel/FinalData_Cleaned.csv,normalized from outputs/tables/zoonotic_rank_family_reconstruction_audit.csv row 126; unit=released dataset row,RAW0027237,NC_030117.1,,Canid alphaherpesvirus 1,Canid alphaherpesvirus 1,Herpesviridae,Orthoherpesviridae,ICTV 2026 (MSL41.v1),exact_vmr_virus_name,high,1,independent_source_verified
Zoonotic rank model,SCLIN0027238,input_original/manual_downloads/ZoonoticRankModel/FinalData_Cleaned.csv,normalized from outputs/tables/zoonotic_rank_family_reconstruction_audit.csv row 130; unit=released dataset row,RAW0027238,AF078728.2,,Caprine alphaherpesvirus 1,Caprine alphaherpesvirus 1,,Orthoherpesviridae,ICTV 2026 (MSL41.v1),exact_vmr_virus_name,high,1,independent_source_verified
Zoonotic rank model,SCLIN0027239,input_original/manual_downloads/ZoonoticRankModel/FinalData_Cleaned.csv,normalized from outputs/tables/zoonotic_rank_family_reconstruction_audit.csv row 13; unit=released dataset row,RAW0027239,NC_002531.1,,Alcelaphine gammaherpesvirus 1,Alcelaphine gammaherpesvirus 1,Herpesviridae,Orthoherpesviridae,ICTV 2026 (MSL41.v1),exact_vmr_virus_name,high,1,independent_source_verified
Zoonotic rank model,SCLIN0027240,input_original/manual_downloads/ZoonoticRankModel/FinalData_Cleaned.csv,normalized from outputs/tables/zoonotic_rank_family_reconstruction_audit.csv row 140; unit=released dataset row,RAW0027240,NC_020231.1,,Caviid betaherpesvirus 2,Caviid betaherpesvirus 2,Herpesviridae,Orthoherpesviridae,ICTV 2026 (MSL41.v1),exact_vmr_virus_name,high,1,independent_source_verified
Zoonotic rank model,SCLIN0027241,input_original/manual_downloads/ZoonoticRankModel/FinalData_Cleaned.csv,normalized from outputs/tables/zoonotic_rank_family_reconstruction_audit.csv row 142; unit=released dataset row,RAW0027241,NC_006560.1,,Cercopithecine alphaherpesvirus 2,Cercopithecine alphaherpesvirus 2,Herpesviridae,Orthoherpesviridae,ICTV 2026 (MSL41.v1),exact_vmr_virus_name,high,1,independent_source_verified
Zoonotic rank model,SCLIN0027242,input_original/manual_downloads/ZoonoticRankModel/FinalData_Cleaned.csv,normalized from outputs/tables/zoonotic_rank_family_reconstruction_audit.csv row 143; unit=released dataset row,RAW0027242,NC_002686.2,,Cercopithecine alphaherpesvirus 9,Cercopithecine alphaherpesvirus 9,Herpesviridae,Orthoherpesviridae,ICTV 2026 (MSL41.v1),exact_vmr_virus_name,high,1,independent_source_verified
Zoonotic rank model,SCLIN0027243,input_original/manual_downloads/ZoonoticRankModel/FinalData_Cleaned.csv,normalized from outputs/tables/zoonotic_rank_family_reconstruction_audit.csv row 144; unit=released dataset row,RAW0027243,NC_012783.2,,Cercopithecine betaherpesvirus 5,Cercopithecine betaherpesvirus 5,Herpesviridae,Orthoherpesviridae,ICTV 2026 (MSL41.v1),exact_vmr_virus_name,high,1,independent_source_verified
Zoonotic rank model,SCLIN0027244,input_original/manual_downloads/ZoonoticRankModel/FinalData_Cleaned.csv,normalized from outputs/tables/zoonotic_rank_family_reconstruction_audit.csv row 145; unit=released dataset row,RAW0027244,MH036942.1,,Cervid alphaherpesvirus 1,Cervid alphaherpesvirus 1,Herpesviridae,Orthoherpesviridae,ICTV 2026 (MSL41.v1),exact_vmr_genbank_accession,high,1,independent_source_verified
Zoonotic rank model,SCLIN0027245,input_original/manual_downloads/ZoonoticRankModel/FinalData_Cleaned.csv,normalized from outputs/tables/zoonotic_rank_family_reconstruction_audit.csv row 146; unit=released dataset row,RAW0027245,MH036943.1,,Cervid alphaherpesvirus 2,Cervid alphaherpesvirus 2,Herpesviridae,Orthoherpesviridae,ICTV 2026 (MSL41.v1),exact_vmr_genbank_accession,high,1,independent_source_verified
Zoonotic rank model,SCLIN0027246,input_original/manual_downloads/ZoonoticRankModel/FinalData_Cleaned.csv,normalized from outputs/tables/zoonotic_rank_family_reconstruction_audit.csv row 14; unit=released dataset row,RAW0027246,NC_024382.1,,Alcelaphine gammaherpesvirus 2,Alcelaphine gammaherpesvirus 2,Herpesviridae,Orthoherpesviridae,ICTV 2026 (MSL41.v1),exact_vmr_virus_name,high,1,independent_source_verified
Zoonotic rank model,SCLIN0027247,input_original/manual_downloads/ZoonoticRankModel/FinalData_Cleaned.csv,normalized from outputs/tables/zoonotic_rank_family_reconstruction_audit.csv row 192; unit=released dataset row,RAW0027247,NC_001491.2,,Equid alphaherpesvirus 1,Equid alphaherpesvirus 1,Herpesviridae,Orthoherpesviridae,ICTV 2026 (MSL41.v1),exact_vmr_virus_name,high,1,independent_source_verified
Zoonotic rank model,SCLIN0027248,input_original/manual_downloads/ZoonoticRankModel/FinalData_Cleaned.csv,normalized from outputs/tables/zoonotic_rank_family_reconstruction_audit.csv row 193; unit=released dataset row,RAW0027248,NC_024771.1,,Equid alphaherpesvirus 3,Equid alphaherpesvirus 3,Herpesviridae,Orthoherpesviridae,ICTV 2026 (MSL41.v1),exact_vmr_virus_name,high,1,independent_source_verified
Zoonotic rank model,SCLIN0027249,input_original/manual_downloads/ZoonoticRankModel/FinalData_Cleaned.csv,normalized from outputs/tables/zoonotic_rank_family_reconstruction_audit.csv row 194; unit=released dataset row,RAW0027249,NC_001844.1,,Equid alphaherpesvirus 4,Equid alphaherpesvirus 4,Herpesviridae,Orthoherpesviridae,ICTV 2026 (MSL41.v1),exact_vmr_virus_name,high,1,independent_source_verified
Zoonotic rank model,SCLIN0027250,input_original/manual_downloads/ZoonoticRankModel/FinalData_Cleaned.csv,normalized from outputs/tables/zoonotic_rank_family_reconstruction_audit.csv row 195; unit=released dataset row,RAW0027250,NC_017826.1,,Equid alphaherpesvirus 8,Equid alphaherpesvirus 8,Herpesviridae,Orthoherpesviridae,ICTV 2026 (MSL41.v1),exact_vmr_virus_name,high,1,independent_source_verified
Zoonotic rank model,SCLIN0027251,input_original/manual_downloads/ZoonoticRankModel/FinalData_Cleaned.csv,normalized from outputs/tables/zoonotic_rank_family_reconstruction_audit.csv row 196; unit=released dataset row,RAW0027251,NC_011644.1,,Equid alphaherpesvirus 9,Equid alphaherpesvirus 9,Herpesviridae,Orthoherpesviridae,ICTV 2026 (MSL41.v1),exact_vmr_virus_name,high,1,independent_source_verified
Zoonotic rank model,SCLIN0027252,input_original/manual_downloads/ZoonoticRankModel/FinalData_Cleaned.csv,normalized from outputs/tables/zoonotic_rank_family_reconstruction_audit.csv row 197; unit=released dataset row,RAW0027252,NC_001650.2,,Equid gammaherpesvirus 2,Equid gammaherpesvirus 2,Herpesviridae,Orthoherpesviridae,ICTV 2026 (MSL41.v1),exact_vmr_virus_name,high,1,independent_source_verified
Zoonotic rank model,SCLIN0027253,input_original/manual_downloads/ZoonoticRankModel/FinalData_Cleaned.csv,normalized from outputs/tables/zoonotic_rank_family_reconstruction_audit.csv row 198; unit=released dataset row,RAW0027253,NC_026421.1,,Equid gammaherpesvirus 5,Equid gammaherpesvirus 5,Herpesviridae,Orthoherpesviridae,ICTV 2026 (MSL41.v1),exact_vmr_virus_name,high,1,independent_source_verified
Zoonotic rank model,SCLIN0027254,input_original/manual_downloads/ZoonoticRankModel/FinalData_Cleaned.csv,normalized from outputs/tables/zoonotic_rank_family_reconstruction_audit.csv row 214; unit=released dataset row,RAW0027254,NC_013590.2,,Felid alphaherpesvirus 1,Felid alphaherpesvirus 1,Herpesviridae,Orthoherpesviridae,ICTV 2026 (MSL41.v1),exact_vmr_virus_name,high,1,independent_source_verified
Zoonotic rank model,SCLIN0027255,input_original/manual_downloads/ZoonoticRankModel/FinalData_Cleaned.csv,normalized from outputs/tables/zoonotic_rank_family_reconstruction_audit.csv row 236; unit=released dataset row,RAW0027255,AJ581752.1,,Gorilline gammaherpesvirus 1,Gorilline gammaherpesvirus 1,,Orthoherpesviridae,ICTV 2026 (MSL41.v1),exact_vmr_genbank_accession,high,1,independent_source_verified
Zoonotic rank model,SCLIN0027256,input_original/manual_downloads/ZoonoticRankModel/FinalData_Cleaned.csv,normalized from outputs/tables/zoonotic_rank_family_reconstruction_audit.csv row 254; unit=released dataset row,RAW0027256,NC_001806.2,,Human alphaherpesvirus 1,Human alphaherpesvirus 1,Herpesviridae,Orthoherpesviridae,ICTV 2026 (MSL41.v1),exact_vmr_virus_name,high,1,independent_source_verified
Zoonotic rank model,SCLIN0027257,input_original/manual_downloads/ZoonoticRankModel/FinalData_Cleaned.csv,normalized from outputs/tables/zoonotic_rank_family_reconstruction_audit.csv row 255; unit=released dataset row,RAW0027257,NC_001798.2,,Human alphaherpesvirus 2,Human alphaherpesvirus 2,Herpesviridae,Orthoherpesviridae,ICTV 2026 (MSL41.v1),exact_vmr_virus_name,high,1,independent_source_verified
Zoonotic rank model,SCLIN0027258,input_original/manual_downloads/ZoonoticRankModel/FinalData_Cleaned.csv,normalized from outputs/tables/zoonotic_rank_family_reconstruction_audit.csv row 256; unit=released dataset row,RAW0027258,NC_001348.1,,Human alphaherpesvirus 3,Human alphaherpesvirus 3,Herpesviridae,Orthoherpesviridae,ICTV 2026 (MSL41.v1),exact_vmr_virus_name,high,1,independent_source_verified
Zoonotic rank model,SCLIN0027259,input_original/manual_downloads/ZoonoticRankModel/FinalData_Cleaned.csv,normalized from outputs/tables/zoonotic_rank_family_reconstruction_audit.csv row 257; unit=released dataset row,RAW0027259,NC_006273.2,,Human betaherpesvirus 5,Human betaherpesvirus 5,Herpesviridae,Orthoherpesviridae,ICTV 2026 (MSL41.v1),exact_vmr_virus_name,high,1,independent_source_verified
Zoonotic rank model,SCLIN0027260,input_original/manual_downloads/ZoonoticRankModel/FinalData_Cleaned.csv,normalized from outputs/tables/zoonotic_rank_family_reconstruction_audit.csv row 258; unit=released dataset row,RAW0027260,NC_001716.2,,Human betaherpesvirus 7,Human betaherpesvirus 7,Herpesviridae,Orthoherpesviridae,ICTV 2026 (MSL41.v1),exact_vmr_virus_name,high,1,independent_source_verified
Zoonotic rank model,SCLIN0027261,input_original/manual_downloads/ZoonoticRankModel/FinalData_Cleaned.csv,normalized from outputs/tables/zoonotic_rank_family_reconstruction_audit.csv row 262; unit=released dataset row,RAW0027261,NC_007605.1,,Human gammaherpesvirus 4,Human gammaherpesvirus 4,Herpesviridae,Orthoherpesviridae,ICTV 2026 (MSL41.v1),exact_vmr_virus_name,high,1,independent_source_verified
Zoonotic rank model,SCLIN0027262,input_original/manual_downloads/ZoonoticRankModel/FinalData_Cleaned.csv,normalized from outputs/tables/zoonotic_rank_family_reconstruction_audit.csv row 263; unit=released dataset row,RAW0027262,NC_009333.1,,Human gammaherpesvirus 8,Human gammaherpesvirus 8,Herpesviridae,Orthoherpesviridae,ICTV 2026 (MSL41.v1),exact_vmr_virus_name,high,1,independent_source_verified
Zoonotic rank model,SCLIN0027263,input_original/manual_downloads/ZoonoticRankModel/FinalData_Cleaned.csv,normalized from outputs/tables/zoonotic_rank_family_reconstruction_audit.csv row 336; unit=released dataset row,RAW0027263,NC_004812.1,,Macacine alphaherpesvirus 1,Macacine alphaherpesvirus 1,Herpesviridae,Orthoherpesviridae,ICTV 2026 (MSL41.v1),exact_vmr_virus_name,high,1,independent_source_verified
Zoonotic rank model,SCLIN0027264,input_original/manual_downloads/ZoonoticRankModel/FinalData_Cleaned.csv,normalized from outputs/tables/zoonotic_rank_family_reconstruction_audit.csv row 337; unit=released dataset row,RAW0027264,NC_006150.1,,Macacine betaherpesvirus 3,Macacine betaherpesvirus 3,Herpesviridae,Orthoherpesviridae,ICTV 2026 (MSL41.v1),exact_vmr_virus_name,high,1,independent_source_verified
Zoonotic rank model,SCLIN0027265,input_original/manual_downloads/ZoonoticRankModel/FinalData_Cleaned.csv,normalized from outputs/tables/zoonotic_rank_family_reconstruction_audit.csv row 338; unit=released dataset row,RAW0027265,NC_006146.1,,Macacine gammaherpesvirus 4,Macacine gammaherpesvirus 4,Herpesviridae,Orthoherpesviridae,ICTV 2026 (MSL41.v1),exact_vmr_virus_name,high,1,independent_source_verified
Zoonotic rank model,SCLIN0027266,input_original/manual_downloads/ZoonoticRankModel/FinalData_Cleaned.csv,normalized from outputs/tables/zoonotic_rank_family_reconstruction_audit.csv row 339; unit=released dataset row,RAW0027266,NC_003401.1,,Macacine gammaherpesvirus 5,Macacine gammaherpesvirus 5,Herpesviridae,Orthoherpesviridae,ICTV 2026 (MSL41.v1),exact_vmr_virus_name,high,1,independent_source_verified
Zoonotic rank model,SCLIN0027267,input_original/manual_downloads/ZoonoticRankModel/FinalData_Cleaned.csv,normalized from outputs/tables/zoonotic_rank_family_reconstruction_audit.csv row 342; unit=released dataset row,RAW0027267,NC_029132.1,,Macropodid alphaherpesvirus 1,Macropodid alphaherpesvirus 1,Herpesviridae,Orthoherpesviridae,ICTV 2026 (MSL41.v1),exact_vmr_virus_name,high,1,independent_source_verified
Zoonotic rank model,SCLIN0027268,input_original/manual_downloads/ZoonoticRankModel/FinalData_Cleaned.csv,normalized from outputs/tables/zoonotic_rank_family_reconstruction_audit.csv row 343; unit=released dataset row,RAW0027268,AF061755.1,,Macropodid alphaherpesvirus 2,Macropodid alphaherpesvirus 2,,Orthoherpesviridae,ICTV 2026 (MSL41.v1),exact_vmr_virus_name,high,1,independent_source_verified
Zoonotic rank model,SCLIN0027269,input_original/manual_downloads/ZoonoticRankModel/FinalData_Cleaned.csv,normalized from outputs/tables/zoonotic_rank_family_reconstruction_audit.csv row 394; unit=released dataset row,RAW0027269,NC_004065.1,,Murid betaherpesvirus 1,Murid betaherpesvirus 1,Herpesviridae,Orthoherpesviridae,ICTV 2026 (MSL41.v1),exact_vmr_virus_name,high,1,independent_source_verified
Zoonotic rank model,SCLIN0027270,input_original/manual_downloads/ZoonoticRankModel/FinalData_Cleaned.csv,normalized from outputs/tables/zoonotic_rank_family_reconstruction_audit.csv row 395; unit=released dataset row,RAW0027270,NC_002512.2,,Murid betaherpesvirus 2,Murid betaherpesvirus 2,Herpesviridae,Orthoherpesviridae,ICTV 2026 (MSL41.v1),exact_vmr_virus_name,high,1,independent_source_verified
Zoonotic rank model,SCLIN0027271,input_original/manual_downloads/ZoonoticRankModel/FinalData_Cleaned.csv,normalized from outputs/tables/zoonotic_rank_family_reconstruction_audit.csv row 396; unit=released dataset row,RAW0027271,NC_001826.2,,Murid gammaherpesvirus 4,Murid gammaherpesvirus 4,Herpesviridae,Orthoherpesviridae,ICTV 2026 (MSL41.v1),exact_vmr_virus_name,high,1,independent_source_verified
Zoonotic rank model,SCLIN0027272,input_original/manual_downloads/ZoonoticRankModel/FinalData_Cleaned.csv,normalized from outputs/tables/zoonotic_rank_family_reconstruction_audit.csv row 406; unit=released dataset row,RAW0027272,AF376034.1,,Mustelid gammaherpesvirus 1,Mustelid gammaherpesvirus 1,,Orthoherpesviridae,ICTV 2026 (MSL41.v1),exact_vmr_genbank_accession,high,1,independent_source_verified
Zoonotic rank model,SCLIN0027273,input_original/manual_downloads/ZoonoticRankModel/FinalData_Cleaned.csv,normalized from outputs/tables/zoonotic_rank_family_reconstruction_audit.csv row 437; unit=released dataset row,RAW0027273,NC_007646.1,,Ovine gammaherpesvirus 2,Ovine gammaherpesvirus 2,Herpesviridae,Orthoherpesviridae,ICTV 2026 (MSL41.v1),exact_vmr_virus_name,high,1,independent_source_verified
Zoonotic rank model,SCLIN0027274,input_original/manual_downloads/ZoonoticRankModel/FinalData_Cleaned.csv,normalized from outputs/tables/zoonotic_rank_family_reconstruction_audit.csv row 43; unit=released dataset row,RAW0027274,NC_034446.1,,Ateline alphaherpesvirus 1,Ateline alphaherpesvirus 1,Herpesviridae,Orthoherpesviridae,ICTV 2026 (MSL41.v1),exact_vmr_virus_name,high,1,independent_source_verified
Zoonotic rank model,SCLIN0027275,input_original/manual_downloads/ZoonoticRankModel/FinalData_Cleaned.csv,normalized from outputs/tables/zoonotic_rank_family_reconstruction_audit.csv row 440; unit=released dataset row,RAW0027275,NC_003521.1,,Panine betaherpesvirus 2,Panine betaherpesvirus 2,Herpesviridae,Orthoherpesviridae,ICTV 2026 (MSL41.v1),exact_vmr_virus_name,high,1,independent_source_verified
Zoonotic rank model,SCLIN0027276,input_original/manual_downloads/ZoonoticRankModel/FinalData_Cleaned.csv,normalized from outputs/tables/zoonotic_rank_family_reconstruction_audit.csv row 441; unit=released dataset row,RAW0027276,AJ581751.1,,Panine gammaherpesvirus 1,Panine gammaherpesvirus 1,,Orthoherpesviridae,ICTV 2026 (MSL41.v1),exact_vmr_genbank_accession,high,1,independent_source_verified
Zoonotic rank model,SCLIN0027277,input_original/manual_downloads/ZoonoticRankModel/FinalData_Cleaned.csv,normalized from outputs/tables/zoonotic_rank_family_reconstruction_audit.csv row 442; unit=released dataset row,RAW0027277,NC_007653.1,,Papiine alphaherpesvirus 2,Papiine alphaherpesvirus 2,Herpesviridae,Orthoherpesviridae,ICTV 2026 (MSL41.v1),exact_vmr_virus_name,high,1,independent_source_verified
Zoonotic rank model,SCLIN0027278,input_original/manual_downloads/ZoonoticRankModel/FinalData_Cleaned.csv,normalized from outputs/tables/zoonotic_rank_family_reconstruction_audit.csv row 443; unit=released dataset row,RAW0027278,AJ581750.1,,Papiine gammaherpesvirus 1,Papiine gammaherpesvirus 1,,Orthoherpesviridae,ICTV 2026 (MSL41.v1),exact_vmr_genbank_accession,high,1,independent_source_verified
Zoonotic rank model,SCLIN0027279,input_original/manual_downloads/ZoonoticRankModel/FinalData_Cleaned.csv,normalized from outputs/tables/zoonotic_rank_family_reconstruction_audit.csv row 457; unit=released dataset row,RAW0027279,MH509440.2,,Phocid alphaherpesvirus 1,Phocid alphaherpesvirus 1,Herpesviridae,Orthoherpesviridae,ICTV 2026 (MSL41.v1),exact_vmr_genbank_accession,high,1,independent_source_verified
Zoonotic rank model,SCLIN0027280,input_original/manual_downloads/ZoonoticRankModel/FinalData_Cleaned.csv,normalized from outputs/tables/zoonotic_rank_family_reconstruction_audit.csv row 467; unit=released dataset row,RAW0027280,AJ581753.1,,Pongine gammaherpesvirus 2,Pongine gammaherpesvirus 2,,Orthoherpesviridae,ICTV 2026 (MSL41.v1),exact_vmr_genbank_accession,high,1,independent_source_verified
Zoonotic rank model,SCLIN0027281,input_original/manual_downloads/ZoonoticRankModel/FinalData_Cleaned.csv,normalized from outputs/tables/zoonotic_rank_family_reconstruction_audit.csv row 526; unit=released dataset row,RAW0027281,NC_014567.1,,Saimiriine alphaherpesvirus 1,Saimiriine alphaherpesvirus 1,Herpesviridae,Orthoherpesviridae,ICTV 2026 (MSL41.v1),exact_vmr_virus_name,high,1,independent_source_verified
Zoonotic rank model,SCLIN0027282,input_original/manual_downloads/ZoonoticRankModel/FinalData_Cleaned.csv,normalized from outputs/tables/zoonotic_rank_family_reconstruction_audit.csv row 527; unit=released dataset row,RAW0027282,NC_001350.1,,Saimiriine gammaherpesvirus 2,Saimiriine gammaherpesvirus 2,Herpesviridae,Orthoherpesviridae,ICTV 2026 (MSL41.v1),exact_vmr_virus_name,high,1,independent_source_verified
Zoonotic rank model,SCLIN0027283,input_original/manual_downloads/ZoonoticRankModel/FinalData_Cleaned.csv,normalized from outputs/tables/zoonotic_rank_family_reconstruction_audit.csv row 564; unit=released dataset row,RAW0027283,NC_006151.1,,Suid alphaherpesvirus 1,Suid alphaherpesvirus 1,Herpesviridae,Orthoherpesviridae,ICTV 2026 (MSL41.v1),exact_vmr_virus_name,high,1,independent_source_verified
Zoonotic rank model,SCLIN0027284,input_original/manual_downloads/ZoonoticRankModel/FinalData_Cleaned.csv,normalized from outputs/tables/zoonotic_rank_family_reconstruction_audit.csv row 591; unit=released dataset row,RAW0027284,NC_002794.1,,Tupaiid betaherpesvirus 1,Tupaiid betaherpesvirus 1,Herpesviridae,Orthoherpesviridae,ICTV 2026 (MSL41.v1),exact_vmr_virus_name,high,1,independent_source_verified
Zoonotic rank model,SCLIN0027285,input_original/manual_downloads/ZoonoticRankModel/FinalData_Cleaned.csv,normalized from outputs/tables/zoonotic_rank_family_reconstruction_audit.csv row 94; unit=released dataset row,RAW0027285,NC_001847.1,,Bovine alphaherpesvirus 1,Bovine alphaherpesvirus 1,Herpesviridae,Orthoherpesviridae,ICTV 2026 (MSL41.v1),exact_vmr_virus_name,high,1,independent_source_verified
Zoonotic rank model,SCLIN0027286,input_original/manual_downloads/ZoonoticRankModel/FinalData_Cleaned.csv,normalized from outputs/tables/zoonotic_rank_family_reconstruction_audit.csv row 95; unit=released dataset row,RAW0027286,M21628.1,,Bovine alphaherpesvirus 2,Bovine alphaherpesvirus 2,,Orthoherpesviridae,ICTV 2026 (MSL41.v1),exact_vmr_virus_name,high,1,independent_source_verified
Zoonotic rank model,SCLIN0027287,input_original/manual_downloads/ZoonoticRankModel/FinalData_Cleaned.csv,normalized from outputs/tables/zoonotic_rank_family_reconstruction_audit.csv row 96; unit=released dataset row,RAW0027287,NC_005261.2,,Bovine alphaherpesvirus 5,Bovine alphaherpesvirus 5,Herpesviridae,Orthoherpesviridae,ICTV 2026 (MSL41.v1),exact_vmr_virus_name,high,1,independent_source_verified
Zoonotic rank model,SCLIN0027288,input_original/manual_downloads/ZoonoticRankModel/FinalData_Cleaned.csv,normalized from outputs/tables/zoonotic_rank_family_reconstruction_audit.csv row 170; unit=released dataset row,RAW0027288,NC_034261.1; NC_034263.1; NC_034254.1; NC_034255.1; NC_034262.1; NC_034256.1,,Dhori virus,Dhori thogotovirus,Orthomyxoviridae,Orthomyxoviridae,ICTV 2026 (MSL41.v1),exact_current_family_from_author_figure_table,high,1,independent_source_verified
Zoonotic rank model,SCLIN0027289,input_original/manual_downloads/ZoonoticRankModel/FinalData_Cleaned.csv,normalized from outputs/tables/zoonotic_rank_family_reconstruction_audit.csv row 284; unit=released dataset row,RAW0027289,CY216614.1; CY216615.1; CY216616.1; CY216617.1; CY216618.1; CY216619.1; CY216620.1; CY216621.1,,Influenza A virus,Influenza A virus,Orthomyxoviridae,Orthomyxoviridae,ICTV 2026 (MSL41.v1),exact_current_family_from_author_figure_table,high,1,independent_source_verified
Zoonotic rank model,SCLIN0027290,input_original/manual_downloads/ZoonoticRankModel/FinalData_Cleaned.csv,normalized from outputs/tables/zoonotic_rank_family_reconstruction_audit.csv row 285; unit=released dataset row,RAW0027290,MH245265.1; MH245264.1; MH245263.1; MH245262.1; MH245261.1; MH245260.1; MH245259.1; MH245258.1,,Influenza B virus,Influenza B virus,Orthomyxoviridae,Orthomyxoviridae,ICTV 2026 (MSL41.v1),exact_current_family_from_author_figure_table,high,1,independent_source_verified
Zoonotic rank model,SCLIN0027291,input_original/manual_downloads/ZoonoticRankModel/FinalData_Cleaned.csv,normalized from outputs/tables/zoonotic_rank_family_reconstruction_audit.csv row 286; unit=released dataset row,RAW0027291,KM504277.1; KM504278.1; KM504279.1; KM504280.1; KM504281.1; KM504282.1; KM504283.1,,Influenza C virus,Influenza C virus,Orthomyxoviridae,Orthomyxoviridae,ICTV 2026 (MSL41.v1),exact_current_family_from_author_figure_table,high,1,independent_source_verified
Zoonotic rank model,SCLIN0027292,input_original/manual_downloads/ZoonoticRankModel/FinalData_Cleaned.csv,normalized from outputs/tables/zoonotic_rank_family_reconstruction_audit.csv row 496; unit=released dataset row,RAW0027292,GQ499302.1; GQ499303.1; FJ861695.1; JN412853.1; FJ861694.1; GQ499304.1,,Quaranfil virus,Quaranfil quaranjavirus,Orthomyxoviridae,Orthomyxoviridae,ICTV 2026 (MSL41.v1),exact_current_family_from_author_figure_table,high,1,independent_source_verified
Zoonotic rank model,SCLIN0027293,input_original/manual_downloads/ZoonoticRankModel/FinalData_Cleaned.csv,normalized from outputs/tables/zoonotic_rank_family_reconstruction_audit.csv row 578; unit=released dataset row,RAW0027293,NC_006508.1; NC_006495.1; NC_006496.1; NC_006506.1; NC_006507.1; NC_006504.1,,Thogoto virus,Thogoto thogotovirus,Orthomyxoviridae,Orthomyxoviridae,ICTV 2026 (MSL41.v1),exact_current_family_from_author_figure_table,high,1,independent_source_verified
Zoonotic rank model,SCLIN0027294,input_original/manual_downloads/ZoonoticRankModel/FinalData_Cleaned.csv,normalized from outputs/tables/zoonotic_rank_family_reconstruction_audit.csv row 754; unit=released dataset row,RAW0027294,NC_006503.1; NC_006505.1; NC_006502.1; NC_006501.1; NC_006500.2; NC_006499.1; NC_006498.1; NC_006497.1,,Infectious salmon anemia virus,Salmon isavirus,Orthomyxoviridae,Orthomyxoviridae,ICTV 2026 (MSL41.v1),exact_current_family_from_author_figure_table,high,1,independent_source_verified
Zoonotic rank model,SCLIN0027295,input_original/manual_downloads/ZoonoticRankModel/FinalData_Cleaned.csv,normalized from outputs/tables/zoonotic_rank_family_reconstruction_audit.csv row 755; unit=released dataset row,RAW0027295,NC_036616.1; NC_036615.1; NC_036619.1; NC_036618.1; NC_036617.1; NC_036620.1; NC_036621.1,,Influenza D virus,Influenza D virus,Orthomyxoviridae,Orthomyxoviridae,ICTV 2026 (MSL41.v1),exact_current_family_from_author_figure_table,high,1,independent_source_verified
Zoonotic rank model,SCLIN0027296,input_original/manual_downloads/ZoonoticRankModel/FinalData_Cleaned.csv,normalized from outputs/tables/zoonotic_rank_family_reconstruction_audit.csv row 762; unit=released dataset row,RAW0027296,NC_043229.1; NC_043230.1,,Johnston Atoll virus,Johnston Atoll quaranjavirus,,Orthomyxoviridae,ICTV 2026 (MSL41.v1),exact_vmr_virus_name,high,1,independent_source_verified
Zoonotic rank model,SCLIN0027297,input_original/manual_downloads/ZoonoticRankModel/FinalData_Cleaned.csv,normalized from outputs/tables/zoonotic_rank_family_reconstruction_audit.csv row 164; unit=released dataset row,RAW0027297,NC_001524.1,,Deltapapillomavirus 1,Deltapapillomavirus 1,Papillomaviridae,Papillomaviridae,ICTV 2026 (MSL41.v1),exact_current_family_from_author_figure_table,high,1,independent_source_verified
Zoonotic rank model,SCLIN0027298,input_original/manual_downloads/ZoonoticRankModel/FinalData_Cleaned.csv,normalized from outputs/tables/zoonotic_rank_family_reconstruction_audit.csv row 165; unit=released dataset row,RAW0027298,NC_001523.1,,Deltapapillomavirus 2,Deltapapillomavirus 2,Papillomaviridae,Papillomaviridae,ICTV 2026 (MSL41.v1),exact_current_family_from_author_figure_table,high,1,independent_source_verified
Zoonotic rank model,SCLIN0027299,input_original/manual_downloads/ZoonoticRankModel/FinalData_Cleaned.csv,normalized from outputs/tables/zoonotic_rank_family_reconstruction_audit.csv row 166; unit=released dataset row,RAW0027299,NC_001789.1,,Deltapapillomavirus 3,Deltapapillomavirus 3,Papillomaviridae,Papillomaviridae,ICTV 2026 (MSL41.v1),exact_current_family_from_author_figure_table,high,1,independent_source_verified
Zoonotic rank model,SCLIN0027300,input_original/manual_downloads/ZoonoticRankModel/FinalData_Cleaned.csv,normalized from outputs/tables/zoonotic_rank_family_reconstruction_audit.csv row 167; unit=released dataset row,RAW0027300,NC_001522.1,,Deltapapillomavirus 4,Deltapapillomavirus 4,Papillomaviridae,Papillomaviridae,ICTV 2026 (MSL41.v1),exact_current_family_from_author_figure_table,high,1,independent_source_verified
Zoonotic rank model,SCLIN0027301,input_original/manual_downloads/ZoonoticRankModel/FinalData_Cleaned.csv,normalized from outputs/tables/zoonotic_rank_family_reconstruction_audit.csv row 18; unit=released dataset row,RAW0027301,NC_001586.1,,Alphapapillomavirus 1,Alphapapillomavirus 1,Papillomaviridae,Papillomaviridae,ICTV 2026 (MSL41.v1),exact_current_family_from_author_figure_table,high,1,independent_source_verified
Zoonotic rank model,SCLIN0027302,input_original/manual_downloads/ZoonoticRankModel/FinalData_Cleaned.csv,normalized from outputs/tables/zoonotic_rank_family_reconstruction_audit.csv row 191; unit=released dataset row,RAW0027302,NC_004195.1,,Epsilonpapillomavirus 1,Epsilonpapillomavirus 1,Papillomaviridae,Papillomaviridae,ICTV 2026 (MSL41.v1),exact_current_family_from_author_figure_table,high,1,independent_source_verified
Zoonotic rank model,SCLIN0027303,input_original/manual_downloads/ZoonoticRankModel/FinalData_Cleaned.csv,normalized from outputs/tables/zoonotic_rank_family_reconstruction_audit.csv row 19; unit=released dataset row,RAW0027303,NC_001355.1,,Alphapapillomavirus 10,Alphapapillomavirus 10,Papillomaviridae,Papillomaviridae,ICTV 2026 (MSL41.v1),exact_current_family_from_author_figure_table,high,1,independent_source_verified
Zoonotic rank model,SCLIN0027304,input_original/manual_downloads/ZoonoticRankModel/FinalData_Cleaned.csv,normalized from outputs/tables/zoonotic_rank_family_reconstruction_audit.csv row 20; unit=released dataset row,RAW0027304,NC_001587.1,,Alphapapillomavirus 11,Alphapapillomavirus 11,Papillomaviridae,Papillomaviridae,ICTV 2026 (MSL41.v1),exact_current_family_from_author_figure_table,high,1,independent_source_verified
Zoonotic rank model,SCLIN0027305,input_original/manual_downloads/ZoonoticRankModel/FinalData_Cleaned.csv,normalized from outputs/tables/zoonotic_rank_family_reconstruction_audit.csv row 21; unit=released dataset row,RAW0027305,NC_001678.1,,Alphapapillomavirus 12,Alphapapillomavirus 12,Papillomaviridae,Papillomaviridae,ICTV 2026 (MSL41.v1),exact_current_family_from_author_figure_table,high,1,independent_source_verified
Zoonotic rank model,SCLIN0027306,input_original/manual_downloads/ZoonoticRankModel/FinalData_Cleaned.csv,normalized from outputs/tables/zoonotic_rank_family_reconstruction_audit.csv row 226; unit=released dataset row,RAW0027306,NC_001457.1,,Gammapapillomavirus 1,Gammapapillomavirus 1,Papillomaviridae,Papillomaviridae,ICTV 2026 (MSL41.v1),exact_current_family_from_author_figure_table,high,1,independent_source_verified
Zoonotic rank model,SCLIN0027307,input_original/manual_downloads/ZoonoticRankModel/FinalData_Cleaned.csv,normalized from outputs/tables/zoonotic_rank_family_reconstruction_audit.csv row 227; unit=released dataset row,RAW0027307,NC_001690.1,,Gammapapillomavirus 2,Gammapapillomavirus 2,Papillomaviridae,Papillomaviridae,ICTV 2026 (MSL41.v1),exact_current_family_from_author_figure_table,high,1,independent_source_verified
Zoonotic rank model,SCLIN0027308,input_original/manual_downloads/ZoonoticRankModel/FinalData_Cleaned.csv,normalized from outputs/tables/zoonotic_rank_family_reconstruction_audit.csv row 228; unit=released dataset row,RAW0027308,NC_001691.1,,Gammapapillomavirus 3,Gammapapillomavirus 3,Papillomaviridae,Papillomaviridae,ICTV 2026 (MSL41.v1),exact_current_family_from_author_figure_table,high,1,independent_source_verified
Zoonotic rank model,SCLIN0027309,input_original/manual_downloads/ZoonoticRankModel/FinalData_Cleaned.csv,normalized from outputs/tables/zoonotic_rank_family_reconstruction_audit.csv row 229; unit=released dataset row,RAW0027309,NC_001693.1,,Gammapapillomavirus 4,Gammapapillomavirus 4,Papillomaviridae,Papillomaviridae,ICTV 2026 (MSL41.v1),exact_current_family_from_author_figure_table,high,1,independent_source_verified
Zoonotic rank model,SCLIN0027310,input_original/manual_downloads/ZoonoticRankModel/FinalData_Cleaned.csv,normalized from outputs/tables/zoonotic_rank_family_reconstruction_audit.csv row 22; unit=released dataset row,RAW0027310,NC_001676.1,,Alphapapillomavirus 13,Alphapapillomavirus 13,Papillomaviridae,Papillomaviridae,ICTV 2026 (MSL41.v1),exact_current_family_from_author_figure_table,high,1,independent_source_verified
Zoonotic rank model,SCLIN0027311,input_original/manual_downloads/ZoonoticRankModel/FinalData_Cleaned.csv,normalized from outputs/tables/zoonotic_rank_family_reconstruction_audit.csv row 230; unit=released dataset row,RAW0027311,NC_010329.1,,Gammapapillomavirus 5,Gammapapillomavirus 5,Papillomaviridae,Papillomaviridae,ICTV 2026 (MSL41.v1),exact_current_family_from_author_figure_table,high,1,independent_source_verified
Zoonotic rank model,SCLIN0027312,input_original/manual_downloads/ZoonoticRankModel/FinalData_Cleaned.csv,normalized from outputs/tables/zoonotic_rank_family_reconstruction_audit.csv row 23; unit=released dataset row,RAW0027312,NC_004104.1,,Alphapapillomavirus 14,Alphapapillomavirus 14,Papillomaviridae,Papillomaviridae,ICTV 2026 (MSL41.v1),exact_current_family_from_author_figure_table,high,1,independent_source_verified
Zoonotic rank model,SCLIN0027313,input_original/manual_downloads/ZoonoticRankModel/FinalData_Cleaned.csv,normalized from outputs/tables/zoonotic_rank_family_reconstruction_audit.csv row 24; unit=released dataset row,RAW0027313,NC_001576.1,,Alphapapillomavirus 2,Alphapapillomavirus 2,Papillomaviridae,Papillomaviridae,ICTV 2026 (MSL41.v1),exact_current_family_from_author_figure_table,high,1,independent_source_verified
Zoonotic rank model,SCLIN0027314,input_original/manual_downloads/ZoonoticRankModel/FinalData_Cleaned.csv,normalized from outputs/tables/zoonotic_rank_family_reconstruction_audit.csv row 25; unit=released dataset row,RAW0027314,NC_001694.1,,Alphapapillomavirus 3,Alphapapillomavirus 3,Papillomaviridae,Papillomaviridae,ICTV 2026 (MSL41.v1),exact_current_family_from_author_figure_table,high,1,independent_source_verified
Zoonotic rank model,SCLIN0027315,input_original/manual_downloads/ZoonoticRankModel/FinalData_Cleaned.csv,normalized from outputs/tables/zoonotic_rank_family_reconstruction_audit.csv row 26; unit=released dataset row,RAW0027315,NC_001352.1,,Alphapapillomavirus 4,Alphapapillomavirus 4,Papillomaviridae,Papillomaviridae,ICTV 2026 (MSL41.v1),exact_current_family_from_author_figure_table,high,1,independent_source_verified
Zoonotic rank model,SCLIN0027316,input_original/manual_downloads/ZoonoticRankModel/FinalData_Cleaned.csv,normalized from outputs/tables/zoonotic_rank_family_reconstruction_audit.csv row 27; unit=released dataset row,RAW0027316,NC_001583.1,,Alphapapillomavirus 5,Alphapapillomavirus 5,Papillomaviridae,Papillomaviridae,ICTV 2026 (MSL41.v1),exact_current_family_from_author_figure_table,high,1,independent_source_verified
Zoonotic rank model,SCLIN0027317,input_original/manual_downloads/ZoonoticRankModel/FinalData_Cleaned.csv,normalized from outputs/tables/zoonotic_rank_family_reconstruction_audit.csv row 287; unit=released dataset row,RAW0027317,NC_001605.1,,Iotapapillomavirus 1,Iotapapillomavirus 1,Papillomaviridae,Papillomaviridae,ICTV 2026 (MSL41.v1),exact_current_family_from_author_figure_table,high,1,independent_source_verified
Zoonotic rank model,SCLIN0027318,input_original/manual_downloads/ZoonoticRankModel/FinalData_Cleaned.csv,normalized from outputs/tables/zoonotic_rank_family_reconstruction_audit.csv row 28; unit=released dataset row,RAW0027318,NC_001593.1,,Alphapapillomavirus 6,Alphapapillomavirus 6,Papillomaviridae,Papillomaviridae,ICTV 2026 (MSL41.v1),exact_current_family_from_author_figure_table,high,1,independent_source_verified
Zoonotic rank model,SCLIN0027319,input_original/manual_downloads/ZoonoticRankModel/FinalData_Cleaned.csv,normalized from outputs/tables/zoonotic_rank_family_reconstruction_audit.csv row 29; unit=released dataset row,RAW0027319,NC_001357.1,,Alphapapillomavirus 7,Alphapapillomavirus 7,Papillomaviridae,Papillomaviridae,ICTV 2026 (MSL41.v1),exact_current_family_from_author_figure_table,high,1,independent_source_verified
Zoonotic rank model,SCLIN0027320,input_original/manual_downloads/ZoonoticRankModel/FinalData_Cleaned.csv,normalized from outputs/tables/zoonotic_rank_family_reconstruction_audit.csv row 300; unit=released dataset row,RAW0027320,NC_002232.1,,Kappapapillomavirus 1,Kappapapillomavirus 1,Papillomaviridae,Papillomaviridae,ICTV 2026 (MSL41.v1),exact_current_family_from_author_figure_table,high,1,independent_source_verified
Zoonotic rank model,SCLIN0027321,input_original/manual_downloads/ZoonoticRankModel/FinalData_Cleaned.csv,normalized from outputs/tables/zoonotic_rank_family_reconstruction_audit.csv row 301; unit=released dataset row,RAW0027321,NC_001541.1,,Kappapapillomavirus 2,Kappapapillomavirus 2,Papillomaviridae,Papillomaviridae,ICTV 2026 (MSL41.v1),exact_current_family_from_author_figure_table,high,1,independent_source_verified
Zoonotic rank model,SCLIN0027322,input_original/manual_downloads/ZoonoticRankModel/FinalData_Cleaned.csv,normalized from outputs/tables/zoonotic_rank_family_reconstruction_audit.csv row 30; unit=released dataset row,RAW0027322,NC_001595.1,,Alphapapillomavirus 8,Alphapapillomavirus 8,Papillomaviridae,Papillomaviridae,ICTV 2026 (MSL41.v1),exact_current_family_from_author_figure_table,high,1,independent_source_verified
Zoonotic rank model,SCLIN0027323,input_original/manual_downloads/ZoonoticRankModel/FinalData_Cleaned.csv,normalized from outputs/tables/zoonotic_rank_family_reconstruction_audit.csv row 318; unit=released dataset row,RAW0027323,NC_004765.1,,Lambdapapillomavirus 1,Lambdapapillomavirus 1,Papillomaviridae,Papillomaviridae,ICTV 2026 (MSL41.v1),exact_current_family_from_author_figure_table,high,1,independent_source_verified
Zoonotic rank model,SCLIN0027324,input_original/manual_downloads/ZoonoticRankModel/FinalData_Cleaned.csv,normalized from outputs/tables/zoonotic_rank_family_reconstruction_audit.csv row 319; unit=released dataset row,RAW0027324,NC_001619.1,,Lambdapapillomavirus 2,Lambdapapillomavirus 2,Papillomaviridae,Papillomaviridae,ICTV 2026 (MSL41.v1),exact_current_family_from_author_figure_table,high,1,independent_source_verified
Zoonotic rank model,SCLIN0027325,input_original/manual_downloads/ZoonoticRankModel/FinalData_Cleaned.csv,normalized from outputs/tables/zoonotic_rank_family_reconstruction_audit.csv row 31; unit=released dataset row,RAW0027325,NC_001526.4,,Alphapapillomavirus 9,Alphapapillomavirus 9,Papillomaviridae,Papillomaviridae,ICTV 2026 (MSL41.v1),exact_current_family_from_author_figure_table,high,1,independent_source_verified
Zoonotic rank model,SCLIN0027326,input_original/manual_downloads/ZoonoticRankModel/FinalData_Cleaned.csv,normalized from outputs/tables/zoonotic_rank_family_reconstruction_audit.csv row 392; unit=released dataset row,RAW0027326,NC_001356.1,,Mupapillomavirus 1,Mupapillomavirus 1,Papillomaviridae,Papillomaviridae,ICTV 2026 (MSL41.v1),exact_current_family_from_author_figure_table,high,1,independent_source_verified
Zoonotic rank model,SCLIN0027327,input_original/manual_downloads/ZoonoticRankModel/FinalData_Cleaned.csv,normalized from outputs/tables/zoonotic_rank_family_reconstruction_audit.csv row 393; unit=released dataset row,RAW0027327,NC_001458.1,,Mupapillomavirus 2,Mupapillomavirus 2,Papillomaviridae,Papillomaviridae,ICTV 2026 (MSL41.v1),exact_current_family_from_author_figure_table,high,1,independent_source_verified
Zoonotic rank model,SCLIN0027328,input_original/manual_downloads/ZoonoticRankModel/FinalData_Cleaned.csv,normalized from outputs/tables/zoonotic_rank_family_reconstruction_audit.csv row 419; unit=released dataset row,RAW0027328,NC_001354.1,,Nupapillomavirus 1,Nupapillomavirus 1,Papillomaviridae,Papillomaviridae,ICTV 2026 (MSL41.v1),exact_current_family_from_author_figure_table,high,1,independent_source_verified
Zoonotic rank model,SCLIN0027329,input_original/manual_downloads/ZoonoticRankModel/FinalData_Cleaned.csv,normalized from outputs/tables/zoonotic_rank_family_reconstruction_audit.csv row 425; unit=released dataset row,RAW0027329,JN709471.1,,Omikronpapillomavirus 1,Omikronpapillomavirus 1,Papillomaviridae,Papillomaviridae,ICTV 2026 (MSL41.v1),exact_current_family_from_author_figure_table,high,1,independent_source_verified
Zoonotic rank model,SCLIN0027330,input_original/manual_downloads/ZoonoticRankModel/FinalData_Cleaned.csv,normalized from outputs/tables/zoonotic_rank_family_reconstruction_audit.csv row 460; unit=released dataset row,RAW0027330,NC_022647.1,,Pipapillomavirus 1,Pipapillomavirus 1,Papillomaviridae,Papillomaviridae,ICTV 2026 (MSL41.v1),exact_current_family_from_author_figure_table,high,1,independent_source_verified
Zoonotic rank model,SCLIN0027331,input_original/manual_downloads/ZoonoticRankModel/FinalData_Cleaned.csv,normalized from outputs/tables/zoonotic_rank_family_reconstruction_audit.csv row 622; unit=released dataset row,RAW0027331,NC_004197.1,,Xipapillomavirus 1,Xipapillomavirus 1,Papillomaviridae,Papillomaviridae,ICTV 2026 (MSL41.v1),exact_current_family_from_author_figure_table,high,1,independent_source_verified
Zoonotic rank model,SCLIN0027332,input_original/manual_downloads/ZoonoticRankModel/FinalData_Cleaned.csv,normalized from outputs/tables/zoonotic_rank_family_reconstruction_audit.csv row 629; unit=released dataset row,RAW0027332,NC_003748.1,,Zetapapillomavirus 1,Zetapapillomavirus 1,Papillomaviridae,Papillomaviridae,ICTV 2026 (MSL41.v1),exact_current_family_from_author_figure_table,high,1,independent_source_verified
Zoonotic rank model,SCLIN0027333,input_original/manual_downloads/ZoonoticRankModel/FinalData_Cleaned.csv,normalized from outputs/tables/zoonotic_rank_family_reconstruction_audit.csv row 82; unit=released dataset row,RAW0027333,NC_001531.1,,Betapapillomavirus 1,Betapapillomavirus 1,Papillomaviridae,Papillomaviridae,ICTV 2026 (MSL41.v1),exact_current_family_from_author_figure_table,high,1,independent_source_verified
Zoonotic rank model,SCLIN0027334,input_original/manual_downloads/ZoonoticRankModel/FinalData_Cleaned.csv,normalized from outputs/tables/zoonotic_rank_family_reconstruction_audit.csv row 83; unit=released dataset row,RAW0027334,NC_001596.1,,Betapapillomavirus 2,Betapapillomavirus 2,Papillomaviridae,Papillomaviridae,ICTV 2026 (MSL41.v1),exact_current_family_from_author_figure_table,high,1,independent_source_verified
Zoonotic rank model,SCLIN0027335,input_original/manual_downloads/ZoonoticRankModel/FinalData_Cleaned.csv,normalized from outputs/tables/zoonotic_rank_family_reconstruction_audit.csv row 84; unit=released dataset row,RAW0027335,NC_001591.1,,Betapapillomavirus 3,Betapapillomavirus 3,Papillomaviridae,Papillomaviridae,ICTV 2026 (MSL41.v1),exact_current_family_from_author_figure_table,high,1,independent_source_verified
Zoonotic rank model,SCLIN0027336,input_original/manual_downloads/ZoonoticRankModel/FinalData_Cleaned.csv,normalized from outputs/tables/zoonotic_rank_family_reconstruction_audit.csv row 85; unit=released dataset row,RAW0027336,NC_004500.1,,Betapapillomavirus 4,Betapapillomavirus 4,Papillomaviridae,Papillomaviridae,ICTV 2026 (MSL41.v1),exact_current_family_from_author_figure_table,high,1,independent_source_verified
Zoonotic rank model,SCLIN0027337,input_original/manual_downloads/ZoonoticRankModel/FinalData_Cleaned.csv,normalized from outputs/tables/zoonotic_rank_family_reconstruction_audit.csv row 86; unit=released dataset row,RAW0027337,NC_005134.2,,Betapapillomavirus 5,Betapapillomavirus 5,Papillomaviridae,Papillomaviridae,ICTV 2026 (MSL41.v1),exact_current_family_from_author_figure_table,high,1,independent_source_verified
Zoonotic rank model,SCLIN0027338,input_original/manual_downloads/ZoonoticRankModel/FinalData_Cleaned.csv,normalized from outputs/tables/zoonotic_rank_family_reconstruction_audit.csv row 108; unit=released dataset row,RAW0027338,NC_002161.1,,Bovine respirovirus 3,Bovine respirovirus 3,Paramyxoviridae,Paramyxoviridae,ICTV 2026 (MSL41.v1),exact_current_family_from_author_figure_table,high,1,independent_source_verified
Zoonotic rank model,SCLIN0027339,input_original/manual_downloads/ZoonoticRankModel/FinalData_Cleaned.csv,normalized from outputs/tables/zoonotic_rank_family_reconstruction_audit.csv row 128; unit=released dataset row,RAW0027339,NC_001921.1,,Canine morbillivirus,Canine morbillivirus,Paramyxoviridae,Paramyxoviridae,ICTV 2026 (MSL41.v1),exact_current_family_from_author_figure_table,high,1,independent_source_verified
Zoonotic rank model,SCLIN0027340,input_original/manual_downloads/ZoonoticRankModel/FinalData_Cleaned.csv,normalized from outputs/tables/zoonotic_rank_family_reconstruction_audit.csv row 141; unit=released dataset row,RAW0027340,NC_025351.1,,Cedar henipavirus,Cedar henipavirus,Paramyxoviridae,Paramyxoviridae,ICTV 2026 (MSL41.v1),exact_current_family_from_author_figure_table,high,1,independent_source_verified
Zoonotic rank model,SCLIN0027341,input_original/manual_downloads/ZoonoticRankModel/FinalData_Cleaned.csv,normalized from outputs/tables/zoonotic_rank_family_reconstruction_audit.csv row 147; unit=released dataset row,RAW0027341,NC_005283.1,,Cetacean morbillivirus,Cetacean morbillivirus,Paramyxoviridae,Paramyxoviridae,ICTV 2026 (MSL41.v1),exact_current_family_from_author_figure_table,high,1,independent_source_verified
Zoonotic rank model,SCLIN0027342,input_original/manual_downloads/ZoonoticRankModel/FinalData_Cleaned.csv,normalized from outputs/tables/zoonotic_rank_family_reconstruction_audit.csv row 219; unit=released dataset row,RAW0027342,NC_025264.1,,Feline morbillivirus,Feline morbillivirus,Paramyxoviridae,Paramyxoviridae,ICTV 2026 (MSL41.v1),exact_current_family_from_author_figure_table,high,1,independent_source_verified
Zoonotic rank model,SCLIN0027343,input_original/manual_downloads/ZoonoticRankModel/FinalData_Cleaned.csv,normalized from outputs/tables/zoonotic_rank_family_reconstruction_audit.csv row 232; unit=released dataset row,RAW0027343,NC_025256.1,,Ghanaian bat henipavirus,Ghanaian bat henipavirus,Paramyxoviridae,Paramyxoviridae,ICTV 2026 (MSL41.v1),exact_current_family_from_author_figure_table,high,1,independent_source_verified
Zoonotic rank model,SCLIN0027344,input_original/manual_downloads/ZoonoticRankModel/FinalData_Cleaned.csv,normalized from outputs/tables/zoonotic_rank_family_reconstruction_audit.csv row 246; unit=released dataset row,RAW0027344,NC_001906.3,,Hendra henipavirus,Hendra henipavirus,Paramyxoviridae,Paramyxoviridae,ICTV 2026 (MSL41.v1),exact_current_family_from_author_figure_table,high,1,independent_source_verified
Zoonotic rank model,SCLIN0027345,input_original/manual_downloads/ZoonoticRankModel/FinalData_Cleaned.csv,normalized from outputs/tables/zoonotic_rank_family_reconstruction_audit.csv row 277; unit=released dataset row,RAW0027345,NC_003461.1,,Human respirovirus 1,Human respirovirus 1,Paramyxoviridae,Paramyxoviridae,ICTV 2026 (MSL41.v1),exact_current_family_from_author_figure_table,high,1,independent_source_verified
Zoonotic rank model,SCLIN0027346,input_original/manual_downloads/ZoonoticRankModel/FinalData_Cleaned.csv,normalized from outputs/tables/zoonotic_rank_family_reconstruction_audit.csv row 278; unit=released dataset row,RAW0027346,NC_001796.2,,Human respirovirus 3,Human respirovirus 3,Paramyxoviridae,Paramyxoviridae,ICTV 2026 (MSL41.v1),exact_current_family_from_author_figure_table,high,1,independent_source_verified
Zoonotic rank model,SCLIN0027347,input_original/manual_downloads/ZoonoticRankModel/FinalData_Cleaned.csv,normalized from outputs/tables/zoonotic_rank_family_reconstruction_audit.csv row 279; unit=released dataset row,RAW0027347,NC_003443.1,,Human rubulavirus 2,Human orthorubulavirus 2,Paramyxoviridae,Paramyxoviridae,ICTV 2026 (MSL41.v1),exact_current_family_from_author_figure_table,high,1,independent_source_verified
Zoonotic rank model,SCLIN0027348,input_original/manual_downloads/ZoonoticRankModel/FinalData_Cleaned.csv,normalized from outputs/tables/zoonotic_rank_family_reconstruction_audit.csv row 280; unit=released dataset row,RAW0027348,NC_021928.1,,Human rubulavirus 4,Human orthorubulavirus 4,Paramyxoviridae,Paramyxoviridae,ICTV 2026 (MSL41.v1),exact_current_family_from_author_figure_table,high,1,independent_source_verified
Zoonotic rank model,SCLIN0027349,input_original/manual_downloads/ZoonoticRankModel/FinalData_Cleaned.csv,normalized from outputs/tables/zoonotic_rank_family_reconstruction_audit.csv row 2; unit=released dataset row,RAW0027349,NC_025403.1,,Achimota rubulavirus 1,Achimota pararubulavirus 1,Paramyxoviridae,Paramyxoviridae,ICTV 2026 (MSL41.v1),exact_current_family_from_author_figure_table,high,1,independent_source_verified
Zoonotic rank model,SCLIN0027350,input_original/manual_downloads/ZoonoticRankModel/FinalData_Cleaned.csv,normalized from outputs/tables/zoonotic_rank_family_reconstruction_audit.csv row 359; unit=released dataset row,RAW0027350,NC_006430.1,,Mammalian rubulavirus 5,Mammalian orthorubulavirus 5,Paramyxoviridae,Paramyxoviridae,ICTV 2026 (MSL41.v1),exact_current_family_from_author_figure_table,high,1,independent_source_verified
Zoonotic rank model,SCLIN0027351,input_original/manual_downloads/ZoonoticRankModel/FinalData_Cleaned.csv,normalized from outputs/tables/zoonotic_rank_family_reconstruction_audit.csv row 361; unit=released dataset row,RAW0027351,NC_009489.1,,Mapuera rubulavirus,Mapuera orthorubulavirus,Paramyxoviridae,Paramyxoviridae,ICTV 2026 (MSL41.v1),exact_current_family_from_author_figure_table,high,1,independent_source_verified
Zoonotic rank model,SCLIN0027352,input_original/manual_downloads/ZoonoticRankModel/FinalData_Cleaned.csv,normalized from outputs/tables/zoonotic_rank_family_reconstruction_audit.csv row 367; unit=released dataset row,RAW0027352,NC_001498.1,,Measles morbillivirus,Measles morbillivirus,Paramyxoviridae,Paramyxoviridae,ICTV 2026 (MSL41.v1),exact_current_family_from_author_figure_table,high,1,independent_source_verified
Zoonotic rank model,SCLIN0027353,input_original/manual_downloads/ZoonoticRankModel/FinalData_Cleaned.csv,normalized from outputs/tables/zoonotic_rank_family_reconstruction_audit.csv row 368; unit=released dataset row,RAW0027353,NC_007620.1,,Menangle rubulavirus,Menangle pararubulavirus,Paramyxoviridae,Paramyxoviridae,ICTV 2026 (MSL41.v1),exact_current_family_from_author_figure_table,high,1,independent_source_verified
Zoonotic rank model,SCLIN0027354,input_original/manual_downloads/ZoonoticRankModel/FinalData_Cleaned.csv,normalized from outputs/tables/zoonotic_rank_family_reconstruction_audit.csv row 378; unit=released dataset row,RAW0027354,NC_025352.1,,Mojiang henipavirus,Mojiang henipavirus,Paramyxoviridae,Paramyxoviridae,ICTV 2026 (MSL41.v1),exact_current_family_from_author_figure_table,high,1,independent_source_verified
Zoonotic rank model,SCLIN0027355,input_original/manual_downloads/ZoonoticRankModel/FinalData_Cleaned.csv,normalized from outputs/tables/zoonotic_rank_family_reconstruction_audit.csv row 390; unit=released dataset row,RAW0027355,NC_002200.1,,Mumps rubulavirus,Mumps orthorubulavirus,Paramyxoviridae,Paramyxoviridae,ICTV 2026 (MSL41.v1),exact_current_family_from_author_figure_table,high,1,independent_source_verified
Zoonotic rank model,SCLIN0027356,input_original/manual_downloads/ZoonoticRankModel/FinalData_Cleaned.csv,normalized from outputs/tables/zoonotic_rank_family_reconstruction_audit.csv row 3; unit=released dataset row,RAW0027356,NC_025404.1,,Achimota rubulavirus 2,Achimota pararubulavirus 2,Paramyxoviridae,Paramyxoviridae,ICTV 2026 (MSL41.v1),exact_current_family_from_author_figure_table,high,1,independent_source_verified
Zoonotic rank model,SCLIN0027357,input_original/manual_downloads/ZoonoticRankModel/FinalData_Cleaned.csv,normalized from outputs/tables/zoonotic_rank_family_reconstruction_audit.csv row 402; unit=released dataset row,RAW0027357,NC_001552.1,,Murine respirovirus,Murine respirovirus,Paramyxoviridae,Paramyxoviridae,ICTV 2026 (MSL41.v1),exact_current_family_from_author_figure_table,high,1,independent_source_verified
Zoonotic rank model,SCLIN0027358,input_original/manual_downloads/ZoonoticRankModel/FinalData_Cleaned.csv,normalized from outputs/tables/zoonotic_rank_family_reconstruction_audit.csv row 415; unit=released dataset row,RAW0027358,NC_002728.1,,Nipah henipavirus,Nipah henipavirus,Paramyxoviridae,Paramyxoviridae,ICTV 2026 (MSL41.v1),exact_current_family_from_author_figure_table,high,1,independent_source_verified
Zoonotic rank model,SCLIN0027359,input_original/manual_downloads/ZoonoticRankModel/FinalData_Cleaned.csv,normalized from outputs/tables/zoonotic_rank_family_reconstruction_audit.csv row 458; unit=released dataset row,RAW0027359,NC_028249.1,,Phocine morbillivirus,Phocine morbillivirus,Paramyxoviridae,Paramyxoviridae,ICTV 2026 (MSL41.v1),exact_current_family_from_author_figure_table,high,1,independent_source_verified
Zoonotic rank model,SCLIN0027360,input_original/manual_downloads/ZoonoticRankModel/FinalData_Cleaned.csv,normalized from outputs/tables/zoonotic_rank_family_reconstruction_audit.csv row 475; unit=released dataset row,RAW0027360,NC_025402.1,,Porcine respirovirus 1,Porcine respirovirus 1,Paramyxoviridae,Paramyxoviridae,ICTV 2026 (MSL41.v1),exact_current_family_from_author_figure_table,high,1,independent_source_verified
Zoonotic rank model,SCLIN0027361,input_original/manual_downloads/ZoonoticRankModel/FinalData_Cleaned.csv,normalized from outputs/tables/zoonotic_rank_family_reconstruction_audit.csv row 476; unit=released dataset row,RAW0027361,NC_009640.1,,Porcine rubulavirus,Porcine orthorubulavirus,Paramyxoviridae,Paramyxoviridae,ICTV 2026 (MSL41.v1),exact_current_family_from_author_figure_table,high,1,independent_source_verified
Zoonotic rank model,SCLIN0027362,input_original/manual_downloads/ZoonoticRankModel/FinalData_Cleaned.csv,normalized from outputs/tables/zoonotic_rank_family_reconstruction_audit.csv row 49; unit=released dataset row,RAW0027362,NC_039223.1,,Avian avulavirus 1,Avian orthoavulavirus 1,Paramyxoviridae,Paramyxoviridae,ICTV 2026 (MSL41.v1),exact_current_family_from_author_figure_table,high,1,independent_source_verified
Zoonotic rank model,SCLIN0027363,input_original/manual_downloads/ZoonoticRankModel/FinalData_Cleaned.csv,normalized from outputs/tables/zoonotic_rank_family_reconstruction_audit.csv row 502; unit=released dataset row,RAW0027363,NC_005084.2,,Reptilian ferlavirus,Reptilian ferlavirus,Paramyxoviridae,Paramyxoviridae,ICTV 2026 (MSL41.v1),exact_current_family_from_author_figure_table,high,1,independent_source_verified
Zoonotic rank model,SCLIN0027364,input_original/manual_downloads/ZoonoticRankModel/FinalData_Cleaned.csv,normalized from outputs/tables/zoonotic_rank_family_reconstruction_audit.csv row 50; unit=released dataset row,RAW0027364,NC_025349.3,,Avian avulavirus 10,Avian metaavulavirus 10,Paramyxoviridae,Paramyxoviridae,ICTV 2026 (MSL41.v1),exact_current_family_from_author_figure_table,high,1,independent_source_verified
Zoonotic rank model,SCLIN0027365,input_original/manual_downloads/ZoonoticRankModel/FinalData_Cleaned.csv,normalized from outputs/tables/zoonotic_rank_family_reconstruction_audit.csv row 510; unit=released dataset row,RAW0027365,NC_006296.2,,Rinderpest morbillivirus,Rinderpest morbillivirus,Paramyxoviridae,Paramyxoviridae,ICTV 2026 (MSL41.v1),exact_current_family_from_author_figure_table,high,1,independent_source_verified
Zoonotic rank model,SCLIN0027366,input_original/manual_downloads/ZoonoticRankModel/FinalData_Cleaned.csv,normalized from outputs/tables/zoonotic_rank_family_reconstruction_audit.csv row 51; unit=released dataset row,RAW0027366,NC_025407.1,,Avian avulavirus 11,Avian metaavulavirus 11,Paramyxoviridae,Paramyxoviridae,ICTV 2026 (MSL41.v1),exact_current_family_from_author_figure_table,high,1,independent_source_verified
Zoonotic rank model,SCLIN0027367,input_original/manual_downloads/ZoonoticRankModel/FinalData_Cleaned.csv,normalized from outputs/tables/zoonotic_rank_family_reconstruction_audit.csv row 52; unit=released dataset row,RAW0027367,NC_025363.1,,Avian avulavirus 12,Avian orthoavulavirus 12,Paramyxoviridae,Paramyxoviridae,ICTV 2026 (MSL41.v1),exact_current_family_from_author_figure_table,high,1,independent_source_verified
Zoonotic rank model,SCLIN0027368,input_original/manual_downloads/ZoonoticRankModel/FinalData_Cleaned.csv,normalized from outputs/tables/zoonotic_rank_family_reconstruction_audit.csv row 531; unit=released dataset row,RAW0027368,NC_025360.1,,Salmon aquaparamyxovirus,Salmon aquaparamyxovirus,Paramyxoviridae,Paramyxoviridae,ICTV 2026 (MSL41.v1),exact_current_family_from_author_figure_table,high,1,independent_source_verified
Zoonotic rank model,SCLIN0027369,input_original/manual_downloads/ZoonoticRankModel/FinalData_Cleaned.csv,normalized from outputs/tables/zoonotic_rank_family_reconstruction_audit.csv row 53; unit=released dataset row,RAW0027369,NC_025373.1,,Avian avulavirus 3,Avian paraavulavirus 3,Paramyxoviridae,Paramyxoviridae,ICTV 2026 (MSL41.v1),exact_current_family_from_author_figure_table,high,1,independent_source_verified
Zoonotic rank model,SCLIN0027370,input_original/manual_downloads/ZoonoticRankModel/FinalData_Cleaned.csv,normalized from outputs/tables/zoonotic_rank_family_reconstruction_audit.csv row 54; unit=released dataset row,RAW0027370,NC_019531.1,,Avian avulavirus 4,Avian paraavulavirus 4,Paramyxoviridae,Paramyxoviridae,ICTV 2026 (MSL41.v1),exact_current_family_from_author_figure_table,high,1,independent_source_verified
Zoonotic rank model,SCLIN0027371,input_original/manual_downloads/ZoonoticRankModel/FinalData_Cleaned.csv,normalized from outputs/tables/zoonotic_rank_family_reconstruction_audit.csv row 552; unit=released dataset row,RAW0027371,NC_006428.1,,Simian rubulavirus,Simian orthorubulavirus,Paramyxoviridae,Paramyxoviridae,ICTV 2026 (MSL41.v1),exact_current_family_from_author_figure_table,high,1,independent_source_verified
Zoonotic rank model,SCLIN0027372,input_original/manual_downloads/ZoonoticRankModel/FinalData_Cleaned.csv,normalized from outputs/tables/zoonotic_rank_family_reconstruction_audit.csv row 555; unit=released dataset row,RAW0027372,NC_006383.2,,Small ruminant morbillivirus,Small ruminant morbillivirus,Paramyxoviridae,Paramyxoviridae,ICTV 2026 (MSL41.v1),exact_current_family_from_author_figure_table,high,1,independent_source_verified
Zoonotic rank model,SCLIN0027373,input_original/manual_downloads/ZoonoticRankModel/FinalData_Cleaned.csv,normalized from outputs/tables/zoonotic_rank_family_reconstruction_audit.csv row 558; unit=released dataset row,RAW0027373,NC_025343.1,,Sosuga rubulavirus,Sosuga pararubulavirus,Paramyxoviridae,Paramyxoviridae,ICTV 2026 (MSL41.v1),exact_current_family_from_author_figure_table,high,1,independent_source_verified
Zoonotic rank model,SCLIN0027374,input_original/manual_downloads/ZoonoticRankModel/FinalData_Cleaned.csv,normalized from outputs/tables/zoonotic_rank_family_reconstruction_audit.csv row 55; unit=released dataset row,RAW0027374,NC_025361.1,,Avian avulavirus 5,Avian metaavulavirus 5,Paramyxoviridae,Paramyxoviridae,ICTV 2026 (MSL41.v1),exact_current_family_from_author_figure_table,high,1,independent_source_verified
Zoonotic rank model,SCLIN0027375,input_original/manual_downloads/ZoonoticRankModel/FinalData_Cleaned.csv,normalized from outputs/tables/zoonotic_rank_family_reconstruction_audit.csv row 56; unit=released dataset row,RAW0027375,NC_039194.1,,Avian avulavirus 6,Avian metaavulavirus 6,Paramyxoviridae,Paramyxoviridae,ICTV 2026 (MSL41.v1),exact_current_family_from_author_figure_table,high,1,independent_source_verified
Zoonotic rank model,SCLIN0027376,input_original/manual_downloads/ZoonoticRankModel/FinalData_Cleaned.csv,normalized from outputs/tables/zoonotic_rank_family_reconstruction_audit.csv row 57; unit=released dataset row,RAW0027376,NC_025347.1,,Avian avulavirus 7,Avian metaavulavirus 7,Paramyxoviridae,Paramyxoviridae,ICTV 2026 (MSL41.v1),exact_current_family_from_author_figure_table,high,1,independent_source_verified
Zoonotic rank model,SCLIN0027377,input_original/manual_downloads/ZoonoticRankModel/FinalData_Cleaned.csv,normalized from outputs/tables/zoonotic_rank_family_reconstruction_audit.csv row 582; unit=released dataset row,RAW0027377,NC_004074.1,,Tioman rubulavirus,Tioman pararubulavirus,Paramyxoviridae,Paramyxoviridae,ICTV 2026 (MSL41.v1),exact_current_family_from_author_figure_table,high,1,independent_source_verified
Zoonotic rank model,SCLIN0027378,input_original/manual_downloads/ZoonoticRankModel/FinalData_Cleaned.csv,normalized from outputs/tables/zoonotic_rank_family_reconstruction_audit.csv row 586; unit=released dataset row,RAW0027378,NC_025410.1,,Tuhoko rubulavirus 1,Tuhoko pararubulavirus 1,Paramyxoviridae,Paramyxoviridae,ICTV 2026 (MSL41.v1),exact_current_family_from_author_figure_table,high,1,independent_source_verified
Zoonotic rank model,SCLIN0027379,input_original/manual_downloads/ZoonoticRankModel/FinalData_Cleaned.csv,normalized from outputs/tables/zoonotic_rank_family_reconstruction_audit.csv row 587; unit=released dataset row,RAW0027379,NC_025348.1,,Tuhoko rubulavirus 2,Tuhoko pararubulavirus 2,Paramyxoviridae,Paramyxoviridae,ICTV 2026 (MSL41.v1),exact_current_family_from_author_figure_table,high,1,independent_source_verified
Zoonotic rank model,SCLIN0027380,input_original/manual_downloads/ZoonoticRankModel/FinalData_Cleaned.csv,normalized from outputs/tables/zoonotic_rank_family_reconstruction_audit.csv row 588; unit=released dataset row,RAW0027380,NC_025350.1,,Tuhoko rubulavirus 3,Tuhoko pararubulavirus 3,Paramyxoviridae,Paramyxoviridae,ICTV 2026 (MSL41.v1),exact_current_family_from_author_figure_table,high,1,independent_source_verified
Zoonotic rank model,SCLIN0027381,input_original/manual_downloads/ZoonoticRankModel/FinalData_Cleaned.csv,normalized from outputs/tables/zoonotic_rank_family_reconstruction_audit.csv row 58; unit=released dataset row,RAW0027381,NC_039195.1,,Avian avulavirus 8,Avian metaavulavirus 8,Paramyxoviridae,Paramyxoviridae,ICTV 2026 (MSL41.v1),exact_current_family_from_author_figure_table,high,1,independent_source_verified
Zoonotic rank model,SCLIN0027382,input_original/manual_downloads/ZoonoticRankModel/FinalData_Cleaned.csv,normalized from outputs/tables/zoonotic_rank_family_reconstruction_audit.csv row 59; unit=released dataset row,RAW0027382,NC_025390.1,,Avian avulavirus 9,Avian orthoavulavirus 9,Paramyxoviridae,Paramyxoviridae,ICTV 2026 (MSL41.v1),exact_current_family_from_author_figure_table,high,1,independent_source_verified
Zoonotic rank model,SCLIN0027383,input_original/manual_downloads/ZoonoticRankModel/FinalData_Cleaned.csv,normalized from outputs/tables/zoonotic_rank_family_reconstruction_audit.csv row 654; unit=released dataset row,RAW0027383,NC_030231.1,,Avian avulavirus 13,Avian orthoavulavirus 13,Paramyxoviridae,Paramyxoviridae,ICTV 2026 (MSL41.v1),exact_current_family_from_author_figure_table,high,1,independent_source_verified
Zoonotic rank model,SCLIN0027384,input_original/manual_downloads/ZoonoticRankModel/FinalData_Cleaned.csv,normalized from outputs/tables/zoonotic_rank_family_reconstruction_audit.csv row 655; unit=released dataset row,RAW0027384,NC_039230.1,,Avian avulavirus 2,Avian metaavulavirus 2,Paramyxoviridae,Paramyxoviridae,ICTV 2026 (MSL41.v1),exact_current_family_from_author_figure_table,high,1,independent_source_verified
Zoonotic rank model,SCLIN0027385,input_original/manual_downloads/ZoonoticRankModel/FinalData_Cleaned.csv,normalized from outputs/tables/zoonotic_rank_family_reconstruction_audit.csv row 663; unit=released dataset row,RAW0027385,NC_038271.1,,Bat mumps rubulavirus,Bat mumps orthorubulavirus,Paramyxoviridae,Paramyxoviridae,ICTV 2026 (MSL41.v1),exact_current_family_from_author_figure_table,high,1,independent_source_verified
Zoonotic rank model,SCLIN0027386,input_original/manual_downloads/ZoonoticRankModel/FinalData_Cleaned.csv,normalized from outputs/tables/zoonotic_rank_family_reconstruction_audit.csv row 893; unit=released dataset row,RAW0027386,NC_039198.1,,Teviot rubulavirus,Teviot pararubulavirus,Paramyxoviridae,Paramyxoviridae,ICTV 2026 (MSL41.v1),exact_current_family_from_author_figure_table,high,1,independent_source_verified
Zoonotic rank model,SCLIN0027387,input_original/manual_downloads/ZoonoticRankModel/FinalData_Cleaned.csv,normalized from outputs/tables/zoonotic_rank_family_reconstruction_audit.csv row 135; unit=released dataset row,RAW0027387,MF285607.1,,Carnivore amdoparvovirus 1,Carnivore amdoparvovirus 1,Parvoviridae,Parvoviridae,ICTV 2026 (MSL41.v1),exact_current_family_from_author_figure_table,high,1,independent_source_verified
Zoonotic rank model,SCLIN0027388,input_original/manual_downloads/ZoonoticRankModel/FinalData_Cleaned.csv,normalized from outputs/tables/zoonotic_rank_family_reconstruction_audit.csv row 136; unit=released dataset row,RAW0027388,NC_004442.1,,Carnivore bocaparvovirus 1,Carnivore bocaparvovirus 1,Parvoviridae,Parvoviridae,ICTV 2026 (MSL41.v1),exact_current_family_from_author_figure_table,high,1,independent_source_verified
Zoonotic rank model,SCLIN0027389,input_original/manual_downloads/ZoonoticRankModel/FinalData_Cleaned.csv,normalized from outputs/tables/zoonotic_rank_family_reconstruction_audit.csv row 137; unit=released dataset row,RAW0027389,NC_001539.1,,Carnivore protoparvovirus 1,Carnivore protoparvovirus 1,Parvoviridae,Parvoviridae,ICTV 2026 (MSL41.v1),exact_current_family_from_author_figure_table,high,1,independent_source_verified
Zoonotic rank model,SCLIN0027390,input_original/manual_downloads/ZoonoticRankModel/FinalData_Cleaned.csv,normalized from outputs/tables/zoonotic_rank_family_reconstruction_audit.csv row 481; unit=released dataset row,RAW0027390,NC_000883.2,,Primate erythroparvovirus 1,Primate erythroparvovirus 1,Parvoviridae,Parvoviridae,ICTV 2026 (MSL41.v1),exact_current_family_from_author_figure_table,high,1,independent_source_verified
Zoonotic rank model,SCLIN0027391,input_original/manual_downloads/ZoonoticRankModel/FinalData_Cleaned.csv,normalized from outputs/tables/zoonotic_rank_family_reconstruction_audit.csv row 482; unit=released dataset row,RAW0027391,U26342.1,,Primate erythroparvovirus 2,Primate erythroparvovirus 2,,Parvoviridae,ICTV 2026 (MSL41.v1),exact_vmr_genbank_accession,high,1,independent_source_verified
Zoonotic rank model,SCLIN0027392,input_original/manual_downloads/ZoonoticRankModel/FinalData_Cleaned.csv,normalized from outputs/tables/zoonotic_rank_family_reconstruction_audit.csv row 483; unit=released dataset row,RAW0027392,AF221122.1,,Primate erythroparvovirus 3,Primate erythroparvovirus 3,,Parvoviridae,ICTV 2026 (MSL41.v1),exact_vmr_genbank_accession,high,1,independent_source_verified
Zoonotic rank model,SCLIN0027393,input_original/manual_downloads/ZoonoticRankModel/FinalData_Cleaned.csv,normalized from outputs/tables/zoonotic_rank_family_reconstruction_audit.csv row 484; unit=released dataset row,RAW0027393,AF221123.1,,Primate erythroparvovirus 4,Primate erythroparvovirus 4,,Parvoviridae,ICTV 2026 (MSL41.v1),exact_vmr_genbank_accession,high,1,independent_source_verified
Zoonotic rank model,SCLIN0027394,input_original/manual_downloads/ZoonoticRankModel/FinalData_Cleaned.csv,normalized from outputs/tables/zoonotic_rank_family_reconstruction_audit.csv row 513; unit=released dataset row,RAW0027394,GQ200736.1,,Rodent erythroparvovirus 1,Rodent erythroparvovirus 1,Parvoviridae,Parvoviridae,ICTV 2026 (MSL41.v1),exact_current_family_from_author_figure_table,high,1,independent_source_verified
Zoonotic rank model,SCLIN0027395,input_original/manual_downloads/ZoonoticRankModel/FinalData_Cleaned.csv,normalized from outputs/tables/zoonotic_rank_family_reconstruction_audit.csv row 514; unit=released dataset row,RAW0027395,NC_001510.1,,Rodent protoparvovirus 1,Rodent protoparvovirus 1,Parvoviridae,Parvoviridae,ICTV 2026 (MSL41.v1),exact_current_family_from_author_figure_table,high,1,independent_source_verified
Zoonotic rank model,SCLIN0027396,input_original/manual_downloads/ZoonoticRankModel/FinalData_Cleaned.csv,normalized from outputs/tables/zoonotic_rank_family_reconstruction_audit.csv row 515; unit=released dataset row,RAW0027396,AF036710.1,,Rodent protoparvovirus 2,Rodent protoparvovirus 2,Parvoviridae,Parvoviridae,ICTV 2026 (MSL41.v1),exact_current_family_from_author_figure_table,high,1,independent_source_verified
Zoonotic rank model,SCLIN0027397,input_original/manual_downloads/ZoonoticRankModel/FinalData_Cleaned.csv,normalized from outputs/tables/zoonotic_rank_family_reconstruction_audit.csv row 597; unit=released dataset row,RAW0027397,NC_001540.1,,Ungulate bocaparvovirus 1,Ungulate bocaparvovirus 1,Parvoviridae,Parvoviridae,ICTV 2026 (MSL41.v1),exact_current_family_from_author_figure_table,high,1,independent_source_verified
Zoonotic rank model,SCLIN0027398,input_original/manual_downloads/ZoonoticRankModel/FinalData_Cleaned.csv,normalized from outputs/tables/zoonotic_rank_family_reconstruction_audit.csv row 598; unit=released dataset row,RAW0027398,NC_001718.1,,Ungulate protoparvovirus 1,Ungulate protoparvovirus 1,Parvoviridae,Parvoviridae,ICTV 2026 (MSL41.v1),exact_current_family_from_author_figure_table,high,1,independent_source_verified
Zoonotic rank model,SCLIN0027399,input_original/manual_downloads/ZoonoticRankModel/FinalData_Cleaned.csv,normalized from outputs/tables/zoonotic_rank_family_reconstruction_audit.csv row 5; unit=released dataset row,RAW0027399,NC_002077.1,,Adeno-associated dependoparvovirus A,Adeno-associated dependoparvovirus A,Parvoviridae,Parvoviridae,ICTV 2026 (MSL41.v1),exact_current_family_from_author_figure_table,high,1,independent_source_verified
Zoonotic rank model,SCLIN0027400,input_original/manual_downloads/ZoonoticRankModel/FinalData_Cleaned.csv,normalized from outputs/tables/zoonotic_rank_family_reconstruction_audit.csv row 6; unit=released dataset row,RAW0027400,NC_006152.1,,Adeno-associated dependoparvovirus B,Adeno-associated dependoparvovirus B,Parvoviridae,Parvoviridae,ICTV 2026 (MSL41.v1),exact_current_family_from_author_figure_table,high,1,independent_source_verified
Zoonotic rank model,SCLIN0027401,input_original/manual_downloads/ZoonoticRankModel/FinalData_Cleaned.csv,normalized from outputs/tables/zoonotic_rank_family_reconstruction_audit.csv row 116; unit=released dataset row,RAW0027401,NC_001925.1; NC_001926.1; NC_001927.1,,Bunyamwera orthobunyavirus,Bunyamwera orthobunyavirus,Peribunyaviridae,Peribunyaviridae,ICTV 2026 (MSL41.v1),exact_current_family_from_author_figure_table,high,1,independent_source_verified
Zoonotic rank model,SCLIN0027402,input_original/manual_downloads/ZoonoticRankModel/FinalData_Cleaned.csv,normalized from outputs/tables/zoonotic_rank_family_reconstruction_audit.csv row 117; unit=released dataset row,RAW0027402,NC_034479.1; NC_034490.1; NC_034480.1,,Bwamba orthobunyavirus,Bwamba orthobunyavirus,Peribunyaviridae,Peribunyaviridae,ICTV 2026 (MSL41.v1),exact_current_family_from_author_figure_table,high,1,independent_source_verified
Zoonotic rank model,SCLIN0027403,input_original/manual_downloads/ZoonoticRankModel/FinalData_Cleaned.csv,normalized from outputs/tables/zoonotic_rank_family_reconstruction_audit.csv row 11; unit=released dataset row,RAW0027403,NC_009894.1; NC_009895.1; NC_009896.1,,Akabane orthobunyavirus,Akabane orthobunyavirus,Peribunyaviridae,Peribunyaviridae,ICTV 2026 (MSL41.v1),exact_current_family_from_author_figure_table,high,1,independent_source_verified
Zoonotic rank model,SCLIN0027404,input_original/manual_downloads/ZoonoticRankModel/FinalData_Cleaned.csv,normalized from outputs/tables/zoonotic_rank_family_reconstruction_audit.csv row 120; unit=released dataset row,RAW0027404,NC_004108.1; NC_004109.1; NC_004110.1,,California encephalitis orthobunyavirus,California encephalitis orthobunyavirus,Peribunyaviridae,Peribunyaviridae,ICTV 2026 (MSL41.v1),exact_current_family_from_author_figure_table,high,1,independent_source_verified
Zoonotic rank model,SCLIN0027405,input_original/manual_downloads/ZoonoticRankModel/FinalData_Cleaned.csv,normalized from outputs/tables/zoonotic_rank_family_reconstruction_audit.csv row 132; unit=released dataset row,RAW0027405,NC_034489.1; NC_034477.1; NC_034478.1,,Caraparu orthobunyavirus,Caraparu orthobunyavirus,Peribunyaviridae,Peribunyaviridae,ICTV 2026 (MSL41.v1),exact_current_family_from_author_figure_table,high,1,independent_source_verified
Zoonotic rank model,SCLIN0027406,input_original/manual_downloads/ZoonoticRankModel/FinalData_Cleaned.csv,normalized from outputs/tables/zoonotic_rank_family_reconstruction_audit.csv row 139; unit=released dataset row,RAW0027406,KP792660.1; KP792659.1; KP792658.1,,Catu orthobunyavirus,Catu orthobunyavirus,Peribunyaviridae,Peribunyaviridae,ICTV 2026 (MSL41.v1),exact_current_family_from_author_figure_table,high,1,independent_source_verified
Zoonotic rank model,SCLIN0027407,input_original/manual_downloads/ZoonoticRankModel/FinalData_Cleaned.csv,normalized from outputs/tables/zoonotic_rank_family_reconstruction_audit.csv row 240; unit=released dataset row,RAW0027407,KP792666.1; KP792665.1; KP792664.1,,Guama orthobunyavirus,Guama orthobunyavirus,Peribunyaviridae,Peribunyaviridae,ICTV 2026 (MSL41.v1),exact_current_family_from_author_figure_table,high,1,independent_source_verified
Zoonotic rank model,SCLIN0027408,input_original/manual_downloads/ZoonoticRankModel/FinalData_Cleaned.csv,normalized from outputs/tables/zoonotic_rank_family_reconstruction_audit.csv row 242; unit=released dataset row,RAW0027408,NC_034487.1; NC_034506.1; NC_034486.1,,Guaroa orthobunyavirus,Guaroa orthobunyavirus,Peribunyaviridae,Peribunyaviridae,ICTV 2026 (MSL41.v1),exact_current_family_from_author_figure_table,high,1,independent_source_verified
Zoonotic rank model,SCLIN0027409,input_original/manual_downloads/ZoonoticRankModel/FinalData_Cleaned.csv,normalized from outputs/tables/zoonotic_rank_family_reconstruction_audit.csv row 251; unit=released dataset row,RAW0027409,JQ659256.1; JQ659257.1; JQ659258.1,,Herbert herbevirus,Herbert herbevirus,Peribunyaviridae,Peribunyaviridae,ICTV 2026 (MSL41.v1),exact_current_family_from_author_figure_table,high,1,independent_source_verified
Zoonotic rank model,SCLIN0027410,input_original/manual_downloads/ZoonoticRankModel/FinalData_Cleaned.csv,normalized from outputs/tables/zoonotic_rank_family_reconstruction_audit.csv row 298; unit=released dataset row,RAW0027410,NC_034499.1; NC_034500.1; NC_034501.1,,Kaeng Khoi orthobunyavirus,Kaeng Khoi orthobunyavirus,Peribunyaviridae,Peribunyaviridae,ICTV 2026 (MSL41.v1),exact_current_family_from_author_figure_table,high,1,independent_source_verified
Zoonotic rank model,SCLIN0027411,input_original/manual_downloads/ZoonoticRankModel/FinalData_Cleaned.csv,normalized from outputs/tables/zoonotic_rank_family_reconstruction_audit.csv row 299; unit=released dataset row,RAW0027411,KR260738.1; KR260739.1; KR260740.1,,Kairi orthobunyavirus,Kairi orthobunyavirus,Peribunyaviridae,Peribunyaviridae,ICTV 2026 (MSL41.v1),exact_current_family_from_author_figure_table,high,1,independent_source_verified
Zoonotic rank model,SCLIN0027412,input_original/manual_downloads/ZoonoticRankModel/FinalData_Cleaned.csv,normalized from outputs/tables/zoonotic_rank_family_reconstruction_audit.csv row 311; unit=released dataset row,RAW0027412,KP792669.1; KP792668.1; KP792667.1,,Koongol orthobunyavirus,Koongol orthobunyavirus,Peribunyaviridae,Peribunyaviridae,ICTV 2026 (MSL41.v1),exact_current_family_from_author_figure_table,high,1,independent_source_verified
Zoonotic rank model,SCLIN0027413,input_original/manual_downloads/ZoonoticRankModel/FinalData_Cleaned.csv,normalized from outputs/tables/zoonotic_rank_family_reconstruction_audit.csv row 345; unit=released dataset row,RAW0027413,NC_034497.1; NC_034505.1; NC_034498.1,,Madrid orthobunyavirus,Madrid orthobunyavirus,Peribunyaviridae,Peribunyaviridae,ICTV 2026 (MSL41.v1),exact_current_family_from_author_figure_table,high,1,independent_source_verified
Zoonotic rank model,SCLIN0027414,input_original/manual_downloads/ZoonoticRankModel/FinalData_Cleaned.csv,normalized from outputs/tables/zoonotic_rank_family_reconstruction_audit.csv row 346; unit=released dataset row,RAW0027414,MH484309.1; MH484310.1; MH484311.1,,Main Drain orthobunyavirus,Main Drain orthobunyavirus,Peribunyaviridae,Peribunyaviridae,ICTV 2026 (MSL41.v1),exact_current_family_from_author_figure_table,high,1,independent_source_verified
Zoonotic rank model,SCLIN0027415,input_original/manual_downloads/ZoonoticRankModel/FinalData_Cleaned.csv,normalized from outputs/tables/zoonotic_rank_family_reconstruction_audit.csv row 360; unit=released dataset row,RAW0027415,NC_024076.1; NC_024074.1; NC_024075.1,,Manzanilla orthobunyavirus,Manzanilla orthobunyavirus,Peribunyaviridae,Peribunyaviridae,ICTV 2026 (MSL41.v1),exact_current_family_from_author_figure_table,high,1,independent_source_verified
Zoonotic rank model,SCLIN0027416,input_original/manual_downloads/ZoonoticRankModel/FinalData_Cleaned.csv,normalized from outputs/tables/zoonotic_rank_family_reconstruction_audit.csv row 364; unit=released dataset row,RAW0027416,NC_034495.1; NC_034504.1; NC_034496.1,,Marituba orthobunyavirus,Marituba orthobunyavirus,Peribunyaviridae,Peribunyaviridae,ICTV 2026 (MSL41.v1),exact_current_family_from_author_figure_table,high,1,independent_source_verified
Zoonotic rank model,SCLIN0027417,input_original/manual_downloads/ZoonoticRankModel/FinalData_Cleaned.csv,normalized from outputs/tables/zoonotic_rank_family_reconstruction_audit.csv row 36; unit=released dataset row,RAW0027417,KY793537.1; KY793538.1; KY793539.1,,Anopheles A orthobunyavirus,Anopheles A orthobunyavirus,Peribunyaviridae,Peribunyaviridae,ICTV 2026 (MSL41.v1),exact_current_family_from_author_figure_table,high,1,independent_source_verified
Zoonotic rank model,SCLIN0027418,input_original/manual_downloads/ZoonoticRankModel/FinalData_Cleaned.csv,normalized from outputs/tables/zoonotic_rank_family_reconstruction_audit.csv row 37; unit=released dataset row,RAW0027418,FJ660417.1,,Anopheles B orthobunyavirus,Anopheles B orthobunyavirus,,Peribunyaviridae,ICTV 2026 (MSL41.v1),unique_current_ictv_genus_token,high,1,independent_source_verified
Zoonotic rank model,SCLIN0027419,input_original/manual_downloads/ZoonoticRankModel/FinalData_Cleaned.csv,normalized from outputs/tables/zoonotic_rank_family_reconstruction_audit.csv row 420; unit=released dataset row,RAW0027419,NC_034492.1; NC_034491.1; NC_034481.1,,Nyando orthobunyavirus,Nyando orthobunyavirus,Peribunyaviridae,Peribunyaviridae,ICTV 2026 (MSL41.v1),exact_current_family_from_author_figure_table,high,1,independent_source_verified
Zoonotic rank model,SCLIN0027420,input_original/manual_downloads/ZoonoticRankModel/FinalData_Cleaned.csv,normalized from outputs/tables/zoonotic_rank_family_reconstruction_audit.csv row 428; unit=released dataset row,RAW0027420,NC_034475.1; NC_034488.1; NC_034476.1,,Oriboca orthobunyavirus,Oriboca orthobunyavirus,Peribunyaviridae,Peribunyaviridae,ICTV 2026 (MSL41.v1),exact_current_family_from_author_figure_table,high,1,independent_source_verified
Zoonotic rank model,SCLIN0027421,input_original/manual_downloads/ZoonoticRankModel/FinalData_Cleaned.csv,normalized from outputs/tables/zoonotic_rank_family_reconstruction_audit.csv row 429; unit=released dataset row,RAW0027421,NC_005776.1; NC_005775.1; NC_005777.1,,Oropouche orthobunyavirus,Oropouche orthobunyavirus,Peribunyaviridae,Peribunyaviridae,ICTV 2026 (MSL41.v1),exact_current_family_from_author_figure_table,high,1,independent_source_verified
Zoonotic rank model,SCLIN0027422,input_original/manual_downloads/ZoonoticRankModel/FinalData_Cleaned.csv,normalized from outputs/tables/zoonotic_rank_family_reconstruction_audit.csv row 448; unit=released dataset row,RAW0027422,NC_043690.1; NC_043691.1; NC_043689.1,,Patois orthobunyavirus,Patois orthobunyavirus,Peribunyaviridae,Peribunyaviridae,ICTV 2026 (MSL41.v1),exact_current_family_from_author_figure_table,high,1,independent_source_verified
Zoonotic rank model,SCLIN0027423,input_original/manual_downloads/ZoonoticRankModel/FinalData_Cleaned.csv,normalized from outputs/tables/zoonotic_rank_family_reconstruction_audit.csv row 543; unit=released dataset row,RAW0027423,NC_018463.1; NC_018467.1; NC_018464.1,,Shamonda orthobunyavirus,Schmallenberg orthobunyavirus,Peribunyaviridae,Peribunyaviridae,ICTV 2026 (MSL41.v1),exact_current_family_from_author_figure_table,high,1,independent_source_verified
Zoonotic rank model,SCLIN0027424,input_original/manual_downloads/ZoonoticRankModel/FinalData_Cleaned.csv,normalized from outputs/tables/zoonotic_rank_family_reconstruction_audit.csv row 546; unit=released dataset row,RAW0027424,NC_018465.1; NC_018459.1; NC_018460.1,,Shuni orthobunyavirus,Shuni orthobunyavirus,Peribunyaviridae,Peribunyaviridae,ICTV 2026 (MSL41.v1),exact_current_family_from_author_figure_table,high,1,independent_source_verified
Zoonotic rank model,SCLIN0027425,input_original/manual_downloads/ZoonoticRankModel/FinalData_Cleaned.csv,normalized from outputs/tables/zoonotic_rank_family_reconstruction_audit.csv row 548; unit=released dataset row,RAW0027425,NC_018476.1; NC_018478.1; NC_018477.1,,Simbu orthobunyavirus,Simbu orthobunyavirus,Peribunyaviridae,Peribunyaviridae,ICTV 2026 (MSL41.v1),exact_current_family_from_author_figure_table,high,1,independent_source_verified
Zoonotic rank model,SCLIN0027426,input_original/manual_downloads/ZoonoticRankModel/FinalData_Cleaned.csv,normalized from outputs/tables/zoonotic_rank_family_reconstruction_audit.csv row 566; unit=released dataset row,RAW0027426,MF497779.1; MF497777.1; MF497772.1,,Tacaiuma orthobunyavirus,Tacaiuma orthobunyavirus,Peribunyaviridae,Peribunyaviridae,ICTV 2026 (MSL41.v1),exact_current_family_from_author_figure_table,high,1,independent_source_verified
Zoonotic rank model,SCLIN0027427,input_original/manual_downloads/ZoonoticRankModel/FinalData_Cleaned.csv,normalized from outputs/tables/zoonotic_rank_family_reconstruction_audit.csv row 592; unit=released dataset row,RAW0027427,MK514125.1; MK514122.1; MK514119.1,,Turlock orthobunyavirus,Turlock orthobunyavirus,Peribunyaviridae,Peribunyaviridae,ICTV 2026 (MSL41.v1),exact_current_family_from_author_figure_table,high,1,independent_source_verified
Zoonotic rank model,SCLIN0027428,input_original/manual_downloads/ZoonoticRankModel/FinalData_Cleaned.csv,normalized from outputs/tables/zoonotic_rank_family_reconstruction_audit.csv row 621; unit=released dataset row,RAW0027428,NC_034212.1; NC_034213.1; NC_034211.1,,Wyeomyia orthobunyavirus,Wyeomyia orthobunyavirus,Peribunyaviridae,Peribunyaviridae,ICTV 2026 (MSL41.v1),exact_current_family_from_author_figure_table,high,1,independent_source_verified
Zoonotic rank model,SCLIN0027429,input_original/manual_downloads/ZoonoticRankModel/FinalData_Cleaned.csv,normalized from outputs/tables/zoonotic_rank_family_reconstruction_audit.csv row 628; unit=released dataset row,RAW0027429,NC_043687.1; NC_043688.1; NC_043686.1,,Zegla orthobunyavirus,Zegla orthobunyavirus,Peribunyaviridae,Peribunyaviridae,ICTV 2026 (MSL41.v1),exact_current_family_from_author_figure_table,high,1,independent_source_verified
Zoonotic rank model,SCLIN0027430,input_original/manual_downloads/ZoonoticRankModel/FinalData_Cleaned.csv,normalized from outputs/tables/zoonotic_rank_family_reconstruction_audit.csv row 643; unit=released dataset row,RAW0027430,NC_038717.1; NC_038715.1; NC_038716.1,,Alajuela orthobunyavirus,Alajuela orthobunyavirus,Peribunyaviridae,Peribunyaviridae,ICTV 2026 (MSL41.v1),exact_current_family_from_author_figure_table,high,1,independent_source_verified
Zoonotic rank model,SCLIN0027431,input_original/manual_downloads/ZoonoticRankModel/FinalData_Cleaned.csv,normalized from outputs/tables/zoonotic_rank_family_reconstruction_audit.csv row 664; unit=released dataset row,RAW0027431,NC_038722.1,,Batama orthobunyavirus,Batama orthobunyavirus,Peribunyaviridae,Peribunyaviridae,ICTV 2026 (MSL41.v1),exact_current_family_from_author_figure_table,high,1,independent_source_verified
Zoonotic rank model,SCLIN0027432,input_original/manual_downloads/ZoonoticRankModel/FinalData_Cleaned.csv,normalized from outputs/tables/zoonotic_rank_family_reconstruction_audit.csv row 665; unit=released dataset row,RAW0027432,KY013487.1; KY013488.1; KY013489.1,,Bertioga orthobunyavirus,Bertioga orthobunyavirus,Peribunyaviridae,Peribunyaviridae,ICTV 2026 (MSL41.v1),exact_current_family_from_author_figure_table,high,1,independent_source_verified
Zoonotic rank model,SCLIN0027433,input_original/manual_downloads/ZoonoticRankModel/FinalData_Cleaned.csv,normalized from outputs/tables/zoonotic_rank_family_reconstruction_audit.csv row 676; unit=released dataset row,RAW0027433,NC_034482.1; NC_034493.1; NC_034483.1,,Capim orthobunyavirus,Capim orthobunyavirus,Peribunyaviridae,Peribunyaviridae,ICTV 2026 (MSL41.v1),exact_current_family_from_author_figure_table,high,1,independent_source_verified
Zoonotic rank model,SCLIN0027434,input_original/manual_downloads/ZoonoticRankModel/FinalData_Cleaned.csv,normalized from outputs/tables/zoonotic_rank_family_reconstruction_audit.csv row 68; unit=released dataset row,RAW0027434,AM711134.1,,Bakau orthobunyavirus,Bakau orthobunyavirus,,Peribunyaviridae,ICTV 2026 (MSL41.v1),unique_current_ictv_genus_token,high,1,independent_source_verified
Zoonotic rank model,SCLIN0027435,input_original/manual_downloads/ZoonoticRankModel/FinalData_Cleaned.csv,normalized from outputs/tables/zoonotic_rank_family_reconstruction_audit.csv row 723; unit=released dataset row,RAW0027435,NC_038729.1; NC_038730.1; NC_038731.1,,Gamboa orthobunyavirus,Gamboa orthobunyavirus,Peribunyaviridae,Peribunyaviridae,ICTV 2026 (MSL41.v1),exact_current_family_from_author_figure_table,high,1,independent_source_verified
Zoonotic rank model,SCLIN0027436,input_original/manual_downloads/ZoonoticRankModel/FinalData_Cleaned.csv,normalized from outputs/tables/zoonotic_rank_family_reconstruction_audit.csv row 725; unit=released dataset row,RAW0027436,NC_038734.1; NC_038733.1; NC_038732.1,,Guajara orthobunyavirus,Guajara orthobunyavirus,Peribunyaviridae,Peribunyaviridae,ICTV 2026 (MSL41.v1),exact_current_family_from_author_figure_table,high,1,independent_source_verified
Zoonotic rank model,SCLIN0027437,input_original/manual_downloads/ZoonoticRankModel/FinalData_Cleaned.csv,normalized from outputs/tables/zoonotic_rank_family_reconstruction_audit.csv row 770; unit=released dataset row,RAW0027437,NC_034460.1; NC_034468.1; NC_034458.1,,Kibale herbevirus,Kibale herbevirus,Peribunyaviridae,Peribunyaviridae,ICTV 2026 (MSL41.v1),exact_current_family_from_author_figure_table,high,1,independent_source_verified
Zoonotic rank model,SCLIN0027438,input_original/manual_downloads/ZoonoticRankModel/FinalData_Cleaned.csv,normalized from outputs/tables/zoonotic_rank_family_reconstruction_audit.csv row 818; unit=released dataset row,RAW0027438,AM711133.1,,MPoko orthobunyavirus,MPoko orthobunyavirus,,Peribunyaviridae,ICTV 2026 (MSL41.v1),unique_current_ictv_genus_token,high,1,independent_source_verified
Zoonotic rank model,SCLIN0027439,input_original/manual_downloads/ZoonoticRankModel/FinalData_Cleaned.csv,normalized from outputs/tables/zoonotic_rank_family_reconstruction_audit.csv row 87; unit=released dataset row,RAW0027439,KP792657.1; KP792656.1; KP792655.1,,Bimiti orthobunyavirus,Bimiti orthobunyavirus,Peribunyaviridae,Peribunyaviridae,ICTV 2026 (MSL41.v1),exact_current_family_from_author_figure_table,high,1,independent_source_verified
Zoonotic rank model,SCLIN0027440,input_original/manual_downloads/ZoonoticRankModel/FinalData_Cleaned.csv,normalized from outputs/tables/zoonotic_rank_family_reconstruction_audit.csv row 881; unit=released dataset row,RAW0027440,NC_031221.1; NC_031222.1; NC_031223.1,,Shuangao insect herbevirus 1,Insect shangavirus,Peribunyaviridae,Peribunyaviridae,ICTV 2026 (MSL41.v1),exact_current_family_from_author_figure_table,high,1,independent_source_verified
Zoonotic rank model,SCLIN0027441,input_original/manual_downloads/ZoonoticRankModel/FinalData_Cleaned.csv,normalized from outputs/tables/zoonotic_rank_family_reconstruction_audit.csv row 890; unit=released dataset row,RAW0027441,NC_034459.1; NC_034461.1; NC_034457.1,,Tai herbevirus,Tai herbevirus,Peribunyaviridae,Peribunyaviridae,ICTV 2026 (MSL41.v1),exact_current_family_from_author_figure_table,high,1,independent_source_verified
Zoonotic rank model,SCLIN0027442,input_original/manual_downloads/ZoonoticRankModel/FinalData_Cleaned.csv,normalized from outputs/tables/zoonotic_rank_family_reconstruction_audit.csv row 892; unit=released dataset row,RAW0027442,KM972719.1; KM972720.1; KM972721.1,,Tete orthobunyavirus,Tete orthobunyavirus,Peribunyaviridae,Peribunyaviridae,ICTV 2026 (MSL41.v1),exact_current_family_from_author_figure_table,high,1,independent_source_verified
Zoonotic rank model,SCLIN0027443,input_original/manual_downloads/ZoonoticRankModel/FinalData_Cleaned.csv,normalized from outputs/tables/zoonotic_rank_family_reconstruction_audit.csv row 894; unit=released dataset row,RAW0027443,MH484336.1; MH484337.1; MH484338.1,,Thimiri orthobunyavirus,Thimiri orthobunyavirus,Peribunyaviridae,Peribunyaviridae,ICTV 2026 (MSL41.v1),exact_current_family_from_author_figure_table,high,1,independent_source_verified
Zoonotic rank model,SCLIN0027444,input_original/manual_downloads/ZoonoticRankModel/FinalData_Cleaned.csv,normalized from outputs/tables/zoonotic_rank_family_reconstruction_audit.csv row 220; unit=released dataset row,RAW0027444,KP710246.1; KP710264.1; KP710267.1,,Ferak orthoferavirus,Ferak feravirus,Phasmaviridae,Phasmaviridae,ICTV 2026 (MSL41.v1),exact_current_family_from_author_figure_table,high,1,independent_source_verified
Zoonotic rank model,SCLIN0027445,input_original/manual_downloads/ZoonoticRankModel/FinalData_Cleaned.csv,normalized from outputs/tables/zoonotic_rank_family_reconstruction_audit.csv row 293; unit=released dataset row,RAW0027445,KP710232.1; KP710240.1; KP710243.1,,Jonchet orthojonvirus,Jonchet jonvirus,Phasmaviridae,Phasmaviridae,ICTV 2026 (MSL41.v1),exact_current_family_from_author_figure_table,high,1,independent_source_verified
Zoonotic rank model,SCLIN0027446,input_original/manual_downloads/ZoonoticRankModel/FinalData_Cleaned.csv,normalized from outputs/tables/zoonotic_rank_family_reconstruction_audit.csv row 114; unit=released dataset row,RAW0027446,NC_033830.1; NC_033847.1; NC_033831.1,,Bujaru phlebovirus,Bujaru phlebovirus,Phenuiviridae,Phenuiviridae,ICTV 2026 (MSL41.v1),exact_current_family_from_author_figure_table,high,1,independent_source_verified
Zoonotic rank model,SCLIN0027447,input_original/manual_downloads/ZoonoticRankModel/FinalData_Cleaned.csv,normalized from outputs/tables/zoonotic_rank_family_reconstruction_audit.csv row 125; unit=released dataset row,RAW0027447,NC_015374.1; NC_015373.1; NC_015375.1,,Candiru phlebovirus,Candiru phlebovirus,Phenuiviridae,Phenuiviridae,ICTV 2026 (MSL41.v1),exact_current_family_from_author_figure_table,high,1,independent_source_verified
Zoonotic rank model,SCLIN0027448,input_original/manual_downloads/ZoonoticRankModel/FinalData_Cleaned.csv,normalized from outputs/tables/zoonotic_rank_family_reconstruction_audit.csv row 237; unit=released dataset row,RAW0027448,HQ541738.1; HQ541737.1; HQ541736.1,,Gouleako goukovirus,Gouleako goukovirus,Phenuiviridae,Phenuiviridae,ICTV 2026 (MSL41.v1),exact_current_family_from_author_figure_table,high,1,independent_source_verified
Zoonotic rank model,SCLIN0027449,input_original/manual_downloads/ZoonoticRankModel/FinalData_Cleaned.csv,normalized from outputs/tables/zoonotic_rank_family_reconstruction_audit.csv row 493; unit=released dataset row,RAW0027449,NC_027203.1; NC_027201.1; NC_027202.1,,Punta Toro phlebovirus,Punta Toro phlebovirus,Phenuiviridae,Phenuiviridae,ICTV 2026 (MSL41.v1),exact_current_family_from_author_figure_table,high,1,independent_source_verified
Zoonotic rank model,SCLIN0027450,input_original/manual_downloads/ZoonoticRankModel/FinalData_Cleaned.csv,normalized from outputs/tables/zoonotic_rank_family_reconstruction_audit.csv row 509; unit=released dataset row,RAW0027450,NC_014397.1; NC_014396.1; NC_014395.1,,Rift Valley fever phlebovirus,Rift Valley fever phlebovirus,Phenuiviridae,Phenuiviridae,ICTV 2026 (MSL41.v1),exact_current_family_from_author_figure_table,high,1,independent_source_verified
Zoonotic rank model,SCLIN0027451,input_original/manual_downloads/ZoonoticRankModel/FinalData_Cleaned.csv,normalized from outputs/tables/zoonotic_rank_family_reconstruction_audit.csv row 529; unit=released dataset row,RAW0027451,NC_029127.1; NC_029128.1; NC_029129.1,,Salehabad phlebovirus,Salehabad phlebovirus,Phenuiviridae,Phenuiviridae,ICTV 2026 (MSL41.v1),exact_current_family_from_author_figure_table,high,1,independent_source_verified
Zoonotic rank model,SCLIN0027452,input_original/manual_downloads/ZoonoticRankModel/FinalData_Cleaned.csv,normalized from outputs/tables/zoonotic_rank_family_reconstruction_audit.csv row 534; unit=released dataset row,RAW0027452,NC_006319.1; NC_006320.1; NC_006318.1,,Sandfly fever Naples phlebovirus,Sandfly fever Naples phlebovirus,Phenuiviridae,Phenuiviridae,ICTV 2026 (MSL41.v1),exact_current_family_from_author_figure_table,high,1,independent_source_verified
Zoonotic rank model,SCLIN0027453,input_original/manual_downloads/ZoonoticRankModel/FinalData_Cleaned.csv,normalized from outputs/tables/zoonotic_rank_family_reconstruction_audit.csv row 542; unit=released dataset row,RAW0027453,NC_018136.1; NC_018138.1; NC_018137.1,,SFTS phlebovirus,Huaiyangshan banyangvirus,Phenuiviridae,Phenuiviridae,ICTV 2026 (MSL41.v1),exact_current_family_from_author_figure_table,high,1,independent_source_verified
Zoonotic rank model,SCLIN0027454,input_original/manual_downloads/ZoonoticRankModel/FinalData_Cleaned.csv,normalized from outputs/tables/zoonotic_rank_family_reconstruction_audit.csv row 599; unit=released dataset row,RAW0027454,NC_005214.1; NC_005220.1; NC_005221.1,,Uukuniemi phlebovirus,Uukuniemi phlebovirus,Phenuiviridae,Phenuiviridae,ICTV 2026 (MSL41.v1),exact_current_family_from_author_figure_table,high,1,independent_source_verified
Zoonotic rank model,SCLIN0027455,input_original/manual_downloads/ZoonoticRankModel/FinalData_Cleaned.csv,normalized from outputs/tables/zoonotic_rank_family_reconstruction_audit.csv row 660; unit=released dataset row,RAW0027455,NC_038257.1; NC_038258.1; NC_038259.1,,Badu phasivirus,Badu phasivirus,Phenuiviridae,Phenuiviridae,ICTV 2026 (MSL41.v1),exact_current_family_from_author_figure_table,high,1,independent_source_verified
Zoonotic rank model,SCLIN0027456,input_original/manual_downloads/ZoonoticRankModel/FinalData_Cleaned.csv,normalized from outputs/tables/zoonotic_rank_family_reconstruction_audit.csv row 681; unit=released dataset row,RAW0027456,MK330756.1; MK330757.1; MK330758.1,,Chilibre phlebovirus,Chilibre phlebovirus,Phenuiviridae,Phenuiviridae,ICTV 2026 (MSL41.v1),exact_current_family_from_author_figure_table,high,1,independent_source_verified
Zoonotic rank model,SCLIN0027457,input_original/manual_downloads/ZoonoticRankModel/FinalData_Cleaned.csv,normalized from outputs/tables/zoonotic_rank_family_reconstruction_audit.csv row 690; unit=released dataset row,RAW0027457,KF543244.1; KF543245.1; KF543246.1,,Cumuto goukovirus,Cumuto goukovirus,Phenuiviridae,Phenuiviridae,ICTV 2026 (MSL41.v1),exact_current_family_from_author_figure_table,high,1,independent_source_verified
Zoonotic rank model,SCLIN0027458,input_original/manual_downloads/ZoonoticRankModel/FinalData_Cleaned.csv,normalized from outputs/tables/zoonotic_rank_family_reconstruction_audit.csv row 705; unit=released dataset row,RAW0027458,NC_038934.1; NC_038935.1; NC_038936.1,,Echinochloa hoja blanca tenuivirus,Echinochloa hoja blanca tenuivirus,,Phenuiviridae,ICTV 2026 (MSL41.v1),unique_current_ictv_genus_token,high,1,independent_source_verified
Zoonotic rank model,SCLIN0027459,input_original/manual_downloads/ZoonoticRankModel/FinalData_Cleaned.csv,normalized from outputs/tables/zoonotic_rank_family_reconstruction_audit.csv row 717; unit=released dataset row,RAW0027459,KX611391.1; KX611392.1; KX611393.1,,Frijoles phlebovirus,Frijoles phlebovirus,Phenuiviridae,Phenuiviridae,ICTV 2026 (MSL41.v1),exact_current_family_from_author_figure_table,high,1,independent_source_verified
Zoonotic rank model,SCLIN0027460,input_original/manual_downloads/ZoonoticRankModel/FinalData_Cleaned.csv,normalized from outputs/tables/zoonotic_rank_family_reconstruction_audit.csv row 756; unit=released dataset row,RAW0027460,NC_038748.1; NC_038750.1; NC_038749.1,,Iranian wheat stripe tenuivirus,Iranian wheat stripe tenuivirus,Phenuiviridae,Phenuiviridae,ICTV 2026 (MSL41.v1),exact_current_family_from_author_figure_table,high,1,independent_source_verified
Zoonotic rank model,SCLIN0027461,input_original/manual_downloads/ZoonoticRankModel/FinalData_Cleaned.csv,normalized from outputs/tables/zoonotic_rank_family_reconstruction_audit.csv row 790; unit=released dataset row,RAW0027461,NC_038751.1; NC_038754.1; NC_038752.1; NC_038753.1,,Maize stripe tenuivirus,Maize stripe tenuivirus,Phenuiviridae,Phenuiviridae,ICTV 2026 (MSL41.v1),exact_current_family_from_author_figure_table,high,1,independent_source_verified
Zoonotic rank model,SCLIN0027462,input_original/manual_downloads/ZoonoticRankModel/FinalData_Cleaned.csv,normalized from outputs/tables/zoonotic_rank_family_reconstruction_audit.csv row 847; unit=released dataset row,RAW0027462,NC_038262.1; NC_038261.1; NC_038263.1,,Phasi Charoen-like phasivirus,Phasi Charoen-like phasivirus,Phenuiviridae,Phenuiviridae,ICTV 2026 (MSL41.v1),exact_current_family_from_author_figure_table,high,1,independent_source_verified
Zoonotic rank model,SCLIN0027463,input_original/manual_downloads/ZoonoticRankModel/FinalData_Cleaned.csv,normalized from outputs/tables/zoonotic_rank_family_reconstruction_audit.csv row 863; unit=released dataset row,RAW0027463,NC_002327.1; NC_002323.1; NC_002328.1; NC_002324.1; NC_002325.1; NC_002326.1,,Rice grassy stunt tenuivirus,Rice grassy stunt tenuivirus,Phenuiviridae,Phenuiviridae,ICTV 2026 (MSL41.v1),exact_current_family_from_author_figure_table,high,1,independent_source_verified
Zoonotic rank model,SCLIN0027464,input_original/manual_downloads/ZoonoticRankModel/FinalData_Cleaned.csv,normalized from outputs/tables/zoonotic_rank_family_reconstruction_audit.csv row 864; unit=released dataset row,RAW0027464,NC_036597.1; NC_036598.1; NC_036602.1; NC_036599.1,,Rice hoja blanca tenuivirus,Rice hoja blanca tenuivirus,Phenuiviridae,Phenuiviridae,ICTV 2026 (MSL41.v1),exact_current_family_from_author_figure_table,high,1,independent_source_verified
Zoonotic rank model,SCLIN0027465,input_original/manual_downloads/ZoonoticRankModel/FinalData_Cleaned.csv,normalized from outputs/tables/zoonotic_rank_family_reconstruction_audit.csv row 866; unit=released dataset row,RAW0027465,NC_003755.1; NC_003754.1; NC_003776.1; NC_003753.1,,Rice stripe tenuivirus,Rice stripe tenuivirus,Phenuiviridae,Phenuiviridae,ICTV 2026 (MSL41.v1),exact_current_family_from_author_figure_table,high,1,independent_source_verified
Zoonotic rank model,SCLIN0027466,input_original/manual_downloads/ZoonoticRankModel/FinalData_Cleaned.csv,normalized from outputs/tables/zoonotic_rank_family_reconstruction_audit.csv row 898; unit=released dataset row,RAW0027466,NC_038757.1; NC_038758.1,,Urochloa hoja blanca tenuivirus,Urochloa hoja blanca tenuivirus,,Phenuiviridae,ICTV 2026 (MSL41.v1),unique_current_ictv_genus_token,high,1,independent_source_verified
Zoonotic rank model,SCLIN0027467,input_original/manual_downloads/ZoonoticRankModel/FinalData_Cleaned.csv,normalized from outputs/tables/zoonotic_rank_family_reconstruction_audit.csv row 905; unit=released dataset row,RAW0027467,NC_031298.1; NC_031295.1; NC_031297.1,,Wuhan fly phasivirus,Fly wubeivirus,Phenuiviridae,Phenuiviridae,ICTV 2026 (MSL41.v1),exact_current_family_from_author_figure_table,high,1,independent_source_verified
Zoonotic rank model,SCLIN0027468,input_original/manual_downloads/ZoonoticRankModel/FinalData_Cleaned.csv,normalized from outputs/tables/zoonotic_rank_family_reconstruction_audit.csv row 907; unit=released dataset row,RAW0027468,NC_031317.1; NC_031318.1; NC_031319.1,,Wutai mosquito phasivirus,Wutai mosquito phasivirus,Phenuiviridae,Phenuiviridae,ICTV 2026 (MSL41.v1),exact_current_family_from_author_figure_table,high,1,independent_source_verified
Zoonotic rank model,SCLIN0027469,input_original/manual_downloads/ZoonoticRankModel/FinalData_Cleaned.csv,normalized from outputs/tables/zoonotic_rank_family_reconstruction_audit.csv row 912; unit=released dataset row,RAW0027469,NC_031320.1; NC_031321.1; NC_031322.1,,Yichang insect goukovirus,Yichang insect goukovirus,Phenuiviridae,Phenuiviridae,ICTV 2026 (MSL41.v1),exact_current_family_from_author_figure_table,high,1,independent_source_verified
Zoonotic rank model,SCLIN0027470,input_original/manual_downloads/ZoonoticRankModel/FinalData_Cleaned.csv,normalized from outputs/tables/zoonotic_rank_family_reconstruction_audit.csv row 274; unit=released dataset row,RAW0027470,NC_007026.1; NC_007027.1,,Human picobirnavirus,Human picobirnavirus,Picobirnaviridae,Picobirnaviridae,ICTV 2026 (MSL41.v1),exact_current_family_from_author_figure_table,high,1,independent_source_verified
Zoonotic rank model,SCLIN0027471,input_original/manual_downloads/ZoonoticRankModel/FinalData_Cleaned.csv,normalized from outputs/tables/zoonotic_rank_family_reconstruction_audit.csv row 854; unit=released dataset row,RAW0027471,NC_038919.1,,Rabbit picobirnavirus,Rabbit picobirnavirus,Picobirnaviridae,Picobirnaviridae,ICTV 2026 (MSL41.v1),exact_current_family_from_author_figure_table,high,1,independent_source_verified
Zoonotic rank model,SCLIN0027472,input_original/manual_downloads/ZoonoticRankModel/FinalData_Cleaned.csv,normalized from outputs/tables/zoonotic_rank_family_reconstruction_audit.csv row 10; unit=released dataset row,RAW0027472,AY747174.1,,Aichivirus A,Aichivirus A,Picornaviridae,Picornaviridae,ICTV 2026 (MSL41.v1),exact_current_family_from_author_figure_table,high,1,independent_source_verified
Zoonotic rank model,SCLIN0027473,input_original/manual_downloads/ZoonoticRankModel/FinalData_Cleaned.csv,normalized from outputs/tables/zoonotic_rank_family_reconstruction_audit.csv row 133; unit=released dataset row,RAW0027473,NC_001479.1,,Cardiovirus A,Cardiovirus A,Picornaviridae,Picornaviridae,ICTV 2026 (MSL41.v1),exact_current_family_from_author_figure_table,high,1,independent_source_verified
Zoonotic rank model,SCLIN0027474,input_original/manual_downloads/ZoonoticRankModel/FinalData_Cleaned.csv,normalized from outputs/tables/zoonotic_rank_family_reconstruction_audit.csv row 134; unit=released dataset row,RAW0027474,NC_001366.1,,Cardiovirus B,Cardiovirus B,Picornaviridae,Picornaviridae,ICTV 2026 (MSL41.v1),exact_current_family_from_author_figure_table,high,1,independent_source_verified
Zoonotic rank model,SCLIN0027475,input_original/manual_downloads/ZoonoticRankModel/FinalData_Cleaned.csv,normalized from outputs/tables/zoonotic_rank_family_reconstruction_audit.csv row 174; unit=released dataset row,RAW0027475,NC_023985.1,,Duck picornavirus GL/12,Aalivirus A,Picornaviridae,Picornaviridae,ICTV 2026 (MSL41.v1),exact_current_family_from_author_figure_table,high,1,independent_source_verified
Zoonotic rank model,SCLIN0027476,input_original/manual_downloads/ZoonoticRankModel/FinalData_Cleaned.csv,normalized from outputs/tables/zoonotic_rank_family_reconstruction_audit.csv row 183; unit=released dataset row,RAW0027476,KU254596.1,,Enterovirus A,Enterovirus A,Picornaviridae,Picornaviridae,ICTV 2026 (MSL41.v1),exact_current_family_from_author_figure_table,high,1,independent_source_verified
Zoonotic rank model,SCLIN0027477,input_original/manual_downloads/ZoonoticRankModel/FinalData_Cleaned.csv,normalized from outputs/tables/zoonotic_rank_family_reconstruction_audit.csv row 184; unit=released dataset row,RAW0027477,AB426609.1,,Enterovirus B,Enterovirus B,Picornaviridae,Picornaviridae,ICTV 2026 (MSL41.v1),exact_current_family_from_author_figure_table,high,1,independent_source_verified
Zoonotic rank model,SCLIN0027478,input_original/manual_downloads/ZoonoticRankModel/FinalData_Cleaned.csv,normalized from outputs/tables/zoonotic_rank_family_reconstruction_audit.csv row 185; unit=released dataset row,RAW0027478,KJ170575.1,,Enterovirus C,Enterovirus C,Picornaviridae,Picornaviridae,ICTV 2026 (MSL41.v1),exact_current_family_from_author_figure_table,high,1,independent_source_verified
Zoonotic rank model,SCLIN0027479,input_original/manual_downloads/ZoonoticRankModel/FinalData_Cleaned.csv,normalized from outputs/tables/zoonotic_rank_family_reconstruction_audit.csv row 186; unit=released dataset row,RAW0027479,NC_001430.1,,Enterovirus D,Enterovirus D,Picornaviridae,Picornaviridae,ICTV 2026 (MSL41.v1),exact_current_family_from_author_figure_table,high,1,independent_source_verified
Zoonotic rank model,SCLIN0027480,input_original/manual_downloads/ZoonoticRankModel/FinalData_Cleaned.csv,normalized from outputs/tables/zoonotic_rank_family_reconstruction_audit.csv row 187; unit=released dataset row,RAW0027480,NC_004441.1,,Enterovirus G,Enterovirus G,Picornaviridae,Picornaviridae,ICTV 2026 (MSL41.v1),exact_current_family_from_author_figure_table,high,1,independent_source_verified
Zoonotic rank model,SCLIN0027481,input_original/manual_downloads/ZoonoticRankModel/FinalData_Cleaned.csv,normalized from outputs/tables/zoonotic_rank_family_reconstruction_audit.csv row 188; unit=released dataset row,RAW0027481,NC_003988.1,,Enterovirus H,Enterovirus H,Picornaviridae,Picornaviridae,ICTV 2026 (MSL41.v1),exact_current_family_from_author_figure_table,high,1,independent_source_verified
Zoonotic rank model,SCLIN0027482,input_original/manual_downloads/ZoonoticRankModel/FinalData_Cleaned.csv,normalized from outputs/tables/zoonotic_rank_family_reconstruction_audit.csv row 189; unit=released dataset row,RAW0027482,KP345887.1,,Enterovirus I,Enterovirus I,Picornaviridae,Picornaviridae,ICTV 2026 (MSL41.v1),exact_current_family_from_author_figure_table,high,1,independent_source_verified
Zoonotic rank model,SCLIN0027483,input_original/manual_downloads/ZoonoticRankModel/FinalData_Cleaned.csv,normalized from outputs/tables/zoonotic_rank_family_reconstruction_audit.csv row 205; unit=released dataset row,RAW0027483,NC_003982.1,,Equine rhinitis A virus,Equine rhinitis A virus,Picornaviridae,Picornaviridae,ICTV 2026 (MSL41.v1),exact_current_family_from_author_figure_table,high,1,independent_source_verified
Zoonotic rank model,SCLIN0027484,input_original/manual_downloads/ZoonoticRankModel/FinalData_Cleaned.csv,normalized from outputs/tables/zoonotic_rank_family_reconstruction_audit.csv row 207; unit=released dataset row,RAW0027484,NC_003983.1,,Erbovirus A,Erbovirus A,Picornaviridae,Picornaviridae,ICTV 2026 (MSL41.v1),exact_current_family_from_author_figure_table,high,1,independent_source_verified
Zoonotic rank model,SCLIN0027485,input_original/manual_downloads/ZoonoticRankModel/FinalData_Cleaned.csv,normalized from outputs/tables/zoonotic_rank_family_reconstruction_audit.csv row 223; unit=released dataset row,RAW0027485,NC_004004.1,,Foot-and-mouth disease virus,Foot-and-mouth disease virus,Picornaviridae,Picornaviridae,ICTV 2026 (MSL41.v1),exact_current_family_from_author_figure_table,high,1,independent_source_verified
Zoonotic rank model,SCLIN0027486,input_original/manual_downloads/ZoonoticRankModel/FinalData_Cleaned.csv,normalized from outputs/tables/zoonotic_rank_family_reconstruction_audit.csv row 244; unit=released dataset row,RAW0027486,NC_026921.1,,Harkavirus A,Harkavirus A,Picornaviridae,Picornaviridae,ICTV 2026 (MSL41.v1),exact_current_family_from_author_figure_table,high,1,independent_source_verified
Zoonotic rank model,SCLIN0027487,input_original/manual_downloads/ZoonoticRankModel/FinalData_Cleaned.csv,normalized from outputs/tables/zoonotic_rank_family_reconstruction_audit.csv row 249; unit=released dataset row,RAW0027487,NC_001489,,Hepatovirus A,Hepatovirus A,Picornaviridae,Picornaviridae,ICTV 2026 (MSL41.v1),exact_current_family_from_author_figure_table,high,1,independent_source_verified
Zoonotic rank model,SCLIN0027488,input_original/manual_downloads/ZoonoticRankModel/FinalData_Cleaned.csv,normalized from outputs/tables/zoonotic_rank_family_reconstruction_audit.csv row 250; unit=released dataset row,RAW0027488,NC_027818.1,,Hepatovirus B,Hepatovirus B,Picornaviridae,Picornaviridae,ICTV 2026 (MSL41.v1),exact_current_family_from_author_figure_table,high,1,independent_source_verified
Zoonotic rank model,SCLIN0027489,input_original/manual_downloads/ZoonoticRankModel/FinalData_Cleaned.csv,normalized from outputs/tables/zoonotic_rank_family_reconstruction_audit.csv row 326; unit=released dataset row,RAW0027489,NC_023437.1,,Limnipivirus C,Limnipivirus C,Picornaviridae,Picornaviridae,ICTV 2026 (MSL41.v1),exact_current_family_from_author_figure_table,high,1,independent_source_verified
Zoonotic rank model,SCLIN0027490,input_original/manual_downloads/ZoonoticRankModel/FinalData_Cleaned.csv,normalized from outputs/tables/zoonotic_rank_family_reconstruction_audit.csv row 374; unit=released dataset row,RAW0027490,NC_034381.1,,Mischivirus A,Mischivirus A,Picornaviridae,Picornaviridae,ICTV 2026 (MSL41.v1),exact_current_family_from_author_figure_table,high,1,independent_source_verified
Zoonotic rank model,SCLIN0027491,input_original/manual_downloads/ZoonoticRankModel/FinalData_Cleaned.csv,normalized from outputs/tables/zoonotic_rank_family_reconstruction_audit.csv row 375; unit=released dataset row,RAW0027491,NC_026470.1,,Mischivirus C,Mischivirus C,Picornaviridae,Picornaviridae,ICTV 2026 (MSL41.v1),exact_current_family_from_author_figure_table,high,1,independent_source_verified
Zoonotic rank model,SCLIN0027492,input_original/manual_downloads/ZoonoticRankModel/FinalData_Cleaned.csv,normalized from outputs/tables/zoonotic_rank_family_reconstruction_audit.csv row 39; unit=released dataset row,RAW0027492,NC_009891.1,,Aquamavirus A,Aquamavirus A,Picornaviridae,Picornaviridae,ICTV 2026 (MSL41.v1),exact_current_family_from_author_figure_table,high,1,independent_source_verified
Zoonotic rank model,SCLIN0027493,input_original/manual_downloads/ZoonoticRankModel/FinalData_Cleaned.csv,normalized from outputs/tables/zoonotic_rank_family_reconstruction_audit.csv row 435; unit=released dataset row,RAW0027493,NC_014412.1,,Oscivirus A,Oscivirus A,Picornaviridae,Picornaviridae,ICTV 2026 (MSL41.v1),exact_current_family_from_author_figure_table,high,1,independent_source_verified
Zoonotic rank model,SCLIN0027494,input_original/manual_downloads/ZoonoticRankModel/FinalData_Cleaned.csv,normalized from outputs/tables/zoonotic_rank_family_reconstruction_audit.csv row 446; unit=released dataset row,RAW0027494,NC_001897.1,,Parechovirus A,Parechovirus A,Picornaviridae,Picornaviridae,ICTV 2026 (MSL41.v1),exact_current_family_from_author_figure_table,high,1,independent_source_verified
Zoonotic rank model,SCLIN0027495,input_original/manual_downloads/ZoonoticRankModel/FinalData_Cleaned.csv,normalized from outputs/tables/zoonotic_rank_family_reconstruction_audit.csv row 447; unit=released dataset row,RAW0027495,NC_003976.2,,Parechovirus B,Parechovirus B,Picornaviridae,Picornaviridae,ICTV 2026 (MSL41.v1),exact_current_family_from_author_figure_table,high,1,independent_source_verified
Zoonotic rank model,SCLIN0027496,input_original/manual_downloads/ZoonoticRankModel/FinalData_Cleaned.csv,normalized from outputs/tables/zoonotic_rank_family_reconstruction_audit.csv row 505; unit=released dataset row,RAW0027496,NC_001617.1,,Rhinovirus A,Rhinovirus A,Picornaviridae,Picornaviridae,ICTV 2026 (MSL41.v1),exact_current_family_from_author_figure_table,high,1,independent_source_verified
Zoonotic rank model,SCLIN0027497,input_original/manual_downloads/ZoonoticRankModel/FinalData_Cleaned.csv,normalized from outputs/tables/zoonotic_rank_family_reconstruction_audit.csv row 506; unit=released dataset row,RAW0027497,FJ445188.1,,Rhinovirus B,Rhinovirus B,Picornaviridae,Picornaviridae,ICTV 2026 (MSL41.v1),exact_current_family_from_author_figure_table,high,1,independent_source_verified
Zoonotic rank model,SCLIN0027498,input_original/manual_downloads/ZoonoticRankModel/FinalData_Cleaned.csv,normalized from outputs/tables/zoonotic_rank_family_reconstruction_audit.csv row 507; unit=released dataset row,RAW0027498,NC_009996.1,,Rhinovirus C,Rhinovirus C,Picornaviridae,Picornaviridae,ICTV 2026 (MSL41.v1),exact_current_family_from_author_figure_table,high,1,independent_source_verified
Zoonotic rank model,SCLIN0027499,input_original/manual_downloads/ZoonoticRankModel/FinalData_Cleaned.csv,normalized from outputs/tables/zoonotic_rank_family_reconstruction_audit.csv row 528; unit=released dataset row,RAW0027499,NC_022802.1,,Sakobuvirus A,Sakobuvirus A,Picornaviridae,Picornaviridae,ICTV 2026 (MSL41.v1),exact_current_family_from_author_figure_table,high,1,independent_source_verified
Zoonotic rank model,SCLIN0027500,input_original/manual_downloads/ZoonoticRankModel/FinalData_Cleaned.csv,normalized from outputs/tables/zoonotic_rank_family_reconstruction_audit.csv row 530; unit=released dataset row,RAW0027500,NC_012986.1,,Salivirus A,Salivirus A,Picornaviridae,Picornaviridae,ICTV 2026 (MSL41.v1),exact_current_family_from_author_figure_table,high,1,independent_source_verified
Zoonotic rank model,SCLIN0027501,input_original/manual_downloads/ZoonoticRankModel/FinalData_Cleaned.csv,normalized from outputs/tables/zoonotic_rank_family_reconstruction_audit.csv row 535; unit=released dataset row,RAW0027501,NC_003987.1,,Sapelovirus A,Sapelovirus A,Picornaviridae,Picornaviridae,ICTV 2026 (MSL41.v1),exact_current_family_from_author_figure_table,high,1,independent_source_verified
Zoonotic rank model,SCLIN0027502,input_original/manual_downloads/ZoonoticRankModel/FinalData_Cleaned.csv,normalized from outputs/tables/zoonotic_rank_family_reconstruction_audit.csv row 547; unit=released dataset row,RAW0027502,NC_023861.1,,Sicinivirus A,Sicinivirus A,Picornaviridae,Picornaviridae,ICTV 2026 (MSL41.v1),exact_current_family_from_author_figure_table,high,1,independent_source_verified
Zoonotic rank model,SCLIN0027503,input_original/manual_downloads/ZoonoticRankModel/FinalData_Cleaned.csv,normalized from outputs/tables/zoonotic_rank_family_reconstruction_audit.csv row 575; unit=released dataset row,RAW0027503,NC_003985.1,,Teschovirus A,Teschovirus A,Picornaviridae,Picornaviridae,ICTV 2026 (MSL41.v1),exact_current_family_from_author_figure_table,high,1,independent_source_verified
Zoonotic rank model,SCLIN0027504,input_original/manual_downloads/ZoonoticRankModel/FinalData_Cleaned.csv,normalized from outputs/tables/zoonotic_rank_family_reconstruction_audit.csv row 585; unit=released dataset row,RAW0027504,NC_003990.1,,Tremovirus A,Tremovirus A,Picornaviridae,Picornaviridae,ICTV 2026 (MSL41.v1),exact_current_family_from_author_figure_table,high,1,independent_source_verified
Zoonotic rank model,SCLIN0027505,input_original/manual_downloads/ZoonoticRankModel/FinalData_Cleaned.csv,normalized from outputs/tables/zoonotic_rank_family_reconstruction_audit.csv row 62; unit=released dataset row,RAW0027505,NC_008250.2,,Avihepatovirus A,Avihepatovirus A,Picornaviridae,Picornaviridae,ICTV 2026 (MSL41.v1),exact_current_family_from_author_figure_table,high,1,independent_source_verified
Zoonotic rank model,SCLIN0027506,input_original/manual_downloads/ZoonoticRankModel/FinalData_Cleaned.csv,normalized from outputs/tables/zoonotic_rank_family_reconstruction_audit.csv row 638; unit=released dataset row,RAW0027506,NC_004421.1,,Aichivirus B,Aichivirus B,Picornaviridae,Picornaviridae,ICTV 2026 (MSL41.v1),exact_current_family_from_author_figure_table,high,1,independent_source_verified
Zoonotic rank model,SCLIN0027507,input_original/manual_downloads/ZoonoticRankModel/FinalData_Cleaned.csv,normalized from outputs/tables/zoonotic_rank_family_reconstruction_audit.csv row 639; unit=released dataset row,RAW0027507,NC_011829.1,,Aichivirus C,Aichivirus C,Picornaviridae,Picornaviridae,ICTV 2026 (MSL41.v1),exact_current_family_from_author_figure_table,high,1,independent_source_verified
Zoonotic rank model,SCLIN0027508,input_original/manual_downloads/ZoonoticRankModel/FinalData_Cleaned.csv,normalized from outputs/tables/zoonotic_rank_family_reconstruction_audit.csv row 63; unit=released dataset row,RAW0027508,NC_024766.1,,Avisivirus B,Avisivirus B,Picornaviridae,Picornaviridae,ICTV 2026 (MSL41.v1),exact_current_family_from_author_figure_table,high,1,independent_source_verified
Zoonotic rank model,SCLIN0027509,input_original/manual_downloads/ZoonoticRankModel/FinalData_Cleaned.csv,normalized from outputs/tables/zoonotic_rank_family_reconstruction_audit.csv row 640; unit=released dataset row,RAW0027509,NC_027919.1,,Aichivirus D,Aichivirus D,Picornaviridae,Picornaviridae,ICTV 2026 (MSL41.v1),exact_current_family_from_author_figure_table,high,1,independent_source_verified
Zoonotic rank model,SCLIN0027510,input_original/manual_downloads/ZoonoticRankModel/FinalData_Cleaned.csv,normalized from outputs/tables/zoonotic_rank_family_reconstruction_audit.csv row 641; unit=released dataset row,RAW0027510,KT325852.1,,Aichivirus E,Aichivirus E,Picornaviridae,Picornaviridae,ICTV 2026 (MSL41.v1),exact_current_family_from_author_figure_table,high,1,independent_source_verified
Zoonotic rank model,SCLIN0027511,input_original/manual_downloads/ZoonoticRankModel/FinalData_Cleaned.csv,normalized from outputs/tables/zoonotic_rank_family_reconstruction_audit.csv row 642; unit=released dataset row,RAW0027511,KJ641694.1,,Aichivirus F,Aichivirus F,Picornaviridae,Picornaviridae,ICTV 2026 (MSL41.v1),exact_current_family_from_author_figure_table,high,1,independent_source_verified
Zoonotic rank model,SCLIN0027512,input_original/manual_downloads/ZoonoticRankModel/FinalData_Cleaned.csv,normalized from outputs/tables/zoonotic_rank_family_reconstruction_audit.csv row 646; unit=released dataset row,RAW0027512,NC_027214.1,,Ampivirus A,Ampivirus A,Picornaviridae,Picornaviridae,ICTV 2026 (MSL41.v1),exact_current_family_from_author_figure_table,high,1,independent_source_verified
Zoonotic rank model,SCLIN0027513,input_original/manual_downloads/ZoonoticRankModel/FinalData_Cleaned.csv,normalized from outputs/tables/zoonotic_rank_family_reconstruction_audit.csv row 64; unit=released dataset row,RAW0027513,NC_024767.1,,Avisivirus C,Avisivirus C,Picornaviridae,Picornaviridae,ICTV 2026 (MSL41.v1),exact_current_family_from_author_figure_table,high,1,independent_source_verified
Zoonotic rank model,SCLIN0027514,input_original/manual_downloads/ZoonoticRankModel/FinalData_Cleaned.csv,normalized from outputs/tables/zoonotic_rank_family_reconstruction_audit.csv row 658; unit=released dataset row,RAW0027514,NC_006553.1,,Avian sapelovirus,Anativirus A,Picornaviridae,Picornaviridae,ICTV 2026 (MSL41.v1),exact_current_family_from_author_figure_table,high,1,independent_source_verified
Zoonotic rank model,SCLIN0027515,input_original/manual_downloads/ZoonoticRankModel/FinalData_Cleaned.csv,normalized from outputs/tables/zoonotic_rank_family_reconstruction_audit.csv row 659; unit=released dataset row,RAW0027515,NC_038304.1,,Avisivirus A,Avisivirus A,Picornaviridae,Picornaviridae,ICTV 2026 (MSL41.v1),exact_current_family_from_author_figure_table,high,1,independent_source_verified
Zoonotic rank model,SCLIN0027516,input_original/manual_downloads/ZoonoticRankModel/FinalData_Cleaned.csv,normalized from outputs/tables/zoonotic_rank_family_reconstruction_audit.csv row 668; unit=released dataset row,RAW0027516,NC_038303.1,,Bovine rhinitis A virus,Bovine rhinitis A virus,Picornaviridae,Picornaviridae,ICTV 2026 (MSL41.v1),exact_current_family_from_author_figure_table,high,1,independent_source_verified
Zoonotic rank model,SCLIN0027517,input_original/manual_downloads/ZoonoticRankModel/FinalData_Cleaned.csv,normalized from outputs/tables/zoonotic_rank_family_reconstruction_audit.csv row 669; unit=released dataset row,RAW0027517,NC_010354.1,,Bovine rhinitis B virus,Bovine rhinitis B virus,Picornaviridae,Picornaviridae,ICTV 2026 (MSL41.v1),exact_current_family_from_author_figure_table,high,1,independent_source_verified
Zoonotic rank model,SCLIN0027518,input_original/manual_downloads/ZoonoticRankModel/FinalData_Cleaned.csv,normalized from outputs/tables/zoonotic_rank_family_reconstruction_audit.csv row 674; unit=released dataset row,RAW0027518,NC_021178.1,,Cadicivirus A,Cadicivirus A,Picornaviridae,Picornaviridae,ICTV 2026 (MSL41.v1),exact_current_family_from_author_figure_table,high,1,independent_source_verified
Zoonotic rank model,SCLIN0027519,input_original/manual_downloads/ZoonoticRankModel/FinalData_Cleaned.csv,normalized from outputs/tables/zoonotic_rank_family_reconstruction_audit.csv row 678; unit=released dataset row,RAW0027519,NC_038305.1,,Cardiovirus C,Cardiovirus C,Picornaviridae,Picornaviridae,ICTV 2026 (MSL41.v1),exact_current_family_from_author_figure_table,high,1,independent_source_verified
Zoonotic rank model,SCLIN0027520,input_original/manual_downloads/ZoonoticRankModel/FinalData_Cleaned.csv,normalized from outputs/tables/zoonotic_rank_family_reconstruction_audit.csv row 685; unit=released dataset row,RAW0027520,NC_012800.1,,Cosavirus A,Cosavirus A,Picornaviridae,Picornaviridae,ICTV 2026 (MSL41.v1),exact_current_family_from_author_figure_table,high,1,independent_source_verified
Zoonotic rank model,SCLIN0027521,input_original/manual_downloads/ZoonoticRankModel/FinalData_Cleaned.csv,normalized from outputs/tables/zoonotic_rank_family_reconstruction_audit.csv row 686; unit=released dataset row,RAW0027521,NC_012801.1,,Cosavirus B,Cosavirus B,Picornaviridae,Picornaviridae,ICTV 2026 (MSL41.v1),exact_current_family_from_author_figure_table,high,1,independent_source_verified
Zoonotic rank model,SCLIN0027522,input_original/manual_downloads/ZoonoticRankModel/FinalData_Cleaned.csv,normalized from outputs/tables/zoonotic_rank_family_reconstruction_audit.csv row 687; unit=released dataset row,RAW0027522,NC_012802.1,,Cosavirus D,Cosavirus D,Picornaviridae,Picornaviridae,ICTV 2026 (MSL41.v1),exact_current_family_from_author_figure_table,high,1,independent_source_verified
Zoonotic rank model,SCLIN0027523,input_original/manual_downloads/ZoonoticRankModel/FinalData_Cleaned.csv,normalized from outputs/tables/zoonotic_rank_family_reconstruction_audit.csv row 688; unit=released dataset row,RAW0027523,NC_012798.1,,Cosavirus E,Cosavirus E,Picornaviridae,Picornaviridae,ICTV 2026 (MSL41.v1),exact_current_family_from_author_figure_table,high,1,independent_source_verified
Zoonotic rank model,SCLIN0027524,input_original/manual_downloads/ZoonoticRankModel/FinalData_Cleaned.csv,normalized from outputs/tables/zoonotic_rank_family_reconstruction_audit.csv row 689; unit=released dataset row,RAW0027524,NC_034385.1,,Cosavirus F,Cosavirus F,Picornaviridae,Picornaviridae,ICTV 2026 (MSL41.v1),exact_current_family_from_author_figure_table,high,1,independent_source_verified
Zoonotic rank model,SCLIN0027525,input_original/manual_downloads/ZoonoticRankModel/FinalData_Cleaned.csv,normalized from outputs/tables/zoonotic_rank_family_reconstruction_audit.csv row 708; unit=released dataset row,RAW0027525,NC_001859.1,,Enterovirus E,Enterovirus E,Picornaviridae,Picornaviridae,ICTV 2026 (MSL41.v1),exact_current_family_from_author_figure_table,high,1,independent_source_verified
Zoonotic rank model,SCLIN0027526,input_original/manual_downloads/ZoonoticRankModel/FinalData_Cleaned.csv,normalized from outputs/tables/zoonotic_rank_family_reconstruction_audit.csv row 709; unit=released dataset row,RAW0027526,NC_021220.1,,Enterovirus F,Enterovirus F,Picornaviridae,Picornaviridae,ICTV 2026 (MSL41.v1),exact_current_family_from_author_figure_table,high,1,independent_source_verified
Zoonotic rank model,SCLIN0027527,input_original/manual_downloads/ZoonoticRankModel/FinalData_Cleaned.csv,normalized from outputs/tables/zoonotic_rank_family_reconstruction_audit.csv row 710; unit=released dataset row,RAW0027527,NC_013695.1,,Enterovirus J,Enterovirus J,Picornaviridae,Picornaviridae,ICTV 2026 (MSL41.v1),exact_current_family_from_author_figure_table,high,1,independent_source_verified
Zoonotic rank model,SCLIN0027528,input_original/manual_downloads/ZoonoticRankModel/FinalData_Cleaned.csv,normalized from outputs/tables/zoonotic_rank_family_reconstruction_audit.csv row 722; unit=released dataset row,RAW0027528,NC_018400.1,,Gallivirus A,Gallivirus A,Picornaviridae,Picornaviridae,ICTV 2026 (MSL41.v1),exact_current_family_from_author_figure_table,high,1,independent_source_verified
Zoonotic rank model,SCLIN0027529,input_original/manual_downloads/ZoonoticRankModel/FinalData_Cleaned.csv,normalized from outputs/tables/zoonotic_rank_family_reconstruction_audit.csv row 741; unit=released dataset row,RAW0027529,NC_038313.1,,Hepatovirus C,Hepatovirus C,Picornaviridae,Picornaviridae,ICTV 2026 (MSL41.v1),exact_current_family_from_author_figure_table,high,1,independent_source_verified
Zoonotic rank model,SCLIN0027530,input_original/manual_downloads/ZoonoticRankModel/FinalData_Cleaned.csv,normalized from outputs/tables/zoonotic_rank_family_reconstruction_audit.csv row 742; unit=released dataset row,RAW0027530,NC_028363.1,,Hepatovirus D,Hepatovirus D,Picornaviridae,Picornaviridae,ICTV 2026 (MSL41.v1),exact_current_family_from_author_figure_table,high,1,independent_source_verified
Zoonotic rank model,SCLIN0027531,input_original/manual_downloads/ZoonoticRankModel/FinalData_Cleaned.csv,normalized from outputs/tables/zoonotic_rank_family_reconstruction_audit.csv row 743; unit=released dataset row,RAW0027531,NC_038314.1,,Hepatovirus E,Hepatovirus E,Picornaviridae,Picornaviridae,ICTV 2026 (MSL41.v1),exact_current_family_from_author_figure_table,high,1,independent_source_verified
Zoonotic rank model,SCLIN0027532,input_original/manual_downloads/ZoonoticRankModel/FinalData_Cleaned.csv,normalized from outputs/tables/zoonotic_rank_family_reconstruction_audit.csv row 744; unit=released dataset row,RAW0027532,NC_038315.1,,Hepatovirus F,Hepatovirus F,Picornaviridae,Picornaviridae,ICTV 2026 (MSL41.v1),exact_current_family_from_author_figure_table,high,1,independent_source_verified
Zoonotic rank model,SCLIN0027533,input_original/manual_downloads/ZoonoticRankModel/FinalData_Cleaned.csv,normalized from outputs/tables/zoonotic_rank_family_reconstruction_audit.csv row 745; unit=released dataset row,RAW0027533,NC_038316.1,,Hepatovirus G,Hepatovirus G,Picornaviridae,Picornaviridae,ICTV 2026 (MSL41.v1),exact_current_family_from_author_figure_table,high,1,independent_source_verified
Zoonotic rank model,SCLIN0027534,input_original/manual_downloads/ZoonoticRankModel/FinalData_Cleaned.csv,normalized from outputs/tables/zoonotic_rank_family_reconstruction_audit.csv row 746; unit=released dataset row,RAW0027534,NC_028365.1,,Hepatovirus H,Hepatovirus H,Picornaviridae,Picornaviridae,ICTV 2026 (MSL41.v1),exact_current_family_from_author_figure_table,high,1,independent_source_verified
Zoonotic rank model,SCLIN0027535,input_original/manual_downloads/ZoonoticRankModel/FinalData_Cleaned.csv,normalized from outputs/tables/zoonotic_rank_family_reconstruction_audit.csv row 747; unit=released dataset row,RAW0027535,NC_028364.1,,Hepatovirus I,Hepatovirus I,Picornaviridae,Picornaviridae,ICTV 2026 (MSL41.v1),exact_current_family_from_author_figure_table,high,1,independent_source_verified
Zoonotic rank model,SCLIN0027536,input_original/manual_downloads/ZoonoticRankModel/FinalData_Cleaned.csv,normalized from outputs/tables/zoonotic_rank_family_reconstruction_audit.csv row 749; unit=released dataset row,RAW0027536,NC_018668.1,,Hunnivirus A,Hunnivirus A,Picornaviridae,Picornaviridae,ICTV 2026 (MSL41.v1),exact_current_family_from_author_figure_table,high,1,independent_source_verified
Zoonotic rank model,SCLIN0027537,input_original/manual_downloads/ZoonoticRankModel/FinalData_Cleaned.csv,normalized from outputs/tables/zoonotic_rank_family_reconstruction_audit.csv row 778; unit=released dataset row,RAW0027537,NC_038317.1,,Kunsagivirus A,Kunsagivirus A,Picornaviridae,Picornaviridae,ICTV 2026 (MSL41.v1),exact_current_family_from_author_figure_table,high,1,independent_source_verified
Zoonotic rank model,SCLIN0027538,input_original/manual_downloads/ZoonoticRankModel/FinalData_Cleaned.csv,normalized from outputs/tables/zoonotic_rank_family_reconstruction_audit.csv row 785; unit=released dataset row,RAW0027538,NC_018506.1,,Limnipivirus A,Limnipivirus A,Picornaviridae,Picornaviridae,ICTV 2026 (MSL41.v1),exact_current_family_from_author_figure_table,high,1,independent_source_verified
Zoonotic rank model,SCLIN0027539,input_original/manual_downloads/ZoonoticRankModel/FinalData_Cleaned.csv,normalized from outputs/tables/zoonotic_rank_family_reconstruction_audit.csv row 786; unit=released dataset row,RAW0027539,NC_023162.1,,Limnipivirus B,Limnipivirus B,Picornaviridae,Picornaviridae,ICTV 2026 (MSL41.v1),exact_current_family_from_author_figure_table,high,1,independent_source_verified
Zoonotic rank model,SCLIN0027540,input_original/manual_downloads/ZoonoticRankModel/FinalData_Cleaned.csv,normalized from outputs/tables/zoonotic_rank_family_reconstruction_audit.csv row 808; unit=released dataset row,RAW0027540,NC_023858.1,,Melegrivirus A,Megrivirus A,Picornaviridae,Picornaviridae,ICTV 2026 (MSL41.v1),exact_current_family_from_author_figure_table,high,1,independent_source_verified
Zoonotic rank model,SCLIN0027541,input_original/manual_downloads/ZoonoticRankModel/FinalData_Cleaned.csv,normalized from outputs/tables/zoonotic_rank_family_reconstruction_audit.csv row 815; unit=released dataset row,RAW0027541,NC_023987.1,,Mosavirus A,Mosavirus A,Picornaviridae,Picornaviridae,ICTV 2026 (MSL41.v1),exact_current_family_from_author_figure_table,high,1,independent_source_verified
Zoonotic rank model,SCLIN0027542,input_original/manual_downloads/ZoonoticRankModel/FinalData_Cleaned.csv,normalized from outputs/tables/zoonotic_rank_family_reconstruction_audit.csv row 832; unit=released dataset row,RAW0027542,NC_021482.1,,Parechovirus C,Parechovirus C,Picornaviridae,Picornaviridae,ICTV 2026 (MSL41.v1),exact_current_family_from_author_figure_table,high,1,independent_source_verified
Zoonotic rank model,SCLIN0027543,input_original/manual_downloads/ZoonoticRankModel/FinalData_Cleaned.csv,normalized from outputs/tables/zoonotic_rank_family_reconstruction_audit.csv row 833; unit=released dataset row,RAW0027543,NC_034453.1,,Parechovirus D,Parechovirus D,Picornaviridae,Picornaviridae,ICTV 2026 (MSL41.v1),exact_current_family_from_author_figure_table,high,1,independent_source_verified
Zoonotic rank model,SCLIN0027544,input_original/manual_downloads/ZoonoticRankModel/FinalData_Cleaned.csv,normalized from outputs/tables/zoonotic_rank_family_reconstruction_audit.csv row 835; unit=released dataset row,RAW0027544,NC_018226.1,,Pasivirus A,Pasivirus A,Picornaviridae,Picornaviridae,ICTV 2026 (MSL41.v1),exact_current_family_from_author_figure_table,high,1,independent_source_verified
Zoonotic rank model,SCLIN0027545,input_original/manual_downloads/ZoonoticRankModel/FinalData_Cleaned.csv,normalized from outputs/tables/zoonotic_rank_family_reconstruction_audit.csv row 838; unit=released dataset row,RAW0027545,NC_014411.1,,Passerivirus A,Passerivirus A,Picornaviridae,Picornaviridae,ICTV 2026 (MSL41.v1),exact_current_family_from_author_figure_table,high,1,independent_source_verified
Zoonotic rank model,SCLIN0027546,input_original/manual_downloads/ZoonoticRankModel/FinalData_Cleaned.csv,normalized from outputs/tables/zoonotic_rank_family_reconstruction_audit.csv row 850; unit=released dataset row,RAW0027546,NC_022332.1,,Potamipivirus A,Potamipivirus A,Picornaviridae,Picornaviridae,ICTV 2026 (MSL41.v1),exact_current_family_from_author_figure_table,high,1,independent_source_verified
Zoonotic rank model,SCLIN0027547,input_original/manual_downloads/ZoonoticRankModel/FinalData_Cleaned.csv,normalized from outputs/tables/zoonotic_rank_family_reconstruction_audit.csv row 855; unit=released dataset row,RAW0027547,NC_026314.1,,Rabovirus A,Rabovirus A,Picornaviridae,Picornaviridae,ICTV 2026 (MSL41.v1),exact_current_family_from_author_figure_table,high,1,independent_source_verified
Zoonotic rank model,SCLIN0027548,input_original/manual_downloads/ZoonoticRankModel/FinalData_Cleaned.csv,normalized from outputs/tables/zoonotic_rank_family_reconstruction_audit.csv row 869; unit=released dataset row,RAW0027548,NC_024070.1,,Rosavirus A,Rosavirus A,Picornaviridae,Picornaviridae,ICTV 2026 (MSL41.v1),exact_current_family_from_author_figure_table,high,1,independent_source_verified
Zoonotic rank model,SCLIN0027549,input_original/manual_downloads/ZoonoticRankModel/FinalData_Cleaned.csv,normalized from outputs/tables/zoonotic_rank_family_reconstruction_audit.csv row 876; unit=released dataset row,RAW0027549,NC_004451.1,,Sapelovirus B,Sapelovirus B,Picornaviridae,Picornaviridae,ICTV 2026 (MSL41.v1),exact_current_family_from_author_figure_table,high,1,independent_source_verified
Zoonotic rank model,SCLIN0027550,input_original/manual_downloads/ZoonoticRankModel/FinalData_Cleaned.csv,normalized from outputs/tables/zoonotic_rank_family_reconstruction_audit.csv row 880; unit=released dataset row,RAW0027550,NC_011349.1,,Senecavirus A,Senecavirus A,Picornaviridae,Picornaviridae,ICTV 2026 (MSL41.v1),exact_current_family_from_author_figure_table,high,1,independent_source_verified
Zoonotic rank model,SCLIN0027551,input_original/manual_downloads/ZoonoticRankModel/FinalData_Cleaned.csv,normalized from outputs/tables/zoonotic_rank_family_reconstruction_audit.csv row 895; unit=released dataset row,RAW0027551,NC_025890.1,,Torchivirus A,Torchivirus A,Picornaviridae,Picornaviridae,ICTV 2026 (MSL41.v1),exact_current_family_from_author_figure_table,high,1,independent_source_verified
Zoonotic rank model,SCLIN0027552,input_original/manual_downloads/ZoonoticRankModel/FinalData_Cleaned.csv,normalized from outputs/tables/zoonotic_rank_family_reconstruction_audit.csv row 106; unit=released dataset row,RAW0027552,NC_001989.1,,Bovine orthopneumovirus,Bovine orthopneumovirus,Pneumoviridae,Pneumoviridae,ICTV 2026 (MSL41.v1),exact_current_family_from_author_figure_table,high,1,independent_source_verified
Zoonotic rank model,SCLIN0027553,input_original/manual_downloads/ZoonoticRankModel/FinalData_Cleaned.csv,normalized from outputs/tables/zoonotic_rank_family_reconstruction_audit.csv row 272; unit=released dataset row,RAW0027553,NC_004148.2,,Human metapneumovirus,Human metapneumovirus,Pneumoviridae,Pneumoviridae,ICTV 2026 (MSL41.v1),exact_current_family_from_author_figure_table,high,1,independent_source_verified
Zoonotic rank model,SCLIN0027554,input_original/manual_downloads/ZoonoticRankModel/FinalData_Cleaned.csv,normalized from outputs/tables/zoonotic_rank_family_reconstruction_audit.csv row 273; unit=released dataset row,RAW0027554,NC_001781.1,,Human orthopneumovirus,Human orthopneumovirus,Pneumoviridae,Pneumoviridae,ICTV 2026 (MSL41.v1),exact_current_family_from_author_figure_table,high,1,independent_source_verified
Zoonotic rank model,SCLIN0027555,input_original/manual_downloads/ZoonoticRankModel/FinalData_Cleaned.csv,normalized from outputs/tables/zoonotic_rank_family_reconstruction_audit.csv row 401; unit=released dataset row,RAW0027555,NC_006579.1,,Murine orthopneumovirus,Murine orthopneumovirus,Pneumoviridae,Pneumoviridae,ICTV 2026 (MSL41.v1),exact_current_family_from_author_figure_table,high,1,independent_source_verified
Zoonotic rank model,SCLIN0027556,input_original/manual_downloads/ZoonoticRankModel/FinalData_Cleaned.csv,normalized from outputs/tables/zoonotic_rank_family_reconstruction_audit.csv row 61; unit=released dataset row,RAW0027556,NC_007652.1,,Avian metapneumovirus,Avian metapneumovirus,Pneumoviridae,Pneumoviridae,ICTV 2026 (MSL41.v1),exact_current_family_from_author_figure_table,high,1,independent_source_verified
Zoonotic rank model,SCLIN0027557,input_original/manual_downloads/ZoonoticRankModel/FinalData_Cleaned.csv,normalized from outputs/tables/zoonotic_rank_family_reconstruction_audit.csv row 275; unit=released dataset row,RAW0027557,NC_001538.1,,Human polyomavirus 1,Human polyomavirus 1,Polyomaviridae,Polyomaviridae,ICTV 2026 (MSL41.v1),exact_current_family_from_author_figure_table,high,1,independent_source_verified
Zoonotic rank model,SCLIN0027558,input_original/manual_downloads/ZoonoticRankModel/FinalData_Cleaned.csv,normalized from outputs/tables/zoonotic_rank_family_reconstruction_audit.csv row 276; unit=released dataset row,RAW0027558,NC_001699.1,,Human polyomavirus 2,Human polyomavirus 2,Polyomaviridae,Polyomaviridae,ICTV 2026 (MSL41.v1),exact_current_family_from_author_figure_table,high,1,independent_source_verified
Zoonotic rank model,SCLIN0027559,input_original/manual_downloads/ZoonoticRankModel/FinalData_Cleaned.csv,normalized from outputs/tables/zoonotic_rank_family_reconstruction_audit.csv row 335; unit=released dataset row,RAW0027559,NC_001669.1,,Macaca mulatta polyomavirus 1,Macaca mulatta polyomavirus 1,Polyomaviridae,Polyomaviridae,ICTV 2026 (MSL41.v1),exact_current_family_from_author_figure_table,high,1,independent_source_verified
Zoonotic rank model,SCLIN0027560,input_original/manual_downloads/ZoonoticRankModel/FinalData_Cleaned.csv,normalized from outputs/tables/zoonotic_rank_family_reconstruction_audit.csv row 370; unit=released dataset row,RAW0027560,NC_001663.2,,Mesocricetus auratus polyomavirus 1,Mesocricetus auratus polyomavirus 1,Polyomaviridae,Polyomaviridae,ICTV 2026 (MSL41.v1),exact_current_family_from_author_figure_table,high,1,independent_source_verified
Zoonotic rank model,SCLIN0027561,input_original/manual_downloads/ZoonoticRankModel/FinalData_Cleaned.csv,normalized from outputs/tables/zoonotic_rank_family_reconstruction_audit.csv row 404; unit=released dataset row,RAW0027561,NC_001515.2,,Mus musculus polyomavirus 1,Mus musculus polyomavirus 1,Polyomaviridae,Polyomaviridae,ICTV 2026 (MSL41.v1),exact_current_family_from_author_figure_table,high,1,independent_source_verified
Zoonotic rank model,SCLIN0027562,input_original/manual_downloads/ZoonoticRankModel/FinalData_Cleaned.csv,normalized from outputs/tables/zoonotic_rank_family_reconstruction_audit.csv row 405; unit=released dataset row,RAW0027562,NC_001505.2,,Mus musculus polyomavirus 2,Mus musculus polyomavirus 2,Polyomaviridae,Polyomaviridae,ICTV 2026 (MSL41.v1),exact_current_family_from_author_figure_table,high,1,independent_source_verified
Zoonotic rank model,SCLIN0027563,input_original/manual_downloads/ZoonoticRankModel/FinalData_Cleaned.csv,normalized from outputs/tables/zoonotic_rank_family_reconstruction_audit.csv row 92; unit=released dataset row,RAW0027563,NC_001442.1,,Bos taurus polyomavirus 1,Bos taurus polyomavirus 1,Polyomaviridae,Polyomaviridae,ICTV 2026 (MSL41.v1),exact_current_family_from_author_figure_table,high,1,independent_source_verified
Zoonotic rank model,SCLIN0027564,input_original/manual_downloads/ZoonoticRankModel/FinalData_Cleaned.csv,normalized from outputs/tables/zoonotic_rank_family_reconstruction_audit.csv row 107; unit=released dataset row,RAW0027564,NC_005337.1,,Bovine papular stomatitis virus,Bovine papular stomatitis virus,Poxviridae,Poxviridae,ICTV 2026 (MSL41.v1),exact_current_family_from_author_figure_table,high,1,independent_source_verified
Zoonotic rank model,SCLIN0027565,input_original/manual_downloads/ZoonoticRankModel/FinalData_Cleaned.csv,normalized from outputs/tables/zoonotic_rank_family_reconstruction_audit.csv row 124; unit=released dataset row,RAW0027565,NC_003391.1,,Camelpox virus,Camelpox virus,Poxviridae,Poxviridae,ICTV 2026 (MSL41.v1),exact_current_family_from_author_figure_table,high,1,independent_source_verified
Zoonotic rank model,SCLIN0027566,input_original/manual_downloads/ZoonoticRankModel/FinalData_Cleaned.csv,normalized from outputs/tables/zoonotic_rank_family_reconstruction_audit.csv row 160; unit=released dataset row,RAW0027566,NC_003663.2,,Cowpox virus,Cowpox virus,Poxviridae,Poxviridae,ICTV 2026 (MSL41.v1),exact_current_family_from_author_figure_table,high,1,independent_source_verified
Zoonotic rank model,SCLIN0027567,input_original/manual_downloads/ZoonoticRankModel/FinalData_Cleaned.csv,normalized from outputs/tables/zoonotic_rank_family_reconstruction_audit.csv row 178; unit=released dataset row,RAW0027567,NC_004105.1,,Ectromelia virus,Ectromelia virus,Poxviridae,Poxviridae,ICTV 2026 (MSL41.v1),exact_current_family_from_author_figure_table,high,1,independent_source_verified
Zoonotic rank model,SCLIN0027568,input_original/manual_downloads/ZoonoticRankModel/FinalData_Cleaned.csv,normalized from outputs/tables/zoonotic_rank_family_reconstruction_audit.csv row 234; unit=released dataset row,RAW0027568,NC_004003.1,,Goatpox virus,Goatpox virus,Poxviridae,Poxviridae,ICTV 2026 (MSL41.v1),exact_current_family_from_author_figure_table,high,1,independent_source_verified
Zoonotic rank model,SCLIN0027569,input_original/manual_downloads/ZoonoticRankModel/FinalData_Cleaned.csv,normalized from outputs/tables/zoonotic_rank_family_reconstruction_audit.csv row 331; unit=released dataset row,RAW0027569,NC_003027.1,,Lumpy skin disease virus,Lumpy skin disease virus,Poxviridae,Poxviridae,ICTV 2026 (MSL41.v1),exact_current_family_from_author_figure_table,high,1,independent_source_verified
Zoonotic rank model,SCLIN0027570,input_original/manual_downloads/ZoonoticRankModel/FinalData_Cleaned.csv,normalized from outputs/tables/zoonotic_rank_family_reconstruction_audit.csv row 380; unit=released dataset row,RAW0027570,NC_001731.1,,Molluscum contagiosum virus,Molluscum contagiosum virus,Poxviridae,Poxviridae,ICTV 2026 (MSL41.v1),exact_current_family_from_author_figure_table,high,1,independent_source_verified
Zoonotic rank model,SCLIN0027571,input_original/manual_downloads/ZoonoticRankModel/FinalData_Cleaned.csv,normalized from outputs/tables/zoonotic_rank_family_reconstruction_audit.csv row 382; unit=released dataset row,RAW0027571,NC_003310.1,,Monkeypox virus,Monkeypox virus,Poxviridae,Poxviridae,ICTV 2026 (MSL41.v1),exact_current_family_from_author_figure_table,high,1,independent_source_verified
Zoonotic rank model,SCLIN0027572,input_original/manual_downloads/ZoonoticRankModel/FinalData_Cleaned.csv,normalized from outputs/tables/zoonotic_rank_family_reconstruction_audit.csv row 407; unit=released dataset row,RAW0027572,NC_001132.2,,Myxoma virus,Myxoma virus,Poxviridae,Poxviridae,ICTV 2026 (MSL41.v1),exact_current_family_from_author_figure_table,high,1,independent_source_verified
Zoonotic rank model,SCLIN0027573,input_original/manual_downloads/ZoonoticRankModel/FinalData_Cleaned.csv,normalized from outputs/tables/zoonotic_rank_family_reconstruction_audit.csv row 427; unit=released dataset row,RAW0027573,NC_005336.1,,Orf virus,Orf virus,Poxviridae,Poxviridae,ICTV 2026 (MSL41.v1),exact_current_family_from_author_figure_table,high,1,independent_source_verified
Zoonotic rank model,SCLIN0027574,input_original/manual_downloads/ZoonoticRankModel/FinalData_Cleaned.csv,normalized from outputs/tables/zoonotic_rank_family_reconstruction_audit.csv row 445; unit=released dataset row,RAW0027574,NC_025963.1,,Parapoxvirus of red deer in New Zealand,Parapoxvirus of red deer in New Zealand,Poxviridae,Poxviridae,ICTV 2026 (MSL41.v1),exact_current_family_from_author_figure_table,high,1,independent_source_verified
Zoonotic rank model,SCLIN0027575,input_original/manual_downloads/ZoonoticRankModel/FinalData_Cleaned.csv,normalized from outputs/tables/zoonotic_rank_family_reconstruction_audit.csv row 490; unit=released dataset row,RAW0027575,NC_013804.1,,Pseudocowpox virus,Pseudocowpox virus,Poxviridae,Poxviridae,ICTV 2026 (MSL41.v1),exact_current_family_from_author_figure_table,high,1,independent_source_verified
Zoonotic rank model,SCLIN0027576,input_original/manual_downloads/ZoonoticRankModel/FinalData_Cleaned.csv,normalized from outputs/tables/zoonotic_rank_family_reconstruction_audit.csv row 497; unit=released dataset row,RAW0027576,NC_001266.1,,Rabbit fibroma virus,Rabbit fibroma virus,Poxviridae,Poxviridae,ICTV 2026 (MSL41.v1),exact_current_family_from_author_figure_table,high,1,independent_source_verified
Zoonotic rank model,SCLIN0027577,input_original/manual_downloads/ZoonoticRankModel/FinalData_Cleaned.csv,normalized from outputs/tables/zoonotic_rank_family_reconstruction_audit.csv row 500; unit=released dataset row,RAW0027577,NC_027213.1,,Raccoonpox virus,Raccoonpox virus,Poxviridae,Poxviridae,ICTV 2026 (MSL41.v1),exact_current_family_from_author_figure_table,high,1,independent_source_verified
Zoonotic rank model,SCLIN0027578,input_original/manual_downloads/ZoonoticRankModel/FinalData_Cleaned.csv,normalized from outputs/tables/zoonotic_rank_family_reconstruction_audit.csv row 544; unit=released dataset row,RAW0027578,NC_004002.1,,Sheeppox virus,Sheeppox virus,Poxviridae,Poxviridae,ICTV 2026 (MSL41.v1),exact_current_family_from_author_figure_table,high,1,independent_source_verified
Zoonotic rank model,SCLIN0027579,input_original/manual_downloads/ZoonoticRankModel/FinalData_Cleaned.csv,normalized from outputs/tables/zoonotic_rank_family_reconstruction_audit.csv row 561; unit=released dataset row,RAW0027579,NC_022563.1,,Squirrelpox virus,Squirrelpox virus,Poxviridae,Poxviridae,ICTV 2026 (MSL41.v1),exact_current_family_from_author_figure_table,high,1,independent_source_verified
Zoonotic rank model,SCLIN0027580,input_original/manual_downloads/ZoonoticRankModel/FinalData_Cleaned.csv,normalized from outputs/tables/zoonotic_rank_family_reconstruction_audit.csv row 565; unit=released dataset row,RAW0027580,NC_003389.1,,Swinepox virus,Swinepox virus,Poxviridae,Poxviridae,ICTV 2026 (MSL41.v1),exact_current_family_from_author_figure_table,high,1,independent_source_verified
Zoonotic rank model,SCLIN0027581,input_original/manual_downloads/ZoonoticRankModel/FinalData_Cleaned.csv,normalized from outputs/tables/zoonotic_rank_family_reconstruction_audit.csv row 570; unit=released dataset row,RAW0027581,NC_002642.1,,Tanapox virus,Tanapox virus,Poxviridae,Poxviridae,ICTV 2026 (MSL41.v1),exact_current_family_from_author_figure_table,high,1,independent_source_verified
Zoonotic rank model,SCLIN0027582,input_original/manual_downloads/ZoonoticRankModel/FinalData_Cleaned.csv,normalized from outputs/tables/zoonotic_rank_family_reconstruction_audit.csv row 572; unit=released dataset row,RAW0027582,NC_008291.1,,Taterapox virus,Taterapox virus,Poxviridae,Poxviridae,ICTV 2026 (MSL41.v1),exact_current_family_from_author_figure_table,high,1,independent_source_verified
Zoonotic rank model,SCLIN0027583,input_original/manual_downloads/ZoonoticRankModel/FinalData_Cleaned.csv,normalized from outputs/tables/zoonotic_rank_family_reconstruction_audit.csv row 600; unit=released dataset row,RAW0027583,NC_001611.1,,Variola virus,Variola virus,Poxviridae,Poxviridae,ICTV 2026 (MSL41.v1),exact_current_family_from_author_figure_table,high,1,independent_source_verified
Zoonotic rank model,SCLIN0027584,input_original/manual_downloads/ZoonoticRankModel/FinalData_Cleaned.csv,normalized from outputs/tables/zoonotic_rank_family_reconstruction_audit.csv row 604; unit=released dataset row,RAW0027584,NC_031033.1,,Volepox virus,Volepox virus,Poxviridae,Poxviridae,ICTV 2026 (MSL41.v1),exact_current_family_from_author_figure_table,high,1,independent_source_verified
Zoonotic rank model,SCLIN0027585,input_original/manual_downloads/ZoonoticRankModel/FinalData_Cleaned.csv,normalized from outputs/tables/zoonotic_rank_family_reconstruction_audit.csv row 623; unit=released dataset row,RAW0027585,NC_005179.1,,Yaba monkey tumor virus,Yaba monkey tumor virus,Poxviridae,Poxviridae,ICTV 2026 (MSL41.v1),exact_current_family_from_author_figure_table,high,1,independent_source_verified
Zoonotic rank model,SCLIN0027586,input_original/manual_downloads/ZoonoticRankModel/FinalData_Cleaned.csv,normalized from outputs/tables/zoonotic_rank_family_reconstruction_audit.csv row 101; unit=released dataset row,RAW0027586,NC_001413.1,,Bovine immunodeficiency virus,Bovine immunodeficiency virus,Retroviridae,Retroviridae,ICTV 2026 (MSL41.v1),exact_current_family_from_author_figure_table,high,1,independent_source_verified
Zoonotic rank model,SCLIN0027587,input_original/manual_downloads/ZoonoticRankModel/FinalData_Cleaned.csv,normalized from outputs/tables/zoonotic_rank_family_reconstruction_audit.csv row 102; unit=released dataset row,RAW0027587,NC_001414.1,,Bovine leukemia virus,Bovine leukemia virus,Retroviridae,Retroviridae,ICTV 2026 (MSL41.v1),exact_current_family_from_author_figure_table,high,1,independent_source_verified
Zoonotic rank model,SCLIN0027588,input_original/manual_downloads/ZoonoticRankModel/FinalData_Cleaned.csv,normalized from outputs/tables/zoonotic_rank_family_reconstruction_audit.csv row 131; unit=released dataset row,RAW0027588,NC_001463.1,,Caprine arthritis encephalitis virus,Caprine arthritis encephalitis virus,Retroviridae,Retroviridae,ICTV 2026 (MSL41.v1),exact_current_family_from_author_figure_table,high,1,independent_source_verified
Zoonotic rank model,SCLIN0027589,input_original/manual_downloads/ZoonoticRankModel/FinalData_Cleaned.csv,normalized from outputs/tables/zoonotic_rank_family_reconstruction_audit.csv row 201; unit=released dataset row,RAW0027589,NC_002201.1,,Equine foamy virus,Equine foamy virus,Retroviridae,Retroviridae,ICTV 2026 (MSL41.v1),exact_current_family_from_author_figure_table,high,1,independent_source_verified
Zoonotic rank model,SCLIN0027590,input_original/manual_downloads/ZoonoticRankModel/FinalData_Cleaned.csv,normalized from outputs/tables/zoonotic_rank_family_reconstruction_audit.csv row 202; unit=released dataset row,RAW0027590,NC_001450.1,,Equine infectious anemia virus,Equine infectious anemia virus,Retroviridae,Retroviridae,ICTV 2026 (MSL41.v1),exact_current_family_from_author_figure_table,high,1,independent_source_verified
Zoonotic rank model,SCLIN0027591,input_original/manual_downloads/ZoonoticRankModel/FinalData_Cleaned.csv,normalized from outputs/tables/zoonotic_rank_family_reconstruction_audit.csv row 216; unit=released dataset row,RAW0027591,NC_001871.1,,Feline foamy virus,Feline foamy virus,Retroviridae,Retroviridae,ICTV 2026 (MSL41.v1),exact_current_family_from_author_figure_table,high,1,independent_source_verified
Zoonotic rank model,SCLIN0027592,input_original/manual_downloads/ZoonoticRankModel/FinalData_Cleaned.csv,normalized from outputs/tables/zoonotic_rank_family_reconstruction_audit.csv row 217; unit=released dataset row,RAW0027592,NC_001482.1,,Feline immunodeficiency virus,Feline immunodeficiency virus,Retroviridae,Retroviridae,ICTV 2026 (MSL41.v1),exact_current_family_from_author_figure_table,high,1,independent_source_verified
Zoonotic rank model,SCLIN0027593,input_original/manual_downloads/ZoonoticRankModel/FinalData_Cleaned.csv,normalized from outputs/tables/zoonotic_rank_family_reconstruction_audit.csv row 218; unit=released dataset row,RAW0027593,NC_001940.1,,Feline leukemia virus,Feline leukemia virus,Retroviridae,Retroviridae,ICTV 2026 (MSL41.v1),exact_current_family_from_author_figure_table,high,1,independent_source_verified
Zoonotic rank model,SCLIN0027594,input_original/manual_downloads/ZoonoticRankModel/FinalData_Cleaned.csv,normalized from outputs/tables/zoonotic_rank_family_reconstruction_audit.csv row 233; unit=released dataset row,RAW0027594,KT724048.1,,Gibbon ape leukemia virus,Gibbon ape leukemia virus,Retroviridae,Retroviridae,ICTV 2026 (MSL41.v1),exact_current_family_from_author_figure_table,high,1,independent_source_verified
Zoonotic rank model,SCLIN0027595,input_original/manual_downloads/ZoonoticRankModel/FinalData_Cleaned.csv,normalized from outputs/tables/zoonotic_rank_family_reconstruction_audit.csv row 264; unit=released dataset row,RAW0027595,NC_001802.1,,Human immunodeficiency virus 1,Human immunodeficiency virus 1,Retroviridae,Retroviridae,ICTV 2026 (MSL41.v1),exact_current_family_from_author_figure_table,high,1,independent_source_verified
Zoonotic rank model,SCLIN0027596,input_original/manual_downloads/ZoonoticRankModel/FinalData_Cleaned.csv,normalized from outputs/tables/zoonotic_rank_family_reconstruction_audit.csv row 265; unit=released dataset row,RAW0027596,NC_001722.1,,Human immunodeficiency virus 2,Human immunodeficiency virus 2,Retroviridae,Retroviridae,ICTV 2026 (MSL41.v1),exact_current_family_from_author_figure_table,high,1,independent_source_verified
Zoonotic rank model,SCLIN0027597,input_original/manual_downloads/ZoonoticRankModel/FinalData_Cleaned.csv,normalized from outputs/tables/zoonotic_rank_family_reconstruction_audit.csv row 291; unit=released dataset row,RAW0027597,NC_001494.1,,Jaagsiekte sheep retrovirus,Jaagsiekte sheep retrovirus,Retroviridae,Retroviridae,ICTV 2026 (MSL41.v1),exact_current_family_from_author_figure_table,high,1,independent_source_verified
Zoonotic rank model,SCLIN0027598,input_original/manual_downloads/ZoonoticRankModel/FinalData_Cleaned.csv,normalized from outputs/tables/zoonotic_rank_family_reconstruction_audit.csv row 340; unit=released dataset row,RAW0027598,NC_010819.1,,Macaque simian foamy virus,Rhesus macaque simian foamy virus,Retroviridae,Retroviridae,ICTV 2026 (MSL41.v1),exact_current_family_from_author_figure_table,high,1,independent_source_verified
Zoonotic rank model,SCLIN0027599,input_original/manual_downloads/ZoonoticRankModel/FinalData_Cleaned.csv,normalized from outputs/tables/zoonotic_rank_family_reconstruction_audit.csv row 365; unit=released dataset row,RAW0027599,NC_001550.1,,Mason-Pfizer monkey virus,Mason-Pfizer monkey virus,Retroviridae,Retroviridae,ICTV 2026 (MSL41.v1),exact_current_family_from_author_figure_table,high,1,independent_source_verified
Zoonotic rank model,SCLIN0027600,input_original/manual_downloads/ZoonoticRankModel/FinalData_Cleaned.csv,normalized from outputs/tables/zoonotic_rank_family_reconstruction_audit.csv row 381; unit=released dataset row,RAW0027600,NC_001502.1,,Moloney murine sarcoma virus,Moloney murine sarcoma virus,Retroviridae,Retroviridae,ICTV 2026 (MSL41.v1),exact_current_family_from_author_figure_table,high,1,independent_source_verified
Zoonotic rank model,SCLIN0027601,input_original/manual_downloads/ZoonoticRankModel/FinalData_Cleaned.csv,normalized from outputs/tables/zoonotic_rank_family_reconstruction_audit.csv row 387; unit=released dataset row,RAW0027601,NC_001503.1,,Mouse mammary tumor virus,Mouse mammary tumor virus,Retroviridae,Retroviridae,ICTV 2026 (MSL41.v1),exact_current_family_from_author_figure_table,high,1,independent_source_verified
Zoonotic rank model,SCLIN0027602,input_original/manual_downloads/ZoonoticRankModel/FinalData_Cleaned.csv,normalized from outputs/tables/zoonotic_rank_family_reconstruction_audit.csv row 398; unit=released dataset row,RAW0027602,NC_001501.1,,Murine leukemia virus,Murine leukemia virus,Retroviridae,Retroviridae,ICTV 2026 (MSL41.v1),exact_current_family_from_author_figure_table,high,1,independent_source_verified
Zoonotic rank model,SCLIN0027603,input_original/manual_downloads/ZoonoticRankModel/FinalData_Cleaned.csv,normalized from outputs/tables/zoonotic_rank_family_reconstruction_audit.csv row 478; unit=released dataset row,RAW0027603,GU980187.1,,Porcine type-C oncovirus,Porcine type-C oncovirus,Retroviridae,Retroviridae,ICTV 2026 (MSL41.v1),exact_current_family_from_author_figure_table,high,1,independent_source_verified
Zoonotic rank model,SCLIN0027604,input_original/manual_downloads/ZoonoticRankModel/FinalData_Cleaned.csv,normalized from outputs/tables/zoonotic_rank_family_reconstruction_audit.csv row 485; unit=released dataset row,RAW0027604,NC_001436.1,,Primate T-lymphotropic virus 1,Primate T-lymphotropic virus 1,Retroviridae,Retroviridae,ICTV 2026 (MSL41.v1),exact_current_family_from_author_figure_table,high,1,independent_source_verified
Zoonotic rank model,SCLIN0027605,input_original/manual_downloads/ZoonoticRankModel/FinalData_Cleaned.csv,normalized from outputs/tables/zoonotic_rank_family_reconstruction_audit.csv row 486; unit=released dataset row,RAW0027605,Y13051.1,,Primate T-lymphotropic virus 2,Primate T-lymphotropic virus 2,Retroviridae,Retroviridae,ICTV 2026 (MSL41.v1),exact_current_family_from_author_figure_table,high,1,independent_source_verified
Zoonotic rank model,SCLIN0027606,input_original/manual_downloads/ZoonoticRankModel/FinalData_Cleaned.csv,normalized from outputs/tables/zoonotic_rank_family_reconstruction_audit.csv row 487; unit=released dataset row,RAW0027606,EU649782.1,,Primate T-lymphotropic virus 3,Primate T-lymphotropic virus 3,Retroviridae,Retroviridae,ICTV 2026 (MSL41.v1),exact_current_family_from_author_figure_table,high,1,independent_source_verified
Zoonotic rank model,SCLIN0027607,input_original/manual_downloads/ZoonoticRankModel/FinalData_Cleaned.csv,normalized from outputs/tables/zoonotic_rank_family_reconstruction_audit.csv row 492; unit=released dataset row,RAW0027607,U03982.1,,Puma lentivirus,Puma lentivirus,Retroviridae,Retroviridae,ICTV 2026 (MSL41.v1),exact_current_family_from_author_figure_table,high,1,independent_source_verified
Zoonotic rank model,SCLIN0027608,input_original/manual_downloads/ZoonoticRankModel/FinalData_Cleaned.csv,normalized from outputs/tables/zoonotic_rank_family_reconstruction_audit.csv row 549; unit=released dataset row,RAW0027608,NC_001364.1,,Simian foamy virus,Western chimpanzee simian foamy virus,Retroviridae,Retroviridae,ICTV 2026 (MSL41.v1),exact_current_family_from_author_figure_table,high,1,independent_source_verified
Zoonotic rank model,SCLIN0027609,input_original/manual_downloads/ZoonoticRankModel/FinalData_Cleaned.csv,normalized from outputs/tables/zoonotic_rank_family_reconstruction_audit.csv row 551; unit=released dataset row,RAW0027609,NC_001549.1,,Simian immunodeficiency virus,Simian immunodeficiency virus,Retroviridae,Retroviridae,ICTV 2026 (MSL41.v1),exact_current_family_from_author_figure_table,high,1,independent_source_verified
Zoonotic rank model,SCLIN0027610,input_original/manual_downloads/ZoonoticRankModel/FinalData_Cleaned.csv,normalized from outputs/tables/zoonotic_rank_family_reconstruction_audit.csv row 560; unit=released dataset row,RAW0027610,NC_001514.1,,Squirrel monkey retrovirus,Squirrel monkey retrovirus,Retroviridae,Retroviridae,ICTV 2026 (MSL41.v1),exact_current_family_from_author_figure_table,high,1,independent_source_verified
Zoonotic rank model,SCLIN0027611,input_original/manual_downloads/ZoonoticRankModel/FinalData_Cleaned.csv,normalized from outputs/tables/zoonotic_rank_family_reconstruction_audit.csv row 603; unit=released dataset row,RAW0027611,NC_001452.1,,Visna/maedi virus,Visna-maedi virus,Retroviridae,Retroviridae,ICTV 2026 (MSL41.v1),exact_current_family_from_author_figure_table,high,1,independent_source_verified
Zoonotic rank model,SCLIN0027612,input_original/manual_downloads/ZoonoticRankModel/FinalData_Cleaned.csv,normalized from outputs/tables/zoonotic_rank_family_reconstruction_audit.csv row 620; unit=released dataset row,RAW0027612,NC_009424.5,,Woolly monkey sarcoma virus,Woolly monkey sarcoma virus,Retroviridae,Retroviridae,ICTV 2026 (MSL41.v1),exact_current_family_from_author_figure_table,high,1,independent_source_verified
Zoonotic rank model,SCLIN0027613,input_original/manual_downloads/ZoonoticRankModel/FinalData_Cleaned.csv,normalized from outputs/tables/zoonotic_rank_family_reconstruction_audit.csv row 656; unit=released dataset row,RAW0027613,KY235336.1,,Avian leukosis virus,Avian leukosis virus,Retroviridae,Retroviridae,ICTV 2026 (MSL41.v1),exact_current_family_from_author_figure_table,high,1,independent_source_verified
Zoonotic rank model,SCLIN0027614,input_original/manual_downloads/ZoonoticRankModel/FinalData_Cleaned.csv,normalized from outputs/tables/zoonotic_rank_family_reconstruction_audit.csv row 761; unit=released dataset row,RAW0027614,U21603.1,,Jembrana disease virus,Jembrana disease virus,Retroviridae,Retroviridae,ICTV 2026 (MSL41.v1),exact_current_family_from_author_figure_table,high,1,independent_source_verified
Zoonotic rank model,SCLIN0027615,input_original/manual_downloads/ZoonoticRankModel/FinalData_Cleaned.csv,normalized from outputs/tables/zoonotic_rank_family_reconstruction_audit.csv row 775; unit=released dataset row,RAW0027615,NC_039228.1,,Koala retrovirus,Koala retrovirus,Retroviridae,Retroviridae,ICTV 2026 (MSL41.v1),exact_current_family_from_author_figure_table,high,1,independent_source_verified
Zoonotic rank model,SCLIN0027616,input_original/manual_downloads/ZoonoticRankModel/FinalData_Cleaned.csv,normalized from outputs/tables/zoonotic_rank_family_reconstruction_audit.csv row 7; unit=released dataset row,RAW0027616,NC_010820.1,,African green monkey simian foamy virus,Grivet simian foamy virus,Retroviridae,Retroviridae,ICTV 2026 (MSL41.v1),exact_current_family_from_author_figure_table,high,1,independent_source_verified
Zoonotic rank model,SCLIN0027617,input_original/manual_downloads/ZoonoticRankModel/FinalData_Cleaned.csv,normalized from outputs/tables/zoonotic_rank_family_reconstruction_audit.csv row 859; unit=released dataset row,RAW0027617,NC_006934.1,,Reticuloendotheliosis virus,Reticuloendotheliosis virus,Retroviridae,Retroviridae,ICTV 2026 (MSL41.v1),exact_current_family_from_author_figure_table,high,1,independent_source_verified
Zoonotic rank model,SCLIN0027618,input_original/manual_downloads/ZoonoticRankModel/FinalData_Cleaned.csv,normalized from outputs/tables/zoonotic_rank_family_reconstruction_audit.csv row 899; unit=released dataset row,RAW0027618,NC_001867.1,,Walleye dermal sarcoma virus,Walleye dermal sarcoma virus,Retroviridae,Retroviridae,ICTV 2026 (MSL41.v1),exact_current_family_from_author_figure_table,high,1,independent_source_verified
Zoonotic rank model,SCLIN0027619,input_original/manual_downloads/ZoonoticRankModel/FinalData_Cleaned.csv,normalized from outputs/tables/zoonotic_rank_family_reconstruction_audit.csv row 900; unit=released dataset row,RAW0027619,AF133051.1,,Walleye epidermal hyperplasia virus 1,Walleye epidermal hyperplasia virus 1,,Retroviridae,ICTV 2026 (MSL41.v1),exact_vmr_virus_name,high,1,independent_source_verified
Zoonotic rank model,SCLIN0027620,input_original/manual_downloads/ZoonoticRankModel/FinalData_Cleaned.csv,normalized from outputs/tables/zoonotic_rank_family_reconstruction_audit.csv row 901; unit=released dataset row,RAW0027620,AF133052.1,,Walleye epidermal hyperplasia virus 2,Walleye epidermal hyperplasia virus 2,,Retroviridae,ICTV 2026 (MSL41.v1),exact_vmr_virus_name,high,1,independent_source_verified
Zoonotic rank model,SCLIN0027621,input_original/manual_downloads/ZoonoticRankModel/FinalData_Cleaned.csv,normalized from outputs/tables/zoonotic_rank_family_reconstruction_audit.csv row 99; unit=released dataset row,RAW0027621,NC_001831.1,,Bovine foamy virus,Bovine foamy virus,Retroviridae,Retroviridae,ICTV 2026 (MSL41.v1),exact_current_family_from_author_figure_table,high,1,independent_source_verified
Zoonotic rank model,SCLIN0027622,input_original/manual_downloads/ZoonoticRankModel/FinalData_Cleaned.csv,normalized from outputs/tables/zoonotic_rank_family_reconstruction_audit.csv row 12; unit=released dataset row,RAW0027622,NC_025353.1,,Alagoas vesiculovirus,Alagoas vesiculovirus,Rhabdoviridae,Rhabdoviridae,ICTV 2026 (MSL41.v1),exact_current_family_from_author_figure_table,high,1,independent_source_verified
Zoonotic rank model,SCLIN0027623,input_original/manual_downloads/ZoonoticRankModel/FinalData_Cleaned.csv,normalized from outputs/tables/zoonotic_rank_family_reconstruction_audit.csv row 138; unit=released dataset row,RAW0027623,NC_002803.1,,Carp sprivivirus,Carp sprivivirus,Rhabdoviridae,Rhabdoviridae,ICTV 2026 (MSL41.v1),exact_current_family_from_author_figure_table,high,1,independent_source_verified
Zoonotic rank model,SCLIN0027624,input_original/manual_downloads/ZoonoticRankModel/FinalData_Cleaned.csv,normalized from outputs/tables/zoonotic_rank_family_reconstruction_audit.csv row 148; unit=released dataset row,RAW0027624,NC_020805.1,,Chandipura vesiculovirus,Chandipura vesiculovirus,Rhabdoviridae,Rhabdoviridae,ICTV 2026 (MSL41.v1),exact_current_family_from_author_figure_table,high,1,independent_source_verified
Zoonotic rank model,SCLIN0027625,input_original/manual_downloads/ZoonoticRankModel/FinalData_Cleaned.csv,normalized from outputs/tables/zoonotic_rank_family_reconstruction_audit.csv row 154; unit=released dataset row,RAW0027625,NC_025397.1,,Coastal Plains tibrovirus,Coastal Plains tibrovirus,Rhabdoviridae,Rhabdoviridae,ICTV 2026 (MSL41.v1),exact_current_family_from_author_figure_table,high,1,independent_source_verified
Zoonotic rank model,SCLIN0027626,input_original/manual_downloads/ZoonoticRankModel/FinalData_Cleaned.csv,normalized from outputs/tables/zoonotic_rank_family_reconstruction_audit.csv row 155; unit=released dataset row,RAW0027626,NC_028255.1,,Cocal vesiculovirus,Cocal vesiculovirus,Rhabdoviridae,Rhabdoviridae,ICTV 2026 (MSL41.v1),exact_current_family_from_author_figure_table,high,1,independent_source_verified
Zoonotic rank model,SCLIN0027627,input_original/manual_downloads/ZoonoticRankModel/FinalData_Cleaned.csv,normalized from outputs/tables/zoonotic_rank_family_reconstruction_audit.csv row 163; unit=released dataset row,RAW0027627,NC_025354.1,,Curionopolis curiovirus,Curionopolis curiovirus,Rhabdoviridae,Rhabdoviridae,ICTV 2026 (MSL41.v1),exact_current_family_from_author_figure_table,high,1,independent_source_verified
Zoonotic rank model,SCLIN0027628,input_original/manual_downloads/ZoonoticRankModel/FinalData_Cleaned.csv,normalized from outputs/tables/zoonotic_rank_family_reconstruction_audit.csv row 16; unit=released dataset row,RAW0027628,NC_025391.1,,Almpiwar sripuvirus,Almpiwar sripuvirus,Rhabdoviridae,Rhabdoviridae,ICTV 2026 (MSL41.v1),exact_current_family_from_author_figure_table,high,1,independent_source_verified
Zoonotic rank model,SCLIN0027629,input_original/manual_downloads/ZoonoticRankModel/FinalData_Cleaned.csv,normalized from outputs/tables/zoonotic_rank_family_reconstruction_audit.csv row 172; unit=released dataset row,RAW0027629,NC_013135.1,,Drosophila melanogaster sigmavirus,Drosophila melanogaster sigmavirus,Rhabdoviridae,Rhabdoviridae,ICTV 2026 (MSL41.v1),exact_current_family_from_author_figure_table,high,1,independent_source_verified
Zoonotic rank model,SCLIN0027630,input_original/manual_downloads/ZoonoticRankModel/FinalData_Cleaned.csv,normalized from outputs/tables/zoonotic_rank_family_reconstruction_audit.csv row 173; unit=released dataset row,RAW0027630,NC_022580.1,,Drosophila obscura sigmavirus,Drosophila obscura sigmavirus,Rhabdoviridae,Rhabdoviridae,ICTV 2026 (MSL41.v1),exact_current_family_from_author_figure_table,high,1,independent_source_verified
Zoonotic rank model,SCLIN0027631,input_original/manual_downloads/ZoonoticRankModel/FinalData_Cleaned.csv,normalized from outputs/tables/zoonotic_rank_family_reconstruction_audit.csv row 176; unit=released dataset row,RAW0027631,NC_020810.1,,Duvenhage lyssavirus,Duvenhage lyssavirus,Rhabdoviridae,Rhabdoviridae,ICTV 2026 (MSL41.v1),exact_current_family_from_author_figure_table,high,1,independent_source_verified
Zoonotic rank model,SCLIN0027632,input_original/manual_downloads/ZoonoticRankModel/FinalData_Cleaned.csv,normalized from outputs/tables/zoonotic_rank_family_reconstruction_audit.csv row 179; unit=released dataset row,RAW0027632,NC_025389.1,,Eggplant mottled dwarf nucleorhabdovirus,Eggplant mottled dwarf nucleorhabdovirus,Rhabdoviridae,Rhabdoviridae,ICTV 2026 (MSL41.v1),exact_current_family_from_author_figure_table,high,1,independent_source_verified
Zoonotic rank model,SCLIN0027633,input_original/manual_downloads/ZoonoticRankModel/FinalData_Cleaned.csv,normalized from outputs/tables/zoonotic_rank_family_reconstruction_audit.csv row 209; unit=released dataset row,RAW0027633,NC_009527.1,,European bat 1 lyssavirus,European bat 1 lyssavirus,Rhabdoviridae,Rhabdoviridae,ICTV 2026 (MSL41.v1),exact_current_family_from_author_figure_table,high,1,independent_source_verified
Zoonotic rank model,SCLIN0027634,input_original/manual_downloads/ZoonoticRankModel/FinalData_Cleaned.csv,normalized from outputs/tables/zoonotic_rank_family_reconstruction_audit.csv row 210; unit=released dataset row,RAW0027634,NC_009528.2,,European bat 2 lyssavirus,European bat 2 lyssavirus,Rhabdoviridae,Rhabdoviridae,ICTV 2026 (MSL41.v1),exact_current_family_from_author_figure_table,high,1,independent_source_verified
Zoonotic rank model,SCLIN0027635,input_original/manual_downloads/ZoonoticRankModel/FinalData_Cleaned.csv,normalized from outputs/tables/zoonotic_rank_family_reconstruction_audit.csv row 221; unit=released dataset row,RAW0027635,NC_025341.1,,Fikirini ledantevirus,Fikirini ledantevirus,Rhabdoviridae,Rhabdoviridae,ICTV 2026 (MSL41.v1),exact_current_family_from_author_figure_table,high,1,independent_source_verified
Zoonotic rank model,SCLIN0027636,input_original/manual_downloads/ZoonoticRankModel/FinalData_Cleaned.csv,normalized from outputs/tables/zoonotic_rank_family_reconstruction_audit.csv row 253; unit=released dataset row,RAW0027636,NC_005093.1,,Hirame novirhabdovirus,Hirame novirhabdovirus,Rhabdoviridae,Rhabdoviridae,ICTV 2026 (MSL41.v1),exact_current_family_from_author_figure_table,high,1,independent_source_verified
Zoonotic rank model,SCLIN0027637,input_original/manual_downloads/ZoonoticRankModel/FinalData_Cleaned.csv,normalized from outputs/tables/zoonotic_rank_family_reconstruction_audit.csv row 281; unit=released dataset row,RAW0027637,NC_018629.1,,Ikoma lyssavirus,Ikoma lyssavirus,Rhabdoviridae,Rhabdoviridae,ICTV 2026 (MSL41.v1),exact_current_family_from_author_figure_table,high,1,independent_source_verified
Zoonotic rank model,SCLIN0027638,input_original/manual_downloads/ZoonoticRankModel/FinalData_Cleaned.csv,normalized from outputs/tables/zoonotic_rank_family_reconstruction_audit.csv row 283; unit=released dataset row,RAW0027638,NC_038236.1,,Indiana vesiculovirus,Indiana vesiculovirus,Rhabdoviridae,Rhabdoviridae,ICTV 2026 (MSL41.v1),exact_current_family_from_author_figure_table,high,1,independent_source_verified
Zoonotic rank model,SCLIN0027639,input_original/manual_downloads/ZoonoticRankModel/FinalData_Cleaned.csv,normalized from outputs/tables/zoonotic_rank_family_reconstruction_audit.csv row 289; unit=released dataset row,RAW0027639,NC_020809.1,,Irkut lyssavirus,Irkut lyssavirus,Rhabdoviridae,Rhabdoviridae,ICTV 2026 (MSL41.v1),exact_current_family_from_author_figure_table,high,1,independent_source_verified
Zoonotic rank model,SCLIN0027640,input_original/manual_downloads/ZoonoticRankModel/FinalData_Cleaned.csv,normalized from outputs/tables/zoonotic_rank_family_reconstruction_audit.csv row 290; unit=released dataset row,RAW0027640,NC_020806.1,,Isfahan vesiculovirus,Isfahan vesiculovirus,Rhabdoviridae,Rhabdoviridae,ICTV 2026 (MSL41.v1),exact_current_family_from_author_figure_table,high,1,independent_source_verified
Zoonotic rank model,SCLIN0027641,input_original/manual_downloads/ZoonoticRankModel/FinalData_Cleaned.csv,normalized from outputs/tables/zoonotic_rank_family_reconstruction_audit.csv row 296; unit=released dataset row,RAW0027641,NC_025392.1,,Jurona vesiculovirus,Jurona vesiculovirus,Rhabdoviridae,Rhabdoviridae,ICTV 2026 (MSL41.v1),exact_current_family_from_author_figure_table,high,1,independent_source_verified
Zoonotic rank model,SCLIN0027642,input_original/manual_downloads/ZoonoticRankModel/FinalData_Cleaned.csv,normalized from outputs/tables/zoonotic_rank_family_reconstruction_audit.csv row 304; unit=released dataset row,RAW0027642,NC_034451.1,,Kern Canyon ledantevirus,Kern Canyon ledantevirus,Rhabdoviridae,Rhabdoviridae,ICTV 2026 (MSL41.v1),exact_current_family_from_author_figure_table,high,1,independent_source_verified
Zoonotic rank model,SCLIN0027643,input_original/manual_downloads/ZoonoticRankModel/FinalData_Cleaned.csv,normalized from outputs/tables/zoonotic_rank_family_reconstruction_audit.csv row 305; unit=released dataset row,RAW0027643,NC_034540.1,,Keuraliba ledantevirus,Keuraliba ledantevirus,Rhabdoviridae,Rhabdoviridae,ICTV 2026 (MSL41.v1),exact_current_family_from_author_figure_table,high,1,independent_source_verified
Zoonotic rank model,SCLIN0027644,input_original/manual_downloads/ZoonoticRankModel/FinalData_Cleaned.csv,normalized from outputs/tables/zoonotic_rank_family_reconstruction_audit.csv row 307; unit=released dataset row,RAW0027644,NC_025385.1,,Khujand lyssavirus,Khujand lyssavirus,Rhabdoviridae,Rhabdoviridae,ICTV 2026 (MSL41.v1),exact_current_family_from_author_figure_table,high,1,independent_source_verified
Zoonotic rank model,SCLIN0027645,input_original/manual_downloads/ZoonoticRankModel/FinalData_Cleaned.csv,normalized from outputs/tables/zoonotic_rank_family_reconstruction_audit.csv row 308; unit=released dataset row,RAW0027645,NC_025396.1,,Kimberley ephemerovirus,Kimberley ephemerovirus,Rhabdoviridae,Rhabdoviridae,ICTV 2026 (MSL41.v1),exact_current_family_from_author_figure_table,high,1,independent_source_verified
Zoonotic rank model,SCLIN0027646,input_original/manual_downloads/ZoonoticRankModel/FinalData_Cleaned.csv,normalized from outputs/tables/zoonotic_rank_family_reconstruction_audit.csv row 310; unit=released dataset row,RAW0027646,NC_025342.1,,Kolente ledantevirus,Kolente ledantevirus,Rhabdoviridae,Rhabdoviridae,ICTV 2026 (MSL41.v1),exact_current_family_from_author_figure_table,high,1,independent_source_verified
Zoonotic rank model,SCLIN0027647,input_original/manual_downloads/ZoonoticRankModel/FinalData_Cleaned.csv,normalized from outputs/tables/zoonotic_rank_family_reconstruction_audit.csv row 312; unit=released dataset row,RAW0027647,NC_017714.1,,Kotonkan ephemerovirus,Kotonkan ephemerovirus,Rhabdoviridae,Rhabdoviridae,ICTV 2026 (MSL41.v1),exact_current_family_from_author_figure_table,high,1,independent_source_verified
Zoonotic rank model,SCLIN0027648,input_original/manual_downloads/ZoonoticRankModel/FinalData_Cleaned.csv,normalized from outputs/tables/zoonotic_rank_family_reconstruction_audit.csv row 316; unit=released dataset row,RAW0027648,NC_020807.1,,Lagos bat lyssavirus,Lagos bat lyssavirus,Rhabdoviridae,Rhabdoviridae,ICTV 2026 (MSL41.v1),exact_current_family_from_author_figure_table,high,1,independent_source_verified
Zoonotic rank model,SCLIN0027649,input_original/manual_downloads/ZoonoticRankModel/FinalData_Cleaned.csv,normalized from outputs/tables/zoonotic_rank_family_reconstruction_audit.csv row 324; unit=released dataset row,RAW0027649,NC_007642.1,,Lettuce necrotic yellows cytorhabdovirus,Lettuce necrotic yellows cytorhabdovirus,Rhabdoviridae,Rhabdoviridae,ICTV 2026 (MSL41.v1),exact_current_family_from_author_figure_table,high,1,independent_source_verified
Zoonotic rank model,SCLIN0027650,input_original/manual_downloads/ZoonoticRankModel/FinalData_Cleaned.csv,normalized from outputs/tables/zoonotic_rank_family_reconstruction_audit.csv row 325; unit=released dataset row,RAW0027650,NC_011532.1,,Lettuce yellow mottle cytorhabdovirus,Lettuce yellow mottle cytorhabdovirus,Rhabdoviridae,Rhabdoviridae,ICTV 2026 (MSL41.v1),exact_current_family_from_author_figure_table,high,1,independent_source_verified
Zoonotic rank model,SCLIN0027651,input_original/manual_downloads/ZoonoticRankModel/FinalData_Cleaned.csv,normalized from outputs/tables/zoonotic_rank_family_reconstruction_audit.csv row 33; unit=released dataset row,RAW0027651,NC_022755.1,,American bat vesiculovirus,American bat vesiculovirus,Rhabdoviridae,Rhabdoviridae,ICTV 2026 (MSL41.v1),exact_current_family_from_author_figure_table,high,1,independent_source_verified
Zoonotic rank model,SCLIN0027652,input_original/manual_downloads/ZoonoticRankModel/FinalData_Cleaned.csv,normalized from outputs/tables/zoonotic_rank_family_reconstruction_audit.csv row 347; unit=released dataset row,RAW0027652,NC_005974.1,,Maize fine streak nucleorhabdovirus,Maize fine streak nucleorhabdovirus,Rhabdoviridae,Rhabdoviridae,ICTV 2026 (MSL41.v1),exact_current_family_from_author_figure_table,high,1,independent_source_verified
Zoonotic rank model,SCLIN0027653,input_original/manual_downloads/ZoonoticRankModel/FinalData_Cleaned.csv,normalized from outputs/tables/zoonotic_rank_family_reconstruction_audit.csv row 348; unit=released dataset row,RAW0027653,NC_036390.1,,Maize Iranian mosaic nucleorhabdovirus,Maize Iranian mosaic nucleorhabdovirus,Rhabdoviridae,Rhabdoviridae,ICTV 2026 (MSL41.v1),exact_current_family_from_author_figure_table,high,1,independent_source_verified
Zoonotic rank model,SCLIN0027654,input_original/manual_downloads/ZoonoticRankModel/FinalData_Cleaned.csv,normalized from outputs/tables/zoonotic_rank_family_reconstruction_audit.csv row 349; unit=released dataset row,RAW0027654,NC_005975.1,,Maize mosaic nucleorhabdovirus,Maize mosaic nucleorhabdovirus,Rhabdoviridae,Rhabdoviridae,ICTV 2026 (MSL41.v1),exact_current_family_from_author_figure_table,high,1,independent_source_verified
Zoonotic rank model,SCLIN0027655,input_original/manual_downloads/ZoonoticRankModel/FinalData_Cleaned.csv,normalized from outputs/tables/zoonotic_rank_family_reconstruction_audit.csv row 350; unit=released dataset row,RAW0027655,NC_025364.1,,Malpais Spring vesiculovirus,Malpais Spring vesiculovirus,Rhabdoviridae,Rhabdoviridae,ICTV 2026 (MSL41.v1),exact_current_family_from_author_figure_table,high,1,independent_source_verified
Zoonotic rank model,SCLIN0027656,input_original/manual_downloads/ZoonoticRankModel/FinalData_Cleaned.csv,normalized from outputs/tables/zoonotic_rank_family_reconstruction_audit.csv row 35; unit=released dataset row,RAW0027656,NC_022581.1,,Anguillid perhabdovirus,Anguillid perhabdovirus,Rhabdoviridae,Rhabdoviridae,ICTV 2026 (MSL41.v1),exact_current_family_from_author_figure_table,high,1,independent_source_verified
Zoonotic rank model,SCLIN0027657,input_original/manual_downloads/ZoonoticRankModel/FinalData_Cleaned.csv,normalized from outputs/tables/zoonotic_rank_family_reconstruction_audit.csv row 362; unit=released dataset row,RAW0027657,NC_025255.1,,Maraba vesiculovirus,Maraba vesiculovirus,Rhabdoviridae,Rhabdoviridae,ICTV 2026 (MSL41.v1),exact_current_family_from_author_figure_table,high,1,independent_source_verified
Zoonotic rank model,SCLIN0027658,input_original/manual_downloads/ZoonoticRankModel/FinalData_Cleaned.csv,normalized from outputs/tables/zoonotic_rank_family_reconstruction_audit.csv row 379; unit=released dataset row,RAW0027658,NC_006429.1,,Mokola lyssavirus,Mokola lyssavirus,Rhabdoviridae,Rhabdoviridae,ICTV 2026 (MSL41.v1),exact_current_family_from_author_figure_table,high,1,independent_source_verified
Zoonotic rank model,SCLIN0027659,input_original/manual_downloads/ZoonoticRankModel/FinalData_Cleaned.csv,normalized from outputs/tables/zoonotic_rank_family_reconstruction_audit.csv row 386; unit=released dataset row,RAW0027659,NC_034545.1,,Mount Elgon bat ledantevirus,Mount Elgon bat ledantevirus,Rhabdoviridae,Rhabdoviridae,ICTV 2026 (MSL41.v1),exact_current_family_from_author_figure_table,high,1,independent_source_verified
Zoonotic rank model,SCLIN0027660,input_original/manual_downloads/ZoonoticRankModel/FinalData_Cleaned.csv,normalized from outputs/tables/zoonotic_rank_family_reconstruction_audit.csv row 388; unit=released dataset row,RAW0027660,NC_025359.1,,Moussa virus,Moussa virus,Rhabdoviridae,Rhabdoviridae,ICTV 2026 (MSL41.v1),exact_current_family_from_author_figure_table,high,1,independent_source_verified
Zoonotic rank model,SCLIN0027661,input_original/manual_downloads/ZoonoticRankModel/FinalData_Cleaned.csv,normalized from outputs/tables/zoonotic_rank_family_reconstruction_audit.csv row 40; unit=released dataset row,RAW0027661,NC_020808.1,,Aravan lyssavirus,Aravan lyssavirus,Rhabdoviridae,Rhabdoviridae,ICTV 2026 (MSL41.v1),exact_current_family_from_author_figure_table,high,1,independent_source_verified
Zoonotic rank model,SCLIN0027662,input_original/manual_downloads/ZoonoticRankModel/FinalData_Cleaned.csv,normalized from outputs/tables/zoonotic_rank_family_reconstruction_audit.csv row 410; unit=released dataset row,RAW0027662,NC_024473.1,,New Jersey vesiculovirus,New Jersey vesiculovirus,Rhabdoviridae,Rhabdoviridae,ICTV 2026 (MSL41.v1),exact_current_family_from_author_figure_table,high,1,independent_source_verified
Zoonotic rank model,SCLIN0027663,input_original/manual_downloads/ZoonoticRankModel/FinalData_Cleaned.csv,normalized from outputs/tables/zoonotic_rank_family_reconstruction_audit.csv row 412; unit=released dataset row,RAW0027663,NC_013955.1,,Ngaingan hapavirus,Ngaingan hapavirus,Rhabdoviridae,Rhabdoviridae,ICTV 2026 (MSL41.v1),exact_current_family_from_author_figure_table,high,1,independent_source_verified
Zoonotic rank model,SCLIN0027664,input_original/manual_downloads/ZoonoticRankModel/FinalData_Cleaned.csv,normalized from outputs/tables/zoonotic_rank_family_reconstruction_audit.csv row 413; unit=released dataset row,RAW0027664,NC_025405.1,,Niakha sripuvirus,Niakha sripuvirus,Rhabdoviridae,Rhabdoviridae,ICTV 2026 (MSL41.v1),exact_current_family_from_author_figure_table,high,1,independent_source_verified
Zoonotic rank model,SCLIN0027665,input_original/manual_downloads/ZoonoticRankModel/FinalData_Cleaned.csv,normalized from outputs/tables/zoonotic_rank_family_reconstruction_audit.csv row 416; unit=released dataset row,RAW0027665,NC_002251.1,,Northern cereal mosaic cytorhabdovirus,Northern cereal mosaic cytorhabdovirus,Rhabdoviridae,Rhabdoviridae,ICTV 2026 (MSL41.v1),exact_current_family_from_author_figure_table,high,1,independent_source_verified
Zoonotic rank model,SCLIN0027666,input_original/manual_downloads/ZoonoticRankModel/FinalData_Cleaned.csv,normalized from outputs/tables/zoonotic_rank_family_reconstruction_audit.csv row 41; unit=released dataset row,RAW0027666,NC_025393.1,,Arboretum almendravirus,Arboretum almendravirus,Rhabdoviridae,Rhabdoviridae,ICTV 2026 (MSL41.v1),exact_current_family_from_author_figure_table,high,1,independent_source_verified
Zoonotic rank model,SCLIN0027667,input_original/manual_downloads/ZoonoticRankModel/FinalData_Cleaned.csv,normalized from outputs/tables/zoonotic_rank_family_reconstruction_audit.csv row 422; unit=released dataset row,RAW0027667,NC_017685.1,,Obodhiang ephemerovirus,Obodhiang ephemerovirus,Rhabdoviridae,Rhabdoviridae,ICTV 2026 (MSL41.v1),exact_current_family_from_author_figure_table,high,1,independent_source_verified
Zoonotic rank model,SCLIN0027668,input_original/manual_downloads/ZoonoticRankModel/FinalData_Cleaned.csv,normalized from outputs/tables/zoonotic_rank_family_reconstruction_audit.csv row 423; unit=released dataset row,RAW0027668,NC_034548.1,,Oita ledantevirus,Oita ledantevirus,Rhabdoviridae,Rhabdoviridae,ICTV 2026 (MSL41.v1),exact_current_family_from_author_figure_table,high,1,independent_source_verified
Zoonotic rank model,SCLIN0027669,input_original/manual_downloads/ZoonoticRankModel/FinalData_Cleaned.csv,normalized from outputs/tables/zoonotic_rank_family_reconstruction_audit.csv row 453; unit=released dataset row,RAW0027669,NC_020803.1,,Perch perhabdovirus,Perch perhabdovirus,Rhabdoviridae,Rhabdoviridae,ICTV 2026 (MSL41.v1),exact_current_family_from_author_figure_table,high,1,independent_source_verified
Zoonotic rank model,SCLIN0027670,input_original/manual_downloads/ZoonoticRankModel/FinalData_Cleaned.csv,normalized from outputs/tables/zoonotic_rank_family_reconstruction_audit.csv row 454; unit=released dataset row,RAW0027670,NC_025394.1,,Perinet vesiculovirus,Perinet vesiculovirus,Rhabdoviridae,Rhabdoviridae,ICTV 2026 (MSL41.v1),exact_current_family_from_author_figure_table,high,1,independent_source_verified
Zoonotic rank model,SCLIN0027671,input_original/manual_downloads/ZoonoticRankModel/FinalData_Cleaned.csv,normalized from outputs/tables/zoonotic_rank_family_reconstruction_audit.csv row 45; unit=released dataset row,RAW0027671,NC_003243.1,,Australian bat lyssavirus,Australian bat lyssavirus,Rhabdoviridae,Rhabdoviridae,ICTV 2026 (MSL41.v1),exact_current_family_from_author_figure_table,high,1,independent_source_verified
Zoonotic rank model,SCLIN0027672,input_original/manual_downloads/ZoonoticRankModel/FinalData_Cleaned.csv,normalized from outputs/tables/zoonotic_rank_family_reconstruction_audit.csv row 463; unit=released dataset row,RAW0027672,KU178986.1,,Piry vesiculovirus,Piry vesiculovirus,Rhabdoviridae,Rhabdoviridae,ICTV 2026 (MSL41.v1),exact_current_family_from_author_figure_table,high,1,independent_source_verified
Zoonotic rank model,SCLIN0027673,input_original/manual_downloads/ZoonoticRankModel/FinalData_Cleaned.csv,normalized from outputs/tables/zoonotic_rank_family_reconstruction_audit.csv row 465; unit=released dataset row,RAW0027673,NC_000855.1,,Piscine novirhabdovirus,Piscine novirhabdovirus,Rhabdoviridae,Rhabdoviridae,ICTV 2026 (MSL41.v1),exact_current_family_from_author_figure_table,high,1,independent_source_verified
Zoonotic rank model,SCLIN0027674,input_original/manual_downloads/ZoonoticRankModel/FinalData_Cleaned.csv,normalized from outputs/tables/zoonotic_rank_family_reconstruction_audit.csv row 479; unit=released dataset row,RAW0027674,NC_016136.1,,Potato yellow dwarf nucleorhabdovirus,Potato yellow dwarf nucleorhabdovirus,Rhabdoviridae,Rhabdoviridae,ICTV 2026 (MSL41.v1),exact_current_family_from_author_figure_table,high,1,independent_source_verified
Zoonotic rank model,SCLIN0027675,input_original/manual_downloads/ZoonoticRankModel/FinalData_Cleaned.csv,normalized from outputs/tables/zoonotic_rank_family_reconstruction_audit.csv row 491; unit=released dataset row,RAW0027675,NC_025395.1,,Puerto Almendras almendravirus,Puerto Almendras almendravirus,Rhabdoviridae,Rhabdoviridae,ICTV 2026 (MSL41.v1),exact_current_family_from_author_figure_table,high,1,independent_source_verified
Zoonotic rank model,SCLIN0027676,input_original/manual_downloads/ZoonoticRankModel/FinalData_Cleaned.csv,normalized from outputs/tables/zoonotic_rank_family_reconstruction_audit.csv row 499; unit=released dataset row,RAW0027676,KF155002.1,,Rabies lyssavirus,Rabies lyssavirus,Rhabdoviridae,Rhabdoviridae,ICTV 2026 (MSL41.v1),exact_current_family_from_author_figure_table,high,1,independent_source_verified
Zoonotic rank model,SCLIN0027677,input_original/manual_downloads/ZoonoticRankModel/FinalData_Cleaned.csv,normalized from outputs/tables/zoonotic_rank_family_reconstruction_audit.csv row 4; unit=released dataset row,RAW0027677,NC_028246.1,,Adelaide River ephemerovirus,Adelaide River ephemerovirus,Rhabdoviridae,Rhabdoviridae,ICTV 2026 (MSL41.v1),exact_current_family_from_author_figure_table,high,1,independent_source_verified
Zoonotic rank model,SCLIN0027678,input_original/manual_downloads/ZoonoticRankModel/FinalData_Cleaned.csv,normalized from outputs/tables/zoonotic_rank_family_reconstruction_audit.csv row 508; unit=released dataset row,RAW0027678,NC_003746.1,,Rice yellow stunt nucleorhabdovirus,Rice yellow stunt nucleorhabdovirus,Rhabdoviridae,Rhabdoviridae,ICTV 2026 (MSL41.v1),exact_current_family_from_author_figure_table,high,1,independent_source_verified
Zoonotic rank model,SCLIN0027679,input_original/manual_downloads/ZoonoticRankModel/FinalData_Cleaned.csv,normalized from outputs/tables/zoonotic_rank_family_reconstruction_audit.csv row 533; unit=released dataset row,RAW0027679,NC_001652.1,,Salmonid novirhabdovirus,Salmonid novirhabdovirus,Rhabdoviridae,Rhabdoviridae,ICTV 2026 (MSL41.v1),exact_current_family_from_author_figure_table,high,1,independent_source_verified
Zoonotic rank model,SCLIN0027680,input_original/manual_downloads/ZoonoticRankModel/FinalData_Cleaned.csv,normalized from outputs/tables/zoonotic_rank_family_reconstruction_audit.csv row 545; unit=released dataset row,RAW0027680,NC_025365.1,,Shimoni bat lyssavirus,Shimoni bat lyssavirus,Rhabdoviridae,Rhabdoviridae,ICTV 2026 (MSL41.v1),exact_current_family_from_author_figure_table,high,1,independent_source_verified
Zoonotic rank model,SCLIN0027681,input_original/manual_downloads/ZoonoticRankModel/FinalData_Cleaned.csv,normalized from outputs/tables/zoonotic_rank_family_reconstruction_audit.csv row 556; unit=released dataset row,RAW0027681,NC_000903.1,,Snakehead novirhabdovirus,Snakehead novirhabdovirus,Rhabdoviridae,Rhabdoviridae,ICTV 2026 (MSL41.v1),exact_current_family_from_author_figure_table,high,1,independent_source_verified
Zoonotic rank model,SCLIN0027682,input_original/manual_downloads/ZoonoticRankModel/FinalData_Cleaned.csv,normalized from outputs/tables/zoonotic_rank_family_reconstruction_audit.csv row 557; unit=released dataset row,RAW0027682,NC_001615.3,,Sonchus yellow net nucleorhabdovirus,Sonchus yellow net nucleorhabdovirus,Rhabdoviridae,Rhabdoviridae,ICTV 2026 (MSL41.v1),exact_current_family_from_author_figure_table,high,1,independent_source_verified
Zoonotic rank model,SCLIN0027683,input_original/manual_downloads/ZoonoticRankModel/FinalData_Cleaned.csv,normalized from outputs/tables/zoonotic_rank_family_reconstruction_audit.csv row 571; unit=released dataset row,RAW0027683,NC_006942.1,,Taro vein chlorosis nucleorhabdovirus,Taro vein chlorosis nucleorhabdovirus,Rhabdoviridae,Rhabdoviridae,ICTV 2026 (MSL41.v1),exact_current_family_from_author_figure_table,high,1,independent_source_verified
Zoonotic rank model,SCLIN0027684,input_original/manual_downloads/ZoonoticRankModel/FinalData_Cleaned.csv,normalized from outputs/tables/zoonotic_rank_family_reconstruction_audit.csv row 574; unit=released dataset row,RAW0027684,NC_025371.1,,Pike fry sprivivirus,Pike fry sprivivirus,Rhabdoviridae,Rhabdoviridae,ICTV 2026 (MSL41.v1),exact_current_family_from_author_figure_table,high,1,independent_source_verified
Zoonotic rank model,SCLIN0027685,input_original/manual_downloads/ZoonoticRankModel/FinalData_Cleaned.csv,normalized from outputs/tables/zoonotic_rank_family_reconstruction_audit.csv row 580; unit=released dataset row,RAW0027685,NC_020804.1,,Tibrogargan tibrovirus,Tibrogargan tibrovirus,Rhabdoviridae,Rhabdoviridae,ICTV 2026 (MSL41.v1),exact_current_family_from_author_figure_table,high,1,independent_source_verified
Zoonotic rank model,SCLIN0027686,input_original/manual_downloads/ZoonoticRankModel/FinalData_Cleaned.csv,normalized from outputs/tables/zoonotic_rank_family_reconstruction_audit.csv row 590; unit=released dataset row,RAW0027686,NC_007020.1,,Tupaia tupavirus,Tupaia tupavirus,Rhabdoviridae,Rhabdoviridae,ICTV 2026 (MSL41.v1),exact_current_family_from_author_figure_table,high,1,independent_source_verified
Zoonotic rank model,SCLIN0027687,input_original/manual_downloads/ZoonoticRankModel/FinalData_Cleaned.csv,normalized from outputs/tables/zoonotic_rank_family_reconstruction_audit.csv row 610; unit=released dataset row,RAW0027687,NC_025377.1,,West Caucasian bat lyssavirus,West Caucasian bat lyssavirus,Rhabdoviridae,Rhabdoviridae,ICTV 2026 (MSL41.v1),exact_current_family_from_author_figure_table,high,1,independent_source_verified
Zoonotic rank model,SCLIN0027688,input_original/manual_downloads/ZoonoticRankModel/FinalData_Cleaned.csv,normalized from outputs/tables/zoonotic_rank_family_reconstruction_audit.csv row 618; unit=released dataset row,RAW0027688,NC_011639.1,,Wongabel hapavirus,Wongabel hapavirus,Rhabdoviridae,Rhabdoviridae,ICTV 2026 (MSL41.v1),exact_current_family_from_author_figure_table,high,1,independent_source_verified
Zoonotic rank model,SCLIN0027689,input_original/manual_downloads/ZoonoticRankModel/FinalData_Cleaned.csv,normalized from outputs/tables/zoonotic_rank_family_reconstruction_audit.csv row 626; unit=released dataset row,RAW0027689,NC_025378.1,,Yug Bogdanovac vesiculovirus,Yug Bogdanovac vesiculovirus,Rhabdoviridae,Rhabdoviridae,ICTV 2026 (MSL41.v1),exact_current_family_from_author_figure_table,high,1,independent_source_verified
Zoonotic rank model,SCLIN0027690,input_original/manual_downloads/ZoonoticRankModel/FinalData_Cleaned.csv,normalized from outputs/tables/zoonotic_rank_family_reconstruction_audit.csv row 632; unit=released dataset row,RAW0027690,NC_038282.1,,Ekpoma 1 tibrovirus,Ekpoma 1 tibrovirus,Rhabdoviridae,Rhabdoviridae,ICTV 2026 (MSL41.v1),exact_current_family_from_author_figure_table,high,1,independent_source_verified
Zoonotic rank model,SCLIN0027691,input_original/manual_downloads/ZoonoticRankModel/FinalData_Cleaned.csv,normalized from outputs/tables/zoonotic_rank_family_reconstruction_audit.csv row 633; unit=released dataset row,RAW0027691,NC_038283.1,,Ekpoma 2 tibrovirus,Ekpoma 2 tibrovirus,Rhabdoviridae,Rhabdoviridae,ICTV 2026 (MSL41.v1),exact_current_family_from_author_figure_table,high,1,independent_source_verified
Zoonotic rank model,SCLIN0027692,input_original/manual_downloads/ZoonoticRankModel/FinalData_Cleaned.csv,normalized from outputs/tables/zoonotic_rank_family_reconstruction_audit.csv row 644; unit=released dataset row,RAW0027692,NC_028237.2,,Alfalfa dwarf cytorhabdovirus,Alfalfa dwarf cytorhabdovirus,Rhabdoviridae,Rhabdoviridae,ICTV 2026 (MSL41.v1),exact_current_family_from_author_figure_table,high,1,independent_source_verified
Zoonotic rank model,SCLIN0027693,input_original/manual_downloads/ZoonoticRankModel/FinalData_Cleaned.csv,normalized from outputs/tables/zoonotic_rank_family_reconstruction_audit.csv row 662; unit=released dataset row,RAW0027693,NC_028244.1,,Barley yellow striate mosaic cytorhabdovirus,Barley yellow striate mosaic cytorhabdovirus,Rhabdoviridae,Rhabdoviridae,ICTV 2026 (MSL41.v1),exact_current_family_from_author_figure_table,high,1,independent_source_verified
Zoonotic rank model,SCLIN0027694,input_original/manual_downloads/ZoonoticRankModel/FinalData_Cleaned.csv,normalized from outputs/tables/zoonotic_rank_family_reconstruction_audit.csv row 677; unit=released dataset row,RAW0027694,NC_038285.1,,Carajas vesiculovirus,Carajas vesiculovirus,Rhabdoviridae,Rhabdoviridae,ICTV 2026 (MSL41.v1),exact_current_family_from_author_figure_table,high,1,independent_source_verified
Zoonotic rank model,SCLIN0027695,input_original/manual_downloads/ZoonoticRankModel/FinalData_Cleaned.csv,normalized from outputs/tables/zoonotic_rank_family_reconstruction_audit.csv row 679; unit=released dataset row,RAW0027695,NC_034550.1,,Chaco sripuvirus,Chaco sripuvirus,Rhabdoviridae,Rhabdoviridae,ICTV 2026 (MSL41.v1),exact_current_family_from_author_figure_table,high,1,independent_source_verified
Zoonotic rank model,SCLIN0027696,input_original/manual_downloads/ZoonoticRankModel/FinalData_Cleaned.csv,normalized from outputs/tables/zoonotic_rank_family_reconstruction_audit.csv row 683; unit=released dataset row,RAW0027696,NC_038756.1; NC_038755.1,,Coffee ringspot dichorhavirus,Coffee ringspot dichorhavirus,Rhabdoviridae,Rhabdoviridae,ICTV 2026 (MSL41.v1),exact_current_family_from_author_figure_table,high,1,independent_source_verified
Zoonotic rank model,SCLIN0027697,input_original/manual_downloads/ZoonoticRankModel/FinalData_Cleaned.csv,normalized from outputs/tables/zoonotic_rank_family_reconstruction_audit.csv row 684; unit=released dataset row,RAW0027697,NC_034551.1,,Colocasia bobone disease-associated cytorhabdovirus,Colocasia bobone disease-associated cytorhabdovirus,Rhabdoviridae,Rhabdoviridae,ICTV 2026 (MSL41.v1),exact_current_family_from_author_figure_table,high,1,independent_source_verified
Zoonotic rank model,SCLIN0027698,input_original/manual_downloads/ZoonoticRankModel/FinalData_Cleaned.csv,normalized from outputs/tables/zoonotic_rank_family_reconstruction_audit.csv row 698; unit=released dataset row,RAW0027698,NC_028231.1,,Datura yellow vein nucleorhabdovirus,Datura yellow vein nucleorhabdovirus,Rhabdoviridae,Rhabdoviridae,ICTV 2026 (MSL41.v1),exact_current_family_from_author_figure_table,high,1,independent_source_verified
Zoonotic rank model,SCLIN0027699,input_original/manual_downloads/ZoonoticRankModel/FinalData_Cleaned.csv,normalized from outputs/tables/zoonotic_rank_family_reconstruction_audit.csv row 700; unit=released dataset row,RAW0027699,NC_038278.1,,Drosophila affinis sigmavirus,Drosophila affinis sigmavirus,Rhabdoviridae,Rhabdoviridae,ICTV 2026 (MSL41.v1),exact_current_family_from_author_figure_table,high,1,independent_source_verified
Zoonotic rank model,SCLIN0027700,input_original/manual_downloads/ZoonoticRankModel/FinalData_Cleaned.csv,normalized from outputs/tables/zoonotic_rank_family_reconstruction_audit.csv row 701; unit=released dataset row,RAW0027700,NC_038279.1,,Drosophila ananassae sigmavirus,Drosophila ananassae sigmavirus,Rhabdoviridae,Rhabdoviridae,ICTV 2026 (MSL41.v1),exact_current_family_from_author_figure_table,high,1,independent_source_verified
Zoonotic rank model,SCLIN0027701,input_original/manual_downloads/ZoonoticRankModel/FinalData_Cleaned.csv,normalized from outputs/tables/zoonotic_rank_family_reconstruction_audit.csv row 702; unit=released dataset row,RAW0027701,NC_038280.1,,Drosophila immigrans sigmavirus,Drosophila immigrans sigmavirus,Rhabdoviridae,Rhabdoviridae,ICTV 2026 (MSL41.v1),exact_current_family_from_author_figure_table,high,1,independent_source_verified
Zoonotic rank model,SCLIN0027702,input_original/manual_downloads/ZoonoticRankModel/FinalData_Cleaned.csv,normalized from outputs/tables/zoonotic_rank_family_reconstruction_audit.csv row 704; unit=released dataset row,RAW0027702,NC_038284.1,,Durham tupavirus,Durham tupavirus,Rhabdoviridae,Rhabdoviridae,ICTV 2026 (MSL41.v1),exact_current_family_from_author_figure_table,high,1,independent_source_verified
Zoonotic rank model,SCLIN0027703,input_original/manual_downloads/ZoonoticRankModel/FinalData_Cleaned.csv,normalized from outputs/tables/zoonotic_rank_family_reconstruction_audit.csv row 715; unit=released dataset row,RAW0027703,NC_039202.1,,Flanders hapavirus,Flanders hapavirus,Rhabdoviridae,Rhabdoviridae,ICTV 2026 (MSL41.v1),exact_current_family_from_author_figure_table,high,1,independent_source_verified
Zoonotic rank model,SCLIN0027704,input_original/manual_downloads/ZoonoticRankModel/FinalData_Cleaned.csv,normalized from outputs/tables/zoonotic_rank_family_reconstruction_audit.csv row 719; unit=released dataset row,RAW0027704,NC_034454.1,,Fukuoka ledantevirus,Fukuoka ledantevirus,Rhabdoviridae,Rhabdoviridae,ICTV 2026 (MSL41.v1),exact_current_family_from_author_figure_table,high,1,independent_source_verified
Zoonotic rank model,SCLIN0027705,input_original/manual_downloads/ZoonoticRankModel/FinalData_Cleaned.csv,normalized from outputs/tables/zoonotic_rank_family_reconstruction_audit.csv row 724; unit=released dataset row,RAW0027705,NC_034541.1,,Gray Lodge hapavirus,Gray Lodge hapavirus,Rhabdoviridae,Rhabdoviridae,ICTV 2026 (MSL41.v1),exact_current_family_from_author_figure_table,high,1,independent_source_verified
Zoonotic rank model,SCLIN0027706,input_original/manual_downloads/ZoonoticRankModel/FinalData_Cleaned.csv,normalized from outputs/tables/zoonotic_rank_family_reconstruction_audit.csv row 726; unit=released dataset row,RAW0027706,NC_034447.1,,Hart Park hapavirus,Hart Park hapavirus,Rhabdoviridae,Rhabdoviridae,ICTV 2026 (MSL41.v1),exact_current_family_from_author_figure_table,high,1,independent_source_verified
Zoonotic rank model,SCLIN0027707,input_original/manual_downloads/ZoonoticRankModel/FinalData_Cleaned.csv,normalized from outputs/tables/zoonotic_rank_family_reconstruction_audit.csv row 72; unit=released dataset row,RAW0027707,NC_034535.1,,Barur ledantevirus,Barur ledantevirus,Rhabdoviridae,Rhabdoviridae,ICTV 2026 (MSL41.v1),exact_current_family_from_author_figure_table,high,1,independent_source_verified
Zoonotic rank model,SCLIN0027708,input_original/manual_downloads/ZoonoticRankModel/FinalData_Cleaned.csv,normalized from outputs/tables/zoonotic_rank_family_reconstruction_audit.csv row 73; unit=released dataset row,RAW0027708,JX297815.1,,Bas-Congo tibrovirus,Bas-Congo tibrovirus,,Rhabdoviridae,ICTV 2026 (MSL41.v1),exact_vmr_genbank_accession,high,1,independent_source_verified
Zoonotic rank model,SCLIN0027709,input_original/manual_downloads/ZoonoticRankModel/FinalData_Cleaned.csv,normalized from outputs/tables/zoonotic_rank_family_reconstruction_audit.csv row 757; unit=released dataset row,RAW0027709,NC_034544.1,,Iriri curiovirus,Iriri curiovirus,Rhabdoviridae,Rhabdoviridae,ICTV 2026 (MSL41.v1),exact_current_family_from_author_figure_table,high,1,independent_source_verified
Zoonotic rank model,SCLIN0027710,input_original/manual_downloads/ZoonoticRankModel/FinalData_Cleaned.csv,normalized from outputs/tables/zoonotic_rank_family_reconstruction_audit.csv row 759; unit=released dataset row,RAW0027710,NC_034536.1,,Itacaiunas curiovirus,Itacaiunas curiovirus,Rhabdoviridae,Rhabdoviridae,ICTV 2026 (MSL41.v1),exact_current_family_from_author_figure_table,high,1,independent_source_verified
Zoonotic rank model,SCLIN0027711,input_original/manual_downloads/ZoonoticRankModel/FinalData_Cleaned.csv,normalized from outputs/tables/zoonotic_rank_family_reconstruction_audit.csv row 763; unit=released dataset row,RAW0027711,NC_034538.1,,Joinjakaka hapavirus,Joinjakaka hapavirus,Rhabdoviridae,Rhabdoviridae,ICTV 2026 (MSL41.v1),exact_current_family_from_author_figure_table,high,1,independent_source_verified
Zoonotic rank model,SCLIN0027712,input_original/manual_downloads/ZoonoticRankModel/FinalData_Cleaned.csv,normalized from outputs/tables/zoonotic_rank_family_reconstruction_audit.csv row 767; unit=released dataset row,RAW0027712,NC_034450.1,,Kamese hapavirus,Kamese hapavirus,Rhabdoviridae,Rhabdoviridae,ICTV 2026 (MSL41.v1),exact_current_family_from_author_figure_table,high,1,independent_source_verified
Zoonotic rank model,SCLIN0027713,input_original/manual_downloads/ZoonoticRankModel/FinalData_Cleaned.csv,normalized from outputs/tables/zoonotic_rank_family_reconstruction_audit.csv row 774; unit=released dataset row,RAW0027713,NC_034549.1,,Klamath tupavirus,Klamath tupavirus,Rhabdoviridae,Rhabdoviridae,ICTV 2026 (MSL41.v1),exact_current_family_from_author_figure_table,high,1,independent_source_verified
Zoonotic rank model,SCLIN0027714,input_original/manual_downloads/ZoonoticRankModel/FinalData_Cleaned.csv,normalized from outputs/tables/zoonotic_rank_family_reconstruction_audit.csv row 776; unit=released dataset row,RAW0027714,NC_028239.1,,Koolpinyah ephemerovirus,Koolpinyah ephemerovirus,Rhabdoviridae,Rhabdoviridae,ICTV 2026 (MSL41.v1),exact_current_family_from_author_figure_table,high,1,independent_source_verified
Zoonotic rank model,SCLIN0027715,input_original/manual_downloads/ZoonoticRankModel/FinalData_Cleaned.csv,normalized from outputs/tables/zoonotic_rank_family_reconstruction_audit.csv row 777; unit=released dataset row,RAW0027715,NC_028236.1,,Kumasi ledantevirus,Kumasi ledantevirus,Rhabdoviridae,Rhabdoviridae,ICTV 2026 (MSL41.v1),exact_current_family_from_author_figure_table,high,1,independent_source_verified
Zoonotic rank model,SCLIN0027716,input_original/manual_downloads/ZoonoticRankModel/FinalData_Cleaned.csv,normalized from outputs/tables/zoonotic_rank_family_reconstruction_audit.csv row 779; unit=released dataset row,RAW0027716,NC_034537.1,,La Joya hapavirus,La Joya hapavirus,Rhabdoviridae,Rhabdoviridae,ICTV 2026 (MSL41.v1),exact_current_family_from_author_figure_table,high,1,independent_source_verified
Zoonotic rank model,SCLIN0027717,input_original/manual_downloads/ZoonoticRankModel/FinalData_Cleaned.csv,normalized from outputs/tables/zoonotic_rank_family_reconstruction_audit.csv row 781; unit=released dataset row,RAW0027717,NC_034533.1,,Landjia hapavirus,Landjia hapavirus,Rhabdoviridae,Rhabdoviridae,ICTV 2026 (MSL41.v1),exact_current_family_from_author_figure_table,high,1,independent_source_verified
Zoonotic rank model,SCLIN0027718,input_original/manual_downloads/ZoonoticRankModel/FinalData_Cleaned.csv,normalized from outputs/tables/zoonotic_rank_family_reconstruction_audit.csv row 782; unit=released dataset row,RAW0027718,NC_034443.1,,Le Dantec ledantevirus,Le Dantec ledantevirus,Rhabdoviridae,Rhabdoviridae,ICTV 2026 (MSL41.v1),exact_current_family_from_author_figure_table,high,1,independent_source_verified
Zoonotic rank model,SCLIN0027719,input_original/manual_downloads/ZoonoticRankModel/FinalData_Cleaned.csv,normalized from outputs/tables/zoonotic_rank_family_reconstruction_audit.csv row 783; unit=released dataset row,RAW0027719,NC_011558.1; NC_011568.1,,Lettuce big-vein associated varicosavirus,Lettuce big-vein associated varicosavirus,Rhabdoviridae,Rhabdoviridae,ICTV 2026 (MSL41.v1),exact_current_family_from_author_figure_table,high,1,independent_source_verified
Zoonotic rank model,SCLIN0027720,input_original/manual_downloads/ZoonoticRankModel/FinalData_Cleaned.csv,normalized from outputs/tables/zoonotic_rank_family_reconstruction_audit.csv row 803; unit=released dataset row,RAW0027720,NC_034531.1,,Manitoba hapavirus,Manitoba hapavirus,Rhabdoviridae,Rhabdoviridae,ICTV 2026 (MSL41.v1),exact_current_family_from_author_figure_table,high,1,independent_source_verified
Zoonotic rank model,SCLIN0027721,input_original/manual_downloads/ZoonoticRankModel/FinalData_Cleaned.csv,normalized from outputs/tables/zoonotic_rank_family_reconstruction_audit.csv row 805; unit=released dataset row,RAW0027721,NC_034530.1,,Marco hapavirus,Marco hapavirus,Rhabdoviridae,Rhabdoviridae,ICTV 2026 (MSL41.v1),exact_current_family_from_author_figure_table,high,1,independent_source_verified
Zoonotic rank model,SCLIN0027722,input_original/manual_downloads/ZoonoticRankModel/FinalData_Cleaned.csv,normalized from outputs/tables/zoonotic_rank_family_reconstruction_audit.csv row 80; unit=released dataset row,RAW0027722,NC_025358.1,,Berrimah ephemerovirus,Berrimah ephemerovirus,Rhabdoviridae,Rhabdoviridae,ICTV 2026 (MSL41.v1),exact_current_family_from_author_figure_table,high,1,independent_source_verified
Zoonotic rank model,SCLIN0027723,input_original/manual_downloads/ZoonoticRankModel/FinalData_Cleaned.csv,normalized from outputs/tables/zoonotic_rank_family_reconstruction_audit.csv row 814; unit=released dataset row,RAW0027723,NC_034508.1,,Morreton vesiculovirus,Morreton vesiculovirus,Rhabdoviridae,Rhabdoviridae,ICTV 2026 (MSL41.v1),exact_current_family_from_author_figure_table,high,1,independent_source_verified
Zoonotic rank model,SCLIN0027724,input_original/manual_downloads/ZoonoticRankModel/FinalData_Cleaned.csv,normalized from outputs/tables/zoonotic_rank_family_reconstruction_audit.csv row 816; unit=released dataset row,RAW0027724,NC_034448.1,,Mosqueiro hapavirus,Mosqueiro hapavirus,Rhabdoviridae,Rhabdoviridae,ICTV 2026 (MSL41.v1),exact_current_family_from_author_figure_table,high,1,independent_source_verified
Zoonotic rank model,SCLIN0027725,input_original/manual_downloads/ZoonoticRankModel/FinalData_Cleaned.csv,normalized from outputs/tables/zoonotic_rank_family_reconstruction_audit.csv row 817; unit=released dataset row,RAW0027725,NC_038275.1,,Mossuril hapavirus,Mossuril hapavirus,Rhabdoviridae,Rhabdoviridae,ICTV 2026 (MSL41.v1),exact_current_family_from_author_figure_table,high,1,independent_source_verified
Zoonotic rank model,SCLIN0027726,input_original/manual_downloads/ZoonoticRankModel/FinalData_Cleaned.csv,normalized from outputs/tables/zoonotic_rank_family_reconstruction_audit.csv row 824; unit=released dataset row,RAW0027726,NC_038276.1,,Nishimuro ledantevirus,Nishimuro ledantevirus,Rhabdoviridae,Rhabdoviridae,ICTV 2026 (MSL41.v1),exact_current_family_from_author_figure_table,high,1,independent_source_verified
Zoonotic rank model,SCLIN0027727,input_original/manual_downloads/ZoonoticRankModel/FinalData_Cleaned.csv,normalized from outputs/tables/zoonotic_rank_family_reconstruction_audit.csv row 825; unit=released dataset row,RAW0027727,NC_034539.1,,Nkolbisson ledantevirus,Nkolbisson ledantevirus,Rhabdoviridae,Rhabdoviridae,ICTV 2026 (MSL41.v1),exact_current_family_from_author_figure_table,high,1,independent_source_verified
Zoonotic rank model,SCLIN0027728,input_original/manual_downloads/ZoonoticRankModel/FinalData_Cleaned.csv,normalized from outputs/tables/zoonotic_rank_family_reconstruction_audit.csv row 829; unit=released dataset row,RAW0027728,NC_009608.1; NC_009609.1,,Orchid fleck dichorhavirus,Orchid fleck dichorhavirus,Rhabdoviridae,Rhabdoviridae,ICTV 2026 (MSL41.v1),exact_current_family_from_author_figure_table,high,1,independent_source_verified
Zoonotic rank model,SCLIN0027729,input_original/manual_downloads/ZoonoticRankModel/FinalData_Cleaned.csv,normalized from outputs/tables/zoonotic_rank_family_reconstruction_audit.csv row 830; unit=released dataset row,RAW0027729,NC_034543.1,,Ord River hapavirus,Ord River hapavirus,Rhabdoviridae,Rhabdoviridae,ICTV 2026 (MSL41.v1),exact_current_family_from_author_figure_table,high,1,independent_source_verified
Zoonotic rank model,SCLIN0027730,input_original/manual_downloads/ZoonoticRankModel/FinalData_Cleaned.csv,normalized from outputs/tables/zoonotic_rank_family_reconstruction_audit.csv row 834; unit=released dataset row,RAW0027730,NC_034449.1,,Parry Creek hapavirus,Parry Creek hapavirus,Rhabdoviridae,Rhabdoviridae,ICTV 2026 (MSL41.v1),exact_current_family_from_author_figure_table,high,1,independent_source_verified
Zoonotic rank model,SCLIN0027731,input_original/manual_downloads/ZoonoticRankModel/FinalData_Cleaned.csv,normalized from outputs/tables/zoonotic_rank_family_reconstruction_audit.csv row 856; unit=released dataset row,RAW0027731,NC_038287.1,,Radi vesiculovirus,Radi vesiculovirus,Rhabdoviridae,Rhabdoviridae,ICTV 2026 (MSL41.v1),exact_current_family_from_author_figure_table,high,1,independent_source_verified
Zoonotic rank model,SCLIN0027732,input_original/manual_downloads/ZoonoticRankModel/FinalData_Cleaned.csv,normalized from outputs/tables/zoonotic_rank_family_reconstruction_audit.csv row 867; unit=released dataset row,RAW0027732,NC_034534.1,,Rochambeau curiovirus,Rochambeau curiovirus,Rhabdoviridae,Rhabdoviridae,ICTV 2026 (MSL41.v1),exact_current_family_from_author_figure_table,high,1,independent_source_verified
Zoonotic rank model,SCLIN0027733,input_original/manual_downloads/ZoonoticRankModel/FinalData_Cleaned.csv,normalized from outputs/tables/zoonotic_rank_family_reconstruction_audit.csv row 878; unit=released dataset row,RAW0027733,NC_038277.1,,Sea trout perhabdovirus,Sea trout perhabdovirus,,Rhabdoviridae,ICTV 2026 (MSL41.v1),unique_current_ictv_genus_token,high,1,independent_source_verified
Zoonotic rank model,SCLIN0027734,input_original/manual_downloads/ZoonoticRankModel/FinalData_Cleaned.csv,normalized from outputs/tables/zoonotic_rank_family_reconstruction_audit.csv row 879; unit=released dataset row,RAW0027734,NC_034529.1,,Sena Madureira sripuvirus,Sena Madureira sripuvirus,Rhabdoviridae,Rhabdoviridae,ICTV 2026 (MSL41.v1),exact_current_family_from_author_figure_table,high,1,independent_source_verified
Zoonotic rank model,SCLIN0027735,input_original/manual_downloads/ZoonoticRankModel/FinalData_Cleaned.csv,normalized from outputs/tables/zoonotic_rank_family_reconstruction_audit.csv row 885; unit=released dataset row,RAW0027735,MH101753.1,,Sowthistle yellow vein nucleorhabdovirus,Sowthistle yellow vein nucleorhabdovirus,,Rhabdoviridae,ICTV 2026 (MSL41.v1),historical_genus_to_current_family,high,1,independent_source_verified
Zoonotic rank model,SCLIN0027736,input_original/manual_downloads/ZoonoticRankModel/FinalData_Cleaned.csv,normalized from outputs/tables/zoonotic_rank_family_reconstruction_audit.csv row 886; unit=released dataset row,RAW0027736,NC_034542.1,,Sripur sripuvirus,Sripur sripuvirus,Rhabdoviridae,Rhabdoviridae,ICTV 2026 (MSL41.v1),exact_current_family_from_author_figure_table,high,1,independent_source_verified
Zoonotic rank model,SCLIN0027737,input_original/manual_downloads/ZoonoticRankModel/FinalData_Cleaned.csv,normalized from outputs/tables/zoonotic_rank_family_reconstruction_audit.csv row 888; unit=released dataset row,RAW0027737,MH129615.1,,Strawberry crinkle cytorhabdovirus,Strawberry crinkle cytorhabdovirus,Rhabdoviridae,Rhabdoviridae,ICTV 2026 (MSL41.v1),exact_current_family_from_author_figure_table,high,1,independent_source_verified
Zoonotic rank model,SCLIN0027738,input_original/manual_downloads/ZoonoticRankModel/FinalData_Cleaned.csv,normalized from outputs/tables/zoonotic_rank_family_reconstruction_audit.csv row 889; unit=released dataset row,RAW0027738,NC_034546.1,,Sweetwater Branch tibrovirus,Sweetwater Branch tibrovirus,Rhabdoviridae,Rhabdoviridae,ICTV 2026 (MSL41.v1),exact_current_family_from_author_figure_table,high,1,independent_source_verified
Zoonotic rank model,SCLIN0027739,input_original/manual_downloads/ZoonoticRankModel/FinalData_Cleaned.csv,normalized from outputs/tables/zoonotic_rank_family_reconstruction_audit.csv row 906; unit=released dataset row,RAW0027739,NC_031301.1,,Wuhan ledantevirus,Wuhan ledantevirus,Rhabdoviridae,Rhabdoviridae,ICTV 2026 (MSL41.v1),exact_current_family_from_author_figure_table,high,1,independent_source_verified
Zoonotic rank model,SCLIN0027740,input_original/manual_downloads/ZoonoticRankModel/FinalData_Cleaned.csv,normalized from outputs/tables/zoonotic_rank_family_reconstruction_audit.csv row 90; unit=released dataset row,RAW0027740,NC_025251.1,,Bokeloh bat lyssavirus,Bokeloh bat lyssavirus,Rhabdoviridae,Rhabdoviridae,ICTV 2026 (MSL41.v1),exact_current_family_from_author_figure_table,high,1,independent_source_verified
Zoonotic rank model,SCLIN0027741,input_original/manual_downloads/ZoonoticRankModel/FinalData_Cleaned.csv,normalized from outputs/tables/zoonotic_rank_family_reconstruction_audit.csv row 910; unit=released dataset row,RAW0027741,NC_028241.1,,Yata ephemerovirus,Yata ephemerovirus,Rhabdoviridae,Rhabdoviridae,ICTV 2026 (MSL41.v1),exact_current_family_from_author_figure_table,high,1,independent_source_verified
Zoonotic rank model,SCLIN0027742,input_original/manual_downloads/ZoonoticRankModel/FinalData_Cleaned.csv,normalized from outputs/tables/zoonotic_rank_family_reconstruction_audit.csv row 913; unit=released dataset row,RAW0027742,NC_031305.1,,Yongjia ledantevirus,Yongjia ledantevirus,Rhabdoviridae,Rhabdoviridae,ICTV 2026 (MSL41.v1),exact_current_family_from_author_figure_table,high,1,independent_source_verified
Zoonotic rank model,SCLIN0027743,input_original/manual_downloads/ZoonoticRankModel/FinalData_Cleaned.csv,normalized from outputs/tables/zoonotic_rank_family_reconstruction_audit.csv row 98; unit=released dataset row,RAW0027743,NC_002526.1,,Bovine fever ephemerovirus,Bovine fever ephemerovirus,Rhabdoviridae,Rhabdoviridae,ICTV 2026 (MSL41.v1),exact_current_family_from_author_figure_table,high,1,independent_source_verified
Zoonotic rank model,SCLIN0027744,input_original/manual_downloads/ZoonoticRankModel/FinalData_Cleaned.csv,normalized from outputs/tables/zoonotic_rank_family_reconstruction_audit.csv row 149; unit=released dataset row,RAW0027744,NC_022639.1; NC_022633.1; NC_022634.1; NC_022640.1; NC_022635.1; NC_022641.1; NC_022636.1; NC_022637.1; NC_022642.1; NC_022638.1,,Changuinola virus,Changuinola virus,Reoviridae,Sedoreoviridae,ICTV 2026 (MSL41.v1),exact_vmr_virus_name,high,1,independent_source_verified
Zoonotic rank model,SCLIN0027745,input_original/manual_downloads/ZoonoticRankModel/FinalData_Cleaned.csv,normalized from outputs/tables/zoonotic_rank_family_reconstruction_audit.csv row 152; unit=released dataset row,RAW0027745,NC_027553.1; NC_027554.1; NC_027555.1; NC_027556.1; NC_027557.1; NC_027558.1; NC_027559.1; NC_027560.1; NC_027561.1; NC_027562.1,,Chobar Gorge virus,Chobar Gorge virus,Reoviridae,Sedoreoviridae,ICTV 2026 (MSL41.v1),exact_vmr_virus_name,high,1,independent_source_verified
Zoonotic rank model,SCLIN0027746,input_original/manual_downloads/ZoonoticRankModel/FinalData_Cleaned.csv,normalized from outputs/tables/zoonotic_rank_family_reconstruction_audit.csv row 159; unit=released dataset row,RAW0027746,KC853042.1; KC853043.1; KC853044.1; KC853045.1; KC853046.1; KC853047.1; KC853048.1; KC853049.1; KC853050.1; KC853051.1,,Corriparta virus,Corriparta virus,Reoviridae,Sedoreoviridae,ICTV 2026 (MSL41.v1),exact_vmr_genbank_accession,high,1,independent_source_verified
Zoonotic rank model,SCLIN0027747,input_original/manual_downloads/ZoonoticRankModel/FinalData_Cleaned.csv,normalized from outputs/tables/zoonotic_rank_family_reconstruction_audit.csv row 190; unit=released dataset row,RAW0027747,NC_013396.1; NC_013397.1; NC_013398.1; NC_013399.1; NC_013400.1; NC_013401.1; NC_013403.1; NC_013402.1; NC_013404.1; NC_013405.1,,Epizootic hemorrhagic disease virus,Epizootic hemorrhagic disease virus,Reoviridae,Sedoreoviridae,ICTV 2026 (MSL41.v1),exact_vmr_virus_name,high,1,independent_source_verified
Zoonotic rank model,SCLIN0027748,input_original/manual_downloads/ZoonoticRankModel/FinalData_Cleaned.csv,normalized from outputs/tables/zoonotic_rank_family_reconstruction_audit.csv row 200; unit=released dataset row,RAW0027748,FJ183384.1; FJ183385.1; FJ183386.1; FJ183387.1; FJ183388.1; FJ183389.1; FJ183390.1; FJ183391.1; FJ183392.1; FJ183393.1,,Equine encephalosis virus,Equine encephalosis virus,Reoviridae,Sedoreoviridae,ICTV 2026 (MSL41.v1),exact_vmr_genbank_accession,high,1,independent_source_verified
Zoonotic rank model,SCLIN0027749,input_original/manual_downloads/ZoonoticRankModel/FinalData_Cleaned.csv,normalized from outputs/tables/zoonotic_rank_family_reconstruction_audit.csv row 208; unit=released dataset row,RAW0027749,JQ070376.1; JQ070377.1; JQ070378.1; JQ070379.1; JQ070380.1; JQ070381.1; JQ070382.1; JQ070383.1; JQ070384.1; JQ070385.1,,Eubenangee virus,Eubenangee virus,Reoviridae,Sedoreoviridae,ICTV 2026 (MSL41.v1),exact_vmr_genbank_accession,high,1,independent_source_verified
Zoonotic rank model,SCLIN0027750,input_original/manual_downloads/ZoonoticRankModel/FinalData_Cleaned.csv,normalized from outputs/tables/zoonotic_rank_family_reconstruction_audit.csv row 238; unit=released dataset row,RAW0027750,NC_014522.1; NC_014523.1; NC_014524.1; NC_014525.1; NC_014526.1; NC_014527.1; NC_014528.1; NC_014529.1; NC_014530.1; NC_014531.1,,Great Island virus,Great Island virus,Reoviridae,Sedoreoviridae,ICTV 2026 (MSL41.v1),exact_vmr_virus_name,high,1,independent_source_verified
Zoonotic rank model,SCLIN0027751,input_original/manual_downloads/ZoonoticRankModel/FinalData_Cleaned.csv,normalized from outputs/tables/zoonotic_rank_family_reconstruction_audit.csv row 323; unit=released dataset row,RAW0027751,JQ610665.1; JQ610666.1; JQ610667.1; JQ610668.1; JQ610669.1; JQ610670.1; JQ610671.1; JQ610672.1; JQ610673.1; JQ610674.1,,Lebombo virus,Lebombo virus,Reoviridae,Sedoreoviridae,ICTV 2026 (MSL41.v1),exact_vmr_genbank_accession,high,1,independent_source_verified
Zoonotic rank model,SCLIN0027752,input_original/manual_downloads/ZoonoticRankModel/FinalData_Cleaned.csv,normalized from outputs/tables/zoonotic_rank_family_reconstruction_audit.csv row 434; unit=released dataset row,RAW0027752,JQ610675.1; JQ610676.1; JQ610677.1; JQ610678.1; JQ610679.1; JQ610680.1; JQ610681.1; JQ610682.1; JQ610683.1; JQ610684.1,,Orungo virus,Orungo virus,Reoviridae,Sedoreoviridae,ICTV 2026 (MSL41.v1),exact_vmr_genbank_accession,high,1,independent_source_verified
Zoonotic rank model,SCLIN0027753,input_original/manual_downloads/ZoonoticRankModel/FinalData_Cleaned.csv,normalized from outputs/tables/zoonotic_rank_family_reconstruction_audit.csv row 439; unit=released dataset row,RAW0027753,NC_005990.1; NC_005986.1; NC_005989.1; NC_005991.1; NC_005993.1; NC_005987.1; NC_005988.1; NC_005994.1; NC_005992.1; NC_005995.1,,Palyam virus,Palyam virus,Reoviridae,Sedoreoviridae,ICTV 2026 (MSL41.v1),exact_vmr_virus_name,high,1,independent_source_verified
Zoonotic rank model,SCLIN0027754,input_original/manual_downloads/ZoonoticRankModel/FinalData_Cleaned.csv,normalized from outputs/tables/zoonotic_rank_family_reconstruction_audit.csv row 455; unit=released dataset row,RAW0027754,NC_007748.1; NC_007749.1; NC_007750.1; NC_007751.1; NC_007755.1; NC_007752.1; NC_007756.1; NC_007754.1; NC_007753.1; NC_007757.1,,Peruvian horse sickness virus,Peruvian horse sickness virus,Reoviridae,Sedoreoviridae,ICTV 2026 (MSL41.v1),exact_vmr_virus_name,high,1,independent_source_verified
Zoonotic rank model,SCLIN0027755,input_original/manual_downloads/ZoonoticRankModel/FinalData_Cleaned.csv,normalized from outputs/tables/zoonotic_rank_family_reconstruction_audit.csv row 517; unit=released dataset row,RAW0027755,EF554137.1; EF554138.1; EF554139.1; EF554140.1; EF554143.1; EF554141.1; EF554145.1; EF554142.1; EF554144.1; EF554146.1; EF554147.1,,Rotavirus A,Rotavirus A,Reoviridae,Sedoreoviridae,ICTV 2026 (MSL41.v1),exact_vmr_virus_name,high,1,independent_source_verified
Zoonotic rank model,SCLIN0027756,input_original/manual_downloads/ZoonoticRankModel/FinalData_Cleaned.csv,normalized from outputs/tables/zoonotic_rank_family_reconstruction_audit.csv row 518; unit=released dataset row,RAW0027756,NC_021541.1; NC_021545.1; NC_021551.1; NC_021543.1; NC_021546.1; NC_021544.1; NC_021547.1; NC_021548.1; NC_021542.1; NC_021550.1; NC_021549.1,,Rotavirus B,Rotavirus B,Reoviridae,Sedoreoviridae,ICTV 2026 (MSL41.v1),exact_vmr_virus_name,high,1,independent_source_verified
Zoonotic rank model,SCLIN0027757,input_original/manual_downloads/ZoonoticRankModel/FinalData_Cleaned.csv,normalized from outputs/tables/zoonotic_rank_family_reconstruction_audit.csv row 519; unit=released dataset row,RAW0027757,NC_007547.1; NC_007546.1; NC_007572.1; NC_007574.1; NC_007570.1; NC_007543.1; NC_007544.1; NC_007571.1; NC_007545.1; NC_007569.1; NC_007573.1,,Rotavirus C,Rotavirus C,Reoviridae,Sedoreoviridae,ICTV 2026 (MSL41.v1),exact_vmr_virus_name,high,1,independent_source_verified
Zoonotic rank model,SCLIN0027758,input_original/manual_downloads/ZoonoticRankModel/FinalData_Cleaned.csv,normalized from outputs/tables/zoonotic_rank_family_reconstruction_audit.csv row 605; unit=released dataset row,RAW0027758,NC_027533.1; NC_027539.1; NC_027540.1; NC_027541.1; NC_027542.1; NC_027543.1; NC_027544.1; NC_027545.1; NC_027546.1; NC_027547.1,,Wad Medani virus,Wad Medani virus,Reoviridae,Sedoreoviridae,ICTV 2026 (MSL41.v1),exact_vmr_virus_name,high,1,independent_source_verified
Zoonotic rank model,SCLIN0027759,input_original/manual_downloads/ZoonoticRankModel/FinalData_Cleaned.csv,normalized from outputs/tables/zoonotic_rank_family_reconstruction_audit.csv row 606; unit=released dataset row,RAW0027759,NC_022553.1; NC_022554.1; NC_022555.1; NC_022560.1; NC_022556.1; NC_022561.1; NC_022562.1; NC_022557.1; NC_022558.1; NC_022559.1,,Wallal virus,Wallal virus,Reoviridae,Sedoreoviridae,ICTV 2026 (MSL41.v1),exact_vmr_virus_name,high,1,independent_source_verified
Zoonotic rank model,SCLIN0027760,input_original/manual_downloads/ZoonoticRankModel/FinalData_Cleaned.csv,normalized from outputs/tables/zoonotic_rank_family_reconstruction_audit.csv row 607; unit=released dataset row,RAW0027760,KJ495755.1; KJ495756.1; KJ495757.1; KJ495758.1; KJ495759.1; KJ495760.1; KJ495762.1; KJ495761.1; KJ495763.1; KJ495764.1,,Warrego virus,Warrego virus,Reoviridae,Sedoreoviridae,ICTV 2026 (MSL41.v1),exact_vmr_genbank_accession,high,1,independent_source_verified
Zoonotic rank model,SCLIN0027761,input_original/manual_downloads/ZoonoticRankModel/FinalData_Cleaned.csv,normalized from outputs/tables/zoonotic_rank_family_reconstruction_audit.csv row 635; unit=released dataset row,RAW0027761,NC_007548.1; NC_007549.1; NC_007550.1; NC_007551.1; NC_007552.1; NC_007553.1; NC_007554.1; NC_007555.1; NC_007556.1; NC_007557.1; NC_007558.1,,Rotavirus H,Rotavirus H,Reoviridae,Sedoreoviridae,ICTV 2026 (MSL41.v1),exact_vmr_virus_name,high,1,independent_source_verified
Zoonotic rank model,SCLIN0027762,input_original/manual_downloads/ZoonoticRankModel/FinalData_Cleaned.csv,normalized from outputs/tables/zoonotic_rank_family_reconstruction_audit.csv row 680; unit=released dataset row,RAW0027762,KP268794.1; KP268795.1; KP268796.1; KP268797.1; KP268798.1; KP268799.1; KP268800.1; KP268801.1; KP268802.1; KP268803.1,,Chenuda virus,Chenuda virus,Reoviridae,Sedoreoviridae,ICTV 2026 (MSL41.v1),exact_vmr_genbank_accession,high,1,independent_source_verified
Zoonotic rank model,SCLIN0027763,input_original/manual_downloads/ZoonoticRankModel/FinalData_Cleaned.csv,normalized from outputs/tables/zoonotic_rank_family_reconstruction_audit.csv row 69; unit=released dataset row,RAW0027763,NC_004211.1; NC_004217.1; NC_004218.1; NC_004219.1; NC_004220.1; NC_004221.1; NC_004204.1; NC_004203.1; NC_004202.1; NC_004201.1; NC_004200.1; NC_004198.1,,Banna virus,Banna virus,Reoviridae,Sedoreoviridae,ICTV 2026 (MSL41.v1),exact_vmr_virus_name,high,1,independent_source_verified
Zoonotic rank model,SCLIN0027764,input_original/manual_downloads/ZoonoticRankModel/FinalData_Cleaned.csv,normalized from outputs/tables/zoonotic_rank_family_reconstruction_audit.csv row 711; unit=released dataset row,RAW0027764,NC_043180.1; NC_043185.1; NC_043183.1; NC_043184.1; NC_043182.1; NC_043190.1; NC_043186.1; NC_043181.1; NC_043187.1; NC_043191.1; NC_043189.1; NC_043188.1,,Eriocheir sinensis reovirus,Eriocheir sinensis reovirus,Reoviridae,Sedoreoviridae,ICTV 2026 (MSL41.v1),exact_vmr_virus_name,high,1,independent_source_verified
Zoonotic rank model,SCLIN0027765,input_original/manual_downloads/ZoonoticRankModel/FinalData_Cleaned.csv,normalized from outputs/tables/zoonotic_rank_family_reconstruction_audit.csv row 765; unit=released dataset row,RAW0027765,NC_004210.1; NC_004212.1; NC_004213.1; NC_004214.1; NC_004215.1; NC_004216.1; NC_004209.1; NC_004208.1; NC_004207.1; NC_004206.1; NC_004205.1; NC_004199.1,,Kadipiro virus,Kadipiro virus,Reoviridae,Sedoreoviridae,ICTV 2026 (MSL41.v1),exact_vmr_virus_name,high,1,independent_source_verified
Zoonotic rank model,SCLIN0027766,input_original/manual_downloads/ZoonoticRankModel/FinalData_Cleaned.csv,normalized from outputs/tables/zoonotic_rank_family_reconstruction_audit.csv row 784; unit=released dataset row,RAW0027766,NC_007736.1; NC_007737.1; NC_007738.1; NC_007739.1; NC_007740.1; NC_007741.1; NC_007742.1; NC_007743.1; NC_007744.1; NC_007745.1; NC_007746.1; NC_007747.1,,Liao ning virus,Liao ning virus,Reoviridae,Sedoreoviridae,ICTV 2026 (MSL41.v1),exact_vmr_virus_name,high,1,independent_source_verified
Zoonotic rank model,SCLIN0027767,input_original/manual_downloads/ZoonoticRankModel/FinalData_Cleaned.csv,normalized from outputs/tables/zoonotic_rank_family_reconstruction_audit.csv row 809; unit=released dataset row,RAW0027767,NC_008171.1; NC_008172.1; NC_008173.1; NC_008174.1; NC_008175.1; NC_008176.1; NC_008177.1; NC_008178.1; NC_008179.1; NC_008180.1; NC_008181.1,,Micromonas pusilla reovirus,Micromonas pusilla reovirus,Reoviridae,Sedoreoviridae,ICTV 2026 (MSL41.v1),exact_vmr_virus_name,high,1,independent_source_verified
Zoonotic rank model,SCLIN0027768,input_original/manual_downloads/ZoonoticRankModel/FinalData_Cleaned.csv,normalized from outputs/tables/zoonotic_rank_family_reconstruction_audit.csv row 861; unit=released dataset row,RAW0027768,NC_003760.1; NC_003761.1; NC_003762.1; NC_003763.1; NC_003764.1; NC_003765.1; NC_003766.1; NC_003767.1; NC_003768.1; NC_003772.1; NC_003773.1; NC_003774.1,,Rice dwarf virus,Rice dwarf virus,Reoviridae,Sedoreoviridae,ICTV 2026 (MSL41.v1),exact_vmr_virus_name,high,1,independent_source_verified
Zoonotic rank model,SCLIN0027769,input_original/manual_downloads/ZoonoticRankModel/FinalData_Cleaned.csv,normalized from outputs/tables/zoonotic_rank_family_reconstruction_audit.csv row 862; unit=released dataset row,RAW0027769,NC_009245.1; NC_009241.1; NC_009248.1; NC_009242.1; NC_009249.1; NC_009243.1; NC_009250.1; NC_009244.1; NC_009251.1; NC_009252.1; NC_009246.1; NC_009247.1,,Rice gall dwarf virus,Rice gall dwarf virus,Reoviridae,Sedoreoviridae,ICTV 2026 (MSL41.v1),exact_vmr_virus_name,high,1,independent_source_verified
Zoonotic rank model,SCLIN0027770,input_original/manual_downloads/ZoonoticRankModel/FinalData_Cleaned.csv,normalized from outputs/tables/zoonotic_rank_family_reconstruction_audit.csv row 870; unit=released dataset row,RAW0027770,NC_014511.1; NC_014512.1; NC_014513.1; NC_014514.1; NC_014515.1; NC_014516.1; NC_014517.1; NC_014518.1; NC_014519.1; NC_014520.1; NC_014521.1,,Rotavirus D,Rotavirus D,Reoviridae,Sedoreoviridae,ICTV 2026 (MSL41.v1),exact_vmr_virus_name,high,1,independent_source_verified
Zoonotic rank model,SCLIN0027771,input_original/manual_downloads/ZoonoticRankModel/FinalData_Cleaned.csv,normalized from outputs/tables/zoonotic_rank_family_reconstruction_audit.csv row 871; unit=released dataset row,RAW0027771,NC_021625.1; NC_021626.1; NC_021631.1; NC_021630.1; NC_021632.1; NC_021635.1; NC_021633.1; NC_021628.1; NC_021627.1; NC_021629.1; NC_021634.1,,Rotavirus F,Rotavirus F,Reoviridae,Sedoreoviridae,ICTV 2026 (MSL41.v1),exact_vmr_virus_name,high,1,independent_source_verified
Zoonotic rank model,SCLIN0027772,input_original/manual_downloads/ZoonoticRankModel/FinalData_Cleaned.csv,normalized from outputs/tables/zoonotic_rank_family_reconstruction_audit.csv row 872; unit=released dataset row,RAW0027772,NC_021590.1; NC_021580.1; NC_021581.1; NC_021589.1; NC_021583.1; NC_021588.1; NC_021585.1; NC_021584.1; NC_021582.1; NC_021586.1; NC_021587.1,,Rotavirus G,Rotavirus G,Reoviridae,Sedoreoviridae,ICTV 2026 (MSL41.v1),exact_vmr_virus_name,high,1,independent_source_verified
Zoonotic rank model,SCLIN0027773,input_original/manual_downloads/ZoonoticRankModel/FinalData_Cleaned.csv,normalized from outputs/tables/zoonotic_rank_family_reconstruction_audit.csv row 873; unit=released dataset row,RAW0027773,NC_026825.2; NC_026826.2; NC_026828.2; NC_026827.2; NC_026820.2; NC_026829.2; NC_026821.2; NC_026822.2; NC_026830.2; NC_026823.2; NC_026824.2,,Rotavirus I,Rotavirus I,Reoviridae,Sedoreoviridae,ICTV 2026 (MSL41.v1),exact_vmr_virus_name,high,1,independent_source_verified
Zoonotic rank model,SCLIN0027774,input_original/manual_downloads/ZoonoticRankModel/FinalData_Cleaned.csv,normalized from outputs/tables/zoonotic_rank_family_reconstruction_audit.csv row 887; unit=released dataset row,RAW0027774,NC_005997.1; NC_005998.1; NC_005999.1; NC_006000.1; NC_006001.1; NC_006002.1; NC_006003.1; NC_006004.1; NC_006005.1; NC_006006.1,,St Croix River virus,St Croix River virus,Reoviridae,Sedoreoviridae,ICTV 2026 (MSL41.v1),exact_vmr_virus_name,high,1,independent_source_verified
Zoonotic rank model,SCLIN0027775,input_original/manual_downloads/ZoonoticRankModel/FinalData_Cleaned.csv,normalized from outputs/tables/zoonotic_rank_family_reconstruction_audit.csv row 897; unit=released dataset row,RAW0027775,NC_024503.1; NC_024504.1; NC_024505.1; NC_024506.1; NC_024507.1; NC_024508.1; NC_024509.1; NC_024510.1; NC_024499.1; NC_024500.1,,Umatilla virus,Umatilla virus,Reoviridae,Sedoreoviridae,ICTV 2026 (MSL41.v1),exact_vmr_virus_name,high,1,independent_source_verified
Zoonotic rank model,SCLIN0027776,input_original/manual_downloads/ZoonoticRankModel/FinalData_Cleaned.csv,normalized from outputs/tables/zoonotic_rank_family_reconstruction_audit.csv row 89; unit=released dataset row,RAW0027776,NC_006023.1; NC_006013.2; NC_006014.1; NC_006024.2; NC_006025.1; NC_006010.1; NC_006022.1; NC_006007.1; NC_006008.1; NC_006015.1,,Bluetongue virus,Bluetongue virus,Reoviridae,Sedoreoviridae,ICTV 2026 (MSL41.v1),exact_vmr_virus_name,high,1,independent_source_verified
Zoonotic rank model,SCLIN0027777,input_original/manual_downloads/ZoonoticRankModel/FinalData_Cleaned.csv,normalized from outputs/tables/zoonotic_rank_family_reconstruction_audit.csv row 8; unit=released dataset row,RAW0027777,NC_006021.1; NC_005996.1; NC_006017.1; NC_006012.1; NC_006020.1; NC_006018.1; NC_006011.1; NC_006019.1; NC_006016.1; NC_006009.1,,African horse sickness virus,African horse sickness virus,Reoviridae,Sedoreoviridae,ICTV 2026 (MSL41.v1),exact_vmr_virus_name,high,1,independent_source_verified
Zoonotic rank model,SCLIN0027778,input_original/manual_downloads/ZoonoticRankModel/FinalData_Cleaned.csv,normalized from outputs/tables/zoonotic_rank_family_reconstruction_audit.csv row 904; unit=released dataset row,RAW0027778,NC_038948.1; NC_038944.1; NC_038949.1; NC_038945.1; NC_038951.1; NC_038946.1; NC_038950.1; NC_038947.1; NC_038952.1,,Wound tumor virus,Wound tumor virus,Reoviridae,Sedoreoviridae,ICTV 2026 (MSL41.v1),exact_vmr_virus_name,high,1,independent_source_verified
Zoonotic rank model,SCLIN0027779,input_original/manual_downloads/ZoonoticRankModel/FinalData_Cleaned.csv,normalized from outputs/tables/zoonotic_rank_family_reconstruction_audit.csv row 914; unit=released dataset row,RAW0027779,NC_007656.1; NC_007657.1; NC_007658.1; NC_007659.1; NC_007660.1; NC_007661.1; NC_007662.1; NC_007663.1; NC_007664.1; NC_007665.1,,Yunnan orbivirus,Yunnan orbivirus,Reoviridae,Sedoreoviridae,ICTV 2026 (MSL41.v1),exact_vmr_virus_name,high,1,independent_source_verified
Zoonotic rank model,SCLIN0027780,input_original/manual_downloads/ZoonoticRankModel/FinalData_Cleaned.csv,normalized from outputs/tables/zoonotic_rank_family_reconstruction_audit.csv row 156; unit=released dataset row,RAW0027780,NC_004181.1; NC_004182.1; NC_004183.1; NC_004184.1; NC_004185.1; NC_004186.1; NC_004187.1; NC_004188.1; NC_004180.1; NC_004189.1; NC_004191.1; NC_004190.1,,Colorado tick fever virus,Colorado tick fever virus,Reoviridae,Spinareoviridae,ICTV 2026 (MSL41.v1),exact_vmr_virus_name,high,1,independent_source_verified
Zoonotic rank model,SCLIN0027781,input_original/manual_downloads/ZoonoticRankModel/FinalData_Cleaned.csv,normalized from outputs/tables/zoonotic_rank_family_reconstruction_audit.csv row 213; unit=released dataset row,RAW0027781,NC_003696.1; NC_003697.1; NC_003698.1; NC_003699.1; NC_003700.1; NC_003701.1; NC_003702.1; NC_003703.1; NC_003704.1; NC_003705.1; NC_003706.1; NC_003707.1,,Eyach virus,Eyach virus,Reoviridae,Spinareoviridae,ICTV 2026 (MSL41.v1),exact_vmr_virus_name,high,1,independent_source_verified
Zoonotic rank model,SCLIN0027782,input_original/manual_downloads/ZoonoticRankModel/FinalData_Cleaned.csv,normalized from outputs/tables/zoonotic_rank_family_reconstruction_audit.csv row 409; unit=released dataset row,RAW0027782,JF342668.1; JF342666.1; JF342667.1; JF342669.1; JF342670.1; JF342671.1; AY357730.1; AY357731.1; AY357732.1; AY357733.1,,Nelson Bay orthoreovirus,Nelson Bay orthoreovirus,Reoviridae,Spinareoviridae,ICTV 2026 (MSL41.v1),exact_vmr_genbank_accession,high,1,independent_source_verified
Zoonotic rank model,SCLIN0027783,input_original/manual_downloads/ZoonoticRankModel/FinalData_Cleaned.csv,normalized from outputs/tables/zoonotic_rank_family_reconstruction_audit.csv row 636; unit=released dataset row,RAW0027783,NC_007666.1; NC_007667.1; NC_007668.1; NC_007669.1; NC_007670.1; NC_007671.1; NC_007672.1; NC_007673.1; NC_007674.1,,Aedes pseudoscutellaris reovirus,Aedes pseudoscutellaris reovirus,Reoviridae,Spinareoviridae,ICTV 2026 (MSL41.v1),exact_vmr_virus_name,high,1,independent_source_verified
Zoonotic rank model,SCLIN0027784,input_original/manual_downloads/ZoonoticRankModel/FinalData_Cleaned.csv,normalized from outputs/tables/zoonotic_rank_family_reconstruction_audit.csv row 647; unit=released dataset row,RAW0027784,NC_007582.1; NC_007583.1; NC_007584.1; NC_007586.1; NC_007592.1; NC_007585.1; NC_007587.1; NC_007588.1; NC_007589.1; NC_007590.1; NC_007591.1,,Aquareovirus A,Aquareovirus A,Reoviridae,Spinareoviridae,ICTV 2026 (MSL41.v1),exact_vmr_virus_name,high,1,independent_source_verified
Zoonotic rank model,SCLIN0027785,input_original/manual_downloads/ZoonoticRankModel/FinalData_Cleaned.csv,normalized from outputs/tables/zoonotic_rank_family_reconstruction_audit.csv row 648; unit=released dataset row,RAW0027785,NC_038630.1; NC_038629.1; NC_038624.1; NC_038625.1; NC_038631.1; NC_038626.1; NC_038627.1; NC_038632.1; NC_038628.1; NC_038633.1,,Aquareovirus B,Aquareovirus B,Reoviridae,Spinareoviridae,ICTV 2026 (MSL41.v1),exact_vmr_virus_name,high,1,independent_source_verified
Zoonotic rank model,SCLIN0027786,input_original/manual_downloads/ZoonoticRankModel/FinalData_Cleaned.csv,normalized from outputs/tables/zoonotic_rank_family_reconstruction_audit.csv row 649; unit=released dataset row,RAW0027786,NC_005166.1; NC_005167.1; NC_005168.1; NC_005169.1; NC_005170.1; NC_005171.1; NC_005172.1; NC_005173.1; NC_005174.1; NC_005175.1; NC_005176.1,,Aquareovirus C,Aquareovirus C,Reoviridae,Spinareoviridae,ICTV 2026 (MSL41.v1),exact_vmr_virus_name,high,1,independent_source_verified
Zoonotic rank model,SCLIN0027787,input_original/manual_downloads/ZoonoticRankModel/FinalData_Cleaned.csv,normalized from outputs/tables/zoonotic_rank_family_reconstruction_audit.csv row 650; unit=released dataset row,RAW0027787,NC_038640.1; NC_038634.1; NC_038635.1; NC_038641.1; NC_038636.1; NC_038637.1; NC_038643.1; NC_038639.1; NC_038638.1; NC_038642.1; NC_038644.1,,Aquareovirus E,Aquareovirus E,Reoviridae,Spinareoviridae,ICTV 2026 (MSL41.v1),exact_vmr_virus_name,high,1,independent_source_verified
Zoonotic rank model,SCLIN0027788,input_original/manual_downloads/ZoonoticRankModel/FinalData_Cleaned.csv,normalized from outputs/tables/zoonotic_rank_family_reconstruction_audit.csv row 651; unit=released dataset row,RAW0027788,NC_010584.1; NC_010585.1; NC_010586.1; NC_010587.1; NC_010588.1; NC_010589.1; NC_010590.1; NC_010591.1; NC_010592.1; NC_010593.1; NC_010594.1,,Aquareovirus G,Aquareovirus G,Reoviridae,Spinareoviridae,ICTV 2026 (MSL41.v1),exact_vmr_virus_name,high,1,independent_source_verified
Zoonotic rank model,SCLIN0027789,input_original/manual_downloads/ZoonoticRankModel/FinalData_Cleaned.csv,normalized from outputs/tables/zoonotic_rank_family_reconstruction_audit.csv row 657; unit=released dataset row,RAW0027789,NC_015126.1; NC_015128.1; NC_015127.1; NC_015129.1; NC_015130.1; NC_015131.1; NC_015132.1; NC_015133.1; NC_015134.1; NC_015135.1,,Avian orthoreovirus,Avian orthoreovirus,Reoviridae,Spinareoviridae,ICTV 2026 (MSL41.v1),unique_current_ictv_genus_token,high,1,independent_source_verified
Zoonotic rank model,SCLIN0027790,input_original/manual_downloads/ZoonoticRankModel/FinalData_Cleaned.csv,normalized from outputs/tables/zoonotic_rank_family_reconstruction_audit.csv row 66; unit=released dataset row,RAW0027790,NC_015877.1; NC_015878.1; NC_015879.1; NC_015880.1; NC_015881.1; NC_015882.1; NC_015883.1; NC_015884.1; NC_015886.1; NC_015885.1,,Baboon orthoreovirus,Baboon orthoreovirus,Reoviridae,Spinareoviridae,ICTV 2026 (MSL41.v1),exact_vmr_virus_name,high,1,independent_source_verified
Zoonotic rank model,SCLIN0027791,input_original/manual_downloads/ZoonoticRankModel/FinalData_Cleaned.csv,normalized from outputs/tables/zoonotic_rank_family_reconstruction_audit.csv row 691; unit=released dataset row,RAW0027791,NC_003016.1; NC_003017.1; NC_003018.1; NC_003019.1; NC_003020.1; NC_003021.1; NC_003022.1; NC_003023.1; NC_003024.1; NC_003025.1,,Cypovirus 1,Cypovirus 1,Reoviridae,Spinareoviridae,ICTV 2026 (MSL41.v1),exact_vmr_virus_name,high,1,independent_source_verified
Zoonotic rank model,SCLIN0027792,input_original/manual_downloads/ZoonoticRankModel/FinalData_Cleaned.csv,normalized from outputs/tables/zoonotic_rank_family_reconstruction_audit.csv row 692; unit=released dataset row,RAW0027792,NC_003006.1; NC_003007.1; NC_003008.1; NC_003009.1; NC_003010.1; NC_003011.1; NC_003012.1; NC_003013.1; NC_003014.1; NC_003015.1,,Cypovirus 14,Cypovirus 14,Reoviridae,Spinareoviridae,ICTV 2026 (MSL41.v1),exact_vmr_virus_name,high,1,independent_source_verified
Zoonotic rank model,SCLIN0027793,input_original/manual_downloads/ZoonoticRankModel/FinalData_Cleaned.csv,normalized from outputs/tables/zoonotic_rank_family_reconstruction_audit.csv row 693; unit=released dataset row,RAW0027793,NC_002557.1; NC_002558.1; NC_002559.1; NC_002567.1; NC_002560.1; NC_002561.1; NC_002562.1; NC_002563.1; NC_002564.1; NC_002565.1; NC_002566.1,,Cypovirus 15,Cypovirus 15,Reoviridae,Spinareoviridae,ICTV 2026 (MSL41.v1),exact_vmr_virus_name,high,1,independent_source_verified
Zoonotic rank model,SCLIN0027794,input_original/manual_downloads/ZoonoticRankModel/FinalData_Cleaned.csv,normalized from outputs/tables/zoonotic_rank_family_reconstruction_audit.csv row 694; unit=released dataset row,RAW0027794,NC_038648.1; NC_038649.1; NC_038652.1; NC_038645.1; NC_038651.1; NC_038646.1; NC_038647.1; NC_038650.1,,Cypovirus 16,Cypovirus 16,,Spinareoviridae,ICTV 2026 (MSL41.v1),exact_vmr_virus_name,high,1,independent_source_verified
Zoonotic rank model,SCLIN0027795,input_original/manual_downloads/ZoonoticRankModel/FinalData_Cleaned.csv,normalized from outputs/tables/zoonotic_rank_family_reconstruction_audit.csv row 695; unit=released dataset row,RAW0027795,NC_023491.1; NC_023486.1; NC_023492.1; NC_023487.1; NC_023488.1; NC_023493.1; NC_023489.1; NC_023494.1; NC_023490.1; NC_023495.1,,Cypovirus 2,Cypovirus 2,Reoviridae,Spinareoviridae,ICTV 2026 (MSL41.v1),exact_vmr_virus_name,high,1,independent_source_verified
Zoonotic rank model,SCLIN0027796,input_original/manual_downloads/ZoonoticRankModel/FinalData_Cleaned.csv,normalized from outputs/tables/zoonotic_rank_family_reconstruction_audit.csv row 696; unit=released dataset row,RAW0027796,NC_010670.1; NC_010669.1; NC_010668.1; NC_010667.1; NC_010666.1; NC_010665.1; NC_010662.1; NC_010664.1; NC_010663.1; NC_010661.1,,Cypovirus 5,Cypovirus 5,Reoviridae,Spinareoviridae,ICTV 2026 (MSL41.v1),exact_vmr_virus_name,high,1,independent_source_verified
Zoonotic rank model,SCLIN0027797,input_original/manual_downloads/ZoonoticRankModel/FinalData_Cleaned.csv,normalized from outputs/tables/zoonotic_rank_family_reconstruction_audit.csv row 714; unit=released dataset row,RAW0027797,NC_007159.1; NC_007154.1; NC_007158.1; NC_007155.1; NC_007160.1; NC_007157.1; NC_007163.1; NC_007161.1; NC_007156.1; NC_007162.1,,Fiji disease virus,Fiji disease virus,Reoviridae,Spinareoviridae,ICTV 2026 (MSL41.v1),exact_vmr_virus_name,high,1,independent_source_verified
Zoonotic rank model,SCLIN0027798,input_original/manual_downloads/ZoonoticRankModel/FinalData_Cleaned.csv,normalized from outputs/tables/zoonotic_rank_family_reconstruction_audit.csv row 750; unit=released dataset row,RAW0027798,NC_043368.1; NC_043369.1; NC_043370.1; NC_043373.1; NC_043367.1; NC_043371.1; NC_043372.1,,Idnoreovirus 1,Idnoreovirus 1,,Spinareoviridae,ICTV 2026 (MSL41.v1),exact_vmr_virus_name,high,1,independent_source_verified
Zoonotic rank model,SCLIN0027799,input_original/manual_downloads/ZoonoticRankModel/FinalData_Cleaned.csv,normalized from outputs/tables/zoonotic_rank_family_reconstruction_audit.csv row 789; unit=released dataset row,RAW0027799,NC_037570.1; NC_037578.1; NC_037572.1; NC_037571.1; NC_028465.1; NC_037573.1; NC_037574.1; NC_037575.1; NC_037576.1; NC_037577.1,,Maize rough dwarf virus,Maize rough dwarf virus,Reoviridae,Spinareoviridae,ICTV 2026 (MSL41.v1),exact_vmr_virus_name,high,1,independent_source_verified
Zoonotic rank model,SCLIN0027800,input_original/manual_downloads/ZoonoticRankModel/FinalData_Cleaned.csv,normalized from outputs/tables/zoonotic_rank_family_reconstruction_audit.csv row 791; unit=released dataset row,RAW0027800,NC_008733.1; NC_008732.1; NC_008730.1; NC_008729.1; NC_008735.1; NC_008731.1; NC_008736.1; NC_008728.1; NC_008737.1; NC_008734.1,,Mal de Rio Cuarto virus,Mal de Rio Cuarto virus,Reoviridae,Spinareoviridae,ICTV 2026 (MSL41.v1),exact_vmr_virus_name,high,1,independent_source_verified
Zoonotic rank model,SCLIN0027801,input_original/manual_downloads/ZoonoticRankModel/FinalData_Cleaned.csv,normalized from outputs/tables/zoonotic_rank_family_reconstruction_audit.csv row 819; unit=released dataset row,RAW0027801,NC_010743.1; NC_010744.1; NC_010745.1; NC_038657.1; NC_010746.1; NC_010747.1; NC_010748.1; NC_010749.1; NC_010750.1; NC_010751.1; NC_010752.1; NC_010753.1,,Mycoreovirus 1,Mycoreovirus 1,Reoviridae,Spinareoviridae,ICTV 2026 (MSL41.v1),exact_vmr_virus_name,high,1,independent_source_verified
Zoonotic rank model,SCLIN0027802,input_original/manual_downloads/ZoonoticRankModel/FinalData_Cleaned.csv,normalized from outputs/tables/zoonotic_rank_family_reconstruction_audit.csv row 820; unit=released dataset row,RAW0027802,NC_007535.1; NC_007533.1; NC_007536.1; NC_007524.1; NC_007534.1; NC_007525.1; NC_007526.1; NC_007527.1; NC_007528.1; NC_007529.1; NC_007531.1; NC_007532.1,,Mycoreovirus 3,Mycoreovirus 3,Reoviridae,Spinareoviridae,ICTV 2026 (MSL41.v1),unique_current_ictv_genus_token,high,1,independent_source_verified
Zoonotic rank model,SCLIN0027803,input_original/manual_downloads/ZoonoticRankModel/FinalData_Cleaned.csv,normalized from outputs/tables/zoonotic_rank_family_reconstruction_audit.csv row 823; unit=released dataset row,RAW0027803,NC_003654.1; NC_003655.1; NC_003656.1; NC_003657.1; NC_003658.1; NC_003659.1; NC_003660.1; NC_003653.1; NC_003661.1; NC_003652.1,,Nilaparvata lugens reovirus,Nilaparvata lugens reovirus,Reoviridae,Spinareoviridae,ICTV 2026 (MSL41.v1),exact_vmr_virus_name,high,1,independent_source_verified
Zoonotic rank model,SCLIN0027804,input_original/manual_downloads/ZoonoticRankModel/FinalData_Cleaned.csv,normalized from outputs/tables/zoonotic_rank_family_reconstruction_audit.csv row 827; unit=released dataset row,RAW0027804,NC_038655.1; NC_038653.1; NC_038656.1; NC_038654.1,,Oat sterile dwarf virus,Oat sterile dwarf virus,,Spinareoviridae,ICTV 2026 (MSL41.v1),exact_vmr_virus_name,high,1,independent_source_verified
Zoonotic rank model,SCLIN0027805,input_original/manual_downloads/ZoonoticRankModel/FinalData_Cleaned.csv,normalized from outputs/tables/zoonotic_rank_family_reconstruction_audit.csv row 848; unit=released dataset row,RAW0027805,NC_036468.1; NC_036477.1; NC_036476.1; NC_036471.1; NC_036469.1; NC_036470.1; NC_036473.1; NC_036474.1; NC_036472.1; NC_036475.1,,Piscine orthoreovirus,Piscine orthoreovirus,Reoviridae,Spinareoviridae,ICTV 2026 (MSL41.v1),exact_vmr_virus_name,high,1,independent_source_verified
Zoonotic rank model,SCLIN0027806,input_original/manual_downloads/ZoonoticRankModel/FinalData_Cleaned.csv,normalized from outputs/tables/zoonotic_rank_family_reconstruction_audit.csv row 858; unit=released dataset row,RAW0027806,NC_023813.1; NC_023814.1; NC_023819.1; NC_023816.1; NC_023815.1; NC_023820.1; NC_023822.1; NC_023821.1; NC_023817.1; NC_023818.1,,Reptilian orthoreovirus,Reptilian orthoreovirus,Reoviridae,Spinareoviridae,ICTV 2026 (MSL41.v1),unique_current_ictv_genus_token,high,1,independent_source_verified
Zoonotic rank model,SCLIN0027807,input_original/manual_downloads/ZoonoticRankModel/FinalData_Cleaned.csv,normalized from outputs/tables/zoonotic_rank_family_reconstruction_audit.csv row 860; unit=released dataset row,RAW0027807,NC_003728.1; NC_003729.1; NC_003730.1; NC_003731.1; NC_003732.1; NC_003733.1; NC_003734.1; NC_003735.1; NC_003736.1; NC_003737.1,,Rice black streaked dwarf virus,Rice black streaked dwarf virus,Reoviridae,Spinareoviridae,ICTV 2026 (MSL41.v1),exact_vmr_virus_name,high,1,independent_source_verified
Zoonotic rank model,SCLIN0027808,input_original/manual_downloads/ZoonoticRankModel/FinalData_Cleaned.csv,normalized from outputs/tables/zoonotic_rank_family_reconstruction_audit.csv row 865; unit=released dataset row,RAW0027808,NC_003759.1; NC_003757.1; NC_003749.1; NC_003769.1; NC_003750.1; NC_003751.1; NC_003771.1; NC_003752.1; NC_003770.1; NC_003758.1,,Rice ragged stunt virus,Rice ragged stunt virus,Reoviridae,Spinareoviridae,ICTV 2026 (MSL41.v1),exact_vmr_virus_name,high,1,independent_source_verified
Zoonotic rank model,SCLIN0027809,input_original/manual_downloads/ZoonoticRankModel/FinalData_Cleaned.csv,normalized from outputs/tables/zoonotic_rank_family_reconstruction_audit.csv row 884; unit=released dataset row,RAW0027809,NC_014712.1; NC_014708.1; NC_014713.1; NC_014709.1; NC_014714.1; NC_014710.1; NC_014715.1; NC_014711.1; NC_014716.1; NC_014717.1,,Southern rice black-streaked dwarf virus,Southern rice black-streaked dwarf virus,Reoviridae,Spinareoviridae,ICTV 2026 (MSL41.v1),exact_vmr_virus_name,high,1,independent_source_verified
Zoonotic rank model,SCLIN0027810,input_original/manual_downloads/ZoonoticRankModel/FinalData_Cleaned.csv,normalized from outputs/tables/zoonotic_rank_family_reconstruction_audit.csv row 501; unit=released dataset row,RAW0027810,NC_025345.1,,Reptile sunshinevirus 1,Reptile sunshinevirus 1,Sunviridae,Sunviridae,ICTV 2026 (MSL41.v1),exact_current_family_from_author_figure_table,high,1,independent_source_verified
Zoonotic rank model,SCLIN0027811,input_original/manual_downloads/ZoonoticRankModel/FinalData_Cleaned.csv,normalized from outputs/tables/zoonotic_rank_family_reconstruction_audit.csv row 109; unit=released dataset row,RAW0027811,NC_007447.1,,Bovine torovirus,Bovine torovirus,Tobaniviridae,Tobaniviridae,ICTV 2026 (MSL41.v1),exact_current_family_from_author_figure_table,high,1,independent_source_verified
Zoonotic rank model,SCLIN0027812,input_original/manual_downloads/ZoonoticRankModel/FinalData_Cleaned.csv,normalized from outputs/tables/zoonotic_rank_family_reconstruction_audit.csv row 206; unit=released dataset row,RAW0027812,MG996765.1,,Equine torovirus,Equine torovirus,Tobaniviridae,Tobaniviridae,ICTV 2026 (MSL41.v1),exact_current_family_from_author_figure_table,high,1,independent_source_verified
Zoonotic rank model,SCLIN0027813,input_original/manual_downloads/ZoonoticRankModel/FinalData_Cleaned.csv,normalized from outputs/tables/zoonotic_rank_family_reconstruction_audit.csv row 477; unit=released dataset row,RAW0027813,NC_022787.1,,Porcine torovirus,Porcine torovirus,Tobaniviridae,Tobaniviridae,ICTV 2026 (MSL41.v1),exact_current_family_from_author_figure_table,high,1,independent_source_verified
Zoonotic rank model,SCLIN0027814,input_original/manual_downloads/ZoonoticRankModel/FinalData_Cleaned.csv,normalized from outputs/tables/zoonotic_rank_family_reconstruction_audit.csv row 614; unit=released dataset row,RAW0027814,NC_008516.1,,White bream virus,White bream virus,Tobaniviridae,Tobaniviridae,ICTV 2026 (MSL41.v1),exact_current_family_from_author_figure_table,high,1,independent_source_verified
Zoonotic rank model,SCLIN0027815,input_original/manual_downloads/ZoonoticRankModel/FinalData_Cleaned.csv,normalized from outputs/tables/zoonotic_rank_family_reconstruction_audit.csv row 661; unit=released dataset row,RAW0027815,NC_024709.1,,Ball python nidovirus 1,Ball python nidovirus 1,Tobaniviridae,Tobaniviridae,ICTV 2026 (MSL41.v1),exact_current_family_from_author_figure_table,high,1,independent_source_verified
Zoonotic rank model,SCLIN0027816,input_original/manual_downloads/ZoonoticRankModel/FinalData_Cleaned.csv,normalized from outputs/tables/zoonotic_rank_family_reconstruction_audit.csv row 667; unit=released dataset row,RAW0027816,NC_027199.1,,Bovine nidovirus 1,Bovine nidovirus 1,Tobaniviridae,Tobaniviridae,ICTV 2026 (MSL41.v1),exact_current_family_from_author_figure_table,high,1,independent_source_verified
Zoonotic rank model,SCLIN0027817,input_original/manual_downloads/ZoonoticRankModel/FinalData_Cleaned.csv,normalized from outputs/tables/zoonotic_rank_family_reconstruction_audit.csv row 682; unit=released dataset row,RAW0027817,NC_026812.1,,Chinook salmon nidovirus 1,Chinook salmon nidovirus 1,Tobaniviridae,Tobaniviridae,ICTV 2026 (MSL41.v1),exact_current_family_from_author_figure_table,high,1,independent_source_verified
Zoonotic rank model,SCLIN0027818,input_original/manual_downloads/ZoonoticRankModel/FinalData_Cleaned.csv,normalized from outputs/tables/zoonotic_rank_family_reconstruction_audit.csv row 713; unit=released dataset row,RAW0027818,NC_038295.1,,Fathead minnow nidovirus 1,Fathead minnow nidovirus 1,Tobaniviridae,Tobaniviridae,ICTV 2026 (MSL41.v1),exact_current_family_from_author_figure_table,high,1,independent_source_verified
Zoonotic rank model,SCLIN0027819,input_original/manual_downloads/ZoonoticRankModel/FinalData_Cleaned.csv,normalized from outputs/tables/zoonotic_rank_family_reconstruction_audit.csv row 118; unit=released dataset row,RAW0027819,AF075259.1,,Cabassou virus,Cabassou virus,Togaviridae,Togaviridae,ICTV 2026 (MSL41.v1),exact_current_family_from_author_figure_table,high,1,independent_source_verified
Zoonotic rank model,SCLIN0027820,input_original/manual_downloads/ZoonoticRankModel/FinalData_Cleaned.csv,normalized from outputs/tables/zoonotic_rank_family_reconstruction_audit.csv row 151; unit=released dataset row,RAW0027820,HM045787.1,,Chikungunya virus,Chikungunya virus,Togaviridae,Togaviridae,ICTV 2026 (MSL41.v1),exact_current_family_from_author_figure_table,high,1,independent_source_verified
Zoonotic rank model,SCLIN0027821,input_original/manual_downloads/ZoonoticRankModel/FinalData_Cleaned.csv,normalized from outputs/tables/zoonotic_rank_family_reconstruction_audit.csv row 177; unit=released dataset row,RAW0027821,NC_003899.1,,Eastern equine encephalitis virus,Eastern equine encephalitis virus,Togaviridae,Togaviridae,ICTV 2026 (MSL41.v1),exact_current_family_from_author_figure_table,high,1,independent_source_verified
Zoonotic rank model,SCLIN0027822,input_original/manual_downloads/ZoonoticRankModel/FinalData_Cleaned.csv,normalized from outputs/tables/zoonotic_rank_family_reconstruction_audit.csv row 180; unit=released dataset row,RAW0027822,NC_018615.1,,Eilat virus,Eilat virus,Togaviridae,Togaviridae,ICTV 2026 (MSL41.v1),exact_current_family_from_author_figure_table,high,1,independent_source_verified
Zoonotic rank model,SCLIN0027823,input_original/manual_downloads/ZoonoticRankModel/FinalData_Cleaned.csv,normalized from outputs/tables/zoonotic_rank_family_reconstruction_audit.csv row 212; unit=released dataset row,RAW0027823,AF075251.1,,Everglades virus,Everglades virus,Togaviridae,Togaviridae,ICTV 2026 (MSL41.v1),exact_current_family_from_author_figure_table,high,1,independent_source_verified
Zoonotic rank model,SCLIN0027824,input_original/manual_downloads/ZoonoticRankModel/FinalData_Cleaned.csv,normalized from outputs/tables/zoonotic_rank_family_reconstruction_audit.csv row 224; unit=released dataset row,RAW0027824,NC_013528.1,,Fort Morgan virus,Fort Morgan virus,Togaviridae,Togaviridae,ICTV 2026 (MSL41.v1),exact_current_family_from_author_figure_table,high,1,independent_source_verified
Zoonotic rank model,SCLIN0027825,input_original/manual_downloads/ZoonoticRankModel/FinalData_Cleaned.csv,normalized from outputs/tables/zoonotic_rank_family_reconstruction_audit.csv row 231; unit=released dataset row,RAW0027825,NC_006558.1,,Getah virus,Getah virus,Togaviridae,Togaviridae,ICTV 2026 (MSL41.v1),exact_current_family_from_author_figure_table,high,1,independent_source_verified
Zoonotic rank model,SCLIN0027826,input_original/manual_downloads/ZoonoticRankModel/FinalData_Cleaned.csv,normalized from outputs/tables/zoonotic_rank_family_reconstruction_audit.csv row 252; unit=released dataset row,RAW0027826,NC_012561.1,,Highlands J virus,Highlands J virus,Togaviridae,Togaviridae,ICTV 2026 (MSL41.v1),exact_current_family_from_author_figure_table,high,1,independent_source_verified
Zoonotic rank model,SCLIN0027827,input_original/manual_downloads/ZoonoticRankModel/FinalData_Cleaned.csv,normalized from outputs/tables/zoonotic_rank_family_reconstruction_audit.csv row 344; unit=released dataset row,RAW0027827,NC_023812.1,,Madariaga virus,Madariaga virus,Togaviridae,Togaviridae,ICTV 2026 (MSL41.v1),exact_current_family_from_author_figure_table,high,1,independent_source_verified
Zoonotic rank model,SCLIN0027828,input_original/manual_downloads/ZoonoticRankModel/FinalData_Cleaned.csv,normalized from outputs/tables/zoonotic_rank_family_reconstruction_audit.csv row 366; unit=released dataset row,RAW0027828,NC_003417.1,,Mayaro virus,Mayaro virus,Togaviridae,Togaviridae,ICTV 2026 (MSL41.v1),exact_current_family_from_author_figure_table,high,1,independent_source_verified
Zoonotic rank model,SCLIN0027829,input_original/manual_downloads/ZoonoticRankModel/FinalData_Cleaned.csv,normalized from outputs/tables/zoonotic_rank_family_reconstruction_audit.csv row 371; unit=released dataset row,RAW0027829,NC_024887.1,,Middelburg virus,Middelburg virus,Togaviridae,Togaviridae,ICTV 2026 (MSL41.v1),exact_current_family_from_author_figure_table,high,1,independent_source_verified
Zoonotic rank model,SCLIN0027830,input_original/manual_downloads/ZoonoticRankModel/FinalData_Cleaned.csv,normalized from outputs/tables/zoonotic_rank_family_reconstruction_audit.csv row 385; unit=released dataset row,RAW0027830,AF075257.1,,Mosso das Pedras virus,Mosso das Pedras virus,Togaviridae,Togaviridae,ICTV 2026 (MSL41.v1),exact_current_family_from_author_figure_table,high,1,independent_source_verified
Zoonotic rank model,SCLIN0027831,input_original/manual_downloads/ZoonoticRankModel/FinalData_Cleaned.csv,normalized from outputs/tables/zoonotic_rank_family_reconstruction_audit.csv row 389; unit=released dataset row,RAW0027831,AF075253.1,,Mucambo virus,Mucambo virus,Togaviridae,Togaviridae,ICTV 2026 (MSL41.v1),exact_current_family_from_author_figure_table,high,1,independent_source_verified
Zoonotic rank model,SCLIN0027832,input_original/manual_downloads/ZoonoticRankModel/FinalData_Cleaned.csv,normalized from outputs/tables/zoonotic_rank_family_reconstruction_audit.csv row 408; unit=released dataset row,RAW0027832,NC_016959.1,,Ndumu virus,Ndumu virus,Togaviridae,Togaviridae,ICTV 2026 (MSL41.v1),exact_current_family_from_author_figure_table,high,1,independent_source_verified
Zoonotic rank model,SCLIN0027833,input_original/manual_downloads/ZoonoticRankModel/FinalData_Cleaned.csv,normalized from outputs/tables/zoonotic_rank_family_reconstruction_audit.csv row 421; unit=released dataset row,RAW0027833,NC_001512.1,,O'nyong-nyong virus,Onyong-nyong virus,Togaviridae,Togaviridae,ICTV 2026 (MSL41.v1),exact_current_family_from_author_figure_table,high,1,independent_source_verified
Zoonotic rank model,SCLIN0027834,input_original/manual_downloads/ZoonoticRankModel/FinalData_Cleaned.csv,normalized from outputs/tables/zoonotic_rank_family_reconstruction_audit.csv row 44; unit=released dataset row,RAW0027834,NC_003900.1,,Aura virus,Aura virus,Togaviridae,Togaviridae,ICTV 2026 (MSL41.v1),exact_current_family_from_author_figure_table,high,1,independent_source_verified
Zoonotic rank model,SCLIN0027835,input_original/manual_downloads/ZoonoticRankModel/FinalData_Cleaned.csv,normalized from outputs/tables/zoonotic_rank_family_reconstruction_audit.csv row 466; unit=released dataset row,RAW0027835,AF075256.1,,Pixuna virus,Pixuna virus,Togaviridae,Togaviridae,ICTV 2026 (MSL41.v1),exact_current_family_from_author_figure_table,high,1,independent_source_verified
Zoonotic rank model,SCLIN0027836,input_original/manual_downloads/ZoonoticRankModel/FinalData_Cleaned.csv,normalized from outputs/tables/zoonotic_rank_family_reconstruction_audit.csv row 512; unit=released dataset row,RAW0027836,AF075258.1,,Rio Negro virus,Rio Negro virus,Togaviridae,Togaviridae,ICTV 2026 (MSL41.v1),exact_current_family_from_author_figure_table,high,1,independent_source_verified
Zoonotic rank model,SCLIN0027837,input_original/manual_downloads/ZoonoticRankModel/FinalData_Cleaned.csv,normalized from outputs/tables/zoonotic_rank_family_reconstruction_audit.csv row 516; unit=released dataset row,RAW0027837,GQ433354.1,,Ross River virus,Ross River virus,Togaviridae,Togaviridae,ICTV 2026 (MSL41.v1),exact_current_family_from_author_figure_table,high,1,independent_source_verified
Zoonotic rank model,SCLIN0027838,input_original/manual_downloads/ZoonoticRankModel/FinalData_Cleaned.csv,normalized from outputs/tables/zoonotic_rank_family_reconstruction_audit.csv row 532; unit=released dataset row,RAW0027838,NC_003930.1,,Salmon pancreas disease virus,Salmon pancreas disease virus,Togaviridae,Togaviridae,ICTV 2026 (MSL41.v1),exact_current_family_from_author_figure_table,high,1,independent_source_verified
Zoonotic rank model,SCLIN0027839,input_original/manual_downloads/ZoonoticRankModel/FinalData_Cleaned.csv,normalized from outputs/tables/zoonotic_rank_family_reconstruction_audit.csv row 538; unit=released dataset row,RAW0027839,NC_003215.1,,Semliki Forest virus,Semliki Forest virus,Togaviridae,Togaviridae,ICTV 2026 (MSL41.v1),exact_current_family_from_author_figure_table,high,1,independent_source_verified
Zoonotic rank model,SCLIN0027840,input_original/manual_downloads/ZoonoticRankModel/FinalData_Cleaned.csv,normalized from outputs/tables/zoonotic_rank_family_reconstruction_audit.csv row 554; unit=released dataset row,RAW0027840,KF981618.1,,Sindbis virus,Sindbis virus,Togaviridae,Togaviridae,ICTV 2026 (MSL41.v1),exact_current_family_from_author_figure_table,high,1,independent_source_verified
Zoonotic rank model,SCLIN0027841,input_original/manual_downloads/ZoonoticRankModel/FinalData_Cleaned.csv,normalized from outputs/tables/zoonotic_rank_family_reconstruction_audit.csv row 559; unit=released dataset row,RAW0027841,NC_016960.1,,Southern elephant seal virus,Southern elephant seal virus,Togaviridae,Togaviridae,ICTV 2026 (MSL41.v1),exact_current_family_from_author_figure_table,high,1,independent_source_verified
Zoonotic rank model,SCLIN0027842,input_original/manual_downloads/ZoonoticRankModel/FinalData_Cleaned.csv,normalized from outputs/tables/zoonotic_rank_family_reconstruction_audit.csv row 583; unit=released dataset row,RAW0027842,AF075254.1,,Tonate virus,Tonate virus,Togaviridae,Togaviridae,ICTV 2026 (MSL41.v1),exact_current_family_from_author_figure_table,high,1,independent_source_verified
Zoonotic rank model,SCLIN0027843,input_original/manual_downloads/ZoonoticRankModel/FinalData_Cleaned.csv,normalized from outputs/tables/zoonotic_rank_family_reconstruction_audit.csv row 596; unit=released dataset row,RAW0027843,HM147992.1,,Una virus,Una virus,Togaviridae,Togaviridae,ICTV 2026 (MSL41.v1),exact_current_family_from_author_figure_table,high,1,independent_source_verified
Zoonotic rank model,SCLIN0027844,input_original/manual_downloads/ZoonoticRankModel/FinalData_Cleaned.csv,normalized from outputs/tables/zoonotic_rank_family_reconstruction_audit.csv row 601; unit=released dataset row,RAW0027844,KC344449.1,,Venezuelan equine encephalitis virus,Venezuelan equine encephalitis virus,Togaviridae,Togaviridae,ICTV 2026 (MSL41.v1),exact_current_family_from_author_figure_table,high,1,independent_source_verified
Zoonotic rank model,SCLIN0027845,input_original/manual_downloads/ZoonoticRankModel/FinalData_Cleaned.csv,normalized from outputs/tables/zoonotic_rank_family_reconstruction_audit.csv row 612; unit=released dataset row,RAW0027845,NC_003908.1,,Western equine encephalitis virus,Western equine encephalitis virus,Togaviridae,Togaviridae,ICTV 2026 (MSL41.v1),exact_current_family_from_author_figure_table,high,1,independent_source_verified
Zoonotic rank model,SCLIN0027846,input_original/manual_downloads/ZoonoticRankModel/FinalData_Cleaned.csv,normalized from outputs/tables/zoonotic_rank_family_reconstruction_audit.csv row 613; unit=released dataset row,RAW0027846,NC_016961.1,,Whataroa virus,Whataroa virus,Togaviridae,Togaviridae,ICTV 2026 (MSL41.v1),exact_current_family_from_author_figure_table,high,1,independent_source_verified
Zoonotic rank model,SCLIN0027847,input_original/manual_downloads/ZoonoticRankModel/FinalData_Cleaned.csv,normalized from outputs/tables/zoonotic_rank_family_reconstruction_audit.csv row 71; unit=released dataset row,RAW0027847,NC_001786.1,,Barmah Forest virus,Barmah Forest virus,Togaviridae,Togaviridae,ICTV 2026 (MSL41.v1),exact_current_family_from_author_figure_table,high,1,independent_source_verified
Zoonotic rank model,SCLIN0027848,input_original/manual_downloads/ZoonoticRankModel/FinalData_Cleaned.csv,normalized from outputs/tables/zoonotic_rank_family_reconstruction_audit.csv row 78; unit=released dataset row,RAW0027848,NC_016962.1,,Bebaru virus,Bebaru virus,Togaviridae,Togaviridae,ICTV 2026 (MSL41.v1),exact_current_family_from_author_figure_table,high,1,independent_source_verified
Zoonotic rank model,SCLIN0027849,input_original/manual_downloads/ZoonoticRankModel/FinalData_Cleaned.csv,normalized from outputs/tables/zoonotic_rank_family_reconstruction_audit.csv row 896; unit=released dataset row,RAW0027849,HM147991.1,,Trocara virus,Trocara virus,,Togaviridae,ICTV 2026 (MSL41.v1),exact_vmr_genbank_accession,high,1,independent_source_verified
