Row,Rank,Group,Tool,Count
Abelmoschus esculentus,species,Plants,DeePaC-vir,22.0
Abelmoschus esculentus,species,Plants,Host Taxon Predictor,18.0
Abelmoschus esculentus,species,Plants,RNAVirHost,4.0
Abelmoschus esculentus,species,Plants,SPHAK,157.0
Abelmoschus manihot,species,Plants,Host Taxon Predictor,1.0
Abelmoschus manihot,species,Plants,SPHAK,5.0
Acartia tonsa,species,Invertebrates,DeePaC-vir,1.0
Acartia tonsa,species,Invertebrates,Host Taxon Predictor,1.0
Acerodon celebensis,species,Mammals,DeePaC-vir,2.0
Acerodon celebensis,species,Mammals,Host Taxon Predictor,1.0
Acheta domesticus,species,Invertebrates,DeePaC-vir,2.0
Acheta domesticus,species,Invertebrates,Host Taxon Predictor,1.0
Acheta domesticus,species,Invertebrates,RNAVirHost,2.0
Actinidia chinensis,species,Plants,DeePaC-vir,3.0
Actinidia chinensis,species,Plants,Host Taxon Predictor,2.0
Actinidia chinensis,species,Plants,RNAVirHost,10.0
Actinidia deliciosa,species,Plants,DeePaC-vir,2.0
Actinidia deliciosa,species,Plants,RNAVirHost,8.0
Acyrthosiphon pisum,species,Invertebrates,DeePaC-vir,1.0
Acyrthosiphon pisum,species,Invertebrates,RNAVirHost,1.0
Adoxophyes orana,species,Invertebrates,DeePaC-vir,1.0
Adoxophyes orana,species,Invertebrates,Host Taxon Predictor,1.0
Aedeomyia squamipennis,species,Invertebrates,DeePaC-vir,2.0
Aedeomyia squamipennis,species,Invertebrates,RNAVirHost,10.0
Aedes aegypti,species,Invertebrates,DeePaC-vir,4.0
Aedes aegypti,species,Invertebrates,Host Taxon Predictor,2.0
Aedes aegypti,species,Invertebrates,RNAVirHost,12.0
Aedes aegypti,species,Invertebrates,SPHAK,2.0
Aedes albopictus,species,Invertebrates,DeePaC-vir,11.0
Aedes albopictus,species,Invertebrates,EvoMIL,36.0
Aedes albopictus,species,Invertebrates,Host Taxon Predictor,2.0
Aedes albopictus,species,Invertebrates,RNAVirHost,72.0
Aedes circumluteolus,species,Invertebrates,DeePaC-vir,1.0
Aedes circumluteolus,species,Invertebrates,RNAVirHost,3.0
Aedes pseudoscutellaris,species,Invertebrates,DeePaC-vir,1.0
Aedes pseudoscutellaris,species,Invertebrates,RNAVirHost,9.0
Aedes vexans,species,Invertebrates,DeePaC-vir,5.0
Aedes vexans,species,Invertebrates,Host Taxon Predictor,1.0
Aedes vexans,species,Invertebrates,RNAVirHost,8.0
Agapanthus campanulatus,species,Plants,DeePaC-vir,1.0
Agapanthus campanulatus,species,Plants,RNAVirHost,1.0
Agaricus bisporus,species,Fungi,DeePaC-vir,1.0
Agaricus bisporus,species,Fungi,RNAVirHost,1.0
Agave tequilana,species,Plants,DeePaC-vir,1.0
Agave tequilana,species,Plants,Host Taxon Predictor,1.0
Agave tequilana,species,Plants,RNAVirHost,8.0
Ageratum conyzoides,species,Plants,DeePaC-vir,7.0
Ageratum conyzoides,species,Plants,Host Taxon Predictor,10.0
Ageratum conyzoides,species,Plants,SPHAK,23.0
Ageratum houstonianum,species,Plants,DeePaC-vir,1.0
Ageratum houstonianum,species,Plants,Host Taxon Predictor,3.0
Ageratum houstonianum,species,Plants,RNAVirHost,3.0
Agrotis ipsilon,species,Invertebrates,DeePaC-vir,1.0
Agrotis ipsilon,species,Invertebrates,RNAVirHost,1.0
Agrotis segetum,species,Invertebrates,DeePaC-vir,2.0
Agrotis segetum,species,Invertebrates,Host Taxon Predictor,1.0
Ailuropoda melanoleuca,species,Mammals,DeePaC-vir,13.0
Ailuropoda melanoleuca,species,Mammals,Host Taxon Predictor,1.0
Ailuropoda melanoleuca,species,Mammals,RNAVirHost,2.0
Ailuropoda melanoleuca,species,Mammals,SPHAK,4.0
Ailurus fulgens,species,Mammals,DeePaC-vir,3.0
Ailurus fulgens,species,Mammals,Host Taxon Predictor,2.0
Ailurus fulgens,species,Mammals,RNAVirHost,1.0
Aix galericulata,species,Non-mammalian vertebrates,RNAVirHost,1.0
Aix galericulata,species,Non-mammalian vertebrates,SPHAK,2.0
Aix sponsa,species,Non-mammalian vertebrates,RNAVirHost,1.0
Aix sponsa,species,Non-mammalian vertebrates,SPHAK,2.0
Alcea rosea,species,Plants,DeePaC-vir,4.0
Alcea rosea,species,Plants,Host Taxon Predictor,2.0
Alcea rosea,species,Plants,RNAVirHost,3.0
Alcea rosea,species,Plants,SPHAK,8.0
Algae  (not resolved to species),not species-resolved,Algae,DeePaC-vir,42.0
Algae  (not resolved to species),not species-resolved,Algae,VPF-Class,615.0
Allamanda cathartica,species,Plants,DeePaC-vir,2.0
Allamanda cathartica,species,Plants,Host Taxon Predictor,2.0
Allium ampeloprasum,species,Plants,DeePaC-vir,1.0
Allium ampeloprasum,species,Plants,RNAVirHost,5.0
Allium cepa,species,Plants,DeePaC-vir,4.0
Allium cepa,species,Plants,Host Taxon Predictor,1.0
Allium cepa,species,Plants,RNAVirHost,8.0
Allium chinense,species,Plants,DeePaC-vir,1.0
Allium chinense,species,Plants,Host Taxon Predictor,2.0
Allium chinense,species,Plants,RNAVirHost,4.0
Allium fistulosum,species,Plants,DeePaC-vir,1.0
Allium fistulosum,species,Plants,Host Taxon Predictor,1.0
Allium fistulosum,species,Plants,RNAVirHost,2.0
Allium sativum,species,Plants,DeePaC-vir,12.0
Allium sativum,species,Plants,Host Taxon Predictor,8.0
Allium sativum,species,Plants,RNAVirHost,157.0
Alopecurus myosuroides,species,Plants,DeePaC-vir,2.0
Alopecurus myosuroides,species,Plants,RNAVirHost,2.0
Alouatta caraya,species,Mammals,DeePaC-vir,1.0
Alouatta caraya,species,Mammals,Host Taxon Predictor,1.0
Alpinia purpurata,species,Plants,DeePaC-vir,1.0
Alpinia purpurata,species,Plants,RNAVirHost,1.0
Alternaria alternata,species,Fungi,DeePaC-vir,2.0
Alternaria alternata,species,Fungi,Host Taxon Predictor,1.0
Alternaria alternata,species,Fungi,RNAVirHost,9.0
Alternaria arborescens,species,Fungi,DeePaC-vir,2.0
Alternaria arborescens,species,Fungi,Host Taxon Predictor,1.0
Alternaria arborescens,species,Fungi,RNAVirHost,2.0
Alternaria brassicicola,species,Fungi,DeePaC-vir,2.0
Alternaria brassicicola,species,Fungi,Host Taxon Predictor,2.0
Alternaria brassicicola,species,Fungi,RNAVirHost,2.0
Alternaria longipes,species,Fungi,DeePaC-vir,1.0
Alternaria longipes,species,Fungi,Host Taxon Predictor,1.0
Amazona farinosa,species,Non-mammalian vertebrates,DeePaC-vir,1.0
Amazona farinosa,species,Non-mammalian vertebrates,Host Taxon Predictor,1.0
Amazona oratrix,species,Non-mammalian vertebrates,DeePaC-vir,1.0
Amazona oratrix,species,Non-mammalian vertebrates,Host Taxon Predictor,1.0
Amblyomma americanum,species,Invertebrates,DeePaC-vir,3.0
Amblyomma americanum,species,Invertebrates,Host Taxon Predictor,5.0
Amblyomma americanum,species,Invertebrates,RNAVirHost,3.0
Amblyomma americanum,species,Invertebrates,SPHAK,2.0
Ameiva ameiva,species,Non-mammalian vertebrates,DeePaC-vir,3.0
Ameiva ameiva,species,Non-mammalian vertebrates,Host Taxon Predictor,3.0
Ameiva ameiva,species,Non-mammalian vertebrates,RNAVirHost,3.0
Amorphophallus konjac,species,Plants,Host Taxon Predictor,1.0
Amorphophallus konjac,species,Plants,RNAVirHost,1.0
Amphibalanus rhizophorae,species,Invertebrates,DeePaC-vir,1.0
Amphibalanus rhizophorae,species,Invertebrates,Host Taxon Predictor,1.0
Amphibians  (not resolved to species),not species-resolved,Non-mammalian vertebrates,DeePaC-vir,13.0
Amphibians  (not resolved to species),not species-resolved,Non-mammalian vertebrates,RNAVirHost,13.0
Amphibola crenata,species,Invertebrates,DeePaC-vir,5.0
Amphibola crenata,species,Invertebrates,Host Taxon Predictor,4.0
Ananas comosus,species,Plants,DeePaC-vir,6.0
Ananas comosus,species,Plants,RNAVirHost,12.0
Ananas comosus,species,Plants,SPHAK,4.0
Anas acuta,species,Non-mammalian vertebrates,RNAVirHost,1.0
Anas acuta,species,Non-mammalian vertebrates,SPHAK,18.0
Anas acuta,species,Non-mammalian vertebrates,VIDHOP,778.0
Anas carolinensis,species,Non-mammalian vertebrates,SPHAK,41.0
Anas carolinensis,species,Non-mammalian vertebrates,VIDHOP,659.0
Anas clypeata,species,Non-mammalian vertebrates,VIDHOP,1085.0
Anas crecca,species,Non-mammalian vertebrates,RNAVirHost,2.0
Anas crecca,species,Non-mammalian vertebrates,SPHAK,37.0
Anas crecca,species,Non-mammalian vertebrates,VIDHOP,727.0
Anas discors,species,Non-mammalian vertebrates,VIDHOP,2243.0
Anas platyrhynchos,species,Non-mammalian vertebrates,DeePaC-vir,32.0
Anas platyrhynchos,species,Non-mammalian vertebrates,EvoMIL,40.0
Anas platyrhynchos,species,Non-mammalian vertebrates,Host Taxon Predictor,6.0
Anas platyrhynchos,species,Non-mammalian vertebrates,RNAVirHost,50.0
Anas platyrhynchos,species,Non-mammalian vertebrates,SPHAK,219.0
Anas platyrhynchos,species,Non-mammalian vertebrates,VIDHOP,24996.0
Anas rubripes,species,Non-mammalian vertebrates,DeePaC-vir,1.0
Anas rubripes,species,Non-mammalian vertebrates,Host Taxon Predictor,1.0
Anas rubripes,species,Non-mammalian vertebrates,RNAVirHost,1.0
Anas rubripes,species,Non-mammalian vertebrates,VIDHOP,346.0
Anatidae,family,Non-mammalian vertebrates,SPHAK,361.0
Andrena haemorrhoa,species,Invertebrates,DeePaC-vir,2.0
Andrena haemorrhoa,species,Invertebrates,RNAVirHost,1.0
Andrographis paniculata,species,Plants,DeePaC-vir,2.0
Andrographis paniculata,species,Plants,Host Taxon Predictor,2.0
Anethum graveolens,species,Plants,DeePaC-vir,2.0
Anethum graveolens,species,Plants,Host Taxon Predictor,4.0
Anethum graveolens,species,Plants,RNAVirHost,5.0
Anethum graveolens,species,Plants,SPHAK,2.0
Angelonia angustifolia,species,Plants,DeePaC-vir,1.0
Angelonia angustifolia,species,Plants,Host Taxon Predictor,1.0
Angelonia angustifolia,species,Plants,RNAVirHost,1.0
Anguilla anguilla,species,Non-mammalian vertebrates,DeePaC-vir,4.0
Anguilla anguilla,species,Non-mammalian vertebrates,Host Taxon Predictor,3.0
Anguilla anguilla,species,Non-mammalian vertebrates,RNAVirHost,2.0
Anguilla australis,species,Non-mammalian vertebrates,DeePaC-vir,1.0
Anguilla australis,species,Non-mammalian vertebrates,Host Taxon Predictor,1.0
Anguilla marmorata,species,Non-mammalian vertebrates,DeePaC-vir,1.0
Anguilla marmorata,species,Non-mammalian vertebrates,Host Taxon Predictor,1.0
Anopheles albimanus,species,Invertebrates,DeePaC-vir,1.0
Anopheles albimanus,species,Invertebrates,Host Taxon Predictor,1.0
Anopheles annulipes,species,Invertebrates,DeePaC-vir,2.0
Anopheles annulipes,species,Invertebrates,Host Taxon Predictor,13.0
Anopheles annulipes,species,Invertebrates,RNAVirHost,15.0
Anopheles atropos,species,Invertebrates,DeePaC-vir,1.0
Anopheles atropos,species,Invertebrates,Host Taxon Predictor,1.0
Anopheles coluzzii,species,Invertebrates,DeePaC-vir,1.0
Anopheles coluzzii,species,Invertebrates,Host Taxon Predictor,1.0
Anopheles coluzzii,species,Invertebrates,RNAVirHost,2.0
Anopheles coustani,species,Invertebrates,DeePaC-vir,1.0
Anopheles coustani,species,Invertebrates,Host Taxon Predictor,1.0
Anopheles coustani,species,Invertebrates,RNAVirHost,1.0
Anopheles farauti,species,Invertebrates,DeePaC-vir,1.0
Anopheles farauti,species,Invertebrates,Host Taxon Predictor,1.0
Anopheles farauti,species,Invertebrates,RNAVirHost,1.0
Anopheles funestus,species,Invertebrates,DeePaC-vir,1.0
Anopheles funestus,species,Invertebrates,Host Taxon Predictor,3.0
Anopheles funestus,species,Invertebrates,RNAVirHost,5.0
Anopheles gambiae,species,Invertebrates,DeePaC-vir,2.0
Anopheles gambiae,species,Invertebrates,Host Taxon Predictor,1.0
Anopheles gambiae,species,Invertebrates,RNAVirHost,4.0
Anopheles hinesorum,species,Invertebrates,DeePaC-vir,1.0
Anopheles hinesorum,species,Invertebrates,Host Taxon Predictor,1.0
Anopheles hinesorum,species,Invertebrates,RNAVirHost,2.0
Anopheles meraukensis,species,Invertebrates,DeePaC-vir,1.0
Anopheles meraukensis,species,Invertebrates,Host Taxon Predictor,1.0
Anopheles meraukensis,species,Invertebrates,RNAVirHost,4.0
Anopheles quadrimaculatus,species,Invertebrates,DeePaC-vir,1.0
Anopheles quadrimaculatus,species,Invertebrates,Host Taxon Predictor,1.0
Anopheles quadrimaculatus,species,Invertebrates,RNAVirHost,1.0
Anopheles sinensis,species,Invertebrates,DeePaC-vir,2.0
Anopheles sinensis,species,Invertebrates,Host Taxon Predictor,1.0
Anopheles sinensis,species,Invertebrates,RNAVirHost,15.0
Anopheles tessellatus,species,Invertebrates,DeePaC-vir,1.0
Anopheles tessellatus,species,Invertebrates,RNAVirHost,1.0
Anopheles vagus,species,Invertebrates,DeePaC-vir,1.0
Anopheles vagus,species,Invertebrates,RNAVirHost,3.0
Anourosorex squamipes,species,Mammals,DeePaC-vir,1.0
Anourosorex squamipes,species,Mammals,Host Taxon Predictor,3.0
Anourosorex squamipes,species,Mammals,RNAVirHost,5.0
Anredera cordifolia,species,Plants,DeePaC-vir,1.0
Anredera cordifolia,species,Plants,Host Taxon Predictor,1.0
Anredera cordifolia,species,Plants,RNAVirHost,1.0
Anser albifrons,species,Non-mammalian vertebrates,DeePaC-vir,1.0
Anser albifrons,species,Non-mammalian vertebrates,RNAVirHost,1.0
Anser albifrons,species,Non-mammalian vertebrates,SPHAK,2.0
Anser albifrons,species,Non-mammalian vertebrates,VIDHOP,291.0
Anser anser,species,Non-mammalian vertebrates,DeePaC-vir,3.0
Anser anser,species,Non-mammalian vertebrates,Host Taxon Predictor,2.0
Anser anser,species,Non-mammalian vertebrates,RNAVirHost,1.0
Anser anser,species,Non-mammalian vertebrates,SPHAK,5.0
Anser caerulescens,species,Non-mammalian vertebrates,DeePaC-vir,1.0
Anser caerulescens,species,Non-mammalian vertebrates,Host Taxon Predictor,1.0
Anser caerulescens,species,Non-mammalian vertebrates,RNAVirHost,2.0
Anser caerulescens,species,Non-mammalian vertebrates,SPHAK,1.0
Anser cygnoides,species,Non-mammalian vertebrates,RNAVirHost,2.0
Anser cygnoides,species,Non-mammalian vertebrates,SPHAK,6.0
Anser fabalis,species,Non-mammalian vertebrates,SPHAK,3.0
Anser fabalis,species,Non-mammalian vertebrates,VIDHOP,201.0
Anser indicus,species,Non-mammalian vertebrates,VIDHOP,105.0
Anser rossii,species,Non-mammalian vertebrates,DeePaC-vir,1.0
Anser rossii,species,Non-mammalian vertebrates,RNAVirHost,1.0
Anser sp.,species,Non-mammalian vertebrates,DeePaC-vir,6.0
Anser sp.,species,Non-mammalian vertebrates,RNAVirHost,4.0
Anser sp.,species,Non-mammalian vertebrates,SPHAK,10.0
Antennarius striatus,species,Non-mammalian vertebrates,DeePaC-vir,2.0
Antennarius striatus,species,Non-mammalian vertebrates,RNAVirHost,7.0
Antheraea pernyi,species,Invertebrates,DeePaC-vir,2.0
Antheraea pernyi,species,Invertebrates,Host Taxon Predictor,1.0
Antheraea pernyi,species,Invertebrates,RNAVirHost,1.0
Anthocercis littorea,species,Plants,DeePaC-vir,1.0
Anthocercis littorea,species,Plants,Host Taxon Predictor,1.0
Anthocercis littorea,species,Plants,RNAVirHost,1.0
Anthocercis littorea,species,Plants,SPHAK,2.0
Anthoxanthum odoratum,species,Plants,DeePaC-vir,1.0
Anthoxanthum odoratum,species,Plants,RNAVirHost,1.0
Anticarsia gemmatalis,species,Invertebrates,DeePaC-vir,1.0
Anticarsia gemmatalis,species,Invertebrates,Host Taxon Predictor,1.0
Antilocapra americana,species,Mammals,DeePaC-vir,1.0
Antilocapra americana,species,Mammals,RNAVirHost,10.0
Antonospora locustae,species,Fungi,DeePaC-vir,1.0
Antonospora locustae,species,Fungi,Host Taxon Predictor,1.0
Antonospora locustae,species,Fungi,RNAVirHost,1.0
Aotus trivirgatus,species,Mammals,DeePaC-vir,2.0
Aotus trivirgatus,species,Mammals,RNAVirHost,2.0
Aphis fabae,species,Invertebrates,DeePaC-vir,1.0
Aphis fabae,species,Invertebrates,Host Taxon Predictor,1.0
Aphis fabae,species,Invertebrates,RNAVirHost,3.0
Aphis glycines,species,Invertebrates,DeePaC-vir,2.0
Aphis glycines,species,Invertebrates,Host Taxon Predictor,2.0
Aphis glycines,species,Invertebrates,RNAVirHost,1.0
Apis cerana,species,Invertebrates,DeePaC-vir,1.0
Apis cerana,species,Invertebrates,RNAVirHost,1.0
Apis mellifera,species,Invertebrates,DeePaC-vir,18.0
Apis mellifera,species,Invertebrates,Host Taxon Predictor,14.0
Apis mellifera,species,Invertebrates,RNAVirHost,86.0
Apium graveolens,species,Plants,DeePaC-vir,2.0
Apium graveolens,species,Plants,Host Taxon Predictor,2.0
Apium graveolens,species,Plants,RNAVirHost,16.0
Aplysia californica,species,Invertebrates,DeePaC-vir,1.0
Aplysia californica,species,Invertebrates,RNAVirHost,1.0
Apodemus agrarius,species,Mammals,DeePaC-vir,1.0
Apodemus agrarius,species,Mammals,Host Taxon Predictor,1.0
Apodemus agrarius,species,Mammals,RNAVirHost,21.0
Apodemus argenteus,species,Mammals,DeePaC-vir,1.0
Apodemus argenteus,species,Mammals,RNAVirHost,1.0
Apodemus chevrieri,species,Mammals,DeePaC-vir,1.0
Apodemus chevrieri,species,Mammals,Host Taxon Predictor,1.0
Apodemus chevrieri,species,Mammals,RNAVirHost,4.0
Apodemus flavicollis,species,Mammals,DeePaC-vir,1.0
Apodemus flavicollis,species,Mammals,Host Taxon Predictor,3.0
Apodemus flavicollis,species,Mammals,RNAVirHost,3.0
Apodemus flavicollis,species,Mammals,SPHAK,2.0
Apodemus sylvaticus,species,Mammals,DeePaC-vir,4.0
Apodemus sylvaticus,species,Mammals,Host Taxon Predictor,1.0
Apodemus sylvaticus,species,Mammals,RNAVirHost,4.0
Apodemus sylvaticus,species,Mammals,SPHAK,9.0
Ara ararauna,species,Non-mammalian vertebrates,DeePaC-vir,2.0
Ara ararauna,species,Non-mammalian vertebrates,Host Taxon Predictor,1.0
Ara ararauna,species,Non-mammalian vertebrates,RNAVirHost,1.0
Arabidopsis halleri,species,Plants,DeePaC-vir,1.0
Arabidopsis halleri,species,Plants,Host Taxon Predictor,2.0
Arabidopsis halleri,species,Plants,RNAVirHost,2.0
Arabidopsis thaliana,species,Plants,DeePaC-vir,4.0
Arabidopsis thaliana,species,Plants,RNAVirHost,13.0
Arachis hypogaea,species,Plants,DeePaC-vir,6.0
Arachis hypogaea,species,Plants,RNAVirHost,17.0
Arachis hypogaea,species,Plants,SPHAK,3.0
Arachis pintoi,species,Plants,DeePaC-vir,1.0
Arachis pintoi,species,Plants,Host Taxon Predictor,1.0
Arachis pintoi,species,Plants,RNAVirHost,4.0
Arachnida,class,Invertebrates,UniVH,14.0
Arachnids  (not resolved to species),not species-resolved,Invertebrates,DeePaC-vir,11.0
Arachnids  (not resolved to species),not species-resolved,Invertebrates,Host Taxon Predictor,67.0
Arachnids  (not resolved to species),not species-resolved,Invertebrates,RNAVirHost,153.0
Aratinga solstitialis,species,Non-mammalian vertebrates,DeePaC-vir,1.0
Aratinga solstitialis,species,Non-mammalian vertebrates,Host Taxon Predictor,1.0
Arctium lappa,species,Plants,DeePaC-vir,1.0
Arctium lappa,species,Plants,Host Taxon Predictor,2.0
Arctium lappa,species,Plants,RNAVirHost,2.0
Arctocephalus forsteri,species,Mammals,DeePaC-vir,2.0
Arctocephalus forsteri,species,Mammals,Host Taxon Predictor,2.0
Arctocephalus gazella,species,Mammals,DeePaC-vir,1.0
Arctocephalus gazella,species,Mammals,Host Taxon Predictor,1.0
Arctocephalus gazella,species,Mammals,RNAVirHost,1.0
Arctocephalus gazella,species,Mammals,SPHAK,4.0
Areca catechu,species,Plants,DeePaC-vir,1.0
Areca catechu,species,Plants,RNAVirHost,4.0
Areca catechu,species,Plants,SPHAK,9.0
Arenaria interpres,species,Non-mammalian vertebrates,SPHAK,19.0
Arenaria interpres,species,Non-mammalian vertebrates,VIDHOP,3374.0
Argas miniatus,species,Invertebrates,DeePaC-vir,3.0
Argas miniatus,species,Invertebrates,Host Taxon Predictor,3.0
Argas miniatus,species,Invertebrates,RNAVirHost,3.0
Argas reflexus,species,Invertebrates,DeePaC-vir,1.0
Argas reflexus,species,Invertebrates,RNAVirHost,4.0
Argas reflexus,species,Invertebrates,SPHAK,1.0
Armadillidium vulgare,species,Invertebrates,DeePaC-vir,1.0
Armadillidium vulgare,species,Invertebrates,RNAVirHost,1.0
Armigeres subalbatus,species,Invertebrates,DeePaC-vir,1.0
Armigeres subalbatus,species,Invertebrates,Host Taxon Predictor,1.0
Armigeres subalbatus,species,Invertebrates,RNAVirHost,14.0
Armoracia rusticana,species,Plants,DeePaC-vir,2.0
Armoracia rusticana,species,Plants,RNAVirHost,2.0
Arracacia xanthorrhiza,species,Plants,DeePaC-vir,2.0
Arracacia xanthorrhiza,species,Plants,Host Taxon Predictor,2.0
Arracacia xanthorrhiza,species,Plants,RNAVirHost,8.0
Arrhenatherum elatius,species,Plants,DeePaC-vir,1.0
Arrhenatherum elatius,species,Plants,Host Taxon Predictor,1.0
Arrhenatherum elatius,species,Plants,RNAVirHost,1.0
Artemisia annua,species,Plants,DeePaC-vir,1.0
Artemisia annua,species,Plants,Host Taxon Predictor,1.0
Artemisia annua,species,Plants,RNAVirHost,1.0
Artemisia carvifolia,species,Plants,DeePaC-vir,1.0
Artemisia carvifolia,species,Plants,RNAVirHost,1.0
Artemisia carvifolia,species,Plants,SPHAK,2.0
Artemisina melana,species,Invertebrates,DeePaC-vir,1.0
Artemisina melana,species,Invertebrates,Host Taxon Predictor,1.0
Artibeus jamaicensis,species,Mammals,DeePaC-vir,1.0
Artibeus jamaicensis,species,Mammals,Host Taxon Predictor,1.0
Artibeus lituratus,species,Mammals,"HostNet (Rabies, VIPHOD)",90.0
Artibeus lituratus,species,Mammals,RNAVirHost,1.0
Artibeus lituratus,species,Mammals,VIDHOP,110.0
Artiodactyla,order,Mammals,UniVH,18.0
Artiodactyla,order,Mammals,ViralHostPredictor,64.0
Artiodactyla,order,Mammals,Zoonotic rank,143.0
Asclepias viridis,species,Plants,DeePaC-vir,1.0
Asclepias viridis,species,Plants,Host Taxon Predictor,1.0
Asclepias viridis,species,Plants,RNAVirHost,1.0
Aselliscus stoliczkanus,species,Mammals,DeePaC-vir,1.0
Aselliscus stoliczkanus,species,Mammals,Host Taxon Predictor,1.0
Aspergillus foetidus,species,Fungi,DeePaC-vir,2.0
Aspergillus foetidus,species,Fungi,Host Taxon Predictor,4.0
Aspergillus foetidus,species,Fungi,RNAVirHost,5.0
Aspergillus fumigatus,species,Fungi,DeePaC-vir,3.0
Aspergillus fumigatus,species,Fungi,RNAVirHost,6.0
Aspergillus ochraceus,species,Fungi,DeePaC-vir,1.0
Aspergillus ochraceus,species,Fungi,RNAVirHost,2.0
Aspidites melanocephalus,species,Non-mammalian vertebrates,DeePaC-vir,1.0
Aspidites melanocephalus,species,Non-mammalian vertebrates,Host Taxon Predictor,1.0
Aspidites melanocephalus,species,Non-mammalian vertebrates,RNAVirHost,1.0
Astragalus sinicus,species,Plants,Host Taxon Predictor,2.0
Astragalus sinicus,species,Plants,SPHAK,1.0
Asystasia gangetica,species,Plants,DeePaC-vir,3.0
Asystasia gangetica,species,Plants,Host Taxon Predictor,4.0
Asystasia gangetica,species,Plants,SPHAK,4.0
Ateles paniscus,species,Mammals,DeePaC-vir,1.0
Ateles paniscus,species,Mammals,Host Taxon Predictor,1.0
Ateles sp.,species,Mammals,DeePaC-vir,1.0
Ateles sp.,species,Mammals,RNAVirHost,1.0
Atherigona orientalis,species,Invertebrates,DeePaC-vir,2.0
Atherigona orientalis,species,Invertebrates,Host Taxon Predictor,4.0
Atherigona orientalis,species,Invertebrates,RNAVirHost,4.0
Atheris squamigera,species,Non-mammalian vertebrates,DeePaC-vir,2.0
Atheris squamigera,species,Non-mammalian vertebrates,Host Taxon Predictor,10.0
Atheris squamigera,species,Non-mammalian vertebrates,RNAVirHost,10.0
Atkinsonella hypoxylon,species,Fungi,DeePaC-vir,1.0
Atkinsonella hypoxylon,species,Fungi,RNAVirHost,2.0
Atractylodes macrocephala,species,Plants,DeePaC-vir,2.0
Atractylodes macrocephala,species,Plants,Host Taxon Predictor,1.0
Atractylodes macrocephala,species,Plants,RNAVirHost,2.0
Atractylodes macrocephala,species,Plants,SPHAK,2.0
Aulacorthum magnoliae,species,Invertebrates,DeePaC-vir,1.0
Aulacorthum magnoliae,species,Invertebrates,Host Taxon Predictor,3.0
Aulacorthum magnoliae,species,Invertebrates,RNAVirHost,2.0
Austrovenus stutchburyi,species,Invertebrates,DeePaC-vir,13.0
Austrovenus stutchburyi,species,Invertebrates,Host Taxon Predictor,8.0
Avena sativa,species,Plants,DeePaC-vir,17.0
Avena sativa,species,Plants,Host Taxon Predictor,3.0
Avena sativa,species,Plants,RNAVirHost,44.0
Avena sp.,species,Plants,DeePaC-vir,1.0
Avena sp.,species,Plants,RNAVirHost,6.0
Aves,class,Non-mammalian vertebrates,DeePaC-vir,16.0
Aves,class,Non-mammalian vertebrates,GIVAL,48905.0
Aves,class,Non-mammalian vertebrates,MENB,1200.0
Aves,class,Non-mammalian vertebrates,UniVH,58.0
Axonopus compressus,species,Plants,DeePaC-vir,1.0
Axonopus compressus,species,Plants,Host Taxon Predictor,1.0
Bandicota sp.,species,Mammals,DeePaC-vir,1.0
Bandicota sp.,species,Mammals,RNAVirHost,2.0
Barbus barbus,species,Non-mammalian vertebrates,DeePaC-vir,1.0
Barbus barbus,species,Non-mammalian vertebrates,Host Taxon Predictor,1.0
Bats  (not resolved to species),not species-resolved,Mammals,DeePaC-vir,27.0
Bats  (not resolved to species),not species-resolved,Mammals,Host Taxon Predictor,14.0
Bats  (not resolved to species),not species-resolved,Mammals,RNAVirHost,102.0
Bats  (not resolved to species),not species-resolved,Mammals,SPHAK,39.0
Beauveria bassiana,species,Fungi,DeePaC-vir,4.0
Beauveria bassiana,species,Fungi,Host Taxon Predictor,5.0
Beauveria bassiana,species,Fungi,RNAVirHost,3.0
Bemisia tabaci,species,Invertebrates,DeePaC-vir,7.0
Bemisia tabaci,species,Invertebrates,Host Taxon Predictor,3.0
Bemisia tabaci,species,Invertebrates,RNAVirHost,24.0
Benincasa hispida,species,Plants,DeePaC-vir,3.0
Benincasa hispida,species,Plants,Host Taxon Predictor,1.0
Benincasa hispida,species,Plants,RNAVirHost,6.0
Benincasa hispida,species,Plants,SPHAK,4.0
Beta vulgaris,species,Plants,DeePaC-vir,15.0
Beta vulgaris,species,Plants,Host Taxon Predictor,7.0
Beta vulgaris,species,Plants,RNAVirHost,52.0
Beta vulgaris,species,Plants,SPHAK,40.0
Bettongia penicillata,species,Mammals,DeePaC-vir,1.0
Bettongia penicillata,species,Mammals,Host Taxon Predictor,1.0
Betula pubescens,species,Plants,DeePaC-vir,1.0
Betula pubescens,species,Plants,RNAVirHost,1.0
Bidens pilosa,species,Plants,DeePaC-vir,1.0
Bidens pilosa,species,Plants,RNAVirHost,4.0
Biomphalaria glabrata,species,Invertebrates,DeePaC-vir,2.0
Biomphalaria glabrata,species,Invertebrates,Host Taxon Predictor,2.0
Biomphalaria glabrata,species,Invertebrates,RNAVirHost,4.0
Bipolaris maydis,species,Fungi,DeePaC-vir,3.0
Bipolaris maydis,species,Fungi,Host Taxon Predictor,2.0
Bipolaris maydis,species,Fungi,RNAVirHost,10.0
Bipolaris victoriae,species,Fungi,DeePaC-vir,2.0
Bipolaris victoriae,species,Fungi,RNAVirHost,5.0
Birds  (not resolved to species),not species-resolved,Non-mammalian vertebrates,DeePaC-vir,63.0
Birds  (not resolved to species),not species-resolved,Non-mammalian vertebrates,Host Taxon Predictor,35.0
Birds  (not resolved to species),not species-resolved,Non-mammalian vertebrates,RNAVirHost,109.0
Birds  (not resolved to species),not species-resolved,Non-mammalian vertebrates,SPHAK,328.0
Birds  (not resolved to species),not species-resolved,Non-mammalian vertebrates,Zoonotic rank,66.0
Blainvillea rhomboidea,species,Plants,DeePaC-vir,1.0
Blainvillea rhomboidea,species,Plants,Host Taxon Predictor,3.0
Blainvillea rhomboidea,species,Plants,SPHAK,7.0
Blattella germanica,species,Invertebrates,DeePaC-vir,2.0
Blattella germanica,species,Invertebrates,Host Taxon Predictor,3.0
Blattella germanica,species,Invertebrates,RNAVirHost,3.0
Blicca bjoerkna,species,Non-mammalian vertebrates,DeePaC-vir,2.0
Blicca bjoerkna,species,Non-mammalian vertebrates,Host Taxon Predictor,1.0
Boa constrictor,species,Non-mammalian vertebrates,DeePaC-vir,5.0
Boa constrictor,species,Non-mammalian vertebrates,Host Taxon Predictor,6.0
Boa constrictor,species,Non-mammalian vertebrates,RNAVirHost,75.0
Bombyx mori,species,Invertebrates,DeePaC-vir,9.0
Bombyx mori,species,Invertebrates,Host Taxon Predictor,2.0
Bombyx mori,species,Invertebrates,RNAVirHost,7.0
Bos grunniens,species,Mammals,DeePaC-vir,7.0
Bos grunniens,species,Mammals,Host Taxon Predictor,1.0
Bos grunniens,species,Mammals,RNAVirHost,3.0
Bos grunniens,species,Mammals,SPHAK,3.0
Bos javanicus,species,Mammals,DeePaC-vir,1.0
Bos javanicus,species,Mammals,RNAVirHost,1.0
Bos taurus,species,Mammals,DeePaC-vir,162.0
Bos taurus,species,Mammals,EvoMIL,202.0
Bos taurus,species,Mammals,Host Taxon Predictor,43.0
Bos taurus,species,Mammals,"HostNet (Rabies, VIPHOD)",2280.0
Bos taurus,species,Mammals,RNAVirHost,294.0
Bos taurus,species,Mammals,SPHAK,85.0
Bos taurus,species,Mammals,VIDHOP,3516.0
Bothrops atrox,species,Non-mammalian vertebrates,DeePaC-vir,1.0
Bothrops atrox,species,Non-mammalian vertebrates,RNAVirHost,1.0
Botryosphaeria dothidea,species,Fungi,DeePaC-vir,3.0
Botryosphaeria dothidea,species,Fungi,Host Taxon Predictor,10.0
Botryosphaeria dothidea,species,Fungi,RNAVirHost,19.0
Botrytis cinerea,species,Fungi,DeePaC-vir,14.0
Botrytis cinerea,species,Fungi,Host Taxon Predictor,5.0
Botrytis cinerea,species,Fungi,RNAVirHost,62.0
Botrytis porri,species,Fungi,DeePaC-vir,1.0
Botrytis porri,species,Fungi,Host Taxon Predictor,1.0
Bougainvillea spectabilis,species,Plants,DeePaC-vir,1.0
Bougainvillea spectabilis,species,Plants,RNAVirHost,3.0
Branta canadensis,species,Non-mammalian vertebrates,DeePaC-vir,1.0
Branta canadensis,species,Non-mammalian vertebrates,RNAVirHost,2.0
Branta canadensis,species,Non-mammalian vertebrates,SPHAK,10.0
Branta canadensis,species,Non-mammalian vertebrates,VIDHOP,126.0
Brassica juncea,species,Plants,DeePaC-vir,1.0
Brassica juncea,species,Plants,RNAVirHost,1.0
Brassica napus,species,Plants,DeePaC-vir,3.0
Brassica napus,species,Plants,Host Taxon Predictor,2.0
Brassica napus,species,Plants,RNAVirHost,6.0
Brassica napus,species,Plants,SPHAK,1.0
Brassica oleracea,species,Plants,DeePaC-vir,4.0
Brassica oleracea,species,Plants,RNAVirHost,11.0
Brassica rapa,species,Plants,DeePaC-vir,6.0
Brassica rapa,species,Plants,Host Taxon Predictor,4.0
Brassica rapa,species,Plants,RNAVirHost,16.0
Brassica rapa,species,Plants,SPHAK,27.0
Brevicoryne brassicae,species,Invertebrates,DeePaC-vir,1.0
Brevicoryne brassicae,species,Invertebrates,Host Taxon Predictor,1.0
Brevicoryne brassicae,species,Invertebrates,RNAVirHost,1.0
Bromus catharticus,species,Plants,DeePaC-vir,1.0
Bromus catharticus,species,Plants,Host Taxon Predictor,1.0
Bromus hordeaceus,species,Plants,DeePaC-vir,3.0
Bromus hordeaceus,species,Plants,Host Taxon Predictor,3.0
Bromus inermis,species,Plants,DeePaC-vir,1.0
Bromus inermis,species,Plants,RNAVirHost,3.0
Brugmansia suaveolens,species,Plants,DeePaC-vir,2.0
Brugmansia suaveolens,species,Plants,Host Taxon Predictor,1.0
Brugmansia suaveolens,species,Plants,RNAVirHost,2.0
Bubalus bubalis,species,Mammals,RNAVirHost,2.0
Bubalus bubalis,species,Mammals,SPHAK,2.0
Budorcas taxicolor,species,Mammals,DeePaC-vir,2.0
Budorcas taxicolor,species,Mammals,RNAVirHost,2.0
Buteo jamaicensis,species,Non-mammalian vertebrates,DeePaC-vir,1.0
Buteo jamaicensis,species,Non-mammalian vertebrates,Host Taxon Predictor,1.0
Cacatua moluccensis,species,Non-mammalian vertebrates,DeePaC-vir,1.0
Cacatua moluccensis,species,Non-mammalian vertebrates,Host Taxon Predictor,1.0
Cacatua moluccensis,species,Non-mammalian vertebrates,RNAVirHost,1.0
Caenorhabditis briggsae,species,Invertebrates,DeePaC-vir,2.0
Caenorhabditis briggsae,species,Invertebrates,Host Taxon Predictor,4.0
Caenorhabditis briggsae,species,Invertebrates,RNAVirHost,4.0
Caenorhabditis elegans,species,Invertebrates,DeePaC-vir,1.0
Caenorhabditis elegans,species,Invertebrates,Host Taxon Predictor,2.0
Caenorhabditis elegans,species,Invertebrates,RNAVirHost,2.0
Cafeteria roenbergensis,species,Protists & oomycetes,DeePaC-vir,2.0
Cafeteria roenbergensis,species,Protists & oomycetes,Host Taxon Predictor,1.0
Cairina moschata,species,Non-mammalian vertebrates,DeePaC-vir,5.0
Cairina moschata,species,Non-mammalian vertebrates,Host Taxon Predictor,1.0
Cairina moschata,species,Non-mammalian vertebrates,SPHAK,15.0
Cairina moschata,species,Non-mammalian vertebrates,VIDHOP,990.0
Cajanus cajan,species,Plants,DeePaC-vir,5.0
Cajanus cajan,species,Plants,Host Taxon Predictor,15.0
Cajanus cajan,species,Plants,RNAVirHost,13.0
Cajanus cajan,species,Plants,SPHAK,3.0
Caladenia latifolia,species,Plants,DeePaC-vir,1.0
Caladenia latifolia,species,Plants,Host Taxon Predictor,1.0
Caladenia latifolia,species,Plants,RNAVirHost,1.0
Calidris alba,species,Non-mammalian vertebrates,VIDHOP,127.0
Calidris canutus,species,Non-mammalian vertebrates,VIDHOP,250.0
Calidris fuscicollis,species,Non-mammalian vertebrates,DeePaC-vir,1.0
Calidris fuscicollis,species,Non-mammalian vertebrates,Host Taxon Predictor,1.0
Calidris fuscicollis,species,Non-mammalian vertebrates,RNAVirHost,1.0
Calidris ruficollis,species,Non-mammalian vertebrates,RNAVirHost,1.0
Calidris ruficollis,species,Non-mammalian vertebrates,VIDHOP,105.0
Callinectes ornatus,species,Invertebrates,DeePaC-vir,1.0
Callinectes ornatus,species,Invertebrates,Host Taxon Predictor,1.0
Callinectes sapidus,species,Invertebrates,DeePaC-vir,2.0
Callinectes sapidus,species,Invertebrates,Host Taxon Predictor,2.0
Callinectes sapidus,species,Invertebrates,RNAVirHost,14.0
Callistephus chinensis,species,Plants,DeePaC-vir,1.0
Callistephus chinensis,species,Plants,Host Taxon Predictor,1.0
Callistephus chinensis,species,Plants,RNAVirHost,1.0
Callithrix jacchus,species,Mammals,DeePaC-vir,4.0
Callithrix jacchus,species,Mammals,RNAVirHost,8.0
Callosciurus erythraeus,species,Mammals,DeePaC-vir,1.0
Callosciurus erythraeus,species,Mammals,Host Taxon Predictor,1.0
Calomys callosus,species,Mammals,DeePaC-vir,1.0
Calomys callosus,species,Mammals,RNAVirHost,2.0
Calomys laucha,species,Mammals,DeePaC-vir,1.0
Calomys laucha,species,Mammals,RNAVirHost,1.0
Caluromys philander,species,Mammals,Host Taxon Predictor,3.0
Caluromys philander,species,Mammals,RNAVirHost,7.0
Camellia oleifera,species,Plants,DeePaC-vir,1.0
Camellia oleifera,species,Plants,RNAVirHost,3.0
Camellia sinensis,species,Plants,DeePaC-vir,2.0
Camellia sinensis,species,Plants,RNAVirHost,7.0
Camelus bactrianus,species,Mammals,DeePaC-vir,1.0
Camelus bactrianus,species,Mammals,RNAVirHost,3.0
Camelus dromedarius,species,Mammals,DeePaC-vir,14.0
Camelus dromedarius,species,Mammals,Host Taxon Predictor,5.0
Camelus dromedarius,species,Mammals,RNAVirHost,9.0
Camelus dromedarius,species,Mammals,SPHAK,35.0
Campanula takesimana,species,Plants,DeePaC-vir,2.0
Campanula takesimana,species,Plants,Host Taxon Predictor,1.0
Campanula takesimana,species,Plants,RNAVirHost,2.0
Camponotus japonicus,species,Invertebrates,DeePaC-vir,1.0
Camponotus japonicus,species,Invertebrates,Host Taxon Predictor,1.0
Camponotus japonicus,species,Invertebrates,RNAVirHost,1.0
Camponotus nipponicus,species,Invertebrates,DeePaC-vir,1.0
Camponotus nipponicus,species,Invertebrates,Host Taxon Predictor,1.0
Camponotus yamaokai,species,Invertebrates,Host Taxon Predictor,1.0
Camponotus yamaokai,species,Invertebrates,RNAVirHost,1.0
Canis lupus,species,Mammals,DeePaC-vir,46.0
Canis lupus,species,Mammals,EvoMIL,72.0
Canis lupus,species,Mammals,GIVAL,624.0
Canis lupus,species,Mammals,Host Taxon Predictor,25.0
Canis lupus,species,Mammals,"HostNet (Rabies, VIPHOD)",5121.0
Canis lupus,species,Mammals,RNAVirHost,60.0
Canis lupus,species,Mammals,SPHAK,134.0
Canis lupus,species,Mammals,VIDHOP,5566.0
Canna indica,species,Plants,Host Taxon Predictor,1.0
Canna indica,species,Plants,RNAVirHost,2.0
Cannabis sativa,species,Plants,DeePaC-vir,1.0
Cannabis sativa,species,Plants,Host Taxon Predictor,2.0
Cannabis sativa,species,Plants,RNAVirHost,1.0
Cannabis sativa,species,Plants,SPHAK,2.0
Capitulum mitella,species,Invertebrates,DeePaC-vir,1.0
Capitulum mitella,species,Invertebrates,Host Taxon Predictor,1.0
Capitulum mitella,species,Invertebrates,RNAVirHost,1.0
Capra hircus,species,Mammals,DeePaC-vir,17.0
Capra hircus,species,Mammals,EvoMIL,31.0
Capra hircus,species,Mammals,Host Taxon Predictor,2.0
Capra hircus,species,Mammals,"HostNet (Rabies, VIPHOD)",100.0
Capra hircus,species,Mammals,RNAVirHost,59.0
Capra hircus,species,Mammals,SPHAK,15.0
Capra hircus,species,Mammals,VIDHOP,120.0
Capraria biflora,species,Plants,DeePaC-vir,1.0
Capraria biflora,species,Plants,Host Taxon Predictor,2.0
Capreolus capreolus,species,Mammals,DeePaC-vir,2.0
Capreolus capreolus,species,Mammals,Host Taxon Predictor,1.0
Capreolus capreolus,species,Mammals,RNAVirHost,3.0
Capreolus capreolus,species,Mammals,SPHAK,2.0
Capsella bursa-pastoris,species,Plants,DeePaC-vir,1.0
Capsella bursa-pastoris,species,Plants,RNAVirHost,3.0
Capsicum annuum,species,Plants,DeePaC-vir,26.0
Capsicum annuum,species,Plants,Host Taxon Predictor,12.0
Capsicum annuum,species,Plants,RNAVirHost,54.0
Capsicum annuum,species,Plants,SPHAK,99.0
Capsicum baccatum,species,Plants,Host Taxon Predictor,1.0
Capsicum baccatum,species,Plants,RNAVirHost,2.0
Capsicum frutescens,species,Plants,DeePaC-vir,3.0
Capsicum frutescens,species,Plants,RNAVirHost,4.0
Capsicum frutescens,species,Plants,SPHAK,5.0
Carassius auratus,species,Non-mammalian vertebrates,DeePaC-vir,1.0
Carassius auratus,species,Non-mammalian vertebrates,RNAVirHost,3.0
Caretta caretta,species,Non-mammalian vertebrates,DeePaC-vir,1.0
Caretta caretta,species,Non-mammalian vertebrates,Host Taxon Predictor,1.0
Carica papaya,species,Plants,DeePaC-vir,21.0
Carica papaya,species,Plants,Host Taxon Predictor,4.0
Carica papaya,species,Plants,RNAVirHost,29.0
Carica papaya,species,Plants,SPHAK,44.0
Caridea,infraorder,Invertebrates,Host Taxon Predictor,23.0
Carios pusillus,species,Invertebrates,DeePaC-vir,1.0
Carios pusillus,species,Invertebrates,Host Taxon Predictor,3.0
Carnegiea gigantea,species,Plants,DeePaC-vir,1.0
Carnegiea gigantea,species,Plants,RNAVirHost,1.0
Carnivora,order,Mammals,UniVH,29.0
Carnivora,order,Mammals,ViralHostPredictor,43.0
Carnivora,order,Mammals,Zoonotic rank,62.0
Carnivores  (not resolved to species),not species-resolved,Mammals,DeePaC-vir,11.0
Carnivores  (not resolved to species),not species-resolved,Mammals,Host Taxon Predictor,8.0
Carnivores  (not resolved to species),not species-resolved,Mammals,RNAVirHost,25.0
Carnivores  (not resolved to species),not species-resolved,Mammals,SPHAK,91.0
Carollia perspicillata,species,Mammals,DeePaC-vir,3.0
Carollia perspicillata,species,Mammals,Host Taxon Predictor,1.0
Carollia perspicillata,species,Mammals,RNAVirHost,4.0
Carya illinoinensis,species,Plants,DeePaC-vir,1.0
Carya illinoinensis,species,Plants,RNAVirHost,2.0
Castor canadensis,species,Mammals,DeePaC-vir,1.0
Castor canadensis,species,Mammals,Host Taxon Predictor,1.0
Catharanthus roseus,species,Plants,DeePaC-vir,2.0
Catharanthus roseus,species,Plants,RNAVirHost,5.0
Catharanthus roseus,species,Plants,SPHAK,2.0
Catopsilia pomona,species,Invertebrates,DeePaC-vir,1.0
Catopsilia pomona,species,Invertebrates,Host Taxon Predictor,1.0
Catostomus commersonii,species,Non-mammalian vertebrates,DeePaC-vir,1.0
Catostomus commersonii,species,Non-mammalian vertebrates,Host Taxon Predictor,1.0
Cavia porcellus,species,Mammals,DeePaC-vir,2.0
Cavia porcellus,species,Mammals,RNAVirHost,1.0
Cebus albifrons,species,Mammals,DeePaC-vir,1.0
Cebus albifrons,species,Mammals,Host Taxon Predictor,1.0
Cebus apella,species,Mammals,Host Taxon Predictor,10.0
Cebus apella,species,Mammals,RNAVirHost,1.0
Centaurea cyanus,species,Plants,RNAVirHost,1.0
Centaurea cyanus,species,Plants,SPHAK,1.0
Centropristis striata,species,Non-mammalian vertebrates,DeePaC-vir,1.0
Centropristis striata,species,Non-mammalian vertebrates,Host Taxon Predictor,1.0
Centrosema brasilianum,species,Plants,DeePaC-vir,1.0
Centrosema brasilianum,species,Plants,Host Taxon Predictor,1.0
Ceratobasidium cereale,species,Fungi,DeePaC-vir,1.0
Ceratobasidium cereale,species,Fungi,RNAVirHost,21.0
Ceratobasidium sp.,species,Fungi,DeePaC-vir,5.0
Ceratobasidium sp.,species,Fungi,RNAVirHost,5.0
Ceratorhiza oryzae-sativae,species,Fungi,DeePaC-vir,1.0
Ceratorhiza oryzae-sativae,species,Fungi,RNAVirHost,1.0
Cercis canadensis,species,Plants,DeePaC-vir,1.0
Cercis canadensis,species,Plants,RNAVirHost,5.0
Cercocebus torquatus,species,Mammals,DeePaC-vir,1.0
Cercocebus torquatus,species,Mammals,RNAVirHost,2.0
Cercopithecus ascanius,species,Mammals,DeePaC-vir,1.0
Cercopithecus ascanius,species,Mammals,RNAVirHost,3.0
Cercopithecus erythrotis,species,Mammals,DeePaC-vir,1.0
Cercopithecus erythrotis,species,Mammals,Host Taxon Predictor,1.0
Cercopithecus mitis,species,Mammals,DeePaC-vir,1.0
Cercopithecus mitis,species,Mammals,RNAVirHost,1.0
Cercopithecus mona,species,Mammals,DeePaC-vir,1.0
Cercopithecus mona,species,Mammals,Host Taxon Predictor,1.0
Cercopithecus mona,species,Mammals,RNAVirHost,2.0
Cercopithecus neglectus,species,Mammals,DeePaC-vir,1.0
Cercopithecus neglectus,species,Mammals,Host Taxon Predictor,1.0
Cercopithecus neglectus,species,Mammals,RNAVirHost,2.0
Cerdocyon thous,species,Mammals,"HostNet (Rabies, VIPHOD)",82.0
Cerdocyon thous,species,Mammals,RNAVirHost,2.0
Cerdocyon thous,species,Mammals,SPHAK,1.0
Cerdocyon thous,species,Mammals,VIDHOP,102.0
Cervidae,family,Mammals,DeePaC-vir,2.0
Cervidae,family,Mammals,Host Taxon Predictor,10.0
Cervus elaphus,species,Mammals,DeePaC-vir,3.0
Cervus elaphus,species,Mammals,SPHAK,1.0
Cestrum parqui,species,Plants,DeePaC-vir,1.0
Cestrum parqui,species,Plants,RNAVirHost,1.0
Chaerephon plicatus,species,Mammals,DeePaC-vir,1.0
Chaerephon plicatus,species,Mammals,RNAVirHost,2.0
Chaerephon plicatus,species,Mammals,SPHAK,1.0
Chaetoceros lorenzianus,species,Algae,DeePaC-vir,1.0
Chaetoceros lorenzianus,species,Algae,Host Taxon Predictor,1.0
Chaetoceros tenuissimus,species,Algae,DeePaC-vir,4.0
Chaetoceros tenuissimus,species,Algae,Host Taxon Predictor,3.0
Chaetocoelopa sydneyensis,species,Invertebrates,DeePaC-vir,1.0
Chaetocoelopa sydneyensis,species,Invertebrates,Host Taxon Predictor,1.0
Channa argus x Channa maculata,species,Non-mammalian vertebrates,DeePaC-vir,1.0
Channa argus x Channa maculata,species,Non-mammalian vertebrates,RNAVirHost,1.0
Channa striata,species,Non-mammalian vertebrates,DeePaC-vir,2.0
Channa striata,species,Non-mammalian vertebrates,RNAVirHost,1.0
Chaoborus trivitattus,species,Invertebrates,DeePaC-vir,1.0
Chaoborus trivitattus,species,Invertebrates,Host Taxon Predictor,3.0
Chaoborus trivitattus,species,Invertebrates,RNAVirHost,3.0
Charybdis japonica,species,Invertebrates,DeePaC-vir,1.0
Charybdis japonica,species,Invertebrates,Host Taxon Predictor,1.0
Charybdis japonica,species,Invertebrates,RNAVirHost,1.0
Chelonia mydas,species,Non-mammalian vertebrates,DeePaC-vir,3.0
Chelonia mydas,species,Non-mammalian vertebrates,Host Taxon Predictor,2.0
Chenopodiastrum murale,species,Plants,DeePaC-vir,1.0
Chenopodiastrum murale,species,Plants,RNAVirHost,6.0
Chenopodium album,species,Plants,DeePaC-vir,2.0
Chenopodium album,species,Plants,RNAVirHost,4.0
Chenopodium album,species,Plants,SPHAK,1.0
Chenopodium amaranticolor,species,Plants,Host Taxon Predictor,1.0
Chenopodium amaranticolor,species,Plants,RNAVirHost,31.0
Chenopodium quinoa,species,Plants,DeePaC-vir,11.0
Chenopodium quinoa,species,Plants,RNAVirHost,114.0
Cherax quadricarinatus,species,Invertebrates,DeePaC-vir,4.0
Cherax quadricarinatus,species,Invertebrates,Host Taxon Predictor,1.0
Cherax quadricarinatus,species,Invertebrates,RNAVirHost,3.0
Chiroptera,order,Mammals,DeePaC-vir,52.0
Chiroptera,order,Mammals,UniVH,17.0
Chiroptera,order,Mammals,ViralHostPredictor,59.0
Chiroptera,order,Mammals,Zoonotic rank,70.0
Chlorocebus (genus),genus,Mammals,Host Taxon Predictor,1.0
Chlorocebus (genus),genus,Mammals,RNAVirHost,26.0
Chlorocebus aethiops,species,Mammals,DeePaC-vir,41.0
Chlorocebus aethiops,species,Mammals,EvoMIL,108.0
Chlorocebus aethiops,species,Mammals,Host Taxon Predictor,1.0
Chlorocebus aethiops,species,Mammals,RNAVirHost,47.0
Chlorocebus aethiops,species,Mammals,SPHAK,1.0
Chlorocebus pygerythrus,species,Mammals,DeePaC-vir,4.0
Chlorocebus pygerythrus,species,Mammals,Host Taxon Predictor,4.0
Chlorocebus pygerythrus,species,Mammals,RNAVirHost,11.0
Chlorocebus sabaeus,species,Mammals,DeePaC-vir,1.0
Chlorocebus sabaeus,species,Mammals,Host Taxon Predictor,6.0
Chlorocebus sabaeus,species,Mammals,RNAVirHost,6.0
Choloepus didactylus,species,Mammals,DeePaC-vir,1.0
Choloepus didactylus,species,Mammals,Host Taxon Predictor,3.0
Choloepus didactylus,species,Mammals,RNAVirHost,1.0
Chondrostereum purpureum,species,Fungi,DeePaC-vir,1.0
Chondrostereum purpureum,species,Fungi,RNAVirHost,2.0
Choristoneura occidentalis,species,Invertebrates,DeePaC-vir,2.0
Choristoneura occidentalis,species,Invertebrates,RNAVirHost,8.0
Choristoneura rosaceana,species,Invertebrates,DeePaC-vir,2.0
Choristoneura rosaceana,species,Invertebrates,Host Taxon Predictor,1.0
Choristoneura rosaceana,species,Invertebrates,RNAVirHost,3.0
Chroicocephalus ridibundus,species,Non-mammalian vertebrates,RNAVirHost,1.0
Chroicocephalus ridibundus,species,Non-mammalian vertebrates,SPHAK,1.0
Chroicocephalus ridibundus,species,Non-mammalian vertebrates,VIDHOP,1476.0
Chrysanthemum indicum,species,Plants,RNAVirHost,1.0
Chrysanthemum indicum,species,Plants,SPHAK,1.0
Chrysanthemum x morifolium,species,Plants,RNAVirHost,10.0
Chrysanthemum x morifolium,species,Plants,SPHAK,3.0
Chrysomya megacephala,species,Invertebrates,DeePaC-vir,1.0
Chrysomya megacephala,species,Invertebrates,Host Taxon Predictor,1.0
Chrysomya megacephala,species,Invertebrates,RNAVirHost,1.0
Cicer arietinum,species,Plants,DeePaC-vir,18.0
Cicer arietinum,species,Plants,Host Taxon Predictor,5.0
Cicer arietinum,species,Plants,RNAVirHost,12.0
Cicer arietinum,species,Plants,SPHAK,76.0
Ciconia ciconia,species,Non-mammalian vertebrates,DeePaC-vir,1.0
Ciconia ciconia,species,Non-mammalian vertebrates,RNAVirHost,1.0
Cimex hemipterus,species,Invertebrates,DeePaC-vir,1.0
Cimex hemipterus,species,Invertebrates,Host Taxon Predictor,1.0
Cimex hemipterus,species,Invertebrates,RNAVirHost,2.0
Circus aeruginosus,species,Non-mammalian vertebrates,DeePaC-vir,1.0
Circus aeruginosus,species,Non-mammalian vertebrates,Host Taxon Predictor,1.0
Circus aeruginosus,species,Non-mammalian vertebrates,RNAVirHost,1.0
Citrullus lanatus,species,Plants,DeePaC-vir,9.0
Citrullus lanatus,species,Plants,Host Taxon Predictor,1.0
Citrullus lanatus,species,Plants,RNAVirHost,44.0
Citrullus lanatus,species,Plants,SPHAK,45.0
Citrus limon,species,Plants,DeePaC-vir,2.0
Citrus limon,species,Plants,RNAVirHost,5.0
Citrus maxima,species,Plants,RNAVirHost,2.0
Citrus maxima,species,Plants,SPHAK,4.0
Citrus reticulata,species,Plants,RNAVirHost,6.0
Citrus reticulata,species,Plants,SPHAK,8.0
Citrus reticulata x Citrus sinensis,species,Plants,DeePaC-vir,1.0
Citrus reticulata x Citrus sinensis,species,Plants,RNAVirHost,1.0
Citrus sinensis,species,Plants,DeePaC-vir,7.0
Citrus sinensis,species,Plants,Host Taxon Predictor,4.0
Citrus sinensis,species,Plants,RNAVirHost,18.0
Citrus sinensis,species,Plants,SPHAK,3.0
Citrus volkameriana,species,Plants,DeePaC-vir,1.0
Citrus volkameriana,species,Plants,Host Taxon Predictor,3.0
Citrus volkameriana,species,Plants,RNAVirHost,4.0
Civettictis civetta,species,Mammals,DeePaC-vir,1.0
Civettictis civetta,species,Mammals,Host Taxon Predictor,1.0
Civettictis civetta,species,Mammals,RNAVirHost,1.0
Cladosporium cladosporioides,species,Fungi,DeePaC-vir,1.0
Cladosporium cladosporioides,species,Fungi,Host Taxon Predictor,5.0
Clanis bilineata,species,Invertebrates,DeePaC-vir,1.0
Clanis bilineata,species,Invertebrates,RNAVirHost,2.0
Cleome affinis,species,Plants,DeePaC-vir,1.0
Cleome affinis,species,Plants,SPHAK,12.0
Clerodendrum cyrtophyllum,species,Plants,DeePaC-vir,1.0
Clerodendrum cyrtophyllum,species,Plants,Host Taxon Predictor,2.0
Clitocybe odora,species,Fungi,DeePaC-vir,1.0
Clitocybe odora,species,Fungi,Host Taxon Predictor,1.0
Clitocybe odora,species,Fungi,RNAVirHost,1.0
Clitoria ternatea,species,Plants,DeePaC-vir,1.0
Clitoria ternatea,species,Plants,Host Taxon Predictor,1.0
Clitoria ternatea,species,Plants,RNAVirHost,1.0
Clitoria ternatea,species,Plants,SPHAK,1.0
Clostera anachoreta,species,Invertebrates,DeePaC-vir,1.0
Clostera anachoreta,species,Invertebrates,Host Taxon Predictor,1.0
Clostera anastomosis,species,Invertebrates,DeePaC-vir,2.0
Clostera anastomosis,species,Invertebrates,Host Taxon Predictor,1.0
Cnidoscolus urens,species,Plants,DeePaC-vir,1.0
Cnidoscolus urens,species,Plants,SPHAK,20.0
Coccinia grandis,species,Plants,DeePaC-vir,2.0
Coccinia grandis,species,Plants,Host Taxon Predictor,3.0
Coccinia grandis,species,Plants,RNAVirHost,2.0
Coccinia grandis,species,Plants,SPHAK,6.0
Coleura afra,species,Mammals,DeePaC-vir,1.0
Coleura afra,species,Mammals,RNAVirHost,1.0
Colletotrichum fructicola,species,Fungi,DeePaC-vir,1.0
Colletotrichum fructicola,species,Fungi,RNAVirHost,7.0
Colletotrichum higginsianum,species,Fungi,DeePaC-vir,1.0
Colletotrichum higginsianum,species,Fungi,Host Taxon Predictor,1.0
Colobus guereza,species,Mammals,DeePaC-vir,2.0
Colobus guereza,species,Mammals,Host Taxon Predictor,1.0
Colobus guereza,species,Mammals,RNAVirHost,2.0
Colocasia esculenta,species,Plants,DeePaC-vir,4.0
Colocasia esculenta,species,Plants,Host Taxon Predictor,2.0
Colocasia esculenta,species,Plants,RNAVirHost,19.0
Columba livia,species,Non-mammalian vertebrates,DeePaC-vir,5.0
Columba livia,species,Non-mammalian vertebrates,Host Taxon Predictor,1.0
Columba livia,species,Non-mammalian vertebrates,RNAVirHost,11.0
Columba livia,species,Non-mammalian vertebrates,SPHAK,6.0
Columbidae,family,Non-mammalian vertebrates,SPHAK,163.0
Conepatus leuconotus,species,Mammals,DeePaC-vir,1.0
Conepatus leuconotus,species,Mammals,Host Taxon Predictor,1.0
Copsychus saularis,species,Non-mammalian vertebrates,DeePaC-vir,1.0
Copsychus saularis,species,Non-mammalian vertebrates,RNAVirHost,2.0
Coquillettidia albicosta,species,Invertebrates,DeePaC-vir,1.0
Coquillettidia albicosta,species,Invertebrates,Host Taxon Predictor,1.0
Coquillettidia albicosta,species,Invertebrates,RNAVirHost,1.0
Coquillettidia xanthogaster,species,Invertebrates,DeePaC-vir,2.0
Coquillettidia xanthogaster,species,Invertebrates,Host Taxon Predictor,2.0
Coquillettidia xanthogaster,species,Invertebrates,RNAVirHost,2.0
Coracias garrulus,species,Non-mammalian vertebrates,DeePaC-vir,3.0
Coracias garrulus,species,Non-mammalian vertebrates,Host Taxon Predictor,2.0
Coracias garrulus,species,Non-mammalian vertebrates,RNAVirHost,5.0
Corallus annulatus,species,Non-mammalian vertebrates,DeePaC-vir,1.0
Corallus annulatus,species,Non-mammalian vertebrates,Host Taxon Predictor,2.0
Corallus annulatus,species,Non-mammalian vertebrates,RNAVirHost,3.0
Corchorus capsularis,species,Plants,DeePaC-vir,2.0
Corchorus capsularis,species,Plants,Host Taxon Predictor,2.0
Corchorus olitorius,species,Plants,DeePaC-vir,1.0
Corchorus olitorius,species,Plants,Host Taxon Predictor,2.0
Corchorus siliquosus,species,Plants,DeePaC-vir,1.0
Corchorus siliquosus,species,Plants,Host Taxon Predictor,2.0
Corchorus siliquosus,species,Plants,SPHAK,2.0
Cordyceps javanica,species,Fungi,DeePaC-vir,1.0
Cordyceps javanica,species,Fungi,RNAVirHost,4.0
Cordyline fruticosa,species,Plants,DeePaC-vir,1.0
Cordyline fruticosa,species,Plants,RNAVirHost,9.0
Coriandrum sativum,species,Plants,DeePaC-vir,2.0
Coriandrum sativum,species,Plants,Host Taxon Predictor,2.0
Coriandrum sativum,species,Plants,RNAVirHost,6.0
Corvus coronoides,species,Non-mammalian vertebrates,DeePaC-vir,1.0
Corvus coronoides,species,Non-mammalian vertebrates,Host Taxon Predictor,1.0
Corynorhinus rafinesquii,species,Mammals,DeePaC-vir,1.0
Corynorhinus rafinesquii,species,Mammals,Host Taxon Predictor,1.0
Coturnix coturnix,species,Non-mammalian vertebrates,DeePaC-vir,1.0
Coturnix coturnix,species,Non-mammalian vertebrates,Host Taxon Predictor,1.0
Coturnix coturnix,species,Non-mammalian vertebrates,RNAVirHost,2.0
Coturnix japonica,species,Non-mammalian vertebrates,RNAVirHost,2.0
Coturnix japonica,species,Non-mammalian vertebrates,SPHAK,3.0
Cracticus torquatus,species,Non-mammalian vertebrates,DeePaC-vir,1.0
Cracticus torquatus,species,Non-mammalian vertebrates,Host Taxon Predictor,1.0
Crambe hispanica,species,Plants,RNAVirHost,2.0
Crambe hispanica,species,Plants,SPHAK,1.0
Crassocephalum crepidioides,species,Plants,DeePaC-vir,3.0
Crassocephalum crepidioides,species,Plants,Host Taxon Predictor,1.0
Crassocephalum crepidioides,species,Plants,SPHAK,4.0
Cricetomys emini,species,Mammals,DeePaC-vir,1.0
Cricetomys emini,species,Mammals,Host Taxon Predictor,1.0
Cricetomys emini,species,Mammals,RNAVirHost,1.0
Cricetulus griseus,species,Mammals,DeePaC-vir,3.0
Cricetulus griseus,species,Mammals,RNAVirHost,1.0
Cricetulus longicaudatus,species,Mammals,DeePaC-vir,1.0
Cricetulus longicaudatus,species,Mammals,Host Taxon Predictor,1.0
Cricetulus longicaudatus,species,Mammals,RNAVirHost,2.0
Crocidura douceti,species,Mammals,DeePaC-vir,1.0
Crocidura douceti,species,Mammals,Host Taxon Predictor,3.0
Crocidura douceti,species,Mammals,RNAVirHost,3.0
Crocidura hirta,species,Mammals,DeePaC-vir,8.0
Crocidura hirta,species,Mammals,Host Taxon Predictor,3.0
Crocidura hirta,species,Mammals,RNAVirHost,1.0
Crocidura lasiura,species,Mammals,DeePaC-vir,1.0
Crocidura lasiura,species,Mammals,Host Taxon Predictor,3.0
Crocidura lasiura,species,Mammals,RNAVirHost,6.0
Crocidura olivieri,species,Mammals,DeePaC-vir,1.0
Crocidura olivieri,species,Mammals,Host Taxon Predictor,1.0
Crocidura olivieri,species,Mammals,RNAVirHost,1.0
Crocidura shantungensis,species,Mammals,DeePaC-vir,1.0
Crocidura shantungensis,species,Mammals,Host Taxon Predictor,3.0
Crocidura shantungensis,species,Mammals,RNAVirHost,7.0
Crocus sativus,species,Plants,DeePaC-vir,1.0
Crocus sativus,species,Plants,RNAVirHost,1.0
Cronartium ribicola,species,Fungi,DeePaC-vir,5.0
Cronartium ribicola,species,Fungi,RNAVirHost,10.0
Crotalaria juncea,species,Plants,DeePaC-vir,1.0
Crotalaria juncea,species,Plants,Host Taxon Predictor,1.0
Crotalaria juncea,species,Plants,RNAVirHost,3.0
Crotalaria juncea,species,Plants,SPHAK,2.0
Crotalus lepidus,species,Non-mammalian vertebrates,DeePaC-vir,1.0
Crotalus lepidus,species,Non-mammalian vertebrates,RNAVirHost,1.0
Croton glandulosus,species,Plants,DeePaC-vir,1.0
Croton glandulosus,species,Plants,Host Taxon Predictor,1.0
Cryphonectria nitschkei,species,Fungi,DeePaC-vir,1.0
Cryphonectria nitschkei,species,Fungi,RNAVirHost,4.0
Cryphonectria parasitica,species,Fungi,DeePaC-vir,8.0
Cryphonectria parasitica,species,Fungi,Host Taxon Predictor,14.0
Cryphonectria parasitica,species,Fungi,RNAVirHost,27.0
Ctenocephalides felis,species,Invertebrates,DeePaC-vir,1.0
Ctenocephalides felis,species,Invertebrates,Host Taxon Predictor,4.0
Ctenopharyngodon idella,species,Non-mammalian vertebrates,DeePaC-vir,2.0
Ctenopharyngodon idella,species,Non-mammalian vertebrates,Host Taxon Predictor,12.0
Ctenopharyngodon idella,species,Non-mammalian vertebrates,RNAVirHost,13.0
Cucumis melo,species,Plants,DeePaC-vir,12.0
Cucumis melo,species,Plants,Host Taxon Predictor,4.0
Cucumis melo,species,Plants,RNAVirHost,43.0
Cucumis melo,species,Plants,SPHAK,20.0
Cucumis sativus,species,Plants,DeePaC-vir,12.0
Cucumis sativus,species,Plants,RNAVirHost,51.0
Cucumis sativus,species,Plants,SPHAK,55.0
Cucurbita maxima,species,Plants,DeePaC-vir,2.0
Cucurbita maxima,species,Plants,Host Taxon Predictor,1.0
Cucurbita maxima,species,Plants,RNAVirHost,10.0
Cucurbita maxima,species,Plants,SPHAK,3.0
Cucurbita moschata,species,Plants,DeePaC-vir,2.0
Cucurbita moschata,species,Plants,Host Taxon Predictor,4.0
Cucurbita moschata,species,Plants,RNAVirHost,9.0
Cucurbita moschata,species,Plants,SPHAK,6.0
Cucurbita pepo,species,Plants,DeePaC-vir,2.0
Cucurbita pepo,species,Plants,Host Taxon Predictor,5.0
Cucurbita pepo,species,Plants,RNAVirHost,34.0
Cucurbita pepo,species,Plants,SPHAK,28.0
Culex annulioris,species,Invertebrates,DeePaC-vir,1.0
Culex annulioris,species,Invertebrates,Host Taxon Predictor,1.0
Culex annulioris,species,Invertebrates,RNAVirHost,1.0
Culex annulirostris,species,Invertebrates,DeePaC-vir,5.0
Culex annulirostris,species,Invertebrates,Host Taxon Predictor,4.0
Culex annulirostris,species,Invertebrates,RNAVirHost,27.0
Culex australicus,species,Invertebrates,DeePaC-vir,3.0
Culex australicus,species,Invertebrates,Host Taxon Predictor,3.0
Culex australicus,species,Invertebrates,RNAVirHost,4.0
Culex bitaeniorhynchus,species,Invertebrates,DeePaC-vir,2.0
Culex bitaeniorhynchus,species,Invertebrates,Host Taxon Predictor,2.0
Culex bitaeniorhynchus,species,Invertebrates,RNAVirHost,5.0
Culex chidesteri,species,Invertebrates,DeePaC-vir,1.0
Culex chidesteri,species,Invertebrates,Host Taxon Predictor,1.0
Culex chidesteri,species,Invertebrates,RNAVirHost,1.0
Culex decens,species,Invertebrates,DeePaC-vir,2.0
Culex decens,species,Invertebrates,Host Taxon Predictor,2.0
Culex decens,species,Invertebrates,RNAVirHost,5.0
Culex dunni,species,Invertebrates,DeePaC-vir,1.0
Culex dunni,species,Invertebrates,Host Taxon Predictor,1.0
Culex dunni,species,Invertebrates,RNAVirHost,1.0
Culex edwardsi,species,Invertebrates,DeePaC-vir,1.0
Culex edwardsi,species,Invertebrates,RNAVirHost,1.0
Culex globocoxitus,species,Invertebrates,DeePaC-vir,2.0
Culex globocoxitus,species,Invertebrates,Host Taxon Predictor,1.0
Culex globocoxitus,species,Invertebrates,RNAVirHost,5.0
Culex modestus,species,Invertebrates,DeePaC-vir,1.0
Culex modestus,species,Invertebrates,RNAVirHost,1.0
Culex nebulosus,species,Invertebrates,DeePaC-vir,4.0
Culex nebulosus,species,Invertebrates,Host Taxon Predictor,14.0
Culex nebulosus,species,Invertebrates,RNAVirHost,6.0
Culex nigripalpus,species,Invertebrates,DeePaC-vir,1.0
Culex nigripalpus,species,Invertebrates,RNAVirHost,1.0
Culex pipiens,species,Invertebrates,DeePaC-vir,7.0
Culex pipiens,species,Invertebrates,Host Taxon Predictor,3.0
Culex pipiens,species,Invertebrates,RNAVirHost,7.0
Culex portesi,species,Invertebrates,DeePaC-vir,2.0
Culex portesi,species,Invertebrates,Host Taxon Predictor,2.0
Culex portesi,species,Invertebrates,RNAVirHost,1.0
Culex quinquefasciatus,species,Invertebrates,DeePaC-vir,6.0
Culex quinquefasciatus,species,Invertebrates,Host Taxon Predictor,7.0
Culex quinquefasciatus,species,Invertebrates,RNAVirHost,25.0
Culex simpliciforceps,species,Invertebrates,DeePaC-vir,1.0
Culex simpliciforceps,species,Invertebrates,RNAVirHost,3.0
Culex sitiens,species,Invertebrates,DeePaC-vir,2.0
Culex sitiens,species,Invertebrates,Host Taxon Predictor,1.0
Culex sitiens,species,Invertebrates,RNAVirHost,8.0
Culex spissipes,species,Invertebrates,DeePaC-vir,1.0
Culex spissipes,species,Invertebrates,RNAVirHost,3.0
Culex tarsalis,species,Invertebrates,DeePaC-vir,3.0
Culex tarsalis,species,Invertebrates,Host Taxon Predictor,3.0
Culex tarsalis,species,Invertebrates,RNAVirHost,13.0
Culex tritaeniorhynchus,species,Invertebrates,DeePaC-vir,9.0
Culex tritaeniorhynchus,species,Invertebrates,Host Taxon Predictor,21.0
Culex tritaeniorhynchus,species,Invertebrates,RNAVirHost,22.0
Culex vishnui,species,Invertebrates,DeePaC-vir,3.0
Culex vishnui,species,Invertebrates,RNAVirHost,5.0
Culicidae,family,Invertebrates,DeePaC-vir,21.0
Culicidae,family,Invertebrates,Host Taxon Predictor,35.0
Culicidae,family,Invertebrates,HostNet (Flavivirus),9253.0
Culicidae,family,Invertebrates,MosViR,2391.0
Culicidae,family,Invertebrates,RNAVirHost,102.0
Culicidae,family,Invertebrates,VPF-Class,1.0
Culicidae,family,Invertebrates,ViralHostPredictor,75.0
Culicoides austropalpalis,species,Invertebrates,DeePaC-vir,2.0
Culicoides austropalpalis,species,Invertebrates,RNAVirHost,1.0
Culicoides brevitarsis,species,Invertebrates,Host Taxon Predictor,1.0
Culicoides brevitarsis,species,Invertebrates,RNAVirHost,3.0
Culicoides insignis,species,Invertebrates,DeePaC-vir,2.0
Culicoides insignis,species,Invertebrates,RNAVirHost,1.0
Culicoides punctatus,species,Invertebrates,DeePaC-vir,1.0
Culicoides punctatus,species,Invertebrates,Host Taxon Predictor,1.0
Culiseta melanura,species,Invertebrates,DeePaC-vir,2.0
Culiseta melanura,species,Invertebrates,Host Taxon Predictor,1.0
Culiseta melanura,species,Invertebrates,RNAVirHost,4.0
Curvularia protuberata,species,Fungi,DeePaC-vir,1.0
Curvularia protuberata,species,Fungi,RNAVirHost,2.0
Cyamopsis tetragonoloba,species,Plants,DeePaC-vir,1.0
Cyamopsis tetragonoloba,species,Plants,RNAVirHost,1.0
Cyamopsis tetragonoloba,species,Plants,SPHAK,4.0
Cyanoramphus auriceps,species,Non-mammalian vertebrates,DeePaC-vir,2.0
Cyanoramphus auriceps,species,Non-mammalian vertebrates,Host Taxon Predictor,2.0
Cycas revoluta,species,Plants,DeePaC-vir,1.0
Cycas revoluta,species,Plants,RNAVirHost,2.0
Cyclopterus lumpus,species,Non-mammalian vertebrates,DeePaC-vir,1.0
Cyclopterus lumpus,species,Non-mammalian vertebrates,RNAVirHost,2.0
Cydia pomonella,species,Invertebrates,DeePaC-vir,1.0
Cydia pomonella,species,Invertebrates,RNAVirHost,3.0
Cygnus columbianus,species,Non-mammalian vertebrates,VIDHOP,221.0
Cygnus cygnus,species,Non-mammalian vertebrates,VIDHOP,110.0
Cygnus olor,species,Non-mammalian vertebrates,SPHAK,4.0
Cygnus olor,species,Non-mammalian vertebrates,VIDHOP,242.0
Cymbidium goeringii,species,Plants,DeePaC-vir,1.0
Cymbidium goeringii,species,Plants,Host Taxon Predictor,1.0
Cymbidium goeringii,species,Plants,RNAVirHost,1.0
Cymbidium hybrid,species,Plants,DeePaC-vir,1.0
Cymbidium hybrid,species,Plants,RNAVirHost,1.0
Cynanchum wilfordii,species,Plants,Host Taxon Predictor,1.0
Cynanchum wilfordii,species,Plants,RNAVirHost,1.0
Cynara cardunculus,species,Plants,DeePaC-vir,3.0
Cynara cardunculus,species,Plants,RNAVirHost,9.0
Cynodon dactylon,species,Plants,DeePaC-vir,2.0
Cynodon dactylon,species,Plants,Host Taxon Predictor,1.0
Cynodon dactylon,species,Plants,RNAVirHost,13.0
Cynodon dactylon,species,Plants,SPHAK,1.0
Cynopterus brachyotis,species,Mammals,DeePaC-vir,3.0
Cynopterus brachyotis,species,Mammals,Host Taxon Predictor,1.0
Cynopterus brachyotis,species,Mammals,RNAVirHost,1.0
Cynopterus brachyotis,species,Mammals,SPHAK,1.0
Cyprinus carpio,species,Non-mammalian vertebrates,DeePaC-vir,6.0
Cyprinus carpio,species,Non-mammalian vertebrates,Host Taxon Predictor,3.0
Cyprinus carpio,species,Non-mammalian vertebrates,RNAVirHost,4.0
Cyrtanthus elatus,species,Plants,DeePaC-vir,1.0
Cyrtanthus elatus,species,Plants,Host Taxon Predictor,1.0
Cyrtanthus elatus,species,Plants,RNAVirHost,1.0
Cyrtomium falcatum,species,Plants,DeePaC-vir,1.0
Cyrtomium falcatum,species,Plants,RNAVirHost,2.0
Cytospora ceratosperma,species,Fungi,DeePaC-vir,1.0
Cytospora ceratosperma,species,Fungi,RNAVirHost,1.0
Dactylis glomerata,species,Plants,DeePaC-vir,2.0
Dactylis glomerata,species,Plants,RNAVirHost,4.0
Dactylis glomerata,species,Plants,SPHAK,1.0
Dahlia pinnata,species,Plants,DeePaC-vir,1.0
Dahlia pinnata,species,Plants,RNAVirHost,2.0
Dama dama,species,Mammals,DeePaC-vir,1.0
Dama dama,species,Mammals,Host Taxon Predictor,1.0
Damaliscus lunatus,species,Mammals,DeePaC-vir,1.0
Damaliscus lunatus,species,Mammals,Host Taxon Predictor,1.0
Danaus plexippus,species,Invertebrates,DeePaC-vir,1.0
Danaus plexippus,species,Invertebrates,Host Taxon Predictor,1.0
Daphne mezereum,species,Plants,DeePaC-vir,1.0
Daphne mezereum,species,Plants,Host Taxon Predictor,1.0
Daphne mezereum,species,Plants,RNAVirHost,1.0
Daphne odora,species,Plants,DeePaC-vir,2.0
Daphne odora,species,Plants,RNAVirHost,3.0
Daphnis nerii,species,Invertebrates,DeePaC-vir,1.0
Daphnis nerii,species,Invertebrates,RNAVirHost,8.0
Datura inoxia,species,Plants,RNAVirHost,1.0
Datura inoxia,species,Plants,SPHAK,1.0
Datura stramonium,species,Plants,DeePaC-vir,8.0
Datura stramonium,species,Plants,Host Taxon Predictor,2.0
Datura stramonium,species,Plants,RNAVirHost,19.0
Datura stramonium,species,Plants,SPHAK,6.0
Daucus carota,species,Plants,DeePaC-vir,12.0
Daucus carota,species,Plants,Host Taxon Predictor,7.0
Daucus carota,species,Plants,RNAVirHost,18.0
Daucus carota,species,Plants,SPHAK,4.0
Deinbollia borbonica,species,Plants,DeePaC-vir,1.0
Deinbollia borbonica,species,Plants,Host Taxon Predictor,2.0
Deinbollia borbonica,species,Plants,SPHAK,2.0
Delisea pulchra,species,Algae,DeePaC-vir,1.0
Delisea pulchra,species,Algae,Host Taxon Predictor,1.0
Delphinapterus leucas,species,Mammals,DeePaC-vir,1.0
Delphinapterus leucas,species,Mammals,Host Taxon Predictor,1.0
Delphinapterus leucas,species,Mammals,RNAVirHost,2.0
Delphinidae,family,Mammals,GIVAL,2.0
Delphinus delphis,species,Mammals,DeePaC-vir,2.0
Delphinus delphis,species,Mammals,Host Taxon Predictor,1.0
Delphinus delphis,species,Mammals,SPHAK,1.0
Dendrolimus punctatus,species,Invertebrates,DeePaC-vir,2.0
Dendrolimus punctatus,species,Invertebrates,RNAVirHost,18.0
Dermacentor marginatus,species,Invertebrates,DeePaC-vir,5.0
Dermacentor marginatus,species,Invertebrates,Host Taxon Predictor,6.0
Dermacentor marginatus,species,Invertebrates,RNAVirHost,5.0
Desmodium glabrum,species,Plants,DeePaC-vir,1.0
Desmodium glabrum,species,Plants,SPHAK,1.0
Desmodus rotundus,species,Mammals,DeePaC-vir,3.0
Desmodus rotundus,species,Mammals,Host Taxon Predictor,3.0
Desmodus rotundus,species,Mammals,"HostNet (Rabies, VIPHOD)",164.0
Desmodus rotundus,species,Mammals,RNAVirHost,6.0
Desmodus rotundus,species,Mammals,VIDHOP,184.0
Diabrotica virgifera,species,Invertebrates,DeePaC-vir,2.0
Diabrotica virgifera,species,Invertebrates,Host Taxon Predictor,2.0
Diachasmimorpha longicaudata,species,Invertebrates,DeePaC-vir,1.0
Diachasmimorpha longicaudata,species,Invertebrates,Host Taxon Predictor,1.0
Diachasmimorpha longicaudata,species,Invertebrates,RNAVirHost,1.0
Diadromus pulchellus,species,Invertebrates,DeePaC-vir,1.0
Diadromus pulchellus,species,Invertebrates,RNAVirHost,7.0
Dianthus caryophyllus,species,Plants,DeePaC-vir,7.0
Dianthus caryophyllus,species,Plants,Host Taxon Predictor,1.0
Dianthus caryophyllus,species,Plants,RNAVirHost,7.0
Dianthus chinensis,species,Plants,DeePaC-vir,1.0
Dianthus chinensis,species,Plants,Host Taxon Predictor,2.0
Dianthus chinensis,species,Plants,RNAVirHost,3.0
Diaphorina citri,species,Invertebrates,DeePaC-vir,2.0
Diaphorina citri,species,Invertebrates,Host Taxon Predictor,2.0
Diaphorina citri,species,Invertebrates,RNAVirHost,5.0
Diatraea saccharalis,species,Invertebrates,DeePaC-vir,2.0
Diatraea saccharalis,species,Invertebrates,Host Taxon Predictor,1.0
Digitaria ciliaris,species,Plants,DeePaC-vir,1.0
Digitaria ciliaris,species,Plants,Host Taxon Predictor,1.0
Digitaria ciliaris,species,Plants,SPHAK,13.0
Digitaria didactyla,species,Plants,DeePaC-vir,1.0
Digitaria didactyla,species,Plants,Host Taxon Predictor,1.0
Digitaria didactyla,species,Plants,SPHAK,1.0
Digitaria sanguinalis,species,Plants,DeePaC-vir,1.0
Digitaria sanguinalis,species,Plants,RNAVirHost,10.0
Digitaria sanguinalis,species,Plants,SPHAK,5.0
Dimocarpus longan,species,Plants,DeePaC-vir,1.0
Dimocarpus longan,species,Plants,RNAVirHost,1.0
Dinocampus coccinellae,species,Invertebrates,DeePaC-vir,1.0
Dinocampus coccinellae,species,Invertebrates,Host Taxon Predictor,1.0
Dinocampus coccinellae,species,Invertebrates,RNAVirHost,1.0
Dioscorea alata,species,Plants,DeePaC-vir,1.0
Dioscorea alata,species,Plants,RNAVirHost,15.0
Dioscorea alata,species,Plants,SPHAK,2.0
Dioscorea communis,species,Plants,DeePaC-vir,1.0
Dioscorea communis,species,Plants,RNAVirHost,1.0
Dioscorea japonica,species,Plants,DeePaC-vir,1.0
Dioscorea japonica,species,Plants,RNAVirHost,1.0
Dioscorea opposita,species,Plants,Host Taxon Predictor,2.0
Dioscorea opposita,species,Plants,RNAVirHost,6.0
Dioscorea parviflora,species,Plants,DeePaC-vir,1.0
Dioscorea parviflora,species,Plants,RNAVirHost,1.0
Dioscorea polystachya,species,Plants,RNAVirHost,5.0
Dioscorea polystachya,species,Plants,SPHAK,1.0
Dioscorea rotundata,species,Plants,DeePaC-vir,5.0
Dioscorea rotundata,species,Plants,Host Taxon Predictor,3.0
Dioscorea rotundata,species,Plants,RNAVirHost,6.0
Dioscorea sansibarensis,species,Plants,DeePaC-vir,2.0
Dioscorea sansibarensis,species,Plants,Host Taxon Predictor,1.0
Dioscorea sansibarensis,species,Plants,RNAVirHost,2.0
Dioscorea trifida,species,Plants,DeePaC-vir,3.0
Dioscorea trifida,species,Plants,Host Taxon Predictor,2.0
Dioscorea trifida,species,Plants,RNAVirHost,4.0
Dioscorea trifida,species,Plants,SPHAK,1.0
Diospyros kaki,species,Plants,DeePaC-vir,3.0
Diospyros kaki,species,Plants,Host Taxon Predictor,4.0
Diospyros kaki,species,Plants,RNAVirHost,3.0
Diospyros virginiana,species,Plants,DeePaC-vir,1.0
Diospyros virginiana,species,Plants,Host Taxon Predictor,1.0
Diospyros virginiana,species,Plants,RNAVirHost,1.0
Diplacodes bipunctata,species,Invertebrates,DeePaC-vir,1.0
Diplacodes bipunctata,species,Invertebrates,Host Taxon Predictor,1.0
Diplodia sapinea,species,Fungi,DeePaC-vir,2.0
Diplodia sapinea,species,Fungi,RNAVirHost,2.0
Diplodia scrobiculata,species,Fungi,DeePaC-vir,1.0
Diplodia scrobiculata,species,Fungi,Host Taxon Predictor,1.0
Diplotaxis erucoides,species,Plants,DeePaC-vir,1.0
Diplotaxis erucoides,species,Plants,RNAVirHost,3.0
Discula destructiva,species,Fungi,DeePaC-vir,2.0
Discula destructiva,species,Fungi,Host Taxon Predictor,6.0
Discula destructiva,species,Fungi,RNAVirHost,4.0
Disocactus flagelliformis,species,Plants,RNAVirHost,1.0
Disocactus flagelliformis,species,Plants,SPHAK,1.0
Diuris longifolia,species,Plants,DeePaC-vir,1.0
Diuris longifolia,species,Plants,RNAVirHost,1.0
Diuris pedunculata,species,Plants,DeePaC-vir,2.0
Diuris pedunculata,species,Plants,RNAVirHost,2.0
Dobsonia moluccensis,species,Mammals,DeePaC-vir,3.0
Dobsonia moluccensis,species,Mammals,Host Taxon Predictor,3.0
Dracaena sanderiana,species,Plants,DeePaC-vir,2.0
Dracaena sanderiana,species,Plants,Host Taxon Predictor,1.0
Dracaena sanderiana,species,Plants,RNAVirHost,1.0
Drosophila affinis,species,Invertebrates,DeePaC-vir,1.0
Drosophila affinis,species,Invertebrates,RNAVirHost,1.0
Drosophila ananassae,species,Invertebrates,DeePaC-vir,1.0
Drosophila ananassae,species,Invertebrates,RNAVirHost,1.0
Drosophila immigrans,species,Invertebrates,DeePaC-vir,1.0
Drosophila immigrans,species,Invertebrates,Host Taxon Predictor,1.0
Drosophila immigrans,species,Invertebrates,RNAVirHost,1.0
Drosophila melanogaster,species,Invertebrates,DeePaC-vir,10.0
Drosophila melanogaster,species,Invertebrates,Host Taxon Predictor,5.0
Drosophila melanogaster,species,Invertebrates,RNAVirHost,19.0
Drosophila obscura,species,Invertebrates,DeePaC-vir,1.0
Drosophila obscura,species,Invertebrates,Host Taxon Predictor,1.0
Drosophila obscura,species,Invertebrates,RNAVirHost,2.0
Drosophila subobscura,species,Invertebrates,DeePaC-vir,1.0
Drosophila subobscura,species,Invertebrates,Host Taxon Predictor,1.0
Drosophila subobscura,species,Invertebrates,RNAVirHost,1.0
Duranta erecta,species,Plants,DeePaC-vir,2.0
Duranta erecta,species,Plants,SPHAK,2.0
Dysaphis plantaginea,species,Invertebrates,DeePaC-vir,2.0
Dysaphis plantaginea,species,Invertebrates,Host Taxon Predictor,1.0
Dysphania ambrosioides,species,Plants,DeePaC-vir,1.0
Dysphania ambrosioides,species,Plants,RNAVirHost,2.0
Ecballium elaterium,species,Plants,RNAVirHost,1.0
Ecballium elaterium,species,Plants,SPHAK,1.0
Echinothrips americanus,species,Invertebrates,DeePaC-vir,4.0
Echinothrips americanus,species,Invertebrates,Host Taxon Predictor,4.0
Eclipta prostrata,species,Plants,DeePaC-vir,1.0
Eclipta prostrata,species,Plants,Host Taxon Predictor,2.0
Eclipta prostrata,species,Plants,SPHAK,7.0
Ectropis obliqua,species,Invertebrates,DeePaC-vir,2.0
Ectropis obliqua,species,Invertebrates,Host Taxon Predictor,1.0
Ectropis obliqua,species,Invertebrates,RNAVirHost,1.0
Eidolon helvum,species,Mammals,DeePaC-vir,19.0
Eidolon helvum,species,Mammals,Host Taxon Predictor,18.0
Eidolon helvum,species,Mammals,RNAVirHost,28.0
Eidolon helvum,species,Mammals,SPHAK,1.0
Eimeria tenella,species,Protists & oomycetes,DeePaC-vir,1.0
Eimeria tenella,species,Protists & oomycetes,Host Taxon Predictor,1.0
Elaeis guineensis,species,Plants,DeePaC-vir,1.0
Elaeis guineensis,species,Plants,RNAVirHost,1.0
Eleocharis dulcis,species,Plants,DeePaC-vir,1.0
Eleocharis dulcis,species,Plants,Host Taxon Predictor,1.0
Eleocharis dulcis,species,Plants,RNAVirHost,1.0
Elettaria cardamomum,species,Plants,DeePaC-vir,2.0
Elettaria cardamomum,species,Plants,RNAVirHost,2.0
Elettaria cardamomum,species,Plants,SPHAK,2.0
Eleusine indica,species,Plants,RNAVirHost,1.0
Eleusine indica,species,Plants,SPHAK,1.0
Eliurus majori,species,Mammals,DeePaC-vir,1.0
Eliurus majori,species,Mammals,Host Taxon Predictor,3.0
Eliurus majori,species,Mammals,RNAVirHost,3.0
Emberiza spodocephala,species,Non-mammalian vertebrates,RNAVirHost,1.0
Emberiza spodocephala,species,Non-mammalian vertebrates,SPHAK,1.0
Emilia sonchifolia,species,Plants,DeePaC-vir,2.0
Emilia sonchifolia,species,Plants,Host Taxon Predictor,3.0
Emilia sonchifolia,species,Plants,RNAVirHost,3.0
Emilia sonchifolia,species,Plants,SPHAK,2.0
Endoconidiophora polonica,species,Fungi,DeePaC-vir,1.0
Endoconidiophora polonica,species,Fungi,RNAVirHost,2.0
Endoconidiophora resinifera,species,Fungi,DeePaC-vir,1.0
Endoconidiophora resinifera,species,Fungi,RNAVirHost,2.0
Enhydra lutris,species,Mammals,DeePaC-vir,4.0
Enhydra lutris,species,Mammals,Host Taxon Predictor,3.0
Eothenomys eleusis,species,Mammals,DeePaC-vir,1.0
Eothenomys eleusis,species,Mammals,Host Taxon Predictor,3.0
Eothenomys eleusis,species,Mammals,RNAVirHost,3.0
Eothenomys miletus,species,Mammals,DeePaC-vir,1.0
Eothenomys miletus,species,Mammals,RNAVirHost,4.0
Epichloe festucae,species,Fungi,DeePaC-vir,1.0
Epichloe festucae,species,Fungi,RNAVirHost,1.0
Epirrita autumnata,species,Invertebrates,DeePaC-vir,1.0
Epirrita autumnata,species,Invertebrates,Host Taxon Predictor,1.0
Eptesicus fuscus,species,Mammals,DeePaC-vir,3.0
Eptesicus fuscus,species,Mammals,Host Taxon Predictor,1.0
Eptesicus fuscus,species,Mammals,"HostNet (Rabies, VIPHOD)",460.0
Eptesicus fuscus,species,Mammals,RNAVirHost,8.0
Eptesicus fuscus,species,Mammals,VIDHOP,480.0
Eptesicus serotinus,species,Mammals,DeePaC-vir,4.0
Eptesicus serotinus,species,Mammals,Host Taxon Predictor,2.0
Eptesicus serotinus,species,Mammals,RNAVirHost,3.0
Eptesicus serotinus,species,Mammals,SPHAK,2.0
Equus asinus,species,Mammals,DeePaC-vir,2.0
Equus asinus,species,Mammals,GIVAL,8.0
Equus asinus,species,Mammals,Host Taxon Predictor,1.0
Equus asinus,species,Mammals,RNAVirHost,5.0
Equus asinus x Equus caballus,species,Mammals,RNAVirHost,2.0
Equus asinus x Equus caballus,species,Mammals,SPHAK,2.0
Equus caballus,species,Mammals,DeePaC-vir,33.0
Equus caballus,species,Mammals,EvoMIL,54.0
Equus caballus,species,Mammals,GIVAL,182.0
Equus caballus,species,Mammals,Host Taxon Predictor,10.0
Equus caballus,species,Mammals,"HostNet (Rabies, VIPHOD)",118.0
Equus caballus,species,Mammals,RNAVirHost,82.0
Equus caballus,species,Mammals,SPHAK,71.0
Equus caballus,species,Mammals,VIDHOP,2469.0
Equus ferus,species,Mammals,DeePaC-vir,3.0
Equus ferus,species,Mammals,Host Taxon Predictor,1.0
Equus ferus,species,Mammals,RNAVirHost,1.0
Eragrostis curvula,species,Plants,DeePaC-vir,2.0
Eragrostis curvula,species,Plants,Host Taxon Predictor,2.0
Eragrostis curvula,species,Plants,SPHAK,2.0
Eragrostis minor,species,Plants,DeePaC-vir,1.0
Eragrostis minor,species,Plants,Host Taxon Predictor,1.0
Erethizon dorsatum,species,Mammals,DeePaC-vir,2.0
Erethizon dorsatum,species,Mammals,SPHAK,2.0
Eretmapodites leucopous,species,Invertebrates,DeePaC-vir,1.0
Eretmapodites leucopous,species,Invertebrates,RNAVirHost,1.0
Erigeron breviscapus,species,Plants,DeePaC-vir,2.0
Erigeron breviscapus,species,Plants,RNAVirHost,2.0
Erinaceus amurensis,species,Mammals,RNAVirHost,1.0
Erinaceus amurensis,species,Mammals,SPHAK,2.0
Erinaceus europaeus,species,Mammals,DeePaC-vir,3.0
Erinaceus europaeus,species,Mammals,Host Taxon Predictor,3.0
Erinaceus europaeus,species,Mammals,RNAVirHost,11.0
Erinaceus europaeus,species,Mammals,SPHAK,6.0
Erinaceus roumanicus,species,Mammals,DeePaC-vir,1.0
Erinaceus roumanicus,species,Mammals,RNAVirHost,1.0
Erinnyis ello,species,Invertebrates,DeePaC-vir,1.0
Erinnyis ello,species,Invertebrates,Host Taxon Predictor,1.0
Eriobotrya japonica,species,Plants,RNAVirHost,2.0
Eriobotrya japonica,species,Plants,SPHAK,1.0
Erysiphe necator,species,Fungi,DeePaC-vir,3.0
Erysiphe necator,species,Fungi,RNAVirHost,72.0
Erysiphe palczewskii,species,Fungi,DeePaC-vir,1.0
Erysiphe palczewskii,species,Fungi,Host Taxon Predictor,2.0
Erysiphe palczewskii,species,Fungi,RNAVirHost,2.0
Erysiphe trifoliorum,species,Fungi,DeePaC-vir,7.0
Erysiphe trifoliorum,species,Fungi,Host Taxon Predictor,7.0
Erysiphe trifoliorum,species,Fungi,RNAVirHost,7.0
Erythemis simplicicollis,species,Invertebrates,DeePaC-vir,5.0
Erythemis simplicicollis,species,Invertebrates,Host Taxon Predictor,2.0
Erythrocebus patas,species,Mammals,Host Taxon Predictor,1.0
Erythrocebus patas,species,Mammals,RNAVirHost,1.0
Erythrodiplax fusca,species,Invertebrates,DeePaC-vir,2.0
Erythrodiplax fusca,species,Invertebrates,Host Taxon Predictor,1.0
Erythrodiplax umbrata,species,Invertebrates,DeePaC-vir,2.0
Erythrodiplax umbrata,species,Invertebrates,Host Taxon Predictor,2.0
Esox lucius,species,Non-mammalian vertebrates,DeePaC-vir,1.0
Esox lucius,species,Non-mammalian vertebrates,Host Taxon Predictor,1.0
Esox lucius,species,Non-mammalian vertebrates,RNAVirHost,1.0
Estrilda troglodytes,species,Non-mammalian vertebrates,DeePaC-vir,1.0
Estrilda troglodytes,species,Non-mammalian vertebrates,RNAVirHost,1.0
Etheostoma fonticola,species,Non-mammalian vertebrates,DeePaC-vir,1.0
Etheostoma fonticola,species,Non-mammalian vertebrates,Host Taxon Predictor,11.0
Etheostoma fonticola,species,Non-mammalian vertebrates,RNAVirHost,11.0
Eucampsipoda africana,species,Invertebrates,DeePaC-vir,1.0
Eucampsipoda africana,species,Invertebrates,Host Taxon Predictor,10.0
Eucampsipoda africana,species,Invertebrates,RNAVirHost,10.0
Eucharis x grandiflora,species,Plants,DeePaC-vir,1.0
Eucharis x grandiflora,species,Plants,RNAVirHost,3.0
Eudromia elegans,species,Non-mammalian vertebrates,DeePaC-vir,1.0
Eudromia elegans,species,Non-mammalian vertebrates,Host Taxon Predictor,1.0
Eudromia elegans,species,Non-mammalian vertebrates,RNAVirHost,1.0
Euonymus maackii,species,Plants,DeePaC-vir,1.0
Euonymus maackii,species,Plants,RNAVirHost,2.0
Eupatorium makinoi,species,Plants,DeePaC-vir,2.0
Eupatorium makinoi,species,Plants,Host Taxon Predictor,1.0
Eupatorium makinoi,species,Plants,SPHAK,2.0
Euphorbia caput-medusae,species,Plants,DeePaC-vir,1.0
Euphorbia caput-medusae,species,Plants,Host Taxon Predictor,1.0
Euphorbia caput-medusae,species,Plants,SPHAK,13.0
Euphorbia heterophylla,species,Plants,DeePaC-vir,4.0
Euphorbia heterophylla,species,Plants,Host Taxon Predictor,4.0
Euphorbia heterophylla,species,Plants,SPHAK,35.0
Euphorbia pulcherrima,species,Plants,DeePaC-vir,4.0
Euphorbia pulcherrima,species,Plants,Host Taxon Predictor,3.0
Euphorbia pulcherrima,species,Plants,RNAVirHost,3.0
Euphorbia pulcherrima,species,Plants,SPHAK,1.0
Euproctis pseudoconspersa,species,Invertebrates,DeePaC-vir,1.0
Euproctis pseudoconspersa,species,Invertebrates,RNAVirHost,1.0
Euscelidius variegatus,species,Invertebrates,DeePaC-vir,1.0
Euscelidius variegatus,species,Invertebrates,Host Taxon Predictor,1.0
Euscelidius variegatus,species,Invertebrates,RNAVirHost,1.0
Eustoma grandiflorum,species,Plants,Host Taxon Predictor,1.0
Eustoma grandiflorum,species,Plants,RNAVirHost,1.0
Eustoma grandiflorum,species,Plants,SPHAK,2.0
Eutrema japonicum,species,Plants,DeePaC-vir,1.0
Eutrema japonicum,species,Plants,RNAVirHost,2.0
Eutrema japonicum,species,Plants,SPHAK,2.0
Falco tinnunculus,species,Non-mammalian vertebrates,DeePaC-vir,1.0
Falco tinnunculus,species,Non-mammalian vertebrates,Host Taxon Predictor,1.0
Falco tinnunculus,species,Non-mammalian vertebrates,RNAVirHost,2.0
Falco vespertinus,species,Non-mammalian vertebrates,DeePaC-vir,1.0
Falco vespertinus,species,Non-mammalian vertebrates,Host Taxon Predictor,1.0
Falco vespertinus,species,Non-mammalian vertebrates,RNAVirHost,1.0
Fallopia dumetorum,species,Plants,DeePaC-vir,1.0
Fallopia dumetorum,species,Plants,RNAVirHost,3.0
Feliformia,suborder,Mammals,DeePaC-vir,5.0
Feliformia,suborder,Mammals,RNAVirHost,33.0
Felis catus,species,Mammals,DeePaC-vir,45.0
Felis catus,species,Mammals,EvoMIL,57.0
Felis catus,species,Mammals,GIVAL,59.0
Felis catus,species,Mammals,Host Taxon Predictor,12.0
Felis catus,species,Mammals,"HostNet (Rabies, VIPHOD)",259.0
Felis catus,species,Mammals,RNAVirHost,83.0
Felis catus,species,Mammals,SPHAK,123.0
Felis catus,species,Mammals,VIDHOP,279.0
Festuca pratensis,species,Plants,DeePaC-vir,2.0
Festuca pratensis,species,Plants,RNAVirHost,2.0
Ficus carica,species,Plants,DeePaC-vir,2.0
Ficus carica,species,Plants,Host Taxon Predictor,6.0
Ficus carica,species,Plants,RNAVirHost,16.0
Fish  (not resolved to species),not species-resolved,Non-mammalian vertebrates,DeePaC-vir,21.0
Fish  (not resolved to species),not species-resolved,Non-mammalian vertebrates,Host Taxon Predictor,25.0
Fish  (not resolved to species),not species-resolved,Non-mammalian vertebrates,RNAVirHost,145.0
Fish  (not resolved to species),not species-resolved,Non-mammalian vertebrates,UniVH,42.0
Fish  (not resolved to species),not species-resolved,Non-mammalian vertebrates,ViralHostPredictor,19.0
Fish  (not resolved to species),not species-resolved,Non-mammalian vertebrates,Zoonotic rank,39.0
Flammulina velutipes,species,Fungi,DeePaC-vir,1.0
Flammulina velutipes,species,Fungi,RNAVirHost,2.0
Formica exsecta,species,Invertebrates,DeePaC-vir,2.0
Formica exsecta,species,Invertebrates,Host Taxon Predictor,2.0
Formica exsecta,species,Invertebrates,RNAVirHost,3.0
Formicarius analis,species,Non-mammalian vertebrates,DeePaC-vir,1.0
Formicarius analis,species,Non-mammalian vertebrates,Host Taxon Predictor,1.0
Fragaria chiloensis,species,Plants,DeePaC-vir,2.0
Fragaria chiloensis,species,Plants,Host Taxon Predictor,3.0
Fragaria chiloensis,species,Plants,RNAVirHost,6.0
Fragaria vesca,species,Plants,DeePaC-vir,3.0
Fragaria vesca,species,Plants,Host Taxon Predictor,2.0
Fragaria vesca,species,Plants,RNAVirHost,12.0
Fragaria x ananassa,species,Plants,DeePaC-vir,3.0
Fragaria x ananassa,species,Plants,Host Taxon Predictor,1.0
Fragaria x ananassa,species,Plants,RNAVirHost,20.0
Fragaria x ananassa,species,Plants,SPHAK,2.0
Frankliniella occidentalis,species,Invertebrates,DeePaC-vir,2.0
Frankliniella occidentalis,species,Invertebrates,RNAVirHost,9.0
Fritillaria thunbergii,species,Plants,DeePaC-vir,2.0
Fritillaria thunbergii,species,Plants,Host Taxon Predictor,2.0
Fritillaria thunbergii,species,Plants,RNAVirHost,2.0
Fulica atra,species,Non-mammalian vertebrates,RNAVirHost,2.0
Fulica atra,species,Non-mammalian vertebrates,SPHAK,3.0
Fulmarus glacialis,species,Non-mammalian vertebrates,DeePaC-vir,2.0
Fulmarus glacialis,species,Non-mammalian vertebrates,Host Taxon Predictor,1.0
Fungi,kingdom,Fungi,DeePaC-vir,4.0
Fungi,kingdom,Fungi,UniVH,100.0
Fungi,kingdom,Fungi,Zoonotic rank,3.0
Fungi  (not resolved to species),not species-resolved,Fungi,DeePaC-vir,19.0
Fungi  (not resolved to species),not species-resolved,Fungi,Host Taxon Predictor,26.0
Fungi  (not resolved to species),not species-resolved,Fungi,RNAVirHost,214.0
Fusarium asiaticum,species,Fungi,DeePaC-vir,1.0
Fusarium asiaticum,species,Fungi,RNAVirHost,6.0
Fusarium coeruleum,species,Fungi,DeePaC-vir,1.0
Fusarium coeruleum,species,Fungi,Host Taxon Predictor,1.0
Fusarium coeruleum,species,Fungi,RNAVirHost,1.0
Fusarium globosum,species,Fungi,DeePaC-vir,1.0
Fusarium globosum,species,Fungi,Host Taxon Predictor,1.0
Fusarium globosum,species,Fungi,RNAVirHost,1.0
Fusarium graminearum,species,Fungi,DeePaC-vir,8.0
Fusarium graminearum,species,Fungi,Host Taxon Predictor,7.0
Fusarium graminearum,species,Fungi,RNAVirHost,17.0
Fusarium langsethiae,species,Fungi,DeePaC-vir,1.0
Fusarium langsethiae,species,Fungi,Host Taxon Predictor,1.0
Fusarium langsethiae,species,Fungi,RNAVirHost,1.0
Fusarium oxysporum,species,Fungi,DeePaC-vir,1.0
Fusarium oxysporum,species,Fungi,Host Taxon Predictor,4.0
Fusarium oxysporum,species,Fungi,RNAVirHost,6.0
Fusarium poae,species,Fungi,DeePaC-vir,18.0
Fusarium poae,species,Fungi,Host Taxon Predictor,20.0
Fusarium poae,species,Fungi,RNAVirHost,19.0
Fusarium solani,species,Fungi,DeePaC-vir,1.0
Fusarium solani,species,Fungi,RNAVirHost,2.0
Gadus morhua,species,Non-mammalian vertebrates,DeePaC-vir,1.0
Gadus morhua,species,Non-mammalian vertebrates,RNAVirHost,8.0
Gallinago gallinago,species,Non-mammalian vertebrates,DeePaC-vir,1.0
Gallinago gallinago,species,Non-mammalian vertebrates,RNAVirHost,1.0
Gallinula chloropus,species,Non-mammalian vertebrates,DeePaC-vir,1.0
Gallinula chloropus,species,Non-mammalian vertebrates,RNAVirHost,1.0
Galloanserae (bird clade),clade,Non-mammalian vertebrates,ViralHostPredictor,40.0
Gallus gallus,species,Non-mammalian vertebrates,DeePaC-vir,71.0
Gallus gallus,species,Non-mammalian vertebrates,EvoMIL,109.0
Gallus gallus,species,Non-mammalian vertebrates,Host Taxon Predictor,62.0
Gallus gallus,species,Non-mammalian vertebrates,RNAVirHost,269.0
Gallus gallus,species,Non-mammalian vertebrates,SPHAK,922.0
Gallus gallus,species,Non-mammalian vertebrates,VIDHOP,27229.0
Garrulus glandarius,species,Non-mammalian vertebrates,DeePaC-vir,1.0
Garrulus glandarius,species,Non-mammalian vertebrates,Host Taxon Predictor,1.0
Gentiana triflora,species,Plants,DeePaC-vir,2.0
Gentiana triflora,species,Plants,Host Taxon Predictor,3.0
Gentiana triflora,species,Plants,RNAVirHost,2.0
Gerbera jamesonii,species,Plants,RNAVirHost,1.0
Gerbera jamesonii,species,Plants,SPHAK,1.0
Gerbilliscus kempi,species,Mammals,DeePaC-vir,1.0
Gerbilliscus kempi,species,Mammals,RNAVirHost,1.0
Gerygone albofrontata,species,Non-mammalian vertebrates,DeePaC-vir,3.0
Gerygone albofrontata,species,Non-mammalian vertebrates,Host Taxon Predictor,3.0
Gigaspora margarita,species,Fungi,DeePaC-vir,5.0
Gigaspora margarita,species,Fungi,RNAVirHost,5.0
Giraffa camelopardalis,species,Mammals,DeePaC-vir,5.0
Giraffa camelopardalis,species,Mammals,Host Taxon Predictor,1.0
Giraffa camelopardalis,species,Mammals,RNAVirHost,2.0
Girardia tigrina,species,Invertebrates,DeePaC-vir,1.0
Girardia tigrina,species,Invertebrates,Host Taxon Predictor,2.0
Glycine max,species,Plants,DeePaC-vir,28.0
Glycine max,species,Plants,Host Taxon Predictor,6.0
Glycine max,species,Plants,RNAVirHost,51.0
Glycine max,species,Plants,SPHAK,41.0
Golovinomyces cichoracearum,species,Fungi,DeePaC-vir,1.0
Golovinomyces cichoracearum,species,Fungi,RNAVirHost,2.0
Gonimbrasia cytherea,species,Invertebrates,DeePaC-vir,1.0
Gonimbrasia cytherea,species,Invertebrates,RNAVirHost,2.0
Gorilla gorilla,species,Mammals,DeePaC-vir,6.0
Gorilla gorilla,species,Mammals,Host Taxon Predictor,3.0
Gorilla gorilla,species,Mammals,RNAVirHost,7.0
Gorilla gorilla,species,Mammals,SPHAK,2.0
Gossypium darwinii,species,Plants,DeePaC-vir,2.0
Gossypium darwinii,species,Plants,Host Taxon Predictor,2.0
Gossypium hirsutum,species,Plants,DeePaC-vir,15.0
Gossypium hirsutum,species,Plants,Host Taxon Predictor,8.0
Gossypium hirsutum,species,Plants,RNAVirHost,3.0
Gossypium hirsutum,species,Plants,SPHAK,90.0
Gossypium mustelinum,species,Plants,Host Taxon Predictor,1.0
Gossypium mustelinum,species,Plants,SPHAK,1.0
Graminella nigrifrons,species,Invertebrates,DeePaC-vir,1.0
Graminella nigrifrons,species,Invertebrates,Host Taxon Predictor,1.0
Graminella nigrifrons,species,Invertebrates,RNAVirHost,1.0
Grammomys sp.,species,Mammals,DeePaC-vir,1.0
Grammomys sp.,species,Mammals,RNAVirHost,2.0
Gremmeniella abietina,species,Fungi,DeePaC-vir,6.0
Gremmeniella abietina,species,Fungi,Host Taxon Predictor,6.0
Gremmeniella abietina,species,Fungi,RNAVirHost,6.0
Grus japonensis,species,Non-mammalian vertebrates,DeePaC-vir,2.0
Grus japonensis,species,Non-mammalian vertebrates,SPHAK,3.0
Gymnanthemum amygdalinum,species,Plants,DeePaC-vir,1.0
Gymnanthemum amygdalinum,species,Plants,SPHAK,2.0
Gymnocalycium mihanovichii,species,Plants,DeePaC-vir,1.0
Gymnocalycium mihanovichii,species,Plants,Host Taxon Predictor,1.0
Gymnocalycium mihanovichii,species,Plants,RNAVirHost,2.0
Gymnocalycium mihanovichii,species,Plants,SPHAK,1.0
Habenaria radiata,species,Plants,Host Taxon Predictor,1.0
Habenaria radiata,species,Plants,RNAVirHost,2.0
Haemaphysalis doenitzi,species,Invertebrates,DeePaC-vir,2.0
Haemaphysalis doenitzi,species,Invertebrates,Host Taxon Predictor,4.0
Haemaphysalis doenitzi,species,Invertebrates,RNAVirHost,1.0
Haemaphysalis flava,species,Invertebrates,DeePaC-vir,1.0
Haemaphysalis flava,species,Invertebrates,Host Taxon Predictor,3.0
Haemaphysalis flava,species,Invertebrates,RNAVirHost,12.0
Haemaphysalis hystricis,species,Invertebrates,DeePaC-vir,3.0
Haemaphysalis hystricis,species,Invertebrates,Host Taxon Predictor,4.0
Haemaphysalis hystricis,species,Invertebrates,RNAVirHost,6.0
Haliaeetus leucocephalus,species,Non-mammalian vertebrates,RNAVirHost,1.0
Haliaeetus leucocephalus,species,Non-mammalian vertebrates,SPHAK,1.0
Haliotis discus,species,Invertebrates,DeePaC-vir,3.0
Haliotis discus,species,Invertebrates,Host Taxon Predictor,1.0
Haliotis discus,species,Invertebrates,RNAVirHost,2.0
Haliotis diversicolor,species,Invertebrates,DeePaC-vir,1.0
Haliotis diversicolor,species,Invertebrates,Host Taxon Predictor,1.0
Halyomorpha halys,species,Invertebrates,DeePaC-vir,1.0
Halyomorpha halys,species,Invertebrates,Host Taxon Predictor,1.0
Halyomorpha halys,species,Invertebrates,RNAVirHost,4.0
Hardenbergia comptoniana,species,Plants,DeePaC-vir,2.0
Hardenbergia comptoniana,species,Plants,Host Taxon Predictor,2.0
Hardenbergia comptoniana,species,Plants,RNAVirHost,6.0
Hardenbergia comptoniana,species,Plants,SPHAK,3.0
Hedyotis uncinella,species,Plants,DeePaC-vir,1.0
Hedyotis uncinella,species,Plants,Host Taxon Predictor,1.0
Helianthus annuus,species,Plants,DeePaC-vir,5.0
Helianthus annuus,species,Plants,Host Taxon Predictor,4.0
Helianthus annuus,species,Plants,RNAVirHost,8.0
Helicobasidium mompa,species,Fungi,DeePaC-vir,2.0
Helicobasidium mompa,species,Fungi,RNAVirHost,2.0
Heliconius erato,species,Invertebrates,DeePaC-vir,1.0
Heliconius erato,species,Invertebrates,Host Taxon Predictor,1.0
Heliconius erato,species,Invertebrates,RNAVirHost,1.0
Helicoverpa armigera,species,Invertebrates,DeePaC-vir,8.0
Helicoverpa armigera,species,Invertebrates,Host Taxon Predictor,3.0
Helicoverpa armigera,species,Invertebrates,RNAVirHost,14.0
Helicoverpa zea,species,Invertebrates,DeePaC-vir,5.0
Helicoverpa zea,species,Invertebrates,RNAVirHost,1.0
Helleborus x hybridus,species,Plants,DeePaC-vir,1.0
Helleborus x hybridus,species,Plants,RNAVirHost,1.0
Heloderma horridum,species,Non-mammalian vertebrates,DeePaC-vir,1.0
Heloderma horridum,species,Non-mammalian vertebrates,Host Taxon Predictor,1.0
Hemidesmus indicus,species,Plants,DeePaC-vir,1.0
Hemidesmus indicus,species,Plants,Host Taxon Predictor,1.0
Heracleum sphondylium,species,Plants,DeePaC-vir,1.0
Heracleum sphondylium,species,Plants,RNAVirHost,1.0
Herpestes ichneumon,species,Mammals,DeePaC-vir,4.0
Herpestes ichneumon,species,Mammals,Host Taxon Predictor,4.0
Heterobasidion abietinum,species,Fungi,DeePaC-vir,1.0
Heterobasidion abietinum,species,Fungi,RNAVirHost,2.0
Heterobasidion annosum,species,Fungi,DeePaC-vir,2.0
Heterobasidion annosum,species,Fungi,RNAVirHost,6.0
Heterobasidion ecrustosum,species,Fungi,DeePaC-vir,1.0
Heterobasidion ecrustosum,species,Fungi,RNAVirHost,2.0
Heterobasidion irregulare,species,Fungi,DeePaC-vir,1.0
Heterobasidion irregulare,species,Fungi,RNAVirHost,2.0
Heterobasidion parviporum,species,Fungi,DeePaC-vir,3.0
Heterobasidion parviporum,species,Fungi,Host Taxon Predictor,2.0
Heterobasidion parviporum,species,Fungi,RNAVirHost,7.0
Heterodera glycines,species,Invertebrates,DeePaC-vir,2.0
Heterodera glycines,species,Invertebrates,Host Taxon Predictor,2.0
Heterodera glycines,species,Invertebrates,RNAVirHost,6.0
Heteronychus arator,species,Invertebrates,DeePaC-vir,1.0
Heteronychus arator,species,Invertebrates,RNAVirHost,1.0
Hevea brasiliensis,species,Plants,RNAVirHost,2.0
Hevea brasiliensis,species,Plants,SPHAK,4.0
Hexura picea,species,Invertebrates,DeePaC-vir,1.0
Hexura picea,species,Invertebrates,Host Taxon Predictor,1.0
Hibiscus cannabinus,species,Plants,DeePaC-vir,3.0
Hibiscus cannabinus,species,Plants,Host Taxon Predictor,5.0
Hibiscus cannabinus,species,Plants,RNAVirHost,1.0
Hibiscus cannabinus,species,Plants,SPHAK,12.0
Hibiscus rosa-sinensis,species,Plants,DeePaC-vir,1.0
Hibiscus rosa-sinensis,species,Plants,Host Taxon Predictor,2.0
Hibiscus rosa-sinensis,species,Plants,RNAVirHost,4.0
Hibiscus rosa-sinensis,species,Plants,SPHAK,14.0
Hibiscus sabdariffa,species,Plants,Host Taxon Predictor,1.0
Hibiscus sabdariffa,species,Plants,SPHAK,2.0
Hippeastrum sp.,species,Plants,DeePaC-vir,2.0
Hippeastrum sp.,species,Plants,RNAVirHost,2.0
Hipposideros armiger,species,Mammals,RNAVirHost,8.0
Hipposideros armiger,species,Mammals,SPHAK,2.0
Hipposideros cf. ruber,species,Mammals,DeePaC-vir,1.0
Hipposideros cf. ruber,species,Mammals,RNAVirHost,1.0
Hipposideros cineraceus,species,Mammals,RNAVirHost,3.0
Hipposideros cineraceus,species,Mammals,SPHAK,1.0
Hipposideros commersoni,species,Mammals,DeePaC-vir,2.0
Hipposideros commersoni,species,Mammals,Host Taxon Predictor,2.0
Hipposideros gigas,species,Mammals,DeePaC-vir,2.0
Hipposideros gigas,species,Mammals,Host Taxon Predictor,4.0
Hipposideros larvatus,species,Mammals,RNAVirHost,4.0
Hipposideros larvatus,species,Mammals,SPHAK,5.0
Hipposideros pomona,species,Mammals,DeePaC-vir,2.0
Hipposideros pomona,species,Mammals,RNAVirHost,7.0
Hipposideros pomona,species,Mammals,SPHAK,6.0
Hipposideros pratti,species,Mammals,DeePaC-vir,1.0
Hipposideros pratti,species,Mammals,Host Taxon Predictor,1.0
Hipposideros pratti,species,Mammals,RNAVirHost,1.0
Hipposideros vittatus,species,Mammals,DeePaC-vir,2.0
Hipposideros vittatus,species,Mammals,Host Taxon Predictor,1.0
Hipposideros vittatus,species,Mammals,RNAVirHost,1.0
Homalodisca vitripennis,species,Invertebrates,DeePaC-vir,2.0
Homalodisca vitripennis,species,Invertebrates,Host Taxon Predictor,12.0
Homalodisca vitripennis,species,Invertebrates,RNAVirHost,13.0
Homo sapiens,species,Mammals,DeePaC-vir,1309.0
Homo sapiens,species,Mammals,DeepHoF,32464.0
Homo sapiens,species,Mammals,EvoMIL,1321.0
Homo sapiens,species,Mammals,GIVAL,53942.0
Homo sapiens,species,Mammals,Host Taxon Predictor,188.0
Homo sapiens,species,Mammals,"HostNet (Rabies, VIPHOD)",478.0
Homo sapiens,species,Mammals,MENB,1200.0
Homo sapiens,species,Mammals,RNAVirHost,4338.0
Homo sapiens,species,Mammals,SPHAK,5480.0
Homo sapiens,species,Mammals,UniVH,1.0
Homo sapiens,species,Mammals,VIDHOP,136031.0
Homo sapiens,species,Mammals,VPF-Class,1247.0
Homo sapiens,species,Mammals,VirHostPRED,2127.0
Homo sapiens,species,Mammals,Zoonotic rank,113.0
Hordeum vulgare,species,Plants,DeePaC-vir,16.0
Hordeum vulgare,species,Plants,Host Taxon Predictor,1.0
Hordeum vulgare,species,Plants,RNAVirHost,45.0
Hordeum vulgare,species,Plants,SPHAK,17.0
Hoya wayetii,species,Plants,DeePaC-vir,1.0
Hoya wayetii,species,Plants,Host Taxon Predictor,1.0
Hoya wayetii,species,Plants,RNAVirHost,1.0
Humans + non-human primates  (not resolved to species),not species-resolved,Mammals,ViralHostPredictor,55.0
Humulus japonicus,species,Plants,DeePaC-vir,1.0
Humulus japonicus,species,Plants,RNAVirHost,3.0
Humulus lupulus,species,Plants,DeePaC-vir,3.0
Humulus lupulus,species,Plants,Host Taxon Predictor,2.0
Humulus lupulus,species,Plants,RNAVirHost,6.0
Hyacinthus orientalis,species,Plants,DeePaC-vir,1.0
Hyacinthus orientalis,species,Plants,RNAVirHost,1.0
Hyalomma anatolicum,species,Invertebrates,DeePaC-vir,1.0
Hyalomma anatolicum,species,Invertebrates,RNAVirHost,2.0
Hyalomma asiaticum,species,Invertebrates,DeePaC-vir,3.0
Hyalomma asiaticum,species,Invertebrates,Host Taxon Predictor,3.0
Hyalomma asiaticum,species,Invertebrates,RNAVirHost,14.0
Hyalomma dromedarii,species,Invertebrates,DeePaC-vir,1.0
Hyalomma dromedarii,species,Invertebrates,Host Taxon Predictor,3.0
Hyalomma dromedarii,species,Invertebrates,RNAVirHost,5.0
Hyalopterus pruni,species,Invertebrates,DeePaC-vir,7.0
Hyalopterus pruni,species,Invertebrates,Host Taxon Predictor,15.0
Hyalopterus pruni,species,Invertebrates,RNAVirHost,7.0
Hydrangea macrophylla,species,Plants,DeePaC-vir,1.0
Hydrangea macrophylla,species,Plants,Host Taxon Predictor,2.0
Hydrangea macrophylla,species,Plants,RNAVirHost,6.0
Hydrocoloeus minutus,species,Non-mammalian vertebrates,RNAVirHost,1.0
Hydrocoloeus minutus,species,Non-mammalian vertebrates,SPHAK,1.0
Hylaeamys megacephalus,species,Mammals,DeePaC-vir,2.0
Hylaeamys megacephalus,species,Mammals,RNAVirHost,12.0
Hylocereus undatus,species,Plants,DeePaC-vir,1.0
Hylocereus undatus,species,Plants,Host Taxon Predictor,1.0
Hylomyscus simus,species,Mammals,DeePaC-vir,1.0
Hylomyscus simus,species,Mammals,Host Taxon Predictor,3.0
Hylomyscus simus,species,Mammals,RNAVirHost,3.0
Hypsugo pulveratus,species,Mammals,RNAVirHost,1.0
Hypsugo pulveratus,species,Mammals,SPHAK,2.0
Hyptiotes gertschi,species,Invertebrates,DeePaC-vir,1.0
Hyptiotes gertschi,species,Invertebrates,Host Taxon Predictor,1.0
Ia io,species,Mammals,DeePaC-vir,1.0
Ia io,species,Mammals,RNAVirHost,1.0
Ilex paraguariensis,species,Plants,DeePaC-vir,2.0
Ilex paraguariensis,species,Plants,Host Taxon Predictor,1.0
Ilex paraguariensis,species,Plants,RNAVirHost,3.0
Impatiens walleriana,species,Plants,DeePaC-vir,1.0
Impatiens walleriana,species,Plants,Host Taxon Predictor,1.0
Impatiens walleriana,species,Plants,RNAVirHost,3.0
Imperata cylindrica,species,Plants,DeePaC-vir,1.0
Imperata cylindrica,species,Plants,Host Taxon Predictor,1.0
Imperata cylindrica,species,Plants,RNAVirHost,1.0
Indotestudo forstenii,species,Non-mammalian vertebrates,DeePaC-vir,1.0
Indotestudo forstenii,species,Non-mammalian vertebrates,RNAVirHost,1.0
Indri indri,species,Mammals,DeePaC-vir,1.0
Indri indri,species,Mammals,Host Taxon Predictor,1.0
Insecta,class,Invertebrates,DeePaC-vir,3.0
Insecta,class,Invertebrates,UniVH,62.0
Insecta,class,Invertebrates,ViralHostPredictor,65.0
Insecta,class,Invertebrates,Zoonotic rank,67.0
Insects  (not resolved to species),not species-resolved,Invertebrates,DeePaC-vir,226.0
Insects  (not resolved to species),not species-resolved,Invertebrates,Host Taxon Predictor,282.0
Insects  (not resolved to species),not species-resolved,Invertebrates,RNAVirHost,647.0
Insects  (not resolved to species),not species-resolved,Invertebrates,SPHAK,1.0
Insects  (not resolved to species),not species-resolved,Invertebrates,VPF-Class,68.0
Ipomoea batatas,species,Plants,DeePaC-vir,40.0
Ipomoea batatas,species,Plants,Host Taxon Predictor,14.0
Ipomoea batatas,species,Plants,RNAVirHost,41.0
Ipomoea batatas,species,Plants,SPHAK,59.0
Ipomoea indica,species,Plants,DeePaC-vir,1.0
Ipomoea indica,species,Plants,Host Taxon Predictor,1.0
Ipomoea indica,species,Plants,SPHAK,28.0
Ipomoea setosa,species,Plants,DeePaC-vir,1.0
Ipomoea setosa,species,Plants,Host Taxon Predictor,1.0
Ipomoea setosa,species,Plants,RNAVirHost,2.0
Iris ensata,species,Plants,DeePaC-vir,1.0
Iris ensata,species,Plants,RNAVirHost,2.0
Isoodon obesulus,species,Mammals,DeePaC-vir,1.0
Isoodon obesulus,species,Mammals,Host Taxon Predictor,1.0
Ixeridium dentatum,species,Plants,DeePaC-vir,2.0
Ixeridium dentatum,species,Plants,Host Taxon Predictor,2.0
Ixeridium dentatum,species,Plants,RNAVirHost,2.0
Ixodes lividus,species,Invertebrates,DeePaC-vir,1.0
Ixodes lividus,species,Invertebrates,Host Taxon Predictor,1.0
Ixodes lividus,species,Invertebrates,RNAVirHost,1.0
Ixodes scapularis,species,Invertebrates,DeePaC-vir,4.0
Ixodes scapularis,species,Invertebrates,Host Taxon Predictor,2.0
Ixodes scapularis,species,Invertebrates,RNAVirHost,21.0
Ixodes uriae,species,Invertebrates,DeePaC-vir,3.0
Ixodes uriae,species,Invertebrates,Host Taxon Predictor,4.0
Ixodes uriae,species,Invertebrates,RNAVirHost,25.0
Ixodida,order,Invertebrates,DeePaC-vir,5.0
Ixodida,order,Invertebrates,Host Taxon Predictor,13.0
Ixodida,order,Invertebrates,HostNet (Flavivirus),373.0
Ixodida,order,Invertebrates,ViralHostPredictor,20.0
Jasminum sambac,species,Plants,DeePaC-vir,1.0
Jasminum sambac,species,Plants,Host Taxon Predictor,1.0
Jasminum sambac,species,Plants,RNAVirHost,5.0
Jatropha curcas,species,Plants,DeePaC-vir,6.0
Jatropha curcas,species,Plants,Host Taxon Predictor,2.0
Jatropha curcas,species,Plants,SPHAK,12.0
Jatropha gossypiifolia,species,Plants,DeePaC-vir,1.0
Jatropha gossypiifolia,species,Plants,SPHAK,1.0
Jatropha multifida,species,Plants,DeePaC-vir,1.0
Jatropha multifida,species,Plants,SPHAK,1.0
Kalanchoe blossfeldiana,species,Plants,DeePaC-vir,2.0
Kalanchoe blossfeldiana,species,Plants,Host Taxon Predictor,2.0
Kalanchoe blossfeldiana,species,Plants,RNAVirHost,3.0
Labidocera aestiva,species,Invertebrates,DeePaC-vir,1.0
Labidocera aestiva,species,Invertebrates,Host Taxon Predictor,1.0
Lablab purpureus,species,Plants,RNAVirHost,7.0
Lablab purpureus,species,Plants,SPHAK,3.0
Lactuca sativa,species,Plants,DeePaC-vir,10.0
Lactuca sativa,species,Plants,Host Taxon Predictor,6.0
Lactuca sativa,species,Plants,RNAVirHost,55.0
Lagenaria siceraria,species,Plants,DeePaC-vir,2.0
Lagenaria siceraria,species,Plants,Host Taxon Predictor,2.0
Lagenaria siceraria,species,Plants,RNAVirHost,8.0
Lagenaria siceraria,species,Plants,SPHAK,8.0
Lagenorhynchus acutus,species,Mammals,DeePaC-vir,1.0
Lagenorhynchus acutus,species,Mammals,SPHAK,1.0
Lagenorhynchus albirostris,species,Mammals,DeePaC-vir,1.0
Lagenorhynchus albirostris,species,Mammals,Host Taxon Predictor,1.0
Lagenorhynchus albirostris,species,Mammals,RNAVirHost,1.0
Lagenorhynchus albirostris,species,Mammals,SPHAK,2.0
Lagothrix lagotricha,species,Mammals,DeePaC-vir,1.0
Lagothrix lagotricha,species,Mammals,RNAVirHost,1.0
Lama glama,species,Mammals,DeePaC-vir,2.0
Lama glama,species,Mammals,Host Taxon Predictor,2.0
Lambdina fiscellaria,species,Invertebrates,DeePaC-vir,1.0
Lambdina fiscellaria,species,Invertebrates,Host Taxon Predictor,1.0
Lamium album,species,Plants,DeePaC-vir,1.0
Lamium album,species,Plants,Host Taxon Predictor,2.0
Lamium album,species,Plants,RNAVirHost,2.0
Lamium maculatum,species,Plants,DeePaC-vir,1.0
Lamium maculatum,species,Plants,Host Taxon Predictor,1.0
Lamium maculatum,species,Plants,RNAVirHost,1.0
Laodelphax striatella,species,Invertebrates,DeePaC-vir,2.0
Laodelphax striatella,species,Invertebrates,Host Taxon Predictor,2.0
Larus argentatus,species,Non-mammalian vertebrates,DeePaC-vir,1.0
Larus argentatus,species,Non-mammalian vertebrates,SPHAK,3.0
Larus argentatus,species,Non-mammalian vertebrates,VIDHOP,306.0
Larus glaucescens,species,Non-mammalian vertebrates,VIDHOP,152.0
Lasiurus borealis,species,Mammals,"HostNet (Rabies, VIPHOD)",96.0
Lasiurus borealis,species,Mammals,VIDHOP,116.0
Lasius neglectus,species,Invertebrates,Host Taxon Predictor,1.0
Lasius neglectus,species,Invertebrates,RNAVirHost,6.0
Lasius niger,species,Invertebrates,Host Taxon Predictor,1.0
Lasius niger,species,Invertebrates,RNAVirHost,1.0
Lates calcarifer,species,Non-mammalian vertebrates,DeePaC-vir,2.0
Lates calcarifer,species,Non-mammalian vertebrates,Host Taxon Predictor,1.0
Leishmania aethiopica,species,Protists & oomycetes,DeePaC-vir,1.0
Leishmania aethiopica,species,Protists & oomycetes,Host Taxon Predictor,1.0
Leishmania major,species,Protists & oomycetes,DeePaC-vir,2.0
Leishmania major,species,Protists & oomycetes,Host Taxon Predictor,1.0
Lemur catta,species,Mammals,DeePaC-vir,2.0
Lemur catta,species,Mammals,Host Taxon Predictor,2.0
Lemur catta,species,Mammals,RNAVirHost,1.0
Lens culinaris,species,Plants,DeePaC-vir,1.0
Lens culinaris,species,Plants,Host Taxon Predictor,2.0
Lens culinaris,species,Plants,RNAVirHost,7.0
Lens culinaris,species,Plants,SPHAK,11.0
Leonurus sibiricus,species,Plants,DeePaC-vir,1.0
Leonurus sibiricus,species,Plants,RNAVirHost,2.0
Leonurus sibiricus,species,Plants,SPHAK,3.0
"Lepidosauria (reptile clade, excl. turtles/crocodiles)",clade,Non-mammalian vertebrates,UniVH,2.0
Lepomis macrochirus,species,Non-mammalian vertebrates,DeePaC-vir,2.0
Lepomis macrochirus,species,Non-mammalian vertebrates,Host Taxon Predictor,2.0
Lepomis macrochirus,species,Non-mammalian vertebrates,RNAVirHost,1.0
Leptonychotes weddellii,species,Mammals,DeePaC-vir,9.0
Leptonychotes weddellii,species,Mammals,Host Taxon Predictor,3.0
Leptonychotes weddellii,species,Mammals,SPHAK,293.0
Leptopilina boulardi,species,Invertebrates,DeePaC-vir,2.0
Leptopilina boulardi,species,Invertebrates,Host Taxon Predictor,1.0
Leptopilina boulardi,species,Invertebrates,RNAVirHost,1.0
Leptosphaeria biglobosa,species,Fungi,DeePaC-vir,1.0
Leptosphaeria biglobosa,species,Fungi,RNAVirHost,1.0
Lepus europaeus,species,Mammals,DeePaC-vir,2.0
Lepus europaeus,species,Mammals,Host Taxon Predictor,1.0
Lepus europaeus,species,Mammals,RNAVirHost,6.0
Lepus granatensis,species,Mammals,RNAVirHost,1.0
Lepus granatensis,species,Mammals,SPHAK,10.0
Lespedeza procumbens,species,Plants,DeePaC-vir,1.0
Lespedeza procumbens,species,Plants,Host Taxon Predictor,1.0
Lespedeza procumbens,species,Plants,RNAVirHost,1.0
Leucophaeus atricilla,species,Non-mammalian vertebrates,VIDHOP,290.0
Liatris spicata,species,Plants,DeePaC-vir,1.0
Liatris spicata,species,Plants,Host Taxon Predictor,3.0
Liatris spicata,species,Plants,RNAVirHost,3.0
Ligustrum japonicum,species,Plants,DeePaC-vir,3.0
Ligustrum japonicum,species,Plants,Host Taxon Predictor,5.0
Ligustrum japonicum,species,Plants,RNAVirHost,6.0
Ligustrum obtusifolium,species,Plants,DeePaC-vir,1.0
Ligustrum obtusifolium,species,Plants,Host Taxon Predictor,1.0
Ligustrum obtusifolium,species,Plants,RNAVirHost,1.0
Lilium formosanum,species,Plants,DeePaC-vir,1.0
Lilium formosanum,species,Plants,RNAVirHost,1.0
Lilium sp.,species,Plants,DeePaC-vir,1.0
Lilium sp.,species,Plants,RNAVirHost,1.0
Limatus flavisetosus,species,Invertebrates,Host Taxon Predictor,3.0
Limatus flavisetosus,species,Invertebrates,RNAVirHost,1.0
Linepithema humile,species,Invertebrates,DeePaC-vir,1.0
Linepithema humile,species,Invertebrates,RNAVirHost,11.0
Lissotriton vulgaris,species,Non-mammalian vertebrates,DeePaC-vir,2.0
Lissotriton vulgaris,species,Non-mammalian vertebrates,Host Taxon Predictor,2.0
Lolium perenne,species,Plants,DeePaC-vir,1.0
Lolium perenne,species,Plants,RNAVirHost,11.0
Lonchura striata,species,Non-mammalian vertebrates,DeePaC-vir,1.0
Lonchura striata,species,Non-mammalian vertebrates,RNAVirHost,1.0
Lonicera japonica,species,Plants,DeePaC-vir,2.0
Lonicera japonica,species,Plants,Host Taxon Predictor,3.0
Lonicera japonica,species,Plants,SPHAK,3.0
Lophuromys sikapusi,species,Mammals,DeePaC-vir,1.0
Lophuromys sikapusi,species,Mammals,RNAVirHost,2.0
Loxodonta africana,species,Mammals,DeePaC-vir,1.0
Loxodonta africana,species,Mammals,Host Taxon Predictor,1.0
Ludwigia hyssopifolia,species,Plants,DeePaC-vir,2.0
Ludwigia hyssopifolia,species,Plants,Host Taxon Predictor,3.0
Luffa acutangula,species,Plants,DeePaC-vir,1.0
Luffa acutangula,species,Plants,Host Taxon Predictor,1.0
Luffa acutangula,species,Plants,RNAVirHost,4.0
Luffa aegyptiaca,species,Plants,DeePaC-vir,1.0
Luffa aegyptiaca,species,Plants,RNAVirHost,5.0
Luffa aegyptiaca,species,Plants,SPHAK,3.0
Lupinus nootkatensis,species,Plants,Host Taxon Predictor,1.0
Lupinus nootkatensis,species,Plants,RNAVirHost,1.0
Lupinus polyphyllus,species,Plants,DeePaC-vir,1.0
Lupinus polyphyllus,species,Plants,Host Taxon Predictor,1.0
Lupinus polyphyllus,species,Plants,RNAVirHost,1.0
Lutrinae,subfamily,Mammals,GIVAL,2.0
Lutzomyia longipalpis,species,Invertebrates,DeePaC-vir,1.0
Lutzomyia longipalpis,species,Invertebrates,Host Taxon Predictor,9.0
Lutzomyia longipalpis,species,Invertebrates,RNAVirHost,11.0
Lycopersicon esculentum,species,Plants,Host Taxon Predictor,19.0
Lycopersicon esculentum,species,Plants,RNAVirHost,2.0
Lygus lineolaris,species,Invertebrates,DeePaC-vir,1.0
Lygus lineolaris,species,Invertebrates,RNAVirHost,1.0
Lymantria dispar,species,Invertebrates,DeePaC-vir,7.0
Lymantria dispar,species,Invertebrates,Host Taxon Predictor,10.0
Lymantria dispar,species,Invertebrates,RNAVirHost,22.0
Lymantria xylina,species,Invertebrates,DeePaC-vir,1.0
Lymantria xylina,species,Invertebrates,Host Taxon Predictor,1.0
Lynx canadensis,species,Mammals,DeePaC-vir,3.0
Lynx canadensis,species,Mammals,SPHAK,31.0
Lynx rufus,species,Mammals,DeePaC-vir,1.0
Lynx rufus,species,Mammals,GIVAL,3.0
Lynx rufus,species,Mammals,RNAVirHost,5.0
Lynx rufus,species,Mammals,SPHAK,89.0
Lytechinus variegatus,species,Invertebrates,DeePaC-vir,1.0
Lytechinus variegatus,species,Invertebrates,Host Taxon Predictor,1.0
Macaca (genus),genus,Mammals,DeePaC-vir,2.0
Macaca (genus),genus,Mammals,Host Taxon Predictor,1.0
Macaca (genus),genus,Mammals,RNAVirHost,3.0
Macaca fascicularis,species,Mammals,DeePaC-vir,20.0
Macaca fascicularis,species,Mammals,Host Taxon Predictor,6.0
Macaca fascicularis,species,Mammals,RNAVirHost,10.0
Macaca fascicularis,species,Mammals,SPHAK,6.0
Macaca fuscata,species,Mammals,DeePaC-vir,3.0
Macaca fuscata,species,Mammals,RNAVirHost,1.0
Macaca mulatta,species,Mammals,DeePaC-vir,40.0
Macaca mulatta,species,Mammals,EvoMIL,73.0
Macaca mulatta,species,Mammals,Host Taxon Predictor,3.0
Macaca mulatta,species,Mammals,RNAVirHost,65.0
Macaca mulatta,species,Mammals,SPHAK,10.0
Macaca nemestrina,species,Mammals,DeePaC-vir,4.0
Macaca nemestrina,species,Mammals,RNAVirHost,3.0
Macrobrachium rosenbergii,species,Invertebrates,DeePaC-vir,2.0
Macrobrachium rosenbergii,species,Invertebrates,Host Taxon Predictor,2.0
Macrobrachium rosenbergii,species,Invertebrates,RNAVirHost,6.0
Macrophomina phaseolina,species,Fungi,DeePaC-vir,1.0
Macrophomina phaseolina,species,Fungi,Host Taxon Predictor,1.0
Macrophomina phaseolina,species,Fungi,RNAVirHost,20.0
Macroptilium lathyroides,species,Plants,DeePaC-vir,5.0
Macroptilium lathyroides,species,Plants,Host Taxon Predictor,8.0
Macroptilium lathyroides,species,Plants,RNAVirHost,1.0
Macroptilium lathyroides,species,Plants,SPHAK,14.0
Macrosiphum euphorbiae,species,Invertebrates,DeePaC-vir,1.0
Macrosiphum euphorbiae,species,Invertebrates,Host Taxon Predictor,1.0
Macrosiphum euphorbiae,species,Invertebrates,RNAVirHost,1.0
Macrotyloma uniflorum,species,Plants,DeePaC-vir,1.0
Macrotyloma uniflorum,species,Plants,Host Taxon Predictor,2.0
Macrotyloma uniflorum,species,Plants,SPHAK,4.0
Malus domestica,species,Plants,DeePaC-vir,7.0
Malus domestica,species,Plants,Host Taxon Predictor,1.0
Malus domestica,species,Plants,RNAVirHost,187.0
Malus domestica,species,Plants,SPHAK,6.0
Malus pumila,species,Plants,DeePaC-vir,1.0
Malus pumila,species,Plants,RNAVirHost,3.0
Malus sylvestris,species,Plants,DeePaC-vir,3.0
Malus sylvestris,species,Plants,RNAVirHost,5.0
Malva parviflora,species,Plants,Host Taxon Predictor,1.0
Malva parviflora,species,Plants,RNAVirHost,3.0
Malva parviflora,species,Plants,SPHAK,1.0
Malvastrum coromandelianum,species,Plants,DeePaC-vir,12.0
Malvastrum coromandelianum,species,Plants,Host Taxon Predictor,18.0
Malvastrum coromandelianum,species,Plants,SPHAK,21.0
Mamestra brassicae,species,Invertebrates,DeePaC-vir,1.0
Mamestra brassicae,species,Invertebrates,Host Taxon Predictor,1.0
Mandrillus sphinx,species,Mammals,DeePaC-vir,2.0
Mandrillus sphinx,species,Mammals,Host Taxon Predictor,2.0
Mandrillus sphinx,species,Mammals,RNAVirHost,7.0
Manihot esculenta,species,Plants,DeePaC-vir,20.0
Manihot esculenta,species,Plants,Host Taxon Predictor,14.0
Manihot esculenta,species,Plants,RNAVirHost,25.0
Manihot esculenta,species,Plants,SPHAK,238.0
Manis (genus),genus,Mammals,RNAVirHost,21.0
Manis javanica,species,Mammals,RNAVirHost,3.0
Manis javanica,species,Mammals,SPHAK,2.0
Mansonia africana,species,Invertebrates,DeePaC-vir,1.0
Mansonia africana,species,Invertebrates,Host Taxon Predictor,1.0
Mansonia africana,species,Invertebrates,RNAVirHost,1.0
Mansonia uniformis,species,Invertebrates,DeePaC-vir,2.0
Mansonia uniformis,species,Invertebrates,Host Taxon Predictor,3.0
Mansonia uniformis,species,Invertebrates,RNAVirHost,5.0
Mareca americana,species,Non-mammalian vertebrates,SPHAK,14.0
Mareca americana,species,Non-mammalian vertebrates,VIDHOP,154.0
Mareca penelope,species,Non-mammalian vertebrates,DeePaC-vir,1.0
Mareca penelope,species,Non-mammalian vertebrates,RNAVirHost,3.0
Mareca penelope,species,Non-mammalian vertebrates,SPHAK,5.0
Mareca penelope,species,Non-mammalian vertebrates,VIDHOP,248.0
Mareca strepera,species,Non-mammalian vertebrates,SPHAK,9.0
Mareca strepera,species,Non-mammalian vertebrates,VIDHOP,132.0
Marmota himalayana,species,Mammals,DeePaC-vir,4.0
Marmota himalayana,species,Mammals,Host Taxon Predictor,2.0
Marmota himalayana,species,Mammals,RNAVirHost,16.0
Mastomys natalensis,species,Mammals,DeePaC-vir,9.0
Mastomys natalensis,species,Mammals,Host Taxon Predictor,8.0
Mastomys natalensis,species,Mammals,RNAVirHost,18.0
Medicago lupulina,species,Plants,DeePaC-vir,1.0
Medicago lupulina,species,Plants,Host Taxon Predictor,2.0
Medicago lupulina,species,Plants,RNAVirHost,2.0
Medicago sativa,species,Plants,DeePaC-vir,11.0
Medicago sativa,species,Plants,Host Taxon Predictor,5.0
Medicago sativa,species,Plants,RNAVirHost,34.0
Medicago sativa,species,Plants,SPHAK,84.0
Megaskepasma erythrochlamys,species,Plants,DeePaC-vir,1.0
Megaskepasma erythrochlamys,species,Plants,RNAVirHost,2.0
Meleagris gallopavo,species,Non-mammalian vertebrates,DeePaC-vir,23.0
Meleagris gallopavo,species,Non-mammalian vertebrates,Host Taxon Predictor,7.0
Meleagris gallopavo,species,Non-mammalian vertebrates,RNAVirHost,13.0
Meleagris gallopavo,species,Non-mammalian vertebrates,SPHAK,74.0
Meleagris gallopavo,species,Non-mammalian vertebrates,VIDHOP,2123.0
Meles meles,species,Mammals,DeePaC-vir,5.0
Meles meles,species,Mammals,GIVAL,3.0
Meles meles,species,Mammals,Host Taxon Predictor,2.0
Meles meles,species,Mammals,SPHAK,2.0
Melopsittacus undulatus,species,Non-mammalian vertebrates,DeePaC-vir,1.0
Melopsittacus undulatus,species,Non-mammalian vertebrates,SPHAK,1.0
Mentha x gracilis,species,Plants,DeePaC-vir,1.0
Mentha x gracilis,species,Plants,RNAVirHost,4.0
Mephitis mephitis,species,Mammals,DeePaC-vir,1.0
Mephitis mephitis,species,Mammals,GIVAL,19.0
Mephitis mephitis,species,Mammals,Host Taxon Predictor,1.0
Mephitis mephitis,species,Mammals,"HostNet (Rabies, VIPHOD)",672.0
Mephitis mephitis,species,Mammals,VIDHOP,692.0
Meriones unguiculatus,species,Mammals,RNAVirHost,2.0
Meriones unguiculatus,species,Mammals,SPHAK,2.0
Mesocricetus auratus,species,Mammals,DeePaC-vir,11.0
Mesocricetus auratus,species,Mammals,EvoMIL,42.0
Mesocricetus auratus,species,Mammals,Host Taxon Predictor,2.0
Mesocricetus auratus,species,Mammals,RNAVirHost,15.0
Mesocricetus auratus,species,Mammals,SPHAK,2.0
Miathyria marcella,species,Invertebrates,DeePaC-vir,1.0
Miathyria marcella,species,Invertebrates,Host Taxon Predictor,1.0
Micaelamys namaquensis,species,Mammals,DeePaC-vir,2.0
Micaelamys namaquensis,species,Mammals,Host Taxon Predictor,4.0
Micaelamys namaquensis,species,Mammals,RNAVirHost,4.0
Micromonas pusilla,species,Plants,DeePaC-vir,3.0
Micromonas pusilla,species,Plants,Host Taxon Predictor,11.0
Micromonas pusilla,species,Plants,RNAVirHost,11.0
Micromys minutus,species,Mammals,DeePaC-vir,1.0
Micromys minutus,species,Mammals,Host Taxon Predictor,1.0
Micromys minutus,species,Mammals,SPHAK,1.0
Microplitis demolitor,species,Invertebrates,DeePaC-vir,1.0
Microplitis demolitor,species,Invertebrates,Host Taxon Predictor,12.0
Microtus agrestis,species,Mammals,RNAVirHost,9.0
Microtus agrestis,species,Mammals,SPHAK,7.0
Microtus arvalis,species,Mammals,DeePaC-vir,3.0
Microtus arvalis,species,Mammals,Host Taxon Predictor,2.0
Microtus arvalis,species,Mammals,RNAVirHost,9.0
Microtus fortis,species,Mammals,DeePaC-vir,1.0
Microtus fortis,species,Mammals,RNAVirHost,4.0
Microtus maximowiczii,species,Mammals,DeePaC-vir,1.0
Microtus maximowiczii,species,Mammals,Host Taxon Predictor,3.0
Microtus maximowiczii,species,Mammals,RNAVirHost,4.0
Microtus montanus,species,Mammals,DeePaC-vir,1.0
Microtus montanus,species,Mammals,Host Taxon Predictor,1.0
Microtus montanus,species,Mammals,RNAVirHost,1.0
Microtus oeconomus,species,Mammals,DeePaC-vir,1.0
Microtus oeconomus,species,Mammals,RNAVirHost,2.0
Microtus pennsylvanicus,species,Mammals,DeePaC-vir,2.0
Microtus pennsylvanicus,species,Mammals,RNAVirHost,3.0
Mikania micrantha,species,Plants,DeePaC-vir,1.0
Mikania micrantha,species,Plants,RNAVirHost,2.0
Miniopterus fuliginosus,species,Mammals,DeePaC-vir,5.0
Miniopterus fuliginosus,species,Mammals,Host Taxon Predictor,1.0
Miniopterus fuliginosus,species,Mammals,RNAVirHost,6.0
Miniopterus fuliginosus,species,Mammals,SPHAK,5.0
Miniopterus magnater,species,Mammals,DeePaC-vir,1.0
Miniopterus magnater,species,Mammals,Host Taxon Predictor,1.0
Miniopterus magnater,species,Mammals,RNAVirHost,2.0
Miniopterus pusillus,species,Mammals,Host Taxon Predictor,1.0
Miniopterus pusillus,species,Mammals,RNAVirHost,4.0
Miniopterus schreibersii,species,Mammals,DeePaC-vir,13.0
Miniopterus schreibersii,species,Mammals,Host Taxon Predictor,5.0
Miniopterus schreibersii,species,Mammals,RNAVirHost,28.0
Miniopterus schreibersii,species,Mammals,SPHAK,4.0
Mirabilis jalapa,species,Plants,DeePaC-vir,2.0
Mirabilis jalapa,species,Plants,Host Taxon Predictor,3.0
Mirabilis jalapa,species,Plants,RNAVirHost,3.0
Mirounga leonina,species,Mammals,DeePaC-vir,1.0
Mirounga leonina,species,Mammals,RNAVirHost,1.0
Mnemiopsis leidyi,species,Invertebrates,DeePaC-vir,4.0
Mnemiopsis leidyi,species,Invertebrates,Host Taxon Predictor,7.0
Molossus molossus,species,Mammals,DeePaC-vir,6.0
Molossus molossus,species,Mammals,Host Taxon Predictor,1.0
Molossus molossus,species,Mammals,RNAVirHost,1.0
Momordica charantia,species,Plants,DeePaC-vir,2.0
Momordica charantia,species,Plants,Host Taxon Predictor,1.0
Momordica charantia,species,Plants,RNAVirHost,6.0
Momordica charantia,species,Plants,SPHAK,7.0
Mops condylurus,species,Mammals,DeePaC-vir,1.0
Mops condylurus,species,Mammals,RNAVirHost,2.0
Morelia spilota,species,Non-mammalian vertebrates,DeePaC-vir,3.0
Morelia spilota,species,Non-mammalian vertebrates,Host Taxon Predictor,1.0
Morelia spilota,species,Non-mammalian vertebrates,RNAVirHost,3.0
Morelia viridis,species,Non-mammalian vertebrates,DeePaC-vir,1.0
Morelia viridis,species,Non-mammalian vertebrates,Host Taxon Predictor,1.0
Morelia viridis,species,Non-mammalian vertebrates,RNAVirHost,12.0
Morus alba,species,Plants,DeePaC-vir,1.0
Morus alba,species,Plants,RNAVirHost,4.0
Murina leucogaster,species,Mammals,DeePaC-vir,1.0
Murina leucogaster,species,Mammals,RNAVirHost,4.0
Mus caroli,species,Mammals,DeePaC-vir,1.0
Mus caroli,species,Mammals,RNAVirHost,2.0
Mus minutoides,species,Mammals,DeePaC-vir,1.0
Mus minutoides,species,Mammals,Host Taxon Predictor,2.0
Mus minutoides,species,Mammals,RNAVirHost,2.0
Mus musculus,species,Mammals,DeePaC-vir,71.0
Mus musculus,species,Mammals,EvoMIL,174.0
Mus musculus,species,Mammals,Host Taxon Predictor,7.0
Mus musculus,species,Mammals,RNAVirHost,74.0
Mus musculus,species,Mammals,SPHAK,13.0
Mus sp.,species,Mammals,DeePaC-vir,1.0
Mus sp.,species,Mammals,RNAVirHost,1.0
Musa acuminata,species,Plants,DeePaC-vir,4.0
Musa acuminata,species,Plants,RNAVirHost,8.0
Musa acuminata,species,Plants,SPHAK,21.0
Musa sp.,species,Plants,DeePaC-vir,7.0
Musa sp.,species,Plants,RNAVirHost,6.0
Musa sp.,species,Plants,SPHAK,33.0
Musa x paradisiaca,species,Plants,RNAVirHost,3.0
Musa x paradisiaca,species,Plants,SPHAK,1.0
Musca domestica,species,Invertebrates,DeePaC-vir,6.0
Musca domestica,species,Invertebrates,Host Taxon Predictor,5.0
Musca domestica,species,Invertebrates,RNAVirHost,5.0
Mustela lutreola,species,Mammals,DeePaC-vir,3.0
Mustela lutreola,species,Mammals,RNAVirHost,1.0
Mustela lutreola,species,Mammals,SPHAK,25.0
Mustela putorius,species,Mammals,DeePaC-vir,5.0
Mustela putorius,species,Mammals,GIVAL,38.0
Mustela putorius,species,Mammals,Host Taxon Predictor,3.0
Mustela putorius,species,Mammals,RNAVirHost,8.0
Mustela putorius,species,Mammals,SPHAK,2.0
Myiopsitta monachus,species,Non-mammalian vertebrates,RNAVirHost,1.0
Myiopsitta monachus,species,Non-mammalian vertebrates,SPHAK,1.0
Myodes glareolus,species,Mammals,DeePaC-vir,2.0
Myodes glareolus,species,Mammals,Host Taxon Predictor,1.0
Myodes glareolus,species,Mammals,RNAVirHost,17.0
Myodes glareolus,species,Mammals,SPHAK,4.0
Myodes rufocanus,species,Mammals,RNAVirHost,3.0
Myodes rufocanus,species,Mammals,SPHAK,1.0
Myotis blythii,species,Mammals,DeePaC-vir,1.0
Myotis blythii,species,Mammals,RNAVirHost,1.0
Myotis daubentonii,species,Mammals,RNAVirHost,9.0
Myotis daubentonii,species,Mammals,SPHAK,1.0
Myotis davidii,species,Mammals,DeePaC-vir,1.0
Myotis davidii,species,Mammals,Host Taxon Predictor,1.0
Myotis davidii,species,Mammals,RNAVirHost,3.0
Myotis davidii,species,Mammals,SPHAK,1.0
Myotis laniger,species,Mammals,RNAVirHost,3.0
Myotis laniger,species,Mammals,SPHAK,2.0
Myotis lucifugus,species,Mammals,DeePaC-vir,3.0
Myotis lucifugus,species,Mammals,Host Taxon Predictor,1.0
Myotis lucifugus,species,Mammals,RNAVirHost,3.0
Myotis myotis,species,Mammals,DeePaC-vir,1.0
Myotis myotis,species,Mammals,RNAVirHost,4.0
Myotis mystacinus,species,Mammals,DeePaC-vir,1.0
Myotis mystacinus,species,Mammals,RNAVirHost,1.0
Myotis nattereri,species,Mammals,DeePaC-vir,1.0
Myotis nattereri,species,Mammals,RNAVirHost,1.0
Myotis ricketti,species,Mammals,DeePaC-vir,5.0
Myotis ricketti,species,Mammals,Host Taxon Predictor,3.0
Myotis ricketti,species,Mammals,RNAVirHost,4.0
Myotis ricketti,species,Mammals,SPHAK,11.0
Myotis sp.,species,Mammals,DeePaC-vir,1.0
Myotis sp.,species,Mammals,SPHAK,1.0
Myotis velifer,species,Mammals,DeePaC-vir,1.0
Myotis velifer,species,Mammals,Host Taxon Predictor,1.0
Myotis yumanensis,species,Mammals,DeePaC-vir,1.0
Myotis yumanensis,species,Mammals,Host Taxon Predictor,1.0
Myotis yumanensis,species,Mammals,RNAVirHost,1.0
Myotomys unisulcatus,species,Mammals,DeePaC-vir,1.0
Myotomys unisulcatus,species,Mammals,Host Taxon Predictor,2.0
Myotomys unisulcatus,species,Mammals,RNAVirHost,2.0
Myrmica scabrinodis,species,Invertebrates,Host Taxon Predictor,1.0
Myrmica scabrinodis,species,Invertebrates,RNAVirHost,2.0
Mythimna unipuncta,species,Invertebrates,DeePaC-vir,2.0
Mythimna unipuncta,species,Invertebrates,Host Taxon Predictor,1.0
Nanorana parkeri,species,Non-mammalian vertebrates,DeePaC-vir,1.0
Nanorana parkeri,species,Non-mammalian vertebrates,Host Taxon Predictor,1.0
Narcissus pseudonarcissus,species,Plants,DeePaC-vir,2.0
Narcissus pseudonarcissus,species,Plants,Host Taxon Predictor,1.0
Narcissus pseudonarcissus,species,Plants,RNAVirHost,14.0
Narcissus tazetta,species,Plants,DeePaC-vir,3.0
Narcissus tazetta,species,Plants,Host Taxon Predictor,3.0
Narcissus tazetta,species,Plants,RNAVirHost,5.0
Neoaves (bird clade),clade,Non-mammalian vertebrates,ViralHostPredictor,33.0
Neodiprion abietis,species,Invertebrates,DeePaC-vir,1.0
Neodiprion abietis,species,Invertebrates,Host Taxon Predictor,1.0
Neodiprion sertifer,species,Invertebrates,DeePaC-vir,1.0
Neodiprion sertifer,species,Invertebrates,Host Taxon Predictor,1.0
Neodon clarkei,species,Mammals,DeePaC-vir,1.0
Neodon clarkei,species,Mammals,RNAVirHost,3.0
Neofusicoccum luteum,species,Fungi,DeePaC-vir,2.0
Neofusicoccum luteum,species,Fungi,Host Taxon Predictor,1.0
Neofusicoccum luteum,species,Fungi,RNAVirHost,2.0
Neoscona nautica,species,Invertebrates,DeePaC-vir,4.0
Neoscona nautica,species,Invertebrates,Host Taxon Predictor,5.0
Neoscona nautica,species,Invertebrates,RNAVirHost,5.0
Neotoma albigula,species,Mammals,Host Taxon Predictor,1.0
Neotoma albigula,species,Mammals,RNAVirHost,2.0
Neotoma lepida,species,Mammals,DeePaC-vir,2.0
Neotoma lepida,species,Mammals,Host Taxon Predictor,1.0
Neotoma lepida,species,Mammals,RNAVirHost,1.0
Neovison vison,species,Mammals,DeePaC-vir,3.0
Neovison vison,species,Mammals,GIVAL,81.0
Neovison vison,species,Mammals,RNAVirHost,1.0
Nephelomys albigularis,species,Mammals,DeePaC-vir,1.0
Nephelomys albigularis,species,Mammals,RNAVirHost,2.0
Nephila clavipes,species,Invertebrates,DeePaC-vir,5.0
Nephila clavipes,species,Invertebrates,RNAVirHost,1.0
Nephotettix cincticeps,species,Invertebrates,DeePaC-vir,2.0
Nephotettix cincticeps,species,Invertebrates,RNAVirHost,2.0
Nesidiocoris tenuis,species,Invertebrates,DeePaC-vir,2.0
Nesidiocoris tenuis,species,Invertebrates,Host Taxon Predictor,1.0
Nesidiocoris tenuis,species,Invertebrates,RNAVirHost,1.0
Nicotiana benthamiana,species,Plants,DeePaC-vir,33.0
Nicotiana benthamiana,species,Plants,Host Taxon Predictor,5.0
Nicotiana benthamiana,species,Plants,RNAVirHost,132.0
Nicotiana benthamiana,species,Plants,SPHAK,7.0
Nicotiana clevelandii,species,Plants,DeePaC-vir,1.0
Nicotiana clevelandii,species,Plants,Host Taxon Predictor,1.0
Nicotiana clevelandii,species,Plants,RNAVirHost,49.0
Nicotiana debneyi,species,Plants,DeePaC-vir,1.0
Nicotiana debneyi,species,Plants,RNAVirHost,4.0
Nicotiana glauca,species,Plants,RNAVirHost,2.0
Nicotiana glauca,species,Plants,SPHAK,2.0
Nicotiana glutinosa,species,Plants,RNAVirHost,26.0
Nicotiana glutinosa,species,Plants,SPHAK,1.0
Nicotiana occidentalis,species,Plants,DeePaC-vir,1.0
Nicotiana occidentalis,species,Plants,RNAVirHost,36.0
Nicotiana rustica,species,Plants,DeePaC-vir,1.0
Nicotiana rustica,species,Plants,RNAVirHost,14.0
Nicotiana tabacum,species,Plants,DeePaC-vir,26.0
Nicotiana tabacum,species,Plants,Host Taxon Predictor,10.0
Nicotiana tabacum,species,Plants,RNAVirHost,80.0
Nicotiana tabacum,species,Plants,SPHAK,41.0
Nicotiana velutina,species,Plants,DeePaC-vir,1.0
Nicotiana velutina,species,Plants,Host Taxon Predictor,1.0
Nicotiana velutina,species,Plants,RNAVirHost,1.0
Nigrospora oryzae,species,Fungi,DeePaC-vir,2.0
Nigrospora oryzae,species,Fungi,Host Taxon Predictor,2.0
Nigrospora oryzae,species,Fungi,RNAVirHost,3.0
Nilaparvata lugens,species,Invertebrates,DeePaC-vir,4.0
Nilaparvata lugens,species,Invertebrates,Host Taxon Predictor,2.0
Nilaparvata lugens,species,Invertebrates,RNAVirHost,15.0
Niviventer confucianus,species,Mammals,DeePaC-vir,1.0
Niviventer confucianus,species,Mammals,RNAVirHost,3.0
Non-human (undifferentiated)  (not resolved to species),not species-resolved,Mammals,VirHostPRED,2127.0
Non-human primates  (not resolved to species),not species-resolved,Mammals,DeePaC-vir,17.0
Non-human primates  (not resolved to species),not species-resolved,Mammals,Host Taxon Predictor,11.0
Non-human primates  (not resolved to species),not species-resolved,Mammals,RNAVirHost,61.0
Non-human primates  (not resolved to species),not species-resolved,Mammals,SPHAK,13.0
Non-human primates  (not resolved to species),not species-resolved,Mammals,UniVH,18.0
Non-human primates  (not resolved to species),not species-resolved,Mammals,Zoonotic rank,69.0
Notemigonus crysoleucas,species,Non-mammalian vertebrates,DeePaC-vir,3.0
Notemigonus crysoleucas,species,Non-mammalian vertebrates,Host Taxon Predictor,2.0
Notemigonus crysoleucas,species,Non-mammalian vertebrates,RNAVirHost,22.0
Numididae sp.,species,Non-mammalian vertebrates,RNAVirHost,1.0
Numididae sp.,species,Non-mammalian vertebrates,SPHAK,1.0
Nyctalus velutinus,species,Mammals,DeePaC-vir,1.0
Nyctalus velutinus,species,Mammals,Host Taxon Predictor,1.0
Nyctalus velutinus,species,Mammals,RNAVirHost,2.0
Nyctereutes procyonoides,species,Mammals,DeePaC-vir,1.0
Nyctereutes procyonoides,species,Mammals,GIVAL,22.0
Nyctereutes procyonoides,species,Mammals,Host Taxon Predictor,1.0
Nyctereutes procyonoides,species,Mammals,"HostNet (Rabies, VIPHOD)",101.0
Nyctereutes procyonoides,species,Mammals,SPHAK,2.0
Nyctereutes procyonoides,species,Mammals,VIDHOP,121.0
Nycticebus coucang,species,Mammals,DeePaC-vir,1.0
Nycticebus coucang,species,Mammals,Host Taxon Predictor,1.0
Nylanderia fulva,species,Invertebrates,DeePaC-vir,1.0
Nylanderia fulva,species,Invertebrates,Host Taxon Predictor,1.0
Nylanderia fulva,species,Invertebrates,RNAVirHost,1.0
Nyssomyia flaviscutellata,species,Invertebrates,DeePaC-vir,1.0
Nyssomyia flaviscutellata,species,Invertebrates,RNAVirHost,1.0
Ochlerotatus camptorhynchus,species,Invertebrates,DeePaC-vir,5.0
Ochlerotatus camptorhynchus,species,Invertebrates,RNAVirHost,2.0
Ochlerotatus caspius,species,Invertebrates,DeePaC-vir,1.0
Ochlerotatus caspius,species,Invertebrates,Host Taxon Predictor,1.0
Ochlerotatus caspius,species,Invertebrates,RNAVirHost,3.0
Ochlerotatus fulvus,species,Invertebrates,DeePaC-vir,1.0
Ochlerotatus fulvus,species,Invertebrates,RNAVirHost,6.0
Ochlerotatus scapularis,species,Invertebrates,DeePaC-vir,2.0
Ochlerotatus scapularis,species,Invertebrates,RNAVirHost,3.0
Ochlerotatus taeniorhynchus,species,Invertebrates,DeePaC-vir,1.0
Ochlerotatus taeniorhynchus,species,Invertebrates,RNAVirHost,2.0
Ochlerotatus vigilax,species,Invertebrates,DeePaC-vir,1.0
Ochlerotatus vigilax,species,Invertebrates,RNAVirHost,1.0
Ocimum basilicum,species,Plants,DeePaC-vir,2.0
Ocimum basilicum,species,Plants,Host Taxon Predictor,2.0
Ocimum basilicum,species,Plants,RNAVirHost,1.0
Ocimum basilicum,species,Plants,SPHAK,2.0
Odobenus rosmarus,species,Mammals,DeePaC-vir,1.0
Odobenus rosmarus,species,Mammals,RNAVirHost,1.0
Odocoileus hemionus,species,Mammals,DeePaC-vir,4.0
Odocoileus hemionus,species,Mammals,Host Taxon Predictor,1.0
Odocoileus hemionus,species,Mammals,RNAVirHost,9.0
Odocoileus virginianus,species,Mammals,DeePaC-vir,4.0
Odocoileus virginianus,species,Mammals,RNAVirHost,21.0
Oeciacus vicarius,species,Invertebrates,DeePaC-vir,1.0
Oeciacus vicarius,species,Invertebrates,Host Taxon Predictor,1.0
Oecomys bicolor,species,Mammals,DeePaC-vir,1.0
Oecomys bicolor,species,Mammals,Host Taxon Predictor,1.0
Oecomys bicolor,species,Mammals,RNAVirHost,3.0
Olea europaea,species,Plants,DeePaC-vir,1.0
Olea europaea,species,Plants,Host Taxon Predictor,2.0
Olea europaea,species,Plants,RNAVirHost,8.0
Olea europaea,species,Plants,SPHAK,8.0
Oligoryzomys fulvescens,species,Mammals,DeePaC-vir,2.0
Oligoryzomys fulvescens,species,Mammals,Host Taxon Predictor,2.0
Oligoryzomys fulvescens,species,Mammals,RNAVirHost,3.0
Oligoryzomys longicaudatus,species,Mammals,DeePaC-vir,1.0
Oligoryzomys longicaudatus,species,Mammals,RNAVirHost,2.0
Oligoryzomys mattogrossae,species,Mammals,DeePaC-vir,1.0
Oligoryzomys mattogrossae,species,Mammals,RNAVirHost,2.0
Oligoryzomys microtis,species,Mammals,DeePaC-vir,1.0
Oligoryzomys microtis,species,Mammals,Host Taxon Predictor,1.0
Oligoryzomys nigripes,species,Mammals,DeePaC-vir,1.0
Oligoryzomys nigripes,species,Mammals,RNAVirHost,1.0
Oncopera intricoides,species,Invertebrates,Host Taxon Predictor,1.0
Oncopera intricoides,species,Invertebrates,RNAVirHost,2.0
Oncorhynchus keta,species,Non-mammalian vertebrates,DeePaC-vir,1.0
Oncorhynchus keta,species,Non-mammalian vertebrates,RNAVirHost,11.0
Oncorhynchus kisutch,species,Non-mammalian vertebrates,DeePaC-vir,1.0
Oncorhynchus kisutch,species,Non-mammalian vertebrates,RNAVirHost,10.0
Oncorhynchus mykiss,species,Non-mammalian vertebrates,DeePaC-vir,3.0
Oncorhynchus mykiss,species,Non-mammalian vertebrates,Host Taxon Predictor,2.0
Oncorhynchus mykiss,species,Non-mammalian vertebrates,RNAVirHost,23.0
Oncorhynchus tshawytscha,species,Non-mammalian vertebrates,DeePaC-vir,2.0
Oncorhynchus tshawytscha,species,Non-mammalian vertebrates,Host Taxon Predictor,1.0
Oncorhynchus tshawytscha,species,Non-mammalian vertebrates,RNAVirHost,45.0
Oncorhynchus tshawytscha,species,Non-mammalian vertebrates,SPHAK,2.0
Operophtera brumata,species,Invertebrates,DeePaC-vir,2.0
Operophtera brumata,species,Invertebrates,RNAVirHost,10.0
Ophiostoma himal-ulmi,species,Fungi,DeePaC-vir,1.0
Ophiostoma himal-ulmi,species,Fungi,RNAVirHost,2.0
Ophiostoma novo-ulmi,species,Fungi,DeePaC-vir,4.0
Ophiostoma novo-ulmi,species,Fungi,Host Taxon Predictor,1.0
Ophiostoma novo-ulmi,species,Fungi,RNAVirHost,5.0
Opsiphanes invirae,species,Invertebrates,DeePaC-vir,1.0
Opsiphanes invirae,species,Invertebrates,Host Taxon Predictor,1.0
Opsiphanes invirae,species,Invertebrates,RNAVirHost,1.0
Opuntia ficus-indica,species,Plants,DeePaC-vir,2.0
Opuntia ficus-indica,species,Plants,RNAVirHost,6.0
Opuntia microdasys,species,Plants,RNAVirHost,1.0
Opuntia microdasys,species,Plants,SPHAK,4.0
Orgyia pseudotsugata,species,Invertebrates,DeePaC-vir,3.0
Orgyia pseudotsugata,species,Invertebrates,Host Taxon Predictor,2.0
Orgyia pseudotsugata,species,Invertebrates,RNAVirHost,3.0
Oriolus oriolus,species,Non-mammalian vertebrates,Host Taxon Predictor,3.0
Oriolus oriolus,species,Non-mammalian vertebrates,RNAVirHost,2.0
Ornithodoros capensis,species,Invertebrates,DeePaC-vir,1.0
Ornithodoros capensis,species,Invertebrates,Host Taxon Predictor,1.0
Ornithodoros capensis,species,Invertebrates,RNAVirHost,1.0
Ornithodoros coriaceus,species,Invertebrates,DeePaC-vir,1.0
Ornithodoros coriaceus,species,Invertebrates,Host Taxon Predictor,1.0
Ornithodoros coriaceus,species,Invertebrates,RNAVirHost,1.0
Ornithodoros erraticus,species,Invertebrates,DeePaC-vir,1.0
Ornithodoros erraticus,species,Invertebrates,Host Taxon Predictor,3.0
Ornithodoros erraticus,species,Invertebrates,RNAVirHost,3.0
Oryctes rhinoceros,species,Invertebrates,DeePaC-vir,1.0
Oryctes rhinoceros,species,Invertebrates,RNAVirHost,1.0
Oryctolagus cuniculus,species,Mammals,DeePaC-vir,16.0
Oryctolagus cuniculus,species,Mammals,Host Taxon Predictor,5.0
Oryctolagus cuniculus,species,Mammals,RNAVirHost,37.0
Oryctolagus cuniculus,species,Mammals,SPHAK,1.0
Oryza rufipogon,species,Plants,DeePaC-vir,2.0
Oryza rufipogon,species,Plants,Host Taxon Predictor,1.0
Oryza rufipogon,species,Plants,RNAVirHost,11.0
Oryza sativa,species,Plants,DeePaC-vir,14.0
Oryza sativa,species,Plants,Host Taxon Predictor,8.0
Oryza sativa,species,Plants,RNAVirHost,57.0
Oryza sativa,species,Plants,SPHAK,1.0
Oryza sp.,species,Plants,DeePaC-vir,2.0
Oryza sp.,species,Plants,SPHAK,9.0
Oryzomys sp.,species,Mammals,DeePaC-vir,1.0
Oryzomys sp.,species,Mammals,RNAVirHost,6.0
Other invertebrates  (not resolved to species),not species-resolved,Invertebrates,DeePaC-vir,44.0
Other invertebrates  (not resolved to species),not species-resolved,Invertebrates,Host Taxon Predictor,544.0
Other invertebrates  (not resolved to species),not species-resolved,Invertebrates,RNAVirHost,87.0
Other invertebrates  (not resolved to species),not species-resolved,Invertebrates,SPHAK,1.0
Other invertebrates  (not resolved to species),not species-resolved,Invertebrates,Zoonotic rank,2.0
Other mammals  (not resolved to species),not species-resolved,Mammals,DeePaC-vir,56.0
Other mammals  (not resolved to species),not species-resolved,Mammals,GIVAL,5.0
Other mammals  (not resolved to species),not species-resolved,Mammals,Host Taxon Predictor,2.0
Other mammals  (not resolved to species),not species-resolved,Mammals,SPHAK,31.0
Other mammals  (not resolved to species),not species-resolved,Mammals,UniVH,14.0
Other mammals  (not resolved to species),not species-resolved,Mammals,ViralHostPredictor,20.0
Other mammals  (not resolved to species),not species-resolved,Mammals,Zoonotic rank,64.0
Other/unresolved mammals  (not resolved to species),not species-resolved,Mammals,DeePaC-vir,3.0
Other/unresolved mammals  (not resolved to species),not species-resolved,Mammals,Host Taxon Predictor,18.0
Other/unresolved mammals  (not resolved to species),not species-resolved,Mammals,RNAVirHost,42.0
Otolemur crassicaudatus,species,Mammals,DeePaC-vir,1.0
Otolemur crassicaudatus,species,Mammals,RNAVirHost,1.0
Otomops martiensseni,species,Mammals,DeePaC-vir,3.0
Otomops martiensseni,species,Mammals,Host Taxon Predictor,3.0
Otomops martiensseni,species,Mammals,RNAVirHost,2.0
Otostigmus scaber,species,Invertebrates,DeePaC-vir,1.0
Otostigmus scaber,species,Invertebrates,Host Taxon Predictor,1.0
Ovis aries,species,Mammals,DeePaC-vir,29.0
Ovis aries,species,Mammals,EvoMIL,51.0
Ovis aries,species,Mammals,Host Taxon Predictor,9.0
Ovis aries,species,Mammals,RNAVirHost,51.0
Ovis aries,species,Mammals,SPHAK,2.0
Oxalis corniculata,species,Plants,DeePaC-vir,2.0
Oxalis corniculata,species,Plants,Host Taxon Predictor,2.0
Oxalis tuberosa,species,Plants,DeePaC-vir,1.0
Oxalis tuberosa,species,Plants,Host Taxon Predictor,2.0
Oxalis tuberosa,species,Plants,RNAVirHost,3.0
Paguma larvata,species,Mammals,DeePaC-vir,3.0
Paguma larvata,species,Mammals,RNAVirHost,10.0
Pan paniscus,species,Mammals,DeePaC-vir,1.0
Pan paniscus,species,Mammals,RNAVirHost,2.0
Pan paniscus,species,Mammals,SPHAK,1.0
Pan troglodytes,species,Mammals,DeePaC-vir,33.0
Pan troglodytes,species,Mammals,EvoMIL,45.0
Pan troglodytes,species,Mammals,Host Taxon Predictor,18.0
Pan troglodytes,species,Mammals,RNAVirHost,26.0
Pan troglodytes,species,Mammals,SPHAK,10.0
Panax ginseng,species,Plants,DeePaC-vir,1.0
Panax ginseng,species,Plants,RNAVirHost,1.0
Panax notoginseng,species,Plants,DeePaC-vir,3.0
Panax notoginseng,species,Plants,Host Taxon Predictor,2.0
Panax notoginseng,species,Plants,RNAVirHost,3.0
Panicum virgatum,species,Plants,DeePaC-vir,3.0
Panicum virgatum,species,Plants,Host Taxon Predictor,1.0
Panicum virgatum,species,Plants,RNAVirHost,2.0
Pantala flavescens,species,Invertebrates,DeePaC-vir,4.0
Pantala flavescens,species,Invertebrates,Host Taxon Predictor,4.0
Panthera leo,species,Mammals,DeePaC-vir,2.0
Panthera leo,species,Mammals,GIVAL,6.0
Panthera leo,species,Mammals,RNAVirHost,4.0
Panthera tigris,species,Mammals,GIVAL,29.0
Panthera tigris,species,Mammals,SPHAK,9.0
Papaver somniferum,species,Plants,DeePaC-vir,3.0
Papaver somniferum,species,Plants,Host Taxon Predictor,2.0
Papaver somniferum,species,Plants,RNAVirHost,4.0
Paphies subtriangulata,species,Invertebrates,DeePaC-vir,14.0
Paphies subtriangulata,species,Invertebrates,Host Taxon Predictor,14.0
Papio anubis,species,Mammals,DeePaC-vir,5.0
Papio anubis,species,Mammals,Host Taxon Predictor,1.0
Papio anubis,species,Mammals,RNAVirHost,6.0
Papio cynocephalus,species,Mammals,DeePaC-vir,6.0
Papio cynocephalus,species,Mammals,Host Taxon Predictor,11.0
Papio cynocephalus,species,Mammals,RNAVirHost,22.0
Papio hamadryas,species,Mammals,DeePaC-vir,1.0
Papio hamadryas,species,Mammals,Host Taxon Predictor,2.0
Papio hamadryas,species,Mammals,RNAVirHost,1.0
Papio ursinus,species,Mammals,DeePaC-vir,2.0
Papio ursinus,species,Mammals,RNAVirHost,1.0
Parabuteo unicinctus,species,Non-mammalian vertebrates,DeePaC-vir,1.0
Parabuteo unicinctus,species,Non-mammalian vertebrates,Host Taxon Predictor,1.0
Paracoccus marginatus,species,Invertebrates,DeePaC-vir,1.0
Paracoccus marginatus,species,Invertebrates,Host Taxon Predictor,1.0
Paralichthys olivaceus,species,Non-mammalian vertebrates,DeePaC-vir,4.0
Paralichthys olivaceus,species,Non-mammalian vertebrates,RNAVirHost,2.0
Paramuricea placomus,species,Invertebrates,DeePaC-vir,1.0
Paramuricea placomus,species,Invertebrates,Host Taxon Predictor,1.0
Paraphaeosphaeria minitans,species,Fungi,DeePaC-vir,1.0
Paraphaeosphaeria minitans,species,Fungi,RNAVirHost,1.0
Parthenium hysterophorus,species,Plants,Host Taxon Predictor,2.0
Parthenium hysterophorus,species,Plants,SPHAK,2.0
Parus major,species,Non-mammalian vertebrates,DeePaC-vir,1.0
Parus major,species,Non-mammalian vertebrates,Host Taxon Predictor,1.0
Paspalum dilatatum,species,Plants,DeePaC-vir,1.0
Paspalum dilatatum,species,Plants,Host Taxon Predictor,1.0
Paspalum dilatatum,species,Plants,SPHAK,10.0
Paspalum setaceum,species,Plants,DeePaC-vir,1.0
Paspalum setaceum,species,Plants,Host Taxon Predictor,1.0
Paspalum setaceum,species,Plants,RNAVirHost,1.0
Passiflora caerulea,species,Plants,DeePaC-vir,1.0
Passiflora caerulea,species,Plants,RNAVirHost,2.0
Passiflora caerulea,species,Plants,SPHAK,8.0
Passiflora edulis,species,Plants,DeePaC-vir,5.0
Passiflora edulis,species,Plants,Host Taxon Predictor,5.0
Passiflora edulis,species,Plants,RNAVirHost,9.0
Passiflora edulis,species,Plants,SPHAK,30.0
Passiflora incarnata,species,Plants,DeePaC-vir,1.0
Passiflora incarnata,species,Plants,Host Taxon Predictor,1.0
Passiflora incarnata,species,Plants,RNAVirHost,1.0
Pelargonium x hortorum,species,Plants,DeePaC-vir,2.0
Pelargonium x hortorum,species,Plants,Host Taxon Predictor,1.0
Pelargonium x hortorum,species,Plants,RNAVirHost,2.0
Pelargonium zonale,species,Plants,DeePaC-vir,3.0
Pelargonium zonale,species,Plants,Host Taxon Predictor,2.0
Pelargonium zonale,species,Plants,RNAVirHost,6.0
Pelodiscus sinensis,species,Non-mammalian vertebrates,DeePaC-vir,2.0
Pelodiscus sinensis,species,Non-mammalian vertebrates,RNAVirHost,5.0
Penaeus monodon,species,Invertebrates,DeePaC-vir,7.0
Penaeus monodon,species,Invertebrates,Host Taxon Predictor,8.0
Penaeus monodon,species,Invertebrates,RNAVirHost,9.0
Penaeus monodon,species,Invertebrates,SPHAK,3.0
Penaeus vannamei,species,Invertebrates,DeePaC-vir,3.0
Penaeus vannamei,species,Invertebrates,Host Taxon Predictor,4.0
Penaeus vannamei,species,Invertebrates,RNAVirHost,7.0
Penaeus vannamei,species,Invertebrates,SPHAK,9.0
Penicillium aurantiogriseum,species,Fungi,DeePaC-vir,6.0
Penicillium aurantiogriseum,species,Fungi,Host Taxon Predictor,8.0
Penicillium aurantiogriseum,species,Fungi,RNAVirHost,5.0
Penicillium chrysogenum,species,Fungi,DeePaC-vir,1.0
Penicillium chrysogenum,species,Fungi,Host Taxon Predictor,4.0
Penicillium chrysogenum,species,Fungi,RNAVirHost,4.0
Penicillium digitatum,species,Fungi,DeePaC-vir,3.0
Penicillium digitatum,species,Fungi,Host Taxon Predictor,1.0
Penicillium digitatum,species,Fungi,RNAVirHost,5.0
Penicillium janczewskii,species,Fungi,DeePaC-vir,1.0
Penicillium janczewskii,species,Fungi,Host Taxon Predictor,4.0
Penicillium janczewskii,species,Fungi,RNAVirHost,8.0
Penicillium roqueforti,species,Fungi,DeePaC-vir,1.0
Penicillium roqueforti,species,Fungi,Host Taxon Predictor,1.0
Penicillium roqueforti,species,Fungi,RNAVirHost,1.0
Penicillium stoloniferum,species,Fungi,DeePaC-vir,1.0
Penicillium stoloniferum,species,Fungi,RNAVirHost,4.0
Perameles bougainville,species,Mammals,DeePaC-vir,1.0
Perameles bougainville,species,Mammals,Host Taxon Predictor,1.0
Perca fluviatilis,species,Non-mammalian vertebrates,DeePaC-vir,2.0
Perca fluviatilis,species,Non-mammalian vertebrates,Host Taxon Predictor,2.0
Perca fluviatilis,species,Non-mammalian vertebrates,RNAVirHost,10.0
Perina nuda,species,Invertebrates,DeePaC-vir,1.0
Perina nuda,species,Invertebrates,RNAVirHost,1.0
Peromyscus beatae,species,Mammals,DeePaC-vir,1.0
Peromyscus beatae,species,Mammals,Host Taxon Predictor,3.0
Peromyscus beatae,species,Mammals,RNAVirHost,3.0
Peromyscus californicus,species,Mammals,DeePaC-vir,1.0
Peromyscus californicus,species,Mammals,Host Taxon Predictor,2.0
Peromyscus californicus,species,Mammals,RNAVirHost,2.0
Peromyscus crinitus,species,Mammals,DeePaC-vir,3.0
Peromyscus crinitus,species,Mammals,Host Taxon Predictor,1.0
Peromyscus crinitus,species,Mammals,RNAVirHost,3.0
Peromyscus maniculatus,species,Mammals,DeePaC-vir,3.0
Peromyscus maniculatus,species,Mammals,Host Taxon Predictor,1.0
Peromyscus maniculatus,species,Mammals,RNAVirHost,4.0
Persea americana,species,Plants,DeePaC-vir,1.0
Persea americana,species,Plants,Host Taxon Predictor,1.0
Persea americana,species,Plants,RNAVirHost,6.0
Petasites japonicus,species,Plants,DeePaC-vir,1.0
Petasites japonicus,species,Plants,RNAVirHost,3.0
Petrochirus diogenes,species,Invertebrates,DeePaC-vir,1.0
Petrochirus diogenes,species,Invertebrates,Host Taxon Predictor,1.0
Petroica traversi,species,Non-mammalian vertebrates,DeePaC-vir,1.0
Petroica traversi,species,Non-mammalian vertebrates,Host Taxon Predictor,1.0
Petroselinum crispum,species,Plants,Host Taxon Predictor,1.0
Petroselinum crispum,species,Plants,RNAVirHost,3.0
Petroselinum crispum,species,Plants,SPHAK,4.0
Petunia x hybrida,species,Plants,DeePaC-vir,1.0
Petunia x hybrida,species,Plants,RNAVirHost,18.0
Petunia x hybrida,species,Plants,SPHAK,1.0
Phaius flavus,species,Plants,DeePaC-vir,1.0
Phaius flavus,species,Plants,Host Taxon Predictor,1.0
Phaius flavus,species,Plants,RNAVirHost,1.0
Phalaenopsis equestris,species,Plants,DeePaC-vir,1.0
Phalaenopsis equestris,species,Plants,RNAVirHost,1.0
Phascolarctos cinereus,species,Mammals,DeePaC-vir,1.0
Phascolarctos cinereus,species,Mammals,Host Taxon Predictor,1.0
Phascolarctos cinereus,species,Mammals,RNAVirHost,4.0
Phascolarctos cinereus,species,Mammals,SPHAK,6.0
Phaseolus lunatus,species,Plants,DeePaC-vir,3.0
Phaseolus lunatus,species,Plants,Host Taxon Predictor,1.0
Phaseolus vulgaris,species,Plants,DeePaC-vir,30.0
Phaseolus vulgaris,species,Plants,Host Taxon Predictor,18.0
Phaseolus vulgaris,species,Plants,RNAVirHost,66.0
Phaseolus vulgaris,species,Plants,SPHAK,24.0
Phasianus colchicus,species,Non-mammalian vertebrates,RNAVirHost,3.0
Phasianus colchicus,species,Non-mammalian vertebrates,SPHAK,2.0
Philander opossum,species,Mammals,DeePaC-vir,1.0
Philander opossum,species,Mammals,RNAVirHost,1.0
Philodromus dispar,species,Invertebrates,DeePaC-vir,1.0
Philodromus dispar,species,Invertebrates,Host Taxon Predictor,1.0
Phlebiopsis gigantea,species,Fungi,DeePaC-vir,1.0
Phlebiopsis gigantea,species,Fungi,RNAVirHost,2.0
Phlebotomus perfiliewi,species,Invertebrates,DeePaC-vir,1.0
Phlebotomus perfiliewi,species,Invertebrates,RNAVirHost,6.0
Phleum pratense,species,Plants,DeePaC-vir,1.0
Phleum pratense,species,Plants,Host Taxon Predictor,1.0
Phleum pratense,species,Plants,RNAVirHost,1.0
Phlox divaricata,species,Plants,DeePaC-vir,1.0
Phlox divaricata,species,Plants,Host Taxon Predictor,1.0
Phlox divaricata,species,Plants,RNAVirHost,1.0
Phlox stolonifera,species,Plants,DeePaC-vir,2.0
Phlox stolonifera,species,Plants,Host Taxon Predictor,2.0
Phlox stolonifera,species,Plants,RNAVirHost,2.0
Phoca vitulina,species,Mammals,DeePaC-vir,7.0
Phoca vitulina,species,Mammals,Host Taxon Predictor,6.0
Phoca vitulina,species,Mammals,RNAVirHost,6.0
Phoca vitulina,species,Mammals,SPHAK,5.0
Phocoena phocoena,species,Mammals,DeePaC-vir,3.0
Phocoena phocoena,species,Mammals,Host Taxon Predictor,3.0
Phocoena phocoena,species,Mammals,RNAVirHost,3.0
Phocoena phocoena,species,Mammals,SPHAK,1.0
Phocoena spinipinnis,species,Mammals,DeePaC-vir,1.0
Phocoena spinipinnis,species,Mammals,Host Taxon Predictor,1.0
Phocoena spinipinnis,species,Mammals,SPHAK,1.0
Phodopus sungorus,species,Mammals,DeePaC-vir,1.0
Phodopus sungorus,species,Mammals,SPHAK,2.0
Phomopsis vexans,species,Fungi,DeePaC-vir,1.0
Phomopsis vexans,species,Fungi,Host Taxon Predictor,1.0
Phomopsis vexans,species,Fungi,RNAVirHost,2.0
Phragmites australis,species,Plants,DeePaC-vir,1.0
Phragmites australis,species,Plants,RNAVirHost,1.0
Physalis heterophylla,species,Plants,DeePaC-vir,1.0
Physalis heterophylla,species,Plants,RNAVirHost,1.0
Physalis peruviana,species,Plants,DeePaC-vir,1.0
Physalis peruviana,species,Plants,RNAVirHost,5.0
Physalis peruviana,species,Plants,SPHAK,4.0
Phytolacca americana,species,Plants,DeePaC-vir,1.0
Phytolacca americana,species,Plants,Host Taxon Predictor,1.0
Phytolacca americana,species,Plants,RNAVirHost,4.0
Phytomonas serpens,species,Protists & oomycetes,DeePaC-vir,1.0
Phytomonas serpens,species,Protists & oomycetes,Host Taxon Predictor,1.0
Phytophthora infestans,species,Protists & oomycetes,DeePaC-vir,4.0
Phytophthora infestans,species,Protists & oomycetes,Host Taxon Predictor,3.0
Phytophthora parasitica,species,Protists & oomycetes,DeePaC-vir,1.0
Phytophthora parasitica,species,Protists & oomycetes,Host Taxon Predictor,1.0
Pieris rapae,species,Invertebrates,DeePaC-vir,1.0
Pieris rapae,species,Invertebrates,Host Taxon Predictor,1.0
Pieris rapae,species,Invertebrates,RNAVirHost,1.0
Piliocolobus rufomitratus,species,Mammals,DeePaC-vir,1.0
Piliocolobus rufomitratus,species,Mammals,Host Taxon Predictor,1.0
Piliocolobus tephrosceles,species,Mammals,DeePaC-vir,3.0
Piliocolobus tephrosceles,species,Mammals,Host Taxon Predictor,3.0
Piliocolobus tephrosceles,species,Mammals,RNAVirHost,3.0
Pimephales promelas,species,Non-mammalian vertebrates,DeePaC-vir,3.0
Pimephales promelas,species,Non-mammalian vertebrates,Host Taxon Predictor,2.0
Pimephales promelas,species,Non-mammalian vertebrates,RNAVirHost,36.0
Pinellia ternata,species,Plants,RNAVirHost,4.0
Pinellia ternata,species,Plants,SPHAK,2.0
Pinus nigra,species,Plants,DeePaC-vir,1.0
Pinus nigra,species,Plants,RNAVirHost,1.0
Piper nigrum,species,Plants,DeePaC-vir,1.0
Piper nigrum,species,Plants,Host Taxon Predictor,1.0
Piper nigrum,species,Plants,RNAVirHost,3.0
Piper nigrum,species,Plants,SPHAK,7.0
Pipistrellus abramus,species,Mammals,RNAVirHost,7.0
Pipistrellus abramus,species,Mammals,SPHAK,26.0
Pipistrellus pipistrellus,species,Mammals,DeePaC-vir,3.0
Pipistrellus pipistrellus,species,Mammals,Host Taxon Predictor,2.0
Pipistrellus pipistrellus,species,Mammals,RNAVirHost,4.0
Pisum sativum,species,Plants,DeePaC-vir,6.0
Pisum sativum,species,Plants,Host Taxon Predictor,31.0
Pisum sativum,species,Plants,RNAVirHost,36.0
Pisum sativum,species,Plants,SPHAK,10.0
Planococcus citri,species,Invertebrates,DeePaC-vir,1.0
Planococcus citri,species,Invertebrates,Host Taxon Predictor,1.0
Plantae,kingdom,Plants,DeepHoF,4787.0
Plantae,kingdom,Plants,UniVH,113.0
Plantae,kingdom,Plants,ViralHostPredictor,21.0
Plantae,kingdom,Plants,Zoonotic rank,61.0
Plantago asiatica,species,Plants,DeePaC-vir,1.0
Plantago asiatica,species,Plants,RNAVirHost,4.0
Plantago lanceolata,species,Plants,DeePaC-vir,1.0
Plantago lanceolata,species,Plants,RNAVirHost,2.0
Plantago lanceolata,species,Plants,SPHAK,2.0
Plantago major,species,Plants,Host Taxon Predictor,1.0
Plantago major,species,Plants,RNAVirHost,4.0
Plantago major,species,Plants,SPHAK,3.0
Plants  (not resolved to species),not species-resolved,Plants,DeePaC-vir,346.0
Plants  (not resolved to species),not species-resolved,Plants,EvoMIL,1187.0
Plants  (not resolved to species),not species-resolved,Plants,Host Taxon Predictor,308.0
Plants  (not resolved to species),not species-resolved,Plants,RNAVirHost,1587.0
Plants  (not resolved to species),not species-resolved,Plants,SPHAK,507.0
Plants  (not resolved to species),not species-resolved,Plants,VPF-Class,10.0
Plautia stali,species,Invertebrates,DeePaC-vir,1.0
Plautia stali,species,Invertebrates,Host Taxon Predictor,1.0
Plautia stali,species,Invertebrates,RNAVirHost,1.0
Pleione humilis,species,Plants,DeePaC-vir,1.0
Pleione humilis,species,Plants,RNAVirHost,1.0
Pleospora typhicola,species,Fungi,DeePaC-vir,1.0
Pleospora typhicola,species,Fungi,Host Taxon Predictor,1.0
Pleospora typhicola,species,Fungi,RNAVirHost,1.0
Pleurotus ostreatus,species,Fungi,DeePaC-vir,1.0
Pleurotus ostreatus,species,Fungi,Host Taxon Predictor,2.0
Pleurotus ostreatus,species,Fungi,RNAVirHost,2.0
Ploceus cucullatus,species,Non-mammalian vertebrates,DeePaC-vir,1.0
Ploceus cucullatus,species,Non-mammalian vertebrates,RNAVirHost,5.0
Plodia interpunctella,species,Invertebrates,DeePaC-vir,1.0
Plodia interpunctella,species,Invertebrates,Host Taxon Predictor,1.0
Plumeria rubra,species,Plants,DeePaC-vir,1.0
Plumeria rubra,species,Plants,Host Taxon Predictor,2.0
Plumeria rubra,species,Plants,RNAVirHost,2.0
Plutella xylostella,species,Invertebrates,DeePaC-vir,3.0
Plutella xylostella,species,Invertebrates,Host Taxon Predictor,1.0
Plutella xylostella,species,Invertebrates,RNAVirHost,2.0
Poa cookii,species,Plants,DeePaC-vir,1.0
Poa cookii,species,Plants,Host Taxon Predictor,1.0
Poa cookii,species,Plants,RNAVirHost,3.0
Pogona vitticeps,species,Non-mammalian vertebrates,DeePaC-vir,1.0
Pogona vitticeps,species,Non-mammalian vertebrates,Host Taxon Predictor,1.0
Pongo abelii,species,Mammals,DeePaC-vir,1.0
Pongo abelii,species,Mammals,RNAVirHost,1.0
Pongo pygmaeus,species,Mammals,DeePaC-vir,3.0
Pongo pygmaeus,species,Mammals,RNAVirHost,2.0
Pouzolzia zeylanica,species,Plants,DeePaC-vir,2.0
Pouzolzia zeylanica,species,Plants,Host Taxon Predictor,1.0
Pouzolzia zeylanica,species,Plants,SPHAK,5.0
Primnoa pacifica,species,Invertebrates,DeePaC-vir,1.0
Primnoa pacifica,species,Invertebrates,Host Taxon Predictor,1.0
Primula malacoides,species,Plants,DeePaC-vir,1.0
Primula malacoides,species,Plants,Host Taxon Predictor,2.0
Primula malacoides,species,Plants,RNAVirHost,2.0
Procordulia grayi,species,Invertebrates,DeePaC-vir,11.0
Procordulia grayi,species,Invertebrates,Host Taxon Predictor,9.0
Procyon lotor,species,Mammals,DeePaC-vir,4.0
Procyon lotor,species,Mammals,GIVAL,2.0
Procyon lotor,species,Mammals,Host Taxon Predictor,2.0
Procyon lotor,species,Mammals,"HostNet (Rabies, VIPHOD)",558.0
Procyon lotor,species,Mammals,RNAVirHost,1.0
Procyon lotor,species,Mammals,SPHAK,1.0
Procyon lotor,species,Mammals,VIDHOP,578.0
Proechimys guyannensis,species,Mammals,DeePaC-vir,1.0
Proechimys guyannensis,species,Mammals,Host Taxon Predictor,3.0
Proechimys guyannensis,species,Mammals,RNAVirHost,3.0
Proscyllium habereri,species,Non-mammalian vertebrates,DeePaC-vir,1.0
Proscyllium habereri,species,Non-mammalian vertebrates,Host Taxon Predictor,1.0
Proscyllium habereri,species,Non-mammalian vertebrates,RNAVirHost,1.0
Protists & oomycetes  (not resolved to species),not species-resolved,Protists & oomycetes,DeePaC-vir,47.0
Prunus armeniaca,species,Plants,DeePaC-vir,3.0
Prunus armeniaca,species,Plants,Host Taxon Predictor,2.0
Prunus armeniaca,species,Plants,RNAVirHost,12.0
Prunus avium,species,Plants,DeePaC-vir,9.0
Prunus avium,species,Plants,Host Taxon Predictor,3.0
Prunus avium,species,Plants,RNAVirHost,41.0
Prunus avium,species,Plants,SPHAK,16.0
Prunus cerasifera,species,Plants,RNAVirHost,3.0
Prunus cerasifera,species,Plants,SPHAK,1.0
Prunus domestica,species,Plants,DeePaC-vir,6.0
Prunus domestica,species,Plants,Host Taxon Predictor,2.0
Prunus domestica,species,Plants,RNAVirHost,9.0
Prunus domestica,species,Plants,SPHAK,1.0
Prunus dulcis,species,Plants,DeePaC-vir,1.0
Prunus dulcis,species,Plants,RNAVirHost,4.0
Prunus dulcis,species,Plants,SPHAK,2.0
Prunus mume,species,Plants,DeePaC-vir,1.0
Prunus mume,species,Plants,Host Taxon Predictor,2.0
Prunus mume,species,Plants,RNAVirHost,5.0
Prunus persica,species,Plants,DeePaC-vir,12.0
Prunus persica,species,Plants,Host Taxon Predictor,7.0
Prunus persica,species,Plants,RNAVirHost,56.0
Prunus persica,species,Plants,SPHAK,2.0
Prunus salicina,species,Plants,DeePaC-vir,2.0
Prunus salicina,species,Plants,Host Taxon Predictor,1.0
Prunus salicina,species,Plants,RNAVirHost,7.0
Psammotettix alienus,species,Invertebrates,DeePaC-vir,1.0
Psammotettix alienus,species,Invertebrates,RNAVirHost,4.0
Psathyromyia abonnenci,species,Invertebrates,DeePaC-vir,1.0
Psathyromyia abonnenci,species,Invertebrates,RNAVirHost,1.0
Pseudogymnoascus destructans,species,Fungi,DeePaC-vir,1.0
Pseudogymnoascus destructans,species,Fungi,Host Taxon Predictor,2.0
Pseudogymnoascus destructans,species,Fungi,RNAVirHost,2.0
Pseudotsuga menziesii,species,Plants,DeePaC-vir,1.0
Pseudotsuga menziesii,species,Plants,RNAVirHost,1.0
Psittacula krameri,species,Non-mammalian vertebrates,DeePaC-vir,1.0
Psittacula krameri,species,Non-mammalian vertebrates,Host Taxon Predictor,1.0
Psittacula krameri,species,Non-mammalian vertebrates,RNAVirHost,2.0
Psittacula krameri,species,Non-mammalian vertebrates,SPHAK,1.0
Psittacus erithacus,species,Non-mammalian vertebrates,DeePaC-vir,1.0
Psittacus erithacus,species,Non-mammalian vertebrates,Host Taxon Predictor,1.0
Psittacus erithacus,species,Non-mammalian vertebrates,RNAVirHost,1.0
Psophocarpus tetragonolobus,species,Plants,DeePaC-vir,1.0
Psophocarpus tetragonolobus,species,Plants,RNAVirHost,1.0
Pteromalus puparum,species,Invertebrates,DeePaC-vir,1.0
Pteromalus puparum,species,Invertebrates,RNAVirHost,2.0
Pteronotus parnellii,species,Mammals,DeePaC-vir,2.0
Pteronotus parnellii,species,Mammals,Host Taxon Predictor,2.0
Pteronotus parnellii,species,Mammals,RNAVirHost,1.0
Pteropus giganteus,species,Mammals,DeePaC-vir,2.0
Pteropus giganteus,species,Mammals,Host Taxon Predictor,2.0
Pteropus giganteus,species,Mammals,RNAVirHost,4.0
Pteropus hypomelanus,species,Mammals,DeePaC-vir,2.0
Pteropus hypomelanus,species,Mammals,Host Taxon Predictor,1.0
Pteropus hypomelanus,species,Mammals,RNAVirHost,1.0
Pteropus scapulatus,species,Mammals,DeePaC-vir,2.0
Pteropus scapulatus,species,Mammals,Host Taxon Predictor,11.0
Pteropus scapulatus,species,Mammals,RNAVirHost,11.0
Pteropus sp.,species,Mammals,DeePaC-vir,4.0
Pteropus sp.,species,Mammals,RNAVirHost,2.0
Pteropus vampyrus,species,Mammals,DeePaC-vir,2.0
Pteropus vampyrus,species,Mammals,Host Taxon Predictor,2.0
Pueraria montana,species,Plants,DeePaC-vir,1.0
Pueraria montana,species,Plants,RNAVirHost,2.0
Puma concolor,species,Mammals,DeePaC-vir,2.0
Puma concolor,species,Mammals,RNAVirHost,6.0
Puma concolor,species,Mammals,SPHAK,18.0
Pycnonotus jocosus,species,Non-mammalian vertebrates,DeePaC-vir,1.0
Pycnonotus jocosus,species,Non-mammalian vertebrates,RNAVirHost,1.0
Pycnonotus sinensis,species,Non-mammalian vertebrates,RNAVirHost,1.0
Pycnonotus sinensis,species,Non-mammalian vertebrates,SPHAK,1.0
Pygoscelis adeliae,species,Non-mammalian vertebrates,DeePaC-vir,3.0
Pygoscelis adeliae,species,Non-mammalian vertebrates,Host Taxon Predictor,2.0
Pygoscelis adeliae,species,Non-mammalian vertebrates,RNAVirHost,1.0
Pygoscelis papua,species,Non-mammalian vertebrates,DeePaC-vir,3.0
Pygoscelis papua,species,Non-mammalian vertebrates,RNAVirHost,1.0
Pygoscelis papua,species,Non-mammalian vertebrates,SPHAK,2.0
Pyricularia oryzae,species,Fungi,DeePaC-vir,5.0
Pyricularia oryzae,species,Fungi,RNAVirHost,13.0
Pyrus communis,species,Plants,DeePaC-vir,1.0
Pyrus communis,species,Plants,RNAVirHost,7.0
Pyrus communis,species,Plants,SPHAK,1.0
Python regius,species,Non-mammalian vertebrates,DeePaC-vir,1.0
Python regius,species,Non-mammalian vertebrates,Host Taxon Predictor,1.0
Python regius,species,Non-mammalian vertebrates,RNAVirHost,6.0
Rana pipiens,species,Non-mammalian vertebrates,DeePaC-vir,3.0
Rana pipiens,species,Non-mammalian vertebrates,Host Taxon Predictor,1.0
Rangifer tarandus,species,Mammals,DeePaC-vir,1.0
Rangifer tarandus,species,Mammals,Host Taxon Predictor,1.0
Rangifer tarandus,species,Mammals,RNAVirHost,1.0
Raphanus raphanistrum,species,Plants,RNAVirHost,2.0
Raphanus raphanistrum,species,Plants,SPHAK,1.0
Raphanus sativus,species,Plants,DeePaC-vir,5.0
Raphanus sativus,species,Plants,Host Taxon Predictor,4.0
Raphanus sativus,species,Plants,RNAVirHost,16.0
Raphanus sativus,species,Plants,SPHAK,1.0
Rattus andamanensis,species,Mammals,DeePaC-vir,2.0
Rattus andamanensis,species,Mammals,Host Taxon Predictor,1.0
Rattus andamanensis,species,Mammals,RNAVirHost,5.0
Rattus andamanensis,species,Mammals,SPHAK,4.0
Rattus argentiventer,species,Mammals,RNAVirHost,11.0
Rattus argentiventer,species,Mammals,SPHAK,7.0
Rattus leucopus,species,Mammals,DeePaC-vir,1.0
Rattus leucopus,species,Mammals,RNAVirHost,1.0
Rattus norvegicus,species,Mammals,DeePaC-vir,23.0
Rattus norvegicus,species,Mammals,EvoMIL,48.0
Rattus norvegicus,species,Mammals,Host Taxon Predictor,15.0
Rattus norvegicus,species,Mammals,RNAVirHost,67.0
Rattus norvegicus,species,Mammals,SPHAK,10.0
Rattus rattus,species,Mammals,DeePaC-vir,2.0
Rattus rattus,species,Mammals,Host Taxon Predictor,2.0
Rattus rattus,species,Mammals,RNAVirHost,4.0
Rattus tanezumi,species,Mammals,DeePaC-vir,1.0
Rattus tanezumi,species,Mammals,RNAVirHost,12.0
Rehmannia glutinosa,species,Plants,DeePaC-vir,2.0
Rehmannia glutinosa,species,Plants,Host Taxon Predictor,1.0
Rehmannia glutinosa,species,Plants,RNAVirHost,4.0
Rehmannia glutinosa,species,Plants,SPHAK,1.0
Reithrodontomys megalotis,species,Mammals,DeePaC-vir,1.0
Reithrodontomys megalotis,species,Mammals,RNAVirHost,1.0
Reptiles  (not resolved to species),not species-resolved,Non-mammalian vertebrates,DeePaC-vir,10.0
Reptiles  (not resolved to species),not species-resolved,Non-mammalian vertebrates,RNAVirHost,49.0
Reptilia,class,Non-mammalian vertebrates,ViralHostPredictor,8.0
Reptilia,class,Non-mammalian vertebrates,Zoonotic rank,17.0
Rhabdomys pumilio,species,Mammals,DeePaC-vir,1.0
Rhabdomys pumilio,species,Mammals,RNAVirHost,2.0
Rhinolophus affinis,species,Mammals,DeePaC-vir,2.0
Rhinolophus affinis,species,Mammals,RNAVirHost,10.0
Rhinolophus affinis,species,Mammals,SPHAK,23.0
Rhinolophus alcyone,species,Mammals,DeePaC-vir,1.0
Rhinolophus alcyone,species,Mammals,Host Taxon Predictor,1.0
Rhinolophus alcyone,species,Mammals,RNAVirHost,1.0
Rhinolophus blasii,species,Mammals,DeePaC-vir,2.0
Rhinolophus blasii,species,Mammals,Host Taxon Predictor,1.0
Rhinolophus blasii,species,Mammals,RNAVirHost,1.0
Rhinolophus cornutus,species,Mammals,DeePaC-vir,1.0
Rhinolophus cornutus,species,Mammals,Host Taxon Predictor,1.0
Rhinolophus cornutus,species,Mammals,RNAVirHost,1.0
Rhinolophus eloquens,species,Mammals,DeePaC-vir,1.0
Rhinolophus eloquens,species,Mammals,Host Taxon Predictor,1.0
Rhinolophus eloquens,species,Mammals,RNAVirHost,1.0
Rhinolophus ferrumequinum,species,Mammals,DeePaC-vir,13.0
Rhinolophus ferrumequinum,species,Mammals,Host Taxon Predictor,3.0
Rhinolophus ferrumequinum,species,Mammals,RNAVirHost,9.0
Rhinolophus ferrumequinum,species,Mammals,SPHAK,12.0
Rhinolophus hipposideros,species,Mammals,DeePaC-vir,1.0
Rhinolophus hipposideros,species,Mammals,RNAVirHost,3.0
Rhinolophus macrotis,species,Mammals,DeePaC-vir,2.0
Rhinolophus macrotis,species,Mammals,RNAVirHost,1.0
Rhinolophus malayanus,species,Mammals,RNAVirHost,3.0
Rhinolophus malayanus,species,Mammals,SPHAK,4.0
Rhinolophus pusillus,species,Mammals,DeePaC-vir,5.0
Rhinolophus pusillus,species,Mammals,RNAVirHost,6.0
Rhinolophus pusillus,species,Mammals,SPHAK,13.0
Rhinolophus sinicus,species,Mammals,DeePaC-vir,10.0
Rhinolophus sinicus,species,Mammals,Host Taxon Predictor,5.0
Rhinolophus sinicus,species,Mammals,RNAVirHost,19.0
Rhinolophus sinicus,species,Mammals,SPHAK,18.0
Rhinolophus stheno,species,Mammals,RNAVirHost,2.0
Rhinolophus stheno,species,Mammals,SPHAK,2.0
Rhinopithecus roxellana,species,Mammals,DeePaC-vir,1.0
Rhinopithecus roxellana,species,Mammals,Host Taxon Predictor,1.0
Rhipicephalus decoloratus,species,Invertebrates,DeePaC-vir,1.0
Rhipicephalus decoloratus,species,Invertebrates,Host Taxon Predictor,3.0
Rhipicephalus decoloratus,species,Invertebrates,RNAVirHost,1.0
Rhipicephalus microplus,species,Invertebrates,DeePaC-vir,4.0
Rhipicephalus microplus,species,Invertebrates,Host Taxon Predictor,10.0
Rhipicephalus microplus,species,Invertebrates,RNAVirHost,18.0
Rhizoctonia solani,species,Fungi,DeePaC-vir,8.0
Rhizoctonia solani,species,Fungi,Host Taxon Predictor,6.0
Rhizoctonia solani,species,Fungi,RNAVirHost,55.0
Rhizomys pruinosus,species,Mammals,RNAVirHost,10.0
Rhizomys pruinosus,species,Mammals,SPHAK,2.0
Rhizophagus irregularis,species,Fungi,DeePaC-vir,1.0
Rhizophagus irregularis,species,Fungi,RNAVirHost,1.0
Rhizophagus sp. (in: Fungi),species,Fungi,DeePaC-vir,1.0
Rhizophagus sp. (in: Fungi),species,Fungi,RNAVirHost,1.0
Rhododendron maximum,species,Plants,DeePaC-vir,1.0
Rhododendron maximum,species,Plants,Host Taxon Predictor,1.0
Rhododendron maximum,species,Plants,RNAVirHost,1.0
Rhopalosiphum padi,species,Invertebrates,DeePaC-vir,1.0
Rhopalosiphum padi,species,Invertebrates,RNAVirHost,1.0
Rhynchobatus djiddensis,species,Non-mammalian vertebrates,DeePaC-vir,2.0
Rhynchobatus djiddensis,species,Non-mammalian vertebrates,Host Taxon Predictor,1.0
Rhynchosia minima,species,Plants,DeePaC-vir,6.0
Rhynchosia minima,species,Plants,Host Taxon Predictor,4.0
Rhynchosia minima,species,Plants,SPHAK,13.0
Ribes americanum,species,Plants,DeePaC-vir,1.0
Ribes americanum,species,Plants,RNAVirHost,1.0
Ribes nigrum,species,Plants,DeePaC-vir,4.0
Ribes nigrum,species,Plants,Host Taxon Predictor,2.0
Ribes nigrum,species,Plants,RNAVirHost,9.0
Ribes rubrum,species,Plants,DeePaC-vir,3.0
Ribes rubrum,species,Plants,Host Taxon Predictor,1.0
Ribes rubrum,species,Plants,RNAVirHost,5.0
Riparia paludicola,species,Non-mammalian vertebrates,DeePaC-vir,1.0
Riparia paludicola,species,Non-mammalian vertebrates,Host Taxon Predictor,1.0
Riparia paludicola,species,Non-mammalian vertebrates,RNAVirHost,1.0
Riptortus pedestris,species,Invertebrates,DeePaC-vir,1.0
Riptortus pedestris,species,Invertebrates,Host Taxon Predictor,1.0
Riptortus pedestris,species,Invertebrates,RNAVirHost,1.0
Robinia pseudoacacia,species,Plants,RNAVirHost,7.0
Robinia pseudoacacia,species,Plants,SPHAK,1.0
Rodentia,order,Mammals,DeePaC-vir,2.0
Rodentia,order,Mammals,RNAVirHost,36.0
Rodentia,order,Mammals,UniVH,17.0
Rodentia,order,Mammals,ViralHostPredictor,83.0
Rodentia,order,Mammals,Zoonotic rank,138.0
Rodents  (not resolved to species),not species-resolved,Mammals,DeePaC-vir,75.0
Rodents  (not resolved to species),not species-resolved,Mammals,Host Taxon Predictor,9.0
Rodents  (not resolved to species),not species-resolved,Mammals,RNAVirHost,228.0
Rodents  (not resolved to species),not species-resolved,Mammals,SPHAK,12.0
Rodents  (not resolved to species),not species-resolved,Mammals,VPF-Class,54.0
Rosa hybrid,species,Plants,DeePaC-vir,1.0
Rosa hybrid,species,Plants,RNAVirHost,1.0
Rosa multiflora,species,Plants,DeePaC-vir,1.0
Rosa multiflora,species,Plants,Host Taxon Predictor,5.0
Rosa multiflora,species,Plants,RNAVirHost,8.0
Rosa rugosa,species,Plants,DeePaC-vir,1.0
Rosa rugosa,species,Plants,Host Taxon Predictor,1.0
Rosa rugosa,species,Plants,RNAVirHost,3.0
Rosa sp.,species,Plants,DeePaC-vir,2.0
Rosa sp.,species,Plants,RNAVirHost,8.0
Rosellinia necatrix,species,Fungi,DeePaC-vir,13.0
Rosellinia necatrix,species,Fungi,Host Taxon Predictor,15.0
Rosellinia necatrix,species,Fungi,RNAVirHost,33.0
Rousettus aegyptiacus,species,Mammals,DeePaC-vir,5.0
Rousettus aegyptiacus,species,Mammals,Host Taxon Predictor,7.0
Rousettus aegyptiacus,species,Mammals,RNAVirHost,18.0
Rousettus amplexicaudatus,species,Mammals,DeePaC-vir,1.0
Rousettus amplexicaudatus,species,Mammals,Host Taxon Predictor,3.0
Rousettus amplexicaudatus,species,Mammals,RNAVirHost,3.0
Rousettus leschenaultii,species,Mammals,DeePaC-vir,8.0
Rousettus leschenaultii,species,Mammals,Host Taxon Predictor,12.0
Rousettus leschenaultii,species,Mammals,RNAVirHost,10.0
Rousettus madagascariensis,species,Mammals,RNAVirHost,2.0
Rousettus madagascariensis,species,Mammals,SPHAK,2.0
Rousettus sp.,species,Mammals,RNAVirHost,1.0
Rousettus sp.,species,Mammals,SPHAK,1.0
Rubus canadensis,species,Plants,DeePaC-vir,2.0
Rubus canadensis,species,Plants,Host Taxon Predictor,1.0
Rubus canadensis,species,Plants,RNAVirHost,2.0
Rubus idaeus,species,Plants,DeePaC-vir,2.0
Rubus idaeus,species,Plants,RNAVirHost,34.0
Rubus occidentalis,species,Plants,DeePaC-vir,2.0
Rubus occidentalis,species,Plants,RNAVirHost,5.0
Rubus occidentalis,species,Plants,SPHAK,1.0
Rudbeckia hirta,species,Plants,DeePaC-vir,1.0
Rudbeckia hirta,species,Plants,Host Taxon Predictor,1.0
Rudbeckia hirta,species,Plants,RNAVirHost,2.0
Rudbeckia hirta,species,Plants,SPHAK,1.0
Rumex obtusifolius,species,Plants,DeePaC-vir,1.0
Rumex obtusifolius,species,Plants,RNAVirHost,1.0
Rupicapra rupicapra,species,Mammals,DeePaC-vir,2.0
Rupicapra rupicapra,species,Mammals,Host Taxon Predictor,2.0
Rupicapra rupicapra,species,Mammals,RNAVirHost,2.0
Sabethes intermedius,species,Invertebrates,DeePaC-vir,1.0
Sabethes intermedius,species,Invertebrates,Host Taxon Predictor,1.0
Sabethes intermedius,species,Invertebrates,RNAVirHost,1.0
Saccharomyces cerevisiae,species,Fungi,DeePaC-vir,6.0
Saccharomyces cerevisiae,species,Fungi,Host Taxon Predictor,2.0
Saccharomyces cerevisiae,species,Fungi,RNAVirHost,12.0
Saccharomyces kudriavzevii,species,Fungi,DeePaC-vir,1.0
Saccharomyces kudriavzevii,species,Fungi,Host Taxon Predictor,1.0
Saccharomyces kudriavzevii,species,Fungi,RNAVirHost,2.0
Saccharum barberi,species,Plants,RNAVirHost,1.0
Saccharum barberi,species,Plants,SPHAK,1.0
Saccharum officinarum,species,Plants,DeePaC-vir,12.0
Saccharum officinarum,species,Plants,Host Taxon Predictor,2.0
Saccharum officinarum,species,Plants,RNAVirHost,16.0
Saccharum officinarum,species,Plants,SPHAK,29.0
Saccharum sinense,species,Plants,RNAVirHost,1.0
Saccharum sinense,species,Plants,SPHAK,3.0
Saccharum sp.,species,Plants,DeePaC-vir,1.0
Saccharum sp.,species,Plants,RNAVirHost,2.0
Saccharum sp.,species,Plants,SPHAK,7.0
Saimiri boliviensis,species,Mammals,DeePaC-vir,1.0
Saimiri boliviensis,species,Mammals,Host Taxon Predictor,1.0
Saimiri boliviensis,species,Mammals,SPHAK,2.0
Saimiri sciureus,species,Mammals,DeePaC-vir,4.0
Saimiri sciureus,species,Mammals,Host Taxon Predictor,1.0
Salmo salar,species,Non-mammalian vertebrates,DeePaC-vir,8.0
Salmo salar,species,Non-mammalian vertebrates,Host Taxon Predictor,2.0
Salmo salar,species,Non-mammalian vertebrates,RNAVirHost,23.0
Salmo salar,species,Non-mammalian vertebrates,SPHAK,3.0
Salmo trutta,species,Non-mammalian vertebrates,DeePaC-vir,1.0
Salmo trutta,species,Non-mammalian vertebrates,RNAVirHost,8.0
Salvelinus fontinalis,species,Non-mammalian vertebrates,DeePaC-vir,1.0
Salvelinus fontinalis,species,Non-mammalian vertebrates,Host Taxon Predictor,1.0
Salvelinus fontinalis,species,Non-mammalian vertebrates,RNAVirHost,1.0
Salvia divinorum,species,Plants,DeePaC-vir,1.0
Salvia divinorum,species,Plants,RNAVirHost,1.0
Salvia hispanica,species,Plants,DeePaC-vir,1.0
Salvia hispanica,species,Plants,RNAVirHost,1.0
Salvia hispanica,species,Plants,SPHAK,2.0
Salvia splendens,species,Plants,RNAVirHost,1.0
Salvia splendens,species,Plants,SPHAK,6.0
Sambucus nigra,species,Plants,DeePaC-vir,2.0
Sambucus nigra,species,Plants,RNAVirHost,6.0
Sambucus racemosa,species,Plants,DeePaC-vir,3.0
Sambucus racemosa,species,Plants,RNAVirHost,3.0
Sapajus apella,species,Mammals,DeePaC-vir,5.0
Sapajus apella,species,Mammals,RNAVirHost,15.0
Sapajus xanthosternos,species,Mammals,DeePaC-vir,1.0
Sapajus xanthosternos,species,Mammals,RNAVirHost,2.0
Sauropus androgynus,species,Plants,DeePaC-vir,2.0
Sauropus androgynus,species,Plants,Host Taxon Predictor,2.0
Sauropus androgynus,species,Plants,RNAVirHost,1.0
Sauropus androgynus,species,Plants,SPHAK,8.0
Scalopus aquaticus,species,Mammals,DeePaC-vir,1.0
Scalopus aquaticus,species,Mammals,RNAVirHost,3.0
Scheffersomyces segobiensis,species,Fungi,DeePaC-vir,1.0
Scheffersomyces segobiensis,species,Fungi,RNAVirHost,1.0
Schizaphis graminum,species,Invertebrates,DeePaC-vir,2.0
Schizaphis graminum,species,Invertebrates,RNAVirHost,1.0
Schmidtea mediterranea,species,Invertebrates,DeePaC-vir,1.0
Schmidtea mediterranea,species,Invertebrates,RNAVirHost,1.0
Sciurus variegatoides,species,Mammals,DeePaC-vir,1.0
Sciurus variegatoides,species,Mammals,Host Taxon Predictor,1.0
Sciurus vulgaris,species,Mammals,DeePaC-vir,1.0
Sciurus vulgaris,species,Mammals,Host Taxon Predictor,1.0
Sclerotinia minor,species,Fungi,DeePaC-vir,1.0
Sclerotinia minor,species,Fungi,RNAVirHost,1.0
Sclerotinia nivalis,species,Fungi,DeePaC-vir,1.0
Sclerotinia nivalis,species,Fungi,Host Taxon Predictor,1.0
Sclerotinia nivalis,species,Fungi,RNAVirHost,1.0
Sclerotinia sclerotiorum,species,Fungi,DeePaC-vir,22.0
Sclerotinia sclerotiorum,species,Fungi,Host Taxon Predictor,32.0
Sclerotinia sclerotiorum,species,Fungi,RNAVirHost,64.0
Sclerotium hydrophilum,species,Fungi,DeePaC-vir,1.0
Sclerotium hydrophilum,species,Fungi,Host Taxon Predictor,2.0
Sclerotium hydrophilum,species,Fungi,RNAVirHost,2.0
Scophthalmus maximus,species,Non-mammalian vertebrates,DeePaC-vir,4.0
Scophthalmus maximus,species,Non-mammalian vertebrates,Host Taxon Predictor,2.0
Scophthalmus maximus,species,Non-mammalian vertebrates,RNAVirHost,12.0
Scotophilus dinganii,species,Mammals,DeePaC-vir,1.0
Scotophilus dinganii,species,Mammals,RNAVirHost,1.0
Scotophilus kuhlii,species,Mammals,DeePaC-vir,1.0
Scotophilus kuhlii,species,Mammals,RNAVirHost,17.0
Scotophilus kuhlii,species,Mammals,SPHAK,28.0
Scrophularia californica,species,Plants,DeePaC-vir,1.0
Scrophularia californica,species,Plants,RNAVirHost,1.0
Scylla serrata,species,Invertebrates,DeePaC-vir,1.0
Scylla serrata,species,Invertebrates,Host Taxon Predictor,1.0
Scylla serrata,species,Invertebrates,RNAVirHost,1.0
Secale cereale,species,Plants,RNAVirHost,1.0
Secale cereale,species,Plants,SPHAK,1.0
Sechium edule,species,Plants,DeePaC-vir,2.0
Sechium edule,species,Plants,Host Taxon Predictor,1.0
Senecio scandens,species,Plants,DeePaC-vir,1.0
Senecio scandens,species,Plants,Host Taxon Predictor,1.0
Senna occidentalis,species,Plants,DeePaC-vir,2.0
Senna occidentalis,species,Plants,Host Taxon Predictor,2.0
Senna occidentalis,species,Plants,RNAVirHost,2.0
Senna occidentalis,species,Plants,SPHAK,1.0
Serinus canaria,species,Non-mammalian vertebrates,DeePaC-vir,5.0
Serinus canaria,species,Non-mammalian vertebrates,Host Taxon Predictor,4.0
Serinus canaria,species,Non-mammalian vertebrates,RNAVirHost,3.0
Sesbania grandiflora,species,Plants,DeePaC-vir,1.0
Sesbania grandiflora,species,Plants,RNAVirHost,1.0
Setaria italica,species,Plants,DeePaC-vir,1.0
Setaria italica,species,Plants,RNAVirHost,7.0
Setaria verticillata,species,Plants,RNAVirHost,10.0
Setaria verticillata,species,Plants,SPHAK,1.0
Sibirionetta formosa,species,Non-mammalian vertebrates,SPHAK,17.0
Sibirionetta formosa,species,Non-mammalian vertebrates,VIDHOP,155.0
Sicyonia brevirostris,species,Invertebrates,DeePaC-vir,1.0
Sicyonia brevirostris,species,Invertebrates,Host Taxon Predictor,1.0
Sicyos edulis,species,Plants,RNAVirHost,1.0
Sicyos edulis,species,Plants,SPHAK,5.0
Sida acuta,species,Plants,DeePaC-vir,3.0
Sida acuta,species,Plants,Host Taxon Predictor,7.0
Sida acuta,species,Plants,SPHAK,14.0
Sida rhombifolia,species,Plants,DeePaC-vir,4.0
Sida rhombifolia,species,Plants,SPHAK,7.0
Sida urens,species,Plants,DeePaC-vir,4.0
Sida urens,species,Plants,Host Taxon Predictor,5.0
Sida urens,species,Plants,SPHAK,6.0
Sigesbeckia glabrescens,species,Plants,DeePaC-vir,5.0
Sigesbeckia glabrescens,species,Plants,Host Taxon Predictor,2.0
Sigesbeckia glabrescens,species,Plants,SPHAK,3.0
Sigmodon alstoni,species,Mammals,DeePaC-vir,2.0
Sigmodon alstoni,species,Mammals,Host Taxon Predictor,4.0
Sigmodon alstoni,species,Mammals,RNAVirHost,5.0
Sigmodon hispidus,species,Mammals,DeePaC-vir,2.0
Sigmodon hispidus,species,Mammals,Host Taxon Predictor,2.0
Sigmodon hispidus,species,Mammals,RNAVirHost,3.0
Sigmodon mascotensis,species,Mammals,DeePaC-vir,1.0
Sigmodon mascotensis,species,Mammals,RNAVirHost,1.0
Silurus glanis,species,Non-mammalian vertebrates,DeePaC-vir,2.0
Silurus glanis,species,Non-mammalian vertebrates,Host Taxon Predictor,1.0
Sinapis alba,species,Plants,DeePaC-vir,1.0
Sinapis alba,species,Plants,Host Taxon Predictor,2.0
Sinapis alba,species,Plants,RNAVirHost,2.0
Siniperca chuatsi,species,Non-mammalian vertebrates,DeePaC-vir,2.0
Siniperca chuatsi,species,Non-mammalian vertebrates,Host Taxon Predictor,1.0
Siniperca chuatsi,species,Non-mammalian vertebrates,RNAVirHost,1.0
Smallanthus sonchifolius,species,Plants,DeePaC-vir,2.0
Smallanthus sonchifolius,species,Plants,Host Taxon Predictor,1.0
Smallanthus sonchifolius,species,Plants,RNAVirHost,2.0
Smallanthus sonchifolius,species,Plants,SPHAK,2.0
Sodiomyces alkalinus,species,Fungi,DeePaC-vir,1.0
Sodiomyces alkalinus,species,Fungi,RNAVirHost,2.0
Sogatella furcifera,species,Invertebrates,DeePaC-vir,3.0
Sogatella furcifera,species,Invertebrates,RNAVirHost,4.0
Solanum aculeatissimum,species,Plants,DeePaC-vir,1.0
Solanum aculeatissimum,species,Plants,Host Taxon Predictor,1.0
Solanum aculeatissimum,species,Plants,RNAVirHost,1.0
Solanum aethiopicum,species,Plants,DeePaC-vir,1.0
Solanum aethiopicum,species,Plants,Host Taxon Predictor,1.0
Solanum aethiopicum,species,Plants,RNAVirHost,2.0
Solanum betaceum,species,Plants,DeePaC-vir,1.0
Solanum betaceum,species,Plants,Host Taxon Predictor,1.0
Solanum betaceum,species,Plants,RNAVirHost,3.0
Solanum chancayense,species,Plants,DeePaC-vir,1.0
Solanum chancayense,species,Plants,RNAVirHost,1.0
Solanum dulcamara,species,Plants,DeePaC-vir,1.0
Solanum dulcamara,species,Plants,RNAVirHost,1.0
Solanum lycopersicum,species,Plants,DeePaC-vir,187.0
Solanum lycopersicum,species,Plants,Host Taxon Predictor,78.0
Solanum lycopersicum,species,Plants,RNAVirHost,98.0
Solanum lycopersicum,species,Plants,SPHAK,598.0
Solanum mammosum,species,Plants,DeePaC-vir,1.0
Solanum mammosum,species,Plants,RNAVirHost,1.0
Solanum melongena,species,Plants,DeePaC-vir,3.0
Solanum melongena,species,Plants,RNAVirHost,11.0
Solanum melongena,species,Plants,SPHAK,24.0
Solanum muricatum,species,Plants,RNAVirHost,8.0
Solanum muricatum,species,Plants,SPHAK,1.0
Solanum nigrum,species,Plants,RNAVirHost,10.0
Solanum nigrum,species,Plants,SPHAK,2.0
Solanum nodiflorum,species,Plants,Host Taxon Predictor,1.0
Solanum nodiflorum,species,Plants,RNAVirHost,1.0
Solanum phureja,species,Plants,DeePaC-vir,1.0
Solanum phureja,species,Plants,Host Taxon Predictor,1.0
Solanum phureja,species,Plants,RNAVirHost,5.0
Solanum phureja,species,Plants,SPHAK,1.0
Solanum pimpinellifolium,species,Plants,DeePaC-vir,1.0
Solanum pimpinellifolium,species,Plants,SPHAK,1.0
Solanum quitoense,species,Plants,RNAVirHost,6.0
Solanum quitoense,species,Plants,SPHAK,1.0
Solanum torvum,species,Plants,Host Taxon Predictor,1.0
Solanum torvum,species,Plants,RNAVirHost,1.0
Solanum torvum,species,Plants,SPHAK,4.0
Solanum tuberosum,species,Plants,DeePaC-vir,25.0
Solanum tuberosum,species,Plants,Host Taxon Predictor,10.0
Solanum tuberosum,species,Plants,RNAVirHost,84.0
Solanum tuberosum,species,Plants,SPHAK,30.0
Solanum viarum,species,Plants,DeePaC-vir,1.0
Solanum viarum,species,Plants,Host Taxon Predictor,1.0
Solanum viarum,species,Plants,RNAVirHost,1.0
Solea senegalensis,species,Non-mammalian vertebrates,DeePaC-vir,1.0
Solea senegalensis,species,Non-mammalian vertebrates,Host Taxon Predictor,2.0
Solenopsis invicta,species,Invertebrates,DeePaC-vir,5.0
Solenopsis invicta,species,Invertebrates,Host Taxon Predictor,5.0
Solenopsis invicta,species,Invertebrates,RNAVirHost,15.0
Somateria mollissima,species,Non-mammalian vertebrates,DeePaC-vir,1.0
Somateria mollissima,species,Non-mammalian vertebrates,Host Taxon Predictor,7.0
Somateria mollissima,species,Non-mammalian vertebrates,RNAVirHost,8.0
Sonchus oleraceus,species,Plants,DeePaC-vir,1.0
Sonchus oleraceus,species,Plants,RNAVirHost,3.0
Sonchus oleraceus,species,Plants,SPHAK,1.0
Sooretamys angouya,species,Mammals,DeePaC-vir,1.0
Sooretamys angouya,species,Mammals,RNAVirHost,4.0
Sorbus aucuparia,species,Plants,Host Taxon Predictor,4.0
Sorbus aucuparia,species,Plants,RNAVirHost,4.0
Sorex araneus,species,Mammals,DeePaC-vir,1.0
Sorex araneus,species,Mammals,Host Taxon Predictor,1.0
Sorex araneus,species,Mammals,RNAVirHost,8.0
Sorex isodon,species,Mammals,DeePaC-vir,1.0
Sorex isodon,species,Mammals,RNAVirHost,1.0
Sorex roboratus,species,Mammals,DeePaC-vir,1.0
Sorex roboratus,species,Mammals,Host Taxon Predictor,3.0
Sorex roboratus,species,Mammals,RNAVirHost,3.0
Sorghum arundinaceum,species,Plants,RNAVirHost,2.0
Sorghum arundinaceum,species,Plants,SPHAK,4.0
Sorghum bicolor,species,Plants,DeePaC-vir,2.0
Sorghum bicolor,species,Plants,Host Taxon Predictor,1.0
Sorghum bicolor,species,Plants,RNAVirHost,20.0
Sorghum halepense,species,Plants,DeePaC-vir,5.0
Sorghum halepense,species,Plants,RNAVirHost,8.0
Sparus aurata,species,Non-mammalian vertebrates,DeePaC-vir,3.0
Sparus aurata,species,Non-mammalian vertebrates,Host Taxon Predictor,2.0
Sparus aurata,species,Non-mammalian vertebrates,RNAVirHost,1.0
Spathiphyllum patinii,species,Plants,DeePaC-vir,1.0
Spathiphyllum patinii,species,Plants,RNAVirHost,1.0
Spermophilus dauricus,species,Mammals,DeePaC-vir,1.0
Spermophilus dauricus,species,Mammals,RNAVirHost,1.0
Spinacia oleracea,species,Plants,DeePaC-vir,16.0
Spinacia oleracea,species,Plants,Host Taxon Predictor,7.0
Spinacia oleracea,species,Plants,RNAVirHost,29.0
Spinacia oleracea,species,Plants,SPHAK,2.0
Spissistilus festinus,species,Invertebrates,DeePaC-vir,2.0
Spissistilus festinus,species,Invertebrates,Host Taxon Predictor,11.0
Spissistilus festinus,species,Invertebrates,RNAVirHost,10.0
Spodoptera eridania,species,Invertebrates,DeePaC-vir,1.0
Spodoptera eridania,species,Invertebrates,RNAVirHost,2.0
Spodoptera exigua,species,Invertebrates,DeePaC-vir,5.0
Spodoptera exigua,species,Invertebrates,Host Taxon Predictor,2.0
Spodoptera exigua,species,Invertebrates,RNAVirHost,19.0
Spodoptera frugiperda,species,Invertebrates,DeePaC-vir,4.0
Spodoptera frugiperda,species,Invertebrates,Host Taxon Predictor,2.0
Spodoptera frugiperda,species,Invertebrates,RNAVirHost,2.0
Stachytarpheta jamaicensis,species,Plants,DeePaC-vir,1.0
Stachytarpheta jamaicensis,species,Plants,Host Taxon Predictor,1.0
Stachytarpheta jamaicensis,species,Plants,SPHAK,3.0
Stemphylium lycopersici,species,Fungi,DeePaC-vir,1.0
Stemphylium lycopersici,species,Fungi,RNAVirHost,4.0
Stercorarius maccormicki,species,Non-mammalian vertebrates,DeePaC-vir,1.0
Stercorarius maccormicki,species,Non-mammalian vertebrates,Host Taxon Predictor,1.0
Stercorarius maccormicki,species,Non-mammalian vertebrates,SPHAK,2.0
Struthio camelus,species,Non-mammalian vertebrates,DeePaC-vir,2.0
Struthio camelus,species,Non-mammalian vertebrates,Host Taxon Predictor,1.0
Struthio camelus,species,Non-mammalian vertebrates,RNAVirHost,1.0
Struthio camelus,species,Non-mammalian vertebrates,SPHAK,5.0
Struthio camelus,species,Non-mammalian vertebrates,VIDHOP,231.0
Sturnira lilium,species,Mammals,DeePaC-vir,3.0
Sturnira lilium,species,Mammals,Host Taxon Predictor,1.0
Sturnira lilium,species,Mammals,RNAVirHost,2.0
Sturnus vulgaris,species,Non-mammalian vertebrates,DeePaC-vir,2.0
Sturnus vulgaris,species,Non-mammalian vertebrates,Host Taxon Predictor,1.0
Styphnolobium japonicum,species,Plants,DeePaC-vir,1.0
Styphnolobium japonicum,species,Plants,RNAVirHost,1.0
Suncus murinus,species,Mammals,DeePaC-vir,2.0
Suncus murinus,species,Mammals,Host Taxon Predictor,2.0
Suncus murinus,species,Mammals,RNAVirHost,4.0
Suncus murinus,species,Mammals,SPHAK,2.0
Sus scrofa,species,Mammals,DeePaC-vir,166.0
Sus scrofa,species,Mammals,EvoMIL,219.0
Sus scrofa,species,Mammals,GIVAL,17486.0
Sus scrofa,species,Mammals,Host Taxon Predictor,64.0
Sus scrofa,species,Mammals,MENB,1200.0
Sus scrofa,species,Mammals,RNAVirHost,536.0
Sus scrofa,species,Mammals,SPHAK,762.0
Sus scrofa,species,Mammals,VIDHOP,42440.0
Synedrella nodiflora,species,Plants,DeePaC-vir,1.0
Synedrella nodiflora,species,Plants,Host Taxon Predictor,2.0
Synedrella nodiflora,species,Plants,SPHAK,1.0
Syringa vulgaris,species,Plants,DeePaC-vir,1.0
Syringa vulgaris,species,Plants,Host Taxon Predictor,3.0
Syringa vulgaris,species,Plants,RNAVirHost,5.0
Tadarida brasiliensis,species,Mammals,DeePaC-vir,3.0
Tadarida brasiliensis,species,Mammals,Host Taxon Predictor,4.0
Tadarida brasiliensis,species,Mammals,"HostNet (Rabies, VIPHOD)",245.0
Tadarida brasiliensis,species,Mammals,SPHAK,2.0
Tadarida brasiliensis,species,Mammals,VIDHOP,265.0
Tadorna ferruginea,species,Non-mammalian vertebrates,VIDHOP,204.0
Taeniopygia guttata,species,Non-mammalian vertebrates,DeePaC-vir,1.0
Taeniopygia guttata,species,Non-mammalian vertebrates,Host Taxon Predictor,1.0
Tagetes patula,species,Plants,Host Taxon Predictor,1.0
Tagetes patula,species,Plants,SPHAK,1.0
Talpa europaea,species,Mammals,DeePaC-vir,3.0
Talpa europaea,species,Mammals,Host Taxon Predictor,6.0
Talpa europaea,species,Mammals,RNAVirHost,19.0
Taphozous melanopogon,species,Mammals,DeePaC-vir,1.0
Taphozous melanopogon,species,Mammals,RNAVirHost,4.0
Teleogryllus oceanicus,species,Invertebrates,DeePaC-vir,1.0
Teleogryllus oceanicus,species,Invertebrates,RNAVirHost,1.0
Telfairia occidentalis,species,Plants,DeePaC-vir,1.0
Telfairia occidentalis,species,Plants,Host Taxon Predictor,2.0
Telosma cordata,species,Plants,DeePaC-vir,1.0
Telosma cordata,species,Plants,Host Taxon Predictor,1.0
Telosma cordata,species,Plants,RNAVirHost,1.0
Testudo hermanni,species,Non-mammalian vertebrates,DeePaC-vir,2.0
Testudo hermanni,species,Non-mammalian vertebrates,Host Taxon Predictor,1.0
Testudo hermanni,species,Non-mammalian vertebrates,RNAVirHost,1.0
Testudo horsfieldii,species,Non-mammalian vertebrates,DeePaC-vir,1.0
Testudo horsfieldii,species,Non-mammalian vertebrates,Host Taxon Predictor,1.0
Thalassia testudinum,species,Plants,DeePaC-vir,1.0
Thalassia testudinum,species,Plants,RNAVirHost,1.0
Thaumetopoea pityocampa,species,Invertebrates,DeePaC-vir,1.0
Thaumetopoea pityocampa,species,Invertebrates,Host Taxon Predictor,1.0
Thaumetopoea pityocampa,species,Invertebrates,RNAVirHost,5.0
Thelephora terrestris,species,Fungi,DeePaC-vir,1.0
Thelephora terrestris,species,Fungi,Host Taxon Predictor,1.0
Thelephora terrestris,species,Fungi,RNAVirHost,1.0
Theobroma cacao,species,Plants,DeePaC-vir,12.0
Theobroma cacao,species,Plants,Host Taxon Predictor,2.0
Theobroma cacao,species,Plants,RNAVirHost,40.0
Thesium chinense,species,Plants,RNAVirHost,1.0
Thesium chinense,species,Plants,SPHAK,2.0
Thielaviopsis basicola,species,Fungi,DeePaC-vir,2.0
Thielaviopsis basicola,species,Fungi,Host Taxon Predictor,2.0
Tholymis tillarga,species,Invertebrates,DeePaC-vir,1.0
Tholymis tillarga,species,Invertebrates,Host Taxon Predictor,1.0
Thunbergia alata,species,Plants,DeePaC-vir,1.0
Thunbergia alata,species,Plants,Host Taxon Predictor,1.0
Thunbergia alata,species,Plants,RNAVirHost,1.0
Thysanoplusia orichalcea,species,Invertebrates,DeePaC-vir,1.0
Thysanoplusia orichalcea,species,Invertebrates,Host Taxon Predictor,1.0
Tinca tinca,species,Non-mammalian vertebrates,DeePaC-vir,1.0
Tinca tinca,species,Non-mammalian vertebrates,RNAVirHost,1.0
Tipula oleracea,species,Invertebrates,DeePaC-vir,1.0
Tipula oleracea,species,Invertebrates,Host Taxon Predictor,1.0
Tolypocladium cylindrosporum,species,Fungi,DeePaC-vir,1.0
Tolypocladium cylindrosporum,species,Fungi,Host Taxon Predictor,1.0
Tolypocladium cylindrosporum,species,Fungi,RNAVirHost,1.0
Torulaspora delbrueckii,species,Fungi,DeePaC-vir,1.0
Torulaspora delbrueckii,species,Fungi,RNAVirHost,1.0
Trematomus pennellii,species,Non-mammalian vertebrates,DeePaC-vir,1.0
Trematomus pennellii,species,Non-mammalian vertebrates,Host Taxon Predictor,1.0
Triaenops afer,species,Mammals,DeePaC-vir,1.0
Triaenops afer,species,Mammals,RNAVirHost,3.0
Triatoma infestans,species,Invertebrates,DeePaC-vir,1.0
Triatoma infestans,species,Invertebrates,Host Taxon Predictor,1.0
Triatoma infestans,species,Invertebrates,RNAVirHost,1.0
Trichechus manatus,species,Mammals,DeePaC-vir,4.0
Trichechus manatus,species,Mammals,Host Taxon Predictor,2.0
Trichechus manatus,species,Mammals,SPHAK,2.0
Trichoderma asperellum,species,Fungi,DeePaC-vir,1.0
Trichoderma asperellum,species,Fungi,RNAVirHost,1.0
Trichoderma atroviride,species,Fungi,DeePaC-vir,1.0
Trichoderma atroviride,species,Fungi,Host Taxon Predictor,1.0
Trichoderma harzianum,species,Fungi,DeePaC-vir,1.0
Trichoderma harzianum,species,Fungi,RNAVirHost,4.0
Trichomonas vaginalis,species,Protists & oomycetes,DeePaC-vir,5.0
Trichomonas vaginalis,species,Protists & oomycetes,Host Taxon Predictor,4.0
Trichoplusia ni,species,Invertebrates,DeePaC-vir,6.0
Trichoplusia ni,species,Invertebrates,RNAVirHost,10.0
Trichosanthes kirilowii,species,Plants,RNAVirHost,3.0
Trichosanthes kirilowii,species,Plants,SPHAK,1.0
Trichosurus vulpecula,species,Mammals,DeePaC-vir,3.0
Trichosurus vulpecula,species,Mammals,Host Taxon Predictor,1.0
Trichosurus vulpecula,species,Mammals,RNAVirHost,7.0
Trifolium incarnatum,species,Plants,DeePaC-vir,1.0
Trifolium incarnatum,species,Plants,RNAVirHost,10.0
Trifolium pratense,species,Plants,DeePaC-vir,4.0
Trifolium pratense,species,Plants,Host Taxon Predictor,4.0
Trifolium pratense,species,Plants,RNAVirHost,29.0
Trifolium repens,species,Plants,DeePaC-vir,3.0
Trifolium repens,species,Plants,Host Taxon Predictor,3.0
Trifolium repens,species,Plants,RNAVirHost,11.0
Trifolium repens,species,Plants,SPHAK,5.0
Trifolium resupinatum,species,Plants,DeePaC-vir,1.0
Trifolium resupinatum,species,Plants,Host Taxon Predictor,1.0
Trifolium subterraneum,species,Plants,DeePaC-vir,2.0
Trifolium subterraneum,species,Plants,Host Taxon Predictor,3.0
Trifolium subterraneum,species,Plants,RNAVirHost,5.0
Trigonella foenum-graecum,species,Plants,RNAVirHost,3.0
Trigonella foenum-graecum,species,Plants,SPHAK,6.0
Trisetum flavescens,species,Plants,DeePaC-vir,1.0
Trisetum flavescens,species,Plants,Host Taxon Predictor,1.0
Trisetum flavescens,species,Plants,RNAVirHost,1.0
Triticum aestivum,species,Plants,DeePaC-vir,26.0
Triticum aestivum,species,Plants,Host Taxon Predictor,17.0
Triticum aestivum,species,Plants,RNAVirHost,93.0
Triticum aestivum,species,Plants,SPHAK,44.0
Tuber aestivum,species,Fungi,DeePaC-vir,3.0
Tuber aestivum,species,Fungi,Host Taxon Predictor,2.0
Tuber aestivum,species,Fungi,RNAVirHost,3.0
Tulipa fosteriana,species,Plants,Host Taxon Predictor,1.0
Tulipa fosteriana,species,Plants,RNAVirHost,1.0
Tulipa gesneriana,species,Plants,DeePaC-vir,1.0
Tulipa gesneriana,species,Plants,RNAVirHost,3.0
Tupaia belangeri,species,Mammals,DeePaC-vir,4.0
Tupaia belangeri,species,Mammals,Host Taxon Predictor,1.0
Tupaia belangeri,species,Mammals,RNAVirHost,2.0
Turdus hortulorum,species,Non-mammalian vertebrates,DeePaC-vir,1.0
Turdus hortulorum,species,Non-mammalian vertebrates,RNAVirHost,2.0
Turdus merula,species,Non-mammalian vertebrates,DeePaC-vir,5.0
Turdus merula,species,Non-mammalian vertebrates,Host Taxon Predictor,1.0
Turdus merula,species,Non-mammalian vertebrates,RNAVirHost,3.0
Turdus merula,species,Non-mammalian vertebrates,SPHAK,1.0
Turdus pallidus,species,Non-mammalian vertebrates,DeePaC-vir,1.0
Turdus pallidus,species,Non-mammalian vertebrates,RNAVirHost,1.0
Tursiops aduncus,species,Mammals,DeePaC-vir,1.0
Tursiops aduncus,species,Mammals,RNAVirHost,1.0
Tursiops truncatus,species,Mammals,DeePaC-vir,9.0
Tursiops truncatus,species,Mammals,Host Taxon Predictor,2.0
Tursiops truncatus,species,Mammals,RNAVirHost,2.0
Tursiops truncatus,species,Mammals,SPHAK,7.0
Tylonycteris pachypus,species,Mammals,DeePaC-vir,2.0
Tylonycteris pachypus,species,Mammals,RNAVirHost,1.0
Tylonycteris pachypus,species,Mammals,SPHAK,16.0
Ulmus glabra,species,Plants,Host Taxon Predictor,3.0
Ulmus glabra,species,Plants,RNAVirHost,3.0
Ungulates  (not resolved to species),not species-resolved,Mammals,DeePaC-vir,17.0
Ungulates  (not resolved to species),not species-resolved,Mammals,Host Taxon Predictor,21.0
Ungulates  (not resolved to species),not species-resolved,Mammals,RNAVirHost,86.0
Ungulates  (not resolved to species),not species-resolved,Mammals,SPHAK,12.0
Unknown host  (not resolved to species),not species-resolved,Unknown/Excluded,DeePaC-vir,1.0
Unknown host  (not resolved to species),not species-resolved,Unknown/Excluded,DeepHoF,9.0
Unknown host  (not resolved to species),not species-resolved,Unknown/Excluded,Host Taxon Predictor,5.0
Unknown host  (not resolved to species),not species-resolved,Unknown/Excluded,ViralHostPredictor,69.0
Unresolved invertebrates  (not resolved to species),not species-resolved,Invertebrates,DeepHoF,7424.0
Unresolved invertebrates  (not resolved to species),not species-resolved,Invertebrates,UniVH,231.0
Unresolved vertebrates  (not resolved to species),not species-resolved,Non-mammalian vertebrates,DeePaC-vir,4.0
Unresolved vertebrates  (not resolved to species),not species-resolved,Non-mammalian vertebrates,DeepHoF,10245.0
Unresolved vertebrates  (not resolved to species),not species-resolved,Non-mammalian vertebrates,Host Taxon Predictor,4.0
Unresolved vertebrates  (not resolved to species),not species-resolved,Non-mammalian vertebrates,MosViR,24611.0
Uria aalge,species,Non-mammalian vertebrates,RNAVirHost,3.0
Uria aalge,species,Non-mammalian vertebrates,SPHAK,3.0
Uria aalge,species,Non-mammalian vertebrates,VIDHOP,198.0
Urochloa plantaginea,species,Plants,DeePaC-vir,1.0
Urochloa plantaginea,species,Plants,RNAVirHost,2.0
Urochloa plantaginea,species,Plants,SPHAK,2.0
Urocyon cinereoargenteus,species,Mammals,DeePaC-vir,1.0
Urocyon cinereoargenteus,species,Mammals,RNAVirHost,1.0
Uroderma bilobatum,species,Mammals,DeePaC-vir,1.0
Uroderma bilobatum,species,Mammals,Host Taxon Predictor,1.0
Uroderma bilobatum,species,Mammals,RNAVirHost,1.0
Urotrichus talpoides,species,Mammals,DeePaC-vir,1.0
Urotrichus talpoides,species,Mammals,RNAVirHost,1.0
Ursidae,family,Mammals,GIVAL,3.0
Ustilaginoidea virens,species,Fungi,DeePaC-vir,8.0
Ustilaginoidea virens,species,Fungi,Host Taxon Predictor,7.0
Ustilaginoidea virens,species,Fungi,RNAVirHost,11.0
Ustilago maydis,species,Fungi,DeePaC-vir,1.0
Ustilago maydis,species,Fungi,RNAVirHost,1.0
Vaccinium corymbosum,species,Plants,DeePaC-vir,3.0
Vaccinium corymbosum,species,Plants,Host Taxon Predictor,1.0
Vaccinium corymbosum,species,Plants,RNAVirHost,20.0
Vaccinium corymbosum,species,Plants,SPHAK,2.0
Vanilla planifolia,species,Plants,DeePaC-vir,2.0
Vanilla planifolia,species,Plants,Host Taxon Predictor,2.0
Vanilla planifolia,species,Plants,RNAVirHost,2.0
Varecia variegata,species,Mammals,DeePaC-vir,1.0
Varecia variegata,species,Mammals,Host Taxon Predictor,1.0
Varecia variegata,species,Mammals,RNAVirHost,1.0
Varecia variegata,species,Mammals,SPHAK,2.0
Varroa destructor,species,Invertebrates,DeePaC-vir,6.0
Varroa destructor,species,Invertebrates,Host Taxon Predictor,2.0
Varroa destructor,species,Invertebrates,RNAVirHost,6.0
Vasconcellea x heilbornii,species,Plants,DeePaC-vir,1.0
Vasconcellea x heilbornii,species,Plants,RNAVirHost,2.0
Velarifictorus micado,species,Invertebrates,DeePaC-vir,1.0
Velarifictorus micado,species,Invertebrates,Host Taxon Predictor,1.0
Verticillium dahliae,species,Fungi,DeePaC-vir,1.0
Verticillium dahliae,species,Fungi,RNAVirHost,4.0
Vespertilio sinensis,species,Mammals,DeePaC-vir,2.0
Vespertilio sinensis,species,Mammals,Host Taxon Predictor,1.0
Vespertilio sinensis,species,Mammals,RNAVirHost,1.0
Vespertilio sinensis,species,Mammals,SPHAK,1.0
Vespula pensylvanica,species,Invertebrates,DeePaC-vir,1.0
Vespula pensylvanica,species,Invertebrates,Host Taxon Predictor,1.0
Vespula pensylvanica,species,Invertebrates,RNAVirHost,1.0
Vicia faba,species,Plants,DeePaC-vir,10.0
Vicia faba,species,Plants,Host Taxon Predictor,12.0
Vicia faba,species,Plants,RNAVirHost,38.0
Vicia faba,species,Plants,SPHAK,11.0
Vicia sativa,species,Plants,RNAVirHost,4.0
Vicia sativa,species,Plants,SPHAK,1.0
Vicugna pacos,species,Mammals,DeePaC-vir,3.0
Vicugna pacos,species,Mammals,Host Taxon Predictor,1.0
Vicugna pacos,species,Mammals,RNAVirHost,1.0
Vicugna pacos,species,Mammals,VIDHOP,118.0
Vigna mungo,species,Plants,DeePaC-vir,1.0
Vigna mungo,species,Plants,RNAVirHost,4.0
Vigna mungo,species,Plants,SPHAK,9.0
Vigna radiata,species,Plants,RNAVirHost,3.0
Vigna radiata,species,Plants,SPHAK,47.0
Vigna unguiculata,species,Plants,DeePaC-vir,10.0
Vigna unguiculata,species,Plants,Host Taxon Predictor,8.0
Vigna unguiculata,species,Plants,RNAVirHost,52.0
Vigna unguiculata,species,Plants,SPHAK,15.0
Vitis labrusca x Vitis vinifera,species,Plants,DeePaC-vir,2.0
Vitis labrusca x Vitis vinifera,species,Plants,RNAVirHost,1.0
Vitis sp.,species,Plants,DeePaC-vir,3.0
Vitis sp.,species,Plants,RNAVirHost,3.0
Vitis sp.,species,Plants,SPHAK,2.0
Vitis vinifera,species,Plants,DeePaC-vir,42.0
Vitis vinifera,species,Plants,Host Taxon Predictor,25.0
Vitis vinifera,species,Plants,RNAVirHost,235.0
Vitis vinifera,species,Plants,SPHAK,67.0
Viverridae,family,Mammals,GIVAL,5.0
Viverridae,family,Mammals,Host Taxon Predictor,10.0
Vulpes lagopus,species,Mammals,"HostNet (Rabies, VIPHOD)",178.0
Vulpes lagopus,species,Mammals,VIDHOP,198.0
Vulpes vulpes,species,Mammals,DeePaC-vir,2.0
Vulpes vulpes,species,Mammals,GIVAL,106.0
Vulpes vulpes,species,Mammals,Host Taxon Predictor,1.0
Vulpes vulpes,species,Mammals,"HostNet (Rabies, VIPHOD)",683.0
Vulpes vulpes,species,Mammals,RNAVirHost,5.0
Vulpes vulpes,species,Mammals,VIDHOP,703.0
Wissadula amplissima,species,Plants,DeePaC-vir,2.0
Wissadula amplissima,species,Plants,SPHAK,2.0
Wisteria sinensis,species,Plants,DeePaC-vir,1.0
Wisteria sinensis,species,Plants,Host Taxon Predictor,1.0
Wisteria sinensis,species,Plants,RNAVirHost,1.0
Xanthocnemis zealandica,species,Invertebrates,DeePaC-vir,2.0
Xanthocnemis zealandica,species,Invertebrates,Host Taxon Predictor,1.0
Xanthophyllomyces dendrorhous,species,Fungi,DeePaC-vir,2.0
Xanthophyllomyces dendrorhous,species,Fungi,Host Taxon Predictor,1.0
Xenopus laevis,species,Non-mammalian vertebrates,DeePaC-vir,1.0
Xenopus laevis,species,Non-mammalian vertebrates,Host Taxon Predictor,1.0
Zalophus californianus,species,Mammals,DeePaC-vir,10.0
Zalophus californianus,species,Mammals,Host Taxon Predictor,6.0
Zalophus californianus,species,Mammals,RNAVirHost,16.0
Zantedeschia aethiopica,species,Plants,DeePaC-vir,1.0
Zantedeschia aethiopica,species,Plants,Host Taxon Predictor,1.0
Zantedeschia aethiopica,species,Plants,RNAVirHost,2.0
Zanthoxylum armatum,species,Plants,RNAVirHost,6.0
Zanthoxylum armatum,species,Plants,SPHAK,2.0
Zea mays,species,Plants,DeePaC-vir,24.0
Zea mays,species,Plants,Host Taxon Predictor,10.0
Zea mays,species,Plants,RNAVirHost,124.0
Zea mays,species,Plants,SPHAK,125.0
Zinnia elegans,species,Plants,DeePaC-vir,1.0
Zinnia elegans,species,Plants,RNAVirHost,4.0
Zostera marina,species,Plants,DeePaC-vir,2.0
Zostera marina,species,Plants,Host Taxon Predictor,2.0
Zostera marina,species,Plants,RNAVirHost,2.0
Zygodontomys brevicauda,species,Mammals,DeePaC-vir,1.0
Zygodontomys brevicauda,species,Mammals,Host Taxon Predictor,1.0
Zygodontomys brevicauda,species,Mammals,RNAVirHost,1.0
