Tool,Original_label,Count,Detailed_scheme,Row,Rank,Group,Row_source,Resolved_species,Resolved_higher
DeepHoF,human,32464.0,Humans,Homo sapiens,species,Mammals,host_data,Homo sapiens,
RNAVirHost,Homo sapiens,4338.0,Humans,Homo sapiens,species,Mammals,host_data,Homo sapiens,
RNAVirHost,Sus scrofa,482.0,Ungulates,Sus scrofa,species,Mammals,host_data,Sus scrofa,
RNAVirHost,Bos taurus,294.0,Ungulates,Bos taurus,species,Mammals,host_data,Bos taurus,
RNAVirHost,Gallus gallus,269.0,Birds,Gallus gallus,species,Non-mammalian vertebrates,host_data,Gallus gallus,
RNAVirHost,Vitis vinifera,235.0,Plants,Vitis vinifera,species,Plants,host_data,Vitis vinifera,
RNAVirHost,Malus domestica,187.0,Plants,Malus domestica,species,Plants,host_data,Malus domestica,
RNAVirHost,Allium sativum,157.0,Plants,Allium sativum,species,Plants,host_data,Allium sativum,
RNAVirHost,Nicotiana benthamiana,132.0,Plants,Nicotiana benthamiana,species,Plants,host_data,Nicotiana benthamiana,
RNAVirHost,Chenopodium quinoa,114.0,Plants,Chenopodium quinoa,species,Plants,host_data,Chenopodium quinoa,
RNAVirHost,Zea mays,110.0,Plants,Zea mays,species,Plants,host_data,Zea mays,
RNAVirHost,Solanum lycopersicum,98.0,Plants,Solanum lycopersicum,species,Plants,host_data,Solanum lycopersicum,
RNAVirHost,Triticum aestivum,93.0,Plants,Triticum aestivum,species,Plants,host_data,Triticum aestivum,
RNAVirHost,Apis mellifera,86.0,Insects,Apis mellifera,species,Invertebrates,host_data,Apis mellifera,
RNAVirHost,Felis catus,83.0,Carnivores,Felis catus,species,Mammals,host_data,Felis catus,
RNAVirHost,Equus caballus,82.0,Other/unresolved mammals,Equus caballus,species,Mammals,host_data,Equus caballus,
RNAVirHost,Solanum tuberosum,81.0,Plants,Solanum tuberosum,species,Plants,host_data,Solanum tuberosum,
RNAVirHost,Nicotiana tabacum,80.0,Plants,Nicotiana tabacum,species,Plants,host_data,Nicotiana tabacum,
RNAVirHost,Boa constrictor,75.0,Reptiles,Boa constrictor,species,Non-mammalian vertebrates,host_data,Boa constrictor,
RNAVirHost,Aedes albopictus,72.0,Insects,Aedes albopictus,species,Invertebrates,host_data,Aedes albopictus,
RNAVirHost,Erysiphe necator,72.0,Fungi,Erysiphe necator,species,Fungi,host_data,Erysiphe necator,
RNAVirHost,Mus musculus,71.0,Rodents,Mus musculus,species,Mammals,host_data,Mus musculus,
RNAVirHost,Rattus norvegicus,67.0,Rodents,Rattus norvegicus,species,Mammals,host_data,Rattus norvegicus,
RNAVirHost,Phaseolus vulgaris,66.0,Plants,Phaseolus vulgaris,species,Plants,host_data,Phaseolus vulgaris,
RNAVirHost,Macaca mulatta,65.0,Non-human primates,Macaca mulatta,species,Mammals,host_data,Macaca mulatta,
RNAVirHost,Sclerotinia sclerotiorum,64.0,Fungi,Sclerotinia sclerotiorum,species,Fungi,host_data,Sclerotinia sclerotiorum,
RNAVirHost,Botrytis cinerea,62.0,Fungi,Botrytis cinerea,species,Fungi,host_data,Botrytis cinerea,
RNAVirHost,Canis lupus familiaris,58.0,Carnivores,Canis lupus,species,Mammals,host_data,Canis lupus,
RNAVirHost,Capra hircus,58.0,Ungulates,Capra hircus,species,Mammals,host_data,Capra hircus,
RNAVirHost,Oryza sativa,56.0,Plants,Oryza sativa,species,Plants,host_data,Oryza sativa,
RNAVirHost,Prunus persica,54.0,Plants,Prunus persica,species,Plants,host_data,Prunus persica,
RNAVirHost,Lactuca sativa,52.0,Plants,Lactuca sativa,species,Plants,host_data,Lactuca sativa,
RNAVirHost,Capsicum annuum,51.0,Plants,Capsicum annuum,species,Plants,host_data,Capsicum annuum,
RNAVirHost,Glycine max,51.0,Plants,Glycine max,species,Plants,host_data,Glycine max,
RNAVirHost,Ovis aries,51.0,Ungulates,Ovis aries,species,Mammals,host_data,Ovis aries,
RNAVirHost,Anas platyrhynchos,50.0,Birds,Anas platyrhynchos,species,Non-mammalian vertebrates,host_data,Anas platyrhynchos,
RNAVirHost,Nicotiana clevelandii,49.0,Plants,Nicotiana clevelandii,species,Plants,host_data,Nicotiana clevelandii,
RNAVirHost,Rhizoctonia solani,49.0,Fungi,Rhizoctonia solani,species,Fungi,host_data,Rhizoctonia solani,
RNAVirHost,Chlorocebus aethiops,47.0,Non-human primates,Chlorocebus aethiops,species,Mammals,host_data,Chlorocebus aethiops,
RNAVirHost,Cucumis sativus,47.0,Plants,Cucumis sativus,species,Plants,host_data,Cucumis sativus,
RNAVirHost,Hordeum vulgare,45.0,Plants,Hordeum vulgare,species,Plants,host_data,Hordeum vulgare,
RNAVirHost,Oncorhynchus tshawytscha,45.0,Fish,Oncorhynchus tshawytscha,species,Non-mammalian vertebrates,host_data,Oncorhynchus tshawytscha,
RNAVirHost,Vigna unguiculata,45.0,Plants,Vigna unguiculata,species,Plants,host_data,Vigna unguiculata,
RNAVirHost,Avena sativa,44.0,Plants,Avena sativa,species,Plants,host_data,Avena sativa,
RNAVirHost,Beta vulgaris,42.0,Plants,Beta vulgaris,species,Plants,host_data,Beta vulgaris,
RNAVirHost,Sus scrofa domesticus,42.0,Ungulates,Sus scrofa,species,Mammals,host_data,Sus scrofa,
RNAVirHost,Ipomoea batatas,41.0,Plants,Ipomoea batatas,species,Plants,host_data,Ipomoea batatas,
RNAVirHost,Prunus avium,41.0,Plants,Prunus avium,species,Plants,host_data,Prunus avium,
RNAVirHost,Theobroma cacao,40.0,Plants,Theobroma cacao,species,Plants,host_data,Theobroma cacao,
RNAVirHost,Cucumis melo,39.0,Plants,Cucumis melo,species,Plants,host_data,Cucumis melo,
RNAVirHost,Oryctolagus cuniculus,37.0,Other/unresolved mammals,Oryctolagus cuniculus,species,Mammals,host_data,Oryctolagus cuniculus,
RNAVirHost,Pimephales promelas,36.0,Fish,Pimephales promelas,species,Non-mammalian vertebrates,host_data,Pimephales promelas,
RNAVirHost,Pisum sativum,36.0,Plants,Pisum sativum,species,Plants,host_data,Pisum sativum,
RNAVirHost,Vicia faba,36.0,Plants,Vicia faba,species,Plants,host_data,Vicia faba,
RNAVirHost,Medicago sativa,34.0,Plants,Medicago sativa,species,Plants,host_data,Medicago sativa,
RNAVirHost,Rubus idaeus,34.0,Plants,Rubus idaeus,species,Plants,host_data,Rubus idaeus,
RNAVirHost,Rosellinia necatrix,33.0,Fungi,Rosellinia necatrix,species,Fungi,host_data,Rosellinia necatrix,
RNAVirHost,Chenopodium amaranticolor,31.0,Plants,Chenopodium amaranticolor,species,Plants,host_data,Chenopodium amaranticolor,
RNAVirHost,Cucurbita pepo,30.0,Plants,Cucurbita pepo,species,Plants,host_data,Cucurbita pepo,
RNAVirHost,Carica papaya,29.0,Plants,Carica papaya,species,Plants,host_data,Carica papaya,
RNAVirHost,Spinacia oleracea,29.0,Plants,Spinacia oleracea,species,Plants,host_data,Spinacia oleracea,
RNAVirHost,Trifolium pratense,29.0,Plants,Trifolium pratense,species,Plants,host_data,Trifolium pratense,
RNAVirHost,Eidolon helvum,28.0,Bats,Eidolon helvum,species,Mammals,host_data,Eidolon helvum,
RNAVirHost,Miniopterus schreibersii,28.0,Bats,Miniopterus schreibersii,species,Mammals,host_data,Miniopterus schreibersii,
RNAVirHost,Cryphonectria parasitica,27.0,Fungi,Cryphonectria parasitica,species,Fungi,host_data,Cryphonectria parasitica,
RNAVirHost,Culex annulirostris,27.0,Insects,Culex annulirostris,species,Invertebrates,host_data,Culex annulirostris,
RNAVirHost,Nicotiana glutinosa,26.0,Plants,Nicotiana glutinosa,species,Plants,host_data,Nicotiana glutinosa,
RNAVirHost,Culex quinquefasciatus,25.0,Insects,Culex quinquefasciatus,species,Invertebrates,host_data,Culex quinquefasciatus,
RNAVirHost,Ixodes uriae,25.0,Arachnids,Ixodes uriae,species,Invertebrates,host_data,Ixodes uriae,
RNAVirHost,Manihot esculenta,25.0,Plants,Manihot esculenta,species,Plants,host_data,Manihot esculenta,
RNAVirHost,Nicotiana occidentalis,25.0,Plants,Nicotiana occidentalis,species,Plants,host_data,Nicotiana occidentalis,
RNAVirHost,Bemisia tabaci,24.0,Insects,Bemisia tabaci,species,Invertebrates,host_data,Bemisia tabaci,
RNAVirHost,Citrullus lanatus subsp. vulgaris,23.0,Plants,Citrullus lanatus,species,Plants,host_data,Citrullus lanatus,
RNAVirHost,Oncorhynchus mykiss,23.0,Fish,Oncorhynchus mykiss,species,Non-mammalian vertebrates,host_data,Oncorhynchus mykiss,
RNAVirHost,Salmo salar,23.0,Fish,Salmo salar,species,Non-mammalian vertebrates,host_data,Salmo salar,
RNAVirHost,Culex tritaeniorhynchus,22.0,Insects,Culex tritaeniorhynchus,species,Invertebrates,host_data,Culex tritaeniorhynchus,
RNAVirHost,Lymantria dispar,22.0,Insects,Lymantria dispar,species,Invertebrates,host_data,Lymantria dispar,
RNAVirHost,Notemigonus crysoleucas,22.0,Fish,Notemigonus crysoleucas,species,Non-mammalian vertebrates,host_data,Notemigonus crysoleucas,
RNAVirHost,Papio cynocephalus,22.0,Non-human primates,Papio cynocephalus,species,Mammals,host_data,Papio cynocephalus,
RNAVirHost,Apodemus agrarius,21.0,Rodents,Apodemus agrarius,species,Mammals,host_data,Apodemus agrarius,
RNAVirHost,Ceratobasidium cereale,21.0,Fungi,Ceratobasidium cereale,species,Fungi,host_data,Ceratobasidium cereale,
RNAVirHost,Citrullus lanatus,21.0,Plants,Citrullus lanatus,species,Plants,host_data,Citrullus lanatus,
RNAVirHost,Ixodes scapularis,21.0,Arachnids,Ixodes scapularis,species,Invertebrates,host_data,Ixodes scapularis,
RNAVirHost,Odocoileus virginianus,21.0,Ungulates,Odocoileus virginianus,species,Mammals,host_data,Odocoileus virginianus,
RNAVirHost,Fragaria x ananassa,20.0,Plants,Fragaria x ananassa,species,Plants,host_data,Fragaria x ananassa,
RNAVirHost,Macrophomina phaseolina,20.0,Fungi,Macrophomina phaseolina,species,Fungi,host_data,Macrophomina phaseolina,
RNAVirHost,Sorghum bicolor,20.0,Plants,Sorghum bicolor,species,Plants,host_data,Sorghum bicolor,
RNAVirHost,Vaccinium corymbosum,20.0,Plants,Vaccinium corymbosum,species,Plants,host_data,Vaccinium corymbosum,
RNAVirHost,Botryosphaeria dothidea,19.0,Fungi,Botryosphaeria dothidea,species,Fungi,host_data,Botryosphaeria dothidea,
RNAVirHost,Colocasia esculenta,19.0,Plants,Colocasia esculenta,species,Plants,host_data,Colocasia esculenta,
RNAVirHost,Drosophila melanogaster,19.0,Insects,Drosophila melanogaster,species,Invertebrates,host_data,Drosophila melanogaster,
RNAVirHost,Fusarium poae,19.0,Fungi,Fusarium poae,species,Fungi,host_data,Fusarium poae,
RNAVirHost,Rhinolophus sinicus,19.0,Bats,Rhinolophus sinicus,species,Mammals,host_data,Rhinolophus sinicus,
RNAVirHost,Spodoptera exigua,19.0,Insects,Spodoptera exigua,species,Invertebrates,host_data,Spodoptera exigua,
RNAVirHost,Talpa europaea,19.0,Other/unresolved mammals,Talpa europaea,species,Mammals,host_data,Talpa europaea,
RNAVirHost,Citrus sinensis,18.0,Plants,Citrus sinensis,species,Plants,host_data,Citrus sinensis,
RNAVirHost,Datura stramonium,18.0,Plants,Datura stramonium,species,Plants,host_data,Datura stramonium,
RNAVirHost,Dendrolimus punctatus,18.0,Insects,Dendrolimus punctatus,species,Invertebrates,host_data,Dendrolimus punctatus,
RNAVirHost,Mastomys natalensis,18.0,Rodents,Mastomys natalensis,species,Mammals,host_data,Mastomys natalensis,
RNAVirHost,Petunia x hybrida,18.0,Plants,Petunia x hybrida,species,Plants,host_data,Petunia x hybrida,
RNAVirHost,Rhipicephalus microplus,18.0,Arachnids,Rhipicephalus microplus,species,Invertebrates,host_data,Rhipicephalus microplus,
RNAVirHost,Rousettus aegyptiacus,18.0,Bats,Rousettus aegyptiacus,species,Mammals,host_data,Rousettus aegyptiacus,
RNAVirHost,Arachis hypogaea,17.0,Plants,Arachis hypogaea,species,Plants,host_data,Arachis hypogaea,
RNAVirHost,Daucus carota,17.0,Plants,Daucus carota,species,Plants,host_data,Daucus carota,
RNAVirHost,Fusarium graminearum,17.0,Fungi,Fusarium graminearum,species,Fungi,host_data,Fusarium graminearum,
RNAVirHost,Myodes glareolus,17.0,Rodents,Myodes glareolus,species,Mammals,host_data,Myodes glareolus,
RNAVirHost,Scotophilus kuhlii,17.0,Bats,Scotophilus kuhlii,species,Mammals,host_data,Scotophilus kuhlii,
RNAVirHost,Ficus carica,16.0,Plants,Ficus carica,species,Plants,host_data,Ficus carica,
RNAVirHost,Marmota himalayana,16.0,Rodents,Marmota himalayana,species,Mammals,host_data,Marmota himalayana,
RNAVirHost,Raphanus sativus,16.0,Plants,Raphanus sativus,species,Plants,host_data,Raphanus sativus,
RNAVirHost,Saccharum officinarum,16.0,Plants,Saccharum officinarum,species,Plants,host_data,Saccharum officinarum,
RNAVirHost,Zalophus californianus,16.0,Carnivores,Zalophus californianus,species,Mammals,host_data,Zalophus californianus,
RNAVirHost,Anopheles annulipes,15.0,Insects,Anopheles annulipes,species,Invertebrates,host_data,Anopheles annulipes,
RNAVirHost,Anopheles sinensis,15.0,Insects,Anopheles sinensis,species,Invertebrates,host_data,Anopheles sinensis,
RNAVirHost,Dioscorea alata,15.0,Plants,Dioscorea alata,species,Plants,host_data,Dioscorea alata,
RNAVirHost,Mesocricetus auratus,15.0,Rodents,Mesocricetus auratus,species,Mammals,host_data,Mesocricetus auratus,
RNAVirHost,Nilaparvata lugens,15.0,Insects,Nilaparvata lugens,species,Invertebrates,host_data,Nilaparvata lugens,
RNAVirHost,Sapajus apella,15.0,Non-human primates,Sapajus apella,species,Mammals,host_data,Sapajus apella,
RNAVirHost,Solenopsis invicta,15.0,Insects,Solenopsis invicta,species,Invertebrates,host_data,Solenopsis invicta,
RNAVirHost,Apium graveolens,14.0,Plants,Apium graveolens,species,Plants,host_data,Apium graveolens,
RNAVirHost,Armigeres subalbatus,14.0,Insects,Armigeres subalbatus,species,Invertebrates,host_data,Armigeres subalbatus,
RNAVirHost,Callinectes sapidus,14.0,Other invertebrates,Callinectes sapidus,species,Invertebrates,host_data,Callinectes sapidus,
RNAVirHost,Helicoverpa armigera,14.0,Insects,Helicoverpa armigera,species,Invertebrates,host_data,Helicoverpa armigera,
RNAVirHost,Narcissus pseudonarcissus,14.0,Plants,Narcissus pseudonarcissus,species,Plants,host_data,Narcissus pseudonarcissus,
RNAVirHost,Nicotiana rustica,14.0,Plants,Nicotiana rustica,species,Plants,host_data,Nicotiana rustica,
RNAVirHost,Zea mays subsp. mays,14.0,Plants,Zea mays,species,Plants,host_data,Zea mays,
RNAVirHost,Arabidopsis thaliana,13.0,Plants,Arabidopsis thaliana,species,Plants,host_data,Arabidopsis thaliana,
RNAVirHost,Cajanus cajan,13.0,Plants,Cajanus cajan,species,Plants,host_data,Cajanus cajan,
RNAVirHost,Ctenopharyngodon idella,13.0,Fish,Ctenopharyngodon idella,species,Non-mammalian vertebrates,host_data,Ctenopharyngodon idella,
RNAVirHost,Culex tarsalis,13.0,Insects,Culex tarsalis,species,Invertebrates,host_data,Culex tarsalis,
RNAVirHost,Cynodon dactylon,13.0,Plants,Cynodon dactylon,species,Plants,host_data,Cynodon dactylon,
RNAVirHost,Homalodisca vitripennis,13.0,Insects,Homalodisca vitripennis,species,Invertebrates,host_data,Homalodisca vitripennis,
RNAVirHost,Meleagris gallopavo,13.0,Birds,Meleagris gallopavo,species,Non-mammalian vertebrates,host_data,Meleagris gallopavo,
RNAVirHost,Pyricularia oryzae,13.0,Fungi,Pyricularia oryzae,species,Fungi,host_data,Pyricularia oryzae,
RNAVirHost,Aedes aegypti,12.0,Insects,Aedes aegypti,species,Invertebrates,host_data,Aedes aegypti,
RNAVirHost,Ananas comosus,12.0,Plants,Ananas comosus,species,Plants,host_data,Ananas comosus,
RNAVirHost,Cicer arietinum,12.0,Plants,Cicer arietinum,species,Plants,host_data,Cicer arietinum,
RNAVirHost,Fragaria vesca,12.0,Plants,Fragaria vesca,species,Plants,host_data,Fragaria vesca,
RNAVirHost,Haemaphysalis flava,12.0,Arachnids,Haemaphysalis flava,species,Invertebrates,host_data,Haemaphysalis flava,
RNAVirHost,Hyalomma asiaticum,12.0,Arachnids,Hyalomma asiaticum,species,Invertebrates,host_data,Hyalomma asiaticum,
RNAVirHost,Hylaeamys megacephalus,12.0,Rodents,Hylaeamys megacephalus,species,Mammals,host_data,Hylaeamys megacephalus,
RNAVirHost,Morelia viridis,12.0,Reptiles,Morelia viridis,species,Non-mammalian vertebrates,host_data,Morelia viridis,
RNAVirHost,Prunus armeniaca,12.0,Plants,Prunus armeniaca,species,Plants,host_data,Prunus armeniaca,
RNAVirHost,Scophthalmus maximus,12.0,Fish,Scophthalmus maximus,species,Non-mammalian vertebrates,host_data,Scophthalmus maximus,
RNAVirHost,Chlorocebus pygerythrus,11.0,Non-human primates,Chlorocebus pygerythrus,species,Mammals,host_data,Chlorocebus pygerythrus,
RNAVirHost,Columba livia,11.0,Birds,Columba livia,species,Non-mammalian vertebrates,host_data,Columba livia,
RNAVirHost,Erinaceus europaeus,11.0,Other/unresolved mammals,Erinaceus europaeus,species,Mammals,host_data,Erinaceus europaeus,
RNAVirHost,Etheostoma fonticola,11.0,Fish,Etheostoma fonticola,species,Non-mammalian vertebrates,host_data,Etheostoma fonticola,
RNAVirHost,Linepithema humile,11.0,Insects,Linepithema humile,species,Invertebrates,host_data,Linepithema humile,
RNAVirHost,Lolium perenne,11.0,Plants,Lolium perenne,species,Plants,host_data,Lolium perenne,
RNAVirHost,Lutzomyia longipalpis,11.0,Insects,Lutzomyia longipalpis,species,Invertebrates,host_data,Lutzomyia longipalpis,
RNAVirHost,Micromonas pusilla,11.0,Plants,Micromonas pusilla,species,Plants,host_data,Micromonas pusilla,
RNAVirHost,Oncorhynchus keta,11.0,Fish,Oncorhynchus keta,species,Non-mammalian vertebrates,host_data,Oncorhynchus keta,
RNAVirHost,Oryza rufipogon,11.0,Plants,Oryza rufipogon,species,Plants,host_data,Oryza rufipogon,
RNAVirHost,Pteropus scapulatus,11.0,Bats,Pteropus scapulatus,species,Mammals,host_data,Pteropus scapulatus,
RNAVirHost,Rattus argentiventer,11.0,Rodents,Rattus argentiventer,species,Mammals,host_data,Rattus argentiventer,
RNAVirHost,Rattus tanezumi,11.0,Rodents,Rattus tanezumi,species,Mammals,host_data,Rattus tanezumi,
RNAVirHost,Solanum melongena,11.0,Plants,Solanum melongena,species,Plants,host_data,Solanum melongena,
RNAVirHost,Trifolium repens,11.0,Plants,Trifolium repens,species,Plants,host_data,Trifolium repens,
RNAVirHost,Ustilaginoidea virens,11.0,Fungi,Ustilaginoidea virens,species,Fungi,host_data,Ustilaginoidea virens,
RNAVirHost,Aedeomyia squamipennis,10.0,Insects,Aedeomyia squamipennis,species,Invertebrates,host_data,Aedeomyia squamipennis,
RNAVirHost,Antilocapra americana,10.0,Ungulates,Antilocapra americana,species,Mammals,host_data,Antilocapra americana,
RNAVirHost,Atheris squamigera,10.0,Reptiles,Atheris squamigera,species,Non-mammalian vertebrates,host_data,Atheris squamigera,
RNAVirHost,Beta vulgaris subsp. vulgaris,10.0,Plants,Beta vulgaris,species,Plants,host_data,Beta vulgaris,
RNAVirHost,Bipolaris maydis,10.0,Fungi,Bipolaris maydis,species,Fungi,host_data,Bipolaris maydis,
RNAVirHost,Chrysanthemum x morifolium,10.0,Plants,Chrysanthemum x morifolium,species,Plants,host_data,Chrysanthemum x morifolium,
RNAVirHost,Cronartium ribicola,10.0,Fungi,Cronartium ribicola,species,Fungi,host_data,Cronartium ribicola,
RNAVirHost,Cucurbita maxima,10.0,Plants,Cucurbita maxima,species,Plants,host_data,Cucurbita maxima,
RNAVirHost,Digitaria sanguinalis,10.0,Plants,Digitaria sanguinalis,species,Plants,host_data,Digitaria sanguinalis,
RNAVirHost,Eucampsipoda africana,10.0,Insects,Eucampsipoda africana,species,Invertebrates,host_data,Eucampsipoda africana,
RNAVirHost,Macaca fascicularis,10.0,Non-human primates,Macaca fascicularis,species,Mammals,host_data,Macaca fascicularis,
RNAVirHost,Oncorhynchus kisutch,10.0,Fish,Oncorhynchus kisutch,species,Non-mammalian vertebrates,host_data,Oncorhynchus kisutch,
RNAVirHost,Operophtera brumata,10.0,Insects,Operophtera brumata,species,Invertebrates,host_data,Operophtera brumata,
RNAVirHost,Paguma larvata,10.0,Carnivores,Paguma larvata,species,Mammals,host_data,Paguma larvata,
RNAVirHost,Pan troglodytes troglodytes,10.0,Non-human primates,Pan troglodytes,species,Mammals,host_data,Pan troglodytes,
RNAVirHost,Perca fluviatilis,10.0,Fish,Perca fluviatilis,species,Non-mammalian vertebrates,host_data,Perca fluviatilis,
RNAVirHost,Rhinolophus affinis,10.0,Bats,Rhinolophus affinis,species,Mammals,host_data,Rhinolophus affinis,
RNAVirHost,Rhizomys pruinosus,10.0,Rodents,Rhizomys pruinosus,species,Mammals,host_data,Rhizomys pruinosus,
RNAVirHost,Rousettus leschenaultii,10.0,Bats,Rousettus leschenaultii,species,Mammals,host_data,Rousettus leschenaultii,
RNAVirHost,Setaria verticillata,10.0,Plants,Setaria verticillata,species,Plants,host_data,Setaria verticillata,
RNAVirHost,Solanum nigrum,10.0,Plants,Solanum nigrum,species,Plants,host_data,Solanum nigrum,
RNAVirHost,Spissistilus festinus,10.0,Insects,Spissistilus festinus,species,Invertebrates,host_data,Spissistilus festinus,
RNAVirHost,Sus scrofa domestica,10.0,Ungulates,Sus scrofa,species,Mammals,host_data,Sus scrofa,
RNAVirHost,Trichoplusia ni,10.0,Insects,Trichoplusia ni,species,Invertebrates,host_data,Trichoplusia ni,
RNAVirHost,Trifolium incarnatum,10.0,Plants,Trifolium incarnatum,species,Plants,host_data,Trifolium incarnatum,
RNAVirHost,Aedes pseudoscutellaris,9.0,Insects,Aedes pseudoscutellaris,species,Invertebrates,host_data,Aedes pseudoscutellaris,
RNAVirHost,Alternaria alternata,9.0,Fungi,Alternaria alternata,species,Fungi,host_data,Alternaria alternata,
RNAVirHost,Camelus dromedarius,9.0,Ungulates,Camelus dromedarius,species,Mammals,host_data,Camelus dromedarius,
RNAVirHost,Cordyline fruticosa,9.0,Plants,Cordyline fruticosa,species,Plants,host_data,Cordyline fruticosa,
RNAVirHost,Cucurbita moschata,9.0,Plants,Cucurbita moschata,species,Plants,host_data,Cucurbita moschata,
RNAVirHost,Cynara cardunculus var. scolymus,9.0,Plants,Cynara cardunculus,species,Plants,host_data,Cynara cardunculus,
RNAVirHost,Frankliniella occidentalis,9.0,Insects,Frankliniella occidentalis,species,Invertebrates,host_data,Frankliniella occidentalis,
RNAVirHost,Microtus agrestis,9.0,Rodents,Microtus agrestis,species,Mammals,host_data,Microtus agrestis,
RNAVirHost,Microtus arvalis,9.0,Rodents,Microtus arvalis,species,Mammals,host_data,Microtus arvalis,
RNAVirHost,Myotis daubentonii,9.0,Bats,Myotis daubentonii,species,Mammals,host_data,Myotis daubentonii,
RNAVirHost,Odocoileus hemionus,9.0,Ungulates,Odocoileus hemionus,species,Mammals,host_data,Odocoileus hemionus,
RNAVirHost,Passiflora edulis,9.0,Plants,Passiflora edulis,species,Plants,host_data,Passiflora edulis,
RNAVirHost,Penaeus monodon,9.0,Other invertebrates,Penaeus monodon,species,Invertebrates,host_data,Penaeus monodon,
RNAVirHost,Prunus domestica,9.0,Plants,Prunus domestica,species,Plants,host_data,Prunus domestica,
RNAVirHost,Rhinolophus ferrumequinum,9.0,Bats,Rhinolophus ferrumequinum,species,Mammals,host_data,Rhinolophus ferrumequinum,
RNAVirHost,Ribes nigrum,9.0,Plants,Ribes nigrum,species,Plants,host_data,Ribes nigrum,
RNAVirHost,Actinidia chinensis,8.0,Plants,Actinidia chinensis,species,Plants,host_data,Actinidia chinensis,
RNAVirHost,Actinidia deliciosa,8.0,Plants,Actinidia deliciosa,species,Plants,host_data,Actinidia deliciosa,
RNAVirHost,Agave tequilana,8.0,Plants,Agave tequilana,species,Plants,host_data,Agave tequilana,
RNAVirHost,Arracacia xanthorrhiza,8.0,Plants,Arracacia xanthorrhiza,species,Plants,host_data,Arracacia xanthorrhiza,
RNAVirHost,Callithrix jacchus,8.0,Non-human primates,Callithrix jacchus,species,Mammals,host_data,Callithrix jacchus,
RNAVirHost,Choristoneura occidentalis,8.0,Insects,Choristoneura occidentalis,species,Invertebrates,host_data,Choristoneura occidentalis,
RNAVirHost,Culex sitiens,8.0,Insects,Culex sitiens,species,Invertebrates,host_data,Culex sitiens,
RNAVirHost,Daphnis nerii,8.0,Insects,Daphnis nerii,species,Invertebrates,host_data,Daphnis nerii,
RNAVirHost,Eptesicus fuscus,8.0,Bats,Eptesicus fuscus,species,Mammals,host_data,Eptesicus fuscus,
RNAVirHost,Gadus morhua,8.0,Fish,Gadus morhua,species,Non-mammalian vertebrates,host_data,Gadus morhua,
RNAVirHost,Helianthus annuus,8.0,Plants,Helianthus annuus,species,Plants,host_data,Helianthus annuus,
RNAVirHost,Hipposideros armiger,8.0,Bats,Hipposideros armiger,species,Mammals,host_data,Hipposideros armiger,
RNAVirHost,Lagenaria siceraria,8.0,Plants,Lagenaria siceraria,species,Plants,host_data,Lagenaria siceraria,
RNAVirHost,Nicotiana occidentalis subsp. hesperis,8.0,Plants,Nicotiana occidentalis,species,Plants,host_data,Nicotiana occidentalis,
RNAVirHost,Olea europaea,8.0,Plants,Olea europaea,species,Plants,host_data,Olea europaea,
RNAVirHost,Penicillium janczewskii,8.0,Fungi,Penicillium janczewskii,species,Fungi,host_data,Penicillium janczewskii,
RNAVirHost,Rosa multiflora,8.0,Plants,Rosa multiflora,species,Plants,host_data,Rosa multiflora,
RNAVirHost,Rosa sp.,8.0,Plants,Rosa sp.,species,Plants,host_data,Rosa sp.,
RNAVirHost,Salmo trutta,8.0,Fish,Salmo trutta,species,Non-mammalian vertebrates,host_data,Salmo trutta,
RNAVirHost,Solanum muricatum,8.0,Plants,Solanum muricatum,species,Plants,host_data,Solanum muricatum,
RNAVirHost,Somateria mollissima,8.0,Birds,Somateria mollissima,species,Non-mammalian vertebrates,host_data,Somateria mollissima,
RNAVirHost,Sorex araneus,8.0,Other/unresolved mammals,Sorex araneus,species,Mammals,host_data,Sorex araneus,
RNAVirHost,Sorghum halepense,8.0,Plants,Sorghum halepense,species,Plants,host_data,Sorghum halepense,
RNAVirHost,Antennarius striatus,7.0,Fish,Antennarius striatus,species,Non-mammalian vertebrates,host_data,Antennarius striatus,
RNAVirHost,Bombyx mori,7.0,Insects,Bombyx mori,species,Invertebrates,host_data,Bombyx mori,
RNAVirHost,Brassica rapa,7.0,Plants,Brassica rapa,species,Plants,host_data,Brassica rapa,
RNAVirHost,Caluromys philander,7.0,Other/unresolved mammals,Caluromys philander,species,Mammals,host_data,Caluromys philander,
RNAVirHost,Camellia sinensis,7.0,Plants,Camellia sinensis,species,Plants,host_data,Camellia sinensis,
RNAVirHost,Colletotrichum fructicola,7.0,Fungi,Colletotrichum fructicola,species,Fungi,host_data,Colletotrichum fructicola,
RNAVirHost,Crocidura shantungensis,7.0,Other/unresolved mammals,Crocidura shantungensis,species,Mammals,host_data,Crocidura shantungensis,
RNAVirHost,Culex pipiens,7.0,Insects,Culex pipiens,species,Invertebrates,host_data,Culex pipiens,
RNAVirHost,Diadromus pulchellus,7.0,Insects,Diadromus pulchellus,species,Invertebrates,host_data,Diadromus pulchellus,
RNAVirHost,Dianthus caryophyllus,7.0,Plants,Dianthus caryophyllus,species,Plants,host_data,Dianthus caryophyllus,
RNAVirHost,Erysiphe trifoliorum,7.0,Fungi,Erysiphe trifoliorum,species,Fungi,host_data,Erysiphe trifoliorum,
RNAVirHost,Heterobasidion parviporum,7.0,Fungi,Heterobasidion parviporum,species,Fungi,host_data,Heterobasidion parviporum,
RNAVirHost,Hipposideros pomona,7.0,Bats,Hipposideros pomona,species,Mammals,host_data,Hipposideros pomona,
RNAVirHost,Hyalopterus pruni,7.0,Insects,Hyalopterus pruni,species,Invertebrates,host_data,Hyalopterus pruni,
RNAVirHost,Lablab purpureus,7.0,Plants,Lablab purpureus,species,Plants,host_data,Lablab purpureus,
RNAVirHost,Lens culinaris,7.0,Plants,Lens culinaris,species,Plants,host_data,Lens culinaris,
RNAVirHost,Mandrillus sphinx,7.0,Non-human primates,Mandrillus sphinx,species,Mammals,host_data,Mandrillus sphinx,
RNAVirHost,Mustela putorius furo,7.0,Carnivores,Mustela putorius,species,Mammals,host_data,Mustela putorius,
RNAVirHost,Pan troglodytes,7.0,Non-human primates,Pan troglodytes,species,Mammals,host_data,Pan troglodytes,
RNAVirHost,Pipistrellus abramus,7.0,Bats,Pipistrellus abramus,species,Mammals,host_data,Pipistrellus abramus,
RNAVirHost,Prunus salicina,7.0,Plants,Prunus salicina,species,Plants,host_data,Prunus salicina,
RNAVirHost,Pyrus communis,7.0,Plants,Pyrus communis,species,Plants,host_data,Pyrus communis,
RNAVirHost,Robinia pseudoacacia,7.0,Plants,Robinia pseudoacacia,species,Plants,host_data,Robinia pseudoacacia,
RNAVirHost,Saccharomyces cerevisiae,7.0,Fungi,Saccharomyces cerevisiae,species,Fungi,host_data,Saccharomyces cerevisiae,
RNAVirHost,Setaria italica,7.0,Plants,Setaria italica,species,Plants,host_data,Setaria italica,
RNAVirHost,Trichosurus vulpecula,7.0,Other/unresolved mammals,Trichosurus vulpecula,species,Mammals,host_data,Trichosurus vulpecula,
RNAVirHost,Allium cepa,6.0,Plants,Allium cepa,species,Plants,host_data,Allium cepa,
RNAVirHost,Aspergillus fumigatus,6.0,Fungi,Aspergillus fumigatus,species,Fungi,host_data,Aspergillus fumigatus,
RNAVirHost,Avena sp.,6.0,Plants,Avena sp.,species,Plants,host_data,Avena sp.,
RNAVirHost,Benincasa hispida,6.0,Plants,Benincasa hispida,species,Plants,host_data,Benincasa hispida,
RNAVirHost,Chenopodiastrum murale,6.0,Plants,Chenopodiastrum murale,species,Plants,host_data,Chenopodiastrum murale,
RNAVirHost,Chlorocebus sabaeus,6.0,Non-human primates,Chlorocebus sabaeus,species,Mammals,host_data,Chlorocebus sabaeus,
RNAVirHost,Citrus reticulata,6.0,Plants,Citrus reticulata,species,Plants,host_data,Citrus reticulata,
RNAVirHost,Coriandrum sativum,6.0,Plants,Coriandrum sativum,species,Plants,host_data,Coriandrum sativum,
RNAVirHost,Crocidura lasiura,6.0,Other/unresolved mammals,Crocidura lasiura,species,Mammals,host_data,Crocidura lasiura,
RNAVirHost,Culex nebulosus,6.0,Insects,Culex nebulosus,species,Invertebrates,host_data,Culex nebulosus,
RNAVirHost,Desmodus rotundus,6.0,Bats,Desmodus rotundus,species,Mammals,host_data,Desmodus rotundus,
RNAVirHost,Dioscorea opposita,6.0,Plants,Dioscorea opposita,species,Plants,host_data,Dioscorea opposita,
RNAVirHost,Dioscorea rotundata,6.0,Plants,Dioscorea rotundata,species,Plants,host_data,Dioscorea rotundata,
RNAVirHost,Fragaria chiloensis,6.0,Plants,Fragaria chiloensis,species,Plants,host_data,Fragaria chiloensis,
RNAVirHost,Fusarium asiaticum,6.0,Fungi,Fusarium asiaticum,species,Fungi,host_data,Fusarium asiaticum,
RNAVirHost,Gremmeniella abietina,6.0,Fungi,Gremmeniella abietina,species,Fungi,host_data,Gremmeniella abietina,
RNAVirHost,Haemaphysalis hystricis,6.0,Arachnids,Haemaphysalis hystricis,species,Invertebrates,host_data,Haemaphysalis hystricis,
RNAVirHost,Hardenbergia comptoniana,6.0,Plants,Hardenbergia comptoniana,species,Plants,host_data,Hardenbergia comptoniana,
RNAVirHost,Heterobasidion annosum,6.0,Fungi,Heterobasidion annosum,species,Fungi,host_data,Heterobasidion annosum,
RNAVirHost,Heterodera glycines,6.0,Other invertebrates,Heterodera glycines,species,Invertebrates,host_data,Heterodera glycines,
RNAVirHost,Humulus lupulus,6.0,Plants,Humulus lupulus,species,Plants,host_data,Humulus lupulus,
RNAVirHost,Hydrangea macrophylla,6.0,Plants,Hydrangea macrophylla,species,Plants,host_data,Hydrangea macrophylla,
RNAVirHost,Lasius neglectus,6.0,Insects,Lasius neglectus,species,Invertebrates,host_data,Lasius neglectus,
RNAVirHost,Lepus europaeus,6.0,Other/unresolved mammals,Lepus europaeus,species,Mammals,host_data,Lepus europaeus,
RNAVirHost,Ligustrum japonicum,6.0,Plants,Ligustrum japonicum,species,Plants,host_data,Ligustrum japonicum,
RNAVirHost,Macrobrachium rosenbergii,6.0,Other invertebrates,Macrobrachium rosenbergii,species,Invertebrates,host_data,Macrobrachium rosenbergii,
RNAVirHost,Miniopterus fuliginosus,6.0,Bats,Miniopterus fuliginosus,species,Mammals,host_data,Miniopterus fuliginosus,
RNAVirHost,Momordica charantia,6.0,Plants,Momordica charantia,species,Plants,host_data,Momordica charantia,
RNAVirHost,Musa acuminata,6.0,Plants,Musa acuminata,species,Plants,host_data,Musa acuminata,
RNAVirHost,Musa sp.,6.0,Plants,Musa sp.,species,Plants,host_data,Musa sp.,
RNAVirHost,Ochlerotatus fulvus,6.0,Insects,Ochlerotatus fulvus,species,Invertebrates,host_data,Ochlerotatus fulvus,
RNAVirHost,Opuntia ficus-indica,6.0,Plants,Opuntia ficus-indica,species,Plants,host_data,Opuntia ficus-indica,
RNAVirHost,Oryzomys sp.,6.0,Rodents,Oryzomys sp.,species,Mammals,host_data,Oryzomys sp.,
RNAVirHost,Pan troglodytes schweinfurthii,6.0,Non-human primates,Pan troglodytes,species,Mammals,host_data,Pan troglodytes,
RNAVirHost,Papio anubis,6.0,Non-human primates,Papio anubis,species,Mammals,host_data,Papio anubis,
RNAVirHost,Pelargonium zonale,6.0,Plants,Pelargonium zonale,species,Plants,host_data,Pelargonium zonale,
RNAVirHost,Penaeus vannamei,6.0,Other invertebrates,Penaeus vannamei,species,Invertebrates,host_data,Penaeus vannamei,
RNAVirHost,Persea americana,6.0,Plants,Persea americana,species,Plants,host_data,Persea americana,
RNAVirHost,Phlebotomus perfiliewi,6.0,Insects,Phlebotomus perfiliewi,species,Invertebrates,host_data,Phlebotomus perfiliewi,
RNAVirHost,Phoca vitulina,6.0,Carnivores,Phoca vitulina,species,Mammals,host_data,Phoca vitulina,
RNAVirHost,Puma concolor,6.0,Carnivores,Puma concolor,species,Mammals,host_data,Puma concolor,
RNAVirHost,Python regius,6.0,Reptiles,Python regius,species,Non-mammalian vertebrates,host_data,Python regius,
RNAVirHost,Rhinolophus pusillus,6.0,Bats,Rhinolophus pusillus,species,Mammals,host_data,Rhinolophus pusillus,
RNAVirHost,Rhizoctonia solani AG-1 IA,6.0,Fungi,Rhizoctonia solani,species,Fungi,host_data,Rhizoctonia solani,
RNAVirHost,Sambucus nigra,6.0,Plants,Sambucus nigra,species,Plants,host_data,Sambucus nigra,
RNAVirHost,Solanum quitoense,6.0,Plants,Solanum quitoense,species,Plants,host_data,Solanum quitoense,
RNAVirHost,Varroa destructor,6.0,Arachnids,Varroa destructor,species,Invertebrates,host_data,Varroa destructor,
RNAVirHost,Zanthoxylum armatum,6.0,Plants,Zanthoxylum armatum,species,Plants,host_data,Zanthoxylum armatum,
RNAVirHost,Aedes vexans,5.0,Insects,Aedes vexans,species,Invertebrates,host_data,Aedes vexans,
RNAVirHost,Allium ampeloprasum,5.0,Plants,Allium ampeloprasum,species,Plants,host_data,Allium ampeloprasum,
RNAVirHost,Anethum graveolens,5.0,Plants,Anethum graveolens,species,Plants,host_data,Anethum graveolens,
RNAVirHost,Anopheles funestus,5.0,Insects,Anopheles funestus,species,Invertebrates,host_data,Anopheles funestus,
RNAVirHost,Anourosorex squamipes,5.0,Other/unresolved mammals,Anourosorex squamipes,species,Mammals,host_data,Anourosorex squamipes,
RNAVirHost,Aspergillus foetidus,5.0,Fungi,Aspergillus foetidus,species,Fungi,host_data,Aspergillus foetidus,
RNAVirHost,Bipolaris victoriae,5.0,Fungi,Bipolaris victoriae,species,Fungi,host_data,Bipolaris victoriae,
RNAVirHost,Brassica oleracea,5.0,Plants,Brassica oleracea,species,Plants,host_data,Brassica oleracea,
RNAVirHost,Catharanthus roseus,5.0,Plants,Catharanthus roseus,species,Plants,host_data,Catharanthus roseus,
RNAVirHost,Ceratobasidium sp.,5.0,Fungi,Ceratobasidium sp.,species,Fungi,host_data,Ceratobasidium sp.,
RNAVirHost,Cercis canadensis,5.0,Plants,Cercis canadensis,species,Plants,host_data,Cercis canadensis,
RNAVirHost,Citrus limon,5.0,Plants,Citrus limon,species,Plants,host_data,Citrus limon,
RNAVirHost,Coracias garrulus,5.0,Birds,Coracias garrulus,species,Non-mammalian vertebrates,host_data,Coracias garrulus,
RNAVirHost,Culex bitaeniorhynchus,5.0,Insects,Culex bitaeniorhynchus,species,Invertebrates,host_data,Culex bitaeniorhynchus,
RNAVirHost,Culex decens,5.0,Insects,Culex decens,species,Invertebrates,host_data,Culex decens,
RNAVirHost,Culex globocoxitus,5.0,Insects,Culex globocoxitus,species,Invertebrates,host_data,Culex globocoxitus,
RNAVirHost,Culex vishnui,5.0,Insects,Culex vishnui,species,Invertebrates,host_data,Culex vishnui,
RNAVirHost,Dermacentor marginatus,5.0,Arachnids,Dermacentor marginatus,species,Invertebrates,host_data,Dermacentor marginatus,
RNAVirHost,Diaphorina citri,5.0,Insects,Diaphorina citri,species,Invertebrates,host_data,Diaphorina citri,
RNAVirHost,Dioscorea polystachya,5.0,Plants,Dioscorea polystachya,species,Plants,host_data,Dioscorea polystachya,
RNAVirHost,Equus asinus,5.0,Other/unresolved mammals,Equus asinus,species,Mammals,host_data,Equus asinus,
RNAVirHost,Gigaspora margarita,5.0,Fungi,Gigaspora margarita,species,Fungi,host_data,Gigaspora margarita,
RNAVirHost,Gorilla gorilla gorilla,5.0,Non-human primates,Gorilla gorilla,species,Mammals,host_data,Gorilla gorilla,
RNAVirHost,Hyalomma dromedarii,5.0,Arachnids,Hyalomma dromedarii,species,Invertebrates,host_data,Hyalomma dromedarii,
RNAVirHost,Jasminum sambac,5.0,Plants,Jasminum sambac,species,Plants,host_data,Jasminum sambac,
RNAVirHost,Luffa aegyptiaca,5.0,Plants,Luffa aegyptiaca,species,Plants,host_data,Luffa aegyptiaca,
RNAVirHost,Lynx rufus,5.0,Carnivores,Lynx rufus,species,Mammals,host_data,Lynx rufus,
RNAVirHost,Malus sylvestris,5.0,Plants,Malus sylvestris,species,Plants,host_data,Malus sylvestris,
RNAVirHost,Mansonia uniformis,5.0,Insects,Mansonia uniformis,species,Invertebrates,host_data,Mansonia uniformis,
RNAVirHost,Musca domestica,5.0,Insects,Musca domestica,species,Invertebrates,host_data,Musca domestica,
RNAVirHost,Neoscona nautica,5.0,Arachnids,Neoscona nautica,species,Invertebrates,host_data,Neoscona nautica,
RNAVirHost,Ophiostoma novo-ulmi,5.0,Fungi,Ophiostoma novo-ulmi,species,Fungi,host_data,Ophiostoma novo-ulmi,
RNAVirHost,Pelodiscus sinensis,5.0,Reptiles,Pelodiscus sinensis,species,Non-mammalian vertebrates,host_data,Pelodiscus sinensis,
RNAVirHost,Penicillium aurantiogriseum,5.0,Fungi,Penicillium aurantiogriseum,species,Fungi,host_data,Penicillium aurantiogriseum,
RNAVirHost,Penicillium digitatum,5.0,Fungi,Penicillium digitatum,species,Fungi,host_data,Penicillium digitatum,
RNAVirHost,Physalis peruviana,5.0,Plants,Physalis peruviana,species,Plants,host_data,Physalis peruviana,
RNAVirHost,Ploceus cucullatus,5.0,Birds,Ploceus cucullatus,species,Non-mammalian vertebrates,host_data,Ploceus cucullatus,
RNAVirHost,Prunus mume,5.0,Plants,Prunus mume,species,Plants,host_data,Prunus mume,
RNAVirHost,Rattus andamanensis,5.0,Rodents,Rattus andamanensis,species,Mammals,host_data,Rattus andamanensis,
RNAVirHost,Ribes rubrum,5.0,Plants,Ribes rubrum,species,Plants,host_data,Ribes rubrum,
RNAVirHost,Rubus occidentalis,5.0,Plants,Rubus occidentalis,species,Plants,host_data,Rubus occidentalis,
RNAVirHost,Saccharomyces cerevisiae W303,5.0,Fungi,Saccharomyces cerevisiae,species,Fungi,host_data,Saccharomyces cerevisiae,
RNAVirHost,Sigmodon alstoni,5.0,Rodents,Sigmodon alstoni,species,Mammals,host_data,Sigmodon alstoni,
RNAVirHost,Solanum phureja,5.0,Plants,Solanum phureja,species,Plants,host_data,Solanum phureja,
RNAVirHost,Syringa vulgaris,5.0,Plants,Syringa vulgaris,species,Plants,host_data,Syringa vulgaris,
RNAVirHost,Thaumetopoea pityocampa,5.0,Insects,Thaumetopoea pityocampa,species,Invertebrates,host_data,Thaumetopoea pityocampa,
RNAVirHost,Trifolium subterraneum,5.0,Plants,Trifolium subterraneum,species,Plants,host_data,Trifolium subterraneum,
RNAVirHost,Vigna unguiculata subsp. sesquipedalis,5.0,Plants,Vigna unguiculata,species,Plants,host_data,Vigna unguiculata,
RNAVirHost,Vulpes vulpes,5.0,Carnivores,Vulpes vulpes,species,Mammals,host_data,Vulpes vulpes,
RNAVirHost,Abelmoschus esculentus,4.0,Plants,Abelmoschus esculentus,species,Plants,host_data,Abelmoschus esculentus,
RNAVirHost,Allium chinense,4.0,Plants,Allium chinense,species,Plants,host_data,Allium chinense,
RNAVirHost,Anopheles gambiae,4.0,Insects,Anopheles gambiae,species,Invertebrates,host_data,Anopheles gambiae,
RNAVirHost,Anopheles meraukensis,4.0,Insects,Anopheles meraukensis,species,Invertebrates,host_data,Anopheles meraukensis,
RNAVirHost,Anser sp.,4.0,Birds,Anser sp.,species,Non-mammalian vertebrates,host_data,Anser sp.,
RNAVirHost,Apodemus chevrieri,4.0,Rodents,Apodemus chevrieri,species,Mammals,host_data,Apodemus chevrieri,
RNAVirHost,Apodemus sylvaticus,4.0,Rodents,Apodemus sylvaticus,species,Mammals,host_data,Apodemus sylvaticus,
RNAVirHost,Arachis pintoi,4.0,Plants,Arachis pintoi,species,Plants,host_data,Arachis pintoi,
RNAVirHost,Areca catechu,4.0,Plants,Areca catechu,species,Plants,host_data,Areca catechu,
RNAVirHost,Argas reflexus,4.0,Arachnids,Argas reflexus,species,Invertebrates,host_data,Argas reflexus,
RNAVirHost,Atherigona orientalis,4.0,Insects,Atherigona orientalis,species,Invertebrates,host_data,Atherigona orientalis,
RNAVirHost,Bidens pilosa,4.0,Plants,Bidens pilosa,species,Plants,host_data,Bidens pilosa,
RNAVirHost,Biomphalaria glabrata,4.0,Other invertebrates,Biomphalaria glabrata,species,Invertebrates,host_data,Biomphalaria glabrata,
RNAVirHost,Caenorhabditis briggsae,4.0,Other invertebrates,Caenorhabditis briggsae,species,Invertebrates,host_data,Caenorhabditis briggsae,
RNAVirHost,Capsicum frutescens,4.0,Plants,Capsicum frutescens,species,Plants,host_data,Capsicum frutescens,
RNAVirHost,Carollia perspicillata,4.0,Bats,Carollia perspicillata,species,Mammals,host_data,Carollia perspicillata,
RNAVirHost,Chenopodium album,4.0,Plants,Chenopodium album,species,Plants,host_data,Chenopodium album,
RNAVirHost,Citrus volkameriana,4.0,Plants,Citrus volkameriana,species,Plants,host_data,Citrus volkameriana,
RNAVirHost,Cordyceps javanica,4.0,Fungi,Cordyceps javanica,species,Fungi,host_data,Cordyceps javanica,
RNAVirHost,Cryphonectria nitschkei,4.0,Fungi,Cryphonectria nitschkei,species,Fungi,host_data,Cryphonectria nitschkei,
RNAVirHost,Cucumis sativus var. sativus,4.0,Plants,Cucumis sativus,species,Plants,host_data,Cucumis sativus,
RNAVirHost,Culex australicus,4.0,Insects,Culex australicus,species,Invertebrates,host_data,Culex australicus,
RNAVirHost,Culiseta melanura,4.0,Insects,Culiseta melanura,species,Invertebrates,host_data,Culiseta melanura,
RNAVirHost,Cyprinus carpio,4.0,Fish,Cyprinus carpio,species,Non-mammalian vertebrates,host_data,Cyprinus carpio,
RNAVirHost,Dactylis glomerata,4.0,Plants,Dactylis glomerata,species,Plants,host_data,Dactylis glomerata,
RNAVirHost,Dioscorea trifida,4.0,Plants,Dioscorea trifida,species,Plants,host_data,Dioscorea trifida,
RNAVirHost,Discula destructiva,4.0,Fungi,Discula destructiva,species,Fungi,host_data,Discula destructiva,
RNAVirHost,Eothenomys miletus,4.0,Rodents,Eothenomys miletus,species,Mammals,host_data,Eothenomys miletus,
RNAVirHost,Fusarium oxysporum f. sp. dianthi,4.0,Fungi,Fusarium oxysporum,species,Fungi,host_data,Fusarium oxysporum,
RNAVirHost,Halyomorpha halys,4.0,Insects,Halyomorpha halys,species,Invertebrates,host_data,Halyomorpha halys,
RNAVirHost,Hibiscus rosa-sinensis,4.0,Plants,Hibiscus rosa-sinensis,species,Plants,host_data,Hibiscus rosa-sinensis,
RNAVirHost,Hipposideros larvatus,4.0,Bats,Hipposideros larvatus,species,Mammals,host_data,Hipposideros larvatus,
RNAVirHost,Luffa acutangula,4.0,Plants,Luffa acutangula,species,Plants,host_data,Luffa acutangula,
RNAVirHost,Mentha x gracilis,4.0,Plants,Mentha x gracilis,species,Plants,host_data,Mentha x gracilis,
RNAVirHost,Micaelamys namaquensis,4.0,Rodents,Micaelamys namaquensis,species,Mammals,host_data,Micaelamys namaquensis,
RNAVirHost,Microtus fortis,4.0,Rodents,Microtus fortis,species,Mammals,host_data,Microtus fortis,
RNAVirHost,Microtus maximowiczii,4.0,Rodents,Microtus maximowiczii,species,Mammals,host_data,Microtus maximowiczii,
RNAVirHost,Miniopterus pusillus,4.0,Bats,Miniopterus pusillus,species,Mammals,host_data,Miniopterus pusillus,
RNAVirHost,Morus alba,4.0,Plants,Morus alba,species,Plants,host_data,Morus alba,
RNAVirHost,Murina leucogaster,4.0,Bats,Murina leucogaster,species,Mammals,host_data,Murina leucogaster,
RNAVirHost,Myotis myotis,4.0,Bats,Myotis myotis,species,Mammals,host_data,Myotis myotis,
RNAVirHost,Myotis ricketti,4.0,Bats,Myotis ricketti,species,Mammals,host_data,Myotis ricketti,
RNAVirHost,Nicotiana debneyi,4.0,Plants,Nicotiana debneyi,species,Plants,host_data,Nicotiana debneyi,
RNAVirHost,Panthera leo,4.0,Carnivores,Panthera leo,species,Mammals,host_data,Panthera leo,
RNAVirHost,Papaver somniferum,4.0,Plants,Papaver somniferum,species,Plants,host_data,Papaver somniferum,
RNAVirHost,Penicillium chrysogenum,4.0,Fungi,Penicillium chrysogenum,species,Fungi,host_data,Penicillium chrysogenum,
RNAVirHost,Penicillium stoloniferum,4.0,Fungi,Penicillium stoloniferum,species,Fungi,host_data,Penicillium stoloniferum,
RNAVirHost,Peromyscus maniculatus,4.0,Rodents,Peromyscus maniculatus,species,Mammals,host_data,Peromyscus maniculatus,
RNAVirHost,Phascolarctos cinereus,4.0,Other/unresolved mammals,Phascolarctos cinereus,species,Mammals,host_data,Phascolarctos cinereus,
RNAVirHost,Phytolacca americana,4.0,Plants,Phytolacca americana,species,Plants,host_data,Phytolacca americana,
RNAVirHost,Pinellia ternata,4.0,Plants,Pinellia ternata,species,Plants,host_data,Pinellia ternata,
RNAVirHost,Pipistrellus pipistrellus,4.0,Bats,Pipistrellus pipistrellus,species,Mammals,host_data,Pipistrellus pipistrellus,
RNAVirHost,Plantago asiatica,4.0,Plants,Plantago asiatica,species,Plants,host_data,Plantago asiatica,
RNAVirHost,Plantago major,4.0,Plants,Plantago major,species,Plants,host_data,Plantago major,
RNAVirHost,Prunus dulcis,4.0,Plants,Prunus dulcis,species,Plants,host_data,Prunus dulcis,
RNAVirHost,Psammotettix alienus,4.0,Insects,Psammotettix alienus,species,Invertebrates,host_data,Psammotettix alienus,
RNAVirHost,Pteropus giganteus,4.0,Bats,Pteropus giganteus,species,Mammals,host_data,Pteropus giganteus,
RNAVirHost,Rattus rattus,4.0,Rodents,Rattus rattus,species,Mammals,host_data,Rattus rattus,
RNAVirHost,Rehmannia glutinosa,4.0,Plants,Rehmannia glutinosa,species,Plants,host_data,Rehmannia glutinosa,
RNAVirHost,Sogatella furcifera,4.0,Insects,Sogatella furcifera,species,Invertebrates,host_data,Sogatella furcifera,
RNAVirHost,Sooretamys angouya,4.0,Rodents,Sooretamys angouya,species,Mammals,host_data,Sooretamys angouya,
RNAVirHost,Sorbus aucuparia,4.0,Plants,Sorbus aucuparia,species,Plants,host_data,Sorbus aucuparia,
RNAVirHost,Stemphylium lycopersici,4.0,Fungi,Stemphylium lycopersici,species,Fungi,host_data,Stemphylium lycopersici,
RNAVirHost,Suncus murinus,4.0,Other/unresolved mammals,Suncus murinus,species,Mammals,host_data,Suncus murinus,
RNAVirHost,Taphozous melanopogon,4.0,Bats,Taphozous melanopogon,species,Mammals,host_data,Taphozous melanopogon,
RNAVirHost,Trichoderma harzianum,4.0,Fungi,Trichoderma harzianum,species,Fungi,host_data,Trichoderma harzianum,
RNAVirHost,Verticillium dahliae,4.0,Fungi,Verticillium dahliae,species,Fungi,host_data,Verticillium dahliae,
RNAVirHost,Vicia sativa,4.0,Plants,Vicia sativa,species,Plants,host_data,Vicia sativa,
RNAVirHost,Vigna mungo,4.0,Plants,Vigna mungo,species,Plants,host_data,Vigna mungo,
RNAVirHost,Zinnia elegans,4.0,Plants,Zinnia elegans,species,Plants,host_data,Zinnia elegans,
RNAVirHost,Aedes circumluteolus,3.0,Insects,Aedes circumluteolus,species,Invertebrates,host_data,Aedes circumluteolus,
RNAVirHost,Aedes vexans nipponii,3.0,Insects,Aedes vexans,species,Invertebrates,host_data,Aedes vexans,
RNAVirHost,Ageratum houstonianum,3.0,Plants,Ageratum houstonianum,species,Plants,host_data,Ageratum houstonianum,
RNAVirHost,Alcea rosea,3.0,Plants,Alcea rosea,species,Plants,host_data,Alcea rosea,
RNAVirHost,Amblyomma americanum,3.0,Arachnids,Amblyomma americanum,species,Invertebrates,host_data,Amblyomma americanum,
RNAVirHost,Ameiva ameiva,3.0,Reptiles,Ameiva ameiva,species,Non-mammalian vertebrates,host_data,Ameiva ameiva,
RNAVirHost,Anopheles vagus,3.0,Insects,Anopheles vagus,species,Invertebrates,host_data,Anopheles vagus,
RNAVirHost,Aphis fabae,3.0,Insects,Aphis fabae,species,Invertebrates,host_data,Aphis fabae,
RNAVirHost,Apodemus flavicollis,3.0,Rodents,Apodemus flavicollis,species,Mammals,host_data,Apodemus flavicollis,
RNAVirHost,Argas miniatus,3.0,Arachnids,Argas miniatus,species,Invertebrates,host_data,Argas miniatus,
RNAVirHost,Beauveria bassiana,3.0,Fungi,Beauveria bassiana,species,Fungi,host_data,Beauveria bassiana,
RNAVirHost,Blattella germanica,3.0,Insects,Blattella germanica,species,Invertebrates,host_data,Blattella germanica,
RNAVirHost,Bos grunniens,3.0,Ungulates,Bos grunniens,species,Mammals,host_data,Bos grunniens,
RNAVirHost,Bougainvillea spectabilis,3.0,Plants,Bougainvillea spectabilis,species,Plants,host_data,Bougainvillea spectabilis,
RNAVirHost,Brassica napus,3.0,Plants,Brassica napus,species,Plants,host_data,Brassica napus,
RNAVirHost,Brassica oleracea var. capitata,3.0,Plants,Brassica oleracea,species,Plants,host_data,Brassica oleracea,
RNAVirHost,Brassica rapa subsp. rapa,3.0,Plants,Brassica rapa,species,Plants,host_data,Brassica rapa,
RNAVirHost,Brassica rapa var. purpuraria,3.0,Plants,Brassica rapa,species,Plants,host_data,Brassica rapa,
RNAVirHost,Bromus inermis,3.0,Plants,Bromus inermis,species,Plants,host_data,Bromus inermis,
RNAVirHost,Camellia oleifera,3.0,Plants,Camellia oleifera,species,Plants,host_data,Camellia oleifera,
RNAVirHost,Camelus bactrianus,3.0,Ungulates,Camelus bactrianus,species,Mammals,host_data,Camelus bactrianus,
RNAVirHost,Capreolus capreolus,3.0,Other/unresolved mammals,Capreolus capreolus,species,Mammals,host_data,Capreolus capreolus,
RNAVirHost,Capsella bursa-pastoris,3.0,Plants,Capsella bursa-pastoris,species,Plants,host_data,Capsella bursa-pastoris,
RNAVirHost,Carassius auratus,3.0,Fish,Carassius auratus,species,Non-mammalian vertebrates,host_data,Carassius auratus,
RNAVirHost,Chaoborus trivitattus,3.0,Insects,Chaoborus trivitattus,species,Invertebrates,host_data,Chaoborus trivitattus,
RNAVirHost,Cherax quadricarinatus,3.0,Other invertebrates,Cherax quadricarinatus,species,Invertebrates,host_data,Cherax quadricarinatus,
RNAVirHost,Choristoneura rosaceana,3.0,Insects,Choristoneura rosaceana,species,Invertebrates,host_data,Choristoneura rosaceana,
RNAVirHost,Corallus annulatus,3.0,Reptiles,Corallus annulatus,species,Non-mammalian vertebrates,host_data,Corallus annulatus,
RNAVirHost,Crocidura douceti,3.0,Other/unresolved mammals,Crocidura douceti,species,Mammals,host_data,Crocidura douceti,
RNAVirHost,Crotalaria juncea,3.0,Plants,Crotalaria juncea,species,Plants,host_data,Crotalaria juncea,
RNAVirHost,Culex simpliciforceps,3.0,Insects,Culex simpliciforceps,species,Invertebrates,host_data,Culex simpliciforceps,
RNAVirHost,Culex spissipes,3.0,Insects,Culex spissipes,species,Invertebrates,host_data,Culex spissipes,
RNAVirHost,Culicoides brevitarsis,3.0,Insects,Culicoides brevitarsis,species,Invertebrates,host_data,Culicoides brevitarsis,
RNAVirHost,Cydia pomonella,3.0,Insects,Cydia pomonella,species,Invertebrates,host_data,Cydia pomonella,
RNAVirHost,Daphne odora,3.0,Plants,Daphne odora,species,Plants,host_data,Daphne odora,
RNAVirHost,Dianthus chinensis,3.0,Plants,Dianthus chinensis,species,Plants,host_data,Dianthus chinensis,
RNAVirHost,Diospyros kaki,3.0,Plants,Diospyros kaki,species,Plants,host_data,Diospyros kaki,
RNAVirHost,Diplotaxis erucoides,3.0,Plants,Diplotaxis erucoides,species,Plants,host_data,Diplotaxis erucoides,
RNAVirHost,Eliurus majori,3.0,Rodents,Eliurus majori,species,Mammals,host_data,Eliurus majori,
RNAVirHost,Emilia sonchifolia,3.0,Plants,Emilia sonchifolia,species,Plants,host_data,Emilia sonchifolia,
RNAVirHost,Eothenomys eleusis,3.0,Rodents,Eothenomys eleusis,species,Mammals,host_data,Eothenomys eleusis,
RNAVirHost,Eptesicus serotinus,3.0,Bats,Eptesicus serotinus,species,Mammals,host_data,Eptesicus serotinus,
RNAVirHost,Eucharis x grandiflora,3.0,Plants,Eucharis x grandiflora,species,Plants,host_data,Eucharis x grandiflora,
RNAVirHost,Euphorbia pulcherrima,3.0,Plants,Euphorbia pulcherrima,species,Plants,host_data,Euphorbia pulcherrima,
RNAVirHost,Fallopia dumetorum,3.0,Plants,Fallopia dumetorum,species,Plants,host_data,Fallopia dumetorum,
RNAVirHost,Formica exsecta,3.0,Insects,Formica exsecta,species,Invertebrates,host_data,Formica exsecta,
RNAVirHost,Gossypium hirsutum,3.0,Plants,Gossypium hirsutum,species,Plants,host_data,Gossypium hirsutum,
RNAVirHost,Hipposideros cineraceus,3.0,Bats,Hipposideros cineraceus,species,Mammals,host_data,Hipposideros cineraceus,
RNAVirHost,Humulus japonicus,3.0,Plants,Humulus japonicus,species,Plants,host_data,Humulus japonicus,
RNAVirHost,Hylomyscus simus,3.0,Rodents,Hylomyscus simus,species,Mammals,host_data,Hylomyscus simus,
RNAVirHost,Ilex paraguariensis,3.0,Plants,Ilex paraguariensis,species,Plants,host_data,Ilex paraguariensis,
RNAVirHost,Impatiens walleriana,3.0,Plants,Impatiens walleriana,species,Plants,host_data,Impatiens walleriana,
RNAVirHost,Kalanchoe blossfeldiana,3.0,Plants,Kalanchoe blossfeldiana,species,Plants,host_data,Kalanchoe blossfeldiana,
RNAVirHost,Lactuca sativa var. angustana,3.0,Plants,Lactuca sativa,species,Plants,host_data,Lactuca sativa,
RNAVirHost,Liatris spicata,3.0,Plants,Liatris spicata,species,Plants,host_data,Liatris spicata,
RNAVirHost,Macaca nemestrina,3.0,Non-human primates,Macaca nemestrina,species,Mammals,host_data,Macaca nemestrina,
RNAVirHost,Malus pumila,3.0,Plants,Malus pumila,species,Plants,host_data,Malus pumila,
RNAVirHost,Malva parviflora,3.0,Plants,Malva parviflora,species,Plants,host_data,Malva parviflora,
RNAVirHost,Manis javanica,3.0,Other/unresolved mammals,Manis javanica,species,Mammals,host_data,Manis javanica,
RNAVirHost,Mareca penelope,3.0,Birds,Mareca penelope,species,Non-mammalian vertebrates,host_data,Mareca penelope,
RNAVirHost,Microtus pennsylvanicus,3.0,Rodents,Microtus pennsylvanicus,species,Mammals,host_data,Microtus pennsylvanicus,
RNAVirHost,Mirabilis jalapa,3.0,Plants,Mirabilis jalapa,species,Plants,host_data,Mirabilis jalapa,
RNAVirHost,Morelia spilota,3.0,Reptiles,Morelia spilota,species,Non-mammalian vertebrates,host_data,Morelia spilota,
RNAVirHost,Musa x paradisiaca,3.0,Plants,Musa x paradisiaca,species,Plants,host_data,Musa x paradisiaca,
RNAVirHost,Myodes rufocanus,3.0,Rodents,Myodes rufocanus,species,Mammals,host_data,Myodes rufocanus,
RNAVirHost,Myotis davidii,3.0,Bats,Myotis davidii,species,Mammals,host_data,Myotis davidii,
RNAVirHost,Myotis laniger,3.0,Bats,Myotis laniger,species,Mammals,host_data,Myotis laniger,
RNAVirHost,Myotis lucifugus,3.0,Bats,Myotis lucifugus,species,Mammals,host_data,Myotis lucifugus,
RNAVirHost,Neodon clarkei,3.0,Rodents,Neodon clarkei,species,Mammals,host_data,Neodon clarkei,
RNAVirHost,Nicotiana occidentalis subsp. occidentalis,3.0,Plants,Nicotiana occidentalis,species,Plants,host_data,Nicotiana occidentalis,
RNAVirHost,Nigrospora oryzae,3.0,Fungi,Nigrospora oryzae,species,Fungi,host_data,Nigrospora oryzae,
RNAVirHost,Niviventer confucianus,3.0,Rodents,Niviventer confucianus,species,Mammals,host_data,Niviventer confucianus,
RNAVirHost,Ochlerotatus caspius,3.0,Insects,Ochlerotatus caspius,species,Invertebrates,host_data,Ochlerotatus caspius,
RNAVirHost,Ochlerotatus scapularis,3.0,Insects,Ochlerotatus scapularis,species,Invertebrates,host_data,Ochlerotatus scapularis,
RNAVirHost,Oecomys bicolor,3.0,Rodents,Oecomys bicolor,species,Mammals,host_data,Oecomys bicolor,
RNAVirHost,Oligoryzomys fulvescens,3.0,Rodents,Oligoryzomys fulvescens,species,Mammals,host_data,Oligoryzomys fulvescens,
RNAVirHost,Orgyia pseudotsugata,3.0,Insects,Orgyia pseudotsugata,species,Invertebrates,host_data,Orgyia pseudotsugata,
RNAVirHost,Ornithodoros erraticus,3.0,Arachnids,Ornithodoros erraticus,species,Invertebrates,host_data,Ornithodoros erraticus,
RNAVirHost,Oxalis tuberosa,3.0,Plants,Oxalis tuberosa,species,Plants,host_data,Oxalis tuberosa,
RNAVirHost,Pan troglodytes verus,3.0,Non-human primates,Pan troglodytes,species,Mammals,host_data,Pan troglodytes,
RNAVirHost,Panax notoginseng,3.0,Plants,Panax notoginseng,species,Plants,host_data,Panax notoginseng,
RNAVirHost,Peromyscus beatae,3.0,Rodents,Peromyscus beatae,species,Mammals,host_data,Peromyscus beatae,
RNAVirHost,Peromyscus crinitus,3.0,Rodents,Peromyscus crinitus,species,Mammals,host_data,Peromyscus crinitus,
RNAVirHost,Petasites japonicus,3.0,Plants,Petasites japonicus,species,Plants,host_data,Petasites japonicus,
RNAVirHost,Petroselinum crispum,3.0,Plants,Petroselinum crispum,species,Plants,host_data,Petroselinum crispum,
RNAVirHost,Phasianus colchicus,3.0,Birds,Phasianus colchicus,species,Non-mammalian vertebrates,host_data,Phasianus colchicus,
RNAVirHost,Phocoena phocoena,3.0,Ungulates,Phocoena phocoena,species,Mammals,host_data,Phocoena phocoena,
RNAVirHost,Piliocolobus tephrosceles,3.0,Non-human primates,Piliocolobus tephrosceles,species,Mammals,host_data,Piliocolobus tephrosceles,
RNAVirHost,Piper nigrum,3.0,Plants,Piper nigrum,species,Plants,host_data,Piper nigrum,
RNAVirHost,Poa cookii,3.0,Plants,Poa cookii,species,Plants,host_data,Poa cookii,
RNAVirHost,Proechimys guyannensis,3.0,Rodents,Proechimys guyannensis,species,Mammals,host_data,Proechimys guyannensis,
RNAVirHost,Prunus cerasifera,3.0,Plants,Prunus cerasifera,species,Plants,host_data,Prunus cerasifera,
RNAVirHost,Rhinolophus hipposideros,3.0,Bats,Rhinolophus hipposideros,species,Mammals,host_data,Rhinolophus hipposideros,
RNAVirHost,Rhinolophus malayanus,3.0,Bats,Rhinolophus malayanus,species,Mammals,host_data,Rhinolophus malayanus,
RNAVirHost,Rosa rugosa,3.0,Plants,Rosa rugosa,species,Plants,host_data,Rosa rugosa,
RNAVirHost,Rousettus amplexicaudatus,3.0,Bats,Rousettus amplexicaudatus,species,Mammals,host_data,Rousettus amplexicaudatus,
RNAVirHost,Sambucus racemosa,3.0,Plants,Sambucus racemosa,species,Plants,host_data,Sambucus racemosa,
RNAVirHost,Scalopus aquaticus,3.0,Other/unresolved mammals,Scalopus aquaticus,species,Mammals,host_data,Scalopus aquaticus,
RNAVirHost,Serinus canaria,3.0,Birds,Serinus canaria,species,Non-mammalian vertebrates,host_data,Serinus canaria,
RNAVirHost,Sigmodon hispidus,3.0,Rodents,Sigmodon hispidus,species,Mammals,host_data,Sigmodon hispidus,
RNAVirHost,Solanum betaceum,3.0,Plants,Solanum betaceum,species,Plants,host_data,Solanum betaceum,
RNAVirHost,Solanum tuberosum subsp. andigenum,3.0,Plants,Solanum tuberosum,species,Plants,host_data,Solanum tuberosum,
RNAVirHost,Sonchus oleraceus,3.0,Plants,Sonchus oleraceus,species,Plants,host_data,Sonchus oleraceus,
RNAVirHost,Sorex roboratus,3.0,Other/unresolved mammals,Sorex roboratus,species,Mammals,host_data,Sorex roboratus,
RNAVirHost,Triaenops afer,3.0,Bats,Triaenops afer,species,Mammals,host_data,Triaenops afer,
RNAVirHost,Trichosanthes kirilowii,3.0,Plants,Trichosanthes kirilowii,species,Plants,host_data,Trichosanthes kirilowii,
RNAVirHost,Trigonella foenum-graecum,3.0,Plants,Trigonella foenum-graecum,species,Plants,host_data,Trigonella foenum-graecum,
RNAVirHost,Tuber aestivum,3.0,Fungi,Tuber aestivum,species,Fungi,host_data,Tuber aestivum,
RNAVirHost,Tulipa gesneriana,3.0,Plants,Tulipa gesneriana,species,Plants,host_data,Tulipa gesneriana,
RNAVirHost,Turdus merula,3.0,Birds,Turdus merula,species,Non-mammalian vertebrates,host_data,Turdus merula,
RNAVirHost,Ulmus glabra,3.0,Plants,Ulmus glabra,species,Plants,host_data,Ulmus glabra,
RNAVirHost,Uria aalge,3.0,Birds,Uria aalge,species,Non-mammalian vertebrates,host_data,Uria aalge,
RNAVirHost,Vigna radiata var. radiata,3.0,Plants,Vigna radiata,species,Plants,host_data,Vigna radiata,
RNAVirHost,Vitis sp.,3.0,Plants,Vitis sp.,species,Plants,host_data,Vitis sp.,
RNAVirHost,Acheta domesticus,2.0,Insects,Acheta domesticus,species,Invertebrates,host_data,Acheta domesticus,
RNAVirHost,Actinidia chinensis var. chinensis,2.0,Plants,Actinidia chinensis,species,Plants,host_data,Actinidia chinensis,
RNAVirHost,Ailuropoda melanoleuca,2.0,Carnivores,Ailuropoda melanoleuca,species,Mammals,host_data,Ailuropoda melanoleuca,
RNAVirHost,Allium cepa var. aggregatum,2.0,Plants,Allium cepa,species,Plants,host_data,Allium cepa,
RNAVirHost,Allium fistulosum,2.0,Plants,Allium fistulosum,species,Plants,host_data,Allium fistulosum,
RNAVirHost,Alopecurus myosuroides,2.0,Plants,Alopecurus myosuroides,species,Plants,host_data,Alopecurus myosuroides,
RNAVirHost,Alternaria arborescens EGS 39-128,2.0,Fungi,Alternaria arborescens,species,Fungi,host_data,Alternaria arborescens,
RNAVirHost,Alternaria brassicicola,2.0,Fungi,Alternaria brassicicola,species,Fungi,host_data,Alternaria brassicicola,
RNAVirHost,Anas crecca,2.0,Birds,Anas crecca,species,Non-mammalian vertebrates,host_data,Anas crecca,
RNAVirHost,Anguilla anguilla,2.0,Fish,Anguilla anguilla,species,Non-mammalian vertebrates,host_data,Anguilla anguilla,
RNAVirHost,Anopheles coluzzii,2.0,Insects,Anopheles coluzzii,species,Invertebrates,host_data,Anopheles coluzzii,
RNAVirHost,Anopheles hinesorum,2.0,Insects,Anopheles hinesorum,species,Invertebrates,host_data,Anopheles hinesorum,
RNAVirHost,Anser caerulescens,2.0,Birds,Anser caerulescens,species,Non-mammalian vertebrates,host_data,Anser caerulescens,
RNAVirHost,Anser cygnoides,2.0,Birds,Anser cygnoides,species,Non-mammalian vertebrates,host_data,Anser cygnoides,
RNAVirHost,Aotus trivirgatus,2.0,Non-human primates,Aotus trivirgatus,species,Mammals,host_data,Aotus trivirgatus,
RNAVirHost,Arabidopsis halleri,2.0,Plants,Arabidopsis halleri,species,Plants,host_data,Arabidopsis halleri,
RNAVirHost,Arctium lappa,2.0,Plants,Arctium lappa,species,Plants,host_data,Arctium lappa,
RNAVirHost,Armoracia rusticana,2.0,Plants,Armoracia rusticana,species,Plants,host_data,Armoracia rusticana,
RNAVirHost,Aspergillus ochraceus,2.0,Fungi,Aspergillus ochraceus,species,Fungi,host_data,Aspergillus ochraceus,
RNAVirHost,Atkinsonella hypoxylon,2.0,Fungi,Atkinsonella hypoxylon,species,Fungi,host_data,Atkinsonella hypoxylon,
RNAVirHost,Atractylodes macrocephala,2.0,Plants,Atractylodes macrocephala,species,Plants,host_data,Atractylodes macrocephala,
RNAVirHost,Aulacorthum magnoliae,2.0,Insects,Aulacorthum magnoliae,species,Invertebrates,host_data,Aulacorthum magnoliae,
RNAVirHost,Bandicota sp.,2.0,Rodents,Bandicota sp.,species,Mammals,host_data,Bandicota sp.,
RNAVirHost,Branta canadensis,2.0,Birds,Branta canadensis,species,Non-mammalian vertebrates,host_data,Branta canadensis,
RNAVirHost,Brassica napus subsp. rapifera,2.0,Plants,Brassica napus,species,Plants,host_data,Brassica napus,
RNAVirHost,Brassica rapa subsp. chinensis,2.0,Plants,Brassica rapa,species,Plants,host_data,Brassica rapa,
RNAVirHost,Brugmansia suaveolens,2.0,Plants,Brugmansia suaveolens,species,Plants,host_data,Brugmansia suaveolens,
RNAVirHost,Bubalus bubalis,2.0,Ungulates,Bubalus bubalis,species,Mammals,host_data,Bubalus bubalis,
RNAVirHost,Budorcas taxicolor tibetana,2.0,Ungulates,Budorcas taxicolor,species,Mammals,host_data,Budorcas taxicolor,
RNAVirHost,Caenorhabditis elegans,2.0,Other invertebrates,Caenorhabditis elegans,species,Invertebrates,host_data,Caenorhabditis elegans,
RNAVirHost,Calomys callosus,2.0,Rodents,Calomys callosus,species,Mammals,host_data,Calomys callosus,
RNAVirHost,Campanula takesimana,2.0,Plants,Campanula takesimana,species,Plants,host_data,Campanula takesimana,
RNAVirHost,Canis familiaris,2.0,Carnivores,Canis lupus,species,Mammals,host_data,Canis lupus,
RNAVirHost,Canna indica,2.0,Plants,Canna indica,species,Plants,host_data,Canna indica,
RNAVirHost,Capsicum annuum var. annuum,2.0,Plants,Capsicum annuum,species,Plants,host_data,Capsicum annuum,
RNAVirHost,Capsicum baccatum,2.0,Plants,Capsicum baccatum,species,Plants,host_data,Capsicum baccatum,
RNAVirHost,Carya illinoinensis,2.0,Plants,Carya illinoinensis,species,Plants,host_data,Carya illinoinensis,
RNAVirHost,Cercopithecus ascanius,2.0,Non-human primates,Cercopithecus ascanius,species,Mammals,host_data,Cercopithecus ascanius,
RNAVirHost,Cercopithecus mona,2.0,Non-human primates,Cercopithecus mona,species,Mammals,host_data,Cercopithecus mona,
RNAVirHost,Cercopithecus neglectus,2.0,Non-human primates,Cercopithecus neglectus,species,Mammals,host_data,Cercopithecus neglectus,
RNAVirHost,Cerdocyon thous,2.0,Carnivores,Cerdocyon thous,species,Mammals,host_data,Cerdocyon thous,
RNAVirHost,Chaerephon plicatus,2.0,Bats,Chaerephon plicatus,species,Mammals,host_data,Chaerephon plicatus,
RNAVirHost,Chondrostereum purpureum,2.0,Fungi,Chondrostereum purpureum,species,Fungi,host_data,Chondrostereum purpureum,
RNAVirHost,Cimex hemipterus,2.0,Insects,Cimex hemipterus,species,Invertebrates,host_data,Cimex hemipterus,
RNAVirHost,Citrus maxima,2.0,Plants,Citrus maxima,species,Plants,host_data,Citrus maxima,
RNAVirHost,Clanis bilineata,2.0,Insects,Clanis bilineata,species,Invertebrates,host_data,Clanis bilineata,
RNAVirHost,Coccinia grandis,2.0,Plants,Coccinia grandis,species,Plants,host_data,Coccinia grandis,
RNAVirHost,Colobus guereza,2.0,Non-human primates,Colobus guereza,species,Mammals,host_data,Colobus guereza,
RNAVirHost,Copsychus saularis,2.0,Birds,Copsychus saularis,species,Non-mammalian vertebrates,host_data,Copsychus saularis,
RNAVirHost,Coquillettidia xanthogaster,2.0,Insects,Coquillettidia xanthogaster,species,Invertebrates,host_data,Coquillettidia xanthogaster,
RNAVirHost,Coturnix coturnix,2.0,Birds,Coturnix coturnix,species,Non-mammalian vertebrates,host_data,Coturnix coturnix,
RNAVirHost,Coturnix japonica,2.0,Birds,Coturnix japonica,species,Non-mammalian vertebrates,host_data,Coturnix japonica,
RNAVirHost,Crambe hispanica subsp. abyssinica,2.0,Plants,Crambe hispanica,species,Plants,host_data,Crambe hispanica,
RNAVirHost,Cricetulus longicaudatus,2.0,Rodents,Cricetulus longicaudatus,species,Mammals,host_data,Cricetulus longicaudatus,
RNAVirHost,Cucumis melo var. flexuosus,2.0,Plants,Cucumis melo,species,Plants,host_data,Cucumis melo,
RNAVirHost,Cucurbita pepo var. melopepo,2.0,Plants,Cucurbita pepo,species,Plants,host_data,Cucurbita pepo,
RNAVirHost,Curvularia protuberata,2.0,Fungi,Curvularia protuberata,species,Fungi,host_data,Curvularia protuberata,
RNAVirHost,Cycas revoluta,2.0,Plants,Cycas revoluta,species,Plants,host_data,Cycas revoluta,
RNAVirHost,Cyclopterus lumpus,2.0,Fish,Cyclopterus lumpus,species,Non-mammalian vertebrates,host_data,Cyclopterus lumpus,
RNAVirHost,Cyrtomium falcatum,2.0,Plants,Cyrtomium falcatum,species,Plants,host_data,Cyrtomium falcatum,
RNAVirHost,Dahlia pinnata,2.0,Plants,Dahlia pinnata,species,Plants,host_data,Dahlia pinnata,
RNAVirHost,Delphinapterus leucas,2.0,Ungulates,Delphinapterus leucas,species,Mammals,host_data,Delphinapterus leucas,
RNAVirHost,Dioscorea sansibarensis,2.0,Plants,Dioscorea sansibarensis,species,Plants,host_data,Dioscorea sansibarensis,
RNAVirHost,Diplodia sapinea,2.0,Fungi,Diplodia sapinea,species,Fungi,host_data,Diplodia sapinea,
RNAVirHost,Diuris pedunculata,2.0,Plants,Diuris pedunculata,species,Plants,host_data,Diuris pedunculata,
RNAVirHost,Drosophila obscura,2.0,Insects,Drosophila obscura,species,Invertebrates,host_data,Drosophila obscura,
RNAVirHost,Dysphania ambrosioides,2.0,Plants,Dysphania ambrosioides,species,Plants,host_data,Dysphania ambrosioides,
RNAVirHost,Elettaria cardamomum,2.0,Plants,Elettaria cardamomum,species,Plants,host_data,Elettaria cardamomum,
RNAVirHost,Endoconidiophora polonica,2.0,Fungi,Endoconidiophora polonica,species,Fungi,host_data,Endoconidiophora polonica,
RNAVirHost,Endoconidiophora resinifera,2.0,Fungi,Endoconidiophora resinifera,species,Fungi,host_data,Endoconidiophora resinifera,
RNAVirHost,Equus asinus x Equus caballus,2.0,Other/unresolved mammals,Equus asinus x Equus caballus,species,Mammals,host_data,Equus asinus x Equus caballus,
RNAVirHost,Erigeron breviscapus,2.0,Plants,Erigeron breviscapus,species,Plants,host_data,Erigeron breviscapus,
RNAVirHost,Eriobotrya japonica,2.0,Plants,Eriobotrya japonica,species,Plants,host_data,Eriobotrya japonica,
RNAVirHost,Erysiphe palczewskii,2.0,Fungi,Erysiphe palczewskii,species,Fungi,host_data,Erysiphe palczewskii,
RNAVirHost,Euonymus maackii,2.0,Plants,Euonymus maackii,species,Plants,host_data,Euonymus maackii,
RNAVirHost,Eutrema japonicum,2.0,Plants,Eutrema japonicum,species,Plants,host_data,Eutrema japonicum,
RNAVirHost,Falco tinnunculus,2.0,Birds,Falco tinnunculus,species,Non-mammalian vertebrates,host_data,Falco tinnunculus,
RNAVirHost,Festuca pratensis,2.0,Plants,Festuca pratensis,species,Plants,host_data,Festuca pratensis,
RNAVirHost,Flammulina velutipes,2.0,Fungi,Flammulina velutipes,species,Fungi,host_data,Flammulina velutipes,
RNAVirHost,Fritillaria thunbergii,2.0,Plants,Fritillaria thunbergii,species,Plants,host_data,Fritillaria thunbergii,
RNAVirHost,Fulica atra,2.0,Birds,Fulica atra,species,Non-mammalian vertebrates,host_data,Fulica atra,
RNAVirHost,Fusarium oxysporum,2.0,Fungi,Fusarium oxysporum,species,Fungi,host_data,Fusarium oxysporum,
RNAVirHost,Fusarium solani,2.0,Fungi,Fusarium solani,species,Fungi,host_data,Fusarium solani,
RNAVirHost,Gentiana triflora,2.0,Plants,Gentiana triflora,species,Plants,host_data,Gentiana triflora,
RNAVirHost,Giraffa camelopardalis,2.0,Ungulates,Giraffa camelopardalis,species,Mammals,host_data,Giraffa camelopardalis,
RNAVirHost,Golovinomyces cichoracearum,2.0,Fungi,Golovinomyces cichoracearum,species,Fungi,host_data,Golovinomyces cichoracearum,
RNAVirHost,Gonimbrasia cytherea,2.0,Insects,Gonimbrasia cytherea,species,Invertebrates,host_data,Gonimbrasia cytherea,
RNAVirHost,Gorilla gorilla,2.0,Non-human primates,Gorilla gorilla,species,Mammals,host_data,Gorilla gorilla,
RNAVirHost,Grammomys sp.,2.0,Rodents,Grammomys sp.,species,Mammals,host_data,Grammomys sp.,
RNAVirHost,Gymnocalycium mihanovichii,2.0,Plants,Gymnocalycium mihanovichii,species,Plants,host_data,Gymnocalycium mihanovichii,
RNAVirHost,Habenaria radiata,2.0,Plants,Habenaria radiata,species,Plants,host_data,Habenaria radiata,
RNAVirHost,Helicobasidium mompa,2.0,Fungi,Helicobasidium mompa,species,Fungi,host_data,Helicobasidium mompa,
RNAVirHost,Heterobasidion abietinum,2.0,Fungi,Heterobasidion abietinum,species,Fungi,host_data,Heterobasidion abietinum,
RNAVirHost,Heterobasidion ecrustosum,2.0,Fungi,Heterobasidion ecrustosum,species,Fungi,host_data,Heterobasidion ecrustosum,
RNAVirHost,Heterobasidion irregulare,2.0,Fungi,Heterobasidion irregulare,species,Fungi,host_data,Heterobasidion irregulare,
RNAVirHost,Hevea brasiliensis,2.0,Plants,Hevea brasiliensis,species,Plants,host_data,Hevea brasiliensis,
RNAVirHost,Hippeastrum sp.,2.0,Plants,Hippeastrum sp.,species,Plants,host_data,Hippeastrum sp.,
RNAVirHost,Hyalomma asiaticum asiaticum,2.0,Arachnids,Hyalomma asiaticum,species,Invertebrates,host_data,Hyalomma asiaticum,
RNAVirHost,Ipomoea setosa,2.0,Plants,Ipomoea setosa,species,Plants,host_data,Ipomoea setosa,
RNAVirHost,Iris ensata,2.0,Plants,Iris ensata,species,Plants,host_data,Iris ensata,
RNAVirHost,Ixeridium dentatum,2.0,Plants,Ixeridium dentatum,species,Plants,host_data,Ixeridium dentatum,
RNAVirHost,Lamium album,2.0,Plants,Lamium album,species,Plants,host_data,Lamium album,
RNAVirHost,Leonurus sibiricus,2.0,Plants,Leonurus sibiricus,species,Plants,host_data,Leonurus sibiricus,
RNAVirHost,Lophuromys sikapusi,2.0,Rodents,Lophuromys sikapusi,species,Mammals,host_data,Lophuromys sikapusi,
RNAVirHost,Lycopersicon esculentum,2.0,Plants,Lycopersicon esculentum,species,Plants,host_data,Lycopersicon esculentum,
RNAVirHost,Medicago lupulina,2.0,Plants,Medicago lupulina,species,Plants,host_data,Medicago lupulina,
RNAVirHost,Megaskepasma erythrochlamys,2.0,Plants,Megaskepasma erythrochlamys,species,Plants,host_data,Megaskepasma erythrochlamys,
RNAVirHost,Meriones unguiculatus,2.0,Rodents,Meriones unguiculatus,species,Mammals,host_data,Meriones unguiculatus,
RNAVirHost,Microtus oeconomus,2.0,Rodents,Microtus oeconomus,species,Mammals,host_data,Microtus oeconomus,
RNAVirHost,Mikania micrantha,2.0,Plants,Mikania micrantha,species,Plants,host_data,Mikania micrantha,
RNAVirHost,Miniopterus magnater,2.0,Bats,Miniopterus magnater,species,Mammals,host_data,Miniopterus magnater,
RNAVirHost,Mops condylurus,2.0,Bats,Mops condylurus,species,Mammals,host_data,Mops condylurus,
RNAVirHost,Mus caroli,2.0,Rodents,Mus caroli,species,Mammals,host_data,Mus caroli,
RNAVirHost,Mus minutoides,2.0,Rodents,Mus minutoides,species,Mammals,host_data,Mus minutoides,
RNAVirHost,Musa acuminata AAA Group,2.0,Plants,Musa acuminata,species,Plants,host_data,Musa acuminata,
RNAVirHost,Myotomys unisulcatus,2.0,Rodents,Myotomys unisulcatus,species,Mammals,host_data,Myotomys unisulcatus,
RNAVirHost,Myrmica scabrinodis,2.0,Insects,Myrmica scabrinodis,species,Invertebrates,host_data,Myrmica scabrinodis,
RNAVirHost,Narcissus tazetta,2.0,Plants,Narcissus tazetta,species,Plants,host_data,Narcissus tazetta,
RNAVirHost,Narcissus tazetta subsp. chinensis,2.0,Plants,Narcissus tazetta,species,Plants,host_data,Narcissus tazetta,
RNAVirHost,Neofusicoccum luteum,2.0,Fungi,Neofusicoccum luteum,species,Fungi,host_data,Neofusicoccum luteum,
RNAVirHost,Neotoma albigula,2.0,Rodents,Neotoma albigula,species,Mammals,host_data,Neotoma albigula,
RNAVirHost,Nephelomys albigularis,2.0,Rodents,Nephelomys albigularis,species,Mammals,host_data,Nephelomys albigularis,
RNAVirHost,Nephotettix cincticeps,2.0,Insects,Nephotettix cincticeps,species,Invertebrates,host_data,Nephotettix cincticeps,
RNAVirHost,Nicotiana glauca,2.0,Plants,Nicotiana glauca,species,Plants,host_data,Nicotiana glauca,
RNAVirHost,Nyctalus velutinus,2.0,Bats,Nyctalus velutinus,species,Mammals,host_data,Nyctalus velutinus,
RNAVirHost,Ochlerotatus camptorhynchus,2.0,Insects,Ochlerotatus camptorhynchus,species,Invertebrates,host_data,Ochlerotatus camptorhynchus,
RNAVirHost,Ochlerotatus taeniorhynchus,2.0,Insects,Ochlerotatus taeniorhynchus,species,Invertebrates,host_data,Ochlerotatus taeniorhynchus,
RNAVirHost,Oligoryzomys longicaudatus,2.0,Rodents,Oligoryzomys longicaudatus,species,Mammals,host_data,Oligoryzomys longicaudatus,
RNAVirHost,Oligoryzomys mattogrossae,2.0,Rodents,Oligoryzomys mattogrossae,species,Mammals,host_data,Oligoryzomys mattogrossae,
RNAVirHost,Oncopera intricoides,2.0,Insects,Oncopera intricoides,species,Invertebrates,host_data,Oncopera intricoides,
RNAVirHost,Ophiostoma himal-ulmi,2.0,Fungi,Ophiostoma himal-ulmi,species,Fungi,host_data,Ophiostoma himal-ulmi,
RNAVirHost,Oriolus oriolus,2.0,Birds,Oriolus oriolus,species,Non-mammalian vertebrates,host_data,Oriolus oriolus,
RNAVirHost,Otomops martiensseni,2.0,Bats,Otomops martiensseni,species,Mammals,host_data,Otomops martiensseni,
RNAVirHost,Pan paniscus,2.0,Non-human primates,Pan paniscus,species,Mammals,host_data,Pan paniscus,
RNAVirHost,Panicum virgatum,2.0,Plants,Panicum virgatum,species,Plants,host_data,Panicum virgatum,
RNAVirHost,Paralichthys olivaceus,2.0,Fish,Paralichthys olivaceus,species,Non-mammalian vertebrates,host_data,Paralichthys olivaceus,
RNAVirHost,Passiflora caerulea,2.0,Plants,Passiflora caerulea,species,Plants,host_data,Passiflora caerulea,
RNAVirHost,Pelargonium x hortorum,2.0,Plants,Pelargonium x hortorum,species,Plants,host_data,Pelargonium x hortorum,
RNAVirHost,Peromyscus californicus,2.0,Rodents,Peromyscus californicus,species,Mammals,host_data,Peromyscus californicus,
RNAVirHost,Phlebiopsis gigantea,2.0,Fungi,Phlebiopsis gigantea,species,Fungi,host_data,Phlebiopsis gigantea,
RNAVirHost,Phlox stolonifera,2.0,Plants,Phlox stolonifera,species,Plants,host_data,Phlox stolonifera,
RNAVirHost,Phomopsis vexans,2.0,Fungi,Phomopsis vexans,species,Fungi,host_data,Phomopsis vexans,
RNAVirHost,Plantago lanceolata,2.0,Plants,Plantago lanceolata,species,Plants,host_data,Plantago lanceolata,
RNAVirHost,Pleurotus ostreatus,2.0,Fungi,Pleurotus ostreatus,species,Fungi,host_data,Pleurotus ostreatus,
RNAVirHost,Plumeria rubra,2.0,Plants,Plumeria rubra,species,Plants,host_data,Plumeria rubra,
RNAVirHost,Plutella xylostella,2.0,Insects,Plutella xylostella,species,Invertebrates,host_data,Plutella xylostella,
RNAVirHost,Primula malacoides,2.0,Plants,Primula malacoides,species,Plants,host_data,Primula malacoides,
RNAVirHost,Prunus persica f. compressa,2.0,Plants,Prunus persica,species,Plants,host_data,Prunus persica,
RNAVirHost,Pseudogymnoascus destructans,2.0,Fungi,Pseudogymnoascus destructans,species,Fungi,host_data,Pseudogymnoascus destructans,
RNAVirHost,Psittacula krameri,2.0,Birds,Psittacula krameri,species,Non-mammalian vertebrates,host_data,Psittacula krameri,
RNAVirHost,Pteromalus puparum,2.0,Insects,Pteromalus puparum,species,Invertebrates,host_data,Pteromalus puparum,
RNAVirHost,Pteropus sp.,2.0,Bats,Pteropus sp.,species,Mammals,host_data,Pteropus sp.,
RNAVirHost,Pueraria montana,2.0,Plants,Pueraria montana,species,Plants,host_data,Pueraria montana,
RNAVirHost,Raphanus raphanistrum,2.0,Plants,Raphanus raphanistrum,species,Plants,host_data,Raphanus raphanistrum,
RNAVirHost,Rhabdomys pumilio,2.0,Rodents,Rhabdomys pumilio,species,Mammals,host_data,Rhabdomys pumilio,
RNAVirHost,Rhinolophus stheno,2.0,Bats,Rhinolophus stheno,species,Mammals,host_data,Rhinolophus stheno,
RNAVirHost,Rousettus madagascariensis,2.0,Bats,Rousettus madagascariensis,species,Mammals,host_data,Rousettus madagascariensis,
RNAVirHost,Rubus canadensis,2.0,Plants,Rubus canadensis,species,Plants,host_data,Rubus canadensis,
RNAVirHost,Saccharomyces kudriavzevii,2.0,Fungi,Saccharomyces kudriavzevii,species,Fungi,host_data,Saccharomyces kudriavzevii,
RNAVirHost,Saccharum sp.,2.0,Plants,Saccharum sp.,species,Plants,host_data,Saccharum sp.,
RNAVirHost,Sapajus xanthosternos,2.0,Non-human primates,Sapajus xanthosternos,species,Mammals,host_data,Sapajus xanthosternos,
RNAVirHost,Sclerotium hydrophilum,2.0,Fungi,Sclerotium hydrophilum,species,Fungi,host_data,Sclerotium hydrophilum,
RNAVirHost,Senna occidentalis,2.0,Plants,Senna occidentalis,species,Plants,host_data,Senna occidentalis,
RNAVirHost,Sinapis alba,2.0,Plants,Sinapis alba,species,Plants,host_data,Sinapis alba,
RNAVirHost,Smallanthus sonchifolius,2.0,Plants,Smallanthus sonchifolius,species,Plants,host_data,Smallanthus sonchifolius,
RNAVirHost,Sodiomyces alkalinus,2.0,Fungi,Sodiomyces alkalinus,species,Fungi,host_data,Sodiomyces alkalinus,
RNAVirHost,Solanum aethiopicum,2.0,Plants,Solanum aethiopicum,species,Plants,host_data,Solanum aethiopicum,
RNAVirHost,Sorghum arundinaceum,2.0,Plants,Sorghum arundinaceum,species,Plants,host_data,Sorghum arundinaceum,
RNAVirHost,Spodoptera eridania,2.0,Insects,Spodoptera eridania,species,Invertebrates,host_data,Spodoptera eridania,
RNAVirHost,Spodoptera frugiperda,2.0,Insects,Spodoptera frugiperda,species,Invertebrates,host_data,Spodoptera frugiperda,
RNAVirHost,Sturnira lilium,2.0,Bats,Sturnira lilium,species,Mammals,host_data,Sturnira lilium,
RNAVirHost,Sus scrofa scrofa,2.0,Ungulates,Sus scrofa,species,Mammals,host_data,Sus scrofa,
RNAVirHost,Tupaia belangeri,2.0,Other/unresolved mammals,Tupaia belangeri,species,Mammals,host_data,Tupaia belangeri,
RNAVirHost,Turdus hortulorum,2.0,Birds,Turdus hortulorum,species,Non-mammalian vertebrates,host_data,Turdus hortulorum,
RNAVirHost,Tursiops truncatus,2.0,Ungulates,Tursiops truncatus,species,Mammals,host_data,Tursiops truncatus,
RNAVirHost,Urochloa plantaginea,2.0,Plants,Urochloa plantaginea,species,Plants,host_data,Urochloa plantaginea,
RNAVirHost,Vanilla planifolia,2.0,Plants,Vanilla planifolia,species,Plants,host_data,Vanilla planifolia,
RNAVirHost,Vasconcellea x heilbornii,2.0,Plants,Vasconcellea x heilbornii,species,Plants,host_data,Vasconcellea x heilbornii,
RNAVirHost,Vigna unguiculata subsp. unguiculata,2.0,Plants,Vigna unguiculata,species,Plants,host_data,Vigna unguiculata,
RNAVirHost,Zantedeschia aethiopica,2.0,Plants,Zantedeschia aethiopica,species,Plants,host_data,Zantedeschia aethiopica,
RNAVirHost,Zostera marina,2.0,Plants,Zostera marina,species,Plants,host_data,Zostera marina,
RNAVirHost,Acyrthosiphon pisum,1.0,Insects,Acyrthosiphon pisum,species,Invertebrates,host_data,Acyrthosiphon pisum,
RNAVirHost,Agapanthus campanulatus,1.0,Plants,Agapanthus campanulatus,species,Plants,host_data,Agapanthus campanulatus,
RNAVirHost,Agaricus bisporus,1.0,Fungi,Agaricus bisporus,species,Fungi,host_data,Agaricus bisporus,
RNAVirHost,Agrotis ipsilon,1.0,Insects,Agrotis ipsilon,species,Invertebrates,host_data,Agrotis ipsilon,
RNAVirHost,Ailurus fulgens,1.0,Carnivores,Ailurus fulgens,species,Mammals,host_data,Ailurus fulgens,
RNAVirHost,Aix galericulata,1.0,Birds,Aix galericulata,species,Non-mammalian vertebrates,host_data,Aix galericulata,
RNAVirHost,Aix sponsa,1.0,Birds,Aix sponsa,species,Non-mammalian vertebrates,host_data,Aix sponsa,
RNAVirHost,Alpinia purpurata,1.0,Plants,Alpinia purpurata,species,Plants,host_data,Alpinia purpurata,
RNAVirHost,Amorphophallus konjac,1.0,Plants,Amorphophallus konjac,species,Plants,host_data,Amorphophallus konjac,
RNAVirHost,Anas acuta,1.0,Birds,Anas acuta,species,Non-mammalian vertebrates,host_data,Anas acuta,
RNAVirHost,Anas rubripes,1.0,Birds,Anas rubripes,species,Non-mammalian vertebrates,host_data,Anas rubripes,
RNAVirHost,Andrena haemorrhoa,1.0,Insects,Andrena haemorrhoa,species,Invertebrates,host_data,Andrena haemorrhoa,
RNAVirHost,Angelonia angustifolia,1.0,Plants,Angelonia angustifolia,species,Plants,host_data,Angelonia angustifolia,
RNAVirHost,Anopheles coustani,1.0,Insects,Anopheles coustani,species,Invertebrates,host_data,Anopheles coustani,
RNAVirHost,Anopheles farauti,1.0,Insects,Anopheles farauti,species,Invertebrates,host_data,Anopheles farauti,
RNAVirHost,Anopheles quadrimaculatus,1.0,Insects,Anopheles quadrimaculatus,species,Invertebrates,host_data,Anopheles quadrimaculatus,
RNAVirHost,Anopheles tessellatus,1.0,Insects,Anopheles tessellatus,species,Invertebrates,host_data,Anopheles tessellatus,
RNAVirHost,Anredera cordifolia,1.0,Plants,Anredera cordifolia,species,Plants,host_data,Anredera cordifolia,
RNAVirHost,Anser albifrons,1.0,Birds,Anser albifrons,species,Non-mammalian vertebrates,host_data,Anser albifrons,
RNAVirHost,Anser anser,1.0,Birds,Anser anser,species,Non-mammalian vertebrates,host_data,Anser anser,
RNAVirHost,Anser rossii,1.0,Birds,Anser rossii,species,Non-mammalian vertebrates,host_data,Anser rossii,
RNAVirHost,Antheraea pernyi,1.0,Insects,Antheraea pernyi,species,Invertebrates,host_data,Antheraea pernyi,
RNAVirHost,Anthocercis littorea,1.0,Plants,Anthocercis littorea,species,Plants,host_data,Anthocercis littorea,
RNAVirHost,Anthoxanthum odoratum,1.0,Plants,Anthoxanthum odoratum,species,Plants,host_data,Anthoxanthum odoratum,
RNAVirHost,Antonospora locustae,1.0,Fungi,Antonospora locustae,species,Fungi,host_data,Antonospora locustae,
RNAVirHost,Aphis glycines,1.0,Insects,Aphis glycines,species,Invertebrates,host_data,Aphis glycines,
RNAVirHost,Apis cerana,1.0,Insects,Apis cerana,species,Invertebrates,host_data,Apis cerana,
RNAVirHost,Apium graveolens Dulce Group,1.0,Plants,Apium graveolens,species,Plants,host_data,Apium graveolens,
RNAVirHost,Apium graveolens Secalinum Group,1.0,Plants,Apium graveolens,species,Plants,host_data,Apium graveolens,
RNAVirHost,Aplysia californica,1.0,Other invertebrates,Aplysia californica,species,Invertebrates,host_data,Aplysia californica,
RNAVirHost,Apodemus argenteus,1.0,Rodents,Apodemus argenteus,species,Mammals,host_data,Apodemus argenteus,
RNAVirHost,Ara ararauna,1.0,Birds,Ara ararauna,species,Non-mammalian vertebrates,host_data,Ara ararauna,
RNAVirHost,Arctocephalus gazella,1.0,Carnivores,Arctocephalus gazella,species,Mammals,host_data,Arctocephalus gazella,
RNAVirHost,Armadillidium vulgare,1.0,Other invertebrates,Armadillidium vulgare,species,Invertebrates,host_data,Armadillidium vulgare,
RNAVirHost,Arrhenatherum elatius,1.0,Plants,Arrhenatherum elatius,species,Plants,host_data,Arrhenatherum elatius,
RNAVirHost,Artemisia annua,1.0,Plants,Artemisia annua,species,Plants,host_data,Artemisia annua,
RNAVirHost,Artemisia carvifolia,1.0,Plants,Artemisia carvifolia,species,Plants,host_data,Artemisia carvifolia,
RNAVirHost,Artibeus lituratus,1.0,Bats,Artibeus lituratus,species,Mammals,host_data,Artibeus lituratus,
RNAVirHost,Asclepias viridis,1.0,Plants,Asclepias viridis,species,Plants,host_data,Asclepias viridis,
RNAVirHost,Aspidites melanocephalus,1.0,Reptiles,Aspidites melanocephalus,species,Non-mammalian vertebrates,host_data,Aspidites melanocephalus,
RNAVirHost,Ateles sp.,1.0,Non-human primates,Ateles sp.,species,Mammals,host_data,Ateles sp.,
RNAVirHost,Betula pubescens,1.0,Plants,Betula pubescens,species,Plants,host_data,Betula pubescens,
RNAVirHost,Bos javanicus,1.0,Ungulates,Bos javanicus,species,Mammals,host_data,Bos javanicus,
RNAVirHost,Bothrops atrox,1.0,Reptiles,Bothrops atrox,species,Non-mammalian vertebrates,host_data,Bothrops atrox,
RNAVirHost,Brassica juncea,1.0,Plants,Brassica juncea,species,Plants,host_data,Brassica juncea,
RNAVirHost,Brassica napus var. napus,1.0,Plants,Brassica napus,species,Plants,host_data,Brassica napus,
RNAVirHost,Brassica oleracea var. botrytis,1.0,Plants,Brassica oleracea,species,Plants,host_data,Brassica oleracea,
RNAVirHost,Brassica oleracea var. gongylodes,1.0,Plants,Brassica oleracea,species,Plants,host_data,Brassica oleracea,
RNAVirHost,Brassica oleracea var. italica,1.0,Plants,Brassica oleracea,species,Plants,host_data,Brassica oleracea,
RNAVirHost,Brassica rapa subsp. pekinensis,1.0,Plants,Brassica rapa,species,Plants,host_data,Brassica rapa,
RNAVirHost,Brevicoryne brassicae,1.0,Insects,Brevicoryne brassicae,species,Invertebrates,host_data,Brevicoryne brassicae,
RNAVirHost,Cacatua moluccensis,1.0,Birds,Cacatua moluccensis,species,Non-mammalian vertebrates,host_data,Cacatua moluccensis,
RNAVirHost,Caladenia latifolia,1.0,Plants,Caladenia latifolia,species,Plants,host_data,Caladenia latifolia,
RNAVirHost,Calidris fuscicollis,1.0,Birds,Calidris fuscicollis,species,Non-mammalian vertebrates,host_data,Calidris fuscicollis,
RNAVirHost,Calidris ruficollis,1.0,Birds,Calidris ruficollis,species,Non-mammalian vertebrates,host_data,Calidris ruficollis,
RNAVirHost,Callistephus chinensis,1.0,Plants,Callistephus chinensis,species,Plants,host_data,Callistephus chinensis,
RNAVirHost,Calomys laucha,1.0,Rodents,Calomys laucha,species,Mammals,host_data,Calomys laucha,
RNAVirHost,Camponotus japonicus,1.0,Insects,Camponotus japonicus,species,Invertebrates,host_data,Camponotus japonicus,
RNAVirHost,Camponotus yamaokai,1.0,Insects,Camponotus yamaokai,species,Invertebrates,host_data,Camponotus yamaokai,
RNAVirHost,Cannabis sativa,1.0,Plants,Cannabis sativa,species,Plants,host_data,Cannabis sativa,
RNAVirHost,Capitulum mitella,1.0,Other invertebrates,Capitulum mitella,species,Invertebrates,host_data,Capitulum mitella,
RNAVirHost,Capra aegagrus hircus,1.0,Ungulates,Capra hircus,species,Mammals,host_data,Capra hircus,
RNAVirHost,Capsicum annuum var. glabriusculum,1.0,Plants,Capsicum annuum,species,Plants,host_data,Capsicum annuum,
RNAVirHost,Carnegiea gigantea,1.0,Plants,Carnegiea gigantea,species,Plants,host_data,Carnegiea gigantea,
RNAVirHost,Cavia porcellus,1.0,Rodents,Cavia porcellus,species,Mammals,host_data,Cavia porcellus,
RNAVirHost,Cebus apella,1.0,Non-human primates,Cebus apella,species,Mammals,host_data,Cebus apella,
RNAVirHost,Centaurea cyanus,1.0,Plants,Centaurea cyanus,species,Plants,host_data,Centaurea cyanus,
RNAVirHost,Ceratorhiza oryzae-sativae,1.0,Fungi,Ceratorhiza oryzae-sativae,species,Fungi,host_data,Ceratorhiza oryzae-sativae,
RNAVirHost,Cercocebus torquatus,1.0,Non-human primates,Cercocebus torquatus,species,Mammals,host_data,Cercocebus torquatus,
RNAVirHost,Cercocebus torquatus torquatus,1.0,Non-human primates,Cercocebus torquatus,species,Mammals,host_data,Cercocebus torquatus,
RNAVirHost,Cercopithecus ascanius whitesidei,1.0,Non-human primates,Cercopithecus ascanius,species,Mammals,host_data,Cercopithecus ascanius,
RNAVirHost,Cercopithecus mitis,1.0,Non-human primates,Cercopithecus mitis,species,Mammals,host_data,Cercopithecus mitis,
RNAVirHost,Cestrum parqui,1.0,Plants,Cestrum parqui,species,Plants,host_data,Cestrum parqui,
RNAVirHost,Channa argus x Channa maculata,1.0,Fish,Channa argus x Channa maculata,species,Non-mammalian vertebrates,host_data,Channa argus x Channa maculata,
RNAVirHost,Channa striata,1.0,Fish,Channa striata,species,Non-mammalian vertebrates,host_data,Channa striata,
RNAVirHost,Charybdis japonica,1.0,Other invertebrates,Charybdis japonica,species,Invertebrates,host_data,Charybdis japonica,
RNAVirHost,Choloepus didactylus,1.0,Other/unresolved mammals,Choloepus didactylus,species,Mammals,host_data,Choloepus didactylus,
RNAVirHost,Chroicocephalus ridibundus,1.0,Birds,Chroicocephalus ridibundus,species,Non-mammalian vertebrates,host_data,Chroicocephalus ridibundus,
RNAVirHost,Chrysanthemum indicum,1.0,Plants,Chrysanthemum indicum,species,Plants,host_data,Chrysanthemum indicum,
RNAVirHost,Chrysomya megacephala,1.0,Insects,Chrysomya megacephala,species,Invertebrates,host_data,Chrysomya megacephala,
RNAVirHost,Ciconia ciconia,1.0,Birds,Ciconia ciconia,species,Non-mammalian vertebrates,host_data,Ciconia ciconia,
RNAVirHost,Circus aeruginosus,1.0,Birds,Circus aeruginosus,species,Non-mammalian vertebrates,host_data,Circus aeruginosus,
RNAVirHost,Citrus reticulata x Citrus sinensis,1.0,Plants,Citrus reticulata x Citrus sinensis,species,Plants,host_data,Citrus reticulata x Citrus sinensis,
RNAVirHost,Civettictis civetta,1.0,Carnivores,Civettictis civetta,species,Mammals,host_data,Civettictis civetta,
RNAVirHost,Clitocybe odora,1.0,Fungi,Clitocybe odora,species,Fungi,host_data,Clitocybe odora,
RNAVirHost,Clitoria ternatea,1.0,Plants,Clitoria ternatea,species,Plants,host_data,Clitoria ternatea,
RNAVirHost,Coleura afra,1.0,Bats,Coleura afra,species,Mammals,host_data,Coleura afra,
RNAVirHost,Coquillettidia albicosta,1.0,Insects,Coquillettidia albicosta,species,Invertebrates,host_data,Coquillettidia albicosta,
RNAVirHost,Cricetomys emini,1.0,Rodents,Cricetomys emini,species,Mammals,host_data,Cricetomys emini,
RNAVirHost,Cricetulus griseus,1.0,Rodents,Cricetulus griseus,species,Mammals,host_data,Cricetulus griseus,
RNAVirHost,Crocidura hirta,1.0,Other/unresolved mammals,Crocidura hirta,species,Mammals,host_data,Crocidura hirta,
RNAVirHost,Crocidura olivieri,1.0,Other/unresolved mammals,Crocidura olivieri,species,Mammals,host_data,Crocidura olivieri,
RNAVirHost,Crocus sativus,1.0,Plants,Crocus sativus,species,Plants,host_data,Crocus sativus,
RNAVirHost,Crotalus lepidus,1.0,Reptiles,Crotalus lepidus,species,Non-mammalian vertebrates,host_data,Crotalus lepidus,
RNAVirHost,Cucumis melo subsp. agrestis,1.0,Plants,Cucumis melo,species,Plants,host_data,Cucumis melo,
RNAVirHost,Cucumis melo var. conomon,1.0,Plants,Cucumis melo,species,Plants,host_data,Cucumis melo,
RNAVirHost,Cucurbita pepo subsp. pepo,1.0,Plants,Cucurbita pepo,species,Plants,host_data,Cucurbita pepo,
RNAVirHost,Cucurbita pepo subsp. texana,1.0,Plants,Cucurbita pepo,species,Plants,host_data,Cucurbita pepo,
RNAVirHost,Culex annulioris,1.0,Insects,Culex annulioris,species,Invertebrates,host_data,Culex annulioris,
RNAVirHost,Culex chidesteri,1.0,Insects,Culex chidesteri,species,Invertebrates,host_data,Culex chidesteri,
RNAVirHost,Culex dunni,1.0,Insects,Culex dunni,species,Invertebrates,host_data,Culex dunni,
RNAVirHost,Culex edwardsi,1.0,Insects,Culex edwardsi,species,Invertebrates,host_data,Culex edwardsi,
RNAVirHost,Culex modestus,1.0,Insects,Culex modestus,species,Invertebrates,host_data,Culex modestus,
RNAVirHost,Culex nigripalpus,1.0,Insects,Culex nigripalpus,species,Invertebrates,host_data,Culex nigripalpus,
RNAVirHost,Culex portesi,1.0,Insects,Culex portesi,species,Invertebrates,host_data,Culex portesi,
RNAVirHost,Culicoides austropalpalis,1.0,Insects,Culicoides austropalpalis,species,Invertebrates,host_data,Culicoides austropalpalis,
RNAVirHost,Culicoides insignis,1.0,Insects,Culicoides insignis,species,Invertebrates,host_data,Culicoides insignis,
RNAVirHost,Cyamopsis tetragonoloba,1.0,Plants,Cyamopsis tetragonoloba,species,Plants,host_data,Cyamopsis tetragonoloba,
RNAVirHost,Cymbidium goeringii,1.0,Plants,Cymbidium goeringii,species,Plants,host_data,Cymbidium goeringii,
RNAVirHost,Cymbidium hybrid cultivar,1.0,Plants,Cymbidium hybrid,species,Plants,host_data,Cymbidium hybrid,
RNAVirHost,Cynanchum wilfordii,1.0,Plants,Cynanchum wilfordii,species,Plants,host_data,Cynanchum wilfordii,
RNAVirHost,Cynopterus brachyotis,1.0,Bats,Cynopterus brachyotis,species,Mammals,host_data,Cynopterus brachyotis,
RNAVirHost,Cyrtanthus elatus,1.0,Plants,Cyrtanthus elatus,species,Plants,host_data,Cyrtanthus elatus,
RNAVirHost,Cytospora ceratosperma,1.0,Fungi,Cytospora ceratosperma,species,Fungi,host_data,Cytospora ceratosperma,
RNAVirHost,Daphne mezereum,1.0,Plants,Daphne mezereum,species,Plants,host_data,Daphne mezereum,
RNAVirHost,Datura inoxia,1.0,Plants,Datura inoxia,species,Plants,host_data,Datura inoxia,
RNAVirHost,Datura stramonium var. inermis,1.0,Plants,Datura stramonium,species,Plants,host_data,Datura stramonium,
RNAVirHost,Daucus carota subsp. carota,1.0,Plants,Daucus carota,species,Plants,host_data,Daucus carota,
RNAVirHost,Diachasmimorpha longicaudata,1.0,Insects,Diachasmimorpha longicaudata,species,Invertebrates,host_data,Diachasmimorpha longicaudata,
RNAVirHost,Dimocarpus longan,1.0,Plants,Dimocarpus longan,species,Plants,host_data,Dimocarpus longan,
RNAVirHost,Dinocampus coccinellae,1.0,Insects,Dinocampus coccinellae,species,Invertebrates,host_data,Dinocampus coccinellae,
RNAVirHost,Dioscorea communis,1.0,Plants,Dioscorea communis,species,Plants,host_data,Dioscorea communis,
RNAVirHost,Dioscorea japonica,1.0,Plants,Dioscorea japonica,species,Plants,host_data,Dioscorea japonica,
RNAVirHost,Dioscorea parviflora,1.0,Plants,Dioscorea parviflora,species,Plants,host_data,Dioscorea parviflora,
RNAVirHost,Diospyros virginiana,1.0,Plants,Diospyros virginiana,species,Plants,host_data,Diospyros virginiana,
RNAVirHost,Disocactus flagelliformis,1.0,Plants,Disocactus flagelliformis,species,Plants,host_data,Disocactus flagelliformis,
RNAVirHost,Diuris longifolia,1.0,Plants,Diuris longifolia,species,Plants,host_data,Diuris longifolia,
RNAVirHost,Dracaena sanderiana,1.0,Plants,Dracaena sanderiana,species,Plants,host_data,Dracaena sanderiana,
RNAVirHost,Drosophila affinis,1.0,Insects,Drosophila affinis,species,Invertebrates,host_data,Drosophila affinis,
RNAVirHost,Drosophila ananassae,1.0,Insects,Drosophila ananassae,species,Invertebrates,host_data,Drosophila ananassae,
RNAVirHost,Drosophila immigrans,1.0,Insects,Drosophila immigrans,species,Invertebrates,host_data,Drosophila immigrans,
RNAVirHost,Drosophila subobscura,1.0,Insects,Drosophila subobscura,species,Invertebrates,host_data,Drosophila subobscura,
RNAVirHost,Ecballium elaterium,1.0,Plants,Ecballium elaterium,species,Plants,host_data,Ecballium elaterium,
RNAVirHost,Ectropis obliqua,1.0,Insects,Ectropis obliqua,species,Invertebrates,host_data,Ectropis obliqua,
RNAVirHost,Elaeis guineensis,1.0,Plants,Elaeis guineensis,species,Plants,host_data,Elaeis guineensis,
RNAVirHost,Eleocharis dulcis,1.0,Plants,Eleocharis dulcis,species,Plants,host_data,Eleocharis dulcis,
RNAVirHost,Eleusine indica,1.0,Plants,Eleusine indica,species,Plants,host_data,Eleusine indica,
RNAVirHost,Emberiza spodocephala,1.0,Birds,Emberiza spodocephala,species,Non-mammalian vertebrates,host_data,Emberiza spodocephala,
RNAVirHost,Epichloe festucae,1.0,Fungi,Epichloe festucae,species,Fungi,host_data,Epichloe festucae,
RNAVirHost,Equus ferus,1.0,Other/unresolved mammals,Equus ferus,species,Mammals,host_data,Equus ferus,
RNAVirHost,Eretmapodites leucopous,1.0,Insects,Eretmapodites leucopous,species,Invertebrates,host_data,Eretmapodites leucopous,
RNAVirHost,Erinaceus amurensis,1.0,Other/unresolved mammals,Erinaceus amurensis,species,Mammals,host_data,Erinaceus amurensis,
RNAVirHost,Erinaceus roumanicus,1.0,Other/unresolved mammals,Erinaceus roumanicus,species,Mammals,host_data,Erinaceus roumanicus,
RNAVirHost,Erythrocebus patas,1.0,Non-human primates,Erythrocebus patas,species,Mammals,host_data,Erythrocebus patas,
RNAVirHost,Esox lucius,1.0,Fish,Esox lucius,species,Non-mammalian vertebrates,host_data,Esox lucius,
RNAVirHost,Estrilda troglodytes,1.0,Birds,Estrilda troglodytes,species,Non-mammalian vertebrates,host_data,Estrilda troglodytes,
RNAVirHost,Eudromia elegans,1.0,Birds,Eudromia elegans,species,Non-mammalian vertebrates,host_data,Eudromia elegans,
RNAVirHost,Euproctis pseudoconspersa,1.0,Insects,Euproctis pseudoconspersa,species,Invertebrates,host_data,Euproctis pseudoconspersa,
RNAVirHost,Euscelidius variegatus,1.0,Insects,Euscelidius variegatus,species,Invertebrates,host_data,Euscelidius variegatus,
RNAVirHost,Eustoma grandiflorum,1.0,Plants,Eustoma grandiflorum,species,Plants,host_data,Eustoma grandiflorum,
RNAVirHost,Falco vespertinus,1.0,Birds,Falco vespertinus,species,Non-mammalian vertebrates,host_data,Falco vespertinus,
RNAVirHost,Fusarium coeruleum,1.0,Fungi,Fusarium coeruleum,species,Fungi,host_data,Fusarium coeruleum,
RNAVirHost,Fusarium globosum,1.0,Fungi,Fusarium globosum,species,Fungi,host_data,Fusarium globosum,
RNAVirHost,Fusarium langsethiae,1.0,Fungi,Fusarium langsethiae,species,Fungi,host_data,Fusarium langsethiae,
RNAVirHost,Gallinago gallinago,1.0,Birds,Gallinago gallinago,species,Non-mammalian vertebrates,host_data,Gallinago gallinago,
RNAVirHost,Gallinula chloropus,1.0,Birds,Gallinula chloropus,species,Non-mammalian vertebrates,host_data,Gallinula chloropus,
RNAVirHost,Gerbera jamesonii,1.0,Plants,Gerbera jamesonii,species,Plants,host_data,Gerbera jamesonii,
RNAVirHost,Gerbilliscus kempi,1.0,Rodents,Gerbilliscus kempi,species,Mammals,host_data,Gerbilliscus kempi,
RNAVirHost,Graminella nigrifrons,1.0,Insects,Graminella nigrifrons,species,Invertebrates,host_data,Graminella nigrifrons,
RNAVirHost,Haemaphysalis doenitzi,1.0,Arachnids,Haemaphysalis doenitzi,species,Invertebrates,host_data,Haemaphysalis doenitzi,
RNAVirHost,Haliaeetus leucocephalus,1.0,Birds,Haliaeetus leucocephalus,species,Non-mammalian vertebrates,host_data,Haliaeetus leucocephalus,
RNAVirHost,Haliotis discus,1.0,Other invertebrates,Haliotis discus,species,Invertebrates,host_data,Haliotis discus,
RNAVirHost,Haliotis discus hannai,1.0,Other invertebrates,Haliotis discus,species,Invertebrates,host_data,Haliotis discus,
RNAVirHost,Heliconius erato,1.0,Insects,Heliconius erato,species,Invertebrates,host_data,Heliconius erato,
RNAVirHost,Helicoverpa zea,1.0,Insects,Helicoverpa zea,species,Invertebrates,host_data,Helicoverpa zea,
RNAVirHost,Helleborus x hybridus,1.0,Plants,Helleborus x hybridus,species,Plants,host_data,Helleborus x hybridus,
RNAVirHost,Heracleum sphondylium,1.0,Plants,Heracleum sphondylium,species,Plants,host_data,Heracleum sphondylium,
RNAVirHost,Heteronychus arator,1.0,Insects,Heteronychus arator,species,Invertebrates,host_data,Heteronychus arator,
RNAVirHost,Hibiscus cannabinus,1.0,Plants,Hibiscus cannabinus,species,Plants,host_data,Hibiscus cannabinus,
RNAVirHost,Hipposideros cf. ruber,1.0,Bats,Hipposideros cf. ruber,species,Mammals,host_data,Hipposideros cf. ruber,
RNAVirHost,Hipposideros pratti,1.0,Bats,Hipposideros pratti,species,Mammals,host_data,Hipposideros pratti,
RNAVirHost,Hipposideros vittatus,1.0,Bats,Hipposideros vittatus,species,Mammals,host_data,Hipposideros vittatus,
RNAVirHost,Hoya wayetii,1.0,Plants,Hoya wayetii,species,Plants,host_data,Hoya wayetii,
RNAVirHost,Hyacinthus orientalis,1.0,Plants,Hyacinthus orientalis,species,Plants,host_data,Hyacinthus orientalis,
RNAVirHost,Hyalomma anatolicum,1.0,Arachnids,Hyalomma anatolicum,species,Invertebrates,host_data,Hyalomma anatolicum,
RNAVirHost,Hyalomma anatolicum anatolicum,1.0,Arachnids,Hyalomma anatolicum,species,Invertebrates,host_data,Hyalomma anatolicum,
RNAVirHost,Hydrocoloeus minutus,1.0,Birds,Hydrocoloeus minutus,species,Non-mammalian vertebrates,host_data,Hydrocoloeus minutus,
RNAVirHost,Hypsugo pulveratus,1.0,Bats,Hypsugo pulveratus,species,Mammals,host_data,Hypsugo pulveratus,
RNAVirHost,Ia io,1.0,Bats,Ia io,species,Mammals,host_data,Ia io,
RNAVirHost,Imperata cylindrica,1.0,Plants,Imperata cylindrica,species,Plants,host_data,Imperata cylindrica,
RNAVirHost,Indotestudo forstenii,1.0,Reptiles,Indotestudo forstenii,species,Non-mammalian vertebrates,host_data,Indotestudo forstenii,
RNAVirHost,Ixodes lividus,1.0,Arachnids,Ixodes lividus,species,Invertebrates,host_data,Ixodes lividus,
RNAVirHost,Lagenorhynchus albirostris,1.0,Ungulates,Lagenorhynchus albirostris,species,Mammals,host_data,Lagenorhynchus albirostris,
RNAVirHost,Lagothrix lagotricha,1.0,Non-human primates,Lagothrix lagotricha,species,Mammals,host_data,Lagothrix lagotricha,
RNAVirHost,Lamium maculatum,1.0,Plants,Lamium maculatum,species,Plants,host_data,Lamium maculatum,
RNAVirHost,Lasius niger,1.0,Insects,Lasius niger,species,Invertebrates,host_data,Lasius niger,
RNAVirHost,Lemur catta,1.0,Non-human primates,Lemur catta,species,Mammals,host_data,Lemur catta,
RNAVirHost,Lepomis macrochirus,1.0,Fish,Lepomis macrochirus,species,Non-mammalian vertebrates,host_data,Lepomis macrochirus,
RNAVirHost,Leptopilina boulardi,1.0,Insects,Leptopilina boulardi,species,Invertebrates,host_data,Leptopilina boulardi,
RNAVirHost,Leptosphaeria biglobosa,1.0,Fungi,Leptosphaeria biglobosa,species,Fungi,host_data,Leptosphaeria biglobosa,
RNAVirHost,Lepus granatensis,1.0,Other/unresolved mammals,Lepus granatensis,species,Mammals,host_data,Lepus granatensis,
RNAVirHost,Lespedeza procumbens,1.0,Plants,Lespedeza procumbens,species,Plants,host_data,Lespedeza procumbens,
RNAVirHost,Ligustrum obtusifolium,1.0,Plants,Ligustrum obtusifolium,species,Plants,host_data,Ligustrum obtusifolium,
RNAVirHost,Lilium formosanum,1.0,Plants,Lilium formosanum,species,Plants,host_data,Lilium formosanum,
RNAVirHost,Lilium sp.,1.0,Plants,Lilium sp.,species,Plants,host_data,Lilium sp.,
RNAVirHost,Limatus flavisetosus,1.0,Insects,Limatus flavisetosus,species,Invertebrates,host_data,Limatus flavisetosus,
RNAVirHost,Litopenaeus vannamei,1.0,Other invertebrates,Penaeus vannamei,species,Invertebrates,host_data,Penaeus vannamei,
RNAVirHost,Lonchura striata,1.0,Birds,Lonchura striata,species,Non-mammalian vertebrates,host_data,Lonchura striata,
RNAVirHost,Lupinus nootkatensis,1.0,Plants,Lupinus nootkatensis,species,Plants,host_data,Lupinus nootkatensis,
RNAVirHost,Lupinus polyphyllus,1.0,Plants,Lupinus polyphyllus,species,Plants,host_data,Lupinus polyphyllus,
RNAVirHost,Lygus lineolaris,1.0,Insects,Lygus lineolaris,species,Invertebrates,host_data,Lygus lineolaris,
RNAVirHost,Macaca fuscata,1.0,Non-human primates,Macaca fuscata,species,Mammals,host_data,Macaca fuscata,
RNAVirHost,Macroptilium lathyroides,1.0,Plants,Macroptilium lathyroides,species,Plants,host_data,Macroptilium lathyroides,
RNAVirHost,Macrosiphum euphorbiae,1.0,Insects,Macrosiphum euphorbiae,species,Invertebrates,host_data,Macrosiphum euphorbiae,
RNAVirHost,Mansonia africana,1.0,Insects,Mansonia africana,species,Invertebrates,host_data,Mansonia africana,
RNAVirHost,Microtus montanus,1.0,Rodents,Microtus montanus,species,Mammals,host_data,Microtus montanus,
RNAVirHost,Mirounga leonina,1.0,Other/unresolved mammals,Mirounga leonina,species,Mammals,host_data,Mirounga leonina,
RNAVirHost,Molossus molossus,1.0,Bats,Molossus molossus,species,Mammals,host_data,Molossus molossus,
RNAVirHost,Mus musculus castaneus,1.0,Rodents,Mus musculus,species,Mammals,host_data,Mus musculus,
RNAVirHost,Mus musculus domesticus,1.0,Rodents,Mus musculus,species,Mammals,host_data,Mus musculus,
RNAVirHost,Mus musculus musculus,1.0,Rodents,Mus musculus,species,Mammals,host_data,Mus musculus,
RNAVirHost,Mus sp.,1.0,Other/unresolved mammals,Mus sp.,species,Mammals,host_data,Mus sp.,
RNAVirHost,Mustela lutreola,1.0,Carnivores,Mustela lutreola,species,Mammals,host_data,Mustela lutreola,
RNAVirHost,Mustela putorius,1.0,Carnivores,Mustela putorius,species,Mammals,host_data,Mustela putorius,
RNAVirHost,Myiopsitta monachus,1.0,Birds,Myiopsitta monachus,species,Non-mammalian vertebrates,host_data,Myiopsitta monachus,
RNAVirHost,Myotis blythii,1.0,Bats,Myotis blythii,species,Mammals,host_data,Myotis blythii,
RNAVirHost,Myotis mystacinus,1.0,Bats,Myotis mystacinus,species,Mammals,host_data,Myotis mystacinus,
RNAVirHost,Myotis nattereri,1.0,Bats,Myotis nattereri,species,Mammals,host_data,Myotis nattereri,
RNAVirHost,Myotis yumanensis,1.0,Bats,Myotis yumanensis,species,Mammals,host_data,Myotis yumanensis,
RNAVirHost,Narcissus tazetta var. chinensis,1.0,Plants,Narcissus tazetta,species,Plants,host_data,Narcissus tazetta,
RNAVirHost,Neotoma lepida,1.0,Rodents,Neotoma lepida,species,Mammals,host_data,Neotoma lepida,
RNAVirHost,Neovison vison,1.0,Carnivores,Neovison vison,species,Mammals,host_data,Neovison vison,
RNAVirHost,Nephila clavipes,1.0,Arachnids,Nephila clavipes,species,Invertebrates,host_data,Nephila clavipes,
RNAVirHost,Nesidiocoris tenuis,1.0,Insects,Nesidiocoris tenuis,species,Invertebrates,host_data,Nesidiocoris tenuis,
RNAVirHost,Nicotiana velutina,1.0,Plants,Nicotiana velutina,species,Plants,host_data,Nicotiana velutina,
RNAVirHost,Numididae sp.,1.0,Birds,Numididae sp.,species,Non-mammalian vertebrates,host_data,Numididae sp.,
RNAVirHost,Nylanderia fulva,1.0,Insects,Nylanderia fulva,species,Invertebrates,host_data,Nylanderia fulva,
RNAVirHost,Nyssomyia flaviscutellata,1.0,Insects,Nyssomyia flaviscutellata,species,Invertebrates,host_data,Nyssomyia flaviscutellata,
RNAVirHost,Ochlerotatus vigilax,1.0,Insects,Ochlerotatus vigilax,species,Invertebrates,host_data,Ochlerotatus vigilax,
RNAVirHost,Ocimum basilicum,1.0,Plants,Ocimum basilicum,species,Plants,host_data,Ocimum basilicum,
RNAVirHost,Odobenus rosmarus,1.0,Carnivores,Odobenus rosmarus,species,Mammals,host_data,Odobenus rosmarus,
RNAVirHost,Oligoryzomys nigripes,1.0,Rodents,Oligoryzomys nigripes,species,Mammals,host_data,Oligoryzomys nigripes,
RNAVirHost,Opsiphanes invirae,1.0,Insects,Opsiphanes invirae,species,Invertebrates,host_data,Opsiphanes invirae,
RNAVirHost,Opuntia microdasys,1.0,Plants,Opuntia microdasys,species,Plants,host_data,Opuntia microdasys,
RNAVirHost,Ornithodoros capensis,1.0,Arachnids,Ornithodoros capensis,species,Invertebrates,host_data,Ornithodoros capensis,
RNAVirHost,Ornithodoros coriaceus,1.0,Arachnids,Ornithodoros coriaceus,species,Invertebrates,host_data,Ornithodoros coriaceus,
RNAVirHost,Oryctes rhinoceros,1.0,Insects,Oryctes rhinoceros,species,Invertebrates,host_data,Oryctes rhinoceros,
RNAVirHost,Oryza sativa Japonica Group,1.0,Plants,Oryza sativa,species,Plants,host_data,Oryza sativa,
RNAVirHost,Otolemur crassicaudatus,1.0,Non-human primates,Otolemur crassicaudatus,species,Mammals,host_data,Otolemur crassicaudatus,
RNAVirHost,Panax ginseng,1.0,Plants,Panax ginseng,species,Plants,host_data,Panax ginseng,
RNAVirHost,Papio hamadryas,1.0,Non-human primates,Papio hamadryas,species,Mammals,host_data,Papio hamadryas,
RNAVirHost,Papio ursinus,1.0,Non-human primates,Papio ursinus,species,Mammals,host_data,Papio ursinus,
RNAVirHost,Paraphaeosphaeria minitans,1.0,Fungi,Paraphaeosphaeria minitans,species,Fungi,host_data,Paraphaeosphaeria minitans,
RNAVirHost,Paspalum setaceum,1.0,Plants,Paspalum setaceum,species,Plants,host_data,Paspalum setaceum,
RNAVirHost,Passiflora incarnata,1.0,Plants,Passiflora incarnata,species,Plants,host_data,Passiflora incarnata,
RNAVirHost,Penicillium roqueforti,1.0,Fungi,Penicillium roqueforti,species,Fungi,host_data,Penicillium roqueforti,
RNAVirHost,Perina nuda,1.0,Insects,Perina nuda,species,Invertebrates,host_data,Perina nuda,
RNAVirHost,Phaius flavus,1.0,Plants,Phaius flavus,species,Plants,host_data,Phaius flavus,
RNAVirHost,Phalaenopsis equestris,1.0,Plants,Phalaenopsis equestris,species,Plants,host_data,Phalaenopsis equestris,
RNAVirHost,Philander opossum,1.0,Other/unresolved mammals,Philander opossum,species,Mammals,host_data,Philander opossum,
RNAVirHost,Phleum pratense,1.0,Plants,Phleum pratense,species,Plants,host_data,Phleum pratense,
RNAVirHost,Phlox divaricata,1.0,Plants,Phlox divaricata,species,Plants,host_data,Phlox divaricata,
RNAVirHost,Phragmites australis,1.0,Plants,Phragmites australis,species,Plants,host_data,Phragmites australis,
RNAVirHost,Physalis heterophylla,1.0,Plants,Physalis heterophylla,species,Plants,host_data,Physalis heterophylla,
RNAVirHost,Pieris rapae,1.0,Insects,Pieris rapae,species,Invertebrates,host_data,Pieris rapae,
RNAVirHost,Pinus nigra,1.0,Plants,Pinus nigra,species,Plants,host_data,Pinus nigra,
RNAVirHost,Plautia stali,1.0,Insects,Plautia stali,species,Invertebrates,host_data,Plautia stali,
RNAVirHost,Pleione humilis,1.0,Plants,Pleione humilis,species,Plants,host_data,Pleione humilis,
RNAVirHost,Pleospora typhicola,1.0,Fungi,Pleospora typhicola,species,Fungi,host_data,Pleospora typhicola,
RNAVirHost,Pongo abelii,1.0,Non-human primates,Pongo abelii,species,Mammals,host_data,Pongo abelii,
RNAVirHost,Pongo pygmaeus,1.0,Non-human primates,Pongo pygmaeus,species,Mammals,host_data,Pongo pygmaeus,
RNAVirHost,Pongo pygmaeus pygmaeus,1.0,Non-human primates,Pongo pygmaeus,species,Mammals,host_data,Pongo pygmaeus,
RNAVirHost,Procyon lotor,1.0,Carnivores,Procyon lotor,species,Mammals,host_data,Procyon lotor,
RNAVirHost,Proscyllium habereri,1.0,Fish,Proscyllium habereri,species,Non-mammalian vertebrates,host_data,Proscyllium habereri,
RNAVirHost,Psathyromyia abonnenci,1.0,Insects,Psathyromyia abonnenci,species,Invertebrates,host_data,Psathyromyia abonnenci,
RNAVirHost,Pseudotsuga menziesii,1.0,Plants,Pseudotsuga menziesii,species,Plants,host_data,Pseudotsuga menziesii,
RNAVirHost,Psittacus erithacus,1.0,Birds,Psittacus erithacus,species,Non-mammalian vertebrates,host_data,Psittacus erithacus,
RNAVirHost,Psophocarpus tetragonolobus,1.0,Plants,Psophocarpus tetragonolobus,species,Plants,host_data,Psophocarpus tetragonolobus,
RNAVirHost,Pteronotus parnellii,1.0,Bats,Pteronotus parnellii,species,Mammals,host_data,Pteronotus parnellii,
RNAVirHost,Pteropus hypomelanus,1.0,Bats,Pteropus hypomelanus,species,Mammals,host_data,Pteropus hypomelanus,
RNAVirHost,Pycnonotus jocosus,1.0,Birds,Pycnonotus jocosus,species,Non-mammalian vertebrates,host_data,Pycnonotus jocosus,
RNAVirHost,Pycnonotus sinensis,1.0,Birds,Pycnonotus sinensis,species,Non-mammalian vertebrates,host_data,Pycnonotus sinensis,
RNAVirHost,Pygoscelis adeliae,1.0,Birds,Pygoscelis adeliae,species,Non-mammalian vertebrates,host_data,Pygoscelis adeliae,
RNAVirHost,Pygoscelis papua,1.0,Birds,Pygoscelis papua,species,Non-mammalian vertebrates,host_data,Pygoscelis papua,
RNAVirHost,Rangifer tarandus,1.0,Ungulates,Rangifer tarandus,species,Mammals,host_data,Rangifer tarandus,
RNAVirHost,Rattus leucopus,1.0,Rodents,Rattus leucopus,species,Mammals,host_data,Rattus leucopus,
RNAVirHost,Rattus tanezumi sladeni,1.0,Rodents,Rattus tanezumi,species,Mammals,host_data,Rattus tanezumi,
RNAVirHost,Reithrodontomys megalotis,1.0,Rodents,Reithrodontomys megalotis,species,Mammals,host_data,Reithrodontomys megalotis,
RNAVirHost,Rhinolophus alcyone,1.0,Bats,Rhinolophus alcyone,species,Mammals,host_data,Rhinolophus alcyone,
RNAVirHost,Rhinolophus blasii,1.0,Bats,Rhinolophus blasii,species,Mammals,host_data,Rhinolophus blasii,
RNAVirHost,Rhinolophus cornutus,1.0,Bats,Rhinolophus cornutus,species,Mammals,host_data,Rhinolophus cornutus,
RNAVirHost,Rhinolophus eloquens,1.0,Bats,Rhinolophus eloquens,species,Mammals,host_data,Rhinolophus eloquens,
RNAVirHost,Rhinolophus macrotis,1.0,Bats,Rhinolophus macrotis,species,Mammals,host_data,Rhinolophus macrotis,
RNAVirHost,Rhipicephalus decoloratus,1.0,Arachnids,Rhipicephalus decoloratus,species,Invertebrates,host_data,Rhipicephalus decoloratus,
RNAVirHost,Rhizophagus irregularis,1.0,Fungi,Rhizophagus irregularis,species,Fungi,host_data,Rhizophagus irregularis,
RNAVirHost,Rhizophagus sp. (in: Fungi),1.0,Fungi,Rhizophagus sp. (in: Fungi),species,Fungi,host_data,Rhizophagus sp. (in: Fungi),
RNAVirHost,Rhododendron maximum,1.0,Plants,Rhododendron maximum,species,Plants,host_data,Rhododendron maximum,
RNAVirHost,Rhopalosiphum padi,1.0,Insects,Rhopalosiphum padi,species,Invertebrates,host_data,Rhopalosiphum padi,
RNAVirHost,Ribes americanum,1.0,Plants,Ribes americanum,species,Plants,host_data,Ribes americanum,
RNAVirHost,Riparia paludicola,1.0,Birds,Riparia paludicola,species,Non-mammalian vertebrates,host_data,Riparia paludicola,
RNAVirHost,Riptortus pedestris,1.0,Insects,Riptortus pedestris,species,Invertebrates,host_data,Riptortus pedestris,
RNAVirHost,Rosa hybrid cultivar,1.0,Plants,Rosa hybrid,species,Plants,host_data,Rosa hybrid,
RNAVirHost,Rousettus sp.,1.0,Bats,Rousettus sp.,species,Mammals,host_data,Rousettus sp.,
RNAVirHost,Rudbeckia hirta,1.0,Plants,Rudbeckia hirta,species,Plants,host_data,Rudbeckia hirta,
RNAVirHost,Rudbeckia hirta var. pulcherrima,1.0,Plants,Rudbeckia hirta,species,Plants,host_data,Rudbeckia hirta,
RNAVirHost,Rumex obtusifolius,1.0,Plants,Rumex obtusifolius,species,Plants,host_data,Rumex obtusifolius,
RNAVirHost,Rupicapra rupicapra,1.0,Ungulates,Rupicapra rupicapra,species,Mammals,host_data,Rupicapra rupicapra,
RNAVirHost,Rupicapra rupicapra rupicapra,1.0,Ungulates,Rupicapra rupicapra,species,Mammals,host_data,Rupicapra rupicapra,
RNAVirHost,Sabethes intermedius,1.0,Insects,Sabethes intermedius,species,Invertebrates,host_data,Sabethes intermedius,
RNAVirHost,Saccharum barberi,1.0,Plants,Saccharum barberi,species,Plants,host_data,Saccharum barberi,
RNAVirHost,Saccharum sinense,1.0,Plants,Saccharum sinense,species,Plants,host_data,Saccharum sinense,
RNAVirHost,Salvelinus fontinalis,1.0,Fish,Salvelinus fontinalis,species,Non-mammalian vertebrates,host_data,Salvelinus fontinalis,
RNAVirHost,Salvia divinorum,1.0,Plants,Salvia divinorum,species,Plants,host_data,Salvia divinorum,
RNAVirHost,Salvia hispanica,1.0,Plants,Salvia hispanica,species,Plants,host_data,Salvia hispanica,
RNAVirHost,Salvia splendens,1.0,Plants,Salvia splendens,species,Plants,host_data,Salvia splendens,
RNAVirHost,Sauropus androgynus,1.0,Plants,Sauropus androgynus,species,Plants,host_data,Sauropus androgynus,
RNAVirHost,Scheffersomyces segobiensis,1.0,Fungi,Scheffersomyces segobiensis,species,Fungi,host_data,Scheffersomyces segobiensis,
RNAVirHost,Schizaphis graminum,1.0,Insects,Schizaphis graminum,species,Invertebrates,host_data,Schizaphis graminum,
RNAVirHost,Schmidtea mediterranea,1.0,Other invertebrates,Schmidtea mediterranea,species,Invertebrates,host_data,Schmidtea mediterranea,
RNAVirHost,Sclerotinia minor,1.0,Fungi,Sclerotinia minor,species,Fungi,host_data,Sclerotinia minor,
RNAVirHost,Sclerotinia nivalis,1.0,Fungi,Sclerotinia nivalis,species,Fungi,host_data,Sclerotinia nivalis,
RNAVirHost,Scotophilus dinganii,1.0,Bats,Scotophilus dinganii,species,Mammals,host_data,Scotophilus dinganii,
RNAVirHost,Scrophularia californica,1.0,Plants,Scrophularia californica,species,Plants,host_data,Scrophularia californica,
RNAVirHost,Scylla serrata,1.0,Other invertebrates,Scylla serrata,species,Invertebrates,host_data,Scylla serrata,
RNAVirHost,Secale cereale,1.0,Plants,Secale cereale,species,Plants,host_data,Secale cereale,
RNAVirHost,Sesbania grandiflora,1.0,Plants,Sesbania grandiflora,species,Plants,host_data,Sesbania grandiflora,
RNAVirHost,Sicyos edulis,1.0,Plants,Sicyos edulis,species,Plants,host_data,Sicyos edulis,
RNAVirHost,Sigmodon mascotensis,1.0,Rodents,Sigmodon mascotensis,species,Mammals,host_data,Sigmodon mascotensis,
RNAVirHost,Siniperca chuatsi,1.0,Fish,Siniperca chuatsi,species,Non-mammalian vertebrates,host_data,Siniperca chuatsi,
RNAVirHost,Solanum aculeatissimum,1.0,Plants,Solanum aculeatissimum,species,Plants,host_data,Solanum aculeatissimum,
RNAVirHost,Solanum chancayense,1.0,Plants,Solanum chancayense,species,Plants,host_data,Solanum chancayense,
RNAVirHost,Solanum dulcamara,1.0,Plants,Solanum dulcamara,species,Plants,host_data,Solanum dulcamara,
RNAVirHost,Solanum mammosum,1.0,Plants,Solanum mammosum,species,Plants,host_data,Solanum mammosum,
RNAVirHost,Solanum nodiflorum,1.0,Plants,Solanum nodiflorum,species,Plants,host_data,Solanum nodiflorum,
RNAVirHost,Solanum torvum,1.0,Plants,Solanum torvum,species,Plants,host_data,Solanum torvum,
RNAVirHost,Solanum viarum,1.0,Plants,Solanum viarum,species,Plants,host_data,Solanum viarum,
RNAVirHost,Sorex isodon,1.0,Other/unresolved mammals,Sorex isodon,species,Mammals,host_data,Sorex isodon,
RNAVirHost,Sparus aurata,1.0,Fish,Sparus aurata,species,Non-mammalian vertebrates,host_data,Sparus aurata,
RNAVirHost,Spathiphyllum patinii,1.0,Plants,Spathiphyllum patinii,species,Plants,host_data,Spathiphyllum patinii,
RNAVirHost,Spermophilus dauricus,1.0,Rodents,Spermophilus dauricus,species,Mammals,host_data,Spermophilus dauricus,
RNAVirHost,Struthio camelus,1.0,Birds,Struthio camelus,species,Non-mammalian vertebrates,host_data,Struthio camelus,
RNAVirHost,Styphnolobium japonicum,1.0,Plants,Styphnolobium japonicum,species,Plants,host_data,Styphnolobium japonicum,
RNAVirHost,Teleogryllus oceanicus,1.0,Insects,Teleogryllus oceanicus,species,Invertebrates,host_data,Teleogryllus oceanicus,
RNAVirHost,Telosma cordata,1.0,Plants,Telosma cordata,species,Plants,host_data,Telosma cordata,
RNAVirHost,Testudo hermanni,1.0,Reptiles,Testudo hermanni,species,Non-mammalian vertebrates,host_data,Testudo hermanni,
RNAVirHost,Thalassia testudinum,1.0,Plants,Thalassia testudinum,species,Plants,host_data,Thalassia testudinum,
RNAVirHost,Thelephora terrestris,1.0,Fungi,Thelephora terrestris,species,Fungi,host_data,Thelephora terrestris,
RNAVirHost,Thesium chinense,1.0,Plants,Thesium chinense,species,Plants,host_data,Thesium chinense,
RNAVirHost,Thunbergia alata,1.0,Plants,Thunbergia alata,species,Plants,host_data,Thunbergia alata,
RNAVirHost,Tinca tinca,1.0,Fish,Tinca tinca,species,Non-mammalian vertebrates,host_data,Tinca tinca,
RNAVirHost,Tolypocladium cylindrosporum,1.0,Fungi,Tolypocladium cylindrosporum,species,Fungi,host_data,Tolypocladium cylindrosporum,
RNAVirHost,Torulaspora delbrueckii,1.0,Fungi,Torulaspora delbrueckii,species,Fungi,host_data,Torulaspora delbrueckii,
RNAVirHost,Triatoma infestans,1.0,Insects,Triatoma infestans,species,Invertebrates,host_data,Triatoma infestans,
RNAVirHost,Trichoderma asperellum,1.0,Fungi,Trichoderma asperellum,species,Fungi,host_data,Trichoderma asperellum,
RNAVirHost,Trisetum flavescens,1.0,Plants,Trisetum flavescens,species,Plants,host_data,Trisetum flavescens,
RNAVirHost,Tulipa fosteriana,1.0,Plants,Tulipa fosteriana,species,Plants,host_data,Tulipa fosteriana,
RNAVirHost,Turdus pallidus,1.0,Birds,Turdus pallidus,species,Non-mammalian vertebrates,host_data,Turdus pallidus,
RNAVirHost,Tursiops aduncus,1.0,Ungulates,Tursiops aduncus,species,Mammals,host_data,Tursiops aduncus,
RNAVirHost,Tylonycteris pachypus,1.0,Bats,Tylonycteris pachypus,species,Mammals,host_data,Tylonycteris pachypus,
RNAVirHost,Urocyon cinereoargenteus,1.0,Carnivores,Urocyon cinereoargenteus,species,Mammals,host_data,Urocyon cinereoargenteus,
RNAVirHost,Uroderma bilobatum,1.0,Bats,Uroderma bilobatum,species,Mammals,host_data,Uroderma bilobatum,
RNAVirHost,Urotrichus talpoides,1.0,Other/unresolved mammals,Urotrichus talpoides,species,Mammals,host_data,Urotrichus talpoides,
RNAVirHost,Ustilago maydis,1.0,Fungi,Ustilago maydis,species,Fungi,host_data,Ustilago maydis,
RNAVirHost,Varecia variegata,1.0,Non-human primates,Varecia variegata,species,Mammals,host_data,Varecia variegata,
RNAVirHost,Vespertilio sinensis,1.0,Bats,Vespertilio sinensis,species,Mammals,host_data,Vespertilio sinensis,
RNAVirHost,Vespula pensylvanica,1.0,Other invertebrates,Vespula pensylvanica,species,Invertebrates,host_data,Vespula pensylvanica,
RNAVirHost,Vicia faba var. major,1.0,Plants,Vicia faba,species,Plants,host_data,Vicia faba,
RNAVirHost,Vicia faba var. minor,1.0,Plants,Vicia faba,species,Plants,host_data,Vicia faba,
RNAVirHost,Vicugna pacos,1.0,Ungulates,Vicugna pacos,species,Mammals,host_data,Vicugna pacos,
RNAVirHost,Vitis labrusca x Vitis vinifera,1.0,Plants,Vitis labrusca x Vitis vinifera,species,Plants,host_data,Vitis labrusca x Vitis vinifera,
RNAVirHost,Wisteria sinensis,1.0,Plants,Wisteria sinensis,species,Plants,host_data,Wisteria sinensis,
RNAVirHost,Zygodontomys brevicauda,1.0,Rodents,Zygodontomys brevicauda,species,Mammals,host_data,Zygodontomys brevicauda,
Host Taxon Predictor,Homo sapiens,176.0,Humans,Homo sapiens,species,Mammals,host_data,Homo sapiens,
Host Taxon Predictor,tomato,50.0,Plants,Solanum lycopersicum,species,Plants,host_data,Solanum lycopersicum,
Host Taxon Predictor,chicken,38.0,Birds,Gallus gallus,species,Non-mammalian vertebrates,host_data,Gallus gallus,
Host Taxon Predictor,Bos taurus,34.0,Ungulates,Bos taurus,species,Mammals,host_data,Bos taurus,
Host Taxon Predictor,Pisum sativum,31.0,Plants,Pisum sativum,species,Plants,host_data,Pisum sativum,
Host Taxon Predictor,Sclerotinia sclerotiorum,26.0,Fungi,Sclerotinia sclerotiorum,species,Fungi,host_data,Sclerotinia sclerotiorum,
Host Taxon Predictor,Solanum lycopersicum,26.0,Plants,Solanum lycopersicum,species,Plants,host_data,Solanum lycopersicum,
Host Taxon Predictor,Sus scrofa,23.0,Ungulates,Sus scrofa,species,Mammals,host_data,Sus scrofa,
Host Taxon Predictor,pig,23.0,Ungulates,Sus scrofa,species,Mammals,host_data,Sus scrofa,
Host Taxon Predictor,Culex tritaeniorhynchus,21.0,Insects,Culex tritaeniorhynchus,species,Invertebrates,host_data,Culex tritaeniorhynchus,
Host Taxon Predictor,Fusarium poae MAFF 240374,19.0,Fungi,Fusarium poae,species,Fungi,host_data,Fusarium poae,
Host Taxon Predictor,Lycopersicon esculentum,19.0,Plants,Lycopersicon esculentum,species,Plants,host_data,Lycopersicon esculentum,
Host Taxon Predictor,Abelmoschus esculentus,18.0,Plants,Abelmoschus esculentus,species,Plants,host_data,Abelmoschus esculentus,
Host Taxon Predictor,Eidolon helvum,18.0,Bats,Eidolon helvum,species,Mammals,host_data,Eidolon helvum,
Host Taxon Predictor,Gallus gallus,16.0,Birds,Gallus gallus,species,Non-mammalian vertebrates,host_data,Gallus gallus,
Host Taxon Predictor,Malvastrum coromandelianum,16.0,Plants,Malvastrum coromandelianum,species,Plants,host_data,Malvastrum coromandelianum,
Host Taxon Predictor,dog,16.0,Carnivores,Canis lupus,species,Mammals,host_data,Canis lupus,
Host Taxon Predictor,Cajanus cajan,15.0,Plants,Cajanus cajan,species,Plants,host_data,Cajanus cajan,
Host Taxon Predictor,Hyalopterus pruni,15.0,Insects,Hyalopterus pruni,species,Invertebrates,host_data,Hyalopterus pruni,
Host Taxon Predictor,Phaseolus vulgaris,15.0,Plants,Phaseolus vulgaris,species,Plants,host_data,Phaseolus vulgaris,
Host Taxon Predictor,Rattus norvegicus,15.0,Rodents,Rattus norvegicus,species,Mammals,host_data,Rattus norvegicus,
Host Taxon Predictor,Apis mellifera,14.0,Insects,Apis mellifera,species,Invertebrates,host_data,Apis mellifera,
Host Taxon Predictor,Cryphonectria parasitica,14.0,Fungi,Cryphonectria parasitica,species,Fungi,host_data,Cryphonectria parasitica,
Host Taxon Predictor,Culex nebulosus,14.0,Insects,Culex nebulosus,species,Invertebrates,host_data,Culex nebulosus,
Host Taxon Predictor,Manihot esculenta,14.0,Plants,Manihot esculenta,species,Plants,host_data,Manihot esculenta,
Host Taxon Predictor,Paphies subtriangulata,14.0,Other invertebrates,Paphies subtriangulata,species,Invertebrates,host_data,Paphies subtriangulata,
Host Taxon Predictor,Anopheles annulipes,13.0,Insects,Anopheles annulipes,species,Invertebrates,host_data,Anopheles annulipes,
Host Taxon Predictor,Ctenopharyngodon idella,12.0,Fish,Ctenopharyngodon idella,species,Non-mammalian vertebrates,host_data,Ctenopharyngodon idella,
Host Taxon Predictor,Felis catus,12.0,Carnivores,Felis catus,species,Mammals,host_data,Felis catus,
Host Taxon Predictor,Homalodisca vitripennis,12.0,Insects,Homalodisca vitripennis,species,Invertebrates,host_data,Homalodisca vitripennis,
Host Taxon Predictor,Ipomoea batatas,12.0,Plants,Ipomoea batatas,species,Plants,host_data,Ipomoea batatas,
Host Taxon Predictor,Microplitis demolitor,12.0,Insects,Microplitis demolitor,species,Invertebrates,host_data,Microplitis demolitor,
Host Taxon Predictor,Rousettus leschenaultii,12.0,Bats,Rousettus leschenaultii,species,Mammals,host_data,Rousettus leschenaultii,
Host Taxon Predictor,Etheostoma fonticola,11.0,Fish,Etheostoma fonticola,species,Non-mammalian vertebrates,host_data,Etheostoma fonticola,
Host Taxon Predictor,Micromonas pusilla,11.0,Plants,Micromonas pusilla,species,Plants,host_data,Micromonas pusilla,
Host Taxon Predictor,Papio cynocephalus,11.0,Non-human primates,Papio cynocephalus,species,Mammals,host_data,Papio cynocephalus,
Host Taxon Predictor,Pteropus scapulatus,11.0,Bats,Pteropus scapulatus,species,Mammals,host_data,Pteropus scapulatus,
Host Taxon Predictor,Spissistilus festinus,11.0,Insects,Spissistilus festinus,species,Invertebrates,host_data,Spissistilus festinus,
Host Taxon Predictor,human,11.0,Non-human primates,Homo sapiens,species,Mammals,host_data,Homo sapiens,
Host Taxon Predictor,Ageratum conyzoides,10.0,Plants,Ageratum conyzoides,species,Plants,host_data,Ageratum conyzoides,
Host Taxon Predictor,Atheris squamigera,10.0,Reptiles,Atheris squamigera,species,Non-mammalian vertebrates,host_data,Atheris squamigera,
Host Taxon Predictor,Botryosphaeria dothidea,10.0,Fungi,Botryosphaeria dothidea,species,Fungi,host_data,Botryosphaeria dothidea,
Host Taxon Predictor,Cebus apella,10.0,Non-human primates,Cebus apella,species,Mammals,host_data,Cebus apella,
Host Taxon Predictor,Eucampsipoda africana,10.0,Insects,Eucampsipoda africana,species,Invertebrates,host_data,Eucampsipoda africana,
Host Taxon Predictor,Lymantria dispar,10.0,Insects,Lymantria dispar,species,Invertebrates,host_data,Lymantria dispar,
Host Taxon Predictor,Nicotiana tabacum,10.0,Plants,Nicotiana tabacum,species,Plants,host_data,Nicotiana tabacum,
Host Taxon Predictor,Pan troglodytes,10.0,Non-human primates,Pan troglodytes,species,Mammals,host_data,Pan troglodytes,
Host Taxon Predictor,Rhipicephalus microplus,10.0,Arachnids,Rhipicephalus microplus,species,Invertebrates,host_data,Rhipicephalus microplus,
Host Taxon Predictor,Vicia faba,10.0,Plants,Vicia faba,species,Plants,host_data,Vicia faba,
Host Taxon Predictor,Vitis vinifera cv. Cabernet Sauvignon,10.0,Plants,Vitis vinifera,species,Plants,host_data,Vitis vinifera,
Host Taxon Predictor,Zea mays,10.0,Plants,Zea mays,species,Plants,host_data,Zea mays,
Host Taxon Predictor,swine,10.0,Ungulates,Sus scrofa,species,Mammals,host_data,Sus scrofa,
Host Taxon Predictor,wheat,10.0,Plants,Triticum aestivum,species,Plants,host_data,Triticum aestivum,
Host Taxon Predictor,Lutzomyia longipalpis,9.0,Insects,Lutzomyia longipalpis,species,Invertebrates,host_data,Lutzomyia longipalpis,
Host Taxon Predictor,Ovis aries,9.0,Ungulates,Ovis aries,species,Mammals,host_data,Ovis aries,
Host Taxon Predictor,Procordulia grayi,9.0,Insects,Procordulia grayi,species,Invertebrates,host_data,Procordulia grayi,
Host Taxon Predictor,cattle,9.0,Ungulates,Bos taurus,species,Mammals,host_data,Bos taurus,
Host Taxon Predictor,Austrovenus stutchburyi,8.0,Other invertebrates,Austrovenus stutchburyi,species,Invertebrates,host_data,Austrovenus stutchburyi,
Host Taxon Predictor,Equus caballus,8.0,Other/unresolved mammals,Equus caballus,species,Mammals,host_data,Equus caballus,
Host Taxon Predictor,Gossypium hirsutum,8.0,Plants,Gossypium hirsutum,species,Plants,host_data,Gossypium hirsutum,
Host Taxon Predictor,Macroptilium lathyroides,8.0,Plants,Macroptilium lathyroides,species,Plants,host_data,Macroptilium lathyroides,
Host Taxon Predictor,Mastomys natalensis,8.0,Rodents,Mastomys natalensis,species,Mammals,host_data,Mastomys natalensis,
Host Taxon Predictor,Oryza sativa,8.0,Plants,Oryza sativa,species,Plants,host_data,Oryza sativa,
Host Taxon Predictor,Penaeus monodon,8.0,Other invertebrates,Penaeus monodon,species,Invertebrates,host_data,Penaeus monodon,
Host Taxon Predictor,Vigna unguiculata,8.0,Plants,Vigna unguiculata,species,Plants,host_data,Vigna unguiculata,
Host Taxon Predictor,Vitis vinifera,8.0,Plants,Vitis vinifera,species,Plants,host_data,Vitis vinifera,
Host Taxon Predictor,Allium sativum,7.0,Plants,Allium sativum,species,Plants,host_data,Allium sativum,
Host Taxon Predictor,Capsicum annuum,7.0,Plants,Capsicum annuum,species,Plants,host_data,Capsicum annuum,
Host Taxon Predictor,Culex quinquefasciatus,7.0,Insects,Culex quinquefasciatus,species,Invertebrates,host_data,Culex quinquefasciatus,
Host Taxon Predictor,Daucus carota,7.0,Plants,Daucus carota,species,Plants,host_data,Daucus carota,
Host Taxon Predictor,Erysiphe trifoliorum,7.0,Fungi,Erysiphe trifoliorum,species,Fungi,host_data,Erysiphe trifoliorum,
Host Taxon Predictor,Meleagris gallopavo,7.0,Birds,Meleagris gallopavo,species,Non-mammalian vertebrates,host_data,Meleagris gallopavo,
Host Taxon Predictor,Mnemiopsis leidyi,7.0,Other invertebrates,Mnemiopsis leidyi,species,Invertebrates,host_data,Mnemiopsis leidyi,
Host Taxon Predictor,Rousettus aegyptiacus,7.0,Bats,Rousettus aegyptiacus,species,Mammals,host_data,Rousettus aegyptiacus,
Host Taxon Predictor,Sida acuta,7.0,Plants,Sida acuta,species,Plants,host_data,Sida acuta,
Host Taxon Predictor,Somateria mollissima,7.0,Birds,Somateria mollissima,species,Non-mammalian vertebrates,host_data,Somateria mollissima,
Host Taxon Predictor,Ustilaginoidea virens,7.0,Fungi,Ustilaginoidea virens,species,Fungi,host_data,Ustilaginoidea virens,
Host Taxon Predictor,Anas platyrhynchos,6.0,Birds,Anas platyrhynchos,species,Non-mammalian vertebrates,host_data,Anas platyrhynchos,
Host Taxon Predictor,Boa constrictor,6.0,Reptiles,Boa constrictor,species,Non-mammalian vertebrates,host_data,Boa constrictor,
Host Taxon Predictor,Chlorocebus sabaeus,6.0,Non-human primates,Chlorocebus sabaeus,species,Mammals,host_data,Chlorocebus sabaeus,
Host Taxon Predictor,Dermacentor marginatus,6.0,Arachnids,Dermacentor marginatus,species,Invertebrates,host_data,Dermacentor marginatus,
Host Taxon Predictor,Discula destructiva Redlin,6.0,Fungi,Discula destructiva,species,Fungi,host_data,Discula destructiva,
Host Taxon Predictor,Glycine max,6.0,Plants,Glycine max,species,Plants,host_data,Glycine max,
Host Taxon Predictor,Macaca fascicularis,6.0,Non-human primates,Macaca fascicularis,species,Mammals,host_data,Macaca fascicularis,
Host Taxon Predictor,Mus musculus,6.0,Rodents,Mus musculus,species,Mammals,host_data,Mus musculus,
Host Taxon Predictor,Pan troglodytes verus,6.0,Non-human primates,Pan troglodytes,species,Mammals,host_data,Pan troglodytes,
Host Taxon Predictor,Rosellinia necatrix,6.0,Fungi,Rosellinia necatrix,species,Fungi,host_data,Rosellinia necatrix,
Host Taxon Predictor,Sus scrofa domesticus,6.0,Ungulates,Sus scrofa,species,Mammals,host_data,Sus scrofa,
Host Taxon Predictor,Talpa europaea,6.0,Other/unresolved mammals,Talpa europaea,species,Mammals,host_data,Talpa europaea,
Host Taxon Predictor,Triticum aestivum,6.0,Plants,Triticum aestivum,species,Plants,host_data,Triticum aestivum,
Host Taxon Predictor,Zalophus californianus,6.0,Carnivores,Zalophus californianus,species,Mammals,host_data,Zalophus californianus,
Host Taxon Predictor,Amblyomma americanum,5.0,Arachnids,Amblyomma americanum,species,Invertebrates,host_data,Amblyomma americanum,
Host Taxon Predictor,Botrytis cinerea,5.0,Fungi,Botrytis cinerea,species,Fungi,host_data,Botrytis cinerea,
Host Taxon Predictor,Camelus dromedarius,5.0,Ungulates,Camelus dromedarius,species,Mammals,host_data,Camelus dromedarius,
Host Taxon Predictor,Canis familiaris,5.0,Carnivores,Canis lupus,species,Mammals,host_data,Canis lupus,
Host Taxon Predictor,Cladosporium cladosporioides,5.0,Fungi,Cladosporium cladosporioides,species,Fungi,host_data,Cladosporium cladosporioides,
Host Taxon Predictor,Ficus carica,5.0,Plants,Ficus carica,species,Plants,host_data,Ficus carica,
Host Taxon Predictor,Gallus gallus domesticus,5.0,Birds,Gallus gallus,species,Non-mammalian vertebrates,host_data,Gallus gallus,
Host Taxon Predictor,Lactuca sativa,5.0,Plants,Lactuca sativa,species,Plants,host_data,Lactuca sativa,
Host Taxon Predictor,Ligustrum japonicum,5.0,Plants,Ligustrum japonicum,species,Plants,host_data,Ligustrum japonicum,
Host Taxon Predictor,Medicago sativa,5.0,Plants,Medicago sativa,species,Plants,host_data,Medicago sativa,
Host Taxon Predictor,Miniopterus schreibersii,5.0,Bats,Miniopterus schreibersii,species,Mammals,host_data,Miniopterus schreibersii,
Host Taxon Predictor,Musca domestica,5.0,Insects,Musca domestica,species,Invertebrates,host_data,Musca domestica,
Host Taxon Predictor,Neoscona nautica,5.0,Arachnids,Neoscona nautica,species,Invertebrates,host_data,Neoscona nautica,
Host Taxon Predictor,Nicotiana benthamiana,5.0,Plants,Nicotiana benthamiana,species,Plants,host_data,Nicotiana benthamiana,
Host Taxon Predictor,Phoca vitulina,5.0,Carnivores,Phoca vitulina,species,Mammals,host_data,Phoca vitulina,
Host Taxon Predictor,Rhinolophus sinicus,5.0,Bats,Rhinolophus sinicus,species,Mammals,host_data,Rhinolophus sinicus,
Host Taxon Predictor,Rosa multiflora,5.0,Plants,Rosa multiflora,species,Plants,host_data,Rosa multiflora,
Host Taxon Predictor,Sida urens,5.0,Plants,Sida urens,species,Plants,host_data,Sida urens,
Host Taxon Predictor,Solanum tuberosum,5.0,Plants,Solanum tuberosum,species,Plants,host_data,Solanum tuberosum,
Host Taxon Predictor,Solenopsis invicta,5.0,Insects,Solenopsis invicta,species,Invertebrates,host_data,Solenopsis invicta,
Host Taxon Predictor,Spinacia oleracea,5.0,Plants,Spinacia oleracea,species,Plants,host_data,Spinacia oleracea,
Host Taxon Predictor,Amphibola crenata,4.0,Other invertebrates,Amphibola crenata,species,Invertebrates,host_data,Amphibola crenata,
Host Taxon Predictor,Anethum graveolens var. hortorum,4.0,Plants,Anethum graveolens,species,Plants,host_data,Anethum graveolens,
Host Taxon Predictor,Aspergillus foetidus IMI 41871,4.0,Fungi,Aspergillus foetidus,species,Fungi,host_data,Aspergillus foetidus,
Host Taxon Predictor,Asystasia gangetica,4.0,Plants,Asystasia gangetica,species,Plants,host_data,Asystasia gangetica,
Host Taxon Predictor,Atherigona orientalis,4.0,Insects,Atherigona orientalis,species,Invertebrates,host_data,Atherigona orientalis,
Host Taxon Predictor,Beauveria bassiana strain EABb 92/11-Dm,4.0,Fungi,Beauveria bassiana,species,Fungi,host_data,Beauveria bassiana,
Host Taxon Predictor,Beta vulgaris,4.0,Plants,Beta vulgaris,species,Plants,host_data,Beta vulgaris,
Host Taxon Predictor,Caenorhabditis briggsae,4.0,Other invertebrates,Caenorhabditis briggsae,species,Invertebrates,host_data,Caenorhabditis briggsae,
Host Taxon Predictor,Canis lupus familiaris,4.0,Carnivores,Canis lupus,species,Mammals,host_data,Canis lupus,
Host Taxon Predictor,Carica papaya,4.0,Plants,Carica papaya,species,Plants,host_data,Carica papaya,
Host Taxon Predictor,Chlorocebus pygerythrus,4.0,Non-human primates,Chlorocebus pygerythrus,species,Mammals,host_data,Chlorocebus pygerythrus,
Host Taxon Predictor,Ctenocephalides felis,4.0,Insects,Ctenocephalides felis,species,Invertebrates,host_data,Ctenocephalides felis,
Host Taxon Predictor,Cucurbita moschata,4.0,Plants,Cucurbita moschata,species,Plants,host_data,Cucurbita moschata,
Host Taxon Predictor,Cucurbita pepo,4.0,Plants,Cucurbita pepo,species,Plants,host_data,Cucurbita pepo,
Host Taxon Predictor,Culex annulirostris,4.0,Insects,Culex annulirostris,species,Invertebrates,host_data,Culex annulirostris,
Host Taxon Predictor,Diospyros kaki,4.0,Plants,Diospyros kaki,species,Plants,host_data,Diospyros kaki,
Host Taxon Predictor,Drosophila melanogaster,4.0,Insects,Drosophila melanogaster,species,Invertebrates,host_data,Drosophila melanogaster,
Host Taxon Predictor,Echinothrips americanus,4.0,Insects,Echinothrips americanus,species,Invertebrates,host_data,Echinothrips americanus,
Host Taxon Predictor,Fusarium oxysporum f. sp. dianthi,4.0,Fungi,Fusarium oxysporum,species,Fungi,host_data,Fusarium oxysporum,
Host Taxon Predictor,Gremmeniella abietina,4.0,Fungi,Gremmeniella abietina,species,Fungi,host_data,Gremmeniella abietina,
Host Taxon Predictor,Haemaphysalis doenitzi,4.0,Arachnids,Haemaphysalis doenitzi,species,Invertebrates,host_data,Haemaphysalis doenitzi,
Host Taxon Predictor,Haemaphysalis hystricis,4.0,Arachnids,Haemaphysalis hystricis,species,Invertebrates,host_data,Haemaphysalis hystricis,
Host Taxon Predictor,Helianthus annuus,4.0,Plants,Helianthus annuus,species,Plants,host_data,Helianthus annuus,
Host Taxon Predictor,Herpestes ichneumon,4.0,Carnivores,Herpestes ichneumon,species,Mammals,host_data,Herpestes ichneumon,
Host Taxon Predictor,Hibiscus cannabinus,4.0,Plants,Hibiscus cannabinus,species,Plants,host_data,Hibiscus cannabinus,
Host Taxon Predictor,Hipposideros gigas,4.0,Bats,Hipposideros gigas,species,Mammals,host_data,Hipposideros gigas,
Host Taxon Predictor,Ixodes uriae,4.0,Arachnids,Ixodes uriae,species,Invertebrates,host_data,Ixodes uriae,
Host Taxon Predictor,Micaelamys namaquensis,4.0,Rodents,Micaelamys namaquensis,species,Mammals,host_data,Micaelamys namaquensis,
Host Taxon Predictor,Oryctolagus cuniculus,4.0,Other mammals,Oryctolagus cuniculus,species,Mammals,host_data,Oryctolagus cuniculus,
Host Taxon Predictor,Pantala flavescens,4.0,Insects,Pantala flavescens,species,Invertebrates,host_data,Pantala flavescens,
Host Taxon Predictor,Passiflora edulis f. flavicarpa,4.0,Plants,Passiflora edulis,species,Plants,host_data,Passiflora edulis,
Host Taxon Predictor,Penaeus vannamei,4.0,Other invertebrates,Penaeus vannamei,species,Invertebrates,host_data,Penaeus vannamei,
Host Taxon Predictor,Penicillium chrysogenum strain ATCC 9480,4.0,Fungi,Penicillium chrysogenum,species,Fungi,host_data,Penicillium chrysogenum,
Host Taxon Predictor,Penicillium janczewskii isolate MUT4358,4.0,Fungi,Penicillium janczewskii,species,Fungi,host_data,Penicillium janczewskii,
Host Taxon Predictor,Prunus persica,4.0,Plants,Prunus persica,species,Plants,host_data,Prunus persica,
Host Taxon Predictor,Rhizoctonia solani AG-1 IA,4.0,Fungi,Rhizoctonia solani,species,Fungi,host_data,Rhizoctonia solani,
Host Taxon Predictor,Rhynchosia minima,4.0,Plants,Rhynchosia minima,species,Plants,host_data,Rhynchosia minima,
Host Taxon Predictor,Rosellinia necatrix isolate W8,4.0,Fungi,Rosellinia necatrix,species,Fungi,host_data,Rosellinia necatrix,
Host Taxon Predictor,Sigmodon alstoni,4.0,Rodents,Sigmodon alstoni,species,Mammals,host_data,Sigmodon alstoni,
Host Taxon Predictor,Sorbus aucuparia L.,4.0,Plants,Sorbus aucuparia,species,Plants,host_data,Sorbus aucuparia,
Host Taxon Predictor,Tadarida brasiliensis,4.0,Bats,Tadarida brasiliensis,species,Mammals,host_data,Tadarida brasiliensis,
Host Taxon Predictor,Trifolium pratense cv. Nemaro,4.0,Plants,Trifolium pratense,species,Plants,host_data,Trifolium pratense,
Host Taxon Predictor,Ageratum houstonianum,3.0,Plants,Ageratum houstonianum,species,Plants,host_data,Ageratum houstonianum,
Host Taxon Predictor,Ameiva ameiva ameiva,3.0,Reptiles,Ameiva ameiva,species,Non-mammalian vertebrates,host_data,Ameiva ameiva,
Host Taxon Predictor,Anguilla anguilla,3.0,Fish,Anguilla anguilla,species,Non-mammalian vertebrates,host_data,Anguilla anguilla,
Host Taxon Predictor,Anopheles funestus,3.0,Insects,Anopheles funestus,species,Invertebrates,host_data,Anopheles funestus,
Host Taxon Predictor,Anourosorex squamipes,3.0,Other/unresolved mammals,Anourosorex squamipes,species,Mammals,host_data,Anourosorex squamipes,
Host Taxon Predictor,Apodemus flavicollis,3.0,Rodents,Apodemus flavicollis,species,Mammals,host_data,Apodemus flavicollis,
Host Taxon Predictor,Argas miniatus,3.0,Arachnids,Argas miniatus,species,Invertebrates,host_data,Argas miniatus,
Host Taxon Predictor,Aulacorthum magnoliae,3.0,Insects,Aulacorthum magnoliae,species,Invertebrates,host_data,Aulacorthum magnoliae,
Host Taxon Predictor,Avena sativa,3.0,Plants,Avena sativa,species,Plants,host_data,Avena sativa,
Host Taxon Predictor,Bemisia tabaci,3.0,Insects,Bemisia tabaci,species,Invertebrates,host_data,Bemisia tabaci,
Host Taxon Predictor,Blainvillea rhomboidea,3.0,Plants,Blainvillea rhomboidea,species,Plants,host_data,Blainvillea rhomboidea,
Host Taxon Predictor,Blattella germanica,3.0,Insects,Blattella germanica,species,Invertebrates,host_data,Blattella germanica,
Host Taxon Predictor,Brassica rapa,3.0,Plants,Brassica rapa,species,Plants,host_data,Brassica rapa,
Host Taxon Predictor,Bromus hordeaceus,3.0,Plants,Bromus hordeaceus,species,Plants,host_data,Bromus hordeaceus,
Host Taxon Predictor,Caluromys philander,3.0,Other/unresolved mammals,Caluromys philander,species,Mammals,host_data,Caluromys philander,
Host Taxon Predictor,Carios pusillus,3.0,Arachnids,Carios pusillus,species,Invertebrates,host_data,Carios pusillus,
Host Taxon Predictor,Chaoborus trivitattus,3.0,Insects,Chaoborus trivitattus,species,Invertebrates,host_data,Chaoborus trivitattus,
Host Taxon Predictor,Choloepus didactylus,3.0,Other/unresolved mammals,Choloepus didactylus,species,Mammals,host_data,Choloepus didactylus,
Host Taxon Predictor,Cicer arietinum,3.0,Plants,Cicer arietinum,species,Plants,host_data,Cicer arietinum,
Host Taxon Predictor,Citrus volkameriana,3.0,Plants,Citrus volkameriana,species,Plants,host_data,Citrus volkameriana,
Host Taxon Predictor,Coccinia grandis,3.0,Plants,Coccinia grandis,species,Plants,host_data,Coccinia grandis,
Host Taxon Predictor,Crocidura douceti,3.0,Other/unresolved mammals,Crocidura douceti,species,Mammals,host_data,Crocidura douceti,
Host Taxon Predictor,Crocidura hirta,3.0,Other/unresolved mammals,Crocidura hirta,species,Mammals,host_data,Crocidura hirta,
Host Taxon Predictor,Crocidura lasiura strain Cixi-Cl-23,3.0,Other/unresolved mammals,Crocidura lasiura,species,Mammals,host_data,Crocidura lasiura,
Host Taxon Predictor,Crocidura shantungensis,3.0,Other/unresolved mammals,Crocidura shantungensis,species,Mammals,host_data,Crocidura shantungensis,
Host Taxon Predictor,Cucumis melo,3.0,Plants,Cucumis melo,species,Plants,host_data,Cucumis melo,
Host Taxon Predictor,Culex australicus,3.0,Insects,Culex australicus,species,Invertebrates,host_data,Culex australicus,
Host Taxon Predictor,Culex tarsalis,3.0,Insects,Culex tarsalis,species,Invertebrates,host_data,Culex tarsalis,
Host Taxon Predictor,Cyprinus carpio,3.0,Fish,Cyprinus carpio,species,Non-mammalian vertebrates,host_data,Cyprinus carpio,
Host Taxon Predictor,Desmodus rotundus,3.0,Bats,Desmodus rotundus,species,Mammals,host_data,Desmodus rotundus,
Host Taxon Predictor,Dioscorea rotundata,3.0,Plants,Dioscorea rotundata,species,Plants,host_data,Dioscorea rotundata,
Host Taxon Predictor,Dobsonia moluccensis,3.0,Bats,Dobsonia moluccensis,species,Mammals,host_data,Dobsonia moluccensis,
Host Taxon Predictor,Eliurus majori,3.0,Rodents,Eliurus majori,species,Mammals,host_data,Eliurus majori,
Host Taxon Predictor,Emilia sonchifolia,3.0,Plants,Emilia sonchifolia,species,Plants,host_data,Emilia sonchifolia,
Host Taxon Predictor,Eothenomys eleusis,3.0,Rodents,Eothenomys eleusis,species,Mammals,host_data,Eothenomys eleusis,
Host Taxon Predictor,Erinaceus europaeus,3.0,Other/unresolved mammals,Erinaceus europaeus,species,Mammals,host_data,Erinaceus europaeus,
Host Taxon Predictor,Fragaria chiloensis,3.0,Plants,Fragaria chiloensis,species,Plants,host_data,Fragaria chiloensis,
Host Taxon Predictor,Fusarium graminearum,3.0,Fungi,Fusarium graminearum,species,Fungi,host_data,Fusarium graminearum,
Host Taxon Predictor,Fusarium graminearum DK3,3.0,Fungi,Fusarium graminearum,species,Fungi,host_data,Fusarium graminearum,
Host Taxon Predictor,Gallus gallus momesticus,3.0,Birds,Gallus gallus,species,Non-mammalian vertebrates,host_data,Gallus gallus,
Host Taxon Predictor,Gentiana triflora,3.0,Plants,Gentiana triflora,species,Plants,host_data,Gentiana triflora,
Host Taxon Predictor,Gerygone albofrontata,3.0,Birds,Gerygone albofrontata,species,Non-mammalian vertebrates,host_data,Gerygone albofrontata,
Host Taxon Predictor,Haemaphysalis flava,3.0,Arachnids,Haemaphysalis flava,species,Invertebrates,host_data,Haemaphysalis flava,
Host Taxon Predictor,Helicoverpa armigera,3.0,Insects,Helicoverpa armigera,species,Invertebrates,host_data,Helicoverpa armigera,
Host Taxon Predictor,Hyalomma asiaticum,3.0,Arachnids,Hyalomma asiaticum,species,Invertebrates,host_data,Hyalomma asiaticum,
Host Taxon Predictor,Hyalomma dromedarii,3.0,Arachnids,Hyalomma dromedarii,species,Invertebrates,host_data,Hyalomma dromedarii,
Host Taxon Predictor,Hylomyscus simus,3.0,Rodents,Hylomyscus simus,species,Mammals,host_data,Hylomyscus simus,
Host Taxon Predictor,Leptonychotes weddellii,3.0,Carnivores,Leptonychotes weddellii,species,Mammals,host_data,Leptonychotes weddellii,
Host Taxon Predictor,Liatris spicata,3.0,Plants,Liatris spicata,species,Plants,host_data,Liatris spicata,
Host Taxon Predictor,Limatus flavisetosus,3.0,Insects,Limatus flavisetosus,species,Invertebrates,host_data,Limatus flavisetosus,
Host Taxon Predictor,Ludwigia hyssopifolia,3.0,Plants,Ludwigia hyssopifolia,species,Plants,host_data,Ludwigia hyssopifolia,
Host Taxon Predictor,Macaca mulatta,3.0,Non-human primates,Macaca mulatta,species,Mammals,host_data,Macaca mulatta,
Host Taxon Predictor,Mansonia uniformis,3.0,Insects,Mansonia uniformis,species,Invertebrates,host_data,Mansonia uniformis,
Host Taxon Predictor,Microtus maximowiczii,3.0,Rodents,Microtus maximowiczii,species,Mammals,host_data,Microtus maximowiczii,
Host Taxon Predictor,Mirabilis jalapa,3.0,Plants,Mirabilis jalapa,species,Plants,host_data,Mirabilis jalapa,
Host Taxon Predictor,Myotis ricketti,3.0,Bats,Myotis ricketti,species,Mammals,host_data,Myotis ricketti,
Host Taxon Predictor,Oriolus oriolus,3.0,Birds,Oriolus oriolus,species,Non-mammalian vertebrates,host_data,Oriolus oriolus,
Host Taxon Predictor,Ornithodoros erraticus,3.0,Arachnids,Ornithodoros erraticus,species,Invertebrates,host_data,Ornithodoros erraticus,
Host Taxon Predictor,Otomops martiensseni,3.0,Bats,Otomops martiensseni,species,Mammals,host_data,Otomops martiensseni,
Host Taxon Predictor,Peromyscus beatae,3.0,Rodents,Peromyscus beatae,species,Mammals,host_data,Peromyscus beatae,
Host Taxon Predictor,Phocoena phocoena,3.0,Ungulates,Phocoena phocoena,species,Mammals,host_data,Phocoena phocoena,
Host Taxon Predictor,Phytophthora infestans,3.0,Protists & oomycetes,Phytophthora infestans,species,Protists & oomycetes,host_data,Phytophthora infestans,
Host Taxon Predictor,Piliocolobus tephrosceles,3.0,Non-human primates,Piliocolobus tephrosceles,species,Mammals,host_data,Piliocolobus tephrosceles,
Host Taxon Predictor,Proechimys guyannensis,3.0,Rodents,Proechimys guyannensis,species,Mammals,host_data,Proechimys guyannensis,
Host Taxon Predictor,Prunus avium,3.0,Plants,Prunus avium,species,Plants,host_data,Prunus avium,
Host Taxon Predictor,Rhinolophus ferrumequinum,3.0,Bats,Rhinolophus ferrumequinum,species,Mammals,host_data,Rhinolophus ferrumequinum,
Host Taxon Predictor,Rhipicephalus decoloratus,3.0,Arachnids,Rhipicephalus decoloratus,species,Invertebrates,host_data,Rhipicephalus decoloratus,
Host Taxon Predictor,Rousettus amplexicaudatus,3.0,Bats,Rousettus amplexicaudatus,species,Mammals,host_data,Rousettus amplexicaudatus,
Host Taxon Predictor,Sclerotinia sclerotiorum strain Sunf-M,3.0,Fungi,Sclerotinia sclerotiorum,species,Fungi,host_data,Sclerotinia sclerotiorum,
Host Taxon Predictor,Serinus canaria f. domestica,3.0,Birds,Serinus canaria,species,Non-mammalian vertebrates,host_data,Serinus canaria,
Host Taxon Predictor,Solanum tuberosum subsp. andigena,3.0,Plants,Solanum tuberosum,species,Plants,host_data,Solanum tuberosum,
Host Taxon Predictor,Sorex roboratus,3.0,Other/unresolved mammals,Sorex roboratus,species,Mammals,host_data,Sorex roboratus,
Host Taxon Predictor,Syringa vulgaris,3.0,Plants,Syringa vulgaris,species,Plants,host_data,Syringa vulgaris,
Host Taxon Predictor,Ulmus glabra,3.0,Plants,Ulmus glabra,species,Plants,host_data,Ulmus glabra,
Host Taxon Predictor,Aedes albopictus,2.0,Insects,Aedes albopictus,species,Invertebrates,host_data,Aedes albopictus,
Host Taxon Predictor,Ailurus fulgens,2.0,Carnivores,Ailurus fulgens,species,Mammals,host_data,Ailurus fulgens,
Host Taxon Predictor,Alcea rosea,2.0,Plants,Alcea rosea,species,Plants,host_data,Alcea rosea,
Host Taxon Predictor,Allium chinense,2.0,Plants,Allium chinense,species,Plants,host_data,Allium chinense,
Host Taxon Predictor,Alternaria brassicicola,2.0,Fungi,Alternaria brassicicola,species,Fungi,host_data,Alternaria brassicicola,
Host Taxon Predictor,Andrographis paniculata,2.0,Plants,Andrographis paniculata,species,Plants,host_data,Andrographis paniculata,
Host Taxon Predictor,Arabidopsis halleri,2.0,Plants,Arabidopsis halleri,species,Plants,host_data,Arabidopsis halleri,
Host Taxon Predictor,Arctium lappa,2.0,Plants,Arctium lappa,species,Plants,host_data,Arctium lappa,
Host Taxon Predictor,Arctocephalus forsteri,2.0,Carnivores,Arctocephalus forsteri,species,Mammals,host_data,Arctocephalus forsteri,
Host Taxon Predictor,Arracacia xanthorrhiza,2.0,Plants,Arracacia xanthorrhiza,species,Plants,host_data,Arracacia xanthorrhiza,
Host Taxon Predictor,Astragalus sinicus,2.0,Plants,Astragalus sinicus,species,Plants,host_data,Astragalus sinicus,
Host Taxon Predictor,Beta vulgaris cv. Mars,2.0,Plants,Beta vulgaris,species,Plants,host_data,Beta vulgaris,
Host Taxon Predictor,Biomphalaria glabrata,2.0,Other invertebrates,Biomphalaria glabrata,species,Invertebrates,host_data,Biomphalaria glabrata,
Host Taxon Predictor,Bipolaris maydis,2.0,Fungi,Bipolaris maydis,species,Fungi,host_data,Bipolaris maydis,
Host Taxon Predictor,Caenorhabditis elegans,2.0,Other invertebrates,Caenorhabditis elegans,species,Invertebrates,host_data,Caenorhabditis elegans,
Host Taxon Predictor,Callinectes sapidus,2.0,Other invertebrates,Callinectes sapidus,species,Invertebrates,host_data,Callinectes sapidus,
Host Taxon Predictor,Cannabis sativa,2.0,Plants,Cannabis sativa,species,Plants,host_data,Cannabis sativa,
Host Taxon Predictor,Capra hircus,2.0,Ungulates,Capra hircus,species,Mammals,host_data,Capra hircus,
Host Taxon Predictor,Capraria biflora,2.0,Plants,Capraria biflora,species,Plants,host_data,Capraria biflora,
Host Taxon Predictor,Chaetoceros tenuissimus strain 2-10,2.0,Algae,Chaetoceros tenuissimus,species,Algae,host_data,Chaetoceros tenuissimus,
Host Taxon Predictor,Chelonia mydas,2.0,Reptiles,Chelonia mydas,species,Non-mammalian vertebrates,host_data,Chelonia mydas,
Host Taxon Predictor,Citrus sinensis,2.0,Plants,Citrus sinensis,species,Plants,host_data,Citrus sinensis,
Host Taxon Predictor,Citrus sinensis var. Pera,2.0,Plants,Citrus sinensis,species,Plants,host_data,Citrus sinensis,
Host Taxon Predictor,Clerodendrum cyrtophyllum Turcz.,2.0,Plants,Clerodendrum cyrtophyllum,species,Plants,host_data,Clerodendrum cyrtophyllum,
Host Taxon Predictor,Colocasia esculenta,2.0,Plants,Colocasia esculenta,species,Plants,host_data,Colocasia esculenta,
Host Taxon Predictor,Coquillettidia xanthogaster,2.0,Insects,Coquillettidia xanthogaster,species,Invertebrates,host_data,Coquillettidia xanthogaster,
Host Taxon Predictor,Coracias garrulus,2.0,Birds,Coracias garrulus,species,Non-mammalian vertebrates,host_data,Coracias garrulus,
Host Taxon Predictor,Corallus annulatus,2.0,Reptiles,Corallus annulatus,species,Non-mammalian vertebrates,host_data,Corallus annulatus,
Host Taxon Predictor,Corchorus capsularis,2.0,Plants,Corchorus capsularis,species,Plants,host_data,Corchorus capsularis,
Host Taxon Predictor,Corchorus olitorius,2.0,Plants,Corchorus olitorius,species,Plants,host_data,Corchorus olitorius,
Host Taxon Predictor,Corchorus siliquosus,2.0,Plants,Corchorus siliquosus,species,Plants,host_data,Corchorus siliquosus,
Host Taxon Predictor,Coriandrum sativum,2.0,Plants,Coriandrum sativum,species,Plants,host_data,Coriandrum sativum,
Host Taxon Predictor,Culex bitaeniorhynchus,2.0,Insects,Culex bitaeniorhynchus,species,Invertebrates,host_data,Culex bitaeniorhynchus,
Host Taxon Predictor,Culex decens,2.0,Insects,Culex decens,species,Invertebrates,host_data,Culex decens,
Host Taxon Predictor,Culex pipiens,2.0,Insects,Culex pipiens,species,Invertebrates,host_data,Culex pipiens,
Host Taxon Predictor,Culex portesi,2.0,Insects,Culex portesi,species,Invertebrates,host_data,Culex portesi,
Host Taxon Predictor,Cyanoramphus auriceps,2.0,Birds,Cyanoramphus auriceps,species,Non-mammalian vertebrates,host_data,Cyanoramphus auriceps,
Host Taxon Predictor,Datura stramonium,2.0,Plants,Datura stramonium,species,Plants,host_data,Datura stramonium,
Host Taxon Predictor,Deinbollia borbonica,2.0,Plants,Deinbollia borbonica,species,Plants,host_data,Deinbollia borbonica,
Host Taxon Predictor,Diabrotica virgifera virgifera,2.0,Insects,Diabrotica virgifera,species,Invertebrates,host_data,Diabrotica virgifera,
Host Taxon Predictor,Dianthus chinensis,2.0,Plants,Dianthus chinensis,species,Plants,host_data,Dianthus chinensis,
Host Taxon Predictor,Diaphorina citri,2.0,Insects,Diaphorina citri,species,Invertebrates,host_data,Diaphorina citri,
Host Taxon Predictor,Dioscorea opposita,2.0,Plants,Dioscorea opposita,species,Plants,host_data,Dioscorea opposita,
Host Taxon Predictor,Dioscorea trifida,2.0,Plants,Dioscorea trifida,species,Plants,host_data,Dioscorea trifida,
Host Taxon Predictor,Eclipta prostrata,2.0,Plants,Eclipta prostrata,species,Plants,host_data,Eclipta prostrata,
Host Taxon Predictor,Enhydra lutris,2.0,Carnivores,Enhydra lutris,species,Mammals,host_data,Enhydra lutris,
Host Taxon Predictor,Eptesicus serotinus,2.0,Bats,Eptesicus serotinus,species,Mammals,host_data,Eptesicus serotinus,
Host Taxon Predictor,Equus ferus caballus,2.0,Other/unresolved mammals,Equus caballus,species,Mammals,host_data,Equus caballus,
Host Taxon Predictor,Eragrostis curvula,2.0,Plants,Eragrostis curvula,species,Plants,host_data,Eragrostis curvula,
Host Taxon Predictor,Erysiphe palczewskii,2.0,Fungi,Erysiphe palczewskii,species,Fungi,host_data,Erysiphe palczewskii,
Host Taxon Predictor,Erythemis simplicicollis,2.0,Insects,Erythemis simplicicollis,species,Invertebrates,host_data,Erythemis simplicicollis,
Host Taxon Predictor,Erythrodiplax umbrata,2.0,Insects,Erythrodiplax umbrata,species,Invertebrates,host_data,Erythrodiplax umbrata,
Host Taxon Predictor,Euphorbia heterophylla,2.0,Plants,Euphorbia heterophylla,species,Plants,host_data,Euphorbia heterophylla,
Host Taxon Predictor,Euphorbia heterophylla L.,2.0,Plants,Euphorbia heterophylla,species,Plants,host_data,Euphorbia heterophylla,
Host Taxon Predictor,Euphorbia pulcherrima,2.0,Plants,Euphorbia pulcherrima,species,Plants,host_data,Euphorbia pulcherrima,
Host Taxon Predictor,Formica exsecta,2.0,Insects,Formica exsecta,species,Invertebrates,host_data,Formica exsecta,
Host Taxon Predictor,Fritillaria thunbergii,2.0,Plants,Fritillaria thunbergii,species,Plants,host_data,Fritillaria thunbergii,
Host Taxon Predictor,Girardia tigrina,2.0,Other invertebrates,Girardia tigrina,species,Invertebrates,host_data,Girardia tigrina,
Host Taxon Predictor,Gorilla gorilla,2.0,Non-human primates,Gorilla gorilla,species,Mammals,host_data,Gorilla gorilla,
Host Taxon Predictor,Gossypium darwinii,2.0,Plants,Gossypium darwinii,species,Plants,host_data,Gossypium darwinii,
Host Taxon Predictor,Gremmeniella abietina type A,2.0,Fungi,Gremmeniella abietina,species,Fungi,host_data,Gremmeniella abietina,
Host Taxon Predictor,Hardenbergia comptoniana,2.0,Plants,Hardenbergia comptoniana,species,Plants,host_data,Hardenbergia comptoniana,
Host Taxon Predictor,Heterobasidion parviporum 7R242 associated with Picea abies,2.0,Fungi,Heterobasidion parviporum,species,Fungi,host_data,Heterobasidion parviporum,
Host Taxon Predictor,Hibiscus rosa-sinensis,2.0,Plants,Hibiscus rosa-sinensis,species,Plants,host_data,Hibiscus rosa-sinensis,
Host Taxon Predictor,Hipposideros commersoni,2.0,Bats,Hipposideros commersoni,species,Mammals,host_data,Hipposideros commersoni,
Host Taxon Predictor,Hydrangea macrophylla,2.0,Plants,Hydrangea macrophylla,species,Plants,host_data,Hydrangea macrophylla,
Host Taxon Predictor,Ixeridium dentatum,2.0,Plants,Ixeridium dentatum,species,Plants,host_data,Ixeridium dentatum,
Host Taxon Predictor,Ixodes scapularis,2.0,Arachnids,Ixodes scapularis,species,Invertebrates,host_data,Ixodes scapularis,
Host Taxon Predictor,Lama glama,2.0,Ungulates,Lama glama,species,Mammals,host_data,Lama glama,
Host Taxon Predictor,Lamium album,2.0,Plants,Lamium album,species,Plants,host_data,Lamium album,
Host Taxon Predictor,Laodelphax striatella,2.0,Insects,Laodelphax striatella,species,Invertebrates,host_data,Laodelphax striatella,
Host Taxon Predictor,Lemur catta,2.0,Non-human primates,Lemur catta,species,Mammals,host_data,Lemur catta,
Host Taxon Predictor,Lens culinaris,2.0,Plants,Lens culinaris,species,Plants,host_data,Lens culinaris,
Host Taxon Predictor,Lepomis macrochirus,2.0,Fish,Lepomis macrochirus,species,Non-mammalian vertebrates,host_data,Lepomis macrochirus,
Host Taxon Predictor,Lissotriton vulgaris,2.0,Amphibians,Lissotriton vulgaris,species,Non-mammalian vertebrates,host_data,Lissotriton vulgaris,
Host Taxon Predictor,Lonicera japonica,2.0,Plants,Lonicera japonica,species,Plants,host_data,Lonicera japonica,
Host Taxon Predictor,Macrobrachium rosenbergii,2.0,Other invertebrates,Macrobrachium rosenbergii,species,Invertebrates,host_data,Macrobrachium rosenbergii,
Host Taxon Predictor,Macrotyloma uniflorum,2.0,Plants,Macrotyloma uniflorum,species,Plants,host_data,Macrotyloma uniflorum,
Host Taxon Predictor,Malvastrum coromandelianum L.,2.0,Plants,Malvastrum coromandelianum,species,Plants,host_data,Malvastrum coromandelianum,
Host Taxon Predictor,Mandrillus sphinx,2.0,Non-human primates,Mandrillus sphinx,species,Mammals,host_data,Mandrillus sphinx,
Host Taxon Predictor,Marmota himalayana,2.0,Rodents,Marmota himalayana,species,Mammals,host_data,Marmota himalayana,
Host Taxon Predictor,Medicago lupulina,2.0,Plants,Medicago lupulina,species,Plants,host_data,Medicago lupulina,
Host Taxon Predictor,Meles meles,2.0,Carnivores,Meles meles,species,Mammals,host_data,Meles meles,
Host Taxon Predictor,Mesocricetus auratus,2.0,Rodents,Mesocricetus auratus,species,Mammals,host_data,Mesocricetus auratus,
Host Taxon Predictor,Microtus arvalis,2.0,Rodents,Microtus arvalis,species,Mammals,host_data,Microtus arvalis,
Host Taxon Predictor,Mus minutoides,2.0,Rodents,Mus minutoides,species,Mammals,host_data,Mus minutoides,
Host Taxon Predictor,Mustela putorius furo,2.0,Carnivores,Mustela putorius,species,Mammals,host_data,Mustela putorius,
Host Taxon Predictor,Myotomys unisulcatus,2.0,Rodents,Myotomys unisulcatus,species,Mammals,host_data,Myotomys unisulcatus,
Host Taxon Predictor,Narcissus tazetta var. chinensis,2.0,Plants,Narcissus tazetta,species,Plants,host_data,Narcissus tazetta,
Host Taxon Predictor,Nilaparvata lugens,2.0,Insects,Nilaparvata lugens,species,Invertebrates,host_data,Nilaparvata lugens,
Host Taxon Predictor,Notemigonus crysoleucas,2.0,Fish,Notemigonus crysoleucas,species,Non-mammalian vertebrates,host_data,Notemigonus crysoleucas,
Host Taxon Predictor,Ocimum basilicum,2.0,Plants,Ocimum basilicum,species,Plants,host_data,Ocimum basilicum,
Host Taxon Predictor,Oligoryzomys fulvescens,2.0,Rodents,Oligoryzomys fulvescens,species,Mammals,host_data,Oligoryzomys fulvescens,
Host Taxon Predictor,Oncorhynchus mykiss,2.0,Fish,Oncorhynchus mykiss,species,Non-mammalian vertebrates,host_data,Oncorhynchus mykiss,
Host Taxon Predictor,Orgyia pseudotsugata,2.0,Insects,Orgyia pseudotsugata,species,Invertebrates,host_data,Orgyia pseudotsugata,
Host Taxon Predictor,Oxalis corniculata,2.0,Plants,Oxalis corniculata,species,Plants,host_data,Oxalis corniculata,
Host Taxon Predictor,Oxalis tuberosa,2.0,Plants,Oxalis tuberosa,species,Plants,host_data,Oxalis tuberosa,
Host Taxon Predictor,Panax notoginseng,2.0,Plants,Panax notoginseng,species,Plants,host_data,Panax notoginseng,
Host Taxon Predictor,Papaver somniferum,2.0,Plants,Papaver somniferum,species,Plants,host_data,Papaver somniferum,
Host Taxon Predictor,Pelargonium zonale,2.0,Plants,Pelargonium zonale,species,Plants,host_data,Pelargonium zonale,
Host Taxon Predictor,Penicillium aurantiogriseum isolate MUT4330-c,2.0,Fungi,Penicillium aurantiogriseum,species,Fungi,host_data,Penicillium aurantiogriseum,
Host Taxon Predictor,Penicillium aurantiogriseum isolate MUT4330-d,2.0,Fungi,Penicillium aurantiogriseum,species,Fungi,host_data,Penicillium aurantiogriseum,
Host Taxon Predictor,Perca fluviatilis,2.0,Fish,Perca fluviatilis,species,Non-mammalian vertebrates,host_data,Perca fluviatilis,
Host Taxon Predictor,Peromyscus californicus,2.0,Rodents,Peromyscus californicus,species,Mammals,host_data,Peromyscus californicus,
Host Taxon Predictor,Phaseolus vulgaris cultivar Quivican,2.0,Plants,Phaseolus vulgaris,species,Plants,host_data,Phaseolus vulgaris,
Host Taxon Predictor,Pimephales promelas,2.0,Fish,Pimephales promelas,species,Non-mammalian vertebrates,host_data,Pimephales promelas,
Host Taxon Predictor,Pipistrellus pipistrellus,2.0,Bats,Pipistrellus pipistrellus,species,Mammals,host_data,Pipistrellus pipistrellus,
Host Taxon Predictor,Pleurotus ostreatus,2.0,Fungi,Pleurotus ostreatus,species,Fungi,host_data,Pleurotus ostreatus,
Host Taxon Predictor,Plumeria rubra f. acutifolia,2.0,Plants,Plumeria rubra,species,Plants,host_data,Plumeria rubra,
Host Taxon Predictor,Primula malacoides Franch.,2.0,Plants,Primula malacoides,species,Plants,host_data,Primula malacoides,
Host Taxon Predictor,Procyon lotor,2.0,Carnivores,Procyon lotor,species,Mammals,host_data,Procyon lotor,
Host Taxon Predictor,Prunus domestica,2.0,Plants,Prunus domestica,species,Plants,host_data,Prunus domestica,
Host Taxon Predictor,Prunus mume,2.0,Plants,Prunus mume,species,Plants,host_data,Prunus mume,
Host Taxon Predictor,Pseudogymnoascus destructans,2.0,Fungi,Pseudogymnoascus destructans,species,Fungi,host_data,Pseudogymnoascus destructans,
Host Taxon Predictor,Pteronotus parnellii,2.0,Bats,Pteronotus parnellii,species,Mammals,host_data,Pteronotus parnellii,
Host Taxon Predictor,Pteropus giganteus,2.0,Bats,Pteropus giganteus,species,Mammals,host_data,Pteropus giganteus,
Host Taxon Predictor,Pteropus vampyrus,2.0,Bats,Pteropus vampyrus,species,Mammals,host_data,Pteropus vampyrus,
Host Taxon Predictor,Pygoscelis adeliae,2.0,Birds,Pygoscelis adeliae,species,Non-mammalian vertebrates,host_data,Pygoscelis adeliae,
Host Taxon Predictor,Raphanus sativus,2.0,Plants,Raphanus sativus,species,Plants,host_data,Raphanus sativus,
Host Taxon Predictor,Raphanus sativus cv. Yidianhong,2.0,Plants,Raphanus sativus,species,Plants,host_data,Raphanus sativus,
Host Taxon Predictor,Rosellinia necatrix W113,2.0,Fungi,Rosellinia necatrix,species,Fungi,host_data,Rosellinia necatrix,
Host Taxon Predictor,Rosellinia necatrix W779 strain,2.0,Fungi,Rosellinia necatrix,species,Fungi,host_data,Rosellinia necatrix,
Host Taxon Predictor,Rupicapra rupicapra,2.0,Ungulates,Rupicapra rupicapra,species,Mammals,host_data,Rupicapra rupicapra,
Host Taxon Predictor,Saccharomyces cerevisiae,2.0,Fungi,Saccharomyces cerevisiae,species,Fungi,host_data,Saccharomyces cerevisiae,
Host Taxon Predictor,Saccharum officinarum,2.0,Plants,Saccharum officinarum,species,Plants,host_data,Saccharum officinarum,
Host Taxon Predictor,Salmo salar L.,2.0,Fish,Salmo salar,species,Non-mammalian vertebrates,host_data,Salmo salar,
Host Taxon Predictor,Sauropus androgynus,2.0,Plants,Sauropus androgynus,species,Plants,host_data,Sauropus androgynus,
Host Taxon Predictor,Sclerotium hydrophilum,2.0,Fungi,Sclerotium hydrophilum,species,Fungi,host_data,Sclerotium hydrophilum,
Host Taxon Predictor,Scophthalmus maximus,2.0,Fish,Scophthalmus maximus,species,Non-mammalian vertebrates,host_data,Scophthalmus maximus,
Host Taxon Predictor,Senna occidentalis,2.0,Plants,Senna occidentalis,species,Plants,host_data,Senna occidentalis,
Host Taxon Predictor,Sigesbeckia glabrescens,2.0,Plants,Sigesbeckia glabrescens,species,Plants,host_data,Sigesbeckia glabrescens,
Host Taxon Predictor,Sigmodon hispidus,2.0,Rodents,Sigmodon hispidus,species,Mammals,host_data,Sigmodon hispidus,
Host Taxon Predictor,Sinapis alba,2.0,Plants,Sinapis alba,species,Plants,host_data,Sinapis alba,
Host Taxon Predictor,Solanum lycopersicum L.,2.0,Plants,Solanum lycopersicum,species,Plants,host_data,Solanum lycopersicum,
Host Taxon Predictor,Solea senegalensis,2.0,Fish,Solea senegalensis,species,Non-mammalian vertebrates,host_data,Solea senegalensis,
Host Taxon Predictor,Sparus aurata,2.0,Fish,Sparus aurata,species,Non-mammalian vertebrates,host_data,Sparus aurata,
Host Taxon Predictor,Spinacia oleracea SP82,2.0,Plants,Spinacia oleracea,species,Plants,host_data,Spinacia oleracea,
Host Taxon Predictor,Spodoptera exigua,2.0,Insects,Spodoptera exigua,species,Invertebrates,host_data,Spodoptera exigua,
Host Taxon Predictor,Spodoptera frugiperda,2.0,Insects,Spodoptera frugiperda,species,Invertebrates,host_data,Spodoptera frugiperda,
Host Taxon Predictor,Suncus murinus,2.0,Other/unresolved mammals,Suncus murinus,species,Mammals,host_data,Suncus murinus,
Host Taxon Predictor,Synedrella nodiflora,2.0,Plants,Synedrella nodiflora,species,Plants,host_data,Synedrella nodiflora,
Host Taxon Predictor,Telfairia occidentalis,2.0,Plants,Telfairia occidentalis,species,Plants,host_data,Telfairia occidentalis,
Host Taxon Predictor,Theobroma cacao,2.0,Plants,Theobroma cacao,species,Plants,host_data,Theobroma cacao,
Host Taxon Predictor,Trichechus manatus latirostris,2.0,Other/unresolved mammals,Trichechus manatus,species,Mammals,host_data,Trichechus manatus,
Host Taxon Predictor,Trichomonas vaginalis,2.0,Protists & oomycetes,Trichomonas vaginalis,species,Protists & oomycetes,host_data,Trichomonas vaginalis,
Host Taxon Predictor,Trichomonas vaginalis isolate UR1 clone 1,2.0,Protists & oomycetes,Trichomonas vaginalis,species,Protists & oomycetes,host_data,Trichomonas vaginalis,
Host Taxon Predictor,Trifolium repens cv. Lirepa,2.0,Plants,Trifolium repens,species,Plants,host_data,Trifolium repens,
Host Taxon Predictor,Trifolium subterraneum L.,2.0,Plants,Trifolium subterraneum,species,Plants,host_data,Trifolium subterraneum,
Host Taxon Predictor,Tuber aestivum,2.0,Fungi,Tuber aestivum,species,Fungi,host_data,Tuber aestivum,
Host Taxon Predictor,Tursiops truncatus,2.0,Ungulates,Tursiops truncatus,species,Mammals,host_data,Tursiops truncatus,
Host Taxon Predictor,Vanilla planifolia,2.0,Plants,Vanilla planifolia,species,Plants,host_data,Vanilla planifolia,
Host Taxon Predictor,Zostera marina,2.0,Plants,Zostera marina,species,Plants,host_data,Zostera marina,
Host Taxon Predictor,Abelmoschus manihot subsp. tetraphyllus,1.0,Plants,Abelmoschus manihot,species,Plants,host_data,Abelmoschus manihot,
Host Taxon Predictor,Acartia tonsa,1.0,Other invertebrates,Acartia tonsa,species,Invertebrates,host_data,Acartia tonsa,
Host Taxon Predictor,Acerodon celebensis,1.0,Bats,Acerodon celebensis,species,Mammals,host_data,Acerodon celebensis,
Host Taxon Predictor,Acheta domesticus,1.0,Insects,Acheta domesticus,species,Invertebrates,host_data,Acheta domesticus,
Host Taxon Predictor,Actinidia chinensis,1.0,Plants,Actinidia chinensis,species,Plants,host_data,Actinidia chinensis,
Host Taxon Predictor,Actinidia chinensis cv. Hort16a,1.0,Plants,Actinidia chinensis,species,Plants,host_data,Actinidia chinensis,
Host Taxon Predictor,Adoxophyes orana,1.0,Insects,Adoxophyes orana,species,Invertebrates,host_data,Adoxophyes orana,
Host Taxon Predictor,Aedes aegypti,1.0,Insects,Aedes aegypti,species,Invertebrates,host_data,Aedes aegypti,
Host Taxon Predictor,Aedes aegypti Galveston colony,1.0,Insects,Aedes aegypti,species,Invertebrates,host_data,Aedes aegypti,
Host Taxon Predictor,Aedes vexans,1.0,Insects,Aedes vexans,species,Invertebrates,host_data,Aedes vexans,
Host Taxon Predictor,Agave tequilana,1.0,Plants,Agave tequilana,species,Plants,host_data,Agave tequilana,
Host Taxon Predictor,Agrotis segetum,1.0,Insects,Agrotis segetum,species,Invertebrates,host_data,Agrotis segetum,
Host Taxon Predictor,Ailuropoda melanoleuca,1.0,Carnivores,Ailuropoda melanoleuca,species,Mammals,host_data,Ailuropoda melanoleuca,
Host Taxon Predictor,Allamanda cathartica,1.0,Plants,Allamanda cathartica,species,Plants,host_data,Allamanda cathartica,
Host Taxon Predictor,Allamanda cathartica Linn.,1.0,Plants,Allamanda cathartica,species,Plants,host_data,Allamanda cathartica,
Host Taxon Predictor,Allium cepa,1.0,Plants,Allium cepa,species,Plants,host_data,Allium cepa,
Host Taxon Predictor,Allium fistulosum,1.0,Plants,Allium fistulosum,species,Plants,host_data,Allium fistulosum,
Host Taxon Predictor,Allium sativum L.,1.0,Plants,Allium sativum,species,Plants,host_data,Allium sativum,
Host Taxon Predictor,Alouatta caraya,1.0,Non-human primates,Alouatta caraya,species,Mammals,host_data,Alouatta caraya,
Host Taxon Predictor,Alternaria alternata,1.0,Fungi,Alternaria alternata,species,Fungi,host_data,Alternaria alternata,
Host Taxon Predictor,Alternaria arborescens,1.0,Fungi,Alternaria arborescens,species,Fungi,host_data,Alternaria arborescens,
Host Taxon Predictor,Alternaria longipes,1.0,Fungi,Alternaria longipes,species,Fungi,host_data,Alternaria longipes,
Host Taxon Predictor,Amazona farinosa,1.0,Birds,Amazona farinosa,species,Non-mammalian vertebrates,host_data,Amazona farinosa,
Host Taxon Predictor,Amazona oratrix,1.0,Birds,Amazona oratrix,species,Non-mammalian vertebrates,host_data,Amazona oratrix,
Host Taxon Predictor,Amorphophallus konjac K. Koch,1.0,Plants,Amorphophallus konjac,species,Plants,host_data,Amorphophallus konjac,
Host Taxon Predictor,Amphibalanus rhizophorae,1.0,Other invertebrates,Amphibalanus rhizophorae,species,Invertebrates,host_data,Amphibalanus rhizophorae,
Host Taxon Predictor,Anas rubripes,1.0,Birds,Anas rubripes,species,Non-mammalian vertebrates,host_data,Anas rubripes,
Host Taxon Predictor,Angelonia angustifolia,1.0,Plants,Angelonia angustifolia,species,Plants,host_data,Angelonia angustifolia,
Host Taxon Predictor,Anguilla australis,1.0,Fish,Anguilla australis,species,Non-mammalian vertebrates,host_data,Anguilla australis,
Host Taxon Predictor,Anguilla marmorata,1.0,Fish,Anguilla marmorata,species,Non-mammalian vertebrates,host_data,Anguilla marmorata,
Host Taxon Predictor,Anopheles albimanus,1.0,Insects,Anopheles albimanus,species,Invertebrates,host_data,Anopheles albimanus,
Host Taxon Predictor,Anopheles atropos,1.0,Insects,Anopheles atropos,species,Invertebrates,host_data,Anopheles atropos,
Host Taxon Predictor,Anopheles coluzzii,1.0,Insects,Anopheles coluzzii,species,Invertebrates,host_data,Anopheles coluzzii,
Host Taxon Predictor,Anopheles coustani,1.0,Insects,Anopheles coustani,species,Invertebrates,host_data,Anopheles coustani,
Host Taxon Predictor,Anopheles farauti,1.0,Insects,Anopheles farauti,species,Invertebrates,host_data,Anopheles farauti,
Host Taxon Predictor,Anopheles gambiae,1.0,Insects,Anopheles gambiae,species,Invertebrates,host_data,Anopheles gambiae,
Host Taxon Predictor,Anopheles hinesorum,1.0,Insects,Anopheles hinesorum,species,Invertebrates,host_data,Anopheles hinesorum,
Host Taxon Predictor,Anopheles meraukensis,1.0,Insects,Anopheles meraukensis,species,Invertebrates,host_data,Anopheles meraukensis,
Host Taxon Predictor,Anopheles quadrimaculatus,1.0,Insects,Anopheles quadrimaculatus,species,Invertebrates,host_data,Anopheles quadrimaculatus,
Host Taxon Predictor,Anopheles sinensis,1.0,Insects,Anopheles sinensis,species,Invertebrates,host_data,Anopheles sinensis,
Host Taxon Predictor,Anredera cordifolia,1.0,Plants,Anredera cordifolia,species,Plants,host_data,Anredera cordifolia,
Host Taxon Predictor,Anser anser,1.0,Birds,Anser anser,species,Non-mammalian vertebrates,host_data,Anser anser,
Host Taxon Predictor,Anser anser domestica,1.0,Birds,Anser anser,species,Non-mammalian vertebrates,host_data,Anser anser,
Host Taxon Predictor,Anser caerulescens,1.0,Birds,Anser caerulescens,species,Non-mammalian vertebrates,host_data,Anser caerulescens,
Host Taxon Predictor,Antheraea pernyi,1.0,Insects,Antheraea pernyi,species,Invertebrates,host_data,Antheraea pernyi,
Host Taxon Predictor,Anthocercis littorea,1.0,Plants,Anthocercis littorea,species,Plants,host_data,Anthocercis littorea,
Host Taxon Predictor,Anticarsia gemmatalis,1.0,Insects,Anticarsia gemmatalis,species,Invertebrates,host_data,Anticarsia gemmatalis,
Host Taxon Predictor,Antonospora locustae ATCC-30860,1.0,Fungi,Antonospora locustae,species,Fungi,host_data,Antonospora locustae,
Host Taxon Predictor,Aphis fabae,1.0,Insects,Aphis fabae,species,Invertebrates,host_data,Aphis fabae,
Host Taxon Predictor,Aphis glycines,1.0,Insects,Aphis glycines,species,Invertebrates,host_data,Aphis glycines,
Host Taxon Predictor,Aphis glycines Matsumura,1.0,Insects,Aphis glycines,species,Invertebrates,host_data,Aphis glycines,
Host Taxon Predictor,Apium graveolens,1.0,Plants,Apium graveolens,species,Plants,host_data,Apium graveolens,
Host Taxon Predictor,Apium graveolens L.,1.0,Plants,Apium graveolens,species,Plants,host_data,Apium graveolens,
Host Taxon Predictor,Apodemus agrarius,1.0,Rodents,Apodemus agrarius,species,Mammals,host_data,Apodemus agrarius,
Host Taxon Predictor,Apodemus chevrieri,1.0,Rodents,Apodemus chevrieri,species,Mammals,host_data,Apodemus chevrieri,
Host Taxon Predictor,Apodemus sylvaticus,1.0,Rodents,Apodemus sylvaticus,species,Mammals,host_data,Apodemus sylvaticus,
Host Taxon Predictor,Ara ararauna,1.0,Birds,Ara ararauna,species,Non-mammalian vertebrates,host_data,Ara ararauna,
Host Taxon Predictor,Arachis pintoi,1.0,Plants,Arachis pintoi,species,Plants,host_data,Arachis pintoi,
Host Taxon Predictor,Aratinga solstitialis,1.0,Birds,Aratinga solstitialis,species,Non-mammalian vertebrates,host_data,Aratinga solstitialis,
Host Taxon Predictor,Arctocephalus gazella,1.0,Carnivores,Arctocephalus gazella,species,Mammals,host_data,Arctocephalus gazella,
Host Taxon Predictor,Armigeres subalbatus,1.0,Insects,Armigeres subalbatus,species,Invertebrates,host_data,Armigeres subalbatus,
Host Taxon Predictor,Arrhenatherum elatius,1.0,Plants,Arrhenatherum elatius,species,Plants,host_data,Arrhenatherum elatius,
Host Taxon Predictor,Artemisia annua,1.0,Plants,Artemisia annua,species,Plants,host_data,Artemisia annua,
Host Taxon Predictor,Artemisina melana,1.0,Other invertebrates,Artemisina melana,species,Invertebrates,host_data,Artemisina melana,
Host Taxon Predictor,Artibeus jamaicensis,1.0,Bats,Artibeus jamaicensis,species,Mammals,host_data,Artibeus jamaicensis,
Host Taxon Predictor,Asclepias viridis,1.0,Plants,Asclepias viridis,species,Plants,host_data,Asclepias viridis,
Host Taxon Predictor,Aselliscus stoliczkanus,1.0,Bats,Aselliscus stoliczkanus,species,Mammals,host_data,Aselliscus stoliczkanus,
Host Taxon Predictor,Aspidites melanocephalus,1.0,Reptiles,Aspidites melanocephalus,species,Non-mammalian vertebrates,host_data,Aspidites melanocephalus,
Host Taxon Predictor,Ateles paniscus,1.0,Non-human primates,Ateles paniscus,species,Mammals,host_data,Ateles paniscus,
Host Taxon Predictor,Atractylodes macrocephala Koidzumi,1.0,Plants,Atractylodes macrocephala,species,Plants,host_data,Atractylodes macrocephala,
Host Taxon Predictor,Axonopus compressus,1.0,Plants,Axonopus compressus,species,Plants,host_data,Axonopus compressus,
Host Taxon Predictor,Barbus barbus,1.0,Fish,Barbus barbus,species,Non-mammalian vertebrates,host_data,Barbus barbus,
Host Taxon Predictor,Beauveria bassiana,1.0,Fungi,Beauveria bassiana,species,Fungi,host_data,Beauveria bassiana,
Host Taxon Predictor,Benincasa hispida,1.0,Plants,Benincasa hispida,species,Plants,host_data,Benincasa hispida,
Host Taxon Predictor,Beta vulgaris L.,1.0,Plants,Beta vulgaris,species,Plants,host_data,Beta vulgaris,
Host Taxon Predictor,Bettongia penicillata,1.0,Other/unresolved mammals,Bettongia penicillata,species,Mammals,host_data,Bettongia penicillata,
Host Taxon Predictor,Blicca bjoerkna L.,1.0,Fish,Blicca bjoerkna,species,Non-mammalian vertebrates,host_data,Blicca bjoerkna,
Host Taxon Predictor,Bombyx mori,1.0,Insects,Bombyx mori,species,Invertebrates,host_data,Bombyx mori,
Host Taxon Predictor,Bombyx mori strain Kinsyu-Syowa,1.0,Insects,Bombyx mori,species,Invertebrates,host_data,Bombyx mori,
Host Taxon Predictor,Bos grunniens,1.0,Ungulates,Bos grunniens,species,Mammals,host_data,Bos grunniens,
Host Taxon Predictor,Botrytis porri,1.0,Fungi,Botrytis porri,species,Fungi,host_data,Botrytis porri,
Host Taxon Predictor,Brassica napus,1.0,Plants,Brassica napus,species,Plants,host_data,Brassica napus,
Host Taxon Predictor,Brassica napus var. napobrassica,1.0,Plants,Brassica napus,species,Plants,host_data,Brassica napus,
Host Taxon Predictor,Brassica rapa var. rapa,1.0,Plants,Brassica rapa,species,Plants,host_data,Brassica rapa,
Host Taxon Predictor,Brevicoryne brassicae,1.0,Insects,Brevicoryne brassicae,species,Invertebrates,host_data,Brevicoryne brassicae,
Host Taxon Predictor,Bromus catharticus,1.0,Plants,Bromus catharticus,species,Plants,host_data,Bromus catharticus,
Host Taxon Predictor,Brugmansia suaveolens,1.0,Plants,Brugmansia suaveolens,species,Plants,host_data,Brugmansia suaveolens,
Host Taxon Predictor,Buteo jamaicensis,1.0,Birds,Buteo jamaicensis,species,Non-mammalian vertebrates,host_data,Buteo jamaicensis,
Host Taxon Predictor,Cacatua moluccensis,1.0,Birds,Cacatua moluccensis,species,Non-mammalian vertebrates,host_data,Cacatua moluccensis,
Host Taxon Predictor,Cafeteria roenbergensis strain E4-10,1.0,Protists & oomycetes,Cafeteria roenbergensis,species,Protists & oomycetes,host_data,Cafeteria roenbergensis,
Host Taxon Predictor,Cairina moschata,1.0,Birds,Cairina moschata,species,Non-mammalian vertebrates,host_data,Cairina moschata,
Host Taxon Predictor,Caladenia latifolia,1.0,Plants,Caladenia latifolia,species,Plants,host_data,Caladenia latifolia,
Host Taxon Predictor,Calidris fuscicollis,1.0,Birds,Calidris fuscicollis,species,Non-mammalian vertebrates,host_data,Calidris fuscicollis,
Host Taxon Predictor,Callinectes ornatus,1.0,Other invertebrates,Callinectes ornatus,species,Invertebrates,host_data,Callinectes ornatus,
Host Taxon Predictor,Callistephus chinensis,1.0,Plants,Callistephus chinensis,species,Plants,host_data,Callistephus chinensis,
Host Taxon Predictor,Callosciurus erythraeus thaiwanensis,1.0,Rodents,Callosciurus erythraeus,species,Mammals,host_data,Callosciurus erythraeus,
Host Taxon Predictor,Campanula takesimana,1.0,Plants,Campanula takesimana,species,Plants,host_data,Campanula takesimana,
Host Taxon Predictor,Camponotus japonicus,1.0,Insects,Camponotus japonicus,species,Invertebrates,host_data,Camponotus japonicus,
Host Taxon Predictor,Camponotus nipponicus,1.0,Insects,Camponotus nipponicus,species,Invertebrates,host_data,Camponotus nipponicus,
Host Taxon Predictor,Camponotus yamaokai,1.0,Insects,Camponotus yamaokai,species,Invertebrates,host_data,Camponotus yamaokai,
Host Taxon Predictor,Canna indica Cultivar Striped Beauty leaf,1.0,Plants,Canna indica,species,Plants,host_data,Canna indica,
Host Taxon Predictor,Capitulum mitella,1.0,Other invertebrates,Capitulum mitella,species,Invertebrates,host_data,Capitulum mitella,
Host Taxon Predictor,Capreolus capreolus,1.0,Ungulates,Capreolus capreolus,species,Mammals,host_data,Capreolus capreolus,
Host Taxon Predictor,Capsicum annuum L. Var. grossum Sendt.,1.0,Plants,Capsicum annuum,species,Plants,host_data,Capsicum annuum,
Host Taxon Predictor,Capsicum annuum cultivar Taiwan2,1.0,Plants,Capsicum annuum,species,Plants,host_data,Capsicum annuum,
Host Taxon Predictor,Capsicum annuum cultivar Yolo Wonder,1.0,Plants,Capsicum annuum,species,Plants,host_data,Capsicum annuum,
Host Taxon Predictor,Capsicum annuum cv. Magali,1.0,Plants,Capsicum annuum,species,Plants,host_data,Capsicum annuum,
Host Taxon Predictor,Capsicum annuum var. grossum,1.0,Plants,Capsicum annuum,species,Plants,host_data,Capsicum annuum,
Host Taxon Predictor,Capsicum baccatum,1.0,Plants,Capsicum baccatum,species,Plants,host_data,Capsicum baccatum,
Host Taxon Predictor,Caretta caretta,1.0,Reptiles,Caretta caretta,species,Non-mammalian vertebrates,host_data,Caretta caretta,
Host Taxon Predictor,Carollia perspicillata,1.0,Bats,Carollia perspicillata,species,Mammals,host_data,Carollia perspicillata,
Host Taxon Predictor,Castor canadensis,1.0,Rodents,Castor canadensis,species,Mammals,host_data,Castor canadensis,
Host Taxon Predictor,Catopsilia pomona,1.0,Insects,Catopsilia pomona,species,Invertebrates,host_data,Catopsilia pomona,
Host Taxon Predictor,Catostomus commersonii,1.0,Fish,Catostomus commersonii,species,Non-mammalian vertebrates,host_data,Catostomus commersonii,
Host Taxon Predictor,Cebus albifrons,1.0,Non-human primates,Cebus albifrons,species,Mammals,host_data,Cebus albifrons,
Host Taxon Predictor,Centropristis striata,1.0,Fish,Centropristis striata,species,Non-mammalian vertebrates,host_data,Centropristis striata,
Host Taxon Predictor,Centrosema brasilianum,1.0,Plants,Centrosema brasilianum,species,Plants,host_data,Centrosema brasilianum,
Host Taxon Predictor,Cercopithecus erythrotis,1.0,Non-human primates,Cercopithecus erythrotis,species,Mammals,host_data,Cercopithecus erythrotis,
Host Taxon Predictor,Cercopithecus mona,1.0,Non-human primates,Cercopithecus mona,species,Mammals,host_data,Cercopithecus mona,
Host Taxon Predictor,Cercopithecus neglectus,1.0,Non-human primates,Cercopithecus neglectus,species,Mammals,host_data,Cercopithecus neglectus,
Host Taxon Predictor,Chaetoceros lorenzianus,1.0,Algae,Chaetoceros lorenzianus,species,Algae,host_data,Chaetoceros lorenzianus,
Host Taxon Predictor,Chaetoceros tenuissimus,1.0,Algae,Chaetoceros tenuissimus,species,Algae,host_data,Chaetoceros tenuissimus,
Host Taxon Predictor,Chaetocoelopa sydneyensis,1.0,Insects,Chaetocoelopa sydneyensis,species,Invertebrates,host_data,Chaetocoelopa sydneyensis,
Host Taxon Predictor,Charybdis japonica,1.0,Other invertebrates,Charybdis japonica,species,Invertebrates,host_data,Charybdis japonica,
Host Taxon Predictor,Chenopodium amaranticolor,1.0,Plants,Chenopodium amaranticolor,species,Plants,host_data,Chenopodium amaranticolor,
Host Taxon Predictor,Cherax quadricarinatus,1.0,Other invertebrates,Cherax quadricarinatus,species,Invertebrates,host_data,Cherax quadricarinatus,
Host Taxon Predictor,Chlorocebus aethiops,1.0,Non-human primates,Chlorocebus aethiops,species,Mammals,host_data,Chlorocebus aethiops,
Host Taxon Predictor,Choristoneura rosaceana,1.0,Insects,Choristoneura rosaceana,species,Invertebrates,host_data,Choristoneura rosaceana,
Host Taxon Predictor,Chrysomya megacephala,1.0,Insects,Chrysomya megacephala,species,Invertebrates,host_data,Chrysomya megacephala,
Host Taxon Predictor,Cicer arietinum voucher BRIP 52878a,1.0,Plants,Cicer arietinum,species,Plants,host_data,Cicer arietinum,
Host Taxon Predictor,Cicer arietinum voucher DAR 76857,1.0,Plants,Cicer arietinum,species,Plants,host_data,Cicer arietinum,
Host Taxon Predictor,Cimex hemipterus,1.0,Insects,Cimex hemipterus,species,Invertebrates,host_data,Cimex hemipterus,
Host Taxon Predictor,Circus aeruginosus,1.0,Birds,Circus aeruginosus,species,Non-mammalian vertebrates,host_data,Circus aeruginosus,
Host Taxon Predictor,Citrullus lanatus,1.0,Plants,Citrullus lanatus,species,Plants,host_data,Citrullus lanatus,
Host Taxon Predictor,Civettictis civetta,1.0,Carnivores,Civettictis civetta,species,Mammals,host_data,Civettictis civetta,
Host Taxon Predictor,Clitocybe odora,1.0,Fungi,Clitocybe odora,species,Fungi,host_data,Clitocybe odora,
Host Taxon Predictor,Clitoria ternatea,1.0,Plants,Clitoria ternatea,species,Plants,host_data,Clitoria ternatea,
Host Taxon Predictor,Clostera anachoreta,1.0,Insects,Clostera anachoreta,species,Invertebrates,host_data,Clostera anachoreta,
Host Taxon Predictor,Clostera anastomosis L.,1.0,Insects,Clostera anastomosis,species,Invertebrates,host_data,Clostera anastomosis,
Host Taxon Predictor,Colletotrichum higginsianum IMI349063,1.0,Fungi,Colletotrichum higginsianum,species,Fungi,host_data,Colletotrichum higginsianum,
Host Taxon Predictor,Colobus guereza,1.0,Non-human primates,Colobus guereza,species,Mammals,host_data,Colobus guereza,
Host Taxon Predictor,Columba livia,1.0,Birds,Columba livia,species,Non-mammalian vertebrates,host_data,Columba livia,
Host Taxon Predictor,Conepatus leuconotus,1.0,Carnivores,Conepatus leuconotus,species,Mammals,host_data,Conepatus leuconotus,
Host Taxon Predictor,Coquillettidia albicosta,1.0,Insects,Coquillettidia albicosta,species,Invertebrates,host_data,Coquillettidia albicosta,
Host Taxon Predictor,Corvus coronoides,1.0,Birds,Corvus coronoides,species,Non-mammalian vertebrates,host_data,Corvus coronoides,
Host Taxon Predictor,Corynorhinus rafinesquii,1.0,Bats,Corynorhinus rafinesquii,species,Mammals,host_data,Corynorhinus rafinesquii,
Host Taxon Predictor,Coturnix coturnix,1.0,Birds,Coturnix coturnix,species,Non-mammalian vertebrates,host_data,Coturnix coturnix,
Host Taxon Predictor,Cracticus torquatus,1.0,Birds,Cracticus torquatus,species,Non-mammalian vertebrates,host_data,Cracticus torquatus,
Host Taxon Predictor,Crassocephalum crepidioides,1.0,Plants,Crassocephalum crepidioides,species,Plants,host_data,Crassocephalum crepidioides,
Host Taxon Predictor,Cricetomys emini,1.0,Rodents,Cricetomys emini,species,Mammals,host_data,Cricetomys emini,
Host Taxon Predictor,Cricetulus longicaudatus,1.0,Rodents,Cricetulus longicaudatus,species,Mammals,host_data,Cricetulus longicaudatus,
Host Taxon Predictor,Crocidura olivieri guineensis,1.0,Other/unresolved mammals,Crocidura olivieri,species,Mammals,host_data,Crocidura olivieri,
Host Taxon Predictor,Crotalaria juncea,1.0,Plants,Crotalaria juncea,species,Plants,host_data,Crotalaria juncea,
Host Taxon Predictor,Croton glandulosus,1.0,Plants,Croton glandulosus,species,Plants,host_data,Croton glandulosus,
Host Taxon Predictor,Cucumis melo var. agrestis,1.0,Plants,Cucumis melo,species,Plants,host_data,Cucumis melo,
Host Taxon Predictor,Cucurbita maxima,1.0,Plants,Cucurbita maxima,species,Plants,host_data,Cucurbita maxima,
Host Taxon Predictor,Cucurbita pepo L.,1.0,Plants,Cucurbita pepo,species,Plants,host_data,Cucurbita pepo,
Host Taxon Predictor,Culex annulioris,1.0,Insects,Culex annulioris,species,Invertebrates,host_data,Culex annulioris,
Host Taxon Predictor,Culex chidesteri,1.0,Insects,Culex chidesteri,species,Invertebrates,host_data,Culex chidesteri,
Host Taxon Predictor,Culex dunni,1.0,Insects,Culex dunni,species,Invertebrates,host_data,Culex dunni,
Host Taxon Predictor,Culex globocoxitus,1.0,Insects,Culex globocoxitus,species,Invertebrates,host_data,Culex globocoxitus,
Host Taxon Predictor,Culex pipiens pipiens,1.0,Insects,Culex pipiens,species,Invertebrates,host_data,Culex pipiens,
Host Taxon Predictor,Culex sitiens subgroup,1.0,Insects,Culex sitiens,species,Invertebrates,host_data,Culex sitiens,
Host Taxon Predictor,Culicoides brevitarsis,1.0,Insects,Culicoides brevitarsis,species,Invertebrates,host_data,Culicoides brevitarsis,
Host Taxon Predictor,Culicoides punctatus,1.0,Insects,Culicoides punctatus,species,Invertebrates,host_data,Culicoides punctatus,
Host Taxon Predictor,Culiseta melanura,1.0,Insects,Culiseta melanura,species,Invertebrates,host_data,Culiseta melanura,
Host Taxon Predictor,Cymbidium goeringii,1.0,Plants,Cymbidium goeringii,species,Plants,host_data,Cymbidium goeringii,
Host Taxon Predictor,Cynanchum wilfordii,1.0,Plants,Cynanchum wilfordii,species,Plants,host_data,Cynanchum wilfordii,
Host Taxon Predictor,Cynodon dactylon L.,1.0,Plants,Cynodon dactylon,species,Plants,host_data,Cynodon dactylon,
Host Taxon Predictor,Cynopterus brachyotis angulatus,1.0,Bats,Cynopterus brachyotis,species,Mammals,host_data,Cynopterus brachyotis,
Host Taxon Predictor,Cyrtanthus elatus,1.0,Plants,Cyrtanthus elatus,species,Plants,host_data,Cyrtanthus elatus,
Host Taxon Predictor,Dama dama,1.0,Ungulates,Dama dama,species,Mammals,host_data,Dama dama,
Host Taxon Predictor,Damaliscus lunatus jimela,1.0,Ungulates,Damaliscus lunatus,species,Mammals,host_data,Damaliscus lunatus,
Host Taxon Predictor,Danaus plexippus plexippus,1.0,Insects,Danaus plexippus,species,Invertebrates,host_data,Danaus plexippus,
Host Taxon Predictor,Daphne mezereum,1.0,Plants,Daphne mezereum,species,Plants,host_data,Daphne mezereum,
Host Taxon Predictor,Delisea pulchra,1.0,Algae,Delisea pulchra,species,Algae,host_data,Delisea pulchra,
Host Taxon Predictor,Delphinapterus leucas,1.0,Ungulates,Delphinapterus leucas,species,Mammals,host_data,Delphinapterus leucas,
Host Taxon Predictor,Delphinus delphis,1.0,Ungulates,Delphinus delphis,species,Mammals,host_data,Delphinus delphis,
Host Taxon Predictor,Diachasmimorpha longicaudata,1.0,Insects,Diachasmimorpha longicaudata,species,Invertebrates,host_data,Diachasmimorpha longicaudata,
Host Taxon Predictor,Dianthus caryophyllus,1.0,Plants,Dianthus caryophyllus,species,Plants,host_data,Dianthus caryophyllus,
Host Taxon Predictor,Diatraea saccharalis,1.0,Insects,Diatraea saccharalis,species,Invertebrates,host_data,Diatraea saccharalis,
Host Taxon Predictor,Digitaria ciliaris,1.0,Plants,Digitaria ciliaris,species,Plants,host_data,Digitaria ciliaris,
Host Taxon Predictor,Digitaria didactyla Willd,1.0,Plants,Digitaria didactyla,species,Plants,host_data,Digitaria didactyla,
Host Taxon Predictor,Dinocampus coccinellae,1.0,Insects,Dinocampus coccinellae,species,Invertebrates,host_data,Dinocampus coccinellae,
Host Taxon Predictor,Dioscorea sansibarensis,1.0,Plants,Dioscorea sansibarensis,species,Plants,host_data,Dioscorea sansibarensis,
Host Taxon Predictor,Diospyros virginiana L.,1.0,Plants,Diospyros virginiana,species,Plants,host_data,Diospyros virginiana,
Host Taxon Predictor,Diplacodes bipunctata,1.0,Insects,Diplacodes bipunctata,species,Invertebrates,host_data,Diplacodes bipunctata,
Host Taxon Predictor,Diplodia scrobiculata,1.0,Fungi,Diplodia scrobiculata,species,Fungi,host_data,Diplodia scrobiculata,
Host Taxon Predictor,Dracaena sanderiana,1.0,Plants,Dracaena sanderiana,species,Plants,host_data,Dracaena sanderiana,
Host Taxon Predictor,Drosophila immigrans,1.0,Insects,Drosophila immigrans,species,Invertebrates,host_data,Drosophila immigrans,
Host Taxon Predictor,Drosophila melanogaster Oregon R,1.0,Insects,Drosophila melanogaster,species,Invertebrates,host_data,Drosophila melanogaster,
Host Taxon Predictor,Drosophila obscura,1.0,Insects,Drosophila obscura,species,Invertebrates,host_data,Drosophila obscura,
Host Taxon Predictor,Drosophila subobscura,1.0,Insects,Drosophila subobscura,species,Invertebrates,host_data,Drosophila subobscura,
Host Taxon Predictor,Dysaphis plantaginea,1.0,Insects,Dysaphis plantaginea,species,Invertebrates,host_data,Dysaphis plantaginea,
Host Taxon Predictor,Ectropis obliqua,1.0,Insects,Ectropis obliqua,species,Invertebrates,host_data,Ectropis obliqua,
Host Taxon Predictor,Eimeria tenella,1.0,Protists & oomycetes,Eimeria tenella,species,Protists & oomycetes,host_data,Eimeria tenella,
Host Taxon Predictor,Eleocharis dulcis,1.0,Plants,Eleocharis dulcis,species,Plants,host_data,Eleocharis dulcis,
Host Taxon Predictor,Enhydra lutris nereis,1.0,Carnivores,Enhydra lutris,species,Mammals,host_data,Enhydra lutris,
Host Taxon Predictor,Epirrita autumnata,1.0,Insects,Epirrita autumnata,species,Invertebrates,host_data,Epirrita autumnata,
Host Taxon Predictor,Eptesicus fuscus,1.0,Bats,Eptesicus fuscus,species,Mammals,host_data,Eptesicus fuscus,
Host Taxon Predictor,Equus asinus,1.0,Other/unresolved mammals,Equus asinus,species,Mammals,host_data,Equus asinus,
Host Taxon Predictor,Equus ferus,1.0,Other/unresolved mammals,Equus ferus,species,Mammals,host_data,Equus ferus,
Host Taxon Predictor,Eragrostis minor,1.0,Plants,Eragrostis minor,species,Plants,host_data,Eragrostis minor,
Host Taxon Predictor,Erinnyis ello ello,1.0,Insects,Erinnyis ello,species,Invertebrates,host_data,Erinnyis ello,
Host Taxon Predictor,Erythrocebus patas,1.0,Non-human primates,Erythrocebus patas,species,Mammals,host_data,Erythrocebus patas,
Host Taxon Predictor,Erythrodiplax fusca,1.0,Insects,Erythrodiplax fusca,species,Invertebrates,host_data,Erythrodiplax fusca,
Host Taxon Predictor,Esox lucius,1.0,Fish,Esox lucius,species,Non-mammalian vertebrates,host_data,Esox lucius,
Host Taxon Predictor,Eudromia elegans,1.0,Birds,Eudromia elegans,species,Non-mammalian vertebrates,host_data,Eudromia elegans,
Host Taxon Predictor,Eupatorium makinoi,1.0,Plants,Eupatorium makinoi,species,Plants,host_data,Eupatorium makinoi,
Host Taxon Predictor,Euphorbia caput-medusae,1.0,Plants,Euphorbia caput-medusae,species,Plants,host_data,Euphorbia caput-medusae,
Host Taxon Predictor,Euphorbia pulcherrima cv. Angelika,1.0,Plants,Euphorbia pulcherrima,species,Plants,host_data,Euphorbia pulcherrima,
Host Taxon Predictor,Euscelidius variegatus,1.0,Insects,Euscelidius variegatus,species,Invertebrates,host_data,Euscelidius variegatus,
Host Taxon Predictor,Eustoma grandiflorum,1.0,Plants,Eustoma grandiflorum,species,Plants,host_data,Eustoma grandiflorum,
Host Taxon Predictor,Falco tinnunculus,1.0,Birds,Falco tinnunculus,species,Non-mammalian vertebrates,host_data,Falco tinnunculus,
Host Taxon Predictor,Falco vespertinus,1.0,Birds,Falco vespertinus,species,Non-mammalian vertebrates,host_data,Falco vespertinus,
Host Taxon Predictor,Ficus carica cultivar Canestrelle,1.0,Plants,Ficus carica,species,Plants,host_data,Ficus carica,
Host Taxon Predictor,Formicarius analis,1.0,Birds,Formicarius analis,species,Non-mammalian vertebrates,host_data,Formicarius analis,
Host Taxon Predictor,Fragaria vesca,1.0,Plants,Fragaria vesca,species,Plants,host_data,Fragaria vesca,
Host Taxon Predictor,Fragaria vesca clone NCRG 9018,1.0,Plants,Fragaria vesca,species,Plants,host_data,Fragaria vesca,
Host Taxon Predictor,Fragaria x ananassa,1.0,Plants,Fragaria x ananassa,species,Plants,host_data,Fragaria x ananassa,
Host Taxon Predictor,Fulmarus glacialis,1.0,Birds,Fulmarus glacialis,species,Non-mammalian vertebrates,host_data,Fulmarus glacialis,
Host Taxon Predictor,Fusarium coeruleum MAFF 235976,1.0,Fungi,Fusarium coeruleum,species,Fungi,host_data,Fusarium coeruleum,
Host Taxon Predictor,Fusarium globosum MAFF 237511,1.0,Fungi,Fusarium globosum,species,Fungi,host_data,Fusarium globosum,
Host Taxon Predictor,Fusarium graminearum isolate JS16,1.0,Fungi,Fusarium graminearum,species,Fungi,host_data,Fusarium graminearum,
Host Taxon Predictor,Fusarium langsethiae AH32,1.0,Fungi,Fusarium langsethiae,species,Fungi,host_data,Fusarium langsethiae,
Host Taxon Predictor,Fusarium poae,1.0,Fungi,Fusarium poae,species,Fungi,host_data,Fusarium poae,
Host Taxon Predictor,Garrulus glandarius,1.0,Birds,Garrulus glandarius,species,Non-mammalian vertebrates,host_data,Garrulus glandarius,
Host Taxon Predictor,Giraffa camelopardalis,1.0,Ungulates,Giraffa camelopardalis,species,Mammals,host_data,Giraffa camelopardalis,
Host Taxon Predictor,Gorilla gorilla gorilla,1.0,Non-human primates,Gorilla gorilla,species,Mammals,host_data,Gorilla gorilla,
Host Taxon Predictor,Gossypium mustelinum,1.0,Plants,Gossypium mustelinum,species,Plants,host_data,Gossypium mustelinum,
Host Taxon Predictor,Graminella nigrifrons,1.0,Insects,Graminella nigrifrons,species,Invertebrates,host_data,Graminella nigrifrons,
Host Taxon Predictor,Gymnocalycium mihanovichii,1.0,Plants,Gymnocalycium mihanovichii,species,Plants,host_data,Gymnocalycium mihanovichii,
Host Taxon Predictor,Habenaria radiata,1.0,Plants,Habenaria radiata,species,Plants,host_data,Habenaria radiata,
Host Taxon Predictor,Haliotis discus hannai,1.0,Other invertebrates,Haliotis discus,species,Invertebrates,host_data,Haliotis discus,
Host Taxon Predictor,Haliotis diversicolor aquatilis,1.0,Other invertebrates,Haliotis diversicolor,species,Invertebrates,host_data,Haliotis diversicolor,
Host Taxon Predictor,Halyomorpha halys,1.0,Insects,Halyomorpha halys,species,Invertebrates,host_data,Halyomorpha halys,
Host Taxon Predictor,Hedyotis uncinella,1.0,Plants,Hedyotis uncinella,species,Plants,host_data,Hedyotis uncinella,
Host Taxon Predictor,Heliconius erato,1.0,Insects,Heliconius erato,species,Invertebrates,host_data,Heliconius erato,
Host Taxon Predictor,Heloderma horridum,1.0,Reptiles,Heloderma horridum,species,Non-mammalian vertebrates,host_data,Heloderma horridum,
Host Taxon Predictor,Hemidesmus indicus,1.0,Plants,Hemidesmus indicus,species,Plants,host_data,Hemidesmus indicus,
Host Taxon Predictor,Heterodera glycines,1.0,Other invertebrates,Heterodera glycines,species,Invertebrates,host_data,Heterodera glycines,
Host Taxon Predictor,Heterodera glycines strain TN10,1.0,Other invertebrates,Heterodera glycines,species,Invertebrates,host_data,Heterodera glycines,
Host Taxon Predictor,Hexura picea,1.0,Arachnids,Hexura picea,species,Invertebrates,host_data,Hexura picea,
Host Taxon Predictor,Hibiscus cannabinus L.,1.0,Plants,Hibiscus cannabinus,species,Plants,host_data,Hibiscus cannabinus,
Host Taxon Predictor,Hibiscus sabdariffa L.,1.0,Plants,Hibiscus sabdariffa,species,Plants,host_data,Hibiscus sabdariffa,
Host Taxon Predictor,Hipposideros pratti,1.0,Bats,Hipposideros pratti,species,Mammals,host_data,Hipposideros pratti,
Host Taxon Predictor,Hipposideros vittatus,1.0,Bats,Hipposideros vittatus,species,Mammals,host_data,Hipposideros vittatus,
Host Taxon Predictor,Hordeum vulgare cv. Nerz,1.0,Plants,Hordeum vulgare,species,Plants,host_data,Hordeum vulgare,
Host Taxon Predictor,Hoya wayetii,1.0,Plants,Hoya wayetii,species,Plants,host_data,Hoya wayetii,
Host Taxon Predictor,Human,1.0,Non-human primates,Homo sapiens,species,Mammals,host_data,Homo sapiens,
Host Taxon Predictor,Humulus lupulus cultivar Bittergold,1.0,Plants,Humulus lupulus,species,Plants,host_data,Humulus lupulus,
Host Taxon Predictor,Humulus lupulus cv. Super Pride,1.0,Plants,Humulus lupulus,species,Plants,host_data,Humulus lupulus,
Host Taxon Predictor,Hylocereus undatus,1.0,Plants,Hylocereus undatus,species,Plants,host_data,Hylocereus undatus,
Host Taxon Predictor,Hyptiotes gertschi,1.0,Arachnids,Hyptiotes gertschi,species,Invertebrates,host_data,Hyptiotes gertschi,
Host Taxon Predictor,Ilex paraguariensis,1.0,Plants,Ilex paraguariensis,species,Plants,host_data,Ilex paraguariensis,
Host Taxon Predictor,Impatiens walleriana hook.,1.0,Plants,Impatiens walleriana,species,Plants,host_data,Impatiens walleriana,
Host Taxon Predictor,Imperata cylindrica,1.0,Plants,Imperata cylindrica,species,Plants,host_data,Imperata cylindrica,
Host Taxon Predictor,Indri indri,1.0,Non-human primates,Indri indri,species,Mammals,host_data,Indri indri,
Host Taxon Predictor,Ipomoea batatas cv. Arapey,1.0,Plants,Ipomoea batatas,species,Plants,host_data,Ipomoea batatas,
Host Taxon Predictor,Ipomoea batatas cv. Beauregard,1.0,Plants,Ipomoea batatas,species,Plants,host_data,Ipomoea batatas,
Host Taxon Predictor,Ipomoea indica,1.0,Plants,Ipomoea indica,species,Plants,host_data,Ipomoea indica,
Host Taxon Predictor,Ipomoea setosa cv. New Kawago,1.0,Plants,Ipomoea setosa,species,Plants,host_data,Ipomoea setosa,
Host Taxon Predictor,Isoodon obesulus,1.0,Other/unresolved mammals,Isoodon obesulus,species,Mammals,host_data,Isoodon obesulus,
Host Taxon Predictor,Ixodes lividus,1.0,Arachnids,Ixodes lividus,species,Invertebrates,host_data,Ixodes lividus,
Host Taxon Predictor,Jasminum sambac,1.0,Plants,Jasminum sambac,species,Plants,host_data,Jasminum sambac,
Host Taxon Predictor,Jatropha curcas,1.0,Plants,Jatropha curcas,species,Plants,host_data,Jatropha curcas,
Host Taxon Predictor,Jatropha curcas L.,1.0,Plants,Jatropha curcas,species,Plants,host_data,Jatropha curcas,
Host Taxon Predictor,Kalanchoe blossfeldiana,1.0,Plants,Kalanchoe blossfeldiana,species,Plants,host_data,Kalanchoe blossfeldiana,
Host Taxon Predictor,Kalanchoe blossfeldiana cv. Nadia,1.0,Plants,Kalanchoe blossfeldiana,species,Plants,host_data,Kalanchoe blossfeldiana,
Host Taxon Predictor,Labidocera aestiva,1.0,Other invertebrates,Labidocera aestiva,species,Invertebrates,host_data,Labidocera aestiva,
Host Taxon Predictor,Lactuca sativa cv. Romana,1.0,Plants,Lactuca sativa,species,Plants,host_data,Lactuca sativa,
Host Taxon Predictor,Lagenaria siceraria,1.0,Plants,Lagenaria siceraria,species,Plants,host_data,Lagenaria siceraria,
Host Taxon Predictor,Lagenaria siceraria var. hispida,1.0,Plants,Lagenaria siceraria,species,Plants,host_data,Lagenaria siceraria,
Host Taxon Predictor,Lagenorhynchus albirostris,1.0,Ungulates,Lagenorhynchus albirostris,species,Mammals,host_data,Lagenorhynchus albirostris,
Host Taxon Predictor,Lambdina fiscellaria,1.0,Insects,Lambdina fiscellaria,species,Invertebrates,host_data,Lambdina fiscellaria,
Host Taxon Predictor,Lamium maculatum,1.0,Plants,Lamium maculatum,species,Plants,host_data,Lamium maculatum,
Host Taxon Predictor,Lasius neglectus,1.0,Insects,Lasius neglectus,species,Invertebrates,host_data,Lasius neglectus,
Host Taxon Predictor,Lasius niger,1.0,Insects,Lasius niger,species,Invertebrates,host_data,Lasius niger,
Host Taxon Predictor,Lates calcarifer,1.0,Fish,Lates calcarifer,species,Non-mammalian vertebrates,host_data,Lates calcarifer,
Host Taxon Predictor,Leishmania aethiopica MHOM/ET/1985/LRC-L494,1.0,Protists & oomycetes,Leishmania aethiopica,species,Protists & oomycetes,host_data,Leishmania aethiopica,
Host Taxon Predictor,Leishmania major,1.0,Protists & oomycetes,Leishmania major,species,Protists & oomycetes,host_data,Leishmania major,
Host Taxon Predictor,Leptopilina boulardi,1.0,Insects,Leptopilina boulardi,species,Invertebrates,host_data,Leptopilina boulardi,
Host Taxon Predictor,Lepus europaeus,1.0,Other mammals,Lepus europaeus,species,Mammals,host_data,Lepus europaeus,
Host Taxon Predictor,Lespedeza procumbens,1.0,Plants,Lespedeza procumbens,species,Plants,host_data,Lespedeza procumbens,
Host Taxon Predictor,Ligustrum obtusifolium,1.0,Plants,Ligustrum obtusifolium,species,Plants,host_data,Ligustrum obtusifolium,
Host Taxon Predictor,Lonicera japonica var. aureo-reticulata,1.0,Plants,Lonicera japonica,species,Plants,host_data,Lonicera japonica,
Host Taxon Predictor,Loxodonta africana,1.0,Other/unresolved mammals,Loxodonta africana,species,Mammals,host_data,Loxodonta africana,
Host Taxon Predictor,Luffa acutangula,1.0,Plants,Luffa acutangula,species,Plants,host_data,Luffa acutangula,
Host Taxon Predictor,Lupinus nootkatensis Donn,1.0,Plants,Lupinus nootkatensis,species,Plants,host_data,Lupinus nootkatensis,
Host Taxon Predictor,Lupinus polyphyllus,1.0,Plants,Lupinus polyphyllus,species,Plants,host_data,Lupinus polyphyllus,
Host Taxon Predictor,Lymantria xylina,1.0,Insects,Lymantria xylina,species,Invertebrates,host_data,Lymantria xylina,
Host Taxon Predictor,Lytechinus variegatus,1.0,Other invertebrates,Lytechinus variegatus,species,Invertebrates,host_data,Lytechinus variegatus,
Host Taxon Predictor,Macrophomina phaseolina,1.0,Fungi,Macrophomina phaseolina,species,Fungi,host_data,Macrophomina phaseolina,
Host Taxon Predictor,Macrosiphum euphorbiae,1.0,Insects,Macrosiphum euphorbiae,species,Invertebrates,host_data,Macrosiphum euphorbiae,
Host Taxon Predictor,Malus domestica,1.0,Plants,Malus domestica,species,Plants,host_data,Malus domestica,
Host Taxon Predictor,Malva parviflora,1.0,Plants,Malva parviflora,species,Plants,host_data,Malva parviflora,
Host Taxon Predictor,Mamestra brassicae,1.0,Insects,Mamestra brassicae,species,Invertebrates,host_data,Mamestra brassicae,
Host Taxon Predictor,Mansonia africana nigerrima voucher H4A1,1.0,Insects,Mansonia africana,species,Invertebrates,host_data,Mansonia africana,
Host Taxon Predictor,Mephitis mephitis,1.0,Carnivores,Mephitis mephitis,species,Mammals,host_data,Mephitis mephitis,
Host Taxon Predictor,Miathyria marcella,1.0,Insects,Miathyria marcella,species,Invertebrates,host_data,Miathyria marcella,
Host Taxon Predictor,Micromys minutus,1.0,Rodents,Micromys minutus,species,Mammals,host_data,Micromys minutus,
Host Taxon Predictor,Microtus montanus,1.0,Rodents,Microtus montanus,species,Mammals,host_data,Microtus montanus,
Host Taxon Predictor,Miniopterus fuliginosus,1.0,Bats,Miniopterus fuliginosus,species,Mammals,host_data,Miniopterus fuliginosus,
Host Taxon Predictor,Miniopterus magnater,1.0,Bats,Miniopterus magnater,species,Mammals,host_data,Miniopterus magnater,
Host Taxon Predictor,Miniopterus pusillus,1.0,Bats,Miniopterus pusillus,species,Mammals,host_data,Miniopterus pusillus,
Host Taxon Predictor,Molossus molossus,1.0,Bats,Molossus molossus,species,Mammals,host_data,Molossus molossus,
Host Taxon Predictor,Momordica charantia,1.0,Plants,Momordica charantia,species,Plants,host_data,Momordica charantia,
Host Taxon Predictor,Morelia spilota spilota,1.0,Reptiles,Morelia spilota,species,Non-mammalian vertebrates,host_data,Morelia spilota,
Host Taxon Predictor,Morelia viridis,1.0,Reptiles,Morelia viridis,species,Non-mammalian vertebrates,host_data,Morelia viridis,
Host Taxon Predictor,Mus musculus strain NFS,1.0,Rodents,Mus musculus,species,Mammals,host_data,Mus musculus,
Host Taxon Predictor,Mustela putorius,1.0,Carnivores,Mustela putorius,species,Mammals,host_data,Mustela putorius,
Host Taxon Predictor,Myodes glareolus,1.0,Rodents,Myodes glareolus,species,Mammals,host_data,Myodes glareolus,
Host Taxon Predictor,Myotis davidii,1.0,Bats,Myotis davidii,species,Mammals,host_data,Myotis davidii,
Host Taxon Predictor,Myotis lucifugus,1.0,Bats,Myotis lucifugus,species,Mammals,host_data,Myotis lucifugus,
Host Taxon Predictor,Myotis velifer incautus,1.0,Bats,Myotis velifer,species,Mammals,host_data,Myotis velifer,
Host Taxon Predictor,Myotis yumanensis,1.0,Bats,Myotis yumanensis,species,Mammals,host_data,Myotis yumanensis,
Host Taxon Predictor,Myrmica scabrinodis,1.0,Insects,Myrmica scabrinodis,species,Invertebrates,host_data,Myrmica scabrinodis,
Host Taxon Predictor,Mythimna unipuncta,1.0,Insects,Mythimna unipuncta,species,Invertebrates,host_data,Mythimna unipuncta,
Host Taxon Predictor,Nanorana parkeri,1.0,Amphibians,Nanorana parkeri,species,Non-mammalian vertebrates,host_data,Nanorana parkeri,
Host Taxon Predictor,Narcissus pseudonarcissus,1.0,Plants,Narcissus pseudonarcissus,species,Plants,host_data,Narcissus pseudonarcissus,
Host Taxon Predictor,Narcissus tazetta,1.0,Plants,Narcissus tazetta,species,Plants,host_data,Narcissus tazetta,
Host Taxon Predictor,Neodiprion abietis,1.0,Insects,Neodiprion abietis,species,Invertebrates,host_data,Neodiprion abietis,
Host Taxon Predictor,Neodiprion sertifer,1.0,Insects,Neodiprion sertifer,species,Invertebrates,host_data,Neodiprion sertifer,
Host Taxon Predictor,Neofusicoccum luteum,1.0,Fungi,Neofusicoccum luteum,species,Fungi,host_data,Neofusicoccum luteum,
Host Taxon Predictor,Neotoma albigula,1.0,Rodents,Neotoma albigula,species,Mammals,host_data,Neotoma albigula,
Host Taxon Predictor,Neotoma lepida,1.0,Rodents,Neotoma lepida,species,Mammals,host_data,Neotoma lepida,
Host Taxon Predictor,Nesidiocoris tenuis,1.0,Insects,Nesidiocoris tenuis,species,Invertebrates,host_data,Nesidiocoris tenuis,
Host Taxon Predictor,Nicotiana clevelandii,1.0,Plants,Nicotiana clevelandii,species,Plants,host_data,Nicotiana clevelandii,
Host Taxon Predictor,Nicotiana velutina,1.0,Plants,Nicotiana velutina,species,Plants,host_data,Nicotiana velutina,
Host Taxon Predictor,Nigrospora oryzae,1.0,Fungi,Nigrospora oryzae,species,Fungi,host_data,Nigrospora oryzae,
Host Taxon Predictor,Nigrospora oryzae strain HN-21,1.0,Fungi,Nigrospora oryzae,species,Fungi,host_data,Nigrospora oryzae,
Host Taxon Predictor,Nyctalus velutinus,1.0,Bats,Nyctalus velutinus,species,Mammals,host_data,Nyctalus velutinus,
Host Taxon Predictor,Nyctereutes procyonoides,1.0,Carnivores,Nyctereutes procyonoides,species,Mammals,host_data,Nyctereutes procyonoides,
Host Taxon Predictor,Nycticebus coucang,1.0,Non-human primates,Nycticebus coucang,species,Mammals,host_data,Nycticebus coucang,
Host Taxon Predictor,Nylanderia fulva,1.0,Insects,Nylanderia fulva,species,Invertebrates,host_data,Nylanderia fulva,
Host Taxon Predictor,Ochlerotatus caspius,1.0,Insects,Ochlerotatus caspius,species,Invertebrates,host_data,Ochlerotatus caspius,
Host Taxon Predictor,Odocoileus hemionus columbianus,1.0,Ungulates,Odocoileus hemionus,species,Mammals,host_data,Odocoileus hemionus,
Host Taxon Predictor,Oeciacus vicarius,1.0,Insects,Oeciacus vicarius,species,Invertebrates,host_data,Oeciacus vicarius,
Host Taxon Predictor,Oecomys bicolor,1.0,Rodents,Oecomys bicolor,species,Mammals,host_data,Oecomys bicolor,
Host Taxon Predictor,Olea europaea,1.0,Plants,Olea europaea,species,Plants,host_data,Olea europaea,
Host Taxon Predictor,Olea europaea L.,1.0,Plants,Olea europaea,species,Plants,host_data,Olea europaea,
Host Taxon Predictor,Oligoryzomys microtis,1.0,Rodents,Oligoryzomys microtis,species,Mammals,host_data,Oligoryzomys microtis,
Host Taxon Predictor,Oncopera intricoides,1.0,Insects,Oncopera intricoides,species,Invertebrates,host_data,Oncopera intricoides,
Host Taxon Predictor,Oncorhynchus tshawytscha,1.0,Fish,Oncorhynchus tshawytscha,species,Non-mammalian vertebrates,host_data,Oncorhynchus tshawytscha,
Host Taxon Predictor,Ophiostoma novo-ulmi,1.0,Fungi,Ophiostoma novo-ulmi,species,Fungi,host_data,Ophiostoma novo-ulmi,
Host Taxon Predictor,Opsiphanes invirae,1.0,Insects,Opsiphanes invirae,species,Invertebrates,host_data,Opsiphanes invirae,
Host Taxon Predictor,Ornithodoros capensis,1.0,Arachnids,Ornithodoros capensis,species,Invertebrates,host_data,Ornithodoros capensis,
Host Taxon Predictor,Ornithodoros coriaceus,1.0,Arachnids,Ornithodoros coriaceus,species,Invertebrates,host_data,Ornithodoros coriaceus,
Host Taxon Predictor,Oryctolagus cuniculus var. domestica,1.0,Other mammals,Oryctolagus cuniculus,species,Mammals,host_data,Oryctolagus cuniculus,
Host Taxon Predictor,Oryza rufipogon W1714,1.0,Plants,Oryza rufipogon,species,Plants,host_data,Oryza rufipogon,
Host Taxon Predictor,Otostigmus scaber,1.0,Other invertebrates,Otostigmus scaber,species,Invertebrates,host_data,Otostigmus scaber,
Host Taxon Predictor,Pan troglodytes schweinfurthii,1.0,Non-human primates,Pan troglodytes,species,Mammals,host_data,Pan troglodytes,
Host Taxon Predictor,Pan troglodytes troglodytes,1.0,Non-human primates,Pan troglodytes,species,Mammals,host_data,Pan troglodytes,
Host Taxon Predictor,Panicum virgatum cv. Cave-In-Rock,1.0,Plants,Panicum virgatum,species,Plants,host_data,Panicum virgatum,
Host Taxon Predictor,Papio anubis,1.0,Non-human primates,Papio anubis,species,Mammals,host_data,Papio anubis,
Host Taxon Predictor,Papio hamadryas,1.0,Non-human primates,Papio hamadryas,species,Mammals,host_data,Papio hamadryas,
Host Taxon Predictor,Papio hamadryas anubis,1.0,Non-human primates,Papio hamadryas,species,Mammals,host_data,Papio hamadryas,
Host Taxon Predictor,Parabuteo unicinctus,1.0,Birds,Parabuteo unicinctus,species,Non-mammalian vertebrates,host_data,Parabuteo unicinctus,
Host Taxon Predictor,Paracoccus marginatus,1.0,Insects,Paracoccus marginatus,species,Invertebrates,host_data,Paracoccus marginatus,
Host Taxon Predictor,Paramuricea placomus,1.0,Other invertebrates,Paramuricea placomus,species,Invertebrates,host_data,Paramuricea placomus,
Host Taxon Predictor,Parthenium hysterophorus,1.0,Plants,Parthenium hysterophorus,species,Plants,host_data,Parthenium hysterophorus,
Host Taxon Predictor,Parthenium hysterophorus L.,1.0,Plants,Parthenium hysterophorus,species,Plants,host_data,Parthenium hysterophorus,
Host Taxon Predictor,Parus major,1.0,Birds,Parus major,species,Non-mammalian vertebrates,host_data,Parus major,
Host Taxon Predictor,Paspalum dilatatum,1.0,Plants,Paspalum dilatatum,species,Plants,host_data,Paspalum dilatatum,
Host Taxon Predictor,Paspalum setaceum var. muehlenbergii,1.0,Plants,Paspalum setaceum,species,Plants,host_data,Paspalum setaceum,
Host Taxon Predictor,Passiflora edulis,1.0,Plants,Passiflora edulis,species,Plants,host_data,Passiflora edulis,
Host Taxon Predictor,Passiflora incarnata L.,1.0,Plants,Passiflora incarnata,species,Plants,host_data,Passiflora incarnata,
Host Taxon Predictor,Pelargonium x hortorum,1.0,Plants,Pelargonium x hortorum,species,Plants,host_data,Pelargonium x hortorum,
Host Taxon Predictor,Penicillium aurantiogriseum,1.0,Fungi,Penicillium aurantiogriseum,species,Fungi,host_data,Penicillium aurantiogriseum,
Host Taxon Predictor,Penicillium aurantiogriseum isolate MUT4330-a,1.0,Fungi,Penicillium aurantiogriseum,species,Fungi,host_data,Penicillium aurantiogriseum,
Host Taxon Predictor,Penicillium aurantiogriseum isolate MUT4330-b,1.0,Fungi,Penicillium aurantiogriseum,species,Fungi,host_data,Penicillium aurantiogriseum,
Host Taxon Predictor,Penicillium aurantiogriseum isolate MUT4330-e,1.0,Fungi,Penicillium aurantiogriseum,species,Fungi,host_data,Penicillium aurantiogriseum,
Host Taxon Predictor,Penicillium digitatum,1.0,Fungi,Penicillium digitatum,species,Fungi,host_data,Penicillium digitatum,
Host Taxon Predictor,Penicillium roqueforti,1.0,Fungi,Penicillium roqueforti,species,Fungi,host_data,Penicillium roqueforti,
Host Taxon Predictor,Perameles bougainville,1.0,Other/unresolved mammals,Perameles bougainville,species,Mammals,host_data,Perameles bougainville,
Host Taxon Predictor,Peromyscus crinitus,1.0,Rodents,Peromyscus crinitus,species,Mammals,host_data,Peromyscus crinitus,
Host Taxon Predictor,Peromyscus maniculatus,1.0,Rodents,Peromyscus maniculatus,species,Mammals,host_data,Peromyscus maniculatus,
Host Taxon Predictor,Persea americana,1.0,Plants,Persea americana,species,Plants,host_data,Persea americana,
Host Taxon Predictor,Petrochirus diogenes,1.0,Other invertebrates,Petrochirus diogenes,species,Invertebrates,host_data,Petrochirus diogenes,
Host Taxon Predictor,Petroica traversi,1.0,Birds,Petroica traversi,species,Non-mammalian vertebrates,host_data,Petroica traversi,
Host Taxon Predictor,Petroselinum crispum,1.0,Plants,Petroselinum crispum,species,Plants,host_data,Petroselinum crispum,
Host Taxon Predictor,Phaius flavus f. flavus,1.0,Plants,Phaius flavus,species,Plants,host_data,Phaius flavus,
Host Taxon Predictor,Phascolarctos cinereus,1.0,Other/unresolved mammals,Phascolarctos cinereus,species,Mammals,host_data,Phascolarctos cinereus,
Host Taxon Predictor,Phaseolus lunatus,1.0,Plants,Phaseolus lunatus,species,Plants,host_data,Phaseolus lunatus,
Host Taxon Predictor,Phaseolus vulgaris cultivar Black Turtle,1.0,Plants,Phaseolus vulgaris,species,Plants,host_data,Phaseolus vulgaris,
Host Taxon Predictor,Philodromus dispar,1.0,Arachnids,Philodromus dispar,species,Invertebrates,host_data,Philodromus dispar,
Host Taxon Predictor,Phleum pratense,1.0,Plants,Phleum pratense,species,Plants,host_data,Phleum pratense,
Host Taxon Predictor,Phlox divaricata cv. White Perfume,1.0,Plants,Phlox divaricata,species,Plants,host_data,Phlox divaricata,
Host Taxon Predictor,Phlox stolonifera cv. 'Blue Ridge',1.0,Plants,Phlox stolonifera,species,Plants,host_data,Phlox stolonifera,
Host Taxon Predictor,Phlox stolonifera cv. Sherwood Purple,1.0,Plants,Phlox stolonifera,species,Plants,host_data,Phlox stolonifera,
Host Taxon Predictor,Phoca vitulina richardsi,1.0,Carnivores,Phoca vitulina,species,Mammals,host_data,Phoca vitulina,
Host Taxon Predictor,Phocoena spinipinnis,1.0,Ungulates,Phocoena spinipinnis,species,Mammals,host_data,Phocoena spinipinnis,
Host Taxon Predictor,Phomopsis vexans,1.0,Fungi,Phomopsis vexans,species,Fungi,host_data,Phomopsis vexans,
Host Taxon Predictor,Phytolacca americana L.,1.0,Plants,Phytolacca americana,species,Plants,host_data,Phytolacca americana,
Host Taxon Predictor,Phytomonas serpens 9T,1.0,Protists & oomycetes,Phytomonas serpens,species,Protists & oomycetes,host_data,Phytomonas serpens,
Host Taxon Predictor,Phytophthora parasitica,1.0,Protists & oomycetes,Phytophthora parasitica,species,Protists & oomycetes,host_data,Phytophthora parasitica,
Host Taxon Predictor,Pieris rapae,1.0,Insects,Pieris rapae,species,Invertebrates,host_data,Pieris rapae,
Host Taxon Predictor,Piliocolobus rufomitratus,1.0,Non-human primates,Piliocolobus rufomitratus,species,Mammals,host_data,Piliocolobus rufomitratus,
Host Taxon Predictor,Piper nigrum,1.0,Plants,Piper nigrum,species,Plants,host_data,Piper nigrum,
Host Taxon Predictor,Planococcus citri,1.0,Insects,Planococcus citri,species,Invertebrates,host_data,Planococcus citri,
Host Taxon Predictor,Plantago major,1.0,Plants,Plantago major,species,Plants,host_data,Plantago major,
Host Taxon Predictor,Plautia stali,1.0,Insects,Plautia stali,species,Invertebrates,host_data,Plautia stali,
Host Taxon Predictor,Pleospora typhicola isolate MUT4379,1.0,Fungi,Pleospora typhicola,species,Fungi,host_data,Pleospora typhicola,
Host Taxon Predictor,Plodia interpunctella,1.0,Insects,Plodia interpunctella,species,Invertebrates,host_data,Plodia interpunctella,
Host Taxon Predictor,Plutella xylostella,1.0,Insects,Plutella xylostella,species,Invertebrates,host_data,Plutella xylostella,
Host Taxon Predictor,Poa cookii,1.0,Plants,Poa cookii,species,Plants,host_data,Poa cookii,
Host Taxon Predictor,Pogona vitticeps,1.0,Reptiles,Pogona vitticeps,species,Non-mammalian vertebrates,host_data,Pogona vitticeps,
Host Taxon Predictor,Pouzolzia zeylanica,1.0,Plants,Pouzolzia zeylanica,species,Plants,host_data,Pouzolzia zeylanica,
Host Taxon Predictor,Primnoa pacifica,1.0,Other invertebrates,Primnoa pacifica,species,Invertebrates,host_data,Primnoa pacifica,
Host Taxon Predictor,Proscyllium habereri,1.0,Fish,Proscyllium habereri,species,Non-mammalian vertebrates,host_data,Proscyllium habereri,
Host Taxon Predictor,Prunus armeniaca,1.0,Plants,Prunus armeniaca,species,Plants,host_data,Prunus armeniaca,
Host Taxon Predictor,Prunus armeniaca variety Sorrentina GF305,1.0,Plants,Prunus armeniaca,species,Plants,host_data,Prunus armeniaca,
Host Taxon Predictor,Prunus persica L. Batsch.,1.0,Plants,Prunus persica,species,Plants,host_data,Prunus persica,
Host Taxon Predictor,Prunus persica cv. Agua,1.0,Plants,Prunus persica,species,Plants,host_data,Prunus persica,
Host Taxon Predictor,Prunus persica cv. nectarina,1.0,Plants,Prunus persica,species,Plants,host_data,Prunus persica,
Host Taxon Predictor,Prunus salicina,1.0,Plants,Prunus salicina,species,Plants,host_data,Prunus salicina,
Host Taxon Predictor,Psittacula krameri,1.0,Birds,Psittacula krameri,species,Non-mammalian vertebrates,host_data,Psittacula krameri,
Host Taxon Predictor,Psittacus erithacus,1.0,Birds,Psittacus erithacus,species,Non-mammalian vertebrates,host_data,Psittacus erithacus,
Host Taxon Predictor,Pteropus hypomelanus,1.0,Bats,Pteropus hypomelanus,species,Mammals,host_data,Pteropus hypomelanus,
Host Taxon Predictor,Python regius,1.0,Reptiles,Python regius,species,Non-mammalian vertebrates,host_data,Python regius,
Host Taxon Predictor,Rana pipiens,1.0,Amphibians,Rana pipiens,species,Non-mammalian vertebrates,host_data,Rana pipiens,
Host Taxon Predictor,Rangifer tarandus,1.0,Ungulates,Rangifer tarandus,species,Mammals,host_data,Rangifer tarandus,
Host Taxon Predictor,Rattus andamanensis,1.0,Rodents,Rattus andamanensis,species,Mammals,host_data,Rattus andamanensis,
Host Taxon Predictor,Rattus rattus sladeni,1.0,Rodents,Rattus rattus,species,Mammals,host_data,Rattus rattus,
Host Taxon Predictor,Rattus rattus wroughtoni,1.0,Rodents,Rattus rattus,species,Mammals,host_data,Rattus rattus,
Host Taxon Predictor,Rehmannia glutinosa Libosch,1.0,Plants,Rehmannia glutinosa,species,Plants,host_data,Rehmannia glutinosa,
Host Taxon Predictor,Rhinolophus alcyone,1.0,Bats,Rhinolophus alcyone,species,Mammals,host_data,Rhinolophus alcyone,
Host Taxon Predictor,Rhinolophus blasii,1.0,Bats,Rhinolophus blasii,species,Mammals,host_data,Rhinolophus blasii,
Host Taxon Predictor,Rhinolophus cornutus,1.0,Bats,Rhinolophus cornutus,species,Mammals,host_data,Rhinolophus cornutus,
Host Taxon Predictor,Rhinolophus eloquens,1.0,Bats,Rhinolophus eloquens,species,Mammals,host_data,Rhinolophus eloquens,
Host Taxon Predictor,Rhinopithecus roxellana,1.0,Non-human primates,Rhinopithecus roxellana,species,Mammals,host_data,Rhinopithecus roxellana,
Host Taxon Predictor,Rhizoctonia solani,1.0,Fungi,Rhizoctonia solani,species,Fungi,host_data,Rhizoctonia solani,
Host Taxon Predictor,Rhizoctonia solani AG 2-2IV strain DC17,1.0,Fungi,Rhizoctonia solani,species,Fungi,host_data,Rhizoctonia solani,
Host Taxon Predictor,Rhododendron maximum,1.0,Plants,Rhododendron maximum,species,Plants,host_data,Rhododendron maximum,
Host Taxon Predictor,Rhynchobatus djiddensis,1.0,Fish,Rhynchobatus djiddensis,species,Non-mammalian vertebrates,host_data,Rhynchobatus djiddensis,
Host Taxon Predictor,Ribes nigrum,1.0,Plants,Ribes nigrum,species,Plants,host_data,Ribes nigrum,
Host Taxon Predictor,Ribes nigrum L.,1.0,Plants,Ribes nigrum,species,Plants,host_data,Ribes nigrum,
Host Taxon Predictor,Ribes rubrum cv. Holandsky cerveny,1.0,Plants,Ribes rubrum,species,Plants,host_data,Ribes rubrum,
Host Taxon Predictor,Riparia paludicola,1.0,Birds,Riparia paludicola,species,Non-mammalian vertebrates,host_data,Riparia paludicola,
Host Taxon Predictor,Riptortus pedestris,1.0,Insects,Riptortus pedestris,species,Invertebrates,host_data,Riptortus pedestris,
Host Taxon Predictor,Rosa rugosa cv. Charles Albanel,1.0,Plants,Rosa rugosa,species,Plants,host_data,Rosa rugosa,
Host Taxon Predictor,Rosellinia necatrix strain NW10,1.0,Fungi,Rosellinia necatrix,species,Fungi,host_data,Rosellinia necatrix,
Host Taxon Predictor,Rubus canadensis,1.0,Plants,Rubus canadensis,species,Plants,host_data,Rubus canadensis,
Host Taxon Predictor,Rudbeckia hirta,1.0,Plants,Rudbeckia hirta,species,Plants,host_data,Rudbeckia hirta,
Host Taxon Predictor,Sabethes intermedius,1.0,Insects,Sabethes intermedius,species,Invertebrates,host_data,Sabethes intermedius,
Host Taxon Predictor,Saccharomyces kudriavzevii FM1183,1.0,Fungi,Saccharomyces kudriavzevii,species,Fungi,host_data,Saccharomyces kudriavzevii,
Host Taxon Predictor,Saimiri boliviensis,1.0,Non-human primates,Saimiri boliviensis,species,Mammals,host_data,Saimiri boliviensis,
Host Taxon Predictor,Saimiri sciureus,1.0,Non-human primates,Saimiri sciureus,species,Mammals,host_data,Saimiri sciureus,
Host Taxon Predictor,Salvelinus fontinalis,1.0,Fish,Salvelinus fontinalis,species,Non-mammalian vertebrates,host_data,Salvelinus fontinalis,
Host Taxon Predictor,Sciurus variegatoides,1.0,Rodents,Sciurus variegatoides,species,Mammals,host_data,Sciurus variegatoides,
Host Taxon Predictor,Sciurus vulgaris,1.0,Rodents,Sciurus vulgaris,species,Mammals,host_data,Sciurus vulgaris,
Host Taxon Predictor,Sclerotinia nivalis,1.0,Fungi,Sclerotinia nivalis,species,Fungi,host_data,Sclerotinia nivalis,
Host Taxon Predictor,Sclerotinia sclerotiorum ICMP 5472,1.0,Fungi,Sclerotinia sclerotiorum,species,Fungi,host_data,Sclerotinia sclerotiorum,
Host Taxon Predictor,Sclerotinia sclerotiorum hypovirulent strain Ep-1PN,1.0,Fungi,Sclerotinia sclerotiorum,species,Fungi,host_data,Sclerotinia sclerotiorum,
Host Taxon Predictor,Sclerotinia sclerotiorum isolate SX247,1.0,Fungi,Sclerotinia sclerotiorum,species,Fungi,host_data,Sclerotinia sclerotiorum,
Host Taxon Predictor,Scylla serrata,1.0,Other invertebrates,Scylla serrata,species,Invertebrates,host_data,Scylla serrata,
Host Taxon Predictor,Sechium edule,1.0,Plants,Sechium edule,species,Plants,host_data,Sechium edule,
Host Taxon Predictor,Senecio scandens,1.0,Plants,Senecio scandens,species,Plants,host_data,Senecio scandens,
Host Taxon Predictor,Serinus canaria,1.0,Birds,Serinus canaria,species,Non-mammalian vertebrates,host_data,Serinus canaria,
Host Taxon Predictor,Sicyonia brevirostris,1.0,Other invertebrates,Sicyonia brevirostris,species,Invertebrates,host_data,Sicyonia brevirostris,
Host Taxon Predictor,Silurus glanis,1.0,Fish,Silurus glanis,species,Non-mammalian vertebrates,host_data,Silurus glanis,
Host Taxon Predictor,Siniperca chuatsi,1.0,Fish,Siniperca chuatsi,species,Non-mammalian vertebrates,host_data,Siniperca chuatsi,
Host Taxon Predictor,Smallanthus sonchifolius,1.0,Plants,Smallanthus sonchifolius,species,Plants,host_data,Smallanthus sonchifolius,
Host Taxon Predictor,Solanum aculeatissimum,1.0,Plants,Solanum aculeatissimum,species,Plants,host_data,Solanum aculeatissimum,
Host Taxon Predictor,Solanum aethiopicum,1.0,Plants,Solanum aethiopicum,species,Plants,host_data,Solanum aethiopicum,
Host Taxon Predictor,Solanum betaceum,1.0,Plants,Solanum betaceum,species,Plants,host_data,Solanum betaceum,
Host Taxon Predictor,Solanum nodiflorum,1.0,Plants,Solanum nodiflorum,species,Plants,host_data,Solanum nodiflorum,
Host Taxon Predictor,Solanum phureja,1.0,Plants,Solanum phureja,species,Plants,host_data,Solanum phureja,
Host Taxon Predictor,Solanum torvum,1.0,Plants,Solanum torvum,species,Plants,host_data,Solanum torvum,
Host Taxon Predictor,Solanum tuberosum cultivar Leona,1.0,Plants,Solanum tuberosum,species,Plants,host_data,Solanum tuberosum,
Host Taxon Predictor,Solanum tuberosum cv. Nadine,1.0,Plants,Solanum tuberosum,species,Plants,host_data,Solanum tuberosum,
Host Taxon Predictor,Solanum viarum,1.0,Plants,Solanum viarum,species,Plants,host_data,Solanum viarum,
Host Taxon Predictor,Sorex araneus,1.0,Other/unresolved mammals,Sorex araneus,species,Mammals,host_data,Sorex araneus,
Host Taxon Predictor,Sorghum bicolor,1.0,Plants,Sorghum bicolor,species,Plants,host_data,Sorghum bicolor,
Host Taxon Predictor,Stachytarpheta jamaicensis,1.0,Plants,Stachytarpheta jamaicensis,species,Plants,host_data,Stachytarpheta jamaicensis,
Host Taxon Predictor,Stercorarius maccormicki,1.0,Birds,Stercorarius maccormicki,species,Non-mammalian vertebrates,host_data,Stercorarius maccormicki,
Host Taxon Predictor,Struthio camelus,1.0,Birds,Struthio camelus,species,Non-mammalian vertebrates,host_data,Struthio camelus,
Host Taxon Predictor,Sturnira lilium,1.0,Bats,Sturnira lilium,species,Mammals,host_data,Sturnira lilium,
Host Taxon Predictor,Sturnus vulgaris,1.0,Birds,Sturnus vulgaris,species,Non-mammalian vertebrates,host_data,Sturnus vulgaris,
Host Taxon Predictor,Sus scrofa domestica,1.0,Ungulates,Sus scrofa,species,Mammals,host_data,Sus scrofa,
Host Taxon Predictor,Sus scrofa domesticus breed Large White,1.0,Ungulates,Sus scrofa,species,Mammals,host_data,Sus scrofa,
Host Taxon Predictor,Taeniopygia guttata,1.0,Birds,Taeniopygia guttata,species,Non-mammalian vertebrates,host_data,Taeniopygia guttata,
Host Taxon Predictor,Tagetes patula,1.0,Plants,Tagetes patula,species,Plants,host_data,Tagetes patula,
Host Taxon Predictor,Telosma cordata,1.0,Plants,Telosma cordata,species,Plants,host_data,Telosma cordata,
Host Taxon Predictor,Testudo hermanni,1.0,Reptiles,Testudo hermanni,species,Non-mammalian vertebrates,host_data,Testudo hermanni,
Host Taxon Predictor,Testudo horsfieldii,1.0,Reptiles,Testudo horsfieldii,species,Non-mammalian vertebrates,host_data,Testudo horsfieldii,
Host Taxon Predictor,Thaumetopoea pityocampa,1.0,Insects,Thaumetopoea pityocampa,species,Invertebrates,host_data,Thaumetopoea pityocampa,
Host Taxon Predictor,Thelephora terrestris,1.0,Fungi,Thelephora terrestris,species,Fungi,host_data,Thelephora terrestris,
Host Taxon Predictor,Thielaviopsis basicola,1.0,Fungi,Thielaviopsis basicola,species,Fungi,host_data,Thielaviopsis basicola,
Host Taxon Predictor,Thielaviopsis basicola strain BK18,1.0,Fungi,Thielaviopsis basicola,species,Fungi,host_data,Thielaviopsis basicola,
Host Taxon Predictor,Tholymis tillarga,1.0,Insects,Tholymis tillarga,species,Invertebrates,host_data,Tholymis tillarga,
Host Taxon Predictor,Thunbergia alata,1.0,Plants,Thunbergia alata,species,Plants,host_data,Thunbergia alata,
Host Taxon Predictor,Thysanoplusia orichalcea,1.0,Insects,Thysanoplusia orichalcea,species,Invertebrates,host_data,Thysanoplusia orichalcea,
Host Taxon Predictor,Tipula oleracea,1.0,Insects,Tipula oleracea,species,Invertebrates,host_data,Tipula oleracea,
Host Taxon Predictor,Tolypocladium cylindrosporum,1.0,Fungi,Tolypocladium cylindrosporum,species,Fungi,host_data,Tolypocladium cylindrosporum,
Host Taxon Predictor,Trematomus pennellii,1.0,Fish,Trematomus pennellii,species,Non-mammalian vertebrates,host_data,Trematomus pennellii,
Host Taxon Predictor,Triatoma infestans,1.0,Insects,Triatoma infestans,species,Invertebrates,host_data,Triatoma infestans,
Host Taxon Predictor,Trichoderma atroviride strain NFCF028,1.0,Fungi,Trichoderma atroviride,species,Fungi,host_data,Trichoderma atroviride,
Host Taxon Predictor,Trichosurus vulpecula,1.0,Other/unresolved mammals,Trichosurus vulpecula,species,Mammals,host_data,Trichosurus vulpecula,
Host Taxon Predictor,Trifolium repens,1.0,Plants,Trifolium repens,species,Plants,host_data,Trifolium repens,
Host Taxon Predictor,Trifolium resupinatum,1.0,Plants,Trifolium resupinatum,species,Plants,host_data,Trifolium resupinatum,
Host Taxon Predictor,Trifolium subterraneum,1.0,Plants,Trifolium subterraneum,species,Plants,host_data,Trifolium subterraneum,
Host Taxon Predictor,Trisetum flavescens L.,1.0,Plants,Trisetum flavescens,species,Plants,host_data,Trisetum flavescens,
Host Taxon Predictor,Triticum aestivum cultivar RonL,1.0,Plants,Triticum aestivum,species,Plants,host_data,Triticum aestivum,
Host Taxon Predictor,Tulipa fosteriana cv. Mme Lefebvre,1.0,Plants,Tulipa fosteriana,species,Plants,host_data,Tulipa fosteriana,
Host Taxon Predictor,Tupaia belangeri chinensis,1.0,Other/unresolved mammals,Tupaia belangeri,species,Mammals,host_data,Tupaia belangeri,
Host Taxon Predictor,Turdus merula,1.0,Birds,Turdus merula,species,Non-mammalian vertebrates,host_data,Turdus merula,
Host Taxon Predictor,Uroderma bilobatum,1.0,Bats,Uroderma bilobatum,species,Mammals,host_data,Uroderma bilobatum,
Host Taxon Predictor,Vaccinium corymbosum,1.0,Plants,Vaccinium corymbosum,species,Plants,host_data,Vaccinium corymbosum,
Host Taxon Predictor,Varecia variegata,1.0,Non-human primates,Varecia variegata,species,Mammals,host_data,Varecia variegata,
Host Taxon Predictor,Varroa destructor,1.0,Arachnids,Varroa destructor,species,Invertebrates,host_data,Varroa destructor,
Host Taxon Predictor,Varroa destructor mites,1.0,Arachnids,Varroa destructor,species,Invertebrates,host_data,Varroa destructor,
Host Taxon Predictor,Velarifictorus micado,1.0,Insects,Velarifictorus micado,species,Invertebrates,host_data,Velarifictorus micado,
Host Taxon Predictor,Vespertilio sinensis,1.0,Bats,Vespertilio sinensis,species,Mammals,host_data,Vespertilio sinensis,
Host Taxon Predictor,Vespula pensylvanica,1.0,Insects,Vespula pensylvanica,species,Invertebrates,host_data,Vespula pensylvanica,
Host Taxon Predictor,Vicia faba cv. Divine,1.0,Plants,Vicia faba,species,Plants,host_data,Vicia faba,
Host Taxon Predictor,Vicia faba cv. Hangdown,1.0,Plants,Vicia faba,species,Plants,host_data,Vicia faba,
Host Taxon Predictor,Vicugna pacos,1.0,Ungulates,Vicugna pacos,species,Mammals,host_data,Vicugna pacos,
Host Taxon Predictor,Vitis vinifera L.,1.0,Plants,Vitis vinifera,species,Plants,host_data,Vitis vinifera,
Host Taxon Predictor,Vitis vinifera cultivar White Emperor,1.0,Plants,Vitis vinifera,species,Plants,host_data,Vitis vinifera,
Host Taxon Predictor,Vitis vinifera cv. Mantilaria,1.0,Plants,Vitis vinifera,species,Plants,host_data,Vitis vinifera,
Host Taxon Predictor,Vitis vinifera cv. Mauzac,1.0,Plants,Vitis vinifera,species,Plants,host_data,Vitis vinifera,
Host Taxon Predictor,Vitis vinifera cv. Semillon,1.0,Plants,Vitis vinifera,species,Plants,host_data,Vitis vinifera,
Host Taxon Predictor,Vitis vinifera cv. Syrah,1.0,Plants,Vitis vinifera,species,Plants,host_data,Vitis vinifera,
Host Taxon Predictor,Vitis vinifera endophyte,1.0,Plants,Vitis vinifera,species,Plants,host_data,Vitis vinifera,
Host Taxon Predictor,Vulpes vulpes,1.0,Carnivores,Vulpes vulpes,species,Mammals,host_data,Vulpes vulpes,
Host Taxon Predictor,Wisteria sinensis,1.0,Plants,Wisteria sinensis,species,Plants,host_data,Wisteria sinensis,
Host Taxon Predictor,Xanthocnemis zealandica,1.0,Insects,Xanthocnemis zealandica,species,Invertebrates,host_data,Xanthocnemis zealandica,
Host Taxon Predictor,Xanthophyllomyces dendrorhous,1.0,Fungi,Xanthophyllomyces dendrorhous,species,Fungi,host_data,Xanthophyllomyces dendrorhous,
Host Taxon Predictor,Xenopus laevis,1.0,Amphibians,Xenopus laevis,species,Non-mammalian vertebrates,host_data,Xenopus laevis,
Host Taxon Predictor,Zantedeschia aethiopica,1.0,Plants,Zantedeschia aethiopica,species,Plants,host_data,Zantedeschia aethiopica,
Host Taxon Predictor,Zygodontomys brevicauda,1.0,Rodents,Zygodontomys brevicauda,species,Mammals,host_data,Zygodontomys brevicauda,
EvoMIL,Homo sapiens,1321.0,Humans,Homo sapiens,species,Mammals,host_data,Homo sapiens,
EvoMIL,Sus scrofa,219.0,Ungulates,Sus scrofa,species,Mammals,host_data,Sus scrofa,
EvoMIL,Bos taurus,202.0,Ungulates,Bos taurus,species,Mammals,host_data,Bos taurus,
EvoMIL,Mus musculus,174.0,Rodents,Mus musculus,species,Mammals,host_data,Mus musculus,
EvoMIL,Gallus gallus,109.0,Birds,Gallus gallus,species,Non-mammalian vertebrates,host_data,Gallus gallus,
EvoMIL,Chlorocebus aethiops,108.0,Non-human primates,Chlorocebus aethiops,species,Mammals,host_data,Chlorocebus aethiops,
EvoMIL,Macaca mulatta,73.0,Non-human primates,Macaca mulatta,species,Mammals,host_data,Macaca mulatta,
EvoMIL,Canis lupus,72.0,Carnivores,Canis lupus,species,Mammals,host_data,Canis lupus,
EvoMIL,Felis catus,57.0,Carnivores,Felis catus,species,Mammals,host_data,Felis catus,
EvoMIL,Equus caballus,54.0,Other mammals,Equus caballus,species,Mammals,host_data,Equus caballus,
EvoMIL,Ovis aries,51.0,Ungulates,Ovis aries,species,Mammals,host_data,Ovis aries,
EvoMIL,Rattus norvegicus,48.0,Rodents,Rattus norvegicus,species,Mammals,host_data,Rattus norvegicus,
EvoMIL,Pan troglodytes,45.0,Non-human primates,Pan troglodytes,species,Mammals,host_data,Pan troglodytes,
EvoMIL,Mesocricetus auratus,42.0,Rodents,Mesocricetus auratus,species,Mammals,host_data,Mesocricetus auratus,
EvoMIL,Anas platyrhynchos,40.0,Birds,Anas platyrhynchos,species,Non-mammalian vertebrates,host_data,Anas platyrhynchos,
EvoMIL,Aedes albopictus,36.0,Insects,Aedes albopictus,species,Invertebrates,host_data,Aedes albopictus,
EvoMIL,Capra hircus,31.0,Ungulates,Capra hircus,species,Mammals,host_data,Capra hircus,
VIDHOP,Homo sapiens,136031.0,Humans,Homo sapiens,species,Mammals,host_data,Homo sapiens,
VIDHOP,Sus scrofa,42440.0,Ungulates,Sus scrofa,species,Mammals,host_data,Sus scrofa,
VIDHOP,Gallus gallus,27229.0,Birds,Gallus gallus,species,Non-mammalian vertebrates,host_data,Gallus gallus,
VIDHOP,Anas platyrhynchos,24996.0,Birds,Anas platyrhynchos,species,Non-mammalian vertebrates,host_data,Anas platyrhynchos,
VIDHOP,Canis lupus,5566.0,Carnivores,Canis lupus,species,Mammals,host_data,Canis lupus,
VIDHOP,Bos taurus,3516.0,Ungulates,Bos taurus,species,Mammals,host_data,Bos taurus,
VIDHOP,Arenaria interpres,3374.0,Birds,Arenaria interpres,species,Non-mammalian vertebrates,host_data,Arenaria interpres,
VIDHOP,Equus caballus,2469.0,Other mammals,Equus caballus,species,Mammals,host_data,Equus caballus,
VIDHOP,Anas discors,2243.0,Birds,Anas discors,species,Non-mammalian vertebrates,host_data,Anas discors,
VIDHOP,Meleagris gallopavo,2123.0,Birds,Meleagris gallopavo,species,Non-mammalian vertebrates,host_data,Meleagris gallopavo,
VIDHOP,Chroicocephalus ridibundus,1476.0,Birds,Chroicocephalus ridibundus,species,Non-mammalian vertebrates,host_data,Chroicocephalus ridibundus,
VIDHOP,Anas clypeata,1085.0,Birds,Anas clypeata,species,Non-mammalian vertebrates,host_data,Anas clypeata,
VIDHOP,Cairina moschata,990.0,Birds,Cairina moschata,species,Non-mammalian vertebrates,host_data,Cairina moschata,
VIDHOP,Anas acuta,778.0,Birds,Anas acuta,species,Non-mammalian vertebrates,host_data,Anas acuta,
VIDHOP,Anas crecca,727.0,Birds,Anas crecca,species,Non-mammalian vertebrates,host_data,Anas crecca,
VIDHOP,Vulpes vulpes,703.0,Carnivores,Vulpes vulpes,species,Mammals,host_data,Vulpes vulpes,
VIDHOP,Mephitis mephitis,692.0,Carnivores,Mephitis mephitis,species,Mammals,host_data,Mephitis mephitis,
VIDHOP,Anas carolinensis,659.0,Birds,Anas carolinensis,species,Non-mammalian vertebrates,host_data,Anas carolinensis,
VIDHOP,Procyon lotor,578.0,Carnivores,Procyon lotor,species,Mammals,host_data,Procyon lotor,
VIDHOP,Eptesicus fuscus,480.0,Bats,Eptesicus fuscus,species,Mammals,host_data,Eptesicus fuscus,
VIDHOP,Anas rubripes,346.0,Birds,Anas rubripes,species,Non-mammalian vertebrates,host_data,Anas rubripes,
VIDHOP,Larus argentatus,306.0,Birds,Larus argentatus,species,Non-mammalian vertebrates,host_data,Larus argentatus,
VIDHOP,Anser albifrons,291.0,Birds,Anser albifrons,species,Non-mammalian vertebrates,host_data,Anser albifrons,
VIDHOP,Leucophaeus atricilla,290.0,Birds,Leucophaeus atricilla,species,Non-mammalian vertebrates,host_data,Leucophaeus atricilla,
VIDHOP,Felis catus,279.0,Carnivores,Felis catus,species,Mammals,host_data,Felis catus,
VIDHOP,Tadarida brasiliensis,265.0,Bats,Tadarida brasiliensis,species,Mammals,host_data,Tadarida brasiliensis,
VIDHOP,Calidris canutus,250.0,Birds,Calidris canutus,species,Non-mammalian vertebrates,host_data,Calidris canutus,
VIDHOP,Mareca penelope,248.0,Birds,Mareca penelope,species,Non-mammalian vertebrates,host_data,Mareca penelope,
VIDHOP,Cygnus olor,242.0,Birds,Cygnus olor,species,Non-mammalian vertebrates,host_data,Cygnus olor,
VIDHOP,Struthio camelus,231.0,Birds,Struthio camelus,species,Non-mammalian vertebrates,host_data,Struthio camelus,
VIDHOP,Cygnus columbianus,221.0,Birds,Cygnus columbianus,species,Non-mammalian vertebrates,host_data,Cygnus columbianus,
VIDHOP,Tadorna ferruginea,204.0,Birds,Tadorna ferruginea,species,Non-mammalian vertebrates,host_data,Tadorna ferruginea,
VIDHOP,Anser fabalis,201.0,Birds,Anser fabalis,species,Non-mammalian vertebrates,host_data,Anser fabalis,
VIDHOP,Uria aalge,198.0,Birds,Uria aalge,species,Non-mammalian vertebrates,host_data,Uria aalge,
VIDHOP,Vulpes lagopus,198.0,Carnivores,Vulpes lagopus,species,Mammals,host_data,Vulpes lagopus,
VIDHOP,Desmodus rotundus,184.0,Bats,Desmodus rotundus,species,Mammals,host_data,Desmodus rotundus,
VIDHOP,Sibirionetta formosa,155.0,Birds,Sibirionetta formosa,species,Non-mammalian vertebrates,host_data,Sibirionetta formosa,
VIDHOP,Mareca americana,154.0,Birds,Mareca americana,species,Non-mammalian vertebrates,host_data,Mareca americana,
VIDHOP,Larus glaucescens,152.0,Birds,Larus glaucescens,species,Non-mammalian vertebrates,host_data,Larus glaucescens,
VIDHOP,Mareca strepera,132.0,Birds,Mareca strepera,species,Non-mammalian vertebrates,host_data,Mareca strepera,
VIDHOP,Calidris alba,127.0,Birds,Calidris alba,species,Non-mammalian vertebrates,host_data,Calidris alba,
VIDHOP,Branta canadensis,126.0,Birds,Branta canadensis,species,Non-mammalian vertebrates,host_data,Branta canadensis,
VIDHOP,Nyctereutes procyonoides,121.0,Carnivores,Nyctereutes procyonoides,species,Mammals,host_data,Nyctereutes procyonoides,
VIDHOP,Capra hircus,120.0,Ungulates,Capra hircus,species,Mammals,host_data,Capra hircus,
VIDHOP,Vicugna pacos,118.0,Ungulates,Vicugna pacos,species,Mammals,host_data,Vicugna pacos,
VIDHOP,Lasiurus borealis,116.0,Bats,Lasiurus borealis,species,Mammals,host_data,Lasiurus borealis,
VIDHOP,Artibeus lituratus,110.0,Bats,Artibeus lituratus,species,Mammals,host_data,Artibeus lituratus,
VIDHOP,Cygnus cygnus,110.0,Birds,Cygnus cygnus,species,Non-mammalian vertebrates,host_data,Cygnus cygnus,
VIDHOP,Anser indicus,105.0,Birds,Anser indicus,species,Non-mammalian vertebrates,host_data,Anser indicus,
VIDHOP,Calidris ruficollis,105.0,Birds,Calidris ruficollis,species,Non-mammalian vertebrates,host_data,Calidris ruficollis,
VIDHOP,Cerdocyon thous,102.0,Carnivores,Cerdocyon thous,species,Mammals,host_data,Cerdocyon thous,
"HostNet (Rabies, VIPHOD)",Canis lupus,5121.0,Carnivores,Canis lupus,species,Mammals,host_data,Canis lupus,
"HostNet (Rabies, VIPHOD)",Bos taurus,2280.0,Ungulates,Bos taurus,species,Mammals,host_data,Bos taurus,
"HostNet (Rabies, VIPHOD)",Vulpes vulpes,683.0,Carnivores,Vulpes vulpes,species,Mammals,host_data,Vulpes vulpes,
"HostNet (Rabies, VIPHOD)",Mephitis mephitis,672.0,Carnivores,Mephitis mephitis,species,Mammals,host_data,Mephitis mephitis,
"HostNet (Rabies, VIPHOD)",Procyon lotor,558.0,Carnivores,Procyon lotor,species,Mammals,host_data,Procyon lotor,
"HostNet (Rabies, VIPHOD)",Homo sapiens,478.0,Humans,Homo sapiens,species,Mammals,host_data,Homo sapiens,
"HostNet (Rabies, VIPHOD)",Eptesicus fuscus,460.0,Bats,Eptesicus fuscus,species,Mammals,host_data,Eptesicus fuscus,
"HostNet (Rabies, VIPHOD)",Felis catus,259.0,Carnivores,Felis catus,species,Mammals,host_data,Felis catus,
"HostNet (Rabies, VIPHOD)",Tadarida brasiliensis,245.0,Bats,Tadarida brasiliensis,species,Mammals,host_data,Tadarida brasiliensis,
"HostNet (Rabies, VIPHOD)",Vulpes lagopus,178.0,Carnivores,Vulpes lagopus,species,Mammals,host_data,Vulpes lagopus,
"HostNet (Rabies, VIPHOD)",Desmodus rotundus,164.0,Bats,Desmodus rotundus,species,Mammals,host_data,Desmodus rotundus,
"HostNet (Rabies, VIPHOD)",Equus caballus,118.0,Other mammals,Equus caballus,species,Mammals,host_data,Equus caballus,
"HostNet (Rabies, VIPHOD)",Nyctereutes procyonoides,101.0,Carnivores,Nyctereutes procyonoides,species,Mammals,host_data,Nyctereutes procyonoides,
"HostNet (Rabies, VIPHOD)",Capra hircus,100.0,Ungulates,Capra hircus,species,Mammals,host_data,Capra hircus,
"HostNet (Rabies, VIPHOD)",Lasiurus borealis,96.0,Bats,Lasiurus borealis,species,Mammals,host_data,Lasiurus borealis,
"HostNet (Rabies, VIPHOD)",Artibeus lituratus,90.0,Bats,Artibeus lituratus,species,Mammals,host_data,Artibeus lituratus,
"HostNet (Rabies, VIPHOD)",Cerdocyon thous,82.0,Carnivores,Cerdocyon thous,species,Mammals,host_data,Cerdocyon thous,
MENB,"Human (train, x4 families)",1200.0,Humans,Homo sapiens,species,Mammals,host_data,Homo sapiens,
MENB,"Swine (train, x4 families)",1200.0,Swine (pig),Sus scrofa,species,Mammals,host_data,Sus scrofa,
Zoonotic rank,Human,113.0,Humans,Homo sapiens,species,Mammals,host_data,Homo sapiens,
VirHostPRED,"Homo sapiens (taxid 9606, positive class)",2127.0,Humans,Homo sapiens,species,Mammals,host_data,Homo sapiens,
SPHAK,Homo sapiens,5480.0,Humans,Homo sapiens,species,Mammals,host_data,Homo sapiens,
SPHAK,Gallus gallus,922.0,Birds,Gallus gallus,species,Non-mammalian vertebrates,host_data,Gallus gallus,
SPHAK,Sus scrofa,740.0,Ungulates,Sus scrofa,species,Mammals,host_data,Sus scrofa,
SPHAK,Solanum lycopersicum,597.0,Plants,Solanum lycopersicum,species,Plants,host_data,Solanum lycopersicum,
SPHAK,Leptonychotes weddellii,293.0,Carnivores,Leptonychotes weddellii,species,Mammals,host_data,Leptonychotes weddellii,
SPHAK,Manihot esculenta,238.0,Plants,Manihot esculenta,species,Plants,host_data,Manihot esculenta,
SPHAK,Anas platyrhynchos,219.0,Birds,Anas platyrhynchos,species,Non-mammalian vertebrates,host_data,Anas platyrhynchos,
SPHAK,Abelmoschus esculentus,157.0,Plants,Abelmoschus esculentus,species,Plants,host_data,Abelmoschus esculentus,
SPHAK,Canis lupus familiaris,134.0,Carnivores,Canis lupus,species,Mammals,host_data,Canis lupus,
SPHAK,Zea mays,125.0,Plants,Zea mays,species,Plants,host_data,Zea mays,
SPHAK,Felis catus,123.0,Carnivores,Felis catus,species,Mammals,host_data,Felis catus,
SPHAK,Gossypium hirsutum,89.0,Plants,Gossypium hirsutum,species,Plants,host_data,Gossypium hirsutum,
SPHAK,Lynx rufus,89.0,Carnivores,Lynx rufus,species,Mammals,host_data,Lynx rufus,
SPHAK,Bos taurus,85.0,Ungulates,Bos taurus,species,Mammals,host_data,Bos taurus,
SPHAK,Medicago sativa,84.0,Plants,Medicago sativa,species,Plants,host_data,Medicago sativa,
SPHAK,Cicer arietinum,76.0,Plants,Cicer arietinum,species,Plants,host_data,Cicer arietinum,
SPHAK,Meleagris gallopavo,74.0,Birds,Meleagris gallopavo,species,Non-mammalian vertebrates,host_data,Meleagris gallopavo,
SPHAK,Equus caballus,71.0,Other mammals,Equus caballus,species,Mammals,host_data,Equus caballus,
SPHAK,Vitis vinifera,67.0,Plants,Vitis vinifera,species,Plants,host_data,Vitis vinifera,
SPHAK,Ipomoea batatas,59.0,Plants,Ipomoea batatas,species,Plants,host_data,Ipomoea batatas,
SPHAK,Capsicum annuum,58.0,Plants,Capsicum annuum,species,Plants,host_data,Capsicum annuum,
SPHAK,Cucumis sativus,55.0,Plants,Cucumis sativus,species,Plants,host_data,Cucumis sativus,
SPHAK,Vigna radiata,46.0,Plants,Vigna radiata,species,Plants,host_data,Vigna radiata,
SPHAK,Carica papaya,44.0,Plants,Carica papaya,species,Plants,host_data,Carica papaya,
SPHAK,Triticum aestivum,44.0,Plants,Triticum aestivum,species,Plants,host_data,Triticum aestivum,
SPHAK,Anas carolinensis,41.0,Birds,Anas carolinensis,species,Non-mammalian vertebrates,host_data,Anas carolinensis,
SPHAK,Glycine max,41.0,Plants,Glycine max,species,Plants,host_data,Glycine max,
SPHAK,Nicotiana tabacum,41.0,Plants,Nicotiana tabacum,species,Plants,host_data,Nicotiana tabacum,
SPHAK,Capsicum annuum var. glabriusculum,38.0,Plants,Capsicum annuum,species,Plants,host_data,Capsicum annuum,
SPHAK,Anas crecca,37.0,Birds,Anas crecca,species,Non-mammalian vertebrates,host_data,Anas crecca,
SPHAK,Beta vulgaris,37.0,Plants,Beta vulgaris,species,Plants,host_data,Beta vulgaris,
SPHAK,Camelus dromedarius,35.0,Ungulates,Camelus dromedarius,species,Mammals,host_data,Camelus dromedarius,
SPHAK,Euphorbia heterophylla,35.0,Plants,Euphorbia heterophylla,species,Plants,host_data,Euphorbia heterophylla,
SPHAK,Musa sp.,33.0,Plants,Musa sp.,species,Plants,host_data,Musa sp.,
SPHAK,Citrullus lanatus subsp. vulgaris,32.0,Plants,Citrullus lanatus,species,Plants,host_data,Citrullus lanatus,
SPHAK,Lynx canadensis,31.0,Carnivores,Lynx canadensis,species,Mammals,host_data,Lynx canadensis,
SPHAK,Solanum tuberosum,30.0,Plants,Solanum tuberosum,species,Plants,host_data,Solanum tuberosum,
SPHAK,Passiflora edulis,29.0,Plants,Passiflora edulis,species,Plants,host_data,Passiflora edulis,
SPHAK,Saccharum officinarum,29.0,Plants,Saccharum officinarum,species,Plants,host_data,Saccharum officinarum,
SPHAK,Ipomoea indica,28.0,Plants,Ipomoea indica,species,Plants,host_data,Ipomoea indica,
SPHAK,Scotophilus kuhlii,28.0,Bats,Scotophilus kuhlii,species,Mammals,host_data,Scotophilus kuhlii,
SPHAK,Pipistrellus abramus,26.0,Bats,Pipistrellus abramus,species,Mammals,host_data,Pipistrellus abramus,
SPHAK,Cucurbita pepo,25.0,Plants,Cucurbita pepo,species,Plants,host_data,Cucurbita pepo,
SPHAK,Mustela lutreola,25.0,Carnivores,Mustela lutreola,species,Mammals,host_data,Mustela lutreola,
SPHAK,Phaseolus vulgaris,24.0,Plants,Phaseolus vulgaris,species,Plants,host_data,Phaseolus vulgaris,
SPHAK,Solanum melongena,24.0,Plants,Solanum melongena,species,Plants,host_data,Solanum melongena,
SPHAK,Ageratum conyzoides,23.0,Plants,Ageratum conyzoides,species,Plants,host_data,Ageratum conyzoides,
SPHAK,Rhinolophus affinis,23.0,Bats,Rhinolophus affinis,species,Mammals,host_data,Rhinolophus affinis,
SPHAK,Malvastrum coromandelianum,21.0,Plants,Malvastrum coromandelianum,species,Plants,host_data,Malvastrum coromandelianum,
SPHAK,Cnidoscolus urens,20.0,Plants,Cnidoscolus urens,species,Plants,host_data,Cnidoscolus urens,
SPHAK,Musa acuminata,20.0,Plants,Musa acuminata,species,Plants,host_data,Musa acuminata,
SPHAK,Arenaria interpres,19.0,Birds,Arenaria interpres,species,Non-mammalian vertebrates,host_data,Arenaria interpres,
SPHAK,Cucumis melo,19.0,Plants,Cucumis melo,species,Plants,host_data,Cucumis melo,
SPHAK,Anas acuta,18.0,Birds,Anas acuta,species,Non-mammalian vertebrates,host_data,Anas acuta,
SPHAK,Puma concolor,18.0,Carnivores,Puma concolor,species,Mammals,host_data,Puma concolor,
SPHAK,Rhinolophus sinicus,18.0,Bats,Rhinolophus sinicus,species,Mammals,host_data,Rhinolophus sinicus,
SPHAK,Sus scrofa domesticus,18.0,Ungulates,Sus scrofa,species,Mammals,host_data,Sus scrofa,
SPHAK,Brassica rapa var. rapa,17.0,Plants,Brassica rapa,species,Plants,host_data,Brassica rapa,
SPHAK,Hordeum vulgare,17.0,Plants,Hordeum vulgare,species,Plants,host_data,Hordeum vulgare,
SPHAK,Sibirionetta formosa,17.0,Birds,Sibirionetta formosa,species,Non-mammalian vertebrates,host_data,Sibirionetta formosa,
SPHAK,Prunus avium,16.0,Plants,Prunus avium,species,Plants,host_data,Prunus avium,
SPHAK,Tylonycteris pachypus,16.0,Bats,Tylonycteris pachypus,species,Mammals,host_data,Tylonycteris pachypus,
SPHAK,Cairina moschata,15.0,Birds,Cairina moschata,species,Non-mammalian vertebrates,host_data,Cairina moschata,
SPHAK,Capra hircus,15.0,Ungulates,Capra hircus,species,Mammals,host_data,Capra hircus,
SPHAK,Vigna unguiculata,15.0,Plants,Vigna unguiculata,species,Plants,host_data,Vigna unguiculata,
SPHAK,Hibiscus rosa-sinensis,14.0,Plants,Hibiscus rosa-sinensis,species,Plants,host_data,Hibiscus rosa-sinensis,
SPHAK,Macroptilium lathyroides,14.0,Plants,Macroptilium lathyroides,species,Plants,host_data,Macroptilium lathyroides,
SPHAK,Mareca americana,14.0,Birds,Mareca americana,species,Non-mammalian vertebrates,host_data,Mareca americana,
SPHAK,Sida acuta,14.0,Plants,Sida acuta,species,Plants,host_data,Sida acuta,
SPHAK,Citrullus lanatus,13.0,Plants,Citrullus lanatus,species,Plants,host_data,Citrullus lanatus,
SPHAK,Digitaria ciliaris,13.0,Plants,Digitaria ciliaris,species,Plants,host_data,Digitaria ciliaris,
SPHAK,Euphorbia caput-medusae,13.0,Plants,Euphorbia caput-medusae,species,Plants,host_data,Euphorbia caput-medusae,
SPHAK,Mus musculus,13.0,Rodents,Mus musculus,species,Mammals,host_data,Mus musculus,
SPHAK,Rhinolophus pusillus,13.0,Bats,Rhinolophus pusillus,species,Mammals,host_data,Rhinolophus pusillus,
SPHAK,Rhynchosia minima,13.0,Plants,Rhynchosia minima,species,Plants,host_data,Rhynchosia minima,
SPHAK,Cleome affinis,12.0,Plants,Cleome affinis,species,Plants,host_data,Cleome affinis,
SPHAK,Hibiscus cannabinus,12.0,Plants,Hibiscus cannabinus,species,Plants,host_data,Hibiscus cannabinus,
SPHAK,Jatropha curcas,12.0,Plants,Jatropha curcas,species,Plants,host_data,Jatropha curcas,
SPHAK,Rhinolophus ferrumequinum,12.0,Bats,Rhinolophus ferrumequinum,species,Mammals,host_data,Rhinolophus ferrumequinum,
SPHAK,Lens culinaris,11.0,Plants,Lens culinaris,species,Plants,host_data,Lens culinaris,
SPHAK,Myotis ricketti,11.0,Bats,Myotis ricketti,species,Mammals,host_data,Myotis ricketti,
SPHAK,Vicia faba,11.0,Plants,Vicia faba,species,Plants,host_data,Vicia faba,
SPHAK,Anser sp.,10.0,Birds,Anser sp.,species,Non-mammalian vertebrates,host_data,Anser sp.,
SPHAK,Branta canadensis,10.0,Birds,Branta canadensis,species,Non-mammalian vertebrates,host_data,Branta canadensis,
SPHAK,Lepus granatensis,10.0,Other mammals,Lepus granatensis,species,Mammals,host_data,Lepus granatensis,
SPHAK,Macaca mulatta,10.0,Non-human primates,Macaca mulatta,species,Mammals,host_data,Macaca mulatta,
SPHAK,Paspalum dilatatum,10.0,Plants,Paspalum dilatatum,species,Plants,host_data,Paspalum dilatatum,
SPHAK,Pisum sativum,10.0,Plants,Pisum sativum,species,Plants,host_data,Pisum sativum,
SPHAK,Rattus norvegicus,10.0,Rodents,Rattus norvegicus,species,Mammals,host_data,Rattus norvegicus,
SPHAK,Apodemus sylvaticus,9.0,Rodents,Apodemus sylvaticus,species,Mammals,host_data,Apodemus sylvaticus,
SPHAK,Areca catechu,9.0,Plants,Areca catechu,species,Plants,host_data,Areca catechu,
SPHAK,Mareca strepera,9.0,Birds,Mareca strepera,species,Non-mammalian vertebrates,host_data,Mareca strepera,
SPHAK,Oryza sp.,9.0,Plants,Oryza sp.,species,Plants,host_data,Oryza sp.,
SPHAK,Panthera tigris,9.0,Carnivores,Panthera tigris,species,Mammals,host_data,Panthera tigris,
SPHAK,Penaeus vannamei,9.0,Other invertebrates,Penaeus vannamei,species,Invertebrates,host_data,Penaeus vannamei,
SPHAK,Vigna mungo,9.0,Plants,Vigna mungo,species,Plants,host_data,Vigna mungo,
SPHAK,Alcea rosea,8.0,Plants,Alcea rosea,species,Plants,host_data,Alcea rosea,
SPHAK,Citrus reticulata,8.0,Plants,Citrus reticulata,species,Plants,host_data,Citrus reticulata,
SPHAK,Lagenaria siceraria,8.0,Plants,Lagenaria siceraria,species,Plants,host_data,Lagenaria siceraria,
SPHAK,Olea europaea,8.0,Plants,Olea europaea,species,Plants,host_data,Olea europaea,
SPHAK,Passiflora caerulea,8.0,Plants,Passiflora caerulea,species,Plants,host_data,Passiflora caerulea,
SPHAK,Sauropus androgynus,8.0,Plants,Sauropus androgynus,species,Plants,host_data,Sauropus androgynus,
SPHAK,Blainvillea rhomboidea,7.0,Plants,Blainvillea rhomboidea,species,Plants,host_data,Blainvillea rhomboidea,
SPHAK,Brassica rapa,7.0,Plants,Brassica rapa,species,Plants,host_data,Brassica rapa,
SPHAK,Eclipta prostrata,7.0,Plants,Eclipta prostrata,species,Plants,host_data,Eclipta prostrata,
SPHAK,Microtus agrestis,7.0,Rodents,Microtus agrestis,species,Mammals,host_data,Microtus agrestis,
SPHAK,Momordica charantia,7.0,Plants,Momordica charantia,species,Plants,host_data,Momordica charantia,
SPHAK,Nicotiana benthamiana,7.0,Plants,Nicotiana benthamiana,species,Plants,host_data,Nicotiana benthamiana,
SPHAK,Piper nigrum,7.0,Plants,Piper nigrum,species,Plants,host_data,Piper nigrum,
SPHAK,Rattus argentiventer,7.0,Rodents,Rattus argentiventer,species,Mammals,host_data,Rattus argentiventer,
SPHAK,Saccharum sp.,7.0,Plants,Saccharum sp.,species,Plants,host_data,Saccharum sp.,
SPHAK,Sida rhombifolia,7.0,Plants,Sida rhombifolia,species,Plants,host_data,Sida rhombifolia,
SPHAK,Tursiops truncatus,7.0,Other mammals,Tursiops truncatus,species,Mammals,host_data,Tursiops truncatus,
SPHAK,Anser cygnoides,6.0,Birds,Anser cygnoides,species,Non-mammalian vertebrates,host_data,Anser cygnoides,
SPHAK,Coccinia grandis,6.0,Plants,Coccinia grandis,species,Plants,host_data,Coccinia grandis,
SPHAK,Columba livia,6.0,Birds,Columba livia,species,Non-mammalian vertebrates,host_data,Columba livia,
SPHAK,Cucurbita moschata,6.0,Plants,Cucurbita moschata,species,Plants,host_data,Cucurbita moschata,
SPHAK,Datura stramonium,6.0,Plants,Datura stramonium,species,Plants,host_data,Datura stramonium,
SPHAK,Erinaceus europaeus,6.0,Other mammals,Erinaceus europaeus,species,Mammals,host_data,Erinaceus europaeus,
SPHAK,Hipposideros pomona,6.0,Bats,Hipposideros pomona,species,Mammals,host_data,Hipposideros pomona,
SPHAK,Macaca fascicularis,6.0,Non-human primates,Macaca fascicularis,species,Mammals,host_data,Macaca fascicularis,
SPHAK,Malus domestica,6.0,Plants,Malus domestica,species,Plants,host_data,Malus domestica,
SPHAK,Phascolarctos cinereus,6.0,Other mammals,Phascolarctos cinereus,species,Mammals,host_data,Phascolarctos cinereus,
SPHAK,Salvia splendens,6.0,Plants,Salvia splendens,species,Plants,host_data,Salvia splendens,
SPHAK,Sida urens,6.0,Plants,Sida urens,species,Plants,host_data,Sida urens,
SPHAK,Trigonella foenum-graecum,6.0,Plants,Trigonella foenum-graecum,species,Plants,host_data,Trigonella foenum-graecum,
SPHAK,Anser anser,5.0,Birds,Anser anser,species,Non-mammalian vertebrates,host_data,Anser anser,
SPHAK,Capsicum frutescens,5.0,Plants,Capsicum frutescens,species,Plants,host_data,Capsicum frutescens,
SPHAK,Digitaria sanguinalis,5.0,Plants,Digitaria sanguinalis,species,Plants,host_data,Digitaria sanguinalis,
SPHAK,Hipposideros larvatus,5.0,Bats,Hipposideros larvatus,species,Mammals,host_data,Hipposideros larvatus,
SPHAK,Mareca penelope,5.0,Birds,Mareca penelope,species,Non-mammalian vertebrates,host_data,Mareca penelope,
SPHAK,Miniopterus fuliginosus,5.0,Bats,Miniopterus fuliginosus,species,Mammals,host_data,Miniopterus fuliginosus,
SPHAK,Pan troglodytes verus,5.0,Non-human primates,Pan troglodytes,species,Mammals,host_data,Pan troglodytes,
SPHAK,Phoca vitulina,5.0,Carnivores,Phoca vitulina,species,Mammals,host_data,Phoca vitulina,
SPHAK,Pouzolzia zeylanica,5.0,Plants,Pouzolzia zeylanica,species,Plants,host_data,Pouzolzia zeylanica,
SPHAK,Sicyos edulis,5.0,Plants,Sicyos edulis,species,Plants,host_data,Sicyos edulis,
SPHAK,Struthio camelus,5.0,Birds,Struthio camelus,species,Non-mammalian vertebrates,host_data,Struthio camelus,
SPHAK,Trifolium repens,5.0,Plants,Trifolium repens,species,Plants,host_data,Trifolium repens,
SPHAK,Abelmoschus manihot subsp. tetraphyllus,4.0,Plants,Abelmoschus manihot,species,Plants,host_data,Abelmoschus manihot,
SPHAK,Ailuropoda melanoleuca,4.0,Carnivores,Ailuropoda melanoleuca,species,Mammals,host_data,Ailuropoda melanoleuca,
SPHAK,Ananas comosus,4.0,Plants,Ananas comosus,species,Plants,host_data,Ananas comosus,
SPHAK,Arctocephalus gazella,4.0,Carnivores,Arctocephalus gazella,species,Mammals,host_data,Arctocephalus gazella,
SPHAK,Asystasia gangetica,4.0,Plants,Asystasia gangetica,species,Plants,host_data,Asystasia gangetica,
SPHAK,Benincasa hispida,4.0,Plants,Benincasa hispida,species,Plants,host_data,Benincasa hispida,
SPHAK,Citrus maxima,4.0,Plants,Citrus maxima,species,Plants,host_data,Citrus maxima,
SPHAK,Crassocephalum crepidioides,4.0,Plants,Crassocephalum crepidioides,species,Plants,host_data,Crassocephalum crepidioides,
SPHAK,Cyamopsis tetragonoloba,4.0,Plants,Cyamopsis tetragonoloba,species,Plants,host_data,Cyamopsis tetragonoloba,
SPHAK,Cygnus olor,4.0,Birds,Cygnus olor,species,Non-mammalian vertebrates,host_data,Cygnus olor,
SPHAK,Daucus carota,4.0,Plants,Daucus carota,species,Plants,host_data,Daucus carota,
SPHAK,Hevea brasiliensis,4.0,Plants,Hevea brasiliensis,species,Plants,host_data,Hevea brasiliensis,
SPHAK,Macrotyloma uniflorum,4.0,Plants,Macrotyloma uniflorum,species,Plants,host_data,Macrotyloma uniflorum,
SPHAK,Miniopterus schreibersii,4.0,Bats,Miniopterus schreibersii,species,Mammals,host_data,Miniopterus schreibersii,
SPHAK,Myodes glareolus,4.0,Rodents,Myodes glareolus,species,Mammals,host_data,Myodes glareolus,
SPHAK,Opuntia microdasys,4.0,Plants,Opuntia microdasys,species,Plants,host_data,Opuntia microdasys,
SPHAK,Petroselinum crispum,4.0,Plants,Petroselinum crispum,species,Plants,host_data,Petroselinum crispum,
SPHAK,Physalis peruviana,4.0,Plants,Physalis peruviana,species,Plants,host_data,Physalis peruviana,
SPHAK,Rattus andamanensis,4.0,Rodents,Rattus andamanensis,species,Mammals,host_data,Rattus andamanensis,
SPHAK,Rhinolophus malayanus,4.0,Bats,Rhinolophus malayanus,species,Mammals,host_data,Rhinolophus malayanus,
SPHAK,Solanum torvum,4.0,Plants,Solanum torvum,species,Plants,host_data,Solanum torvum,
SPHAK,Sorghum arundinaceum,4.0,Plants,Sorghum arundinaceum,species,Plants,host_data,Sorghum arundinaceum,
SPHAK,Sus scrofa scrofa,4.0,Ungulates,Sus scrofa,species,Mammals,host_data,Sus scrofa,
SPHAK,Anser fabalis,3.0,Birds,Anser fabalis,species,Non-mammalian vertebrates,host_data,Anser fabalis,
SPHAK,Arachis hypogaea,3.0,Plants,Arachis hypogaea,species,Plants,host_data,Arachis hypogaea,
SPHAK,Beta vulgaris subsp. vulgaris,3.0,Plants,Beta vulgaris,species,Plants,host_data,Beta vulgaris,
SPHAK,Bos grunniens,3.0,Ungulates,Bos grunniens,species,Mammals,host_data,Bos grunniens,
SPHAK,Cajanus cajan,3.0,Plants,Cajanus cajan,species,Plants,host_data,Cajanus cajan,
SPHAK,Capsicum annuum var. annuum,3.0,Plants,Capsicum annuum,species,Plants,host_data,Capsicum annuum,
SPHAK,Chrysanthemum x morifolium,3.0,Plants,Chrysanthemum x morifolium,species,Plants,host_data,Chrysanthemum x morifolium,
SPHAK,Citrus sinensis,3.0,Plants,Citrus sinensis,species,Plants,host_data,Citrus sinensis,
SPHAK,Coturnix japonica,3.0,Birds,Coturnix japonica,species,Non-mammalian vertebrates,host_data,Coturnix japonica,
SPHAK,Cucurbita maxima,3.0,Plants,Cucurbita maxima,species,Plants,host_data,Cucurbita maxima,
SPHAK,Cucurbita pepo var. melopepo,3.0,Plants,Cucurbita pepo,species,Plants,host_data,Cucurbita pepo,
SPHAK,Fulica atra,3.0,Birds,Fulica atra,species,Non-mammalian vertebrates,host_data,Fulica atra,
SPHAK,Grus japonensis,3.0,Birds,Grus japonensis,species,Non-mammalian vertebrates,host_data,Grus japonensis,
SPHAK,Hardenbergia comptoniana,3.0,Plants,Hardenbergia comptoniana,species,Plants,host_data,Hardenbergia comptoniana,
SPHAK,Lablab purpureus,3.0,Plants,Lablab purpureus,species,Plants,host_data,Lablab purpureus,
SPHAK,Larus argentatus,3.0,Birds,Larus argentatus,species,Non-mammalian vertebrates,host_data,Larus argentatus,
SPHAK,Leonurus sibiricus,3.0,Plants,Leonurus sibiricus,species,Plants,host_data,Leonurus sibiricus,
SPHAK,Lonicera japonica,3.0,Plants,Lonicera japonica,species,Plants,host_data,Lonicera japonica,
SPHAK,Luffa aegyptiaca,3.0,Plants,Luffa aegyptiaca,species,Plants,host_data,Luffa aegyptiaca,
SPHAK,Pan troglodytes,3.0,Non-human primates,Pan troglodytes,species,Mammals,host_data,Pan troglodytes,
SPHAK,Penaeus monodon,3.0,Other invertebrates,Penaeus monodon,species,Invertebrates,host_data,Penaeus monodon,
SPHAK,Plantago major,3.0,Plants,Plantago major,species,Plants,host_data,Plantago major,
SPHAK,Saccharum sinense,3.0,Plants,Saccharum sinense,species,Plants,host_data,Saccharum sinense,
SPHAK,Salmo salar,3.0,Fish,Salmo salar,species,Non-mammalian vertebrates,host_data,Salmo salar,
SPHAK,Sigesbeckia glabrescens,3.0,Plants,Sigesbeckia glabrescens,species,Plants,host_data,Sigesbeckia glabrescens,
SPHAK,Stachytarpheta jamaicensis,3.0,Plants,Stachytarpheta jamaicensis,species,Plants,host_data,Stachytarpheta jamaicensis,
SPHAK,Uria aalge,3.0,Birds,Uria aalge,species,Non-mammalian vertebrates,host_data,Uria aalge,
SPHAK,Aedes aegypti,2.0,Insects,Aedes aegypti,species,Invertebrates,host_data,Aedes aegypti,
SPHAK,Aix galericulata,2.0,Birds,Aix galericulata,species,Non-mammalian vertebrates,host_data,Aix galericulata,
SPHAK,Aix sponsa,2.0,Birds,Aix sponsa,species,Non-mammalian vertebrates,host_data,Aix sponsa,
SPHAK,Amblyomma americanum,2.0,Arachnids,Amblyomma americanum,species,Invertebrates,host_data,Amblyomma americanum,
SPHAK,Anethum graveolens,2.0,Plants,Anethum graveolens,species,Plants,host_data,Anethum graveolens,
SPHAK,Anser albifrons,2.0,Birds,Anser albifrons,species,Non-mammalian vertebrates,host_data,Anser albifrons,
SPHAK,Anthocercis littorea,2.0,Plants,Anthocercis littorea,species,Plants,host_data,Anthocercis littorea,
SPHAK,Apodemus flavicollis,2.0,Rodents,Apodemus flavicollis,species,Mammals,host_data,Apodemus flavicollis,
SPHAK,Artemisia carvifolia,2.0,Plants,Artemisia carvifolia,species,Plants,host_data,Artemisia carvifolia,
SPHAK,Atractylodes macrocephala,2.0,Plants,Atractylodes macrocephala,species,Plants,host_data,Atractylodes macrocephala,
SPHAK,Brassica rapa subsp. pekinensis,2.0,Plants,Brassica rapa,species,Plants,host_data,Brassica rapa,
SPHAK,Bubalus bubalis,2.0,Ungulates,Bubalus bubalis,species,Mammals,host_data,Bubalus bubalis,
SPHAK,Cannabis sativa,2.0,Plants,Cannabis sativa,species,Plants,host_data,Cannabis sativa,
SPHAK,Capreolus capreolus,2.0,Ungulates,Capreolus capreolus,species,Mammals,host_data,Capreolus capreolus,
SPHAK,Catharanthus roseus,2.0,Plants,Catharanthus roseus,species,Plants,host_data,Catharanthus roseus,
SPHAK,Corchorus siliquosus,2.0,Plants,Corchorus siliquosus,species,Plants,host_data,Corchorus siliquosus,
SPHAK,Crotalaria juncea,2.0,Plants,Crotalaria juncea,species,Plants,host_data,Crotalaria juncea,
SPHAK,Deinbollia borbonica,2.0,Plants,Deinbollia borbonica,species,Plants,host_data,Deinbollia borbonica,
SPHAK,Dioscorea alata,2.0,Plants,Dioscorea alata,species,Plants,host_data,Dioscorea alata,
SPHAK,Duranta erecta,2.0,Plants,Duranta erecta,species,Plants,host_data,Duranta erecta,
SPHAK,Elettaria cardamomum,2.0,Plants,Elettaria cardamomum,species,Plants,host_data,Elettaria cardamomum,
SPHAK,Emilia sonchifolia,2.0,Plants,Emilia sonchifolia,species,Plants,host_data,Emilia sonchifolia,
SPHAK,Eptesicus serotinus,2.0,Bats,Eptesicus serotinus,species,Mammals,host_data,Eptesicus serotinus,
SPHAK,Equus asinus x Equus caballus,2.0,Other mammals,Equus asinus x Equus caballus,species,Mammals,host_data,Equus asinus x Equus caballus,
SPHAK,Eragrostis curvula,2.0,Plants,Eragrostis curvula,species,Plants,host_data,Eragrostis curvula,
SPHAK,Erethizon dorsatum,2.0,Rodents,Erethizon dorsatum,species,Mammals,host_data,Erethizon dorsatum,
SPHAK,Erinaceus amurensis,2.0,Other mammals,Erinaceus amurensis,species,Mammals,host_data,Erinaceus amurensis,
SPHAK,Eupatorium makinoi,2.0,Plants,Eupatorium makinoi,species,Plants,host_data,Eupatorium makinoi,
SPHAK,Eustoma grandiflorum,2.0,Plants,Eustoma grandiflorum,species,Plants,host_data,Eustoma grandiflorum,
SPHAK,Eutrema japonicum,2.0,Plants,Eutrema japonicum,species,Plants,host_data,Eutrema japonicum,
SPHAK,Fragaria x ananassa,2.0,Plants,Fragaria x ananassa,species,Plants,host_data,Fragaria x ananassa,
SPHAK,Gorilla gorilla,2.0,Non-human primates,Gorilla gorilla,species,Mammals,host_data,Gorilla gorilla,
SPHAK,Gymnanthemum amygdalinum,2.0,Plants,Gymnanthemum amygdalinum,species,Plants,host_data,Gymnanthemum amygdalinum,
SPHAK,Hibiscus sabdariffa,2.0,Plants,Hibiscus sabdariffa,species,Plants,host_data,Hibiscus sabdariffa,
SPHAK,Hipposideros armiger,2.0,Bats,Hipposideros armiger,species,Mammals,host_data,Hipposideros armiger,
SPHAK,Hypsugo pulveratus,2.0,Bats,Hypsugo pulveratus,species,Mammals,host_data,Hypsugo pulveratus,
SPHAK,Lagenorhynchus albirostris,2.0,Other mammals,Lagenorhynchus albirostris,species,Mammals,host_data,Lagenorhynchus albirostris,
SPHAK,Manis javanica,2.0,Other mammals,Manis javanica,species,Mammals,host_data,Manis javanica,
SPHAK,Meles meles,2.0,Carnivores,Meles meles,species,Mammals,host_data,Meles meles,
SPHAK,Meriones unguiculatus,2.0,Rodents,Meriones unguiculatus,species,Mammals,host_data,Meriones unguiculatus,
SPHAK,Mesocricetus auratus,2.0,Rodents,Mesocricetus auratus,species,Mammals,host_data,Mesocricetus auratus,
SPHAK,Mustela putorius furo,2.0,Carnivores,Mustela putorius,species,Mammals,host_data,Mustela putorius,
SPHAK,Myotis laniger,2.0,Bats,Myotis laniger,species,Mammals,host_data,Myotis laniger,
SPHAK,Nicotiana glauca,2.0,Plants,Nicotiana glauca,species,Plants,host_data,Nicotiana glauca,
SPHAK,Nyctereutes procyonoides,2.0,Carnivores,Nyctereutes procyonoides,species,Mammals,host_data,Nyctereutes procyonoides,
SPHAK,Ocimum basilicum,2.0,Plants,Ocimum basilicum,species,Plants,host_data,Ocimum basilicum,
SPHAK,Oncorhynchus tshawytscha,2.0,Fish,Oncorhynchus tshawytscha,species,Non-mammalian vertebrates,host_data,Oncorhynchus tshawytscha,
SPHAK,Ovis aries,2.0,Ungulates,Ovis aries,species,Mammals,host_data,Ovis aries,
SPHAK,Pan troglodytes troglodytes,2.0,Non-human primates,Pan troglodytes,species,Mammals,host_data,Pan troglodytes,
SPHAK,Parthenium hysterophorus,2.0,Plants,Parthenium hysterophorus,species,Plants,host_data,Parthenium hysterophorus,
SPHAK,Phasianus colchicus,2.0,Birds,Phasianus colchicus,species,Non-mammalian vertebrates,host_data,Phasianus colchicus,
SPHAK,Phodopus sungorus,2.0,Rodents,Phodopus sungorus,species,Mammals,host_data,Phodopus sungorus,
SPHAK,Pinellia ternata,2.0,Plants,Pinellia ternata,species,Plants,host_data,Pinellia ternata,
SPHAK,Plantago lanceolata,2.0,Plants,Plantago lanceolata,species,Plants,host_data,Plantago lanceolata,
SPHAK,Prunus dulcis,2.0,Plants,Prunus dulcis,species,Plants,host_data,Prunus dulcis,
SPHAK,Prunus persica,2.0,Plants,Prunus persica,species,Plants,host_data,Prunus persica,
SPHAK,Pygoscelis papua,2.0,Birds,Pygoscelis papua,species,Non-mammalian vertebrates,host_data,Pygoscelis papua,
SPHAK,Rhinolophus stheno,2.0,Bats,Rhinolophus stheno,species,Mammals,host_data,Rhinolophus stheno,
SPHAK,Rhizomys pruinosus,2.0,Rodents,Rhizomys pruinosus,species,Mammals,host_data,Rhizomys pruinosus,
SPHAK,Rousettus madagascariensis,2.0,Bats,Rousettus madagascariensis,species,Mammals,host_data,Rousettus madagascariensis,
SPHAK,Saimiri boliviensis boliviensis,2.0,Non-human primates,Saimiri boliviensis,species,Mammals,host_data,Saimiri boliviensis,
SPHAK,Salvia hispanica,2.0,Plants,Salvia hispanica,species,Plants,host_data,Salvia hispanica,
SPHAK,Smallanthus sonchifolius,2.0,Plants,Smallanthus sonchifolius,species,Plants,host_data,Smallanthus sonchifolius,
SPHAK,Solanum nigrum,2.0,Plants,Solanum nigrum,species,Plants,host_data,Solanum nigrum,
SPHAK,Spinacia oleracea,2.0,Plants,Spinacia oleracea,species,Plants,host_data,Spinacia oleracea,
SPHAK,Stercorarius maccormicki,2.0,Birds,Stercorarius maccormicki,species,Non-mammalian vertebrates,host_data,Stercorarius maccormicki,
SPHAK,Suncus murinus,2.0,Other mammals,Suncus murinus,species,Mammals,host_data,Suncus murinus,
SPHAK,Tadarida brasiliensis,2.0,Bats,Tadarida brasiliensis,species,Mammals,host_data,Tadarida brasiliensis,
SPHAK,Thesium chinense,2.0,Plants,Thesium chinense,species,Plants,host_data,Thesium chinense,
SPHAK,Trichechus manatus,2.0,Other mammals,Trichechus manatus,species,Mammals,host_data,Trichechus manatus,
SPHAK,Urochloa plantaginea,2.0,Plants,Urochloa plantaginea,species,Plants,host_data,Urochloa plantaginea,
SPHAK,Vaccinium corymbosum,2.0,Plants,Vaccinium corymbosum,species,Plants,host_data,Vaccinium corymbosum,
SPHAK,Varecia variegata,2.0,Non-human primates,Varecia variegata,species,Mammals,host_data,Varecia variegata,
SPHAK,Vitis sp.,2.0,Plants,Vitis sp.,species,Plants,host_data,Vitis sp.,
SPHAK,Wissadula amplissima,2.0,Plants,Wissadula amplissima,species,Plants,host_data,Wissadula amplissima,
SPHAK,Zanthoxylum armatum,2.0,Plants,Zanthoxylum armatum,species,Plants,host_data,Zanthoxylum armatum,
SPHAK,Abelmoschus manihot,1.0,Plants,Abelmoschus manihot,species,Plants,host_data,Abelmoschus manihot,
SPHAK,Anser caerulescens,1.0,Birds,Anser caerulescens,species,Non-mammalian vertebrates,host_data,Anser caerulescens,
SPHAK,Argas reflexus,1.0,Insects,Argas reflexus,species,Invertebrates,host_data,Argas reflexus,
SPHAK,Astragalus sinicus,1.0,Plants,Astragalus sinicus,species,Plants,host_data,Astragalus sinicus,
SPHAK,Brassica napus,1.0,Plants,Brassica napus,species,Plants,host_data,Brassica napus,
SPHAK,Brassica rapa subsp. chinensis,1.0,Plants,Brassica rapa,species,Plants,host_data,Brassica rapa,
SPHAK,Centaurea cyanus,1.0,Plants,Centaurea cyanus,species,Plants,host_data,Centaurea cyanus,
SPHAK,Cerdocyon thous,1.0,Carnivores,Cerdocyon thous,species,Mammals,host_data,Cerdocyon thous,
SPHAK,Cervus elaphus,1.0,Ungulates,Cervus elaphus,species,Mammals,host_data,Cervus elaphus,
SPHAK,Chaerephon plicatus,1.0,Bats,Chaerephon plicatus,species,Mammals,host_data,Chaerephon plicatus,
SPHAK,Chenopodium album,1.0,Plants,Chenopodium album,species,Plants,host_data,Chenopodium album,
SPHAK,Chlorocebus aethiops,1.0,Non-human primates,Chlorocebus aethiops,species,Mammals,host_data,Chlorocebus aethiops,
SPHAK,Chroicocephalus ridibundus,1.0,Birds,Chroicocephalus ridibundus,species,Non-mammalian vertebrates,host_data,Chroicocephalus ridibundus,
SPHAK,Chrysanthemum indicum,1.0,Plants,Chrysanthemum indicum,species,Plants,host_data,Chrysanthemum indicum,
SPHAK,Clitoria ternatea,1.0,Plants,Clitoria ternatea,species,Plants,host_data,Clitoria ternatea,
SPHAK,Crambe hispanica subsp. abyssinica,1.0,Plants,Crambe hispanica,species,Plants,host_data,Crambe hispanica,
SPHAK,Cucumis melo var. saccharinus,1.0,Plants,Cucumis melo,species,Plants,host_data,Cucumis melo,
SPHAK,Cynodon dactylon,1.0,Plants,Cynodon dactylon,species,Plants,host_data,Cynodon dactylon,
SPHAK,Cynopterus brachyotis,1.0,Bats,Cynopterus brachyotis,species,Mammals,host_data,Cynopterus brachyotis,
SPHAK,Dactylis glomerata,1.0,Plants,Dactylis glomerata,species,Plants,host_data,Dactylis glomerata,
SPHAK,Datura inoxia,1.0,Plants,Datura inoxia,species,Plants,host_data,Datura inoxia,
SPHAK,Delphinus delphis,1.0,Other mammals,Delphinus delphis,species,Mammals,host_data,Delphinus delphis,
SPHAK,Desmodium glabrum,1.0,Plants,Desmodium glabrum,species,Plants,host_data,Desmodium glabrum,
SPHAK,Digitaria didactyla,1.0,Plants,Digitaria didactyla,species,Plants,host_data,Digitaria didactyla,
SPHAK,Dioscorea polystachya,1.0,Plants,Dioscorea polystachya,species,Plants,host_data,Dioscorea polystachya,
SPHAK,Dioscorea trifida,1.0,Plants,Dioscorea trifida,species,Plants,host_data,Dioscorea trifida,
SPHAK,Disocactus flagelliformis,1.0,Plants,Disocactus flagelliformis,species,Plants,host_data,Disocactus flagelliformis,
SPHAK,Ecballium elaterium,1.0,Plants,Ecballium elaterium,species,Plants,host_data,Ecballium elaterium,
SPHAK,Eidolon helvum,1.0,Bats,Eidolon helvum,species,Mammals,host_data,Eidolon helvum,
SPHAK,Eleusine indica,1.0,Plants,Eleusine indica,species,Plants,host_data,Eleusine indica,
SPHAK,Emberiza spodocephala,1.0,Birds,Emberiza spodocephala,species,Non-mammalian vertebrates,host_data,Emberiza spodocephala,
SPHAK,Eriobotrya japonica,1.0,Plants,Eriobotrya japonica,species,Plants,host_data,Eriobotrya japonica,
SPHAK,Euphorbia pulcherrima,1.0,Plants,Euphorbia pulcherrima,species,Plants,host_data,Euphorbia pulcherrima,
SPHAK,Gerbera jamesonii,1.0,Plants,Gerbera jamesonii,species,Plants,host_data,Gerbera jamesonii,
SPHAK,Gossypium hirsutum var. punctatum,1.0,Plants,Gossypium hirsutum,species,Plants,host_data,Gossypium hirsutum,
SPHAK,Gossypium mustelinum,1.0,Plants,Gossypium mustelinum,species,Plants,host_data,Gossypium mustelinum,
SPHAK,Gymnocalycium mihanovichii,1.0,Plants,Gymnocalycium mihanovichii,species,Plants,host_data,Gymnocalycium mihanovichii,
SPHAK,Haliaeetus leucocephalus,1.0,Birds,Haliaeetus leucocephalus,species,Non-mammalian vertebrates,host_data,Haliaeetus leucocephalus,
SPHAK,Hipposideros cineraceus,1.0,Bats,Hipposideros cineraceus,species,Mammals,host_data,Hipposideros cineraceus,
SPHAK,Hydrocoloeus minutus,1.0,Birds,Hydrocoloeus minutus,species,Non-mammalian vertebrates,host_data,Hydrocoloeus minutus,
SPHAK,Jatropha gossypiifolia,1.0,Plants,Jatropha gossypiifolia,species,Plants,host_data,Jatropha gossypiifolia,
SPHAK,Jatropha multifida,1.0,Plants,Jatropha multifida,species,Plants,host_data,Jatropha multifida,
SPHAK,Lagenorhynchus acutus,1.0,Other mammals,Lagenorhynchus acutus,species,Mammals,host_data,Lagenorhynchus acutus,
SPHAK,Malva parviflora,1.0,Plants,Malva parviflora,species,Plants,host_data,Malva parviflora,
SPHAK,Melopsittacus undulatus,1.0,Birds,Melopsittacus undulatus,species,Non-mammalian vertebrates,host_data,Melopsittacus undulatus,
SPHAK,Micromys minutus,1.0,Rodents,Micromys minutus,species,Mammals,host_data,Micromys minutus,
SPHAK,Musa acuminata AAA Group,1.0,Plants,Musa acuminata,species,Plants,host_data,Musa acuminata,
SPHAK,Musa x paradisiaca,1.0,Plants,Musa x paradisiaca,species,Plants,host_data,Musa x paradisiaca,
SPHAK,Myiopsitta monachus,1.0,Birds,Myiopsitta monachus,species,Non-mammalian vertebrates,host_data,Myiopsitta monachus,
SPHAK,Myodes rufocanus,1.0,Rodents,Myodes rufocanus,species,Mammals,host_data,Myodes rufocanus,
SPHAK,Myotis daubentonii,1.0,Bats,Myotis daubentonii,species,Mammals,host_data,Myotis daubentonii,
SPHAK,Myotis davidii,1.0,Bats,Myotis davidii,species,Mammals,host_data,Myotis davidii,
SPHAK,Myotis sp.,1.0,Bats,Myotis sp.,species,Mammals,host_data,Myotis sp.,
SPHAK,Nicotiana glutinosa,1.0,Plants,Nicotiana glutinosa,species,Plants,host_data,Nicotiana glutinosa,
SPHAK,Numididae sp.,1.0,Birds,Numididae sp.,species,Non-mammalian vertebrates,host_data,Numididae sp.,
SPHAK,Oryctolagus cuniculus,1.0,Other mammals,Oryctolagus cuniculus,species,Mammals,host_data,Oryctolagus cuniculus,
SPHAK,Oryza sativa,1.0,Plants,Oryza sativa,species,Plants,host_data,Oryza sativa,
SPHAK,Pan paniscus,1.0,Non-human primates,Pan paniscus,species,Mammals,host_data,Pan paniscus,
SPHAK,Passiflora edulis f. flavicarpa,1.0,Plants,Passiflora edulis,species,Plants,host_data,Passiflora edulis,
SPHAK,Petunia x hybrida,1.0,Plants,Petunia x hybrida,species,Plants,host_data,Petunia x hybrida,
SPHAK,Phocoena phocoena,1.0,Other mammals,Phocoena phocoena,species,Mammals,host_data,Phocoena phocoena,
SPHAK,Phocoena spinipinnis,1.0,Other mammals,Phocoena spinipinnis,species,Mammals,host_data,Phocoena spinipinnis,
SPHAK,Procyon lotor,1.0,Carnivores,Procyon lotor,species,Mammals,host_data,Procyon lotor,
SPHAK,Prunus cerasifera,1.0,Plants,Prunus cerasifera,species,Plants,host_data,Prunus cerasifera,
SPHAK,Prunus domestica,1.0,Plants,Prunus domestica,species,Plants,host_data,Prunus domestica,
SPHAK,Psittacula krameri,1.0,Birds,Psittacula krameri,species,Non-mammalian vertebrates,host_data,Psittacula krameri,
SPHAK,Pycnonotus sinensis,1.0,Birds,Pycnonotus sinensis,species,Non-mammalian vertebrates,host_data,Pycnonotus sinensis,
SPHAK,Pyrus communis,1.0,Plants,Pyrus communis,species,Plants,host_data,Pyrus communis,
SPHAK,Raphanus raphanistrum,1.0,Plants,Raphanus raphanistrum,species,Plants,host_data,Raphanus raphanistrum,
SPHAK,Raphanus sativus,1.0,Plants,Raphanus sativus,species,Plants,host_data,Raphanus sativus,
SPHAK,Rehmannia glutinosa,1.0,Plants,Rehmannia glutinosa,species,Plants,host_data,Rehmannia glutinosa,
SPHAK,Robinia pseudoacacia,1.0,Plants,Robinia pseudoacacia,species,Plants,host_data,Robinia pseudoacacia,
SPHAK,Rousettus sp.,1.0,Bats,Rousettus sp.,species,Mammals,host_data,Rousettus sp.,
SPHAK,Rubus occidentalis,1.0,Plants,Rubus occidentalis,species,Plants,host_data,Rubus occidentalis,
SPHAK,Rudbeckia hirta var. pulcherrima,1.0,Plants,Rudbeckia hirta,species,Plants,host_data,Rudbeckia hirta,
SPHAK,Saccharum barberi,1.0,Plants,Saccharum barberi,species,Plants,host_data,Saccharum barberi,
SPHAK,Secale cereale,1.0,Plants,Secale cereale,species,Plants,host_data,Secale cereale,
SPHAK,Senna occidentalis,1.0,Plants,Senna occidentalis,species,Plants,host_data,Senna occidentalis,
SPHAK,Setaria verticillata,1.0,Plants,Setaria verticillata,species,Plants,host_data,Setaria verticillata,
SPHAK,Solanum lycopersicum var. cerasiforme,1.0,Plants,Solanum lycopersicum,species,Plants,host_data,Solanum lycopersicum,
SPHAK,Solanum muricatum,1.0,Plants,Solanum muricatum,species,Plants,host_data,Solanum muricatum,
SPHAK,Solanum phureja,1.0,Plants,Solanum phureja,species,Plants,host_data,Solanum phureja,
SPHAK,Solanum pimpinellifolium,1.0,Plants,Solanum pimpinellifolium,species,Plants,host_data,Solanum pimpinellifolium,
SPHAK,Solanum quitoense,1.0,Plants,Solanum quitoense,species,Plants,host_data,Solanum quitoense,
SPHAK,Sonchus oleraceus,1.0,Plants,Sonchus oleraceus,species,Plants,host_data,Sonchus oleraceus,
SPHAK,Synedrella nodiflora,1.0,Plants,Synedrella nodiflora,species,Plants,host_data,Synedrella nodiflora,
SPHAK,Tagetes patula,1.0,Plants,Tagetes patula,species,Plants,host_data,Tagetes patula,
SPHAK,Trichosanthes kirilowii,1.0,Plants,Trichosanthes kirilowii,species,Plants,host_data,Trichosanthes kirilowii,
SPHAK,Turdus merula,1.0,Birds,Turdus merula,species,Non-mammalian vertebrates,host_data,Turdus merula,
SPHAK,Vespertilio sinensis,1.0,Bats,Vespertilio sinensis,species,Mammals,host_data,Vespertilio sinensis,
SPHAK,Vicia sativa,1.0,Plants,Vicia sativa,species,Plants,host_data,Vicia sativa,
SPHAK,Vigna radiata var. radiata,1.0,Plants,Vigna radiata,species,Plants,host_data,Vigna radiata,
UniVH,Homo sapiens,1.0,Humans,Homo sapiens,species,Mammals,host_data,Homo sapiens,
GIVAL,Human,53942.0,Humans,Homo sapiens,species,Mammals,host_data,Homo sapiens,
GIVAL,Swine,17486.0,Swine (pig),Sus scrofa,species,Mammals,host_data,Sus scrofa,
GIVAL,Canine,624.0,Carnivores,Canis lupus,species,Mammals,host_data,Canis lupus,
GIVAL,Equine,182.0,Ungulates,Equus caballus,species,Mammals,host_data,Equus caballus,
GIVAL,Fox,106.0,Carnivores,Vulpes vulpes,species,Mammals,host_data,Vulpes vulpes,
GIVAL,Mink,81.0,Carnivores,Neovison vison,species,Mammals,host_data,Neovison vison,
GIVAL,Feline,59.0,Carnivores,Felis catus,species,Mammals,host_data,Felis catus,
GIVAL,Ferret,30.0,Carnivores,Mustela putorius,species,Mammals,host_data,Mustela putorius,
GIVAL,Tiger,29.0,Carnivores,Panthera tigris,species,Mammals,host_data,Panthera tigris,
GIVAL,Raccoon dog,22.0,Carnivores,Nyctereutes procyonoides,species,Mammals,host_data,Nyctereutes procyonoides,
GIVAL,Skunk,19.0,Carnivores,Mephitis mephitis,species,Mammals,host_data,Mephitis mephitis,
GIVAL,Donkey,8.0,Ungulates,Equus asinus,species,Mammals,host_data,Equus asinus,
GIVAL,Polecat,8.0,Carnivores,Mustela putorius,species,Mammals,host_data,Mustela putorius,
GIVAL,Lion,6.0,Carnivores,Panthera leo,species,Mammals,host_data,Panthera leo,
GIVAL,Badger,3.0,Carnivores,Meles meles,species,Mammals,host_data,Meles meles,
GIVAL,Bobcat,3.0,Carnivores,Lynx rufus,species,Mammals,host_data,Lynx rufus,
GIVAL,Raccoon,2.0,Carnivores,Procyon lotor,species,Mammals,host_data,Procyon lotor,
DeePaC-vir,Homo sapiens,1309.0,Humans,Homo sapiens,species,Mammals,host_data,Homo sapiens,
DeePaC-vir,Solanum lycopersicum,187.0,Plants,Solanum lycopersicum,species,Plants,host_data,Solanum lycopersicum,
DeePaC-vir,Bos taurus,162.0,Ungulates,Bos taurus,species,Mammals,host_data,Bos taurus,
DeePaC-vir,Sus scrofa,156.0,Ungulates,Sus scrofa,species,Mammals,host_data,Sus scrofa,
DeePaC-vir,Gallus gallus,71.0,Birds,Gallus gallus,species,Non-mammalian vertebrates,host_data,Gallus gallus,
DeePaC-vir,Mus musculus,66.0,Rodents,Mus musculus,species,Mammals,host_data,Mus musculus,
DeePaC-vir,Canis lupus familiaris,45.0,Carnivores,Canis lupus,species,Mammals,host_data,Canis lupus,
DeePaC-vir,Felis catus,45.0,Carnivores,Felis catus,species,Mammals,host_data,Felis catus,
DeePaC-vir,Vitis vinifera,42.0,Plants,Vitis vinifera,species,Plants,host_data,Vitis vinifera,
DeePaC-vir,Chlorocebus aethiops,41.0,Non-human primates,Chlorocebus aethiops,species,Mammals,host_data,Chlorocebus aethiops,
DeePaC-vir,Ipomoea batatas,40.0,Plants,Ipomoea batatas,species,Plants,host_data,Ipomoea batatas,
DeePaC-vir,Macaca mulatta,40.0,Non-human primates,Macaca mulatta,species,Mammals,host_data,Macaca mulatta,
DeePaC-vir,Equus caballus,33.0,Other mammals,Equus caballus,species,Mammals,host_data,Equus caballus,
DeePaC-vir,Nicotiana benthamiana,33.0,Plants,Nicotiana benthamiana,species,Plants,host_data,Nicotiana benthamiana,
DeePaC-vir,Anas platyrhynchos,32.0,Birds,Anas platyrhynchos,species,Non-mammalian vertebrates,host_data,Anas platyrhynchos,
DeePaC-vir,Phaseolus vulgaris,30.0,Plants,Phaseolus vulgaris,species,Plants,host_data,Phaseolus vulgaris,
DeePaC-vir,Ovis aries,29.0,Ungulates,Ovis aries,species,Mammals,host_data,Ovis aries,
DeePaC-vir,Glycine max,28.0,Plants,Glycine max,species,Plants,host_data,Glycine max,
DeePaC-vir,Nicotiana tabacum,26.0,Plants,Nicotiana tabacum,species,Plants,host_data,Nicotiana tabacum,
DeePaC-vir,Triticum aestivum,26.0,Plants,Triticum aestivum,species,Plants,host_data,Triticum aestivum,
DeePaC-vir,Solanum tuberosum,25.0,Plants,Solanum tuberosum,species,Plants,host_data,Solanum tuberosum,
DeePaC-vir,Zea mays,24.0,Plants,Zea mays,species,Plants,host_data,Zea mays,
DeePaC-vir,Meleagris gallopavo,23.0,Birds,Meleagris gallopavo,species,Non-mammalian vertebrates,host_data,Meleagris gallopavo,
DeePaC-vir,Rattus norvegicus,23.0,Rodents,Rattus norvegicus,species,Mammals,host_data,Rattus norvegicus,
DeePaC-vir,Abelmoschus esculentus,22.0,Plants,Abelmoschus esculentus,species,Plants,host_data,Abelmoschus esculentus,
DeePaC-vir,Capsicum annuum,22.0,Plants,Capsicum annuum,species,Plants,host_data,Capsicum annuum,
DeePaC-vir,Pan troglodytes,22.0,Non-human primates,Pan troglodytes,species,Mammals,host_data,Pan troglodytes,
DeePaC-vir,Sclerotinia sclerotiorum,22.0,Fungi,Sclerotinia sclerotiorum,species,Fungi,host_data,Sclerotinia sclerotiorum,
DeePaC-vir,Carica papaya,21.0,Plants,Carica papaya,species,Plants,host_data,Carica papaya,
DeePaC-vir,Macaca fascicularis,20.0,Non-human primates,Macaca fascicularis,species,Mammals,host_data,Macaca fascicularis,
DeePaC-vir,Manihot esculenta,20.0,Plants,Manihot esculenta,species,Plants,host_data,Manihot esculenta,
DeePaC-vir,Eidolon helvum,19.0,Bats,Eidolon helvum,species,Mammals,host_data,Eidolon helvum,
DeePaC-vir,Apis mellifera,18.0,Insects,Apis mellifera,species,Invertebrates,host_data,Apis mellifera,
DeePaC-vir,Cicer arietinum,18.0,Plants,Cicer arietinum,species,Plants,host_data,Cicer arietinum,
DeePaC-vir,Fusarium poae,18.0,Fungi,Fusarium poae,species,Fungi,host_data,Fusarium poae,
DeePaC-vir,Avena sativa,17.0,Plants,Avena sativa,species,Plants,host_data,Avena sativa,
DeePaC-vir,Capra hircus,17.0,Ungulates,Capra hircus,species,Mammals,host_data,Capra hircus,
DeePaC-vir,Hordeum vulgare,16.0,Plants,Hordeum vulgare,species,Plants,host_data,Hordeum vulgare,
DeePaC-vir,Oryctolagus cuniculus,16.0,Other mammals,Oryctolagus cuniculus,species,Mammals,host_data,Oryctolagus cuniculus,
DeePaC-vir,Spinacia oleracea,16.0,Plants,Spinacia oleracea,species,Plants,host_data,Spinacia oleracea,
DeePaC-vir,Gossypium hirsutum,15.0,Plants,Gossypium hirsutum,species,Plants,host_data,Gossypium hirsutum,
DeePaC-vir,Botrytis cinerea,14.0,Fungi,Botrytis cinerea,species,Fungi,host_data,Botrytis cinerea,
DeePaC-vir,Camelus dromedarius,14.0,Ungulates,Camelus dromedarius,species,Mammals,host_data,Camelus dromedarius,
DeePaC-vir,Oryza sativa,14.0,Plants,Oryza sativa,species,Plants,host_data,Oryza sativa,
DeePaC-vir,Paphies subtriangulata,14.0,Other invertebrates,Paphies subtriangulata,species,Invertebrates,host_data,Paphies subtriangulata,
DeePaC-vir,Ailuropoda melanoleuca,13.0,Carnivores,Ailuropoda melanoleuca,species,Mammals,host_data,Ailuropoda melanoleuca,
DeePaC-vir,Austrovenus stutchburyi,13.0,Other invertebrates,Austrovenus stutchburyi,species,Invertebrates,host_data,Austrovenus stutchburyi,
DeePaC-vir,Miniopterus schreibersii,13.0,Bats,Miniopterus schreibersii,species,Mammals,host_data,Miniopterus schreibersii,
DeePaC-vir,Rhinolophus ferrumequinum,13.0,Bats,Rhinolophus ferrumequinum,species,Mammals,host_data,Rhinolophus ferrumequinum,
DeePaC-vir,Rosellinia necatrix,13.0,Fungi,Rosellinia necatrix,species,Fungi,host_data,Rosellinia necatrix,
DeePaC-vir,Allium sativum,12.0,Plants,Allium sativum,species,Plants,host_data,Allium sativum,
DeePaC-vir,Cucumis sativus,12.0,Plants,Cucumis sativus,species,Plants,host_data,Cucumis sativus,
DeePaC-vir,Malvastrum coromandelianum,12.0,Plants,Malvastrum coromandelianum,species,Plants,host_data,Malvastrum coromandelianum,
DeePaC-vir,Prunus persica,12.0,Plants,Prunus persica,species,Plants,host_data,Prunus persica,
DeePaC-vir,Saccharum officinarum,12.0,Plants,Saccharum officinarum,species,Plants,host_data,Saccharum officinarum,
DeePaC-vir,Theobroma cacao,12.0,Plants,Theobroma cacao,species,Plants,host_data,Theobroma cacao,
DeePaC-vir,Aedes albopictus,11.0,Insects,Aedes albopictus,species,Invertebrates,host_data,Aedes albopictus,
DeePaC-vir,Chenopodium quinoa,11.0,Plants,Chenopodium quinoa,species,Plants,host_data,Chenopodium quinoa,
DeePaC-vir,Cucumis melo,11.0,Plants,Cucumis melo,species,Plants,host_data,Cucumis melo,
DeePaC-vir,Daucus carota,11.0,Plants,Daucus carota,species,Plants,host_data,Daucus carota,
DeePaC-vir,Medicago sativa,11.0,Plants,Medicago sativa,species,Plants,host_data,Medicago sativa,
DeePaC-vir,Mesocricetus auratus,11.0,Rodents,Mesocricetus auratus,species,Mammals,host_data,Mesocricetus auratus,
DeePaC-vir,Procordulia grayi,11.0,Insects,Procordulia grayi,species,Invertebrates,host_data,Procordulia grayi,
DeePaC-vir,Drosophila melanogaster,10.0,Insects,Drosophila melanogaster,species,Invertebrates,host_data,Drosophila melanogaster,
DeePaC-vir,Lactuca sativa,10.0,Plants,Lactuca sativa,species,Plants,host_data,Lactuca sativa,
DeePaC-vir,Rhinolophus sinicus,10.0,Bats,Rhinolophus sinicus,species,Mammals,host_data,Rhinolophus sinicus,
DeePaC-vir,Sus scrofa domesticus,10.0,Ungulates,Sus scrofa,species,Mammals,host_data,Sus scrofa,
DeePaC-vir,Vicia faba,10.0,Plants,Vicia faba,species,Plants,host_data,Vicia faba,
DeePaC-vir,Zalophus californianus,10.0,Carnivores,Zalophus californianus,species,Mammals,host_data,Zalophus californianus,
DeePaC-vir,Bombyx mori,9.0,Insects,Bombyx mori,species,Invertebrates,host_data,Bombyx mori,
DeePaC-vir,Culex tritaeniorhynchus,9.0,Insects,Culex tritaeniorhynchus,species,Invertebrates,host_data,Culex tritaeniorhynchus,
DeePaC-vir,Leptonychotes weddellii,9.0,Carnivores,Leptonychotes weddellii,species,Mammals,host_data,Leptonychotes weddellii,
DeePaC-vir,Mastomys natalensis,9.0,Rodents,Mastomys natalensis,species,Mammals,host_data,Mastomys natalensis,
DeePaC-vir,Pan troglodytes verus,9.0,Non-human primates,Pan troglodytes,species,Mammals,host_data,Pan troglodytes,
DeePaC-vir,Prunus avium,9.0,Plants,Prunus avium,species,Plants,host_data,Prunus avium,
DeePaC-vir,Tursiops truncatus,9.0,Other mammals,Tursiops truncatus,species,Mammals,host_data,Tursiops truncatus,
DeePaC-vir,Vigna unguiculata,9.0,Plants,Vigna unguiculata,species,Plants,host_data,Vigna unguiculata,
DeePaC-vir,Beta vulgaris subsp. vulgaris,8.0,Plants,Beta vulgaris,species,Plants,host_data,Beta vulgaris,
DeePaC-vir,Crocidura hirta,8.0,Other/unresolved mammals,Crocidura hirta,species,Mammals,host_data,Crocidura hirta,
DeePaC-vir,Cryphonectria parasitica,8.0,Fungi,Cryphonectria parasitica,species,Fungi,host_data,Cryphonectria parasitica,
DeePaC-vir,Datura stramonium,8.0,Plants,Datura stramonium,species,Plants,host_data,Datura stramonium,
DeePaC-vir,Fusarium graminearum,8.0,Fungi,Fusarium graminearum,species,Fungi,host_data,Fusarium graminearum,
DeePaC-vir,Helicoverpa armigera,8.0,Insects,Helicoverpa armigera,species,Invertebrates,host_data,Helicoverpa armigera,
DeePaC-vir,Rhizoctonia solani,8.0,Fungi,Rhizoctonia solani,species,Fungi,host_data,Rhizoctonia solani,
DeePaC-vir,Rousettus leschenaultii,8.0,Bats,Rousettus leschenaultii,species,Mammals,host_data,Rousettus leschenaultii,
DeePaC-vir,Salmo salar,8.0,Fish,Salmo salar,species,Non-mammalian vertebrates,host_data,Salmo salar,
DeePaC-vir,Ustilaginoidea virens,8.0,Fungi,Ustilaginoidea virens,species,Fungi,host_data,Ustilaginoidea virens,
DeePaC-vir,Ageratum conyzoides,7.0,Plants,Ageratum conyzoides,species,Plants,host_data,Ageratum conyzoides,
DeePaC-vir,Bemisia tabaci,7.0,Insects,Bemisia tabaci,species,Invertebrates,host_data,Bemisia tabaci,
DeePaC-vir,Beta vulgaris,7.0,Plants,Beta vulgaris,species,Plants,host_data,Beta vulgaris,
DeePaC-vir,Bos grunniens,7.0,Ungulates,Bos grunniens,species,Mammals,host_data,Bos grunniens,
DeePaC-vir,Citrullus lanatus,7.0,Plants,Citrullus lanatus,species,Plants,host_data,Citrullus lanatus,
DeePaC-vir,Citrus sinensis,7.0,Plants,Citrus sinensis,species,Plants,host_data,Citrus sinensis,
DeePaC-vir,Dianthus caryophyllus,7.0,Plants,Dianthus caryophyllus,species,Plants,host_data,Dianthus caryophyllus,
DeePaC-vir,Erysiphe trifoliorum,7.0,Fungi,Erysiphe trifoliorum,species,Fungi,host_data,Erysiphe trifoliorum,
DeePaC-vir,Hyalopterus pruni,7.0,Insects,Hyalopterus pruni,species,Invertebrates,host_data,Hyalopterus pruni,
DeePaC-vir,Lymantria dispar,7.0,Insects,Lymantria dispar,species,Invertebrates,host_data,Lymantria dispar,
DeePaC-vir,Malus domestica,7.0,Plants,Malus domestica,species,Plants,host_data,Malus domestica,
DeePaC-vir,Musa sp.,7.0,Plants,Musa sp.,species,Plants,host_data,Musa sp.,
DeePaC-vir,Penaeus monodon,7.0,Other invertebrates,Penaeus monodon,species,Invertebrates,host_data,Penaeus monodon,
DeePaC-vir,Phoca vitulina,7.0,Carnivores,Phoca vitulina,species,Mammals,host_data,Phoca vitulina,
DeePaC-vir,Ananas comosus,6.0,Plants,Ananas comosus,species,Plants,host_data,Ananas comosus,
DeePaC-vir,Anser sp.,6.0,Birds,Anser sp.,species,Non-mammalian vertebrates,host_data,Anser sp.,
DeePaC-vir,Arachis hypogaea,6.0,Plants,Arachis hypogaea,species,Plants,host_data,Arachis hypogaea,
DeePaC-vir,Culex quinquefasciatus,6.0,Insects,Culex quinquefasciatus,species,Invertebrates,host_data,Culex quinquefasciatus,
DeePaC-vir,Cyprinus carpio,6.0,Fish,Cyprinus carpio,species,Non-mammalian vertebrates,host_data,Cyprinus carpio,
DeePaC-vir,Gremmeniella abietina,6.0,Fungi,Gremmeniella abietina,species,Fungi,host_data,Gremmeniella abietina,
DeePaC-vir,Jatropha curcas,6.0,Plants,Jatropha curcas,species,Plants,host_data,Jatropha curcas,
DeePaC-vir,Molossus molossus,6.0,Bats,Molossus molossus,species,Mammals,host_data,Molossus molossus,
DeePaC-vir,Musca domestica,6.0,Insects,Musca domestica,species,Invertebrates,host_data,Musca domestica,
DeePaC-vir,Papio cynocephalus,6.0,Non-human primates,Papio cynocephalus,species,Mammals,host_data,Papio cynocephalus,
DeePaC-vir,Penicillium aurantiogriseum,6.0,Fungi,Penicillium aurantiogriseum,species,Fungi,host_data,Penicillium aurantiogriseum,
DeePaC-vir,Pisum sativum,6.0,Plants,Pisum sativum,species,Plants,host_data,Pisum sativum,
DeePaC-vir,Prunus domestica,6.0,Plants,Prunus domestica,species,Plants,host_data,Prunus domestica,
DeePaC-vir,Rhynchosia minima,6.0,Plants,Rhynchosia minima,species,Plants,host_data,Rhynchosia minima,
DeePaC-vir,Saccharomyces cerevisiae,6.0,Fungi,Saccharomyces cerevisiae,species,Fungi,host_data,Saccharomyces cerevisiae,
DeePaC-vir,Trichoplusia ni,6.0,Insects,Trichoplusia ni,species,Invertebrates,host_data,Trichoplusia ni,
DeePaC-vir,Varroa destructor,6.0,Arachnids,Varroa destructor,species,Invertebrates,host_data,Varroa destructor,
DeePaC-vir,Amphibola crenata,5.0,Other invertebrates,Amphibola crenata,species,Invertebrates,host_data,Amphibola crenata,
DeePaC-vir,Boa constrictor,5.0,Reptiles,Boa constrictor,species,Non-mammalian vertebrates,host_data,Boa constrictor,
DeePaC-vir,Cairina moschata,5.0,Birds,Cairina moschata,species,Non-mammalian vertebrates,host_data,Cairina moschata,
DeePaC-vir,Cajanus cajan,5.0,Plants,Cajanus cajan,species,Plants,host_data,Cajanus cajan,
DeePaC-vir,Ceratobasidium sp.,5.0,Fungi,Ceratobasidium sp.,species,Fungi,host_data,Ceratobasidium sp.,
DeePaC-vir,Columba livia,5.0,Birds,Columba livia,species,Non-mammalian vertebrates,host_data,Columba livia,
DeePaC-vir,Cronartium ribicola,5.0,Fungi,Cronartium ribicola,species,Fungi,host_data,Cronartium ribicola,
DeePaC-vir,Culex annulirostris,5.0,Insects,Culex annulirostris,species,Invertebrates,host_data,Culex annulirostris,
DeePaC-vir,Culex pipiens,5.0,Insects,Culex pipiens,species,Invertebrates,host_data,Culex pipiens,
DeePaC-vir,Dermacentor marginatus,5.0,Arachnids,Dermacentor marginatus,species,Invertebrates,host_data,Dermacentor marginatus,
DeePaC-vir,Dioscorea rotundata,5.0,Plants,Dioscorea rotundata,species,Plants,host_data,Dioscorea rotundata,
DeePaC-vir,Erythemis simplicicollis,5.0,Insects,Erythemis simplicicollis,species,Invertebrates,host_data,Erythemis simplicicollis,
DeePaC-vir,Gigaspora margarita,5.0,Fungi,Gigaspora margarita,species,Fungi,host_data,Gigaspora margarita,
DeePaC-vir,Giraffa camelopardalis,5.0,Ungulates,Giraffa camelopardalis,species,Mammals,host_data,Giraffa camelopardalis,
DeePaC-vir,Helianthus annuus,5.0,Plants,Helianthus annuus,species,Plants,host_data,Helianthus annuus,
DeePaC-vir,Helicoverpa zea,5.0,Insects,Helicoverpa zea,species,Invertebrates,host_data,Helicoverpa zea,
DeePaC-vir,Macroptilium lathyroides,5.0,Plants,Macroptilium lathyroides,species,Plants,host_data,Macroptilium lathyroides,
DeePaC-vir,Meles meles,5.0,Carnivores,Meles meles,species,Mammals,host_data,Meles meles,
DeePaC-vir,Miniopterus fuliginosus,5.0,Bats,Miniopterus fuliginosus,species,Mammals,host_data,Miniopterus fuliginosus,
DeePaC-vir,Mus musculus domesticus,5.0,Rodents,Mus musculus,species,Mammals,host_data,Mus musculus,
DeePaC-vir,Myotis ricketti,5.0,Bats,Myotis ricketti,species,Mammals,host_data,Myotis ricketti,
DeePaC-vir,Nephila clavipes,5.0,Arachnids,Nephila clavipes,species,Invertebrates,host_data,Nephila clavipes,
DeePaC-vir,Ochlerotatus camptorhynchus,5.0,Insects,Ochlerotatus camptorhynchus,species,Invertebrates,host_data,Ochlerotatus camptorhynchus,
DeePaC-vir,Papio anubis,5.0,Non-human primates,Papio anubis,species,Mammals,host_data,Papio anubis,
DeePaC-vir,Pyricularia oryzae,5.0,Fungi,Pyricularia oryzae,species,Fungi,host_data,Pyricularia oryzae,
DeePaC-vir,Raphanus sativus,5.0,Plants,Raphanus sativus,species,Plants,host_data,Raphanus sativus,
DeePaC-vir,Rhinolophus pusillus,5.0,Bats,Rhinolophus pusillus,species,Mammals,host_data,Rhinolophus pusillus,
DeePaC-vir,Rousettus aegyptiacus,5.0,Bats,Rousettus aegyptiacus,species,Mammals,host_data,Rousettus aegyptiacus,
DeePaC-vir,Sapajus apella,5.0,Other mammals,Sapajus apella,species,Mammals,host_data,Sapajus apella,
DeePaC-vir,Serinus canaria,5.0,Birds,Serinus canaria,species,Non-mammalian vertebrates,host_data,Serinus canaria,
DeePaC-vir,Sigesbeckia glabrescens,5.0,Plants,Sigesbeckia glabrescens,species,Plants,host_data,Sigesbeckia glabrescens,
DeePaC-vir,Solenopsis invicta,5.0,Insects,Solenopsis invicta,species,Invertebrates,host_data,Solenopsis invicta,
DeePaC-vir,Sorghum halepense,5.0,Plants,Sorghum halepense,species,Plants,host_data,Sorghum halepense,
DeePaC-vir,Spodoptera exigua,5.0,Insects,Spodoptera exigua,species,Invertebrates,host_data,Spodoptera exigua,
DeePaC-vir,Trichomonas vaginalis,5.0,Protists & oomycetes,Trichomonas vaginalis,species,Protists & oomycetes,host_data,Trichomonas vaginalis,
DeePaC-vir,Turdus merula,5.0,Birds,Turdus merula,species,Non-mammalian vertebrates,host_data,Turdus merula,
DeePaC-vir,Aedes aegypti,4.0,Insects,Aedes aegypti,species,Invertebrates,host_data,Aedes aegypti,
DeePaC-vir,Alcea rosea,4.0,Plants,Alcea rosea,species,Plants,host_data,Alcea rosea,
DeePaC-vir,Anguilla anguilla,4.0,Fish,Anguilla anguilla,species,Non-mammalian vertebrates,host_data,Anguilla anguilla,
DeePaC-vir,Apodemus sylvaticus,4.0,Rodents,Apodemus sylvaticus,species,Mammals,host_data,Apodemus sylvaticus,
DeePaC-vir,Arabidopsis thaliana,4.0,Plants,Arabidopsis thaliana,species,Plants,host_data,Arabidopsis thaliana,
DeePaC-vir,Beauveria bassiana,4.0,Fungi,Beauveria bassiana,species,Fungi,host_data,Beauveria bassiana,
DeePaC-vir,Callithrix jacchus,4.0,Other mammals,Callithrix jacchus,species,Mammals,host_data,Callithrix jacchus,
DeePaC-vir,Chaetoceros tenuissimus,4.0,Algae,Chaetoceros tenuissimus,species,Algae,host_data,Chaetoceros tenuissimus,
DeePaC-vir,Cherax quadricarinatus,4.0,Other invertebrates,Cherax quadricarinatus,species,Invertebrates,host_data,Cherax quadricarinatus,
DeePaC-vir,Chlorocebus pygerythrus,4.0,Non-human primates,Chlorocebus pygerythrus,species,Mammals,host_data,Chlorocebus pygerythrus,
DeePaC-vir,Colocasia esculenta,4.0,Plants,Colocasia esculenta,species,Plants,host_data,Colocasia esculenta,
DeePaC-vir,Culex nebulosus,4.0,Insects,Culex nebulosus,species,Invertebrates,host_data,Culex nebulosus,
DeePaC-vir,Echinothrips americanus,4.0,Insects,Echinothrips americanus,species,Invertebrates,host_data,Echinothrips americanus,
DeePaC-vir,Eptesicus serotinus,4.0,Bats,Eptesicus serotinus,species,Mammals,host_data,Eptesicus serotinus,
DeePaC-vir,Euphorbia heterophylla,4.0,Plants,Euphorbia heterophylla,species,Plants,host_data,Euphorbia heterophylla,
DeePaC-vir,Euphorbia pulcherrima,4.0,Plants,Euphorbia pulcherrima,species,Plants,host_data,Euphorbia pulcherrima,
DeePaC-vir,Gorilla gorilla,4.0,Non-human primates,Gorilla gorilla,species,Mammals,host_data,Gorilla gorilla,
DeePaC-vir,Herpestes ichneumon,4.0,Carnivores,Herpestes ichneumon,species,Mammals,host_data,Herpestes ichneumon,
DeePaC-vir,Ixodes scapularis,4.0,Arachnids,Ixodes scapularis,species,Invertebrates,host_data,Ixodes scapularis,
DeePaC-vir,Macaca nemestrina,4.0,Other mammals,Macaca nemestrina,species,Mammals,host_data,Macaca nemestrina,
DeePaC-vir,Marmota himalayana,4.0,Rodents,Marmota himalayana,species,Mammals,host_data,Marmota himalayana,
DeePaC-vir,Mnemiopsis leidyi,4.0,Other invertebrates,Mnemiopsis leidyi,species,Invertebrates,host_data,Mnemiopsis leidyi,
DeePaC-vir,Musa acuminata,4.0,Plants,Musa acuminata,species,Plants,host_data,Musa acuminata,
DeePaC-vir,Neoscona nautica,4.0,Arachnids,Neoscona nautica,species,Invertebrates,host_data,Neoscona nautica,
DeePaC-vir,Nilaparvata lugens,4.0,Insects,Nilaparvata lugens,species,Invertebrates,host_data,Nilaparvata lugens,
DeePaC-vir,Odocoileus virginianus,4.0,Other mammals,Odocoileus virginianus,species,Mammals,host_data,Odocoileus virginianus,
DeePaC-vir,Ophiostoma novo-ulmi,4.0,Fungi,Ophiostoma novo-ulmi,species,Fungi,host_data,Ophiostoma novo-ulmi,
DeePaC-vir,Pantala flavescens,4.0,Insects,Pantala flavescens,species,Invertebrates,host_data,Pantala flavescens,
DeePaC-vir,Paralichthys olivaceus,4.0,Fish,Paralichthys olivaceus,species,Non-mammalian vertebrates,host_data,Paralichthys olivaceus,
DeePaC-vir,Phytophthora infestans,4.0,Protists & oomycetes,Phytophthora infestans,species,Protists & oomycetes,host_data,Phytophthora infestans,
DeePaC-vir,Procyon lotor,4.0,Carnivores,Procyon lotor,species,Mammals,host_data,Procyon lotor,
DeePaC-vir,Pteropus sp.,4.0,Other mammals,Pteropus sp.,species,Mammals,host_data,Pteropus sp.,
DeePaC-vir,Rhipicephalus microplus,4.0,Arachnids,Rhipicephalus microplus,species,Invertebrates,host_data,Rhipicephalus microplus,
DeePaC-vir,Ribes nigrum,4.0,Plants,Ribes nigrum,species,Plants,host_data,Ribes nigrum,
DeePaC-vir,Saimiri sciureus,4.0,Other mammals,Saimiri sciureus,species,Mammals,host_data,Saimiri sciureus,
DeePaC-vir,Scophthalmus maximus,4.0,Fish,Scophthalmus maximus,species,Non-mammalian vertebrates,host_data,Scophthalmus maximus,
DeePaC-vir,Sida rhombifolia,4.0,Plants,Sida rhombifolia,species,Plants,host_data,Sida rhombifolia,
DeePaC-vir,Sida urens,4.0,Plants,Sida urens,species,Plants,host_data,Sida urens,
DeePaC-vir,Spodoptera frugiperda,4.0,Insects,Spodoptera frugiperda,species,Invertebrates,host_data,Spodoptera frugiperda,
DeePaC-vir,Trichechus manatus latirostris,4.0,Other/unresolved mammals,Trichechus manatus,species,Mammals,host_data,Trichechus manatus,
DeePaC-vir,Trifolium pratense,4.0,Plants,Trifolium pratense,species,Plants,host_data,Trifolium pratense,
DeePaC-vir,Tupaia belangeri,4.0,Other/unresolved mammals,Tupaia belangeri,species,Mammals,host_data,Tupaia belangeri,
DeePaC-vir,Actinidia chinensis,3.0,Plants,Actinidia chinensis,species,Plants,host_data,Actinidia chinensis,
DeePaC-vir,Aedes vexans nipponii,3.0,Insects,Aedes vexans,species,Invertebrates,host_data,Aedes vexans,
DeePaC-vir,Ailurus fulgens,3.0,Carnivores,Ailurus fulgens,species,Mammals,host_data,Ailurus fulgens,
DeePaC-vir,Allium cepa,3.0,Plants,Allium cepa,species,Plants,host_data,Allium cepa,
DeePaC-vir,Amblyomma americanum,3.0,Arachnids,Amblyomma americanum,species,Invertebrates,host_data,Amblyomma americanum,
DeePaC-vir,Ameiva ameiva,3.0,Reptiles,Ameiva ameiva,species,Non-mammalian vertebrates,host_data,Ameiva ameiva,
DeePaC-vir,Anser anser,3.0,Birds,Anser anser,species,Non-mammalian vertebrates,host_data,Anser anser,
DeePaC-vir,Argas miniatus,3.0,Arachnids,Argas miniatus,species,Invertebrates,host_data,Argas miniatus,
DeePaC-vir,Aspergillus fumigatus,3.0,Fungi,Aspergillus fumigatus,species,Fungi,host_data,Aspergillus fumigatus,
DeePaC-vir,Asystasia gangetica,3.0,Plants,Asystasia gangetica,species,Plants,host_data,Asystasia gangetica,
DeePaC-vir,Benincasa hispida,3.0,Plants,Benincasa hispida,species,Plants,host_data,Benincasa hispida,
DeePaC-vir,Bipolaris maydis,3.0,Fungi,Bipolaris maydis,species,Fungi,host_data,Bipolaris maydis,
DeePaC-vir,Botryosphaeria dothidea,3.0,Fungi,Botryosphaeria dothidea,species,Fungi,host_data,Botryosphaeria dothidea,
DeePaC-vir,Brassica rapa,3.0,Plants,Brassica rapa,species,Plants,host_data,Brassica rapa,
DeePaC-vir,Bromus hordeaceus,3.0,Plants,Bromus hordeaceus,species,Plants,host_data,Bromus hordeaceus,
DeePaC-vir,Capsicum annuum var. annuum,3.0,Plants,Capsicum annuum,species,Plants,host_data,Capsicum annuum,
DeePaC-vir,Capsicum frutescens,3.0,Plants,Capsicum frutescens,species,Plants,host_data,Capsicum frutescens,
DeePaC-vir,Carollia perspicillata,3.0,Bats,Carollia perspicillata,species,Mammals,host_data,Carollia perspicillata,
DeePaC-vir,Cervus elaphus,3.0,Other mammals,Cervus elaphus,species,Mammals,host_data,Cervus elaphus,
DeePaC-vir,Chelonia mydas,3.0,Reptiles,Chelonia mydas,species,Non-mammalian vertebrates,host_data,Chelonia mydas,
DeePaC-vir,Coracias garrulus,3.0,Birds,Coracias garrulus,species,Non-mammalian vertebrates,host_data,Coracias garrulus,
DeePaC-vir,Crassocephalum crepidioides,3.0,Plants,Crassocephalum crepidioides,species,Plants,host_data,Crassocephalum crepidioides,
DeePaC-vir,Cricetulus griseus,3.0,Rodents,Cricetulus griseus,species,Mammals,host_data,Cricetulus griseus,
DeePaC-vir,Culex australicus,3.0,Insects,Culex australicus,species,Invertebrates,host_data,Culex australicus,
DeePaC-vir,Culex tarsalis,3.0,Insects,Culex tarsalis,species,Invertebrates,host_data,Culex tarsalis,
DeePaC-vir,Culex vishnui,3.0,Insects,Culex vishnui,species,Invertebrates,host_data,Culex vishnui,
DeePaC-vir,Cynara cardunculus var. scolymus,3.0,Plants,Cynara cardunculus,species,Plants,host_data,Cynara cardunculus,
DeePaC-vir,Cynopterus brachyotis,3.0,Bats,Cynopterus brachyotis,species,Mammals,host_data,Cynopterus brachyotis,
DeePaC-vir,Desmodus rotundus,3.0,Bats,Desmodus rotundus,species,Mammals,host_data,Desmodus rotundus,
DeePaC-vir,Dioscorea trifida,3.0,Plants,Dioscorea trifida,species,Plants,host_data,Dioscorea trifida,
DeePaC-vir,Diospyros kaki,3.0,Plants,Diospyros kaki,species,Plants,host_data,Diospyros kaki,
DeePaC-vir,Dobsonia moluccensis,3.0,Other mammals,Dobsonia moluccensis,species,Mammals,host_data,Dobsonia moluccensis,
DeePaC-vir,Eptesicus fuscus,3.0,Bats,Eptesicus fuscus,species,Mammals,host_data,Eptesicus fuscus,
DeePaC-vir,Equus ferus,3.0,Other/unresolved mammals,Equus ferus,species,Mammals,host_data,Equus ferus,
DeePaC-vir,Erinaceus europaeus,3.0,Other mammals,Erinaceus europaeus,species,Mammals,host_data,Erinaceus europaeus,
DeePaC-vir,Erysiphe necator,3.0,Fungi,Erysiphe necator,species,Fungi,host_data,Erysiphe necator,
DeePaC-vir,Fragaria vesca,3.0,Plants,Fragaria vesca,species,Plants,host_data,Fragaria vesca,
DeePaC-vir,Fragaria x ananassa,3.0,Plants,Fragaria x ananassa,species,Plants,host_data,Fragaria x ananassa,
DeePaC-vir,Gerygone albofrontata,3.0,Birds,Gerygone albofrontata,species,Non-mammalian vertebrates,host_data,Gerygone albofrontata,
DeePaC-vir,Haemaphysalis hystricis,3.0,Arachnids,Haemaphysalis hystricis,species,Invertebrates,host_data,Haemaphysalis hystricis,
DeePaC-vir,Heterobasidion parviporum,3.0,Fungi,Heterobasidion parviporum,species,Fungi,host_data,Heterobasidion parviporum,
DeePaC-vir,Hibiscus cannabinus,3.0,Plants,Hibiscus cannabinus,species,Plants,host_data,Hibiscus cannabinus,
DeePaC-vir,Humulus lupulus,3.0,Plants,Humulus lupulus,species,Plants,host_data,Humulus lupulus,
DeePaC-vir,Hyalomma asiaticum,3.0,Arachnids,Hyalomma asiaticum,species,Invertebrates,host_data,Hyalomma asiaticum,
DeePaC-vir,Ixodes uriae,3.0,Arachnids,Ixodes uriae,species,Invertebrates,host_data,Ixodes uriae,
DeePaC-vir,Ligustrum japonicum,3.0,Plants,Ligustrum japonicum,species,Plants,host_data,Ligustrum japonicum,
DeePaC-vir,Lynx canadensis,3.0,Other mammals,Lynx canadensis,species,Mammals,host_data,Lynx canadensis,
DeePaC-vir,Macaca fuscata,3.0,Non-human primates,Macaca fuscata,species,Mammals,host_data,Macaca fuscata,
DeePaC-vir,Malus sylvestris,3.0,Plants,Malus sylvestris,species,Plants,host_data,Malus sylvestris,
DeePaC-vir,Micromonas pusilla,3.0,Plants,Micromonas pusilla,species,Plants,host_data,Micromonas pusilla,
DeePaC-vir,Microtus arvalis,3.0,Rodents,Microtus arvalis,species,Mammals,host_data,Microtus arvalis,
DeePaC-vir,Mustela lutreola,3.0,Carnivores,Mustela lutreola,species,Mammals,host_data,Mustela lutreola,
DeePaC-vir,Mustela putorius furo,3.0,Carnivores,Mustela putorius,species,Mammals,host_data,Mustela putorius,
DeePaC-vir,Myotis lucifugus,3.0,Bats,Myotis lucifugus,species,Mammals,host_data,Myotis lucifugus,
DeePaC-vir,Neovison vison,3.0,Other mammals,Neovison vison,species,Mammals,host_data,Neovison vison,
DeePaC-vir,Notemigonus crysoleucas,3.0,Fish,Notemigonus crysoleucas,species,Non-mammalian vertebrates,host_data,Notemigonus crysoleucas,
DeePaC-vir,Odocoileus hemionus,3.0,Other mammals,Odocoileus hemionus,species,Mammals,host_data,Odocoileus hemionus,
DeePaC-vir,Oncorhynchus mykiss,3.0,Fish,Oncorhynchus mykiss,species,Non-mammalian vertebrates,host_data,Oncorhynchus mykiss,
DeePaC-vir,Orgyia pseudotsugata,3.0,Insects,Orgyia pseudotsugata,species,Invertebrates,host_data,Orgyia pseudotsugata,
DeePaC-vir,Otomops martiensseni,3.0,Bats,Otomops martiensseni,species,Mammals,host_data,Otomops martiensseni,
DeePaC-vir,Paguma larvata,3.0,Other mammals,Paguma larvata,species,Mammals,host_data,Paguma larvata,
DeePaC-vir,Panax notoginseng,3.0,Plants,Panax notoginseng,species,Plants,host_data,Panax notoginseng,
DeePaC-vir,Panicum virgatum,3.0,Plants,Panicum virgatum,species,Plants,host_data,Panicum virgatum,
DeePaC-vir,Papaver somniferum,3.0,Plants,Papaver somniferum,species,Plants,host_data,Papaver somniferum,
DeePaC-vir,Passiflora edulis,3.0,Plants,Passiflora edulis,species,Plants,host_data,Passiflora edulis,
DeePaC-vir,Pelargonium zonale,3.0,Plants,Pelargonium zonale,species,Plants,host_data,Pelargonium zonale,
DeePaC-vir,Penaeus vannamei,3.0,Other invertebrates,Penaeus vannamei,species,Invertebrates,host_data,Penaeus vannamei,
DeePaC-vir,Penicillium digitatum,3.0,Fungi,Penicillium digitatum,species,Fungi,host_data,Penicillium digitatum,
DeePaC-vir,Peromyscus crinitus,3.0,Rodents,Peromyscus crinitus,species,Mammals,host_data,Peromyscus crinitus,
DeePaC-vir,Peromyscus maniculatus,3.0,Rodents,Peromyscus maniculatus,species,Mammals,host_data,Peromyscus maniculatus,
DeePaC-vir,Phaseolus lunatus,3.0,Plants,Phaseolus lunatus,species,Plants,host_data,Phaseolus lunatus,
DeePaC-vir,Phocoena phocoena,3.0,Other mammals,Phocoena phocoena,species,Mammals,host_data,Phocoena phocoena,
DeePaC-vir,Piliocolobus tephrosceles,3.0,Non-human primates,Piliocolobus tephrosceles,species,Mammals,host_data,Piliocolobus tephrosceles,
DeePaC-vir,Pimephales promelas,3.0,Fish,Pimephales promelas,species,Non-mammalian vertebrates,host_data,Pimephales promelas,
DeePaC-vir,Pipistrellus pipistrellus,3.0,Bats,Pipistrellus pipistrellus,species,Mammals,host_data,Pipistrellus pipistrellus,
DeePaC-vir,Plutella xylostella,3.0,Insects,Plutella xylostella,species,Invertebrates,host_data,Plutella xylostella,
DeePaC-vir,Prunus armeniaca,3.0,Plants,Prunus armeniaca,species,Plants,host_data,Prunus armeniaca,
DeePaC-vir,Pygoscelis adeliae,3.0,Birds,Pygoscelis adeliae,species,Non-mammalian vertebrates,host_data,Pygoscelis adeliae,
DeePaC-vir,Pygoscelis papua,3.0,Birds,Pygoscelis papua,species,Non-mammalian vertebrates,host_data,Pygoscelis papua,
DeePaC-vir,Rana pipiens,3.0,Amphibians,Rana pipiens,species,Non-mammalian vertebrates,host_data,Rana pipiens,
DeePaC-vir,Ribes rubrum,3.0,Plants,Ribes rubrum,species,Plants,host_data,Ribes rubrum,
DeePaC-vir,Sambucus racemosa,3.0,Plants,Sambucus racemosa,species,Plants,host_data,Sambucus racemosa,
DeePaC-vir,Sida acuta,3.0,Plants,Sida acuta,species,Plants,host_data,Sida acuta,
DeePaC-vir,Sogatella furcifera,3.0,Insects,Sogatella furcifera,species,Invertebrates,host_data,Sogatella furcifera,
DeePaC-vir,Solanum melongena,3.0,Plants,Solanum melongena,species,Plants,host_data,Solanum melongena,
DeePaC-vir,Sparus aurata,3.0,Fish,Sparus aurata,species,Non-mammalian vertebrates,host_data,Sparus aurata,
DeePaC-vir,Sturnira lilium,3.0,Bats,Sturnira lilium,species,Mammals,host_data,Sturnira lilium,
DeePaC-vir,Tadarida brasiliensis,3.0,Bats,Tadarida brasiliensis,species,Mammals,host_data,Tadarida brasiliensis,
DeePaC-vir,Talpa europaea,3.0,Other/unresolved mammals,Talpa europaea,species,Mammals,host_data,Talpa europaea,
DeePaC-vir,Trichosurus vulpecula,3.0,Other/unresolved mammals,Trichosurus vulpecula,species,Mammals,host_data,Trichosurus vulpecula,
DeePaC-vir,Trifolium repens,3.0,Plants,Trifolium repens,species,Plants,host_data,Trifolium repens,
DeePaC-vir,Tuber aestivum,3.0,Fungi,Tuber aestivum,species,Fungi,host_data,Tuber aestivum,
DeePaC-vir,Vaccinium corymbosum,3.0,Plants,Vaccinium corymbosum,species,Plants,host_data,Vaccinium corymbosum,
DeePaC-vir,Vicugna pacos,3.0,Ungulates,Vicugna pacos,species,Mammals,host_data,Vicugna pacos,
DeePaC-vir,Vitis sp.,3.0,Plants,Vitis sp.,species,Plants,host_data,Vitis sp.,
DeePaC-vir,Acerodon celebensis,2.0,Other mammals,Acerodon celebensis,species,Mammals,host_data,Acerodon celebensis,
DeePaC-vir,Acheta domesticus,2.0,Insects,Acheta domesticus,species,Invertebrates,host_data,Acheta domesticus,
DeePaC-vir,Actinidia deliciosa,2.0,Plants,Actinidia deliciosa,species,Plants,host_data,Actinidia deliciosa,
DeePaC-vir,Aedeomyia squamipennis,2.0,Insects,Aedeomyia squamipennis,species,Invertebrates,host_data,Aedeomyia squamipennis,
DeePaC-vir,Aedes vexans,2.0,Insects,Aedes vexans,species,Invertebrates,host_data,Aedes vexans,
DeePaC-vir,Agrotis segetum,2.0,Insects,Agrotis segetum,species,Invertebrates,host_data,Agrotis segetum,
DeePaC-vir,Allamanda cathartica,2.0,Plants,Allamanda cathartica,species,Plants,host_data,Allamanda cathartica,
DeePaC-vir,Alopecurus myosuroides,2.0,Plants,Alopecurus myosuroides,species,Plants,host_data,Alopecurus myosuroides,
DeePaC-vir,Alternaria alternata,2.0,Fungi,Alternaria alternata,species,Fungi,host_data,Alternaria alternata,
DeePaC-vir,Alternaria arborescens,2.0,Fungi,Alternaria arborescens,species,Fungi,host_data,Alternaria arborescens,
DeePaC-vir,Alternaria brassicicola,2.0,Fungi,Alternaria brassicicola,species,Fungi,host_data,Alternaria brassicicola,
DeePaC-vir,Andrena haemorrhoa,2.0,Insects,Andrena haemorrhoa,species,Invertebrates,host_data,Andrena haemorrhoa,
DeePaC-vir,Andrographis paniculata,2.0,Plants,Andrographis paniculata,species,Plants,host_data,Andrographis paniculata,
DeePaC-vir,Anethum graveolens,2.0,Plants,Anethum graveolens,species,Plants,host_data,Anethum graveolens,
DeePaC-vir,Anopheles annulipes,2.0,Insects,Anopheles annulipes,species,Invertebrates,host_data,Anopheles annulipes,
DeePaC-vir,Anopheles gambiae,2.0,Insects,Anopheles gambiae,species,Invertebrates,host_data,Anopheles gambiae,
DeePaC-vir,Anopheles sinensis,2.0,Insects,Anopheles sinensis,species,Invertebrates,host_data,Anopheles sinensis,
DeePaC-vir,Antennarius striatus,2.0,Fish,Antennarius striatus,species,Non-mammalian vertebrates,host_data,Antennarius striatus,
DeePaC-vir,Antheraea pernyi,2.0,Insects,Antheraea pernyi,species,Invertebrates,host_data,Antheraea pernyi,
DeePaC-vir,Aotus trivirgatus,2.0,Other mammals,Aotus trivirgatus,species,Mammals,host_data,Aotus trivirgatus,
DeePaC-vir,Aphis glycines,2.0,Insects,Aphis glycines,species,Invertebrates,host_data,Aphis glycines,
DeePaC-vir,Apium graveolens,2.0,Plants,Apium graveolens,species,Plants,host_data,Apium graveolens,
DeePaC-vir,Ara ararauna,2.0,Birds,Ara ararauna,species,Non-mammalian vertebrates,host_data,Ara ararauna,
DeePaC-vir,Arctocephalus forsteri,2.0,Other mammals,Arctocephalus forsteri,species,Mammals,host_data,Arctocephalus forsteri,
DeePaC-vir,Armoracia rusticana,2.0,Plants,Armoracia rusticana,species,Plants,host_data,Armoracia rusticana,
DeePaC-vir,Arracacia xanthorrhiza,2.0,Plants,Arracacia xanthorrhiza,species,Plants,host_data,Arracacia xanthorrhiza,
DeePaC-vir,Aspergillus foetidus,2.0,Fungi,Aspergillus foetidus,species,Fungi,host_data,Aspergillus foetidus,
DeePaC-vir,Atherigona orientalis,2.0,Insects,Atherigona orientalis,species,Invertebrates,host_data,Atherigona orientalis,
DeePaC-vir,Atheris squamigera,2.0,Reptiles,Atheris squamigera,species,Non-mammalian vertebrates,host_data,Atheris squamigera,
DeePaC-vir,Atractylodes macrocephala,2.0,Plants,Atractylodes macrocephala,species,Plants,host_data,Atractylodes macrocephala,
DeePaC-vir,Biomphalaria glabrata,2.0,Other invertebrates,Biomphalaria glabrata,species,Invertebrates,host_data,Biomphalaria glabrata,
DeePaC-vir,Bipolaris victoriae,2.0,Fungi,Bipolaris victoriae,species,Fungi,host_data,Bipolaris victoriae,
DeePaC-vir,Blattella germanica,2.0,Insects,Blattella germanica,species,Invertebrates,host_data,Blattella germanica,
DeePaC-vir,Blicca bjoerkna,2.0,Fish,Blicca bjoerkna,species,Non-mammalian vertebrates,host_data,Blicca bjoerkna,
DeePaC-vir,Brassica napus,2.0,Plants,Brassica napus,species,Plants,host_data,Brassica napus,
DeePaC-vir,Brassica oleracea,2.0,Plants,Brassica oleracea,species,Plants,host_data,Brassica oleracea,
DeePaC-vir,Brassica rapa subsp. rapa,2.0,Plants,Brassica rapa,species,Plants,host_data,Brassica rapa,
DeePaC-vir,Brugmansia suaveolens,2.0,Plants,Brugmansia suaveolens,species,Plants,host_data,Brugmansia suaveolens,
DeePaC-vir,Budorcas taxicolor tibetana,2.0,Other mammals,Budorcas taxicolor,species,Mammals,host_data,Budorcas taxicolor,
DeePaC-vir,Caenorhabditis briggsae,2.0,Other invertebrates,Caenorhabditis briggsae,species,Invertebrates,host_data,Caenorhabditis briggsae,
DeePaC-vir,Cafeteria roenbergensis,2.0,Protists & oomycetes,Cafeteria roenbergensis,species,Protists & oomycetes,host_data,Cafeteria roenbergensis,
DeePaC-vir,Callinectes sapidus,2.0,Other invertebrates,Callinectes sapidus,species,Invertebrates,host_data,Callinectes sapidus,
DeePaC-vir,Camellia sinensis,2.0,Plants,Camellia sinensis,species,Plants,host_data,Camellia sinensis,
DeePaC-vir,Campanula takesimana,2.0,Plants,Campanula takesimana,species,Plants,host_data,Campanula takesimana,
DeePaC-vir,Capreolus capreolus,2.0,Ungulates,Capreolus capreolus,species,Mammals,host_data,Capreolus capreolus,
DeePaC-vir,Catharanthus roseus,2.0,Plants,Catharanthus roseus,species,Plants,host_data,Catharanthus roseus,
DeePaC-vir,Cavia porcellus,2.0,Other mammals,Cavia porcellus,species,Mammals,host_data,Cavia porcellus,
DeePaC-vir,Channa striata,2.0,Fish,Channa striata,species,Non-mammalian vertebrates,host_data,Channa striata,
DeePaC-vir,Chenopodium album,2.0,Plants,Chenopodium album,species,Plants,host_data,Chenopodium album,
DeePaC-vir,Choristoneura occidentalis,2.0,Insects,Choristoneura occidentalis,species,Invertebrates,host_data,Choristoneura occidentalis,
DeePaC-vir,Choristoneura rosaceana,2.0,Insects,Choristoneura rosaceana,species,Invertebrates,host_data,Choristoneura rosaceana,
DeePaC-vir,Citrullus lanatus subsp. vulgaris,2.0,Plants,Citrullus lanatus,species,Plants,host_data,Citrullus lanatus,
DeePaC-vir,Citrus limon,2.0,Plants,Citrus limon,species,Plants,host_data,Citrus limon,
DeePaC-vir,Clostera anastomosis,2.0,Insects,Clostera anastomosis,species,Invertebrates,host_data,Clostera anastomosis,
DeePaC-vir,Coccinia grandis,2.0,Plants,Coccinia grandis,species,Plants,host_data,Coccinia grandis,
DeePaC-vir,Colobus guereza,2.0,Non-human primates,Colobus guereza,species,Mammals,host_data,Colobus guereza,
DeePaC-vir,Coquillettidia xanthogaster,2.0,Insects,Coquillettidia xanthogaster,species,Invertebrates,host_data,Coquillettidia xanthogaster,
DeePaC-vir,Corchorus capsularis,2.0,Plants,Corchorus capsularis,species,Plants,host_data,Corchorus capsularis,
DeePaC-vir,Coriandrum sativum,2.0,Plants,Coriandrum sativum,species,Plants,host_data,Coriandrum sativum,
DeePaC-vir,Ctenopharyngodon idella,2.0,Fish,Ctenopharyngodon idella,species,Non-mammalian vertebrates,host_data,Ctenopharyngodon idella,
DeePaC-vir,Cucurbita maxima,2.0,Plants,Cucurbita maxima,species,Plants,host_data,Cucurbita maxima,
DeePaC-vir,Cucurbita moschata,2.0,Plants,Cucurbita moschata,species,Plants,host_data,Cucurbita moschata,
DeePaC-vir,Culex bitaeniorhynchus,2.0,Insects,Culex bitaeniorhynchus,species,Invertebrates,host_data,Culex bitaeniorhynchus,
DeePaC-vir,Culex decens,2.0,Insects,Culex decens,species,Invertebrates,host_data,Culex decens,
DeePaC-vir,Culex globocoxitus,2.0,Insects,Culex globocoxitus,species,Invertebrates,host_data,Culex globocoxitus,
DeePaC-vir,Culex portesi,2.0,Insects,Culex portesi,species,Invertebrates,host_data,Culex portesi,
DeePaC-vir,Culex sitiens,2.0,Insects,Culex sitiens,species,Invertebrates,host_data,Culex sitiens,
DeePaC-vir,Culicoides austropalpalis,2.0,Insects,Culicoides austropalpalis,species,Invertebrates,host_data,Culicoides austropalpalis,
DeePaC-vir,Culicoides insignis,2.0,Insects,Culicoides insignis,species,Invertebrates,host_data,Culicoides insignis,
DeePaC-vir,Culiseta melanura,2.0,Insects,Culiseta melanura,species,Invertebrates,host_data,Culiseta melanura,
DeePaC-vir,Cyanoramphus auriceps,2.0,Birds,Cyanoramphus auriceps,species,Non-mammalian vertebrates,host_data,Cyanoramphus auriceps,
DeePaC-vir,Cynodon dactylon,2.0,Plants,Cynodon dactylon,species,Plants,host_data,Cynodon dactylon,
DeePaC-vir,Dactylis glomerata,2.0,Plants,Dactylis glomerata,species,Plants,host_data,Dactylis glomerata,
DeePaC-vir,Daphne odora,2.0,Plants,Daphne odora,species,Plants,host_data,Daphne odora,
DeePaC-vir,Delphinus delphis,2.0,Other mammals,Delphinus delphis,species,Mammals,host_data,Delphinus delphis,
DeePaC-vir,Dendrolimus punctatus,2.0,Insects,Dendrolimus punctatus,species,Invertebrates,host_data,Dendrolimus punctatus,
DeePaC-vir,Diabrotica virgifera virgifera,2.0,Insects,Diabrotica virgifera,species,Invertebrates,host_data,Diabrotica virgifera,
DeePaC-vir,Diaphorina citri,2.0,Insects,Diaphorina citri,species,Invertebrates,host_data,Diaphorina citri,
DeePaC-vir,Diatraea saccharalis,2.0,Insects,Diatraea saccharalis,species,Invertebrates,host_data,Diatraea saccharalis,
DeePaC-vir,Dioscorea sansibarensis,2.0,Plants,Dioscorea sansibarensis,species,Plants,host_data,Dioscorea sansibarensis,
DeePaC-vir,Diplodia sapinea,2.0,Fungi,Diplodia sapinea,species,Fungi,host_data,Diplodia sapinea,
DeePaC-vir,Discula destructiva,2.0,Fungi,Discula destructiva,species,Fungi,host_data,Discula destructiva,
DeePaC-vir,Diuris pedunculata,2.0,Plants,Diuris pedunculata,species,Plants,host_data,Diuris pedunculata,
DeePaC-vir,Dracaena sanderiana,2.0,Plants,Dracaena sanderiana,species,Plants,host_data,Dracaena sanderiana,
DeePaC-vir,Duranta erecta,2.0,Plants,Duranta erecta,species,Plants,host_data,Duranta erecta,
DeePaC-vir,Dysaphis plantaginea,2.0,Insects,Dysaphis plantaginea,species,Invertebrates,host_data,Dysaphis plantaginea,
DeePaC-vir,Ectropis obliqua,2.0,Insects,Ectropis obliqua,species,Invertebrates,host_data,Ectropis obliqua,
DeePaC-vir,Elettaria cardamomum,2.0,Plants,Elettaria cardamomum,species,Plants,host_data,Elettaria cardamomum,
DeePaC-vir,Emilia sonchifolia,2.0,Plants,Emilia sonchifolia,species,Plants,host_data,Emilia sonchifolia,
DeePaC-vir,Enhydra lutris,2.0,Other mammals,Enhydra lutris,species,Mammals,host_data,Enhydra lutris,
DeePaC-vir,Equus asinus,2.0,Other/unresolved mammals,Equus asinus,species,Mammals,host_data,Equus asinus,
DeePaC-vir,Eragrostis curvula,2.0,Plants,Eragrostis curvula,species,Plants,host_data,Eragrostis curvula,
DeePaC-vir,Erethizon dorsatum,2.0,Other mammals,Erethizon dorsatum,species,Mammals,host_data,Erethizon dorsatum,
DeePaC-vir,Erigeron breviscapus,2.0,Plants,Erigeron breviscapus,species,Plants,host_data,Erigeron breviscapus,
DeePaC-vir,Erythrodiplax fusca,2.0,Insects,Erythrodiplax fusca,species,Invertebrates,host_data,Erythrodiplax fusca,
DeePaC-vir,Erythrodiplax umbrata,2.0,Insects,Erythrodiplax umbrata,species,Invertebrates,host_data,Erythrodiplax umbrata,
DeePaC-vir,Eupatorium makinoi,2.0,Plants,Eupatorium makinoi,species,Plants,host_data,Eupatorium makinoi,
DeePaC-vir,Festuca pratensis,2.0,Plants,Festuca pratensis,species,Plants,host_data,Festuca pratensis,
DeePaC-vir,Ficus carica,2.0,Plants,Ficus carica,species,Plants,host_data,Ficus carica,
DeePaC-vir,Formica exsecta,2.0,Insects,Formica exsecta,species,Invertebrates,host_data,Formica exsecta,
DeePaC-vir,Fragaria chiloensis,2.0,Plants,Fragaria chiloensis,species,Plants,host_data,Fragaria chiloensis,
DeePaC-vir,Frankliniella occidentalis,2.0,Insects,Frankliniella occidentalis,species,Invertebrates,host_data,Frankliniella occidentalis,
DeePaC-vir,Fritillaria thunbergii,2.0,Plants,Fritillaria thunbergii,species,Plants,host_data,Fritillaria thunbergii,
DeePaC-vir,Fulmarus glacialis,2.0,Birds,Fulmarus glacialis,species,Non-mammalian vertebrates,host_data,Fulmarus glacialis,
DeePaC-vir,Gentiana triflora,2.0,Plants,Gentiana triflora,species,Plants,host_data,Gentiana triflora,
DeePaC-vir,Gorilla gorilla gorilla,2.0,Non-human primates,Gorilla gorilla,species,Mammals,host_data,Gorilla gorilla,
DeePaC-vir,Gossypium darwinii,2.0,Plants,Gossypium darwinii,species,Plants,host_data,Gossypium darwinii,
DeePaC-vir,Grus japonensis,2.0,Birds,Grus japonensis,species,Non-mammalian vertebrates,host_data,Grus japonensis,
DeePaC-vir,Haemaphysalis doenitzi,2.0,Arachnids,Haemaphysalis doenitzi,species,Invertebrates,host_data,Haemaphysalis doenitzi,
DeePaC-vir,Haliotis discus hannai,2.0,Other invertebrates,Haliotis discus,species,Invertebrates,host_data,Haliotis discus,
DeePaC-vir,Hardenbergia comptoniana,2.0,Plants,Hardenbergia comptoniana,species,Plants,host_data,Hardenbergia comptoniana,
DeePaC-vir,Helicobasidium mompa,2.0,Fungi,Helicobasidium mompa,species,Fungi,host_data,Helicobasidium mompa,
DeePaC-vir,Heterobasidion annosum,2.0,Fungi,Heterobasidion annosum,species,Fungi,host_data,Heterobasidion annosum,
DeePaC-vir,Heterodera glycines,2.0,Other invertebrates,Heterodera glycines,species,Invertebrates,host_data,Heterodera glycines,
DeePaC-vir,Hippeastrum sp.,2.0,Plants,Hippeastrum sp.,species,Plants,host_data,Hippeastrum sp.,
DeePaC-vir,Hipposideros commersoni,2.0,Other mammals,Hipposideros commersoni,species,Mammals,host_data,Hipposideros commersoni,
DeePaC-vir,Hipposideros gigas,2.0,Other mammals,Hipposideros gigas,species,Mammals,host_data,Hipposideros gigas,
DeePaC-vir,Hipposideros pomona,2.0,Bats,Hipposideros pomona,species,Mammals,host_data,Hipposideros pomona,
DeePaC-vir,Hipposideros vittatus,2.0,Bats,Hipposideros vittatus,species,Mammals,host_data,Hipposideros vittatus,
DeePaC-vir,Homalodisca vitripennis,2.0,Insects,Homalodisca vitripennis,species,Invertebrates,host_data,Homalodisca vitripennis,
DeePaC-vir,Hylaeamys megacephalus,2.0,Rodents,Hylaeamys megacephalus,species,Mammals,host_data,Hylaeamys megacephalus,
DeePaC-vir,Ilex paraguariensis,2.0,Plants,Ilex paraguariensis,species,Plants,host_data,Ilex paraguariensis,
DeePaC-vir,Ixeridium dentatum,2.0,Plants,Ixeridium dentatum,species,Plants,host_data,Ixeridium dentatum,
DeePaC-vir,Kalanchoe blossfeldiana,2.0,Plants,Kalanchoe blossfeldiana,species,Plants,host_data,Kalanchoe blossfeldiana,
DeePaC-vir,Lagenaria siceraria,2.0,Plants,Lagenaria siceraria,species,Plants,host_data,Lagenaria siceraria,
DeePaC-vir,Lama glama,2.0,Ungulates,Lama glama,species,Mammals,host_data,Lama glama,
DeePaC-vir,Laodelphax striatella,2.0,Insects,Laodelphax striatella,species,Invertebrates,host_data,Laodelphax striatella,
DeePaC-vir,Lates calcarifer,2.0,Fish,Lates calcarifer,species,Non-mammalian vertebrates,host_data,Lates calcarifer,
DeePaC-vir,Leishmania major,2.0,Protists & oomycetes,Leishmania major,species,Protists & oomycetes,host_data,Leishmania major,
DeePaC-vir,Lemur catta,2.0,Non-human primates,Lemur catta,species,Mammals,host_data,Lemur catta,
DeePaC-vir,Lepomis macrochirus,2.0,Fish,Lepomis macrochirus,species,Non-mammalian vertebrates,host_data,Lepomis macrochirus,
DeePaC-vir,Leptopilina boulardi,2.0,Insects,Leptopilina boulardi,species,Invertebrates,host_data,Leptopilina boulardi,
DeePaC-vir,Lepus europaeus,2.0,Other/unresolved mammals,Lepus europaeus,species,Mammals,host_data,Lepus europaeus,
DeePaC-vir,Lissotriton vulgaris,2.0,Amphibians,Lissotriton vulgaris,species,Non-mammalian vertebrates,host_data,Lissotriton vulgaris,
DeePaC-vir,Lonicera japonica,2.0,Plants,Lonicera japonica,species,Plants,host_data,Lonicera japonica,
DeePaC-vir,Ludwigia hyssopifolia,2.0,Plants,Ludwigia hyssopifolia,species,Plants,host_data,Ludwigia hyssopifolia,
DeePaC-vir,Macrobrachium rosenbergii,2.0,Other invertebrates,Macrobrachium rosenbergii,species,Invertebrates,host_data,Macrobrachium rosenbergii,
DeePaC-vir,Mandrillus sphinx,2.0,Non-human primates,Mandrillus sphinx,species,Mammals,host_data,Mandrillus sphinx,
DeePaC-vir,Mansonia uniformis,2.0,Insects,Mansonia uniformis,species,Invertebrates,host_data,Mansonia uniformis,
DeePaC-vir,Micaelamys namaquensis,2.0,Rodents,Micaelamys namaquensis,species,Mammals,host_data,Micaelamys namaquensis,
DeePaC-vir,Microtus pennsylvanicus,2.0,Rodents,Microtus pennsylvanicus,species,Mammals,host_data,Microtus pennsylvanicus,
DeePaC-vir,Mirabilis jalapa,2.0,Plants,Mirabilis jalapa,species,Plants,host_data,Mirabilis jalapa,
DeePaC-vir,Momordica charantia,2.0,Plants,Momordica charantia,species,Plants,host_data,Momordica charantia,
DeePaC-vir,Morelia spilota,2.0,Reptiles,Morelia spilota,species,Non-mammalian vertebrates,host_data,Morelia spilota,
DeePaC-vir,Mustela putorius,2.0,Carnivores,Mustela putorius,species,Mammals,host_data,Mustela putorius,
DeePaC-vir,Myodes glareolus,2.0,Rodents,Myodes glareolus,species,Mammals,host_data,Myodes glareolus,
DeePaC-vir,Mythimna unipuncta,2.0,Insects,Mythimna unipuncta,species,Invertebrates,host_data,Mythimna unipuncta,
DeePaC-vir,Narcissus pseudonarcissus,2.0,Plants,Narcissus pseudonarcissus,species,Plants,host_data,Narcissus pseudonarcissus,
DeePaC-vir,Narcissus tazetta subsp. chinensis,2.0,Plants,Narcissus tazetta,species,Plants,host_data,Narcissus tazetta,
DeePaC-vir,Neofusicoccum luteum,2.0,Fungi,Neofusicoccum luteum,species,Fungi,host_data,Neofusicoccum luteum,
DeePaC-vir,Neotoma lepida,2.0,Rodents,Neotoma lepida,species,Mammals,host_data,Neotoma lepida,
DeePaC-vir,Nephotettix cincticeps,2.0,Insects,Nephotettix cincticeps,species,Invertebrates,host_data,Nephotettix cincticeps,
DeePaC-vir,Nesidiocoris tenuis,2.0,Insects,Nesidiocoris tenuis,species,Invertebrates,host_data,Nesidiocoris tenuis,
DeePaC-vir,Nigrospora oryzae,2.0,Fungi,Nigrospora oryzae,species,Fungi,host_data,Nigrospora oryzae,
DeePaC-vir,Ochlerotatus scapularis,2.0,Insects,Ochlerotatus scapularis,species,Invertebrates,host_data,Ochlerotatus scapularis,
DeePaC-vir,Ocimum basilicum,2.0,Plants,Ocimum basilicum,species,Plants,host_data,Ocimum basilicum,
DeePaC-vir,Oligoryzomys fulvescens,2.0,Rodents,Oligoryzomys fulvescens,species,Mammals,host_data,Oligoryzomys fulvescens,
DeePaC-vir,Oncorhynchus tshawytscha,2.0,Fish,Oncorhynchus tshawytscha,species,Non-mammalian vertebrates,host_data,Oncorhynchus tshawytscha,
DeePaC-vir,Operophtera brumata,2.0,Insects,Operophtera brumata,species,Invertebrates,host_data,Operophtera brumata,
DeePaC-vir,Opuntia ficus-indica,2.0,Plants,Opuntia ficus-indica,species,Plants,host_data,Opuntia ficus-indica,
DeePaC-vir,Oryza rufipogon,2.0,Plants,Oryza rufipogon,species,Plants,host_data,Oryza rufipogon,
DeePaC-vir,Oryza sp.,2.0,Plants,Oryza sp.,species,Plants,host_data,Oryza sp.,
DeePaC-vir,Oxalis corniculata,2.0,Plants,Oxalis corniculata,species,Plants,host_data,Oxalis corniculata,
DeePaC-vir,Papio ursinus,2.0,Other mammals,Papio ursinus,species,Mammals,host_data,Papio ursinus,
DeePaC-vir,Passiflora edulis f. flavicarpa,2.0,Plants,Passiflora edulis,species,Plants,host_data,Passiflora edulis,
DeePaC-vir,Pelargonium x hortorum,2.0,Plants,Pelargonium x hortorum,species,Plants,host_data,Pelargonium x hortorum,
DeePaC-vir,Pelodiscus sinensis,2.0,Reptiles,Pelodiscus sinensis,species,Non-mammalian vertebrates,host_data,Pelodiscus sinensis,
DeePaC-vir,Perca fluviatilis,2.0,Fish,Perca fluviatilis,species,Non-mammalian vertebrates,host_data,Perca fluviatilis,
DeePaC-vir,Phlox stolonifera,2.0,Plants,Phlox stolonifera,species,Plants,host_data,Phlox stolonifera,
DeePaC-vir,Pongo pygmaeus,2.0,Other mammals,Pongo pygmaeus,species,Mammals,host_data,Pongo pygmaeus,
DeePaC-vir,Pouzolzia zeylanica,2.0,Plants,Pouzolzia zeylanica,species,Plants,host_data,Pouzolzia zeylanica,
DeePaC-vir,Prunus salicina,2.0,Plants,Prunus salicina,species,Plants,host_data,Prunus salicina,
DeePaC-vir,Pteronotus parnellii,2.0,Bats,Pteronotus parnellii,species,Mammals,host_data,Pteronotus parnellii,
DeePaC-vir,Pteropus giganteus,2.0,Bats,Pteropus giganteus,species,Mammals,host_data,Pteropus giganteus,
DeePaC-vir,Pteropus hypomelanus,2.0,Bats,Pteropus hypomelanus,species,Mammals,host_data,Pteropus hypomelanus,
DeePaC-vir,Pteropus scapulatus,2.0,Bats,Pteropus scapulatus,species,Mammals,host_data,Pteropus scapulatus,
DeePaC-vir,Pteropus vampyrus,2.0,Other mammals,Pteropus vampyrus,species,Mammals,host_data,Pteropus vampyrus,
DeePaC-vir,Puma concolor,2.0,Carnivores,Puma concolor,species,Mammals,host_data,Puma concolor,
DeePaC-vir,Rattus andamanensis,2.0,Rodents,Rattus andamanensis,species,Mammals,host_data,Rattus andamanensis,
DeePaC-vir,Rattus rattus,2.0,Rodents,Rattus rattus,species,Mammals,host_data,Rattus rattus,
DeePaC-vir,Rehmannia glutinosa,2.0,Plants,Rehmannia glutinosa,species,Plants,host_data,Rehmannia glutinosa,
DeePaC-vir,Rhinolophus affinis,2.0,Bats,Rhinolophus affinis,species,Mammals,host_data,Rhinolophus affinis,
DeePaC-vir,Rhinolophus blasii,2.0,Bats,Rhinolophus blasii,species,Mammals,host_data,Rhinolophus blasii,
DeePaC-vir,Rhinolophus macrotis,2.0,Other mammals,Rhinolophus macrotis,species,Mammals,host_data,Rhinolophus macrotis,
DeePaC-vir,Rhynchobatus djiddensis,2.0,Fish,Rhynchobatus djiddensis,species,Non-mammalian vertebrates,host_data,Rhynchobatus djiddensis,
DeePaC-vir,Rosa sp.,2.0,Plants,Rosa sp.,species,Plants,host_data,Rosa sp.,
DeePaC-vir,Rubus canadensis,2.0,Plants,Rubus canadensis,species,Plants,host_data,Rubus canadensis,
DeePaC-vir,Rubus idaeus,2.0,Plants,Rubus idaeus,species,Plants,host_data,Rubus idaeus,
DeePaC-vir,Rubus occidentalis,2.0,Plants,Rubus occidentalis,species,Plants,host_data,Rubus occidentalis,
DeePaC-vir,Rupicapra rupicapra,2.0,Ungulates,Rupicapra rupicapra,species,Mammals,host_data,Rupicapra rupicapra,
DeePaC-vir,Sambucus nigra,2.0,Plants,Sambucus nigra,species,Plants,host_data,Sambucus nigra,
DeePaC-vir,Sauropus androgynus,2.0,Plants,Sauropus androgynus,species,Plants,host_data,Sauropus androgynus,
DeePaC-vir,Schizaphis graminum,2.0,Insects,Schizaphis graminum,species,Invertebrates,host_data,Schizaphis graminum,
DeePaC-vir,Sechium edule,2.0,Plants,Sechium edule,species,Plants,host_data,Sechium edule,
DeePaC-vir,Senna occidentalis,2.0,Plants,Senna occidentalis,species,Plants,host_data,Senna occidentalis,
DeePaC-vir,Sigmodon alstoni,2.0,Rodents,Sigmodon alstoni,species,Mammals,host_data,Sigmodon alstoni,
DeePaC-vir,Sigmodon hispidus,2.0,Rodents,Sigmodon hispidus,species,Mammals,host_data,Sigmodon hispidus,
DeePaC-vir,Silurus glanis,2.0,Fish,Silurus glanis,species,Non-mammalian vertebrates,host_data,Silurus glanis,
DeePaC-vir,Siniperca chuatsi,2.0,Fish,Siniperca chuatsi,species,Non-mammalian vertebrates,host_data,Siniperca chuatsi,
DeePaC-vir,Smallanthus sonchifolius,2.0,Plants,Smallanthus sonchifolius,species,Plants,host_data,Smallanthus sonchifolius,
DeePaC-vir,Sorghum bicolor,2.0,Plants,Sorghum bicolor,species,Plants,host_data,Sorghum bicolor,
DeePaC-vir,Spissistilus festinus,2.0,Insects,Spissistilus festinus,species,Invertebrates,host_data,Spissistilus festinus,
DeePaC-vir,Struthio camelus,2.0,Birds,Struthio camelus,species,Non-mammalian vertebrates,host_data,Struthio camelus,
DeePaC-vir,Sturnus vulgaris,2.0,Birds,Sturnus vulgaris,species,Non-mammalian vertebrates,host_data,Sturnus vulgaris,
DeePaC-vir,Suncus murinus,2.0,Other/unresolved mammals,Suncus murinus,species,Mammals,host_data,Suncus murinus,
DeePaC-vir,Testudo hermanni,2.0,Reptiles,Testudo hermanni,species,Non-mammalian vertebrates,host_data,Testudo hermanni,
DeePaC-vir,Thielaviopsis basicola,2.0,Fungi,Thielaviopsis basicola,species,Fungi,host_data,Thielaviopsis basicola,
DeePaC-vir,Trifolium subterraneum,2.0,Plants,Trifolium subterraneum,species,Plants,host_data,Trifolium subterraneum,
DeePaC-vir,Tylonycteris pachypus,2.0,Bats,Tylonycteris pachypus,species,Mammals,host_data,Tylonycteris pachypus,
DeePaC-vir,Vanilla planifolia,2.0,Plants,Vanilla planifolia,species,Plants,host_data,Vanilla planifolia,
DeePaC-vir,Vespertilio sinensis,2.0,Bats,Vespertilio sinensis,species,Mammals,host_data,Vespertilio sinensis,
DeePaC-vir,Vitis labrusca x Vitis vinifera,2.0,Plants,Vitis labrusca x Vitis vinifera,species,Plants,host_data,Vitis labrusca x Vitis vinifera,
DeePaC-vir,Vulpes vulpes,2.0,Carnivores,Vulpes vulpes,species,Mammals,host_data,Vulpes vulpes,
DeePaC-vir,Wissadula amplissima,2.0,Plants,Wissadula amplissima,species,Plants,host_data,Wissadula amplissima,
DeePaC-vir,Xanthocnemis zealandica,2.0,Insects,Xanthocnemis zealandica,species,Invertebrates,host_data,Xanthocnemis zealandica,
DeePaC-vir,Xanthophyllomyces dendrorhous,2.0,Fungi,Xanthophyllomyces dendrorhous,species,Fungi,host_data,Xanthophyllomyces dendrorhous,
DeePaC-vir,Zostera marina,2.0,Plants,Zostera marina,species,Plants,host_data,Zostera marina,
DeePaC-vir,Acartia tonsa,1.0,Other invertebrates,Acartia tonsa,species,Invertebrates,host_data,Acartia tonsa,
DeePaC-vir,Acyrthosiphon pisum,1.0,Insects,Acyrthosiphon pisum,species,Invertebrates,host_data,Acyrthosiphon pisum,
DeePaC-vir,Adoxophyes orana,1.0,Insects,Adoxophyes orana,species,Invertebrates,host_data,Adoxophyes orana,
DeePaC-vir,Aedes circumluteolus,1.0,Insects,Aedes circumluteolus,species,Invertebrates,host_data,Aedes circumluteolus,
DeePaC-vir,Aedes pseudoscutellaris,1.0,Insects,Aedes pseudoscutellaris,species,Invertebrates,host_data,Aedes pseudoscutellaris,
DeePaC-vir,Agapanthus campanulatus,1.0,Plants,Agapanthus campanulatus,species,Plants,host_data,Agapanthus campanulatus,
DeePaC-vir,Agaricus bisporus,1.0,Fungi,Agaricus bisporus,species,Fungi,host_data,Agaricus bisporus,
DeePaC-vir,Agave tequilana,1.0,Plants,Agave tequilana,species,Plants,host_data,Agave tequilana,
DeePaC-vir,Ageratum houstonianum,1.0,Plants,Ageratum houstonianum,species,Plants,host_data,Ageratum houstonianum,
DeePaC-vir,Agrotis ipsilon,1.0,Insects,Agrotis ipsilon,species,Invertebrates,host_data,Agrotis ipsilon,
DeePaC-vir,Allium ampeloprasum,1.0,Plants,Allium ampeloprasum,species,Plants,host_data,Allium ampeloprasum,
DeePaC-vir,Allium cepa var. aggregatum,1.0,Plants,Allium cepa,species,Plants,host_data,Allium cepa,
DeePaC-vir,Allium chinense,1.0,Plants,Allium chinense,species,Plants,host_data,Allium chinense,
DeePaC-vir,Allium fistulosum,1.0,Plants,Allium fistulosum,species,Plants,host_data,Allium fistulosum,
DeePaC-vir,Alouatta caraya,1.0,Other mammals,Alouatta caraya,species,Mammals,host_data,Alouatta caraya,
DeePaC-vir,Alpinia purpurata,1.0,Plants,Alpinia purpurata,species,Plants,host_data,Alpinia purpurata,
DeePaC-vir,Alternaria longipes,1.0,Fungi,Alternaria longipes,species,Fungi,host_data,Alternaria longipes,
DeePaC-vir,Amazona farinosa,1.0,Birds,Amazona farinosa,species,Non-mammalian vertebrates,host_data,Amazona farinosa,
DeePaC-vir,Amazona oratrix,1.0,Birds,Amazona oratrix,species,Non-mammalian vertebrates,host_data,Amazona oratrix,
DeePaC-vir,Amphibalanus rhizophorae,1.0,Other invertebrates,Amphibalanus rhizophorae,species,Invertebrates,host_data,Amphibalanus rhizophorae,
DeePaC-vir,Anas rubripes,1.0,Birds,Anas rubripes,species,Non-mammalian vertebrates,host_data,Anas rubripes,
DeePaC-vir,Angelonia angustifolia,1.0,Plants,Angelonia angustifolia,species,Plants,host_data,Angelonia angustifolia,
DeePaC-vir,Anguilla australis,1.0,Fish,Anguilla australis,species,Non-mammalian vertebrates,host_data,Anguilla australis,
DeePaC-vir,Anguilla marmorata,1.0,Fish,Anguilla marmorata,species,Non-mammalian vertebrates,host_data,Anguilla marmorata,
DeePaC-vir,Anopheles albimanus,1.0,Insects,Anopheles albimanus,species,Invertebrates,host_data,Anopheles albimanus,
DeePaC-vir,Anopheles atropos,1.0,Insects,Anopheles atropos,species,Invertebrates,host_data,Anopheles atropos,
DeePaC-vir,Anopheles coluzzii,1.0,Insects,Anopheles coluzzii,species,Invertebrates,host_data,Anopheles coluzzii,
DeePaC-vir,Anopheles coustani,1.0,Insects,Anopheles coustani,species,Invertebrates,host_data,Anopheles coustani,
DeePaC-vir,Anopheles farauti,1.0,Insects,Anopheles farauti,species,Invertebrates,host_data,Anopheles farauti,
DeePaC-vir,Anopheles funestus,1.0,Insects,Anopheles funestus,species,Invertebrates,host_data,Anopheles funestus,
DeePaC-vir,Anopheles hinesorum,1.0,Insects,Anopheles hinesorum,species,Invertebrates,host_data,Anopheles hinesorum,
DeePaC-vir,Anopheles meraukensis,1.0,Insects,Anopheles meraukensis,species,Invertebrates,host_data,Anopheles meraukensis,
DeePaC-vir,Anopheles quadrimaculatus,1.0,Insects,Anopheles quadrimaculatus,species,Invertebrates,host_data,Anopheles quadrimaculatus,
DeePaC-vir,Anopheles tessellatus,1.0,Insects,Anopheles tessellatus,species,Invertebrates,host_data,Anopheles tessellatus,
DeePaC-vir,Anopheles vagus,1.0,Insects,Anopheles vagus,species,Invertebrates,host_data,Anopheles vagus,
DeePaC-vir,Anourosorex squamipes,1.0,Other/unresolved mammals,Anourosorex squamipes,species,Mammals,host_data,Anourosorex squamipes,
DeePaC-vir,Anredera cordifolia,1.0,Plants,Anredera cordifolia,species,Plants,host_data,Anredera cordifolia,
DeePaC-vir,Anser albifrons,1.0,Birds,Anser albifrons,species,Non-mammalian vertebrates,host_data,Anser albifrons,
DeePaC-vir,Anser caerulescens,1.0,Birds,Anser caerulescens,species,Non-mammalian vertebrates,host_data,Anser caerulescens,
DeePaC-vir,Anser rossii,1.0,Birds,Anser rossii,species,Non-mammalian vertebrates,host_data,Anser rossii,
DeePaC-vir,Anthocercis littorea,1.0,Plants,Anthocercis littorea,species,Plants,host_data,Anthocercis littorea,
DeePaC-vir,Anthoxanthum odoratum,1.0,Plants,Anthoxanthum odoratum,species,Plants,host_data,Anthoxanthum odoratum,
DeePaC-vir,Anticarsia gemmatalis,1.0,Insects,Anticarsia gemmatalis,species,Invertebrates,host_data,Anticarsia gemmatalis,
DeePaC-vir,Antilocapra americana,1.0,Other mammals,Antilocapra americana,species,Mammals,host_data,Antilocapra americana,
DeePaC-vir,Antonospora locustae,1.0,Fungi,Antonospora locustae,species,Fungi,host_data,Antonospora locustae,
DeePaC-vir,Aphis fabae,1.0,Insects,Aphis fabae,species,Invertebrates,host_data,Aphis fabae,
DeePaC-vir,Apis cerana,1.0,Insects,Apis cerana,species,Invertebrates,host_data,Apis cerana,
DeePaC-vir,Aplysia californica,1.0,Other invertebrates,Aplysia californica,species,Invertebrates,host_data,Aplysia californica,
DeePaC-vir,Apodemus agrarius,1.0,Rodents,Apodemus agrarius,species,Mammals,host_data,Apodemus agrarius,
DeePaC-vir,Apodemus argenteus,1.0,Rodents,Apodemus argenteus,species,Mammals,host_data,Apodemus argenteus,
DeePaC-vir,Apodemus chevrieri,1.0,Rodents,Apodemus chevrieri,species,Mammals,host_data,Apodemus chevrieri,
DeePaC-vir,Apodemus flavicollis,1.0,Rodents,Apodemus flavicollis,species,Mammals,host_data,Apodemus flavicollis,
DeePaC-vir,Arabidopsis halleri,1.0,Plants,Arabidopsis halleri,species,Plants,host_data,Arabidopsis halleri,
DeePaC-vir,Arachis pintoi,1.0,Plants,Arachis pintoi,species,Plants,host_data,Arachis pintoi,
DeePaC-vir,Aratinga solstitialis,1.0,Birds,Aratinga solstitialis,species,Non-mammalian vertebrates,host_data,Aratinga solstitialis,
DeePaC-vir,Arctium lappa,1.0,Plants,Arctium lappa,species,Plants,host_data,Arctium lappa,
DeePaC-vir,Arctocephalus gazella,1.0,Carnivores,Arctocephalus gazella,species,Mammals,host_data,Arctocephalus gazella,
DeePaC-vir,Areca catechu,1.0,Plants,Areca catechu,species,Plants,host_data,Areca catechu,
DeePaC-vir,Argas reflexus,1.0,Arachnids,Argas reflexus,species,Invertebrates,host_data,Argas reflexus,
DeePaC-vir,Armadillidium vulgare,1.0,Other invertebrates,Armadillidium vulgare,species,Invertebrates,host_data,Armadillidium vulgare,
DeePaC-vir,Armigeres subalbatus,1.0,Insects,Armigeres subalbatus,species,Invertebrates,host_data,Armigeres subalbatus,
DeePaC-vir,Arrhenatherum elatius,1.0,Plants,Arrhenatherum elatius,species,Plants,host_data,Arrhenatherum elatius,
DeePaC-vir,Artemisia annua,1.0,Plants,Artemisia annua,species,Plants,host_data,Artemisia annua,
DeePaC-vir,Artemisia carvifolia,1.0,Plants,Artemisia carvifolia,species,Plants,host_data,Artemisia carvifolia,
DeePaC-vir,Artemisina melana,1.0,Other invertebrates,Artemisina melana,species,Invertebrates,host_data,Artemisina melana,
DeePaC-vir,Artibeus jamaicensis,1.0,Other mammals,Artibeus jamaicensis,species,Mammals,host_data,Artibeus jamaicensis,
DeePaC-vir,Asclepias viridis,1.0,Plants,Asclepias viridis,species,Plants,host_data,Asclepias viridis,
DeePaC-vir,Aselliscus stoliczkanus,1.0,Other mammals,Aselliscus stoliczkanus,species,Mammals,host_data,Aselliscus stoliczkanus,
DeePaC-vir,Aspergillus ochraceus,1.0,Fungi,Aspergillus ochraceus,species,Fungi,host_data,Aspergillus ochraceus,
DeePaC-vir,Aspidites melanocephalus,1.0,Reptiles,Aspidites melanocephalus,species,Non-mammalian vertebrates,host_data,Aspidites melanocephalus,
DeePaC-vir,Ateles paniscus,1.0,Other mammals,Ateles paniscus,species,Mammals,host_data,Ateles paniscus,
DeePaC-vir,Ateles sp.,1.0,Non-human primates,Ateles sp.,species,Mammals,host_data,Ateles sp.,
DeePaC-vir,Atkinsonella hypoxylon,1.0,Fungi,Atkinsonella hypoxylon,species,Fungi,host_data,Atkinsonella hypoxylon,
DeePaC-vir,Aulacorthum magnoliae,1.0,Insects,Aulacorthum magnoliae,species,Invertebrates,host_data,Aulacorthum magnoliae,
DeePaC-vir,Avena sp.,1.0,Plants,Avena sp.,species,Plants,host_data,Avena sp.,
DeePaC-vir,Axonopus compressus,1.0,Plants,Axonopus compressus,species,Plants,host_data,Axonopus compressus,
DeePaC-vir,Bandicota sp.,1.0,Rodents,Bandicota sp.,species,Mammals,host_data,Bandicota sp.,
DeePaC-vir,Barbus barbus,1.0,Fish,Barbus barbus,species,Non-mammalian vertebrates,host_data,Barbus barbus,
DeePaC-vir,Bettongia penicillata,1.0,Other mammals,Bettongia penicillata,species,Mammals,host_data,Bettongia penicillata,
DeePaC-vir,Betula pubescens,1.0,Plants,Betula pubescens,species,Plants,host_data,Betula pubescens,
DeePaC-vir,Bidens pilosa,1.0,Plants,Bidens pilosa,species,Plants,host_data,Bidens pilosa,
DeePaC-vir,Blainvillea rhomboidea,1.0,Plants,Blainvillea rhomboidea,species,Plants,host_data,Blainvillea rhomboidea,
DeePaC-vir,Bos javanicus,1.0,Ungulates,Bos javanicus,species,Mammals,host_data,Bos javanicus,
DeePaC-vir,Bothrops atrox,1.0,Reptiles,Bothrops atrox,species,Non-mammalian vertebrates,host_data,Bothrops atrox,
DeePaC-vir,Botrytis porri,1.0,Fungi,Botrytis porri,species,Fungi,host_data,Botrytis porri,
DeePaC-vir,Bougainvillea spectabilis,1.0,Plants,Bougainvillea spectabilis,species,Plants,host_data,Bougainvillea spectabilis,
DeePaC-vir,Branta canadensis,1.0,Birds,Branta canadensis,species,Non-mammalian vertebrates,host_data,Branta canadensis,
DeePaC-vir,Brassica juncea,1.0,Plants,Brassica juncea,species,Plants,host_data,Brassica juncea,
DeePaC-vir,Brassica napus subsp. rapifera,1.0,Plants,Brassica napus,species,Plants,host_data,Brassica napus,
DeePaC-vir,Brassica oleracea var. botrytis,1.0,Plants,Brassica oleracea,species,Plants,host_data,Brassica oleracea,
DeePaC-vir,Brassica oleracea var. viridis,1.0,Plants,Brassica oleracea,species,Plants,host_data,Brassica oleracea,
DeePaC-vir,Brassica rapa var. rapa,1.0,Plants,Brassica rapa,species,Plants,host_data,Brassica rapa,
DeePaC-vir,Brevicoryne brassicae,1.0,Insects,Brevicoryne brassicae,species,Invertebrates,host_data,Brevicoryne brassicae,
DeePaC-vir,Bromus catharticus,1.0,Plants,Bromus catharticus,species,Plants,host_data,Bromus catharticus,
DeePaC-vir,Bromus inermis,1.0,Plants,Bromus inermis,species,Plants,host_data,Bromus inermis,
DeePaC-vir,Buteo jamaicensis,1.0,Birds,Buteo jamaicensis,species,Non-mammalian vertebrates,host_data,Buteo jamaicensis,
DeePaC-vir,Cacatua moluccensis,1.0,Birds,Cacatua moluccensis,species,Non-mammalian vertebrates,host_data,Cacatua moluccensis,
DeePaC-vir,Caenorhabditis elegans,1.0,Other invertebrates,Caenorhabditis elegans,species,Invertebrates,host_data,Caenorhabditis elegans,
DeePaC-vir,Caladenia latifolia,1.0,Plants,Caladenia latifolia,species,Plants,host_data,Caladenia latifolia,
DeePaC-vir,Calidris fuscicollis,1.0,Birds,Calidris fuscicollis,species,Non-mammalian vertebrates,host_data,Calidris fuscicollis,
DeePaC-vir,Callinectes ornatus,1.0,Other invertebrates,Callinectes ornatus,species,Invertebrates,host_data,Callinectes ornatus,
DeePaC-vir,Callistephus chinensis,1.0,Plants,Callistephus chinensis,species,Plants,host_data,Callistephus chinensis,
DeePaC-vir,Callosciurus erythraeus,1.0,Other mammals,Callosciurus erythraeus,species,Mammals,host_data,Callosciurus erythraeus,
DeePaC-vir,Calomys callosus,1.0,Rodents,Calomys callosus,species,Mammals,host_data,Calomys callosus,
DeePaC-vir,Calomys laucha,1.0,Rodents,Calomys laucha,species,Mammals,host_data,Calomys laucha,
DeePaC-vir,Camellia oleifera,1.0,Plants,Camellia oleifera,species,Plants,host_data,Camellia oleifera,
DeePaC-vir,Camelus bactrianus,1.0,Ungulates,Camelus bactrianus,species,Mammals,host_data,Camelus bactrianus,
DeePaC-vir,Camponotus japonicus,1.0,Insects,Camponotus japonicus,species,Invertebrates,host_data,Camponotus japonicus,
DeePaC-vir,Camponotus nipponicus,1.0,Insects,Camponotus nipponicus,species,Invertebrates,host_data,Camponotus nipponicus,
DeePaC-vir,Canis lupus,1.0,Carnivores,Canis lupus,species,Mammals,host_data,Canis lupus,
DeePaC-vir,Cannabis sativa,1.0,Plants,Cannabis sativa,species,Plants,host_data,Cannabis sativa,
DeePaC-vir,Capitulum mitella,1.0,Other invertebrates,Capitulum mitella,species,Invertebrates,host_data,Capitulum mitella,
DeePaC-vir,Capraria biflora,1.0,Plants,Capraria biflora,species,Plants,host_data,Capraria biflora,
DeePaC-vir,Capsella bursa-pastoris,1.0,Plants,Capsella bursa-pastoris,species,Plants,host_data,Capsella bursa-pastoris,
DeePaC-vir,Capsicum annuum var. glabriusculum,1.0,Plants,Capsicum annuum,species,Plants,host_data,Capsicum annuum,
DeePaC-vir,Carassius auratus,1.0,Fish,Carassius auratus,species,Non-mammalian vertebrates,host_data,Carassius auratus,
DeePaC-vir,Caretta caretta,1.0,Reptiles,Caretta caretta,species,Non-mammalian vertebrates,host_data,Caretta caretta,
DeePaC-vir,Carios pusillus,1.0,Arachnids,Carios pusillus,species,Invertebrates,host_data,Carios pusillus,
DeePaC-vir,Carnegiea gigantea,1.0,Plants,Carnegiea gigantea,species,Plants,host_data,Carnegiea gigantea,
DeePaC-vir,Carya illinoinensis,1.0,Plants,Carya illinoinensis,species,Plants,host_data,Carya illinoinensis,
DeePaC-vir,Castor canadensis,1.0,Other mammals,Castor canadensis,species,Mammals,host_data,Castor canadensis,
DeePaC-vir,Catopsilia pomona,1.0,Insects,Catopsilia pomona,species,Invertebrates,host_data,Catopsilia pomona,
DeePaC-vir,Catostomus commersonii,1.0,Fish,Catostomus commersonii,species,Non-mammalian vertebrates,host_data,Catostomus commersonii,
DeePaC-vir,Cebus albifrons,1.0,Other mammals,Cebus albifrons,species,Mammals,host_data,Cebus albifrons,
DeePaC-vir,Centropristis striata,1.0,Fish,Centropristis striata,species,Non-mammalian vertebrates,host_data,Centropristis striata,
DeePaC-vir,Centrosema brasilianum,1.0,Plants,Centrosema brasilianum,species,Plants,host_data,Centrosema brasilianum,
DeePaC-vir,Ceratobasidium cereale,1.0,Fungi,Ceratobasidium cereale,species,Fungi,host_data,Ceratobasidium cereale,
DeePaC-vir,Ceratorhiza oryzae-sativae,1.0,Fungi,Ceratorhiza oryzae-sativae,species,Fungi,host_data,Ceratorhiza oryzae-sativae,
DeePaC-vir,Cercis canadensis,1.0,Plants,Cercis canadensis,species,Plants,host_data,Cercis canadensis,
DeePaC-vir,Cercocebus torquatus,1.0,Non-human primates,Cercocebus torquatus,species,Mammals,host_data,Cercocebus torquatus,
DeePaC-vir,Cercopithecus ascanius,1.0,Non-human primates,Cercopithecus ascanius,species,Mammals,host_data,Cercopithecus ascanius,
DeePaC-vir,Cercopithecus erythrotis,1.0,Other mammals,Cercopithecus erythrotis,species,Mammals,host_data,Cercopithecus erythrotis,
DeePaC-vir,Cercopithecus mitis,1.0,Non-human primates,Cercopithecus mitis,species,Mammals,host_data,Cercopithecus mitis,
DeePaC-vir,Cercopithecus mona,1.0,Non-human primates,Cercopithecus mona,species,Mammals,host_data,Cercopithecus mona,
DeePaC-vir,Cercopithecus neglectus,1.0,Non-human primates,Cercopithecus neglectus,species,Mammals,host_data,Cercopithecus neglectus,
DeePaC-vir,Cestrum parqui,1.0,Plants,Cestrum parqui,species,Plants,host_data,Cestrum parqui,
DeePaC-vir,Chaerephon plicatus,1.0,Bats,Chaerephon plicatus,species,Mammals,host_data,Chaerephon plicatus,
DeePaC-vir,Chaetoceros lorenzianus,1.0,Algae,Chaetoceros lorenzianus,species,Algae,host_data,Chaetoceros lorenzianus,
DeePaC-vir,Chaetocoelopa sydneyensis,1.0,Insects,Chaetocoelopa sydneyensis,species,Invertebrates,host_data,Chaetocoelopa sydneyensis,
DeePaC-vir,Channa argus x Channa maculata,1.0,Fish,Channa argus x Channa maculata,species,Non-mammalian vertebrates,host_data,Channa argus x Channa maculata,
DeePaC-vir,Chaoborus trivitattus,1.0,Insects,Chaoborus trivitattus,species,Invertebrates,host_data,Chaoborus trivitattus,
DeePaC-vir,Charybdis japonica,1.0,Other invertebrates,Charybdis japonica,species,Invertebrates,host_data,Charybdis japonica,
DeePaC-vir,Chenopodiastrum murale,1.0,Plants,Chenopodiastrum murale,species,Plants,host_data,Chenopodiastrum murale,
DeePaC-vir,Chlorocebus sabaeus,1.0,Non-human primates,Chlorocebus sabaeus,species,Mammals,host_data,Chlorocebus sabaeus,
DeePaC-vir,Choloepus didactylus,1.0,Other/unresolved mammals,Choloepus didactylus,species,Mammals,host_data,Choloepus didactylus,
DeePaC-vir,Chondrostereum purpureum,1.0,Fungi,Chondrostereum purpureum,species,Fungi,host_data,Chondrostereum purpureum,
DeePaC-vir,Chrysomya megacephala,1.0,Insects,Chrysomya megacephala,species,Invertebrates,host_data,Chrysomya megacephala,
DeePaC-vir,Ciconia ciconia,1.0,Birds,Ciconia ciconia,species,Non-mammalian vertebrates,host_data,Ciconia ciconia,
DeePaC-vir,Cimex hemipterus,1.0,Insects,Cimex hemipterus,species,Invertebrates,host_data,Cimex hemipterus,
DeePaC-vir,Circus aeruginosus,1.0,Birds,Circus aeruginosus,species,Non-mammalian vertebrates,host_data,Circus aeruginosus,
DeePaC-vir,Citrus reticulata x Citrus sinensis,1.0,Plants,Citrus reticulata x Citrus sinensis,species,Plants,host_data,Citrus reticulata x Citrus sinensis,
DeePaC-vir,Citrus volkameriana,1.0,Plants,Citrus volkameriana,species,Plants,host_data,Citrus volkameriana,
DeePaC-vir,Civettictis civetta,1.0,Carnivores,Civettictis civetta,species,Mammals,host_data,Civettictis civetta,
DeePaC-vir,Cladosporium cladosporioides,1.0,Fungi,Cladosporium cladosporioides,species,Fungi,host_data,Cladosporium cladosporioides,
DeePaC-vir,Clanis bilineata,1.0,Insects,Clanis bilineata,species,Invertebrates,host_data,Clanis bilineata,
DeePaC-vir,Cleome affinis,1.0,Plants,Cleome affinis,species,Plants,host_data,Cleome affinis,
DeePaC-vir,Clerodendrum cyrtophyllum,1.0,Plants,Clerodendrum cyrtophyllum,species,Plants,host_data,Clerodendrum cyrtophyllum,
DeePaC-vir,Clitocybe odora,1.0,Fungi,Clitocybe odora,species,Fungi,host_data,Clitocybe odora,
DeePaC-vir,Clitoria ternatea,1.0,Plants,Clitoria ternatea,species,Plants,host_data,Clitoria ternatea,
DeePaC-vir,Clostera anachoreta,1.0,Insects,Clostera anachoreta,species,Invertebrates,host_data,Clostera anachoreta,
DeePaC-vir,Cnidoscolus urens,1.0,Plants,Cnidoscolus urens,species,Plants,host_data,Cnidoscolus urens,
DeePaC-vir,Coleura afra,1.0,Bats,Coleura afra,species,Mammals,host_data,Coleura afra,
DeePaC-vir,Colletotrichum fructicola,1.0,Fungi,Colletotrichum fructicola,species,Fungi,host_data,Colletotrichum fructicola,
DeePaC-vir,Colletotrichum higginsianum,1.0,Fungi,Colletotrichum higginsianum,species,Fungi,host_data,Colletotrichum higginsianum,
DeePaC-vir,Conepatus leuconotus,1.0,Other mammals,Conepatus leuconotus,species,Mammals,host_data,Conepatus leuconotus,
DeePaC-vir,Copsychus saularis,1.0,Birds,Copsychus saularis,species,Non-mammalian vertebrates,host_data,Copsychus saularis,
DeePaC-vir,Coquillettidia albicosta,1.0,Insects,Coquillettidia albicosta,species,Invertebrates,host_data,Coquillettidia albicosta,
DeePaC-vir,Corallus annulatus,1.0,Reptiles,Corallus annulatus,species,Non-mammalian vertebrates,host_data,Corallus annulatus,
DeePaC-vir,Corchorus olitorius,1.0,Plants,Corchorus olitorius,species,Plants,host_data,Corchorus olitorius,
DeePaC-vir,Corchorus siliquosus,1.0,Plants,Corchorus siliquosus,species,Plants,host_data,Corchorus siliquosus,
DeePaC-vir,Cordyceps javanica,1.0,Fungi,Cordyceps javanica,species,Fungi,host_data,Cordyceps javanica,
DeePaC-vir,Cordyline fruticosa,1.0,Plants,Cordyline fruticosa,species,Plants,host_data,Cordyline fruticosa,
DeePaC-vir,Corvus coronoides,1.0,Birds,Corvus coronoides,species,Non-mammalian vertebrates,host_data,Corvus coronoides,
DeePaC-vir,Corynorhinus rafinesquii,1.0,Other mammals,Corynorhinus rafinesquii,species,Mammals,host_data,Corynorhinus rafinesquii,
DeePaC-vir,Coturnix coturnix,1.0,Birds,Coturnix coturnix,species,Non-mammalian vertebrates,host_data,Coturnix coturnix,
DeePaC-vir,Cracticus torquatus,1.0,Birds,Cracticus torquatus,species,Non-mammalian vertebrates,host_data,Cracticus torquatus,
DeePaC-vir,Cricetomys emini,1.0,Rodents,Cricetomys emini,species,Mammals,host_data,Cricetomys emini,
DeePaC-vir,Cricetulus longicaudatus,1.0,Rodents,Cricetulus longicaudatus,species,Mammals,host_data,Cricetulus longicaudatus,
DeePaC-vir,Crocidura douceti,1.0,Other/unresolved mammals,Crocidura douceti,species,Mammals,host_data,Crocidura douceti,
DeePaC-vir,Crocidura lasiura,1.0,Other mammals,Crocidura lasiura,species,Mammals,host_data,Crocidura lasiura,
DeePaC-vir,Crocidura olivieri,1.0,Other mammals,Crocidura olivieri,species,Mammals,host_data,Crocidura olivieri,
DeePaC-vir,Crocidura shantungensis,1.0,Other/unresolved mammals,Crocidura shantungensis,species,Mammals,host_data,Crocidura shantungensis,
DeePaC-vir,Crocus sativus,1.0,Plants,Crocus sativus,species,Plants,host_data,Crocus sativus,
DeePaC-vir,Crotalaria juncea,1.0,Plants,Crotalaria juncea,species,Plants,host_data,Crotalaria juncea,
DeePaC-vir,Crotalus lepidus,1.0,Reptiles,Crotalus lepidus,species,Non-mammalian vertebrates,host_data,Crotalus lepidus,
DeePaC-vir,Croton glandulosus,1.0,Plants,Croton glandulosus,species,Plants,host_data,Croton glandulosus,
DeePaC-vir,Cryphonectria nitschkei,1.0,Fungi,Cryphonectria nitschkei,species,Fungi,host_data,Cryphonectria nitschkei,
DeePaC-vir,Ctenocephalides felis,1.0,Insects,Ctenocephalides felis,species,Invertebrates,host_data,Ctenocephalides felis,
DeePaC-vir,Cucumis melo var. flexuosus,1.0,Plants,Cucumis melo,species,Plants,host_data,Cucumis melo,
DeePaC-vir,Cucurbita pepo,1.0,Plants,Cucurbita pepo,species,Plants,host_data,Cucurbita pepo,
DeePaC-vir,Cucurbita pepo var. melopepo,1.0,Plants,Cucurbita pepo,species,Plants,host_data,Cucurbita pepo,
DeePaC-vir,Culex annulioris,1.0,Insects,Culex annulioris,species,Invertebrates,host_data,Culex annulioris,
DeePaC-vir,Culex chidesteri,1.0,Insects,Culex chidesteri,species,Invertebrates,host_data,Culex chidesteri,
DeePaC-vir,Culex dunni,1.0,Insects,Culex dunni,species,Invertebrates,host_data,Culex dunni,
DeePaC-vir,Culex edwardsi,1.0,Insects,Culex edwardsi,species,Invertebrates,host_data,Culex edwardsi,
DeePaC-vir,Culex modestus,1.0,Insects,Culex modestus,species,Invertebrates,host_data,Culex modestus,
DeePaC-vir,Culex nigripalpus,1.0,Insects,Culex nigripalpus,species,Invertebrates,host_data,Culex nigripalpus,
DeePaC-vir,Culex pipiens pallens,1.0,Insects,Culex pipiens,species,Invertebrates,host_data,Culex pipiens,
DeePaC-vir,Culex pipiens pipiens,1.0,Insects,Culex pipiens,species,Invertebrates,host_data,Culex pipiens,
DeePaC-vir,Culex simpliciforceps,1.0,Insects,Culex simpliciforceps,species,Invertebrates,host_data,Culex simpliciforceps,
DeePaC-vir,Culex spissipes,1.0,Insects,Culex spissipes,species,Invertebrates,host_data,Culex spissipes,
DeePaC-vir,Culicoides punctatus,1.0,Insects,Culicoides punctatus,species,Invertebrates,host_data,Culicoides punctatus,
DeePaC-vir,Curvularia protuberata,1.0,Fungi,Curvularia protuberata,species,Fungi,host_data,Curvularia protuberata,
DeePaC-vir,Cyamopsis tetragonoloba,1.0,Plants,Cyamopsis tetragonoloba,species,Plants,host_data,Cyamopsis tetragonoloba,
DeePaC-vir,Cycas revoluta,1.0,Plants,Cycas revoluta,species,Plants,host_data,Cycas revoluta,
DeePaC-vir,Cyclopterus lumpus,1.0,Fish,Cyclopterus lumpus,species,Non-mammalian vertebrates,host_data,Cyclopterus lumpus,
DeePaC-vir,Cydia pomonella,1.0,Insects,Cydia pomonella,species,Invertebrates,host_data,Cydia pomonella,
DeePaC-vir,Cymbidium goeringii,1.0,Plants,Cymbidium goeringii,species,Plants,host_data,Cymbidium goeringii,
DeePaC-vir,Cymbidium hybrid cultivar,1.0,Plants,Cymbidium hybrid,species,Plants,host_data,Cymbidium hybrid,
DeePaC-vir,Cyrtanthus elatus,1.0,Plants,Cyrtanthus elatus,species,Plants,host_data,Cyrtanthus elatus,
DeePaC-vir,Cyrtomium falcatum,1.0,Plants,Cyrtomium falcatum,species,Plants,host_data,Cyrtomium falcatum,
DeePaC-vir,Cytospora ceratosperma,1.0,Fungi,Cytospora ceratosperma,species,Fungi,host_data,Cytospora ceratosperma,
DeePaC-vir,Dahlia pinnata,1.0,Plants,Dahlia pinnata,species,Plants,host_data,Dahlia pinnata,
DeePaC-vir,Dama dama,1.0,Ungulates,Dama dama,species,Mammals,host_data,Dama dama,
DeePaC-vir,Damaliscus lunatus jimela,1.0,Other mammals,Damaliscus lunatus,species,Mammals,host_data,Damaliscus lunatus,
DeePaC-vir,Danaus plexippus plexippus,1.0,Insects,Danaus plexippus,species,Invertebrates,host_data,Danaus plexippus,
DeePaC-vir,Daphne mezereum,1.0,Plants,Daphne mezereum,species,Plants,host_data,Daphne mezereum,
DeePaC-vir,Daphnis nerii,1.0,Insects,Daphnis nerii,species,Invertebrates,host_data,Daphnis nerii,
DeePaC-vir,Daucus carota subsp. carota,1.0,Plants,Daucus carota,species,Plants,host_data,Daucus carota,
DeePaC-vir,Deinbollia borbonica,1.0,Plants,Deinbollia borbonica,species,Plants,host_data,Deinbollia borbonica,
DeePaC-vir,Delisea pulchra,1.0,Algae,Delisea pulchra,species,Algae,host_data,Delisea pulchra,
DeePaC-vir,Delphinapterus leucas,1.0,Ungulates,Delphinapterus leucas,species,Mammals,host_data,Delphinapterus leucas,
DeePaC-vir,Desmodium glabrum,1.0,Plants,Desmodium glabrum,species,Plants,host_data,Desmodium glabrum,
DeePaC-vir,Diachasmimorpha longicaudata,1.0,Insects,Diachasmimorpha longicaudata,species,Invertebrates,host_data,Diachasmimorpha longicaudata,
DeePaC-vir,Diadromus pulchellus,1.0,Insects,Diadromus pulchellus,species,Invertebrates,host_data,Diadromus pulchellus,
DeePaC-vir,Dianthus chinensis,1.0,Plants,Dianthus chinensis,species,Plants,host_data,Dianthus chinensis,
DeePaC-vir,Digitaria ciliaris,1.0,Plants,Digitaria ciliaris,species,Plants,host_data,Digitaria ciliaris,
DeePaC-vir,Digitaria didactyla,1.0,Plants,Digitaria didactyla,species,Plants,host_data,Digitaria didactyla,
DeePaC-vir,Digitaria sanguinalis,1.0,Plants,Digitaria sanguinalis,species,Plants,host_data,Digitaria sanguinalis,
DeePaC-vir,Dimocarpus longan,1.0,Plants,Dimocarpus longan,species,Plants,host_data,Dimocarpus longan,
DeePaC-vir,Dinocampus coccinellae,1.0,Insects,Dinocampus coccinellae,species,Invertebrates,host_data,Dinocampus coccinellae,
DeePaC-vir,Dioscorea alata,1.0,Plants,Dioscorea alata,species,Plants,host_data,Dioscorea alata,
DeePaC-vir,Dioscorea communis,1.0,Plants,Dioscorea communis,species,Plants,host_data,Dioscorea communis,
DeePaC-vir,Dioscorea japonica,1.0,Plants,Dioscorea japonica,species,Plants,host_data,Dioscorea japonica,
DeePaC-vir,Dioscorea parviflora,1.0,Plants,Dioscorea parviflora,species,Plants,host_data,Dioscorea parviflora,
DeePaC-vir,Diospyros virginiana,1.0,Plants,Diospyros virginiana,species,Plants,host_data,Diospyros virginiana,
DeePaC-vir,Diplacodes bipunctata,1.0,Insects,Diplacodes bipunctata,species,Invertebrates,host_data,Diplacodes bipunctata,
DeePaC-vir,Diplodia scrobiculata,1.0,Fungi,Diplodia scrobiculata,species,Fungi,host_data,Diplodia scrobiculata,
DeePaC-vir,Diplotaxis erucoides,1.0,Plants,Diplotaxis erucoides,species,Plants,host_data,Diplotaxis erucoides,
DeePaC-vir,Diuris longifolia,1.0,Plants,Diuris longifolia,species,Plants,host_data,Diuris longifolia,
DeePaC-vir,Drosophila affinis,1.0,Insects,Drosophila affinis,species,Invertebrates,host_data,Drosophila affinis,
DeePaC-vir,Drosophila ananassae,1.0,Insects,Drosophila ananassae,species,Invertebrates,host_data,Drosophila ananassae,
DeePaC-vir,Drosophila immigrans,1.0,Insects,Drosophila immigrans,species,Invertebrates,host_data,Drosophila immigrans,
DeePaC-vir,Drosophila obscura,1.0,Insects,Drosophila obscura,species,Invertebrates,host_data,Drosophila obscura,
DeePaC-vir,Drosophila subobscura,1.0,Insects,Drosophila subobscura,species,Invertebrates,host_data,Drosophila subobscura,
DeePaC-vir,Dysphania ambrosioides,1.0,Plants,Dysphania ambrosioides,species,Plants,host_data,Dysphania ambrosioides,
DeePaC-vir,Eclipta prostrata,1.0,Plants,Eclipta prostrata,species,Plants,host_data,Eclipta prostrata,
DeePaC-vir,Eimeria tenella,1.0,Protists & oomycetes,Eimeria tenella,species,Protists & oomycetes,host_data,Eimeria tenella,
DeePaC-vir,Elaeis guineensis,1.0,Plants,Elaeis guineensis,species,Plants,host_data,Elaeis guineensis,
DeePaC-vir,Eleocharis dulcis,1.0,Plants,Eleocharis dulcis,species,Plants,host_data,Eleocharis dulcis,
DeePaC-vir,Eliurus majori,1.0,Rodents,Eliurus majori,species,Mammals,host_data,Eliurus majori,
DeePaC-vir,Endoconidiophora polonica,1.0,Fungi,Endoconidiophora polonica,species,Fungi,host_data,Endoconidiophora polonica,
DeePaC-vir,Endoconidiophora resinifera,1.0,Fungi,Endoconidiophora resinifera,species,Fungi,host_data,Endoconidiophora resinifera,
DeePaC-vir,Enhydra lutris kenyoni,1.0,Other mammals,Enhydra lutris,species,Mammals,host_data,Enhydra lutris,
DeePaC-vir,Enhydra lutris nereis,1.0,Other mammals,Enhydra lutris,species,Mammals,host_data,Enhydra lutris,
DeePaC-vir,Eothenomys eleusis,1.0,Rodents,Eothenomys eleusis,species,Mammals,host_data,Eothenomys eleusis,
DeePaC-vir,Eothenomys miletus,1.0,Rodents,Eothenomys miletus,species,Mammals,host_data,Eothenomys miletus,
DeePaC-vir,Epichloe festucae,1.0,Fungi,Epichloe festucae,species,Fungi,host_data,Epichloe festucae,
DeePaC-vir,Epirrita autumnata,1.0,Insects,Epirrita autumnata,species,Invertebrates,host_data,Epirrita autumnata,
DeePaC-vir,Eragrostis minor,1.0,Plants,Eragrostis minor,species,Plants,host_data,Eragrostis minor,
DeePaC-vir,Eretmapodites leucopous,1.0,Insects,Eretmapodites leucopous,species,Invertebrates,host_data,Eretmapodites leucopous,
DeePaC-vir,Erinaceus roumanicus,1.0,Other/unresolved mammals,Erinaceus roumanicus,species,Mammals,host_data,Erinaceus roumanicus,
DeePaC-vir,Erinnyis ello,1.0,Insects,Erinnyis ello,species,Invertebrates,host_data,Erinnyis ello,
DeePaC-vir,Erysiphe palczewskii,1.0,Fungi,Erysiphe palczewskii,species,Fungi,host_data,Erysiphe palczewskii,
DeePaC-vir,Esox lucius,1.0,Fish,Esox lucius,species,Non-mammalian vertebrates,host_data,Esox lucius,
DeePaC-vir,Estrilda troglodytes,1.0,Birds,Estrilda troglodytes,species,Non-mammalian vertebrates,host_data,Estrilda troglodytes,
DeePaC-vir,Etheostoma fonticola,1.0,Fish,Etheostoma fonticola,species,Non-mammalian vertebrates,host_data,Etheostoma fonticola,
DeePaC-vir,Eucampsipoda africana,1.0,Insects,Eucampsipoda africana,species,Invertebrates,host_data,Eucampsipoda africana,
DeePaC-vir,Eucharis x grandiflora,1.0,Plants,Eucharis x grandiflora,species,Plants,host_data,Eucharis x grandiflora,
DeePaC-vir,Eudromia elegans,1.0,Birds,Eudromia elegans,species,Non-mammalian vertebrates,host_data,Eudromia elegans,
DeePaC-vir,Euonymus maackii,1.0,Plants,Euonymus maackii,species,Plants,host_data,Euonymus maackii,
DeePaC-vir,Euphorbia caput-medusae,1.0,Plants,Euphorbia caput-medusae,species,Plants,host_data,Euphorbia caput-medusae,
DeePaC-vir,Euproctis pseudoconspersa,1.0,Insects,Euproctis pseudoconspersa,species,Invertebrates,host_data,Euproctis pseudoconspersa,
DeePaC-vir,Euscelidius variegatus,1.0,Insects,Euscelidius variegatus,species,Invertebrates,host_data,Euscelidius variegatus,
DeePaC-vir,Eutrema japonicum,1.0,Plants,Eutrema japonicum,species,Plants,host_data,Eutrema japonicum,
DeePaC-vir,Falco tinnunculus,1.0,Birds,Falco tinnunculus,species,Non-mammalian vertebrates,host_data,Falco tinnunculus,
DeePaC-vir,Falco vespertinus,1.0,Birds,Falco vespertinus,species,Non-mammalian vertebrates,host_data,Falco vespertinus,
DeePaC-vir,Fallopia dumetorum,1.0,Plants,Fallopia dumetorum,species,Plants,host_data,Fallopia dumetorum,
DeePaC-vir,Flammulina velutipes,1.0,Fungi,Flammulina velutipes,species,Fungi,host_data,Flammulina velutipes,
DeePaC-vir,Formicarius analis,1.0,Birds,Formicarius analis,species,Non-mammalian vertebrates,host_data,Formicarius analis,
DeePaC-vir,Fusarium asiaticum,1.0,Fungi,Fusarium asiaticum,species,Fungi,host_data,Fusarium asiaticum,
DeePaC-vir,Fusarium coeruleum,1.0,Fungi,Fusarium coeruleum,species,Fungi,host_data,Fusarium coeruleum,
DeePaC-vir,Fusarium globosum,1.0,Fungi,Fusarium globosum,species,Fungi,host_data,Fusarium globosum,
DeePaC-vir,Fusarium langsethiae,1.0,Fungi,Fusarium langsethiae,species,Fungi,host_data,Fusarium langsethiae,
DeePaC-vir,Fusarium oxysporum f. sp. dianthi,1.0,Fungi,Fusarium oxysporum,species,Fungi,host_data,Fusarium oxysporum,
DeePaC-vir,Fusarium solani f. robiniae,1.0,Fungi,Fusarium solani,species,Fungi,host_data,Fusarium solani,
DeePaC-vir,Gadus morhua,1.0,Fish,Gadus morhua,species,Non-mammalian vertebrates,host_data,Gadus morhua,
DeePaC-vir,Gallinago gallinago,1.0,Birds,Gallinago gallinago,species,Non-mammalian vertebrates,host_data,Gallinago gallinago,
DeePaC-vir,Gallinula chloropus,1.0,Birds,Gallinula chloropus,species,Non-mammalian vertebrates,host_data,Gallinula chloropus,
DeePaC-vir,Garrulus glandarius,1.0,Birds,Garrulus glandarius,species,Non-mammalian vertebrates,host_data,Garrulus glandarius,
DeePaC-vir,Gerbilliscus kempi,1.0,Other mammals,Gerbilliscus kempi,species,Mammals,host_data,Gerbilliscus kempi,
DeePaC-vir,Girardia tigrina,1.0,Other invertebrates,Girardia tigrina,species,Invertebrates,host_data,Girardia tigrina,
DeePaC-vir,Golovinomyces cichoracearum,1.0,Fungi,Golovinomyces cichoracearum,species,Fungi,host_data,Golovinomyces cichoracearum,
DeePaC-vir,Gonimbrasia cytherea,1.0,Insects,Gonimbrasia cytherea,species,Invertebrates,host_data,Gonimbrasia cytherea,
DeePaC-vir,Graminella nigrifrons,1.0,Insects,Graminella nigrifrons,species,Invertebrates,host_data,Graminella nigrifrons,
DeePaC-vir,Grammomys sp.,1.0,Rodents,Grammomys sp.,species,Mammals,host_data,Grammomys sp.,
DeePaC-vir,Gymnanthemum amygdalinum,1.0,Plants,Gymnanthemum amygdalinum,species,Plants,host_data,Gymnanthemum amygdalinum,
DeePaC-vir,Gymnocalycium mihanovichii,1.0,Plants,Gymnocalycium mihanovichii,species,Plants,host_data,Gymnocalycium mihanovichii,
DeePaC-vir,Haemaphysalis flava,1.0,Arachnids,Haemaphysalis flava,species,Invertebrates,host_data,Haemaphysalis flava,
DeePaC-vir,Haliotis discus,1.0,Other invertebrates,Haliotis discus,species,Invertebrates,host_data,Haliotis discus,
DeePaC-vir,Haliotis diversicolor aquatilis,1.0,Other invertebrates,Haliotis diversicolor,species,Invertebrates,host_data,Haliotis diversicolor,
DeePaC-vir,Halyomorpha halys,1.0,Insects,Halyomorpha halys,species,Invertebrates,host_data,Halyomorpha halys,
DeePaC-vir,Hedyotis uncinella,1.0,Plants,Hedyotis uncinella,species,Plants,host_data,Hedyotis uncinella,
DeePaC-vir,Heliconius erato,1.0,Insects,Heliconius erato,species,Invertebrates,host_data,Heliconius erato,
DeePaC-vir,Helleborus x hybridus,1.0,Plants,Helleborus x hybridus,species,Plants,host_data,Helleborus x hybridus,
DeePaC-vir,Heloderma horridum,1.0,Reptiles,Heloderma horridum,species,Non-mammalian vertebrates,host_data,Heloderma horridum,
DeePaC-vir,Hemidesmus indicus,1.0,Plants,Hemidesmus indicus,species,Plants,host_data,Hemidesmus indicus,
DeePaC-vir,Heracleum sphondylium,1.0,Plants,Heracleum sphondylium,species,Plants,host_data,Heracleum sphondylium,
DeePaC-vir,Heterobasidion abietinum,1.0,Fungi,Heterobasidion abietinum,species,Fungi,host_data,Heterobasidion abietinum,
DeePaC-vir,Heterobasidion ecrustosum,1.0,Fungi,Heterobasidion ecrustosum,species,Fungi,host_data,Heterobasidion ecrustosum,
DeePaC-vir,Heterobasidion irregulare,1.0,Fungi,Heterobasidion irregulare,species,Fungi,host_data,Heterobasidion irregulare,
DeePaC-vir,Heteronychus arator,1.0,Insects,Heteronychus arator,species,Invertebrates,host_data,Heteronychus arator,
DeePaC-vir,Hexura picea,1.0,Arachnids,Hexura picea,species,Invertebrates,host_data,Hexura picea,
DeePaC-vir,Hibiscus rosa-sinensis,1.0,Plants,Hibiscus rosa-sinensis,species,Plants,host_data,Hibiscus rosa-sinensis,
DeePaC-vir,Hipposideros cf. ruber,1.0,Other mammals,Hipposideros cf. ruber,species,Mammals,host_data,Hipposideros cf. ruber,
DeePaC-vir,Hipposideros pratti,1.0,Bats,Hipposideros pratti,species,Mammals,host_data,Hipposideros pratti,
DeePaC-vir,Hoya wayetii,1.0,Plants,Hoya wayetii,species,Plants,host_data,Hoya wayetii,
DeePaC-vir,Humulus japonicus,1.0,Plants,Humulus japonicus,species,Plants,host_data,Humulus japonicus,
DeePaC-vir,Hyacinthus orientalis,1.0,Plants,Hyacinthus orientalis,species,Plants,host_data,Hyacinthus orientalis,
DeePaC-vir,Hyalomma anatolicum,1.0,Arachnids,Hyalomma anatolicum,species,Invertebrates,host_data,Hyalomma anatolicum,
DeePaC-vir,Hyalomma dromedarii,1.0,Arachnids,Hyalomma dromedarii,species,Invertebrates,host_data,Hyalomma dromedarii,
DeePaC-vir,Hydrangea macrophylla,1.0,Plants,Hydrangea macrophylla,species,Plants,host_data,Hydrangea macrophylla,
DeePaC-vir,Hylocereus undatus,1.0,Plants,Hylocereus undatus,species,Plants,host_data,Hylocereus undatus,
DeePaC-vir,Hylomyscus simus,1.0,Rodents,Hylomyscus simus,species,Mammals,host_data,Hylomyscus simus,
DeePaC-vir,Hyptiotes gertschi,1.0,Arachnids,Hyptiotes gertschi,species,Invertebrates,host_data,Hyptiotes gertschi,
DeePaC-vir,Ia io,1.0,Other mammals,Ia io,species,Mammals,host_data,Ia io,
DeePaC-vir,Impatiens walleriana,1.0,Plants,Impatiens walleriana,species,Plants,host_data,Impatiens walleriana,
DeePaC-vir,Imperata cylindrica,1.0,Plants,Imperata cylindrica,species,Plants,host_data,Imperata cylindrica,
DeePaC-vir,Indotestudo forstenii,1.0,Reptiles,Indotestudo forstenii,species,Non-mammalian vertebrates,host_data,Indotestudo forstenii,
DeePaC-vir,Indri indri,1.0,Non-human primates,Indri indri,species,Mammals,host_data,Indri indri,
DeePaC-vir,Ipomoea indica,1.0,Plants,Ipomoea indica,species,Plants,host_data,Ipomoea indica,
DeePaC-vir,Ipomoea setosa,1.0,Plants,Ipomoea setosa,species,Plants,host_data,Ipomoea setosa,
DeePaC-vir,Iris ensata,1.0,Plants,Iris ensata,species,Plants,host_data,Iris ensata,
DeePaC-vir,Isoodon obesulus,1.0,Other mammals,Isoodon obesulus,species,Mammals,host_data,Isoodon obesulus,
DeePaC-vir,Ixodes lividus,1.0,Arachnids,Ixodes lividus,species,Invertebrates,host_data,Ixodes lividus,
DeePaC-vir,Jasminum sambac,1.0,Plants,Jasminum sambac,species,Plants,host_data,Jasminum sambac,
DeePaC-vir,Jatropha gossypiifolia,1.0,Plants,Jatropha gossypiifolia,species,Plants,host_data,Jatropha gossypiifolia,
DeePaC-vir,Jatropha multifida,1.0,Plants,Jatropha multifida,species,Plants,host_data,Jatropha multifida,
DeePaC-vir,Labidocera aestiva,1.0,Other invertebrates,Labidocera aestiva,species,Invertebrates,host_data,Labidocera aestiva,
DeePaC-vir,Lagenorhynchus acutus,1.0,Other mammals,Lagenorhynchus acutus,species,Mammals,host_data,Lagenorhynchus acutus,
DeePaC-vir,Lagenorhynchus albirostris,1.0,Other mammals,Lagenorhynchus albirostris,species,Mammals,host_data,Lagenorhynchus albirostris,
DeePaC-vir,Lagothrix lagotricha,1.0,Other mammals,Lagothrix lagotricha,species,Mammals,host_data,Lagothrix lagotricha,
DeePaC-vir,Lambdina fiscellaria,1.0,Insects,Lambdina fiscellaria,species,Invertebrates,host_data,Lambdina fiscellaria,
DeePaC-vir,Lamium album,1.0,Plants,Lamium album,species,Plants,host_data,Lamium album,
DeePaC-vir,Lamium maculatum,1.0,Plants,Lamium maculatum,species,Plants,host_data,Lamium maculatum,
DeePaC-vir,Larus argentatus,1.0,Birds,Larus argentatus,species,Non-mammalian vertebrates,host_data,Larus argentatus,
DeePaC-vir,Leishmania aethiopica,1.0,Protists & oomycetes,Leishmania aethiopica,species,Protists & oomycetes,host_data,Leishmania aethiopica,
DeePaC-vir,Lens culinaris,1.0,Plants,Lens culinaris,species,Plants,host_data,Lens culinaris,
DeePaC-vir,Leonurus sibiricus,1.0,Plants,Leonurus sibiricus,species,Plants,host_data,Leonurus sibiricus,
DeePaC-vir,Leptosphaeria biglobosa,1.0,Fungi,Leptosphaeria biglobosa,species,Fungi,host_data,Leptosphaeria biglobosa,
DeePaC-vir,Lespedeza procumbens,1.0,Plants,Lespedeza procumbens,species,Plants,host_data,Lespedeza procumbens,
DeePaC-vir,Liatris spicata,1.0,Plants,Liatris spicata,species,Plants,host_data,Liatris spicata,
DeePaC-vir,Ligustrum obtusifolium,1.0,Plants,Ligustrum obtusifolium,species,Plants,host_data,Ligustrum obtusifolium,
DeePaC-vir,Lilium formosanum,1.0,Plants,Lilium formosanum,species,Plants,host_data,Lilium formosanum,
DeePaC-vir,Lilium sp.,1.0,Plants,Lilium sp.,species,Plants,host_data,Lilium sp.,
DeePaC-vir,Linepithema humile,1.0,Insects,Linepithema humile,species,Invertebrates,host_data,Linepithema humile,
DeePaC-vir,Lolium perenne,1.0,Plants,Lolium perenne,species,Plants,host_data,Lolium perenne,
DeePaC-vir,Lonchura striata,1.0,Birds,Lonchura striata,species,Non-mammalian vertebrates,host_data,Lonchura striata,
DeePaC-vir,Lophuromys sikapusi,1.0,Rodents,Lophuromys sikapusi,species,Mammals,host_data,Lophuromys sikapusi,
DeePaC-vir,Loxodonta africana,1.0,Other mammals,Loxodonta africana,species,Mammals,host_data,Loxodonta africana,
DeePaC-vir,Luffa acutangula,1.0,Plants,Luffa acutangula,species,Plants,host_data,Luffa acutangula,
DeePaC-vir,Luffa aegyptiaca,1.0,Plants,Luffa aegyptiaca,species,Plants,host_data,Luffa aegyptiaca,
DeePaC-vir,Lupinus polyphyllus,1.0,Plants,Lupinus polyphyllus,species,Plants,host_data,Lupinus polyphyllus,
DeePaC-vir,Lutzomyia longipalpis,1.0,Insects,Lutzomyia longipalpis,species,Invertebrates,host_data,Lutzomyia longipalpis,
DeePaC-vir,Lygus lineolaris,1.0,Insects,Lygus lineolaris,species,Invertebrates,host_data,Lygus lineolaris,
DeePaC-vir,Lymantria xylina,1.0,Insects,Lymantria xylina,species,Invertebrates,host_data,Lymantria xylina,
DeePaC-vir,Lynx rufus,1.0,Carnivores,Lynx rufus,species,Mammals,host_data,Lynx rufus,
DeePaC-vir,Lytechinus variegatus,1.0,Other invertebrates,Lytechinus variegatus,species,Invertebrates,host_data,Lytechinus variegatus,
DeePaC-vir,Macrophomina phaseolina,1.0,Fungi,Macrophomina phaseolina,species,Fungi,host_data,Macrophomina phaseolina,
DeePaC-vir,Macrosiphum euphorbiae,1.0,Insects,Macrosiphum euphorbiae,species,Invertebrates,host_data,Macrosiphum euphorbiae,
DeePaC-vir,Macrotyloma uniflorum,1.0,Plants,Macrotyloma uniflorum,species,Plants,host_data,Macrotyloma uniflorum,
DeePaC-vir,Malus pumila,1.0,Plants,Malus pumila,species,Plants,host_data,Malus pumila,
DeePaC-vir,Mamestra brassicae,1.0,Insects,Mamestra brassicae,species,Invertebrates,host_data,Mamestra brassicae,
DeePaC-vir,Mansonia africana,1.0,Insects,Mansonia africana,species,Invertebrates,host_data,Mansonia africana,
DeePaC-vir,Mareca penelope,1.0,Birds,Mareca penelope,species,Non-mammalian vertebrates,host_data,Mareca penelope,
DeePaC-vir,Medicago lupulina,1.0,Plants,Medicago lupulina,species,Plants,host_data,Medicago lupulina,
DeePaC-vir,Megaskepasma erythrochlamys,1.0,Plants,Megaskepasma erythrochlamys,species,Plants,host_data,Megaskepasma erythrochlamys,
DeePaC-vir,Melopsittacus undulatus,1.0,Birds,Melopsittacus undulatus,species,Non-mammalian vertebrates,host_data,Melopsittacus undulatus,
DeePaC-vir,Mentha x gracilis,1.0,Plants,Mentha x gracilis,species,Plants,host_data,Mentha x gracilis,
DeePaC-vir,Mephitis mephitis,1.0,Carnivores,Mephitis mephitis,species,Mammals,host_data,Mephitis mephitis,
DeePaC-vir,Miathyria marcella,1.0,Insects,Miathyria marcella,species,Invertebrates,host_data,Miathyria marcella,
DeePaC-vir,Micromys minutus,1.0,Rodents,Micromys minutus,species,Mammals,host_data,Micromys minutus,
DeePaC-vir,Microplitis demolitor,1.0,Insects,Microplitis demolitor,species,Invertebrates,host_data,Microplitis demolitor,
DeePaC-vir,Microtus fortis,1.0,Rodents,Microtus fortis,species,Mammals,host_data,Microtus fortis,
DeePaC-vir,Microtus maximowiczii,1.0,Rodents,Microtus maximowiczii,species,Mammals,host_data,Microtus maximowiczii,
DeePaC-vir,Microtus montanus,1.0,Rodents,Microtus montanus,species,Mammals,host_data,Microtus montanus,
DeePaC-vir,Microtus oeconomus,1.0,Other mammals,Microtus oeconomus,species,Mammals,host_data,Microtus oeconomus,
DeePaC-vir,Mikania micrantha,1.0,Plants,Mikania micrantha,species,Plants,host_data,Mikania micrantha,
DeePaC-vir,Miniopterus magnater,1.0,Bats,Miniopterus magnater,species,Mammals,host_data,Miniopterus magnater,
DeePaC-vir,Mirounga leonina,1.0,Other/unresolved mammals,Mirounga leonina,species,Mammals,host_data,Mirounga leonina,
DeePaC-vir,Mops condylurus,1.0,Other mammals,Mops condylurus,species,Mammals,host_data,Mops condylurus,
DeePaC-vir,Morelia spilota spilota,1.0,Reptiles,Morelia spilota,species,Non-mammalian vertebrates,host_data,Morelia spilota,
DeePaC-vir,Morelia viridis,1.0,Reptiles,Morelia viridis,species,Non-mammalian vertebrates,host_data,Morelia viridis,
DeePaC-vir,Morus alba,1.0,Plants,Morus alba,species,Plants,host_data,Morus alba,
DeePaC-vir,Murina leucogaster,1.0,Bats,Murina leucogaster,species,Mammals,host_data,Murina leucogaster,
DeePaC-vir,Mus caroli,1.0,Rodents,Mus caroli,species,Mammals,host_data,Mus caroli,
DeePaC-vir,Mus minutoides,1.0,Rodents,Mus minutoides,species,Mammals,host_data,Mus minutoides,
DeePaC-vir,Mus sp.,1.0,Other mammals,Mus sp.,species,Mammals,host_data,Mus sp.,
DeePaC-vir,Myotis blythii,1.0,Bats,Myotis blythii,species,Mammals,host_data,Myotis blythii,
DeePaC-vir,Myotis davidii,1.0,Bats,Myotis davidii,species,Mammals,host_data,Myotis davidii,
DeePaC-vir,Myotis myotis,1.0,Other mammals,Myotis myotis,species,Mammals,host_data,Myotis myotis,
DeePaC-vir,Myotis mystacinus,1.0,Bats,Myotis mystacinus,species,Mammals,host_data,Myotis mystacinus,
DeePaC-vir,Myotis nattereri,1.0,Other mammals,Myotis nattereri,species,Mammals,host_data,Myotis nattereri,
DeePaC-vir,Myotis sp.,1.0,Bats,Myotis sp.,species,Mammals,host_data,Myotis sp.,
DeePaC-vir,Myotis velifer,1.0,Bats,Myotis velifer,species,Mammals,host_data,Myotis velifer,
DeePaC-vir,Myotis yumanensis,1.0,Bats,Myotis yumanensis,species,Mammals,host_data,Myotis yumanensis,
DeePaC-vir,Myotomys unisulcatus,1.0,Rodents,Myotomys unisulcatus,species,Mammals,host_data,Myotomys unisulcatus,
DeePaC-vir,Nanorana parkeri,1.0,Amphibians,Nanorana parkeri,species,Non-mammalian vertebrates,host_data,Nanorana parkeri,
DeePaC-vir,Narcissus tazetta,1.0,Plants,Narcissus tazetta,species,Plants,host_data,Narcissus tazetta,
DeePaC-vir,Neodiprion abietis,1.0,Insects,Neodiprion abietis,species,Invertebrates,host_data,Neodiprion abietis,
DeePaC-vir,Neodiprion sertifer,1.0,Insects,Neodiprion sertifer,species,Invertebrates,host_data,Neodiprion sertifer,
DeePaC-vir,Neodon clarkei,1.0,Rodents,Neodon clarkei,species,Mammals,host_data,Neodon clarkei,
DeePaC-vir,Nephelomys albigularis,1.0,Rodents,Nephelomys albigularis,species,Mammals,host_data,Nephelomys albigularis,
DeePaC-vir,Nicotiana clevelandii,1.0,Plants,Nicotiana clevelandii,species,Plants,host_data,Nicotiana clevelandii,
DeePaC-vir,Nicotiana debneyi,1.0,Plants,Nicotiana debneyi,species,Plants,host_data,Nicotiana debneyi,
DeePaC-vir,Nicotiana occidentalis,1.0,Plants,Nicotiana occidentalis,species,Plants,host_data,Nicotiana occidentalis,
DeePaC-vir,Nicotiana rustica,1.0,Plants,Nicotiana rustica,species,Plants,host_data,Nicotiana rustica,
DeePaC-vir,Nicotiana velutina,1.0,Plants,Nicotiana velutina,species,Plants,host_data,Nicotiana velutina,
DeePaC-vir,Niviventer confucianus,1.0,Rodents,Niviventer confucianus,species,Mammals,host_data,Niviventer confucianus,
DeePaC-vir,Nyctalus velutinus,1.0,Bats,Nyctalus velutinus,species,Mammals,host_data,Nyctalus velutinus,
DeePaC-vir,Nyctereutes procyonoides,1.0,Carnivores,Nyctereutes procyonoides,species,Mammals,host_data,Nyctereutes procyonoides,
DeePaC-vir,Nycticebus coucang,1.0,Other mammals,Nycticebus coucang,species,Mammals,host_data,Nycticebus coucang,
DeePaC-vir,Nylanderia fulva,1.0,Insects,Nylanderia fulva,species,Invertebrates,host_data,Nylanderia fulva,
DeePaC-vir,Nyssomyia flaviscutellata,1.0,Insects,Nyssomyia flaviscutellata,species,Invertebrates,host_data,Nyssomyia flaviscutellata,
DeePaC-vir,Ochlerotatus caspius,1.0,Insects,Ochlerotatus caspius,species,Invertebrates,host_data,Ochlerotatus caspius,
DeePaC-vir,Ochlerotatus fulvus,1.0,Insects,Ochlerotatus fulvus,species,Invertebrates,host_data,Ochlerotatus fulvus,
DeePaC-vir,Ochlerotatus taeniorhynchus,1.0,Insects,Ochlerotatus taeniorhynchus,species,Invertebrates,host_data,Ochlerotatus taeniorhynchus,
DeePaC-vir,Ochlerotatus vigilax,1.0,Insects,Ochlerotatus vigilax,species,Invertebrates,host_data,Ochlerotatus vigilax,
DeePaC-vir,Odobenus rosmarus,1.0,Carnivores,Odobenus rosmarus,species,Mammals,host_data,Odobenus rosmarus,
DeePaC-vir,Odocoileus hemionus columbianus,1.0,Other mammals,Odocoileus hemionus,species,Mammals,host_data,Odocoileus hemionus,
DeePaC-vir,Oeciacus vicarius,1.0,Insects,Oeciacus vicarius,species,Invertebrates,host_data,Oeciacus vicarius,
DeePaC-vir,Oecomys bicolor,1.0,Rodents,Oecomys bicolor,species,Mammals,host_data,Oecomys bicolor,
DeePaC-vir,Olea europaea,1.0,Plants,Olea europaea,species,Plants,host_data,Olea europaea,
DeePaC-vir,Oligoryzomys longicaudatus,1.0,Rodents,Oligoryzomys longicaudatus,species,Mammals,host_data,Oligoryzomys longicaudatus,
DeePaC-vir,Oligoryzomys mattogrossae,1.0,Rodents,Oligoryzomys mattogrossae,species,Mammals,host_data,Oligoryzomys mattogrossae,
DeePaC-vir,Oligoryzomys microtis,1.0,Rodents,Oligoryzomys microtis,species,Mammals,host_data,Oligoryzomys microtis,
DeePaC-vir,Oligoryzomys nigripes,1.0,Rodents,Oligoryzomys nigripes,species,Mammals,host_data,Oligoryzomys nigripes,
DeePaC-vir,Oncorhynchus keta,1.0,Fish,Oncorhynchus keta,species,Non-mammalian vertebrates,host_data,Oncorhynchus keta,
DeePaC-vir,Oncorhynchus kisutch,1.0,Fish,Oncorhynchus kisutch,species,Non-mammalian vertebrates,host_data,Oncorhynchus kisutch,
DeePaC-vir,Ophiostoma himal-ulmi,1.0,Fungi,Ophiostoma himal-ulmi,species,Fungi,host_data,Ophiostoma himal-ulmi,
DeePaC-vir,Opsiphanes invirae,1.0,Insects,Opsiphanes invirae,species,Invertebrates,host_data,Opsiphanes invirae,
DeePaC-vir,Ornithodoros capensis,1.0,Arachnids,Ornithodoros capensis,species,Invertebrates,host_data,Ornithodoros capensis,
DeePaC-vir,Ornithodoros coriaceus,1.0,Arachnids,Ornithodoros coriaceus,species,Invertebrates,host_data,Ornithodoros coriaceus,
DeePaC-vir,Ornithodoros erraticus,1.0,Arachnids,Ornithodoros erraticus,species,Invertebrates,host_data,Ornithodoros erraticus,
DeePaC-vir,Oryctes rhinoceros,1.0,Insects,Oryctes rhinoceros,species,Invertebrates,host_data,Oryctes rhinoceros,
DeePaC-vir,Oryzomys sp.,1.0,Other mammals,Oryzomys sp.,species,Mammals,host_data,Oryzomys sp.,
DeePaC-vir,Otolemur crassicaudatus,1.0,Non-human primates,Otolemur crassicaudatus,species,Mammals,host_data,Otolemur crassicaudatus,
DeePaC-vir,Otostigmus scaber,1.0,Other invertebrates,Otostigmus scaber,species,Invertebrates,host_data,Otostigmus scaber,
DeePaC-vir,Oxalis tuberosa,1.0,Plants,Oxalis tuberosa,species,Plants,host_data,Oxalis tuberosa,
DeePaC-vir,Pan paniscus,1.0,Non-human primates,Pan paniscus,species,Mammals,host_data,Pan paniscus,
DeePaC-vir,Pan troglodytes schweinfurthii,1.0,Non-human primates,Pan troglodytes,species,Mammals,host_data,Pan troglodytes,
DeePaC-vir,Pan troglodytes troglodytes,1.0,Non-human primates,Pan troglodytes,species,Mammals,host_data,Pan troglodytes,
DeePaC-vir,Panax ginseng,1.0,Plants,Panax ginseng,species,Plants,host_data,Panax ginseng,
DeePaC-vir,Panthera leo,1.0,Other mammals,Panthera leo,species,Mammals,host_data,Panthera leo,
DeePaC-vir,Panthera leo persica,1.0,Carnivores,Panthera leo,species,Mammals,host_data,Panthera leo,
DeePaC-vir,Papio hamadryas,1.0,Non-human primates,Papio hamadryas,species,Mammals,host_data,Papio hamadryas,
DeePaC-vir,Parabuteo unicinctus,1.0,Birds,Parabuteo unicinctus,species,Non-mammalian vertebrates,host_data,Parabuteo unicinctus,
DeePaC-vir,Paracoccus marginatus,1.0,Insects,Paracoccus marginatus,species,Invertebrates,host_data,Paracoccus marginatus,
DeePaC-vir,Paramuricea placomus,1.0,Other invertebrates,Paramuricea placomus,species,Invertebrates,host_data,Paramuricea placomus,
DeePaC-vir,Paraphaeosphaeria minitans,1.0,Fungi,Paraphaeosphaeria minitans,species,Fungi,host_data,Paraphaeosphaeria minitans,
DeePaC-vir,Parus major,1.0,Birds,Parus major,species,Non-mammalian vertebrates,host_data,Parus major,
DeePaC-vir,Paspalum dilatatum,1.0,Plants,Paspalum dilatatum,species,Plants,host_data,Paspalum dilatatum,
DeePaC-vir,Paspalum setaceum,1.0,Plants,Paspalum setaceum,species,Plants,host_data,Paspalum setaceum,
DeePaC-vir,Passiflora caerulea,1.0,Plants,Passiflora caerulea,species,Plants,host_data,Passiflora caerulea,
DeePaC-vir,Passiflora incarnata,1.0,Plants,Passiflora incarnata,species,Plants,host_data,Passiflora incarnata,
DeePaC-vir,Penicillium chrysogenum,1.0,Fungi,Penicillium chrysogenum,species,Fungi,host_data,Penicillium chrysogenum,
DeePaC-vir,Penicillium janczewskii,1.0,Fungi,Penicillium janczewskii,species,Fungi,host_data,Penicillium janczewskii,
DeePaC-vir,Penicillium roqueforti,1.0,Fungi,Penicillium roqueforti,species,Fungi,host_data,Penicillium roqueforti,
DeePaC-vir,Penicillium stoloniferum,1.0,Fungi,Penicillium stoloniferum,species,Fungi,host_data,Penicillium stoloniferum,
DeePaC-vir,Perameles bougainville,1.0,Other mammals,Perameles bougainville,species,Mammals,host_data,Perameles bougainville,
DeePaC-vir,Perina nuda,1.0,Insects,Perina nuda,species,Invertebrates,host_data,Perina nuda,
DeePaC-vir,Peromyscus beatae,1.0,Rodents,Peromyscus beatae,species,Mammals,host_data,Peromyscus beatae,
DeePaC-vir,Peromyscus californicus,1.0,Rodents,Peromyscus californicus,species,Mammals,host_data,Peromyscus californicus,
DeePaC-vir,Persea americana,1.0,Plants,Persea americana,species,Plants,host_data,Persea americana,
DeePaC-vir,Petasites japonicus,1.0,Plants,Petasites japonicus,species,Plants,host_data,Petasites japonicus,
DeePaC-vir,Petrochirus diogenes,1.0,Other invertebrates,Petrochirus diogenes,species,Invertebrates,host_data,Petrochirus diogenes,
DeePaC-vir,Petroica traversi,1.0,Birds,Petroica traversi,species,Non-mammalian vertebrates,host_data,Petroica traversi,
DeePaC-vir,Petunia x hybrida,1.0,Plants,Petunia x hybrida,species,Plants,host_data,Petunia x hybrida,
DeePaC-vir,Phaius flavus,1.0,Plants,Phaius flavus,species,Plants,host_data,Phaius flavus,
DeePaC-vir,Phalaenopsis equestris,1.0,Plants,Phalaenopsis equestris,species,Plants,host_data,Phalaenopsis equestris,
DeePaC-vir,Phascolarctos cinereus,1.0,Other/unresolved mammals,Phascolarctos cinereus,species,Mammals,host_data,Phascolarctos cinereus,
DeePaC-vir,Philander opossum,1.0,Other mammals,Philander opossum,species,Mammals,host_data,Philander opossum,
DeePaC-vir,Philodromus dispar,1.0,Arachnids,Philodromus dispar,species,Invertebrates,host_data,Philodromus dispar,
DeePaC-vir,Phlebiopsis gigantea,1.0,Fungi,Phlebiopsis gigantea,species,Fungi,host_data,Phlebiopsis gigantea,
DeePaC-vir,Phlebotomus perfiliewi,1.0,Insects,Phlebotomus perfiliewi,species,Invertebrates,host_data,Phlebotomus perfiliewi,
DeePaC-vir,Phleum pratense,1.0,Plants,Phleum pratense,species,Plants,host_data,Phleum pratense,
DeePaC-vir,Phlox divaricata,1.0,Plants,Phlox divaricata,species,Plants,host_data,Phlox divaricata,
DeePaC-vir,Phocoena spinipinnis,1.0,Other mammals,Phocoena spinipinnis,species,Mammals,host_data,Phocoena spinipinnis,
DeePaC-vir,Phodopus sungorus,1.0,Other mammals,Phodopus sungorus,species,Mammals,host_data,Phodopus sungorus,
DeePaC-vir,Phomopsis vexans,1.0,Fungi,Phomopsis vexans,species,Fungi,host_data,Phomopsis vexans,
DeePaC-vir,Phragmites australis,1.0,Plants,Phragmites australis,species,Plants,host_data,Phragmites australis,
DeePaC-vir,Physalis heterophylla,1.0,Plants,Physalis heterophylla,species,Plants,host_data,Physalis heterophylla,
DeePaC-vir,Physalis peruviana,1.0,Plants,Physalis peruviana,species,Plants,host_data,Physalis peruviana,
DeePaC-vir,Phytolacca americana,1.0,Plants,Phytolacca americana,species,Plants,host_data,Phytolacca americana,
DeePaC-vir,Phytomonas serpens 9T,1.0,Protists & oomycetes,Phytomonas serpens,species,Protists & oomycetes,host_data,Phytomonas serpens,
DeePaC-vir,Phytophthora parasitica,1.0,Protists & oomycetes,Phytophthora parasitica,species,Protists & oomycetes,host_data,Phytophthora parasitica,
DeePaC-vir,Pieris rapae,1.0,Insects,Pieris rapae,species,Invertebrates,host_data,Pieris rapae,
DeePaC-vir,Piliocolobus rufomitratus,1.0,Non-human primates,Piliocolobus rufomitratus,species,Mammals,host_data,Piliocolobus rufomitratus,
DeePaC-vir,Pinus nigra,1.0,Plants,Pinus nigra,species,Plants,host_data,Pinus nigra,
DeePaC-vir,Piper nigrum,1.0,Plants,Piper nigrum,species,Plants,host_data,Piper nigrum,
DeePaC-vir,Planococcus citri,1.0,Insects,Planococcus citri,species,Invertebrates,host_data,Planococcus citri,
DeePaC-vir,Plantago asiatica,1.0,Plants,Plantago asiatica,species,Plants,host_data,Plantago asiatica,
DeePaC-vir,Plantago lanceolata,1.0,Plants,Plantago lanceolata,species,Plants,host_data,Plantago lanceolata,
DeePaC-vir,Plautia stali,1.0,Insects,Plautia stali,species,Invertebrates,host_data,Plautia stali,
DeePaC-vir,Pleione humilis,1.0,Plants,Pleione humilis,species,Plants,host_data,Pleione humilis,
DeePaC-vir,Pleospora typhicola,1.0,Fungi,Pleospora typhicola,species,Fungi,host_data,Pleospora typhicola,
DeePaC-vir,Pleurotus ostreatus,1.0,Fungi,Pleurotus ostreatus,species,Fungi,host_data,Pleurotus ostreatus,
DeePaC-vir,Ploceus cucullatus,1.0,Birds,Ploceus cucullatus,species,Non-mammalian vertebrates,host_data,Ploceus cucullatus,
DeePaC-vir,Plodia interpunctella,1.0,Insects,Plodia interpunctella,species,Invertebrates,host_data,Plodia interpunctella,
DeePaC-vir,Plumeria rubra,1.0,Plants,Plumeria rubra,species,Plants,host_data,Plumeria rubra,
DeePaC-vir,Poa cookii,1.0,Plants,Poa cookii,species,Plants,host_data,Poa cookii,
DeePaC-vir,Pogona vitticeps,1.0,Reptiles,Pogona vitticeps,species,Non-mammalian vertebrates,host_data,Pogona vitticeps,
DeePaC-vir,Pongo abelii,1.0,Other mammals,Pongo abelii,species,Mammals,host_data,Pongo abelii,
DeePaC-vir,Pongo pygmaeus pygmaeus,1.0,Non-human primates,Pongo pygmaeus,species,Mammals,host_data,Pongo pygmaeus,
DeePaC-vir,Primnoa pacifica,1.0,Other invertebrates,Primnoa pacifica,species,Invertebrates,host_data,Primnoa pacifica,
DeePaC-vir,Primula malacoides,1.0,Plants,Primula malacoides,species,Plants,host_data,Primula malacoides,
DeePaC-vir,Proechimys guyannensis,1.0,Rodents,Proechimys guyannensis,species,Mammals,host_data,Proechimys guyannensis,
DeePaC-vir,Proscyllium habereri,1.0,Fish,Proscyllium habereri,species,Non-mammalian vertebrates,host_data,Proscyllium habereri,
DeePaC-vir,Prunus dulcis,1.0,Plants,Prunus dulcis,species,Plants,host_data,Prunus dulcis,
DeePaC-vir,Prunus mume,1.0,Plants,Prunus mume,species,Plants,host_data,Prunus mume,
DeePaC-vir,Psammotettix alienus,1.0,Insects,Psammotettix alienus,species,Invertebrates,host_data,Psammotettix alienus,
DeePaC-vir,Psathyromyia abonnenci,1.0,Insects,Psathyromyia abonnenci,species,Invertebrates,host_data,Psathyromyia abonnenci,
DeePaC-vir,Pseudogymnoascus destructans,1.0,Fungi,Pseudogymnoascus destructans,species,Fungi,host_data,Pseudogymnoascus destructans,
DeePaC-vir,Pseudotsuga menziesii,1.0,Plants,Pseudotsuga menziesii,species,Plants,host_data,Pseudotsuga menziesii,
DeePaC-vir,Psittacula krameri,1.0,Birds,Psittacula krameri,species,Non-mammalian vertebrates,host_data,Psittacula krameri,
DeePaC-vir,Psittacus erithacus,1.0,Birds,Psittacus erithacus,species,Non-mammalian vertebrates,host_data,Psittacus erithacus,
DeePaC-vir,Psophocarpus tetragonolobus,1.0,Plants,Psophocarpus tetragonolobus,species,Plants,host_data,Psophocarpus tetragonolobus,
DeePaC-vir,Pteromalus puparum,1.0,Insects,Pteromalus puparum,species,Invertebrates,host_data,Pteromalus puparum,
DeePaC-vir,Pueraria montana var. lobata,1.0,Plants,Pueraria montana,species,Plants,host_data,Pueraria montana,
DeePaC-vir,Pycnonotus jocosus,1.0,Birds,Pycnonotus jocosus,species,Non-mammalian vertebrates,host_data,Pycnonotus jocosus,
DeePaC-vir,Pyrus communis,1.0,Plants,Pyrus communis,species,Plants,host_data,Pyrus communis,
DeePaC-vir,Python regius,1.0,Reptiles,Python regius,species,Non-mammalian vertebrates,host_data,Python regius,
DeePaC-vir,Rangifer tarandus,1.0,Ungulates,Rangifer tarandus,species,Mammals,host_data,Rangifer tarandus,
DeePaC-vir,Rattus leucopus,1.0,Rodents,Rattus leucopus,species,Mammals,host_data,Rattus leucopus,
DeePaC-vir,Rattus tanezumi sladeni,1.0,Rodents,Rattus tanezumi,species,Mammals,host_data,Rattus tanezumi,
DeePaC-vir,Reithrodontomys megalotis,1.0,Rodents,Reithrodontomys megalotis,species,Mammals,host_data,Reithrodontomys megalotis,
DeePaC-vir,Rhabdomys pumilio,1.0,Other mammals,Rhabdomys pumilio,species,Mammals,host_data,Rhabdomys pumilio,
DeePaC-vir,Rhinolophus alcyone,1.0,Bats,Rhinolophus alcyone,species,Mammals,host_data,Rhinolophus alcyone,
DeePaC-vir,Rhinolophus cornutus,1.0,Bats,Rhinolophus cornutus,species,Mammals,host_data,Rhinolophus cornutus,
DeePaC-vir,Rhinolophus eloquens,1.0,Bats,Rhinolophus eloquens,species,Mammals,host_data,Rhinolophus eloquens,
DeePaC-vir,Rhinolophus hipposideros,1.0,Bats,Rhinolophus hipposideros,species,Mammals,host_data,Rhinolophus hipposideros,
DeePaC-vir,Rhinopithecus roxellana,1.0,Other mammals,Rhinopithecus roxellana,species,Mammals,host_data,Rhinopithecus roxellana,
DeePaC-vir,Rhipicephalus decoloratus,1.0,Arachnids,Rhipicephalus decoloratus,species,Invertebrates,host_data,Rhipicephalus decoloratus,
DeePaC-vir,Rhizophagus irregularis,1.0,Fungi,Rhizophagus irregularis,species,Fungi,host_data,Rhizophagus irregularis,
DeePaC-vir,Rhizophagus sp. (in: Fungi),1.0,Fungi,Rhizophagus sp. (in: Fungi),species,Fungi,host_data,Rhizophagus sp. (in: Fungi),
DeePaC-vir,Rhododendron maximum,1.0,Plants,Rhododendron maximum,species,Plants,host_data,Rhododendron maximum,
DeePaC-vir,Rhopalosiphum padi,1.0,Insects,Rhopalosiphum padi,species,Invertebrates,host_data,Rhopalosiphum padi,
DeePaC-vir,Ribes americanum,1.0,Plants,Ribes americanum,species,Plants,host_data,Ribes americanum,
DeePaC-vir,Riparia paludicola,1.0,Birds,Riparia paludicola,species,Non-mammalian vertebrates,host_data,Riparia paludicola,
DeePaC-vir,Riptortus pedestris,1.0,Insects,Riptortus pedestris,species,Invertebrates,host_data,Riptortus pedestris,
DeePaC-vir,Rosa hybrid cultivar,1.0,Plants,Rosa hybrid,species,Plants,host_data,Rosa hybrid,
DeePaC-vir,Rosa multiflora,1.0,Plants,Rosa multiflora,species,Plants,host_data,Rosa multiflora,
DeePaC-vir,Rosa rugosa,1.0,Plants,Rosa rugosa,species,Plants,host_data,Rosa rugosa,
DeePaC-vir,Rousettus amplexicaudatus,1.0,Bats,Rousettus amplexicaudatus,species,Mammals,host_data,Rousettus amplexicaudatus,
DeePaC-vir,Rudbeckia hirta,1.0,Plants,Rudbeckia hirta,species,Plants,host_data,Rudbeckia hirta,
DeePaC-vir,Rumex obtusifolius,1.0,Plants,Rumex obtusifolius,species,Plants,host_data,Rumex obtusifolius,
DeePaC-vir,Sabethes intermedius,1.0,Insects,Sabethes intermedius,species,Invertebrates,host_data,Sabethes intermedius,
DeePaC-vir,Saccharomyces kudriavzevii,1.0,Fungi,Saccharomyces kudriavzevii,species,Fungi,host_data,Saccharomyces kudriavzevii,
DeePaC-vir,Saccharum sp.,1.0,Plants,Saccharum sp.,species,Plants,host_data,Saccharum sp.,
DeePaC-vir,Saimiri boliviensis,1.0,Other mammals,Saimiri boliviensis,species,Mammals,host_data,Saimiri boliviensis,
DeePaC-vir,Salmo trutta,1.0,Fish,Salmo trutta,species,Non-mammalian vertebrates,host_data,Salmo trutta,
DeePaC-vir,Salvelinus fontinalis,1.0,Fish,Salvelinus fontinalis,species,Non-mammalian vertebrates,host_data,Salvelinus fontinalis,
DeePaC-vir,Salvia divinorum,1.0,Plants,Salvia divinorum,species,Plants,host_data,Salvia divinorum,
DeePaC-vir,Salvia hispanica,1.0,Plants,Salvia hispanica,species,Plants,host_data,Salvia hispanica,
DeePaC-vir,Sapajus xanthosternos,1.0,Other mammals,Sapajus xanthosternos,species,Mammals,host_data,Sapajus xanthosternos,
DeePaC-vir,Scalopus aquaticus,1.0,Other/unresolved mammals,Scalopus aquaticus,species,Mammals,host_data,Scalopus aquaticus,
DeePaC-vir,Scheffersomyces segobiensis,1.0,Fungi,Scheffersomyces segobiensis,species,Fungi,host_data,Scheffersomyces segobiensis,
DeePaC-vir,Schmidtea mediterranea,1.0,Other invertebrates,Schmidtea mediterranea,species,Invertebrates,host_data,Schmidtea mediterranea,
DeePaC-vir,Sciurus variegatoides,1.0,Rodents,Sciurus variegatoides,species,Mammals,host_data,Sciurus variegatoides,
DeePaC-vir,Sciurus vulgaris,1.0,Other mammals,Sciurus vulgaris,species,Mammals,host_data,Sciurus vulgaris,
DeePaC-vir,Sclerotinia minor,1.0,Fungi,Sclerotinia minor,species,Fungi,host_data,Sclerotinia minor,
DeePaC-vir,Sclerotinia nivalis,1.0,Fungi,Sclerotinia nivalis,species,Fungi,host_data,Sclerotinia nivalis,
DeePaC-vir,Sclerotium hydrophilum,1.0,Fungi,Sclerotium hydrophilum,species,Fungi,host_data,Sclerotium hydrophilum,
DeePaC-vir,Scotophilus dinganii,1.0,Bats,Scotophilus dinganii,species,Mammals,host_data,Scotophilus dinganii,
DeePaC-vir,Scotophilus kuhlii,1.0,Bats,Scotophilus kuhlii,species,Mammals,host_data,Scotophilus kuhlii,
DeePaC-vir,Scrophularia californica,1.0,Plants,Scrophularia californica,species,Plants,host_data,Scrophularia californica,
DeePaC-vir,Scylla serrata,1.0,Other invertebrates,Scylla serrata,species,Invertebrates,host_data,Scylla serrata,
DeePaC-vir,Senecio scandens,1.0,Plants,Senecio scandens,species,Plants,host_data,Senecio scandens,
DeePaC-vir,Sesbania grandiflora,1.0,Plants,Sesbania grandiflora,species,Plants,host_data,Sesbania grandiflora,
DeePaC-vir,Setaria italica,1.0,Plants,Setaria italica,species,Plants,host_data,Setaria italica,
DeePaC-vir,Sicyonia brevirostris,1.0,Other invertebrates,Sicyonia brevirostris,species,Invertebrates,host_data,Sicyonia brevirostris,
DeePaC-vir,Sigmodon mascotensis,1.0,Rodents,Sigmodon mascotensis,species,Mammals,host_data,Sigmodon mascotensis,
DeePaC-vir,Sinapis alba,1.0,Plants,Sinapis alba,species,Plants,host_data,Sinapis alba,
DeePaC-vir,Sodiomyces alkalinus,1.0,Fungi,Sodiomyces alkalinus,species,Fungi,host_data,Sodiomyces alkalinus,
DeePaC-vir,Solanum aculeatissimum,1.0,Plants,Solanum aculeatissimum,species,Plants,host_data,Solanum aculeatissimum,
DeePaC-vir,Solanum aethiopicum,1.0,Plants,Solanum aethiopicum,species,Plants,host_data,Solanum aethiopicum,
DeePaC-vir,Solanum betaceum,1.0,Plants,Solanum betaceum,species,Plants,host_data,Solanum betaceum,
DeePaC-vir,Solanum chancayense,1.0,Plants,Solanum chancayense,species,Plants,host_data,Solanum chancayense,
DeePaC-vir,Solanum dulcamara,1.0,Plants,Solanum dulcamara,species,Plants,host_data,Solanum dulcamara,
DeePaC-vir,Solanum mammosum,1.0,Plants,Solanum mammosum,species,Plants,host_data,Solanum mammosum,
DeePaC-vir,Solanum phureja,1.0,Plants,Solanum phureja,species,Plants,host_data,Solanum phureja,
DeePaC-vir,Solanum pimpinellifolium,1.0,Plants,Solanum pimpinellifolium,species,Plants,host_data,Solanum pimpinellifolium,
DeePaC-vir,Solanum viarum,1.0,Plants,Solanum viarum,species,Plants,host_data,Solanum viarum,
DeePaC-vir,Solea senegalensis,1.0,Fish,Solea senegalensis,species,Non-mammalian vertebrates,host_data,Solea senegalensis,
DeePaC-vir,Somateria mollissima,1.0,Birds,Somateria mollissima,species,Non-mammalian vertebrates,host_data,Somateria mollissima,
DeePaC-vir,Sonchus oleraceus,1.0,Plants,Sonchus oleraceus,species,Plants,host_data,Sonchus oleraceus,
DeePaC-vir,Sooretamys angouya,1.0,Rodents,Sooretamys angouya,species,Mammals,host_data,Sooretamys angouya,
DeePaC-vir,Sorex araneus,1.0,Other/unresolved mammals,Sorex araneus,species,Mammals,host_data,Sorex araneus,
DeePaC-vir,Sorex isodon,1.0,Other/unresolved mammals,Sorex isodon,species,Mammals,host_data,Sorex isodon,
DeePaC-vir,Sorex roboratus,1.0,Other/unresolved mammals,Sorex roboratus,species,Mammals,host_data,Sorex roboratus,
DeePaC-vir,Spathiphyllum patinii,1.0,Plants,Spathiphyllum patinii,species,Plants,host_data,Spathiphyllum patinii,
DeePaC-vir,Spermophilus dauricus,1.0,Rodents,Spermophilus dauricus,species,Mammals,host_data,Spermophilus dauricus,
DeePaC-vir,Spodoptera eridania,1.0,Insects,Spodoptera eridania,species,Invertebrates,host_data,Spodoptera eridania,
DeePaC-vir,Stachytarpheta jamaicensis,1.0,Plants,Stachytarpheta jamaicensis,species,Plants,host_data,Stachytarpheta jamaicensis,
DeePaC-vir,Stemphylium lycopersici,1.0,Fungi,Stemphylium lycopersici,species,Fungi,host_data,Stemphylium lycopersici,
DeePaC-vir,Stercorarius maccormicki,1.0,Birds,Stercorarius maccormicki,species,Non-mammalian vertebrates,host_data,Stercorarius maccormicki,
DeePaC-vir,Styphnolobium japonicum,1.0,Plants,Styphnolobium japonicum,species,Plants,host_data,Styphnolobium japonicum,
DeePaC-vir,Synedrella nodiflora,1.0,Plants,Synedrella nodiflora,species,Plants,host_data,Synedrella nodiflora,
DeePaC-vir,Syringa vulgaris,1.0,Plants,Syringa vulgaris,species,Plants,host_data,Syringa vulgaris,
DeePaC-vir,Taeniopygia guttata,1.0,Birds,Taeniopygia guttata,species,Non-mammalian vertebrates,host_data,Taeniopygia guttata,
DeePaC-vir,Taphozous melanopogon,1.0,Other mammals,Taphozous melanopogon,species,Mammals,host_data,Taphozous melanopogon,
DeePaC-vir,Teleogryllus oceanicus,1.0,Insects,Teleogryllus oceanicus,species,Invertebrates,host_data,Teleogryllus oceanicus,
DeePaC-vir,Telfairia occidentalis,1.0,Plants,Telfairia occidentalis,species,Plants,host_data,Telfairia occidentalis,
DeePaC-vir,Telosma cordata,1.0,Plants,Telosma cordata,species,Plants,host_data,Telosma cordata,
DeePaC-vir,Testudo horsfieldii,1.0,Reptiles,Testudo horsfieldii,species,Non-mammalian vertebrates,host_data,Testudo horsfieldii,
DeePaC-vir,Thalassia testudinum,1.0,Plants,Thalassia testudinum,species,Plants,host_data,Thalassia testudinum,
DeePaC-vir,Thaumetopoea pityocampa,1.0,Insects,Thaumetopoea pityocampa,species,Invertebrates,host_data,Thaumetopoea pityocampa,
DeePaC-vir,Thelephora terrestris,1.0,Fungi,Thelephora terrestris,species,Fungi,host_data,Thelephora terrestris,
DeePaC-vir,Tholymis tillarga,1.0,Insects,Tholymis tillarga,species,Invertebrates,host_data,Tholymis tillarga,
DeePaC-vir,Thunbergia alata,1.0,Plants,Thunbergia alata,species,Plants,host_data,Thunbergia alata,
DeePaC-vir,Thysanoplusia orichalcea,1.0,Insects,Thysanoplusia orichalcea,species,Invertebrates,host_data,Thysanoplusia orichalcea,
DeePaC-vir,Tinca tinca,1.0,Fish,Tinca tinca,species,Non-mammalian vertebrates,host_data,Tinca tinca,
DeePaC-vir,Tipula oleracea,1.0,Insects,Tipula oleracea,species,Invertebrates,host_data,Tipula oleracea,
DeePaC-vir,Tolypocladium cylindrosporum,1.0,Fungi,Tolypocladium cylindrosporum,species,Fungi,host_data,Tolypocladium cylindrosporum,
DeePaC-vir,Torulaspora delbrueckii,1.0,Fungi,Torulaspora delbrueckii,species,Fungi,host_data,Torulaspora delbrueckii,
DeePaC-vir,Trematomus pennellii,1.0,Fish,Trematomus pennellii,species,Non-mammalian vertebrates,host_data,Trematomus pennellii,
DeePaC-vir,Triaenops afer,1.0,Bats,Triaenops afer,species,Mammals,host_data,Triaenops afer,
DeePaC-vir,Triatoma infestans,1.0,Insects,Triatoma infestans,species,Invertebrates,host_data,Triatoma infestans,
DeePaC-vir,Trichoderma asperellum,1.0,Fungi,Trichoderma asperellum,species,Fungi,host_data,Trichoderma asperellum,
DeePaC-vir,Trichoderma atroviride,1.0,Fungi,Trichoderma atroviride,species,Fungi,host_data,Trichoderma atroviride,
DeePaC-vir,Trichoderma harzianum,1.0,Fungi,Trichoderma harzianum,species,Fungi,host_data,Trichoderma harzianum,
DeePaC-vir,Trifolium incarnatum,1.0,Plants,Trifolium incarnatum,species,Plants,host_data,Trifolium incarnatum,
DeePaC-vir,Trifolium resupinatum,1.0,Plants,Trifolium resupinatum,species,Plants,host_data,Trifolium resupinatum,
DeePaC-vir,Trisetum flavescens,1.0,Plants,Trisetum flavescens,species,Plants,host_data,Trisetum flavescens,
DeePaC-vir,Tulipa gesneriana,1.0,Plants,Tulipa gesneriana,species,Plants,host_data,Tulipa gesneriana,
DeePaC-vir,Turdus hortulorum,1.0,Birds,Turdus hortulorum,species,Non-mammalian vertebrates,host_data,Turdus hortulorum,
DeePaC-vir,Turdus pallidus,1.0,Birds,Turdus pallidus,species,Non-mammalian vertebrates,host_data,Turdus pallidus,
DeePaC-vir,Tursiops aduncus,1.0,Other mammals,Tursiops aduncus,species,Mammals,host_data,Tursiops aduncus,
DeePaC-vir,Urochloa plantaginea,1.0,Plants,Urochloa plantaginea,species,Plants,host_data,Urochloa plantaginea,
DeePaC-vir,Urocyon cinereoargenteus,1.0,Other mammals,Urocyon cinereoargenteus,species,Mammals,host_data,Urocyon cinereoargenteus,
DeePaC-vir,Uroderma bilobatum,1.0,Bats,Uroderma bilobatum,species,Mammals,host_data,Uroderma bilobatum,
DeePaC-vir,Urotrichus talpoides,1.0,Other/unresolved mammals,Urotrichus talpoides,species,Mammals,host_data,Urotrichus talpoides,
DeePaC-vir,Ustilago maydis,1.0,Fungi,Ustilago maydis,species,Fungi,host_data,Ustilago maydis,
DeePaC-vir,Varecia variegata,1.0,Non-human primates,Varecia variegata,species,Mammals,host_data,Varecia variegata,
DeePaC-vir,Vasconcellea x heilbornii,1.0,Plants,Vasconcellea x heilbornii,species,Plants,host_data,Vasconcellea x heilbornii,
DeePaC-vir,Velarifictorus micado,1.0,Insects,Velarifictorus micado,species,Invertebrates,host_data,Velarifictorus micado,
DeePaC-vir,Verticillium dahliae,1.0,Fungi,Verticillium dahliae,species,Fungi,host_data,Verticillium dahliae,
DeePaC-vir,Vespula pensylvanica,1.0,Other invertebrates,Vespula pensylvanica,species,Invertebrates,host_data,Vespula pensylvanica,
DeePaC-vir,Vigna mungo,1.0,Plants,Vigna mungo,species,Plants,host_data,Vigna mungo,
DeePaC-vir,Vigna unguiculata subsp. sesquipedalis,1.0,Plants,Vigna unguiculata,species,Plants,host_data,Vigna unguiculata,
DeePaC-vir,Wisteria sinensis,1.0,Plants,Wisteria sinensis,species,Plants,host_data,Wisteria sinensis,
DeePaC-vir,Xenopus laevis,1.0,Amphibians,Xenopus laevis,species,Non-mammalian vertebrates,host_data,Xenopus laevis,
DeePaC-vir,Zantedeschia aethiopica,1.0,Plants,Zantedeschia aethiopica,species,Plants,host_data,Zantedeschia aethiopica,
DeePaC-vir,Zinnia elegans,1.0,Plants,Zinnia elegans,species,Plants,host_data,Zinnia elegans,
DeePaC-vir,Zygodontomys brevicauda,1.0,Rodents,Zygodontomys brevicauda,species,Mammals,host_data,Zygodontomys brevicauda,
VPF-Class,Homo,1247.0,Humans,Homo sapiens,species,Mammals,host_data,Homo sapiens,
DeepHoF,plant,4787.0,Plants,Plantae,kingdom,Plants,host_data,,Plantae
RNAVirHost,Culicidae,61.0,Insects,Culicidae,family,Invertebrates,host_data,,Culicidae
RNAVirHost,Rodentia,36.0,Rodents,Rodentia,order,Mammals,host_data,,Rodentia
RNAVirHost,Felidae,33.0,Carnivores,Feliformia,suborder,Mammals,host_data,,Feliformia
RNAVirHost,Chlorocebus,26.0,Non-human primates,Chlorocebus (genus),genus,Mammals,host_data,,Chlorocebus (genus)
RNAVirHost,Culex,26.0,Insects,Culicidae,family,Invertebrates,host_data,,Culicidae
RNAVirHost,Manidae,21.0,Other/unresolved mammals,Manis (genus),genus,Mammals,host_data,,Manis (genus)
RNAVirHost,Aedes,15.0,Insects,Culicidae,family,Invertebrates,host_data,,Culicidae
RNAVirHost,Macaca,3.0,Non-human primates,Macaca (genus),genus,Mammals,host_data,,Macaca (genus)
Host Taxon Predictor,mosquito,33.0,Insects,Culicidae,family,Invertebrates,host_data,,Culicidae
Host Taxon Predictor,freshwater atyid shrimp,23.0,Other invertebrates,Caridea,infraorder,Invertebrates,host_data,,Caridea
Host Taxon Predictor,Ornithodoros,13.0,Arachnids,Ixodida,order,Invertebrates,host_data,,Ixodida
Host Taxon Predictor,masked palm civet,10.0,Carnivores,Viverridae,family,Mammals,host_data,,Viverridae
Host Taxon Predictor,whitetail deer,10.0,Ungulates,Cervidae,family,Mammals,host_data,,Cervidae
Host Taxon Predictor,Chlorocebus,1.0,Non-human primates,Chlorocebus (genus),genus,Mammals,host_data,,Chlorocebus (genus)
Host Taxon Predictor,Macaca,1.0,Non-human primates,Macaca (genus),genus,Mammals,host_data,,Macaca (genus)
Host Taxon Predictor,Mosquito-Unknown,1.0,Insects,Culicidae,family,Invertebrates,host_data,,Culicidae
Host Taxon Predictor,unidentified mosquitos,1.0,Insects,Culicidae,family,Invertebrates,host_data,,Culicidae
MENB,"Avian (train, x4 families)",1200.0,Birds,Aves,class,Non-mammalian vertebrates,host_data,,Aves
ViralHostPredictor,Rodent (reservoir),83.0,Rodents,Rodentia,order,Mammals,host_data,,Rodentia
ViralHostPredictor,Artiodactyl (reservoir),64.0,Ungulates,Artiodactyla,order,Mammals,host_data,,Artiodactyla
ViralHostPredictor,Carnivore (reservoir),43.0,Carnivores,Carnivora,order,Mammals,host_data,,Carnivora
ViralHostPredictor,Galloanserae (reservoir),40.0,Birds,Galloanserae (bird clade),clade,Non-mammalian vertebrates,host_data,,Galloanserae (bird clade)
ViralHostPredictor,Neoaves (reservoir),33.0,Birds,Neoaves (bird clade),clade,Non-mammalian vertebrates,host_data,,Neoaves (bird clade)
ViralHostPredictor,Vespbat (reservoir),32.0,Bats,Chiroptera,order,Mammals,host_data,,Chiroptera
ViralHostPredictor,Pterobat (reservoir),27.0,Bats,Chiroptera,order,Mammals,host_data,,Chiroptera
ViralHostPredictor,Plant (reservoir),21.0,Plants,Plantae,kingdom,Plants,host_data,,Plantae
ViralHostPredictor,Insect (reservoir),20.0,Insects,Insecta,class,Invertebrates,host_data,,Insecta
ViralHostPredictor,Reptile (reservoir),8.0,Reptiles,Reptilia,class,Non-mammalian vertebrates,host_data,,Reptilia
Zoonotic rank,Artiodactyl,143.0,Ungulates,Artiodactyla,order,Mammals,host_data,,Artiodactyla
Zoonotic rank,Rodent,138.0,Rodents,Rodentia,order,Mammals,host_data,,Rodentia
Zoonotic rank,Pterobat/Vespbat/Chiroptera (combined),70.0,Bats,Chiroptera,order,Mammals,host_data,,Chiroptera
Zoonotic rank,Insect,67.0,Insects,Insecta,class,Invertebrates,host_data,,Insecta
Zoonotic rank,Carnivore,62.0,Carnivores,Carnivora,order,Mammals,host_data,,Carnivora
Zoonotic rank,Plant,61.0,Plants,Plantae,kingdom,Plants,host_data,,Plantae
Zoonotic rank,Reptile,17.0,Reptiles,Reptilia,class,Non-mammalian vertebrates,host_data,,Reptilia
Zoonotic rank,Fungi,3.0,Fungi,Fungi,kingdom,Fungi,host_data,,Fungi
SPHAK,Anatidae,361.0,Birds,Anatidae,family,Non-mammalian vertebrates,host_data,,Anatidae
SPHAK,Columbidae,163.0,Birds,Columbidae,family,Non-mammalian vertebrates,host_data,,Columbidae
UniVH,Plantae,113.0,Plants,Plantae,kingdom,Plants,host_data,,Plantae
UniVH,Fungi,100.0,Fungi,Fungi,kingdom,Fungi,host_data,,Fungi
UniVH,Insecta,62.0,Insects,Insecta,class,Invertebrates,host_data,,Insecta
UniVH,Aves,58.0,Birds,Aves,class,Non-mammalian vertebrates,host_data,,Aves
UniVH,Carnivora,29.0,Carnivores,Carnivora,order,Mammals,host_data,,Carnivora
UniVH,Artiodactyla/Cetartiodactyla,18.0,Ungulates,Artiodactyla,order,Mammals,host_data,,Artiodactyla
UniVH,Chiroptera,17.0,Bats,Chiroptera,order,Mammals,host_data,,Chiroptera
UniVH,Rodentia,17.0,Rodents,Rodentia,order,Mammals,host_data,,Rodentia
UniVH,Arachnida,14.0,Arachnids,Arachnida,class,Invertebrates,host_data,,Arachnida
UniVH,Lepidosauria,2.0,Reptiles,"Lepidosauria (reptile clade, excl. turtles/crocodiles)",clade,Non-mammalian vertebrates,host_data,,"Lepidosauria (reptile clade, excl. turtles/crocodiles)"
GIVAL,Avian,48905.0,Birds,Aves,class,Non-mammalian vertebrates,host_data,,Aves
GIVAL,Owston's civet,5.0,Carnivores,Viverridae,family,Mammals,host_data,,Viverridae
GIVAL,Bear,3.0,Carnivores,Ursidae,family,Mammals,host_data,,Ursidae
GIVAL,Bottlenose dolphin,2.0,Other mammals,Delphinidae,family,Mammals,host_data,,Delphinidae
GIVAL,Otter,2.0,Carnivores,Lutrinae,subfamily,Mammals,host_data,,Lutrinae
DeePaC-vir,Chiroptera,52.0,Bats,Chiroptera,order,Mammals,host_data,,Chiroptera
DeePaC-vir,Aves,16.0,Birds,Aves,class,Non-mammalian vertebrates,host_data,,Aves
DeePaC-vir,Culex,12.0,Insects,Culicidae,family,Invertebrates,host_data,,Culicidae
DeePaC-vir,Aedes,9.0,Insects,Culicidae,family,Invertebrates,host_data,,Culicidae
DeePaC-vir,Felidae,5.0,Carnivores,Feliformia,suborder,Mammals,host_data,,Feliformia
DeePaC-vir,Fungi,4.0,Fungi,Fungi,kingdom,Fungi,host_data,,Fungi
DeePaC-vir,Insecta,3.0,Insects,Insecta,class,Invertebrates,host_data,,Insecta
DeePaC-vir,Ornithodoros,3.0,Arachnids,Ixodida,order,Invertebrates,host_data,,Ixodida
DeePaC-vir,Cervidae,2.0,Ungulates,Cervidae,family,Mammals,host_data,,Cervidae
DeePaC-vir,Ixodida,2.0,Insects,Ixodida,order,Invertebrates,host_data,,Ixodida
DeePaC-vir,Macaca,2.0,Non-human primates,Macaca (genus),genus,Mammals,host_data,,Macaca (genus)
DeePaC-vir,Rodentia,2.0,Rodents,Rodentia,order,Mammals,host_data,,Rodentia
MosViR,mosquito-specific virus,2391.0,Insects,Culicidae,family,Invertebrates,host_data,,Culicidae
VPF-Class,Aedes,1.0,Insects,Culicidae,family,Invertebrates,host_data,,Culicidae
DeepHoF,non-human vertebrate,10245.0,Unresolved vertebrates,Unresolved vertebrates  (not resolved to species),not species-resolved,Non-mammalian vertebrates,host_data,,
DeepHoF,invertebrate,7424.0,Unresolved invertebrates,Unresolved invertebrates  (not resolved to species),not species-resolved,Invertebrates,host_data,,
DeepHoF,- (untagged),9.0,Unknown host,Unknown host  (not resolved to species),not species-resolved,Unknown/Excluded,host_data,,
RNAVirHost,Vitis,84.0,Plants,Plants  (not resolved to species),not species-resolved,Plants,host_data,,
RNAVirHost,Prunus,54.0,Plants,Plants  (not resolved to species),not species-resolved,Plants,host_data,,
RNAVirHost,Suidae,43.0,Ungulates,Ungulates  (not resolved to species),not species-resolved,Mammals,host_data,,
RNAVirHost,Rubus,42.0,Plants,Plants  (not resolved to species),not species-resolved,Plants,host_data,,
RNAVirHost,Neohydatothrips variabilis,36.0,Insects,Insects  (not resolved to species),not species-resolved,Invertebrates,host_data,Neohydatothrips variabilis,
RNAVirHost,Vespula vulgaris,29.0,Insects,Insects  (not resolved to species),not species-resolved,Invertebrates,host_data,Vespula vulgaris,
RNAVirHost,Erysiphe,28.0,Fungi,Fungi  (not resolved to species),not species-resolved,Fungi,host_data,,
RNAVirHost,Saccharum,27.0,Plants,Plants  (not resolved to species),not species-resolved,Plants,host_data,,
RNAVirHost,Gomphrena globosa,23.0,Plants,Plants  (not resolved to species),not species-resolved,Plants,host_data,Gomphrena globosa,
RNAVirHost,Fragaria,21.0,Plants,Plants  (not resolved to species),not species-resolved,Plants,host_data,,
RNAVirHost,Culex sp.,18.0,Insects,Insects  (not resolved to species),not species-resolved,Invertebrates,host_data,Culex sp.,
RNAVirHost,Ixodes ricinus,18.0,Arachnids,Arachnids  (not resolved to species),not species-resolved,Invertebrates,host_data,Ixodes ricinus,
RNAVirHost,Bubalus,17.0,Ungulates,Ungulates  (not resolved to species),not species-resolved,Mammals,host_data,,
RNAVirHost,Echinochloa crus-galli,17.0,Plants,Plants  (not resolved to species),not species-resolved,Plants,host_data,Echinochloa crus-galli,
RNAVirHost,Lilium,17.0,Plants,Plants  (not resolved to species),not species-resolved,Plants,host_data,,
RNAVirHost,Thrips tabaci,17.0,Insects,Insects  (not resolved to species),not species-resolved,Invertebrates,host_data,Thrips tabaci,
RNAVirHost,Cercocebus atys,16.0,Non-human primates,Non-human primates  (not resolved to species),not species-resolved,Mammals,host_data,Cercocebus atys,
RNAVirHost,Ixodida,16.0,Arachnids,Arachnids  (not resolved to species),not species-resolved,Invertebrates,host_data,,
RNAVirHost,Odonata,16.0,Insects,Insects  (not resolved to species),not species-resolved,Invertebrates,host_data,,
RNAVirHost,Physalis pubescens,15.0,Plants,Plants  (not resolved to species),not species-resolved,Plants,host_data,Physalis pubescens,
RNAVirHost,Camellia japonica,14.0,Plants,Plants  (not resolved to species),not species-resolved,Plants,host_data,Camellia japonica,
RNAVirHost,Lutzomyia,14.0,Insects,Insects  (not resolved to species),not species-resolved,Invertebrates,host_data,,
RNAVirHost,Musa,14.0,Plants,Plants  (not resolved to species),not species-resolved,Plants,host_data,,
RNAVirHost,Capsicum,13.0,Plants,Plants  (not resolved to species),not species-resolved,Plants,host_data,,
RNAVirHost,Cucurbita,13.0,Plants,Plants  (not resolved to species),not species-resolved,Plants,host_data,,
RNAVirHost,Diptera,13.0,Insects,Insects  (not resolved to species),not species-resolved,Invertebrates,host_data,,
RNAVirHost,Passiflora,13.0,Plants,Plants  (not resolved to species),not species-resolved,Plants,host_data,,
RNAVirHost,Pseudostellaria heterophylla,13.0,Plants,Plants  (not resolved to species),not species-resolved,Plants,host_data,Pseudostellaria heterophylla,
RNAVirHost,Anopheles,12.0,Insects,Insects  (not resolved to species),not species-resolved,Invertebrates,host_data,,
RNAVirHost,Athelia rolfsii,12.0,Fungi,Fungi  (not resolved to species),not species-resolved,Fungi,host_data,Athelia rolfsii,
RNAVirHost,Citrus,12.0,Plants,Plants  (not resolved to species),not species-resolved,Plants,host_data,,
RNAVirHost,Eriocheir sinensis,12.0,Other invertebrates,Other invertebrates  (not resolved to species),not species-resolved,Invertebrates,host_data,Eriocheir sinensis,
RNAVirHost,Ginkgo biloba,12.0,Plants,Plants  (not resolved to species),not species-resolved,Plants,host_data,Ginkgo biloba,
RNAVirHost,Lentinula edodes,12.0,Fungi,Fungi  (not resolved to species),not species-resolved,Fungi,host_data,Lentinula edodes,
RNAVirHost,Actinidia eriantha,11.0,Plants,Plants  (not resolved to species),not species-resolved,Plants,host_data,Actinidia eriantha,
RNAVirHost,Agapanthus,11.0,Plants,Plants  (not resolved to species),not species-resolved,Plants,host_data,,
RNAVirHost,Aves,11.0,Birds,Birds  (not resolved to species),not species-resolved,Non-mammalian vertebrates,host_data,,
RNAVirHost,Crustacea,11.0,Other invertebrates,Other invertebrates  (not resolved to species),not species-resolved,Invertebrates,host_data,,
RNAVirHost,Lophuromys machangui,11.0,Rodents,Rodents  (not resolved to species),not species-resolved,Mammals,host_data,Lophuromys machangui,
RNAVirHost,Nycteribiidae,11.0,Insects,Insects  (not resolved to species),not species-resolved,Invertebrates,host_data,,
RNAVirHost,Prunus cerasus,11.0,Plants,Plants  (not resolved to species),not species-resolved,Plants,host_data,Prunus cerasus,
RNAVirHost,Pterostylis nutans,11.0,Plants,Plants  (not resolved to species),not species-resolved,Plants,host_data,Pterostylis nutans,
RNAVirHost,Anser,10.0,Birds,Birds  (not resolved to species),not species-resolved,Non-mammalian vertebrates,host_data,,
RNAVirHost,Apodemus peninsulae,10.0,Rodents,Rodents  (not resolved to species),not species-resolved,Mammals,host_data,Apodemus peninsulae,
RNAVirHost,Clethrionomys glareolus,10.0,Rodents,Rodents  (not resolved to species),not species-resolved,Mammals,host_data,Clethrionomys glareolus,
RNAVirHost,Haemaphysalis longicornis,10.0,Arachnids,Arachnids  (not resolved to species),not species-resolved,Invertebrates,host_data,Haemaphysalis longicornis,
RNAVirHost,Nymphalis io,10.0,Insects,Insects  (not resolved to species),not species-resolved,Invertebrates,host_data,Nymphalis io,
RNAVirHost,Oryza latifolia,10.0,Plants,Plants  (not resolved to species),not species-resolved,Plants,host_data,Oryza latifolia,
RNAVirHost,Oryza nivara,10.0,Plants,Plants  (not resolved to species),not species-resolved,Plants,host_data,Oryza nivara,
RNAVirHost,Phobocampe,10.0,Insects,Insects  (not resolved to species),not species-resolved,Invertebrates,host_data,,
RNAVirHost,Tetragonia tetragonoides,10.0,Plants,Plants  (not resolved to species),not species-resolved,Plants,host_data,Tetragonia tetragonoides,
RNAVirHost,Tilapia,10.0,Fish,Fish  (not resolved to species),not species-resolved,Non-mammalian vertebrates,host_data,,
RNAVirHost,Coquillettidia richiardii,9.0,Insects,Insects  (not resolved to species),not species-resolved,Invertebrates,host_data,Coquillettidia richiardii,
RNAVirHost,Forsythia suspensa,9.0,Plants,Plants  (not resolved to species),not species-resolved,Plants,host_data,Forsythia suspensa,
RNAVirHost,Myrmica rubra,9.0,Insects,Insects  (not resolved to species),not species-resolved,Invertebrates,host_data,Myrmica rubra,
RNAVirHost,Phlebotominae sp.,9.0,Insects,Insects  (not resolved to species),not species-resolved,Invertebrates,host_data,Phlebotominae sp.,
RNAVirHost,Psychodopygus panamensis,9.0,Insects,Insects  (not resolved to species),not species-resolved,Invertebrates,host_data,Psychodopygus panamensis,
RNAVirHost,Syncerus caffer,9.0,Ungulates,Ungulates  (not resolved to species),not species-resolved,Mammals,host_data,Syncerus caffer,
RNAVirHost,Tulipa,9.0,Plants,Plants  (not resolved to species),not species-resolved,Plants,host_data,,
RNAVirHost,Actinidia,8.0,Plants,Plants  (not resolved to species),not species-resolved,Plants,host_data,,
RNAVirHost,Agathia lycaenaria,8.0,Insects,Insects  (not resolved to species),not species-resolved,Invertebrates,host_data,Agathia lycaenaria,
RNAVirHost,Allium,8.0,Plants,Plants  (not resolved to species),not species-resolved,Plants,host_data,,
RNAVirHost,Ampelophaga rubiginosa,8.0,Insects,Insects  (not resolved to species),not species-resolved,Invertebrates,host_data,Ampelophaga rubiginosa,
RNAVirHost,Asparagus officinalis,8.0,Plants,Plants  (not resolved to species),not species-resolved,Plants,host_data,Asparagus officinalis,
RNAVirHost,Canna,8.0,Plants,Plants  (not resolved to species),not species-resolved,Plants,host_data,,
RNAVirHost,Cephonodes hylas,8.0,Insects,Insects  (not resolved to species),not species-resolved,Invertebrates,host_data,Cephonodes hylas,
RNAVirHost,Coelorinchus multispinulosus,8.0,Fish,Fish  (not resolved to species),not species-resolved,Non-mammalian vertebrates,host_data,Coelorinchus multispinulosus,
RNAVirHost,Lophuromys dudui,8.0,Rodents,Rodents  (not resolved to species),not species-resolved,Mammals,host_data,Lophuromys dudui,
RNAVirHost,Olea,8.0,Plants,Plants  (not resolved to species),not species-resolved,Plants,host_data,,
RNAVirHost,Ostreobium,8.0,Plants,Plants  (not resolved to species),not species-resolved,Plants,host_data,,
RNAVirHost,Paeonia,8.0,Plants,Plants  (not resolved to species),not species-resolved,Plants,host_data,,
RNAVirHost,Pelargonium,8.0,Plants,Plants  (not resolved to species),not species-resolved,Plants,host_data,,
RNAVirHost,Pollachius virens,8.0,Fish,Fish  (not resolved to species),not species-resolved,Non-mammalian vertebrates,host_data,Pollachius virens,
RNAVirHost,Polygonatum kingianum,8.0,Plants,Plants  (not resolved to species),not species-resolved,Plants,host_data,Polygonatum kingianum,
RNAVirHost,Praomys,8.0,Rodents,Rodents  (not resolved to species),not species-resolved,Mammals,host_data,,
RNAVirHost,Rattus,8.0,Rodents,Rodents  (not resolved to species),not species-resolved,Mammals,host_data,,
RNAVirHost,Stellaria media,8.0,Plants,Plants  (not resolved to species),not species-resolved,Plants,host_data,Stellaria media,
RNAVirHost,Tyrophagus putrescentiae,8.0,Arachnids,Arachnids  (not resolved to species),not species-resolved,Invertebrates,host_data,Tyrophagus putrescentiae,
RNAVirHost,Cenchrus flaccidus,7.0,Plants,Plants  (not resolved to species),not species-resolved,Plants,host_data,Cenchrus flaccidus,
RNAVirHost,Cyperus serotinus,7.0,Plants,Plants  (not resolved to species),not species-resolved,Plants,host_data,Cyperus serotinus,
RNAVirHost,Dioscorea,7.0,Plants,Plants  (not resolved to species),not species-resolved,Plants,host_data,,
RNAVirHost,Dioscorea cayenensis subsp. rotundata,7.0,Plants,Plants  (not resolved to species),not species-resolved,Plants,host_data,Dioscorea cayenensis,
RNAVirHost,Gladiolus,7.0,Plants,Plants  (not resolved to species),not species-resolved,Plants,host_data,,
RNAVirHost,Hippoboscidae,7.0,Insects,Insects  (not resolved to species),not species-resolved,Invertebrates,host_data,,
RNAVirHost,Impatiens,7.0,Plants,Plants  (not resolved to species),not species-resolved,Plants,host_data,,
RNAVirHost,Insecta,7.0,Insects,Insects  (not resolved to species),not species-resolved,Invertebrates,host_data,,
RNAVirHost,Mus,7.0,Rodents,Rodents  (not resolved to species),not species-resolved,Mammals,host_data,,
RNAVirHost,Phlebotomus perniciosus,7.0,Insects,Insects  (not resolved to species),not species-resolved,Invertebrates,host_data,Phlebotomus perniciosus,
RNAVirHost,Rosa,7.0,Plants,Plants  (not resolved to species),not species-resolved,Plants,host_data,,
RNAVirHost,Salmonidae,7.0,Fish,Fish  (not resolved to species),not species-resolved,Non-mammalian vertebrates,host_data,,
RNAVirHost,Vaccinium,7.0,Plants,Plants  (not resolved to species),not species-resolved,Plants,host_data,,
RNAVirHost,citrus,7.0,Plants,Plants  (not resolved to species),not species-resolved,Plants,host_data,,
RNAVirHost,Alstroemeria,6.0,Plants,Plants  (not resolved to species),not species-resolved,Plants,host_data,,
RNAVirHost,Astacoidea,6.0,Other invertebrates,Other invertebrates  (not resolved to species),not species-resolved,Invertebrates,host_data,,
RNAVirHost,Chiroptera,6.0,Bats,Bats  (not resolved to species),not species-resolved,Mammals,host_data,,
RNAVirHost,Citrus x paradisi,6.0,Plants,Plants  (not resolved to species),not species-resolved,Plants,host_data,Citrus x paradisi,
RNAVirHost,Columbidae,6.0,Birds,Birds  (not resolved to species),not species-resolved,Non-mammalian vertebrates,host_data,,
RNAVirHost,Cricetidae,6.0,Rodents,Rodents  (not resolved to species),not species-resolved,Mammals,host_data,,
RNAVirHost,Dermatophagoides pteronyssinus,6.0,Arachnids,Arachnids  (not resolved to species),not species-resolved,Invertebrates,host_data,Dermatophagoides pteronyssinus,
RNAVirHost,Entoleuca,6.0,Fungi,Fungi  (not resolved to species),not species-resolved,Fungi,host_data,,
RNAVirHost,Exserohilum turcicum,6.0,Fungi,Fungi  (not resolved to species),not species-resolved,Fungi,host_data,Exserohilum turcicum,
RNAVirHost,Fraxinus,6.0,Plants,Plants  (not resolved to species),not species-resolved,Plants,host_data,,
RNAVirHost,Ixodes,6.0,Arachnids,Arachnids  (not resolved to species),not species-resolved,Invertebrates,host_data,,
RNAVirHost,Lampyris noctiluca,6.0,Insects,Insects  (not resolved to species),not species-resolved,Invertebrates,host_data,Lampyris noctiluca,
RNAVirHost,Lethenteron camtschaticum,6.0,Fish,Fish  (not resolved to species),not species-resolved,Non-mammalian vertebrates,host_data,Lethenteron camtschaticum,
RNAVirHost,Melilotus albus,6.0,Plants,Plants  (not resolved to species),not species-resolved,Plants,host_data,Melilotus albus,
RNAVirHost,Muridae,6.0,Rodents,Rodents  (not resolved to species),not species-resolved,Mammals,host_data,,
RNAVirHost,Narcissus,6.0,Plants,Plants  (not resolved to species),not species-resolved,Plants,host_data,,
RNAVirHost,Neofusicoccum parvum,6.0,Fungi,Fungi  (not resolved to species),not species-resolved,Fungi,host_data,Neofusicoccum parvum,
RNAVirHost,Nicotiana,6.0,Plants,Plants  (not resolved to species),not species-resolved,Plants,host_data,,
RNAVirHost,Niviventer fulvescens,6.0,Rodents,Rodents  (not resolved to species),not species-resolved,Mammals,host_data,Niviventer fulvescens,
RNAVirHost,Nyssomyia trapidoi,6.0,Insects,Insects  (not resolved to species),not species-resolved,Invertebrates,host_data,Nyssomyia trapidoi,
RNAVirHost,Phlebotomus papatasi,6.0,Insects,Insects  (not resolved to species),not species-resolved,Invertebrates,host_data,Phlebotomus papatasi,
RNAVirHost,Phlebotomus sp.,6.0,Insects,Insects  (not resolved to species),not species-resolved,Invertebrates,host_data,Phlebotomus sp.,
RNAVirHost,Punica granatum,6.0,Plants,Plants  (not resolved to species),not species-resolved,Plants,host_data,Punica granatum,
RNAVirHost,Saccharum hybrid cultivar,6.0,Plants,Plants  (not resolved to species),not species-resolved,Plants,host_data,Saccharum hybrid,
RNAVirHost,Scoliodon macrorhynchos,6.0,Fish,Fish  (not resolved to species),not species-resolved,Non-mammalian vertebrates,host_data,Scoliodon macrorhynchos,
RNAVirHost,Setaria viridis,6.0,Plants,Plants  (not resolved to species),not species-resolved,Plants,host_data,Setaria viridis,
RNAVirHost,Trichonephila clavipes,6.0,Arachnids,Arachnids  (not resolved to species),not species-resolved,Invertebrates,host_data,Trichonephila clavipes,
RNAVirHost,Actinidia kolomikta,5.0,Plants,Plants  (not resolved to species),not species-resolved,Plants,host_data,Actinidia kolomikta,
RNAVirHost,Aedes sp.,5.0,Insects,Insects  (not resolved to species),not species-resolved,Invertebrates,host_data,Aedes sp.,
RNAVirHost,Antirrhinum majus,5.0,Plants,Plants  (not resolved to species),not species-resolved,Plants,host_data,Antirrhinum majus,
RNAVirHost,Beta macrocarpa,5.0,Plants,Plants  (not resolved to species),not species-resolved,Plants,host_data,Beta macrocarpa,
RNAVirHost,Cassia,5.0,Plants,Plants  (not resolved to species),not species-resolved,Plants,host_data,,
RNAVirHost,Celosia argentea,5.0,Plants,Plants  (not resolved to species),not species-resolved,Plants,host_data,Celosia argentea,
RNAVirHost,Citrus aurantiifolia,5.0,Plants,Plants  (not resolved to species),not species-resolved,Plants,host_data,Citrus aurantiifolia,
RNAVirHost,Culex cedecei,5.0,Insects,Insects  (not resolved to species),not species-resolved,Invertebrates,host_data,Culex cedecei,
RNAVirHost,Culicoides sp.,5.0,Insects,Insects  (not resolved to species),not species-resolved,Invertebrates,host_data,Culicoides sp.,
RNAVirHost,Culiseta inornata,5.0,Insects,Insects  (not resolved to species),not species-resolved,Invertebrates,host_data,Culiseta inornata,
RNAVirHost,Cymbidium,5.0,Plants,Plants  (not resolved to species),not species-resolved,Plants,host_data,,
RNAVirHost,Diplodia seriata,5.0,Fungi,Fungi  (not resolved to species),not species-resolved,Fungi,host_data,Diplodia seriata,
RNAVirHost,Gerridae,5.0,Insects,Insects  (not resolved to species),not species-resolved,Invertebrates,host_data,,
RNAVirHost,Haemaphysalis,5.0,Arachnids,Arachnids  (not resolved to species),not species-resolved,Invertebrates,host_data,,
RNAVirHost,Hemiculter leucisculus,5.0,Fish,Fish  (not resolved to species),not species-resolved,Non-mammalian vertebrates,host_data,Hemiculter leucisculus,
RNAVirHost,Hypera postica,5.0,Insects,Insects  (not resolved to species),not species-resolved,Invertebrates,host_data,Hypera postica,
RNAVirHost,Iris,5.0,Plants,Plants  (not resolved to species),not species-resolved,Plants,host_data,,
RNAVirHost,Kummerowia striata,5.0,Plants,Plants  (not resolved to species),not species-resolved,Plants,host_data,Kummerowia striata,
RNAVirHost,Lupinus,5.0,Plants,Plants  (not resolved to species),not species-resolved,Plants,host_data,,
RNAVirHost,Mastomys erythroleucus,5.0,Rodents,Rodents  (not resolved to species),not species-resolved,Mammals,host_data,Mastomys erythroleucus,
RNAVirHost,Myocastor,5.0,Rodents,Rodents  (not resolved to species),not species-resolved,Mammals,host_data,,
RNAVirHost,Phlebotominae,5.0,Insects,Insects  (not resolved to species),not species-resolved,Invertebrates,host_data,,
RNAVirHost,Puccinia striiformis,5.0,Fungi,Fungi  (not resolved to species),not species-resolved,Fungi,host_data,Puccinia striiformis,
RNAVirHost,Rattus exulans,5.0,Rodents,Rodents  (not resolved to species),not species-resolved,Mammals,host_data,Rattus exulans,
RNAVirHost,Rattus losea,5.0,Rodents,Rodents  (not resolved to species),not species-resolved,Mammals,host_data,Rattus losea,
RNAVirHost,Rottboellia,5.0,Plants,Plants  (not resolved to species),not species-resolved,Plants,host_data,,
RNAVirHost,Rubus ursinus,5.0,Plants,Plants  (not resolved to species),not species-resolved,Plants,host_data,Rubus ursinus,
RNAVirHost,Scaphoideus titanus,5.0,Insects,Insects  (not resolved to species),not species-resolved,Invertebrates,host_data,Scaphoideus titanus,
RNAVirHost,Testudo graeca,5.0,Reptiles,Reptiles  (not resolved to species),not species-resolved,Non-mammalian vertebrates,host_data,Testudo graeca,
RNAVirHost,Xanthosoma,5.0,Plants,Plants  (not resolved to species),not species-resolved,Plants,host_data,,
RNAVirHost,suncus murinus,5.0,Other/unresolved mammals,Other/unresolved mammals  (not resolved to species),not species-resolved,Mammals,host_data,,
RNAVirHost,Abraxas,4.0,Insects,Insects  (not resolved to species),not species-resolved,Invertebrates,host_data,,
RNAVirHost,Aedes vigilax,4.0,Insects,Insects  (not resolved to species),not species-resolved,Invertebrates,host_data,Aedes vigilax,
RNAVirHost,Anopheles sp.,4.0,Insects,Insects  (not resolved to species),not species-resolved,Invertebrates,host_data,Anopheles sp.,
RNAVirHost,Anoplolepis gracilipes,4.0,Insects,Insects  (not resolved to species),not species-resolved,Invertebrates,host_data,Anoplolepis gracilipes,
RNAVirHost,Aphis citricidus,4.0,Insects,Insects  (not resolved to species),not species-resolved,Invertebrates,host_data,Aphis citricidus,
RNAVirHost,Arnoglossus,4.0,Fish,Fish  (not resolved to species),not species-resolved,Non-mammalian vertebrates,host_data,,
RNAVirHost,Aspergillus thermomutatus,4.0,Fungi,Fungi  (not resolved to species),not species-resolved,Fungi,host_data,Aspergillus thermomutatus,
RNAVirHost,Atyidae,4.0,Other invertebrates,Other invertebrates  (not resolved to species),not species-resolved,Invertebrates,host_data,,
RNAVirHost,Bactrocera dorsalis,4.0,Insects,Insects  (not resolved to species),not species-resolved,Invertebrates,host_data,Bactrocera dorsalis,
RNAVirHost,Boa dumerili,4.0,Reptiles,Reptiles  (not resolved to species),not species-resolved,Non-mammalian vertebrates,host_data,Boa dumerili,
RNAVirHost,Brassicaceae,4.0,Plants,Plants  (not resolved to species),not species-resolved,Plants,host_data,,
RNAVirHost,Coniella diplodiella,4.0,Fungi,Fungi  (not resolved to species),not species-resolved,Fungi,host_data,Coniella diplodiella,
RNAVirHost,Culex declarator,4.0,Insects,Insects  (not resolved to species),not species-resolved,Invertebrates,host_data,Culex declarator,
RNAVirHost,Datura metel,4.0,Plants,Plants  (not resolved to species),not species-resolved,Plants,host_data,Datura metel,
RNAVirHost,Dermanyssus gallinae,4.0,Arachnids,Arachnids  (not resolved to species),not species-resolved,Invertebrates,host_data,Dermanyssus gallinae,
RNAVirHost,Dermatophagoides farinae,4.0,Arachnids,Arachnids  (not resolved to species),not species-resolved,Invertebrates,host_data,Dermatophagoides farinae,
RNAVirHost,Digitaria,4.0,Plants,Plants  (not resolved to species),not species-resolved,Plants,host_data,,
RNAVirHost,Eragrostis,4.0,Plants,Plants  (not resolved to species),not species-resolved,Plants,host_data,,
RNAVirHost,Exobasidium gracile,4.0,Fungi,Fungi  (not resolved to species),not species-resolved,Fungi,host_data,Exobasidium gracile,
RNAVirHost,Freesia,4.0,Plants,Plants  (not resolved to species),not species-resolved,Plants,host_data,,
RNAVirHost,Hyacinthus,4.0,Plants,Plants  (not resolved to species),not species-resolved,Plants,host_data,,
RNAVirHost,Ixodes persulcatus,4.0,Arachnids,Arachnids  (not resolved to species),not species-resolved,Invertebrates,host_data,Ixodes persulcatus,
RNAVirHost,Lathyrus odoratus,4.0,Plants,Plants  (not resolved to species),not species-resolved,Plants,host_data,Lathyrus odoratus,
RNAVirHost,Lepidoptera,4.0,Insects,Insects  (not resolved to species),not species-resolved,Invertebrates,host_data,,
RNAVirHost,Lophius litulon,4.0,Fish,Fish  (not resolved to species),not species-resolved,Non-mammalian vertebrates,host_data,Lophius litulon,
RNAVirHost,Macronycteris gigas,4.0,Bats,Bats  (not resolved to species),not species-resolved,Mammals,host_data,Macronycteris gigas,
RNAVirHost,Malus,4.0,Plants,Plants  (not resolved to species),not species-resolved,Plants,host_data,,
RNAVirHost,Mandrillus leucophaeus,4.0,Non-human primates,Non-human primates  (not resolved to species),not species-resolved,Mammals,host_data,Mandrillus leucophaeus,
RNAVirHost,Mentha,4.0,Plants,Plants  (not resolved to species),not species-resolved,Plants,host_data,,
RNAVirHost,Monilinia fructicola,4.0,Fungi,Fungi  (not resolved to species),not species-resolved,Fungi,host_data,Monilinia fructicola,
RNAVirHost,Morchella importuna,4.0,Fungi,Fungi  (not resolved to species),not species-resolved,Fungi,host_data,Morchella importuna,
RNAVirHost,Nematocera,4.0,Insects,Insects  (not resolved to species),not species-resolved,Invertebrates,host_data,,
RNAVirHost,Neogale vison,4.0,Carnivores,Carnivores  (not resolved to species),not species-resolved,Mammals,host_data,Neogale vison,
RNAVirHost,Nicotiana megalosiphon,4.0,Plants,Plants  (not resolved to species),not species-resolved,Plants,host_data,Nicotiana megalosiphon,
RNAVirHost,Niviventer niviventer,4.0,Rodents,Rodents  (not resolved to species),not species-resolved,Mammals,host_data,Niviventer niviventer,
RNAVirHost,Ochlerotatus trivittatus,4.0,Insects,Insects  (not resolved to species),not species-resolved,Invertebrates,host_data,Ochlerotatus trivittatus,
RNAVirHost,Osmia cornuta,4.0,Insects,Insects  (not resolved to species),not species-resolved,Invertebrates,host_data,Osmia cornuta,
RNAVirHost,Paeonia lactiflora,4.0,Plants,Plants  (not resolved to species),not species-resolved,Plants,host_data,Paeonia lactiflora,
RNAVirHost,Paris polyphylla var. yunnanensis,4.0,Plants,Plants  (not resolved to species),not species-resolved,Plants,host_data,Paris polyphylla,
RNAVirHost,Pasiphila rectangulata,4.0,Insects,Insects  (not resolved to species),not species-resolved,Invertebrates,host_data,Pasiphila rectangulata,
RNAVirHost,Passeriformes,4.0,Birds,Birds  (not resolved to species),not species-resolved,Non-mammalian vertebrates,host_data,,
RNAVirHost,Penicillium citreosulfuratum,4.0,Fungi,Fungi  (not resolved to species),not species-resolved,Fungi,host_data,Penicillium citreosulfuratum,
RNAVirHost,Perisesarma bidens,4.0,Other invertebrates,Other invertebrates  (not resolved to species),not species-resolved,Invertebrates,host_data,Perisesarma bidens,
RNAVirHost,Petunia,4.0,Plants,Plants  (not resolved to species),not species-resolved,Plants,host_data,,
RNAVirHost,Pipistrellus kuhlii,4.0,Bats,Bats  (not resolved to species),not species-resolved,Mammals,host_data,Pipistrellus kuhlii,
RNAVirHost,Pistacia vera,4.0,Plants,Plants  (not resolved to species),not species-resolved,Plants,host_data,Pistacia vera,
RNAVirHost,Rhinolophus pearsonii,4.0,Bats,Bats  (not resolved to species),not species-resolved,Mammals,host_data,Rhinolophus pearsonii,
RNAVirHost,Rhizomys,4.0,Rodents,Rodents  (not resolved to species),not species-resolved,Mammals,host_data,,
RNAVirHost,Sambucus canadensis,4.0,Plants,Plants  (not resolved to species),not species-resolved,Plants,host_data,Sambucus canadensis,
RNAVirHost,Schistocephalus solidus,4.0,Other invertebrates,Other invertebrates  (not resolved to species),not species-resolved,Invertebrates,host_data,Schistocephalus solidus,
RNAVirHost,Sergentomyia sp.,4.0,Insects,Insects  (not resolved to species),not species-resolved,Invertebrates,host_data,Sergentomyia sp.,
RNAVirHost,Sesamum indicum,4.0,Plants,Plants  (not resolved to species),not species-resolved,Plants,host_data,Sesamum indicum,
RNAVirHost,Silene latifolia subsp. alba,4.0,Plants,Plants  (not resolved to species),not species-resolved,Plants,host_data,Silene latifolia,
RNAVirHost,Sorex caecutiens,4.0,Other/unresolved mammals,Other/unresolved mammals  (not resolved to species),not species-resolved,Mammals,host_data,Sorex caecutiens,
RNAVirHost,Stenocephalemys albipes,4.0,Rodents,Rodents  (not resolved to species),not species-resolved,Mammals,host_data,Stenocephalemys albipes,
RNAVirHost,Tabanidae,4.0,Insects,Insects  (not resolved to species),not species-resolved,Invertebrates,host_data,,
RNAVirHost,Thelonectria,4.0,Fungi,Fungi  (not resolved to species),not species-resolved,Fungi,host_data,,
RNAVirHost,Trifolium hybridum,4.0,Plants,Plants  (not resolved to species),not species-resolved,Plants,host_data,Trifolium hybridum,
RNAVirHost,Triticum,4.0,Plants,Plants  (not resolved to species),not species-resolved,Plants,host_data,,
RNAVirHost,Typhlomys cinereus,4.0,Rodents,Rodents  (not resolved to species),not species-resolved,Mammals,host_data,Typhlomys cinereus,
RNAVirHost,Viola arvensis,4.0,Plants,Plants  (not resolved to species),not species-resolved,Plants,host_data,Viola arvensis,
RNAVirHost,puma,4.0,Carnivores,Carnivores  (not resolved to species),not species-resolved,Mammals,host_data,,
RNAVirHost,Acomys cahirinus,3.0,Rodents,Rodents  (not resolved to species),not species-resolved,Mammals,host_data,Acomys cahirinus,
RNAVirHost,Aedes curtipes,3.0,Insects,Insects  (not resolved to species),not species-resolved,Invertebrates,host_data,Aedes curtipes,
RNAVirHost,Aedes pembaensis,3.0,Insects,Insects  (not resolved to species),not species-resolved,Invertebrates,host_data,Aedes pembaensis,
RNAVirHost,Aethomys,3.0,Rodents,Rodents  (not resolved to species),not species-resolved,Mammals,host_data,,
RNAVirHost,Alectorobius maritimus,3.0,Arachnids,Arachnids  (not resolved to species),not species-resolved,Invertebrates,host_data,Alectorobius maritimus,
RNAVirHost,Alstroemeria sp.,3.0,Plants,Plants  (not resolved to species),not species-resolved,Plants,host_data,Alstroemeria sp.,
RNAVirHost,Alternaria solani,3.0,Fungi,Fungi  (not resolved to species),not species-resolved,Fungi,host_data,Alternaria solani,
RNAVirHost,Anas gracilis,3.0,Birds,Birds  (not resolved to species),not species-resolved,Non-mammalian vertebrates,host_data,Anas gracilis,
RNAVirHost,Anas superciliosa,3.0,Birds,Birds  (not resolved to species),not species-resolved,Non-mammalian vertebrates,host_data,Anas superciliosa,
RNAVirHost,Anopheles pharoensis,3.0,Insects,Insects  (not resolved to species),not species-resolved,Invertebrates,host_data,Anopheles pharoensis,
RNAVirHost,Anopheles pseudopunctipennis,3.0,Insects,Insects  (not resolved to species),not species-resolved,Invertebrates,host_data,Anopheles pseudopunctipennis,
RNAVirHost,Anopheles triannulatus,3.0,Insects,Insects  (not resolved to species),not species-resolved,Invertebrates,host_data,Anopheles triannulatus,
RNAVirHost,Anseriformes,3.0,Birds,Birds  (not resolved to species),not species-resolved,Non-mammalian vertebrates,host_data,,
RNAVirHost,Antheraea mylitta,3.0,Insects,Insects  (not resolved to species),not species-resolved,Invertebrates,host_data,Antheraea mylitta,
RNAVirHost,Anthurium,3.0,Plants,Plants  (not resolved to species),not species-resolved,Plants,host_data,,
RNAVirHost,Aphelinus abdominalis,3.0,Insects,Insects  (not resolved to species),not species-resolved,Invertebrates,host_data,Aphelinus abdominalis,
RNAVirHost,Arachnis labrosa,3.0,Plants,Plants  (not resolved to species),not species-resolved,Plants,host_data,Arachnis labrosa,
RNAVirHost,Araneae,3.0,Arachnids,Arachnids  (not resolved to species),not species-resolved,Invertebrates,host_data,,
RNAVirHost,Argopecten irradians,3.0,Other invertebrates,Other invertebrates  (not resolved to species),not species-resolved,Invertebrates,host_data,Argopecten irradians,
RNAVirHost,Astragalus glycyphyllos,3.0,Plants,Plants  (not resolved to species),not species-resolved,Plants,host_data,Astragalus glycyphyllos,
RNAVirHost,Auricularia heimuer,3.0,Fungi,Fungi  (not resolved to species),not species-resolved,Fungi,host_data,Auricularia heimuer,
RNAVirHost,Bactrocera tryoni,3.0,Insects,Insects  (not resolved to species),not species-resolved,Invertebrates,host_data,Bactrocera tryoni,
RNAVirHost,Bradypus tridactylus,3.0,Other/unresolved mammals,Other/unresolved mammals  (not resolved to species),not species-resolved,Mammals,host_data,Bradypus tridactylus,
RNAVirHost,Brassica,3.0,Plants,Plants  (not resolved to species),not species-resolved,Plants,host_data,,
RNAVirHost,Broussonetia papyrifera,3.0,Plants,Plants  (not resolved to species),not species-resolved,Plants,host_data,Broussonetia papyrifera,
RNAVirHost,Caryopteris incana,3.0,Plants,Plants  (not resolved to species),not species-resolved,Plants,host_data,Caryopteris incana,
RNAVirHost,Ceratitis capitata,3.0,Insects,Insects  (not resolved to species),not species-resolved,Invertebrates,host_data,Ceratitis capitata,
RNAVirHost,Ceratobasidium,3.0,Fungi,Fungi  (not resolved to species),not species-resolved,Fungi,host_data,,
RNAVirHost,Cercospora beticola,3.0,Fungi,Fungi  (not resolved to species),not species-resolved,Fungi,host_data,Cercospora beticola,
RNAVirHost,Chaoborus,3.0,Insects,Insects  (not resolved to species),not species-resolved,Invertebrates,host_data,,
RNAVirHost,Chrysanthemum,3.0,Plants,Plants  (not resolved to species),not species-resolved,Plants,host_data,,
RNAVirHost,Chrysopidae,3.0,Insects,Insects  (not resolved to species),not species-resolved,Invertebrates,host_data,,
RNAVirHost,Cichorium intybus,3.0,Plants,Plants  (not resolved to species),not species-resolved,Plants,host_data,Cichorium intybus,
RNAVirHost,Citrus unshiu,3.0,Plants,Plants  (not resolved to species),not species-resolved,Plants,host_data,Citrus unshiu,
RNAVirHost,Claytonia virginica,3.0,Plants,Plants  (not resolved to species),not species-resolved,Plants,host_data,Claytonia virginica,
RNAVirHost,Clematis,3.0,Plants,Plants  (not resolved to species),not species-resolved,Plants,host_data,,
RNAVirHost,Cnidium officinale,3.0,Plants,Plants  (not resolved to species),not species-resolved,Plants,host_data,Cnidium officinale,
RNAVirHost,Colletotrichum gloeosporioides,3.0,Fungi,Fungi  (not resolved to species),not species-resolved,Fungi,host_data,Colletotrichum gloeosporioides,
RNAVirHost,Corvus,3.0,Birds,Birds  (not resolved to species),not species-resolved,Non-mammalian vertebrates,host_data,,
RNAVirHost,Corvus brachyrhynchos,3.0,Birds,Birds  (not resolved to species),not species-resolved,Non-mammalian vertebrates,host_data,Corvus brachyrhynchos,
RNAVirHost,Crossorhombus,3.0,Fish,Fish  (not resolved to species),not species-resolved,Non-mammalian vertebrates,host_data,,
RNAVirHost,Ctenopharyngodon idellus,3.0,Fish,Fish  (not resolved to species),not species-resolved,Non-mammalian vertebrates,host_data,Ctenopharyngodon idellus,
RNAVirHost,Cucurbita ficifolia,3.0,Plants,Plants  (not resolved to species),not species-resolved,Plants,host_data,Cucurbita ficifolia,
RNAVirHost,Culex annulus,3.0,Insects,Insects  (not resolved to species),not species-resolved,Invertebrates,host_data,Culex annulus,
RNAVirHost,Culex rubinotus,3.0,Insects,Insects  (not resolved to species),not species-resolved,Invertebrates,host_data,Culex rubinotus,
RNAVirHost,Culicidae sp.,3.0,Insects,Insects  (not resolved to species),not species-resolved,Invertebrates,host_data,Culicidae sp.,
RNAVirHost,Cynops orientalis,3.0,Amphibians,Amphibians  (not resolved to species),not species-resolved,Non-mammalian vertebrates,host_data,Cynops orientalis,
RNAVirHost,Dahlia,3.0,Plants,Plants  (not resolved to species),not species-resolved,Plants,host_data,,
RNAVirHost,Dendrobium,3.0,Plants,Plants  (not resolved to species),not species-resolved,Plants,host_data,,
RNAVirHost,Dermacentor,3.0,Arachnids,Arachnids  (not resolved to species),not species-resolved,Invertebrates,host_data,,
RNAVirHost,Dianthus barbatus,3.0,Plants,Plants  (not resolved to species),not species-resolved,Plants,host_data,Dianthus barbatus,
RNAVirHost,Diaporthe pseudophoenicicola,3.0,Fungi,Fungi  (not resolved to species),not species-resolved,Fungi,host_data,Diaporthe pseudophoenicicola,
RNAVirHost,Didelphis marsupialis,3.0,Other/unresolved mammals,Other/unresolved mammals  (not resolved to species),not species-resolved,Mammals,host_data,Didelphis marsupialis,
RNAVirHost,Dipseliopoda,3.0,Insects,Insects  (not resolved to species),not species-resolved,Invertebrates,host_data,,
RNAVirHost,Echinochloa,3.0,Plants,Plants  (not resolved to species),not species-resolved,Plants,host_data,,
RNAVirHost,Eothenomys melanogaster,3.0,Rodents,Rodents  (not resolved to species),not species-resolved,Mammals,host_data,Eothenomys melanogaster,
RNAVirHost,Felis domesticus,3.0,Carnivores,Carnivores  (not resolved to species),not species-resolved,Mammals,host_data,Felis domesticus,
RNAVirHost,Formicidae,3.0,Insects,Insects  (not resolved to species),not species-resolved,Invertebrates,host_data,,
RNAVirHost,Geotrichum candidum,3.0,Fungi,Fungi  (not resolved to species),not species-resolved,Fungi,host_data,Geotrichum candidum,
RNAVirHost,Glebionis segetum,3.0,Plants,Plants  (not resolved to species),not species-resolved,Plants,host_data,Glebionis segetum,
RNAVirHost,Gossypium herbaceum,3.0,Plants,Plants  (not resolved to species),not species-resolved,Plants,host_data,Gossypium herbaceum,
RNAVirHost,Gymnadenia rhellicani,3.0,Plants,Plants  (not resolved to species),not species-resolved,Plants,host_data,Gymnadenia rhellicani,
RNAVirHost,Gynura japonica,3.0,Plants,Plants  (not resolved to species),not species-resolved,Plants,host_data,Gynura japonica,
RNAVirHost,Haemaphysalis sp.,3.0,Arachnids,Arachnids  (not resolved to species),not species-resolved,Invertebrates,host_data,Haemaphysalis sp.,
RNAVirHost,Hemidactylus bowringii,3.0,Reptiles,Reptiles  (not resolved to species),not species-resolved,Non-mammalian vertebrates,host_data,Hemidactylus bowringii,
RNAVirHost,Hibiscus,3.0,Plants,Plants  (not resolved to species),not species-resolved,Plants,host_data,,
RNAVirHost,Hippoglossus hippoglossus,3.0,Fish,Fish  (not resolved to species),not species-resolved,Non-mammalian vertebrates,host_data,Hippoglossus hippoglossus,
RNAVirHost,Hipposideros caffer,3.0,Bats,Bats  (not resolved to species),not species-resolved,Mammals,host_data,Hipposideros caffer,
RNAVirHost,Histiostoma,3.0,Arachnids,Arachnids  (not resolved to species),not species-resolved,Invertebrates,host_data,,
RNAVirHost,Hydrangea,3.0,Plants,Plants  (not resolved to species),not species-resolved,Plants,host_data,,
RNAVirHost,Hylocereus polyrhizus,3.0,Plants,Plants  (not resolved to species),not species-resolved,Plants,host_data,Hylocereus polyrhizus,
RNAVirHost,Ixodes signatus,3.0,Arachnids,Arachnids  (not resolved to species),not species-resolved,Invertebrates,host_data,Ixodes signatus,
RNAVirHost,Lactuca virosa,3.0,Plants,Plants  (not resolved to species),not species-resolved,Plants,host_data,Lactuca virosa,
RNAVirHost,Laodelphax striatellus,3.0,Insects,Insects  (not resolved to species),not species-resolved,Invertebrates,host_data,Laodelphax striatellus,
RNAVirHost,Larroussius,3.0,Insects,Insects  (not resolved to species),not species-resolved,Invertebrates,host_data,,
RNAVirHost,Lasionycteris noctivagans,3.0,Bats,Bats  (not resolved to species),not species-resolved,Mammals,host_data,Lasionycteris noctivagans,
RNAVirHost,Lemniscomys striatus,3.0,Rodents,Rodents  (not resolved to species),not species-resolved,Mammals,host_data,Lemniscomys striatus,
RNAVirHost,Lepeophtheirus salmonis,3.0,Other invertebrates,Other invertebrates  (not resolved to species),not species-resolved,Invertebrates,host_data,Lepeophtheirus salmonis,
RNAVirHost,Lupinus luteus,3.0,Plants,Plants  (not resolved to species),not species-resolved,Plants,host_data,Lupinus luteus,
RNAVirHost,Malacorhynchus membranaceus,3.0,Birds,Birds  (not resolved to species),not species-resolved,Non-mammalian vertebrates,host_data,Malacorhynchus membranaceus,
RNAVirHost,Marmota caudata,3.0,Rodents,Rodents  (not resolved to species),not species-resolved,Mammals,host_data,Marmota caudata,
RNAVirHost,Mauremys megalocephala,3.0,Reptiles,Reptiles  (not resolved to species),not species-resolved,Non-mammalian vertebrates,host_data,Mauremys megalocephala,
RNAVirHost,Melanerpes carolinus,3.0,Birds,Birds  (not resolved to species),not species-resolved,Non-mammalian vertebrates,host_data,Melanerpes carolinus,
RNAVirHost,Melilotus officinalis,3.0,Plants,Plants  (not resolved to species),not species-resolved,Plants,host_data,Melilotus officinalis,
RNAVirHost,Micropterus salmoides,3.0,Fish,Fish  (not resolved to species),not species-resolved,Non-mammalian vertebrates,host_data,Micropterus salmoides,
RNAVirHost,Miniopterus griveaudi,3.0,Bats,Bats  (not resolved to species),not species-resolved,Mammals,host_data,Miniopterus griveaudi,
RNAVirHost,Morus,3.0,Plants,Plants  (not resolved to species),not species-resolved,Plants,host_data,,
RNAVirHost,Musa ABB Group,3.0,Plants,Plants  (not resolved to species),not species-resolved,Plants,host_data,,
RNAVirHost,Musa hybrid cultivar,3.0,Plants,Plants  (not resolved to species),not species-resolved,Plants,host_data,Musa hybrid,
RNAVirHost,Myriapoda,3.0,Other invertebrates,Other invertebrates  (not resolved to species),not species-resolved,Invertebrates,host_data,,
RNAVirHost,Myrrophis chinensis,3.0,Reptiles,Reptiles  (not resolved to species),not species-resolved,Non-mammalian vertebrates,host_data,Myrrophis chinensis,
RNAVirHost,Nyctalus noctula,3.0,Bats,Bats  (not resolved to species),not species-resolved,Mammals,host_data,Nyctalus noctula,
RNAVirHost,Nymphicus hollandicus,3.0,Birds,Birds  (not resolved to species),not species-resolved,Non-mammalian vertebrates,host_data,Nymphicus hollandicus,
RNAVirHost,Nyssomyia ylephiletor,3.0,Insects,Insects  (not resolved to species),not species-resolved,Invertebrates,host_data,Nyssomyia ylephiletor,
RNAVirHost,Ochlerotatus dorsalis,3.0,Insects,Insects  (not resolved to species),not species-resolved,Invertebrates,host_data,Ochlerotatus dorsalis,
RNAVirHost,Odontoglossum,3.0,Plants,Plants  (not resolved to species),not species-resolved,Plants,host_data,,
RNAVirHost,Okamejei acutispina,3.0,Fish,Fish  (not resolved to species),not species-resolved,Non-mammalian vertebrates,host_data,Okamejei acutispina,
RNAVirHost,Oncidium,3.0,Plants,Plants  (not resolved to species),not species-resolved,Plants,host_data,,
RNAVirHost,Ornithodoros sp.,3.0,Arachnids,Arachnids  (not resolved to species),not species-resolved,Invertebrates,host_data,Ornithodoros sp.,
RNAVirHost,Paguroidea,3.0,Other invertebrates,Other invertebrates  (not resolved to species),not species-resolved,Invertebrates,host_data,,
RNAVirHost,Perdix perdix,3.0,Birds,Birds  (not resolved to species),not species-resolved,Non-mammalian vertebrates,host_data,Perdix perdix,
RNAVirHost,Peromyscus leucopus,3.0,Rodents,Rodents  (not resolved to species),not species-resolved,Mammals,host_data,Peromyscus leucopus,
RNAVirHost,Phalaenopsis,3.0,Plants,Plants  (not resolved to species),not species-resolved,Plants,host_data,,
RNAVirHost,Philadelphus,3.0,Plants,Plants  (not resolved to species),not species-resolved,Plants,host_data,,
RNAVirHost,Phlebotomus tobbi,3.0,Insects,Insects  (not resolved to species),not species-resolved,Invertebrates,host_data,Phlebotomus tobbi,
RNAVirHost,Ploceus ocularis,3.0,Birds,Birds  (not resolved to species),not species-resolved,Non-mammalian vertebrates,host_data,Ploceus ocularis,
RNAVirHost,Poa trivialis,3.0,Plants,Plants  (not resolved to species),not species-resolved,Plants,host_data,Poa trivialis,
RNAVirHost,Polydesmidae,3.0,Other invertebrates,Other invertebrates  (not resolved to species),not species-resolved,Invertebrates,host_data,,
RNAVirHost,Praomys jacksoni,3.0,Rodents,Rodents  (not resolved to species),not species-resolved,Mammals,host_data,Praomys jacksoni,
RNAVirHost,Primates,3.0,Non-human primates,Non-human primates  (not resolved to species),not species-resolved,Mammals,host_data,,
RNAVirHost,Progne subis,3.0,Birds,Birds  (not resolved to species),not species-resolved,Non-mammalian vertebrates,host_data,Progne subis,
RNAVirHost,Propithecus diadema,3.0,Non-human primates,Non-human primates  (not resolved to species),not species-resolved,Mammals,host_data,Propithecus diadema,
RNAVirHost,Prunus serrulata,3.0,Plants,Plants  (not resolved to species),not species-resolved,Plants,host_data,Prunus serrulata,
RNAVirHost,Prunus sp.,3.0,Plants,Plants  (not resolved to species),not species-resolved,Plants,host_data,Prunus sp.,
RNAVirHost,Prunus spinosa,3.0,Plants,Plants  (not resolved to species),not species-resolved,Plants,host_data,Prunus spinosa,
RNAVirHost,Pteropus alecto,3.0,Bats,Bats  (not resolved to species),not species-resolved,Mammals,host_data,Pteropus alecto,
RNAVirHost,Pterostylis curta,3.0,Plants,Plants  (not resolved to species),not species-resolved,Plants,host_data,Pterostylis curta,
RNAVirHost,Pygiopsylla,3.0,Insects,Insects  (not resolved to species),not species-resolved,Invertebrates,host_data,,
RNAVirHost,Rhinolophus,3.0,Bats,Bats  (not resolved to species),not species-resolved,Mammals,host_data,,
RNAVirHost,Rhipicephalus bursa,3.0,Arachnids,Arachnids  (not resolved to species),not species-resolved,Invertebrates,host_data,Rhipicephalus bursa,
RNAVirHost,Rosa setigera,3.0,Plants,Plants  (not resolved to species),not species-resolved,Plants,host_data,Rosa setigera,
RNAVirHost,Rubus plicatus,3.0,Plants,Plants  (not resolved to species),not species-resolved,Plants,host_data,Rubus plicatus,
RNAVirHost,Rudbeckia,3.0,Plants,Plants  (not resolved to species),not species-resolved,Plants,host_data,,
RNAVirHost,Sabethini,3.0,Insects,Insects  (not resolved to species),not species-resolved,Invertebrates,host_data,,
RNAVirHost,Schlumbergera,3.0,Plants,Plants  (not resolved to species),not species-resolved,Plants,host_data,,
RNAVirHost,Senna sophera,3.0,Plants,Plants  (not resolved to species),not species-resolved,Plants,host_data,Senna sophera,
RNAVirHost,Silene,3.0,Plants,Plants  (not resolved to species),not species-resolved,Plants,host_data,,
RNAVirHost,Stylosanthes guianensis,3.0,Plants,Plants  (not resolved to species),not species-resolved,Plants,host_data,Stylosanthes guianensis,
RNAVirHost,Teramnus repens,3.0,Plants,Plants  (not resolved to species),not species-resolved,Plants,host_data,Teramnus repens,
RNAVirHost,Torenia fournieri,3.0,Plants,Plants  (not resolved to species),not species-resolved,Plants,host_data,Torenia fournieri,
RNAVirHost,Triacanthodes anomalus,3.0,Fish,Fish  (not resolved to species),not species-resolved,Non-mammalian vertebrates,host_data,Triacanthodes anomalus,
RNAVirHost,Trichoprosopon,3.0,Insects,Insects  (not resolved to species),not species-resolved,Invertebrates,host_data,,
RNAVirHost,Trifolium vesiculosum,3.0,Plants,Plants  (not resolved to species),not species-resolved,Plants,host_data,Trifolium vesiculosum,
RNAVirHost,Ullucus tuberosus,3.0,Plants,Plants  (not resolved to species),not species-resolved,Plants,host_data,Ullucus tuberosus,
RNAVirHost,Uranotaenia,3.0,Insects,Insects  (not resolved to species),not species-resolved,Invertebrates,host_data,,
RNAVirHost,Vanda,3.0,Plants,Plants  (not resolved to species),not species-resolved,Plants,host_data,,
RNAVirHost,Veronica,3.0,Plants,Plants  (not resolved to species),not species-resolved,Plants,host_data,,
RNAVirHost,Viburnum opulus,3.0,Plants,Plants  (not resolved to species),not species-resolved,Plants,host_data,Viburnum opulus,
RNAVirHost,Vitis rupestris,3.0,Plants,Plants  (not resolved to species),not species-resolved,Plants,host_data,Vitis rupestris,
RNAVirHost,Wyeomyia,3.0,Insects,Insects  (not resolved to species),not species-resolved,Invertebrates,host_data,,
RNAVirHost,(Citrus unshiu x Citrus sinensis) x Citrus reticulata,2.0,Plants,Plants  (not resolved to species),not species-resolved,Plants,host_data,,
RNAVirHost,Achyranthes bidentata,2.0,Plants,Plants  (not resolved to species),not species-resolved,Plants,host_data,Achyranthes bidentata,
RNAVirHost,Aedes communis,2.0,Insects,Insects  (not resolved to species),not species-resolved,Invertebrates,host_data,Aedes communis,
RNAVirHost,Aedes infirmatus,2.0,Insects,Insects  (not resolved to species),not species-resolved,Invertebrates,host_data,Aedes infirmatus,
RNAVirHost,Aedes nigripes,2.0,Insects,Insects  (not resolved to species),not species-resolved,Invertebrates,host_data,Aedes nigripes,
RNAVirHost,Aeonium,2.0,Plants,Plants  (not resolved to species),not species-resolved,Plants,host_data,,
RNAVirHost,Agave amica,2.0,Plants,Plants  (not resolved to species),not species-resolved,Plants,host_data,Agave amica,
RNAVirHost,Alliaria petiolata,2.0,Plants,Plants  (not resolved to species),not species-resolved,Plants,host_data,Alliaria petiolata,
RNAVirHost,Alouatta seniculus,2.0,Non-human primates,Non-human primates  (not resolved to species),not species-resolved,Mammals,host_data,Alouatta seniculus,
RNAVirHost,Amaranthus caudatus,2.0,Plants,Plants  (not resolved to species),not species-resolved,Plants,host_data,Amaranthus caudatus,
RNAVirHost,Amblyomma variegatum,2.0,Arachnids,Arachnids  (not resolved to species),not species-resolved,Invertebrates,host_data,Amblyomma variegatum,
RNAVirHost,Ambrosia psilostachya,2.0,Plants,Plants  (not resolved to species),not species-resolved,Plants,host_data,Ambrosia psilostachya,
RNAVirHost,Anas,2.0,Birds,Birds  (not resolved to species),not species-resolved,Non-mammalian vertebrates,host_data,,
RNAVirHost,Anatidae,2.0,Birds,Birds  (not resolved to species),not species-resolved,Non-mammalian vertebrates,host_data,,
RNAVirHost,Anemone,2.0,Plants,Plants  (not resolved to species),not species-resolved,Plants,host_data,,
RNAVirHost,Anisopteromalus calandrae,2.0,Insects,Insects  (not resolved to species),not species-resolved,Invertebrates,host_data,Anisopteromalus calandrae,
RNAVirHost,Anopheles amictus,2.0,Insects,Insects  (not resolved to species),not species-resolved,Invertebrates,host_data,Anopheles amictus,
RNAVirHost,Anthriscus cerefolium,2.0,Plants,Plants  (not resolved to species),not species-resolved,Plants,host_data,Anthriscus cerefolium,
RNAVirHost,Antricola delacruzi,2.0,Arachnids,Arachnids  (not resolved to species),not species-resolved,Invertebrates,host_data,Antricola delacruzi,
RNAVirHost,Apalone,2.0,Reptiles,Reptiles  (not resolved to species),not species-resolved,Non-mammalian vertebrates,host_data,,
RNAVirHost,Aphis gossypii,2.0,Insects,Insects  (not resolved to species),not species-resolved,Invertebrates,host_data,Aphis gossypii,
RNAVirHost,Apodemus chejuensis,2.0,Rodents,Rodents  (not resolved to species),not species-resolved,Mammals,host_data,Apodemus chejuensis,
RNAVirHost,Ardeidae,2.0,Birds,Birds  (not resolved to species),not species-resolved,Non-mammalian vertebrates,host_data,,
RNAVirHost,Arma chinensis,2.0,Insects,Insects  (not resolved to species),not species-resolved,Invertebrates,host_data,Arma chinensis,
RNAVirHost,Armillaria mellea,2.0,Fungi,Fungi  (not resolved to species),not species-resolved,Fungi,host_data,Armillaria mellea,
RNAVirHost,Arracacia,2.0,Plants,Plants  (not resolved to species),not species-resolved,Plants,host_data,,
RNAVirHost,Artibeus,2.0,Bats,Bats  (not resolved to species),not species-resolved,Mammals,host_data,,
RNAVirHost,Atriplex hortensis,2.0,Plants,Plants  (not resolved to species),not species-resolved,Plants,host_data,Atriplex hortensis,
RNAVirHost,Aucuba japonica,2.0,Plants,Plants  (not resolved to species),not species-resolved,Plants,host_data,Aucuba japonica,
RNAVirHost,Bacopa,2.0,Plants,Plants  (not resolved to species),not species-resolved,Plants,host_data,,
RNAVirHost,Balsamorhiza sagittata,2.0,Plants,Plants  (not resolved to species),not species-resolved,Plants,host_data,Balsamorhiza sagittata,
RNAVirHost,Bambusa xiashanensis,2.0,Plants,Plants  (not resolved to species),not species-resolved,Plants,host_data,Bambusa xiashanensis,
RNAVirHost,Banjos banjos,2.0,Fish,Fish  (not resolved to species),not species-resolved,Non-mammalian vertebrates,host_data,Banjos banjos,
RNAVirHost,Basella alba,2.0,Plants,Plants  (not resolved to species),not species-resolved,Plants,host_data,Basella alba,
RNAVirHost,Berkeleyomyces basicola,2.0,Fungi,Fungi  (not resolved to species),not species-resolved,Fungi,host_data,Berkeleyomyces basicola,
RNAVirHost,Betula,2.0,Plants,Plants  (not resolved to species),not species-resolved,Plants,host_data,,
RNAVirHost,Blitum capitatum,2.0,Plants,Plants  (not resolved to species),not species-resolved,Plants,host_data,Blitum capitatum,
RNAVirHost,Bolomys,2.0,Rodents,Rodents  (not resolved to species),not species-resolved,Mammals,host_data,,
RNAVirHost,Bos indicus,2.0,Ungulates,Ungulates  (not resolved to species),not species-resolved,Mammals,host_data,Bos indicus,
RNAVirHost,Bradypus variegatus,2.0,Other/unresolved mammals,Other/unresolved mammals  (not resolved to species),not species-resolved,Mammals,host_data,Bradypus variegatus,
RNAVirHost,Brassica nigra,2.0,Plants,Plants  (not resolved to species),not species-resolved,Plants,host_data,Brassica nigra,
RNAVirHost,Brugmansia x candida,2.0,Plants,Plants  (not resolved to species),not species-resolved,Plants,host_data,Brugmansia x candida,
RNAVirHost,Calotes versicolor,2.0,Reptiles,Reptiles  (not resolved to species),not species-resolved,Non-mammalian vertebrates,host_data,Calotes versicolor,
RNAVirHost,Camelus,2.0,Ungulates,Ungulates  (not resolved to species),not species-resolved,Mammals,host_data,,
RNAVirHost,Canavalia ensiformis,2.0,Plants,Plants  (not resolved to species),not species-resolved,Plants,host_data,Canavalia ensiformis,
RNAVirHost,Cardamine lilacina,2.0,Plants,Plants  (not resolved to species),not species-resolved,Plants,host_data,Cardamine lilacina,
RNAVirHost,Carios vespertilionis,2.0,Arachnids,Arachnids  (not resolved to species),not species-resolved,Invertebrates,host_data,Carios vespertilionis,
RNAVirHost,Carpotroche brasiliensis,2.0,Plants,Plants  (not resolved to species),not species-resolved,Plants,host_data,Carpotroche brasiliensis,
RNAVirHost,Cercopithecus lhoesti,2.0,Non-human primates,Non-human primates  (not resolved to species),not species-resolved,Mammals,host_data,Cercopithecus lhoesti,
RNAVirHost,Cercopithecus nictitans,2.0,Non-human primates,Non-human primates  (not resolved to species),not species-resolved,Mammals,host_data,Cercopithecus nictitans,
RNAVirHost,Chenopodiastrum hybridum,2.0,Plants,Plants  (not resolved to species),not species-resolved,Plants,host_data,Chenopodiastrum hybridum,
RNAVirHost,Chimaera,2.0,Fish,Fish  (not resolved to species),not species-resolved,Non-mammalian vertebrates,host_data,,
RNAVirHost,Choloepus hoffmanni,2.0,Other/unresolved mammals,Other/unresolved mammals  (not resolved to species),not species-resolved,Mammals,host_data,Choloepus hoffmanni,
RNAVirHost,Cicadella viridis,2.0,Insects,Insects  (not resolved to species),not species-resolved,Invertebrates,host_data,Cicadella viridis,
RNAVirHost,Cichorium endivia,2.0,Plants,Plants  (not resolved to species),not species-resolved,Plants,host_data,Cichorium endivia,
RNAVirHost,Cirripedia,2.0,Other invertebrates,Other invertebrates  (not resolved to species),not species-resolved,Invertebrates,host_data,,
RNAVirHost,Citrus jambhiri,2.0,Plants,Plants  (not resolved to species),not species-resolved,Plants,host_data,Citrus jambhiri,
RNAVirHost,Clarireedia homoeocarpa,2.0,Fungi,Fungi  (not resolved to species),not species-resolved,Fungi,host_data,Clarireedia homoeocarpa,
RNAVirHost,Clerodendrum,2.0,Plants,Plants  (not resolved to species),not species-resolved,Plants,host_data,,
RNAVirHost,Clivia miniata,2.0,Plants,Plants  (not resolved to species),not species-resolved,Plants,host_data,Clivia miniata,
RNAVirHost,Coelogyne,2.0,Plants,Plants  (not resolved to species),not species-resolved,Plants,host_data,,
RNAVirHost,Coffea arabica,2.0,Plants,Plants  (not resolved to species),not species-resolved,Plants,host_data,Coffea arabica,
RNAVirHost,Coilia mystus,2.0,Fish,Fish  (not resolved to species),not species-resolved,Non-mammalian vertebrates,host_data,Coilia mystus,
RNAVirHost,Coleoptera,2.0,Insects,Insects  (not resolved to species),not species-resolved,Invertebrates,host_data,,
RNAVirHost,Conger japonicus,2.0,Fish,Fish  (not resolved to species),not species-resolved,Non-mammalian vertebrates,host_data,Conger japonicus,
RNAVirHost,Cornus,2.0,Plants,Plants  (not resolved to species),not species-resolved,Plants,host_data,,
RNAVirHost,Cornus florida,2.0,Plants,Plants  (not resolved to species),not species-resolved,Plants,host_data,Cornus florida,
RNAVirHost,Corylus,2.0,Plants,Plants  (not resolved to species),not species-resolved,Plants,host_data,,
RNAVirHost,Corynespora cassiicola,2.0,Fungi,Fungi  (not resolved to species),not species-resolved,Fungi,host_data,Corynespora cassiicola,
RNAVirHost,Crataegus,2.0,Plants,Plants  (not resolved to species),not species-resolved,Plants,host_data,,
RNAVirHost,Crataegus pinnatifida,2.0,Plants,Plants  (not resolved to species),not species-resolved,Plants,host_data,Crataegus pinnatifida,
RNAVirHost,Crepis neglecta,2.0,Plants,Plants  (not resolved to species),not species-resolved,Plants,host_data,Crepis neglecta,
RNAVirHost,Crocidura attenuata,2.0,Other/unresolved mammals,Other/unresolved mammals  (not resolved to species),not species-resolved,Mammals,host_data,Crocidura attenuata,
RNAVirHost,Crocidura russula,2.0,Other/unresolved mammals,Other/unresolved mammals  (not resolved to species),not species-resolved,Mammals,host_data,Crocidura russula,
RNAVirHost,Crotalaria,2.0,Plants,Plants  (not resolved to species),not species-resolved,Plants,host_data,,
RNAVirHost,Culex perfuscus,2.0,Insects,Insects  (not resolved to species),not species-resolved,Invertebrates,host_data,Culex perfuscus,
RNAVirHost,Culex pseudovishnui,2.0,Insects,Insects  (not resolved to species),not species-resolved,Invertebrates,host_data,Culex pseudovishnui,
RNAVirHost,Culiseta minnesotae,2.0,Insects,Insects  (not resolved to species),not species-resolved,Invertebrates,host_data,Culiseta minnesotae,
RNAVirHost,Cyanocitta cristata,2.0,Birds,Birds  (not resolved to species),not species-resolved,Non-mammalian vertebrates,host_data,Cyanocitta cristata,
RNAVirHost,Cymodocea nodosa,2.0,Plants,Plants  (not resolved to species),not species-resolved,Plants,host_data,Cymodocea nodosa,
RNAVirHost,Cynodon dactylon x Cynodon transvaalensis,2.0,Plants,Plants  (not resolved to species),not species-resolved,Plants,host_data,Cynodon dactylon x Cynodon transvaalensis,
RNAVirHost,Cynoglossus,2.0,Fish,Fish  (not resolved to species),not species-resolved,Non-mammalian vertebrates,host_data,,
RNAVirHost,Daphne,2.0,Plants,Plants  (not resolved to species),not species-resolved,Plants,host_data,,
RNAVirHost,Davidia involucrata,2.0,Plants,Plants  (not resolved to species),not species-resolved,Plants,host_data,Davidia involucrata,
RNAVirHost,Delphinium,2.0,Plants,Plants  (not resolved to species),not species-resolved,Plants,host_data,,
RNAVirHost,Diaporthe longicolla,2.0,Fungi,Fungi  (not resolved to species),not species-resolved,Fungi,host_data,Diaporthe longicolla,
RNAVirHost,Diaporthe vexans,2.0,Fungi,Fungi  (not resolved to species),not species-resolved,Fungi,host_data,Diaporthe vexans,
RNAVirHost,Diascia,2.0,Plants,Plants  (not resolved to species),not species-resolved,Plants,host_data,,
RNAVirHost,Dichopogon,2.0,Plants,Plants  (not resolved to species),not species-resolved,Plants,host_data,,
RNAVirHost,Diodia virginiana,2.0,Plants,Plants  (not resolved to species),not species-resolved,Plants,host_data,Diodia virginiana,
RNAVirHost,Dioscorea bulbifera,2.0,Plants,Plants  (not resolved to species),not species-resolved,Plants,host_data,Dioscorea bulbifera,
RNAVirHost,Dioscorea oppositifolia,2.0,Plants,Plants  (not resolved to species),not species-resolved,Plants,host_data,Dioscorea oppositifolia,
RNAVirHost,Dioscorea zingiberensis,2.0,Plants,Plants  (not resolved to species),not species-resolved,Plants,host_data,Dioscorea zingiberensis,
RNAVirHost,Diplocarpon rosae,2.0,Fungi,Fungi  (not resolved to species),not species-resolved,Fungi,host_data,Diplocarpon rosae,
RNAVirHost,Drakaea,2.0,Plants,Plants  (not resolved to species),not species-resolved,Plants,host_data,,
RNAVirHost,Drosophila sturtevanti,2.0,Insects,Insects  (not resolved to species),not species-resolved,Invertebrates,host_data,Drosophila sturtevanti,
RNAVirHost,Echinodermata,2.0,Other invertebrates,Other invertebrates  (not resolved to species),not species-resolved,Invertebrates,host_data,,
RNAVirHost,Entoleuca sp.,2.0,Fungi,Fungi  (not resolved to species),not species-resolved,Fungi,host_data,Entoleuca sp.,
RNAVirHost,Eonycteris spelaea,2.0,Bats,Bats  (not resolved to species),not species-resolved,Mammals,host_data,Eonycteris spelaea,
RNAVirHost,Eothenomys inez,2.0,Rodents,Rodents  (not resolved to species),not species-resolved,Mammals,host_data,Eothenomys inez,
RNAVirHost,Eretmapodites,2.0,Insects,Insects  (not resolved to species),not species-resolved,Invertebrates,host_data,,
RNAVirHost,Euryoryzomys macconnelli,2.0,Rodents,Rodents  (not resolved to species),not species-resolved,Mammals,host_data,Euryoryzomys macconnelli,
RNAVirHost,Eustoma,2.0,Plants,Plants  (not resolved to species),not species-resolved,Plants,host_data,,
RNAVirHost,Exitianus exitiosus,2.0,Insects,Insects  (not resolved to species),not species-resolved,Invertebrates,host_data,Exitianus exitiosus,
RNAVirHost,Fusarium sacchari,2.0,Fungi,Fungi  (not resolved to species),not species-resolved,Fungi,host_data,Fusarium sacchari,
RNAVirHost,Fusarium silvicola,2.0,Fungi,Fungi  (not resolved to species),not species-resolved,Fungi,host_data,Fusarium silvicola,
RNAVirHost,Galliformes,2.0,Birds,Birds  (not resolved to species),not species-resolved,Non-mammalian vertebrates,host_data,,
RNAVirHost,Gomphocarpus physocarpus,2.0,Plants,Plants  (not resolved to species),not species-resolved,Plants,host_data,Gomphocarpus physocarpus,
RNAVirHost,Gonipterus platensis,2.0,Insects,Insects  (not resolved to species),not species-resolved,Invertebrates,host_data,Gonipterus platensis,
RNAVirHost,Gonorynchus abbreviatus,2.0,Fish,Fish  (not resolved to species),not species-resolved,Non-mammalian vertebrates,host_data,Gonorynchus abbreviatus,
RNAVirHost,Grammomys macmillani,2.0,Rodents,Rodents  (not resolved to species),not species-resolved,Mammals,host_data,Grammomys macmillani,
RNAVirHost,Halieutaea stellata,2.0,Fish,Fish  (not resolved to species),not species-resolved,Non-mammalian vertebrates,host_data,Halieutaea stellata,
RNAVirHost,Hebius popei,2.0,Reptiles,Reptiles  (not resolved to species),not species-resolved,Non-mammalian vertebrates,host_data,Hebius popei,
RNAVirHost,Helminthotheca echioides,2.0,Plants,Plants  (not resolved to species),not species-resolved,Plants,host_data,Helminthotheca echioides,
RNAVirHost,Hemerocallis,2.0,Plants,Plants  (not resolved to species),not species-resolved,Plants,host_data,,
RNAVirHost,Heracleum moellendorffii,2.0,Plants,Plants  (not resolved to species),not species-resolved,Plants,host_data,Heracleum moellendorffii,
RNAVirHost,Heterodontonyx,2.0,Insects,Insects  (not resolved to species),not species-resolved,Invertebrates,host_data,,
RNAVirHost,Hipposideros,2.0,Bats,Bats  (not resolved to species),not species-resolved,Mammals,host_data,,
RNAVirHost,Hoplichthys,2.0,Fish,Fish  (not resolved to species),not species-resolved,Non-mammalian vertebrates,host_data,,
RNAVirHost,Hospitalitermes bicolor,2.0,Insects,Insects  (not resolved to species),not species-resolved,Invertebrates,host_data,Hospitalitermes bicolor,
RNAVirHost,Hosta fortunei,2.0,Plants,Plants  (not resolved to species),not species-resolved,Plants,host_data,Hosta fortunei,
RNAVirHost,Hovenia dulcis,2.0,Plants,Plants  (not resolved to species),not species-resolved,Plants,host_data,Hovenia dulcis,
RNAVirHost,Hyalomma aegyptium,2.0,Arachnids,Arachnids  (not resolved to species),not species-resolved,Invertebrates,host_data,Hyalomma aegyptium,
RNAVirHost,Hyalomma marginatum,2.0,Arachnids,Arachnids  (not resolved to species),not species-resolved,Invertebrates,host_data,Hyalomma marginatum,
RNAVirHost,Hyalomma rufipes,2.0,Arachnids,Arachnids  (not resolved to species),not species-resolved,Invertebrates,host_data,Hyalomma rufipes,
RNAVirHost,Hylaeamys perenensis,2.0,Rodents,Rodents  (not resolved to species),not species-resolved,Mammals,host_data,Hylaeamys perenensis,
RNAVirHost,Hylaeamys yunganus,2.0,Rodents,Rodents  (not resolved to species),not species-resolved,Mammals,host_data,Hylaeamys yunganus,
RNAVirHost,Hylocereus,2.0,Plants,Plants  (not resolved to species),not species-resolved,Plants,host_data,,
RNAVirHost,Hylomyscus,2.0,Rodents,Rodents  (not resolved to species),not species-resolved,Mammals,host_data,,
RNAVirHost,Hylomyscus pamfi,2.0,Rodents,Rodents  (not resolved to species),not species-resolved,Mammals,host_data,Hylomyscus pamfi,
RNAVirHost,Hypochaeris,2.0,Plants,Plants  (not resolved to species),not species-resolved,Plants,host_data,,
RNAVirHost,Hypsugo savii,2.0,Bats,Bats  (not resolved to species),not species-resolved,Mammals,host_data,Hypsugo savii,
RNAVirHost,Ipomoea,2.0,Plants,Plants  (not resolved to species),not species-resolved,Plants,host_data,,
RNAVirHost,Ipomoea purpurea,2.0,Plants,Plants  (not resolved to species),not species-resolved,Plants,host_data,Ipomoea purpurea,
RNAVirHost,Ipomoea tricolor,2.0,Plants,Plants  (not resolved to species),not species-resolved,Plants,host_data,Ipomoea tricolor,
RNAVirHost,Lamium amplexicaule,2.0,Plants,Plants  (not resolved to species),not species-resolved,Plants,host_data,Lamium amplexicaule,
RNAVirHost,Leibnitzia anandria,2.0,Plants,Plants  (not resolved to species),not species-resolved,Plants,host_data,Leibnitzia anandria,
RNAVirHost,Leonurus cardiaca,2.0,Plants,Plants  (not resolved to species),not species-resolved,Plants,host_data,Leonurus cardiaca,
RNAVirHost,Lepidotrigla,2.0,Fish,Fish  (not resolved to species),not species-resolved,Non-mammalian vertebrates,host_data,,
RNAVirHost,Leveillula taurica,2.0,Fungi,Fungi  (not resolved to species),not species-resolved,Fungi,host_data,Leveillula taurica,
RNAVirHost,Ligustrum,2.0,Plants,Plants  (not resolved to species),not species-resolved,Plants,host_data,,
RNAVirHost,Ligustrum vulgare,2.0,Plants,Plants  (not resolved to species),not species-resolved,Plants,host_data,Ligustrum vulgare,
RNAVirHost,Limonium sinuatum,2.0,Plants,Plants  (not resolved to species),not species-resolved,Plants,host_data,Limonium sinuatum,
RNAVirHost,Lindernia crustacea,2.0,Plants,Plants  (not resolved to species),not species-resolved,Plants,host_data,Lindernia crustacea,
RNAVirHost,Lissonycteris angolensis ruwenzorii,2.0,Bats,Bats  (not resolved to species),not species-resolved,Mammals,host_data,Lissonycteris angolensis,
RNAVirHost,Lobelia,2.0,Plants,Plants  (not resolved to species),not species-resolved,Plants,host_data,,
RNAVirHost,Lolium multiflorum,2.0,Plants,Plants  (not resolved to species),not species-resolved,Plants,host_data,Lolium multiflorum,
RNAVirHost,Lophuromys stanleyi,2.0,Rodents,Rodents  (not resolved to species),not species-resolved,Mammals,host_data,Lophuromys stanleyi,
RNAVirHost,Lychnis,2.0,Plants,Plants  (not resolved to species),not species-resolved,Plants,host_data,,
RNAVirHost,Lycodon rufozonatus,2.0,Reptiles,Reptiles  (not resolved to species),not species-resolved,Non-mammalian vertebrates,host_data,Lycodon rufozonatus,
RNAVirHost,Macaca arctoides,2.0,Non-human primates,Non-human primates  (not resolved to species),not species-resolved,Mammals,host_data,Macaca arctoides,
RNAVirHost,Macronycteris commersoni,2.0,Bats,Bats  (not resolved to species),not species-resolved,Mammals,host_data,Macronycteris commersoni,
RNAVirHost,Macronycteris vittata,2.0,Bats,Bats  (not resolved to species),not species-resolved,Mammals,host_data,Macronycteris vittata,
RNAVirHost,Mallotus japonicus,2.0,Plants,Plants  (not resolved to species),not species-resolved,Plants,host_data,Mallotus japonicus,
RNAVirHost,Mandevilla,2.0,Plants,Plants  (not resolved to species),not species-resolved,Plants,host_data,,
RNAVirHost,Megaderma lyra,2.0,Bats,Bats  (not resolved to species),not species-resolved,Mammals,host_data,Megaderma lyra,
RNAVirHost,Melilotus,2.0,Plants,Plants  (not resolved to species),not species-resolved,Plants,host_data,,
RNAVirHost,Melophagus ovinus,2.0,Insects,Insects  (not resolved to species),not species-resolved,Invertebrates,host_data,Melophagus ovinus,
RNAVirHost,Mesocricetus,2.0,Other/unresolved mammals,Other/unresolved mammals  (not resolved to species),not species-resolved,Mammals,host_data,,
RNAVirHost,Mesomys hispidus,2.0,Rodents,Rodents  (not resolved to species),not species-resolved,Mammals,host_data,Mesomys hispidus,
RNAVirHost,Microhyla pulchra,2.0,Amphibians,Amphibians  (not resolved to species),not species-resolved,Non-mammalian vertebrates,host_data,Microhyla pulchra,
RNAVirHost,Microtus majori,2.0,Rodents,Rodents  (not resolved to species),not species-resolved,Mammals,host_data,Microtus majori,
RNAVirHost,Miltonia,2.0,Plants,Plants  (not resolved to species),not species-resolved,Plants,host_data,,
RNAVirHost,Miniopterus,2.0,Bats,Bats  (not resolved to species),not species-resolved,Mammals,host_data,,
RNAVirHost,Miscanthus sinensis,2.0,Plants,Plants  (not resolved to species),not species-resolved,Plants,host_data,Miscanthus sinensis,
RNAVirHost,Morchella esculenta,2.0,Fungi,Fungi  (not resolved to species),not species-resolved,Fungi,host_data,Morchella esculenta,
RNAVirHost,Morinda citrifolia,2.0,Plants,Plants  (not resolved to species),not species-resolved,Plants,host_data,Morinda citrifolia,
RNAVirHost,Mustelus manazo,2.0,Fish,Fish  (not resolved to species),not species-resolved,Non-mammalian vertebrates,host_data,Mustelus manazo,
RNAVirHost,Myodes regulus,2.0,Rodents,Rodents  (not resolved to species),not species-resolved,Mammals,host_data,Myodes regulus,
RNAVirHost,Myotis,2.0,Bats,Bats  (not resolved to species),not species-resolved,Mammals,host_data,,
RNAVirHost,Myotis altarium,2.0,Bats,Bats  (not resolved to species),not species-resolved,Mammals,host_data,Myotis altarium,
RNAVirHost,Nandina domestica,2.0,Plants,Plants  (not resolved to species),not species-resolved,Plants,host_data,Nandina domestica,
RNAVirHost,Nasturtium officinale,2.0,Plants,Plants  (not resolved to species),not species-resolved,Plants,host_data,Nasturtium officinale,
RNAVirHost,Neacomys musseri,2.0,Rodents,Rodents  (not resolved to species),not species-resolved,Mammals,host_data,Neacomys musseri,
RNAVirHost,Neacomys spinosus,2.0,Rodents,Rodents  (not resolved to species),not species-resolved,Mammals,host_data,Neacomys spinosus,
RNAVirHost,Neotoma,2.0,Rodents,Rodents  (not resolved to species),not species-resolved,Mammals,host_data,,
RNAVirHost,Niviventer,2.0,Rodents,Rodents  (not resolved to species),not species-resolved,Mammals,host_data,,
RNAVirHost,Numida meleagris,2.0,Birds,Birds  (not resolved to species),not species-resolved,Non-mammalian vertebrates,host_data,Numida meleagris,
RNAVirHost,Ochlerotatus abserratus,2.0,Insects,Insects  (not resolved to species),not species-resolved,Invertebrates,host_data,Ochlerotatus abserratus,
RNAVirHost,Ochlerotatus cantans,2.0,Insects,Insects  (not resolved to species),not species-resolved,Invertebrates,host_data,Ochlerotatus cantans,
RNAVirHost,Ochlerotatus communis,2.0,Insects,Insects  (not resolved to species),not species-resolved,Invertebrates,host_data,Ochlerotatus communis,
RNAVirHost,Ochlerotatus normanensis,2.0,Insects,Insects  (not resolved to species),not species-resolved,Invertebrates,host_data,Ochlerotatus normanensis,
RNAVirHost,Oecomys roberti,2.0,Rodents,Rodents  (not resolved to species),not species-resolved,Mammals,host_data,Oecomys roberti,
RNAVirHost,Oecomys sp.,2.0,Rodents,Rodents  (not resolved to species),not species-resolved,Mammals,host_data,Oecomys sp.,
RNAVirHost,Oehlia diaphana,2.0,Fungi,Fungi  (not resolved to species),not species-resolved,Fungi,host_data,Oehlia diaphana,
RNAVirHost,Oligoryzomys,2.0,Rodents,Rodents  (not resolved to species),not species-resolved,Mammals,host_data,,
RNAVirHost,Oligoryzomys utiaritensis,2.0,Rodents,Rodents  (not resolved to species),not species-resolved,Mammals,host_data,Oligoryzomys utiaritensis,
RNAVirHost,Ondatra zibethicus,2.0,Rodents,Rodents  (not resolved to species),not species-resolved,Mammals,host_data,Ondatra zibethicus,
RNAVirHost,Oniscidea,2.0,Other invertebrates,Other invertebrates  (not resolved to species),not species-resolved,Invertebrates,host_data,,
RNAVirHost,Opuntia,2.0,Plants,Plants  (not resolved to species),not species-resolved,Plants,host_data,,
RNAVirHost,Ornithogalum thyrsoides,2.0,Plants,Plants  (not resolved to species),not species-resolved,Plants,host_data,Ornithogalum thyrsoides,
RNAVirHost,Oryzomys couesi,2.0,Rodents,Rodents  (not resolved to species),not species-resolved,Mammals,host_data,Oryzomys couesi,
RNAVirHost,Pandanus amaryllifolius,2.0,Plants,Plants  (not resolved to species),not species-resolved,Plants,host_data,Pandanus amaryllifolius,
RNAVirHost,Pantholops hodgsonii,2.0,Ungulates,Ungulates  (not resolved to species),not species-resolved,Mammals,host_data,Pantholops hodgsonii,
RNAVirHost,Papaveraceae,2.0,Plants,Plants  (not resolved to species),not species-resolved,Plants,host_data,,
RNAVirHost,Paphiopedilum,2.0,Plants,Plants  (not resolved to species),not species-resolved,Plants,host_data,,
RNAVirHost,Parietaria officinalis,2.0,Plants,Plants  (not resolved to species),not species-resolved,Plants,host_data,Parietaria officinalis,
RNAVirHost,Paris polyphylla,2.0,Plants,Plants  (not resolved to species),not species-resolved,Plants,host_data,Paris polyphylla,
RNAVirHost,Penicillium roseopurpureum,2.0,Fungi,Fungi  (not resolved to species),not species-resolved,Fungi,host_data,Penicillium roseopurpureum,
RNAVirHost,Percidae,2.0,Fish,Fish  (not resolved to species),not species-resolved,Non-mammalian vertebrates,host_data,,
RNAVirHost,Peyerimhoffina gracilis,2.0,Insects,Insects  (not resolved to species),not species-resolved,Invertebrates,host_data,Peyerimhoffina gracilis,
RNAVirHost,Phaffia rhodozyma,2.0,Fungi,Fungi  (not resolved to species),not species-resolved,Fungi,host_data,Phaffia rhodozyma,
RNAVirHost,Phlebotomus neglectus,2.0,Insects,Insects  (not resolved to species),not species-resolved,Invertebrates,host_data,Phlebotomus neglectus,
RNAVirHost,Phlox,2.0,Plants,Plants  (not resolved to species),not species-resolved,Plants,host_data,,
RNAVirHost,Phlox subulata,2.0,Plants,Plants  (not resolved to species),not species-resolved,Plants,host_data,Phlox subulata,
RNAVirHost,Phymateus viridipes,2.0,Insects,Insects  (not resolved to species),not species-resolved,Invertebrates,host_data,Phymateus viridipes,
RNAVirHost,Physalis acutifolia,2.0,Plants,Plants  (not resolved to species),not species-resolved,Plants,host_data,Physalis acutifolia,
RNAVirHost,Pinellia pedatisecta,2.0,Plants,Plants  (not resolved to species),not species-resolved,Plants,host_data,Pinellia pedatisecta,
RNAVirHost,Platycodon grandiflorus,2.0,Plants,Plants  (not resolved to species),not species-resolved,Plants,host_data,Platycodon grandiflorus,
RNAVirHost,Pleosporales,2.0,Fungi,Fungi  (not resolved to species),not species-resolved,Fungi,host_data,,
RNAVirHost,Poaceae,2.0,Plants,Plants  (not resolved to species),not species-resolved,Plants,host_data,,
RNAVirHost,Polianthes tuberosa,2.0,Plants,Plants  (not resolved to species),not species-resolved,Plants,host_data,Polianthes tuberosa,
RNAVirHost,Polypedates megacephalus,2.0,Amphibians,Amphibians  (not resolved to species),not species-resolved,Non-mammalian vertebrates,host_data,Polypedates megacephalus,
RNAVirHost,Polyscias balfouriana,2.0,Plants,Plants  (not resolved to species),not species-resolved,Plants,host_data,Polyscias balfouriana,
RNAVirHost,Portulaca,2.0,Plants,Plants  (not resolved to species),not species-resolved,Plants,host_data,,
RNAVirHost,Prunus glandulosa,2.0,Plants,Plants  (not resolved to species),not species-resolved,Plants,host_data,Prunus glandulosa,
RNAVirHost,Prunus incisa,2.0,Plants,Plants  (not resolved to species),not species-resolved,Plants,host_data,Prunus incisa,
RNAVirHost,Prunus serrula,2.0,Plants,Plants  (not resolved to species),not species-resolved,Plants,host_data,Prunus serrula,
RNAVirHost,Pteropus lylei,2.0,Bats,Bats  (not resolved to species),not species-resolved,Mammals,host_data,Pteropus lylei,
RNAVirHost,Python brongersmai,2.0,Reptiles,Reptiles  (not resolved to species),not species-resolved,Non-mammalian vertebrates,host_data,Python brongersmai,
RNAVirHost,Renanthera,2.0,Plants,Plants  (not resolved to species),not species-resolved,Plants,host_data,,
RNAVirHost,Rheum,2.0,Plants,Plants  (not resolved to species),not species-resolved,Plants,host_data,,
RNAVirHost,Rheum rhabarbarum,2.0,Plants,Plants  (not resolved to species),not species-resolved,Plants,host_data,Rheum rhabarbarum,
RNAVirHost,Rhipicephalus sanguineus,2.0,Arachnids,Arachnids  (not resolved to species),not species-resolved,Invertebrates,host_data,Rhipicephalus sanguineus,
RNAVirHost,Rottboellia cochinchinensis,2.0,Plants,Plants  (not resolved to species),not species-resolved,Plants,host_data,Rottboellia cochinchinensis,
RNAVirHost,Rousettus,2.0,Bats,Bats  (not resolved to species),not species-resolved,Mammals,host_data,,
RNAVirHost,Saccharomyces paradoxus,2.0,Fungi,Fungi  (not resolved to species),not species-resolved,Fungi,host_data,Saccharomyces paradoxus,
RNAVirHost,Saguinus mystax,2.0,Non-human primates,Non-human primates  (not resolved to species),not species-resolved,Mammals,host_data,Saguinus mystax,
RNAVirHost,Saimiri,2.0,Non-human primates,Non-human primates  (not resolved to species),not species-resolved,Mammals,host_data,,
RNAVirHost,Scaptodrosophila deflexa,2.0,Insects,Insects  (not resolved to species),not species-resolved,Invertebrates,host_data,Scaptodrosophila deflexa,
RNAVirHost,Setaria,2.0,Plants,Plants  (not resolved to species),not species-resolved,Plants,host_data,,
RNAVirHost,Silene dioica,2.0,Plants,Plants  (not resolved to species),not species-resolved,Plants,host_data,Silene dioica,
RNAVirHost,Silene firma,2.0,Plants,Plants  (not resolved to species),not species-resolved,Plants,host_data,Silene firma,
RNAVirHost,Silene subgen. Lychnis,2.0,Plants,Plants  (not resolved to species),not species-resolved,Plants,host_data,Silene subgen.,
RNAVirHost,Solanum stenotomum subsp. goniocalyx,2.0,Plants,Plants  (not resolved to species),not species-resolved,Plants,host_data,Solanum stenotomum,
RNAVirHost,Sorex tundrensis,2.0,Other/unresolved mammals,Other/unresolved mammals  (not resolved to species),not species-resolved,Mammals,host_data,Sorex tundrensis,
RNAVirHost,Spergula arvensis,2.0,Plants,Plants  (not resolved to species),not species-resolved,Plants,host_data,Spergula arvensis,
RNAVirHost,Stenotaphrum secundatum,2.0,Plants,Plants  (not resolved to species),not species-resolved,Plants,host_data,Stenotaphrum secundatum,
RNAVirHost,Streptocarpus,2.0,Plants,Plants  (not resolved to species),not species-resolved,Plants,host_data,,
RNAVirHost,Sylvia curraca,2.0,Birds,Birds  (not resolved to species),not species-resolved,Non-mammalian vertebrates,host_data,Sylvia curraca,
RNAVirHost,Synodus macrops,2.0,Fish,Fish  (not resolved to species),not species-resolved,Non-mammalian vertebrates,host_data,Synodus macrops,
RNAVirHost,Tamias minimus,2.0,Rodents,Rodents  (not resolved to species),not species-resolved,Mammals,host_data,Tamias minimus,
RNAVirHost,Taraxacum kok-saghyz,2.0,Plants,Plants  (not resolved to species),not species-resolved,Plants,host_data,Taraxacum kok-saghyz,
RNAVirHost,Taraxacum officinale,2.0,Plants,Plants  (not resolved to species),not species-resolved,Plants,host_data,Taraxacum officinale,
RNAVirHost,Teratoscincus roborowskii,2.0,Reptiles,Reptiles  (not resolved to species),not species-resolved,Non-mammalian vertebrates,host_data,Teratoscincus roborowskii,
RNAVirHost,Tetranychus urticae,2.0,Arachnids,Arachnids  (not resolved to species),not species-resolved,Invertebrates,host_data,Tetranychus urticae,
RNAVirHost,Thamnaconus septentrionalis,2.0,Fish,Fish  (not resolved to species),not species-resolved,Non-mammalian vertebrates,host_data,Thamnaconus septentrionalis,
RNAVirHost,Theropithecus gelada,2.0,Non-human primates,Non-human primates  (not resolved to species),not species-resolved,Mammals,host_data,Theropithecus gelada,
RNAVirHost,Thevetia ahouai,2.0,Plants,Plants  (not resolved to species),not species-resolved,Plants,host_data,Thevetia ahouai,
RNAVirHost,Toona sinensis,2.0,Plants,Plants  (not resolved to species),not species-resolved,Plants,host_data,Toona sinensis,
RNAVirHost,Trachurus,2.0,Fish,Fish  (not resolved to species),not species-resolved,Non-mammalian vertebrates,host_data,,
RNAVirHost,Trifolium,2.0,Plants,Plants  (not resolved to species),not species-resolved,Plants,host_data,,
RNAVirHost,Tropaeolum tuberosum,2.0,Plants,Plants  (not resolved to species),not species-resolved,Plants,host_data,Tropaeolum tuberosum,
RNAVirHost,Turdus libonyana,2.0,Birds,Birds  (not resolved to species),not species-resolved,Non-mammalian vertebrates,host_data,Turdus libonyana,
RNAVirHost,Uranotaenia unguiculata,2.0,Insects,Insects  (not resolved to species),not species-resolved,Invertebrates,host_data,Uranotaenia unguiculata,
RNAVirHost,Urospermum dalechampii,2.0,Plants,Plants  (not resolved to species),not species-resolved,Plants,host_data,Urospermum dalechampii,
RNAVirHost,Valerianella locusta,2.0,Plants,Plants  (not resolved to species),not species-resolved,Plants,host_data,Valerianella locusta,
RNAVirHost,Varroa jacobsoni,2.0,Arachnids,Arachnids  (not resolved to species),not species-resolved,Invertebrates,host_data,Varroa jacobsoni,
RNAVirHost,Verbena,2.0,Plants,Plants  (not resolved to species),not species-resolved,Plants,host_data,,
RNAVirHost,Viburnum odoratissimum,2.0,Plants,Plants  (not resolved to species),not species-resolved,Plants,host_data,Viburnum odoratissimum,
RNAVirHost,Zantedeschia,2.0,Plants,Plants  (not resolved to species),not species-resolved,Plants,host_data,,
RNAVirHost,Zanthoxylum,2.0,Plants,Plants  (not resolved to species),not species-resolved,Plants,host_data,,
RNAVirHost,Ziziphus jujuba,2.0,Plants,Plants  (not resolved to species),not species-resolved,Plants,host_data,Ziziphus jujuba,
RNAVirHost,Zygosaccharomyces bailii,2.0,Fungi,Fungi  (not resolved to species),not species-resolved,Fungi,host_data,Zygosaccharomyces bailii,
RNAVirHost,citrus sinensis x Poncirus trifoliata,2.0,Plants,Plants  (not resolved to species),not species-resolved,Plants,host_data,,
RNAVirHost,impatiens,2.0,Plants,Plants  (not resolved to species),not species-resolved,Plants,host_data,,
RNAVirHost,Acanthopagrus latus,1.0,Fish,Fish  (not resolved to species),not species-resolved,Non-mammalian vertebrates,host_data,Acanthopagrus latus,
RNAVirHost,Acanthopagrus schlegelii,1.0,Fish,Fish  (not resolved to species),not species-resolved,Non-mammalian vertebrates,host_data,Acanthopagrus schlegelii,
RNAVirHost,Acidomyces richmondensis,1.0,Fungi,Fungi  (not resolved to species),not species-resolved,Fungi,host_data,Acidomyces richmondensis,
RNAVirHost,Acinopterus angulatus,1.0,Insects,Insects  (not resolved to species),not species-resolved,Invertebrates,host_data,Acinopterus angulatus,
RNAVirHost,Acomys wilsoni,1.0,Rodents,Rodents  (not resolved to species),not species-resolved,Mammals,host_data,Acomys wilsoni,
RNAVirHost,Aconitum carmichaeli,1.0,Plants,Plants  (not resolved to species),not species-resolved,Plants,host_data,Aconitum carmichaeli,
RNAVirHost,Actinonaias pectorosa,1.0,Other invertebrates,Other invertebrates  (not resolved to species),not species-resolved,Invertebrates,host_data,Actinonaias pectorosa,
RNAVirHost,Adonis ramosa,1.0,Plants,Plants  (not resolved to species),not species-resolved,Plants,host_data,Adonis ramosa,
RNAVirHost,Aedes abnormalis,1.0,Insects,Insects  (not resolved to species),not species-resolved,Invertebrates,host_data,Aedes abnormalis,
RNAVirHost,Aedes bekkui,1.0,Insects,Insects  (not resolved to species),not species-resolved,Invertebrates,host_data,Aedes bekkui,
RNAVirHost,Aedes caspius,1.0,Insects,Insects  (not resolved to species),not species-resolved,Invertebrates,host_data,Aedes caspius,
RNAVirHost,Aedes cinereus,1.0,Insects,Insects  (not resolved to species),not species-resolved,Invertebrates,host_data,Aedes cinereus,
RNAVirHost,Aedes esoensis,1.0,Insects,Insects  (not resolved to species),not species-resolved,Invertebrates,host_data,Aedes esoensis,
RNAVirHost,Aedes furcifer,1.0,Insects,Insects  (not resolved to species),not species-resolved,Invertebrates,host_data,Aedes furcifer,
RNAVirHost,Aedes koreicus,1.0,Insects,Insects  (not resolved to species),not species-resolved,Invertebrates,host_data,Aedes koreicus,
RNAVirHost,Aedes normanensis,1.0,Insects,Insects  (not resolved to species),not species-resolved,Invertebrates,host_data,Aedes normanensis,
RNAVirHost,Aedes palpalis,1.0,Insects,Insects  (not resolved to species),not species-resolved,Invertebrates,host_data,Aedes palpalis,
RNAVirHost,Aedes scapularis,1.0,Insects,Insects  (not resolved to species),not species-resolved,Invertebrates,host_data,Aedes scapularis,
RNAVirHost,Aedes simpsoni,1.0,Insects,Insects  (not resolved to species),not species-resolved,Invertebrates,host_data,Aedes simpsoni,
RNAVirHost,Aethusa cynapium,1.0,Plants,Plants  (not resolved to species),not species-resolved,Plants,host_data,Aethusa cynapium,
RNAVirHost,Afraegle paniculata,1.0,Plants,Plants  (not resolved to species),not species-resolved,Plants,host_data,Afraegle paniculata,
RNAVirHost,Aglaonema modestum,1.0,Plants,Plants  (not resolved to species),not species-resolved,Plants,host_data,Aglaonema modestum,
RNAVirHost,Agrostis stolonifera,1.0,Plants,Plants  (not resolved to species),not species-resolved,Plants,host_data,Agrostis stolonifera,
RNAVirHost,Ailanthus altissima,1.0,Plants,Plants  (not resolved to species),not species-resolved,Plants,host_data,Ailanthus altissima,
RNAVirHost,Aizoaceae,1.0,Plants,Plants  (not resolved to species),not species-resolved,Plants,host_data,,
RNAVirHost,Alastor atropos,1.0,Insects,Insects  (not resolved to species),not species-resolved,Invertebrates,host_data,Alastor atropos,
RNAVirHost,Albatrellopsis flettii,1.0,Fungi,Fungi  (not resolved to species),not species-resolved,Fungi,host_data,Albatrellopsis flettii,
RNAVirHost,Alectorobius capensis,1.0,Arachnids,Arachnids  (not resolved to species),not species-resolved,Invertebrates,host_data,Alectorobius capensis,
RNAVirHost,Allactaga sibirica,1.0,Rodents,Rodents  (not resolved to species),not species-resolved,Mammals,host_data,Allactaga sibirica,
RNAVirHost,Allium vineale,1.0,Plants,Plants  (not resolved to species),not species-resolved,Plants,host_data,Allium vineale,
RNAVirHost,Alocasia,1.0,Plants,Plants  (not resolved to species),not species-resolved,Plants,host_data,,
RNAVirHost,Alpinia galanga,1.0,Plants,Plants  (not resolved to species),not species-resolved,Plants,host_data,Alpinia galanga,
RNAVirHost,Alpinia oxyphylla,1.0,Plants,Plants  (not resolved to species),not species-resolved,Plants,host_data,Alpinia oxyphylla,
RNAVirHost,Alstroemeria pulchella,1.0,Plants,Plants  (not resolved to species),not species-resolved,Plants,host_data,Alstroemeria pulchella,
RNAVirHost,Amaranthaceae,1.0,Plants,Plants  (not resolved to species),not species-resolved,Plants,host_data,,
RNAVirHost,Amaranthus deflexus,1.0,Plants,Plants  (not resolved to species),not species-resolved,Plants,host_data,Amaranthus deflexus,
RNAVirHost,Amaryllis,1.0,Plants,Plants  (not resolved to species),not species-resolved,Plants,host_data,,
RNAVirHost,Amblyomma dissimile,1.0,Arachnids,Arachnids  (not resolved to species),not species-resolved,Invertebrates,host_data,Amblyomma dissimile,
RNAVirHost,Amblyomma ovale,1.0,Arachnids,Arachnids  (not resolved to species),not species-resolved,Invertebrates,host_data,Amblyomma ovale,
RNAVirHost,Ameiurus nebulosus,1.0,Fish,Fish  (not resolved to species),not species-resolved,Non-mammalian vertebrates,host_data,Ameiurus nebulosus,
RNAVirHost,Amomum subulatum,1.0,Plants,Plants  (not resolved to species),not species-resolved,Plants,host_data,Amomum subulatum,
RNAVirHost,Amorphophallus paeoniifolius,1.0,Plants,Plants  (not resolved to species),not species-resolved,Plants,host_data,Amorphophallus paeoniifolius,
RNAVirHost,Ampelopsis cordata,1.0,Plants,Plants  (not resolved to species),not species-resolved,Plants,host_data,Ampelopsis cordata,
RNAVirHost,Amphiprion ocellaris,1.0,Fish,Fish  (not resolved to species),not species-resolved,Non-mammalian vertebrates,host_data,Amphiprion ocellaris,
RNAVirHost,Anabarhynchus dentiphallus,1.0,Insects,Insects  (not resolved to species),not species-resolved,Invertebrates,host_data,Anabarhynchus dentiphallus,
RNAVirHost,Anagyris,1.0,Plants,Plants  (not resolved to species),not species-resolved,Plants,host_data,,
RNAVirHost,Anagyris foetida,1.0,Plants,Plants  (not resolved to species),not species-resolved,Plants,host_data,Anagyris foetida,
RNAVirHost,Anas poecilorhyncha,1.0,Birds,Birds  (not resolved to species),not species-resolved,Non-mammalian vertebrates,host_data,Anas poecilorhyncha,
RNAVirHost,Andropadus virens,1.0,Birds,Birds  (not resolved to species),not species-resolved,Non-mammalian vertebrates,host_data,Andropadus virens,
RNAVirHost,Anemone blanda,1.0,Plants,Plants  (not resolved to species),not species-resolved,Plants,host_data,Anemone blanda,
RNAVirHost,Angelica dahurica,1.0,Plants,Plants  (not resolved to species),not species-resolved,Plants,host_data,Angelica dahurica,
RNAVirHost,Angelica keiskei,1.0,Plants,Plants  (not resolved to species),not species-resolved,Plants,host_data,Angelica keiskei,
RNAVirHost,Angelica sinensis,1.0,Plants,Plants  (not resolved to species),not species-resolved,Plants,host_data,Angelica sinensis,
RNAVirHost,Anopheles barbirostris,1.0,Insects,Insects  (not resolved to species),not species-resolved,Invertebrates,host_data,Anopheles barbirostris,
RNAVirHost,Anopheles darlingi,1.0,Insects,Insects  (not resolved to species),not species-resolved,Invertebrates,host_data,Anopheles darlingi,
RNAVirHost,Anopheles dirus,1.0,Insects,Insects  (not resolved to species),not species-resolved,Invertebrates,host_data,Anopheles dirus,
RNAVirHost,Anourosorex yamashinai,1.0,Other/unresolved mammals,Other/unresolved mammals  (not resolved to species),not species-resolved,Mammals,host_data,Anourosorex yamashinai,
RNAVirHost,Anthriscus sylvestris,1.0,Plants,Plants  (not resolved to species),not species-resolved,Plants,host_data,Anthriscus sylvestris,
RNAVirHost,Anthurium amnicola,1.0,Plants,Plants  (not resolved to species),not species-resolved,Plants,host_data,Anthurium amnicola,
RNAVirHost,Antipaluria urichi,1.0,Insects,Insects  (not resolved to species),not species-resolved,Invertebrates,host_data,Antipaluria urichi,
RNAVirHost,Aphis,1.0,Insects,Insects  (not resolved to species),not species-resolved,Invertebrates,host_data,,
RNAVirHost,Apodemus speciosus,1.0,Rodents,Rodents  (not resolved to species),not species-resolved,Mammals,host_data,Apodemus speciosus,
RNAVirHost,Apoidea,1.0,Insects,Insects  (not resolved to species),not species-resolved,Invertebrates,host_data,,
RNAVirHost,Arachis,1.0,Plants,Plants  (not resolved to species),not species-resolved,Plants,host_data,,
RNAVirHost,Aristotelia chilensis,1.0,Plants,Plants  (not resolved to species),not species-resolved,Plants,host_data,Aristotelia chilensis,
RNAVirHost,Armigeres,1.0,Insects,Insects  (not resolved to species),not species-resolved,Invertebrates,host_data,,
RNAVirHost,Armillaria borealis,1.0,Fungi,Fungi  (not resolved to species),not species-resolved,Fungi,host_data,Armillaria borealis,
RNAVirHost,Artemisia princeps,1.0,Plants,Plants  (not resolved to species),not species-resolved,Plants,host_data,Artemisia princeps,
RNAVirHost,Arthraxon prionodes,1.0,Plants,Plants  (not resolved to species),not species-resolved,Plants,host_data,Arthraxon prionodes,
RNAVirHost,Arthrocladiella mougeotii,1.0,Fungi,Fungi  (not resolved to species),not species-resolved,Fungi,host_data,Arthrocladiella mougeotii,
RNAVirHost,Artocarpus altilis,1.0,Plants,Plants  (not resolved to species),not species-resolved,Plants,host_data,Artocarpus altilis,
RNAVirHost,Asclepias syriaca,1.0,Plants,Plants  (not resolved to species),not species-resolved,Plants,host_data,Asclepias syriaca,
RNAVirHost,Asellus,1.0,Other invertebrates,Other invertebrates  (not resolved to species),not species-resolved,Invertebrates,host_data,,
RNAVirHost,Asparagus,1.0,Plants,Plants  (not resolved to species),not species-resolved,Plants,host_data,,
RNAVirHost,Aspergillus ellipticus,1.0,Fungi,Fungi  (not resolved to species),not species-resolved,Fungi,host_data,Aspergillus ellipticus,
RNAVirHost,Aspergillus homomorphus,1.0,Fungi,Fungi  (not resolved to species),not species-resolved,Fungi,host_data,Aspergillus homomorphus,
RNAVirHost,Aspergillus niger,1.0,Fungi,Fungi  (not resolved to species),not species-resolved,Fungi,host_data,Aspergillus niger,
RNAVirHost,Aspidites ramsayi,1.0,Reptiles,Reptiles  (not resolved to species),not species-resolved,Non-mammalian vertebrates,host_data,Aspidites ramsayi,
RNAVirHost,Asteraceae,1.0,Plants,Plants  (not resolved to species),not species-resolved,Plants,host_data,,
RNAVirHost,Aulacophora lewisii,1.0,Insects,Insects  (not resolved to species),not species-resolved,Invertebrates,host_data,Aulacophora lewisii,
RNAVirHost,Austroargiolestes icteromelas,1.0,Insects,Insects  (not resolved to species),not species-resolved,Invertebrates,host_data,Austroargiolestes icteromelas,
RNAVirHost,Avena byzantina,1.0,Plants,Plants  (not resolved to species),not species-resolved,Plants,host_data,Avena byzantina,
RNAVirHost,Bactericera cockerelli,1.0,Insects,Insects  (not resolved to species),not species-resolved,Invertebrates,host_data,Bactericera cockerelli,
RNAVirHost,Bactericera trigonica,1.0,Insects,Insects  (not resolved to species),not species-resolved,Invertebrates,host_data,Bactericera trigonica,
RNAVirHost,Balaenoptera acutorostrata,1.0,Ungulates,Ungulates  (not resolved to species),not species-resolved,Mammals,host_data,Balaenoptera acutorostrata,
RNAVirHost,Bambusa oldhamii,1.0,Plants,Plants  (not resolved to species),not species-resolved,Plants,host_data,Bambusa oldhamii,
RNAVirHost,Bambusa rutila,1.0,Plants,Plants  (not resolved to species),not species-resolved,Plants,host_data,Bambusa rutila,
RNAVirHost,Bandicota indica,1.0,Rodents,Rodents  (not resolved to species),not species-resolved,Mammals,host_data,Bandicota indica,
RNAVirHost,Begonia,1.0,Plants,Plants  (not resolved to species),not species-resolved,Plants,host_data,,
RNAVirHost,Begonia bowerae,1.0,Plants,Plants  (not resolved to species),not species-resolved,Plants,host_data,Begonia bowerae,
RNAVirHost,Berylmys bowersi,1.0,Rodents,Rodents  (not resolved to species),not species-resolved,Mammals,host_data,Berylmys bowersi,
RNAVirHost,Betula pendula,1.0,Plants,Plants  (not resolved to species),not species-resolved,Plants,host_data,Betula pendula,
RNAVirHost,Bibikovana rainbowi,1.0,Insects,Insects  (not resolved to species),not species-resolved,Invertebrates,host_data,Bibikovana rainbowi,
RNAVirHost,Bipolaris oryzae,1.0,Fungi,Fungi  (not resolved to species),not species-resolved,Fungi,host_data,Bipolaris oryzae,
RNAVirHost,Blarina brevicauda,1.0,Other/unresolved mammals,Other/unresolved mammals  (not resolved to species),not species-resolved,Mammals,host_data,Blarina brevicauda,
RNAVirHost,Bletilla striata,1.0,Plants,Plants  (not resolved to species),not species-resolved,Plants,host_data,Bletilla striata,
RNAVirHost,Bombus lapidarius,1.0,Insects,Insects  (not resolved to species),not species-resolved,Invertebrates,host_data,Bombus lapidarius,
RNAVirHost,Bombus pascuorum,1.0,Insects,Insects  (not resolved to species),not species-resolved,Invertebrates,host_data,Bombus pascuorum,
RNAVirHost,Bombus pratorum,1.0,Insects,Insects  (not resolved to species),not species-resolved,Invertebrates,host_data,Bombus pratorum,
RNAVirHost,Bombus terrestris,1.0,Insects,Insects  (not resolved to species),not species-resolved,Invertebrates,host_data,Bombus terrestris,
RNAVirHost,Bondarzewia berkeleyi,1.0,Fungi,Fungi  (not resolved to species),not species-resolved,Fungi,host_data,Bondarzewia berkeleyi,
RNAVirHost,Bos,1.0,Ungulates,Ungulates  (not resolved to species),not species-resolved,Mammals,host_data,,
RNAVirHost,Bos frontalis,1.0,Ungulates,Ungulates  (not resolved to species),not species-resolved,Mammals,host_data,Bos frontalis,
RNAVirHost,Botrytis sp. V446,1.0,Fungi,Fungi  (not resolved to species),not species-resolved,Fungi,host_data,Botrytis sp.,
RNAVirHost,Brachiaria,1.0,Plants,Plants  (not resolved to species),not species-resolved,Plants,host_data,,
RNAVirHost,Brachyteles arachnoides,1.0,Non-human primates,Non-human primates  (not resolved to species),not species-resolved,Mammals,host_data,Brachyteles arachnoides,
RNAVirHost,Bromus,1.0,Plants,Plants  (not resolved to species),not species-resolved,Plants,host_data,,
RNAVirHost,Bromus secalinus,1.0,Plants,Plants  (not resolved to species),not species-resolved,Plants,host_data,Bromus secalinus,
RNAVirHost,Brugmansia,1.0,Plants,Plants  (not resolved to species),not species-resolved,Plants,host_data,,
RNAVirHost,Bufo gargarizans,1.0,Amphibians,Amphibians  (not resolved to species),not species-resolved,Non-mammalian vertebrates,host_data,Bufo gargarizans,
RNAVirHost,Cactaceae,1.0,Plants,Plants  (not resolved to species),not species-resolved,Plants,host_data,,
RNAVirHost,Caenorhabditis brenneri,1.0,Other invertebrates,Other invertebrates  (not resolved to species),not species-resolved,Invertebrates,host_data,Caenorhabditis brenneri,
RNAVirHost,Calanthe,1.0,Plants,Plants  (not resolved to species),not species-resolved,Plants,host_data,,
RNAVirHost,Calendula arvensis,1.0,Plants,Plants  (not resolved to species),not species-resolved,Plants,host_data,Calendula arvensis,
RNAVirHost,Calibrachoa,1.0,Plants,Plants  (not resolved to species),not species-resolved,Plants,host_data,,
RNAVirHost,Calidris acuminata,1.0,Birds,Birds  (not resolved to species),not species-resolved,Non-mammalian vertebrates,host_data,Calidris acuminata,
RNAVirHost,Calidris temminckii,1.0,Birds,Birds  (not resolved to species),not species-resolved,Non-mammalian vertebrates,host_data,Calidris temminckii,
RNAVirHost,Caligus rogercresseyi,1.0,Other invertebrates,Other invertebrates  (not resolved to species),not species-resolved,Invertebrates,host_data,Caligus rogercresseyi,
RNAVirHost,Callionymus kaianus,1.0,Fish,Fish  (not resolved to species),not species-resolved,Non-mammalian vertebrates,host_data,Callionymus kaianus,
RNAVirHost,Calliphora vomitoria,1.0,Insects,Insects  (not resolved to species),not species-resolved,Invertebrates,host_data,Calliphora vomitoria,
RNAVirHost,Callithrix,1.0,Non-human primates,Non-human primates  (not resolved to species),not species-resolved,Mammals,host_data,,
RNAVirHost,Callorhinus ursinus,1.0,Carnivores,Carnivores  (not resolved to species),not species-resolved,Mammals,host_data,Callorhinus ursinus,
RNAVirHost,Callosciurus prevostii,1.0,Rodents,Rodents  (not resolved to species),not species-resolved,Mammals,host_data,Callosciurus prevostii,
RNAVirHost,Calystegia hederacea,1.0,Plants,Plants  (not resolved to species),not species-resolved,Plants,host_data,Calystegia hederacea,
RNAVirHost,Camellia,1.0,Plants,Plants  (not resolved to species),not species-resolved,Plants,host_data,,
RNAVirHost,Camellia reticulata,1.0,Plants,Plants  (not resolved to species),not species-resolved,Plants,host_data,Camellia reticulata,
RNAVirHost,Campodea silvestrii,1.0,Other invertebrates,Other invertebrates  (not resolved to species),not species-resolved,Invertebrates,host_data,Campodea silvestrii,
RNAVirHost,Canthigaster rivulata,1.0,Fish,Fish  (not resolved to species),not species-resolved,Non-mammalian vertebrates,host_data,Canthigaster rivulata,
RNAVirHost,Capillidium heterosporum,1.0,Fungi,Fungi  (not resolved to species),not species-resolved,Fungi,host_data,Capillidium heterosporum,
RNAVirHost,Capparis spinosa,1.0,Plants,Plants  (not resolved to species),not species-resolved,Plants,host_data,Capparis spinosa,
RNAVirHost,Caprifoliaceae,1.0,Plants,Plants  (not resolved to species),not species-resolved,Plants,host_data,,
RNAVirHost,Capsicum coccineum,1.0,Plants,Plants  (not resolved to species),not species-resolved,Plants,host_data,Capsicum coccineum,
RNAVirHost,Carcinus maenas,1.0,Other invertebrates,Other invertebrates  (not resolved to species),not species-resolved,Invertebrates,host_data,Carcinus maenas,
RNAVirHost,Carthamus tinctorius,1.0,Plants,Plants  (not resolved to species),not species-resolved,Plants,host_data,Carthamus tinctorius,
RNAVirHost,Castanea crenata,1.0,Plants,Plants  (not resolved to species),not species-resolved,Plants,host_data,Castanea crenata,
RNAVirHost,Castanea sativa,1.0,Plants,Plants  (not resolved to species),not species-resolved,Plants,host_data,Castanea sativa,
RNAVirHost,Cattleya,1.0,Plants,Plants  (not resolved to species),not species-resolved,Plants,host_data,,
RNAVirHost,Cavia cutleri,1.0,Rodents,Rodents  (not resolved to species),not species-resolved,Mammals,host_data,Cavia cutleri,
RNAVirHost,Celithemis elisa,1.0,Insects,Insects  (not resolved to species),not species-resolved,Invertebrates,host_data,Celithemis elisa,
RNAVirHost,Cenchrus americanus,1.0,Plants,Plants  (not resolved to species),not species-resolved,Plants,host_data,Cenchrus americanus,
RNAVirHost,Cenchrus compressus,1.0,Plants,Plants  (not resolved to species),not species-resolved,Plants,host_data,Cenchrus compressus,
RNAVirHost,Centella asiatica,1.0,Plants,Plants  (not resolved to species),not species-resolved,Plants,host_data,Centella asiatica,
RNAVirHost,Cephalopholis spiloparaea,1.0,Fish,Fish  (not resolved to species),not species-resolved,Non-mammalian vertebrates,host_data,Cephalopholis spiloparaea,
RNAVirHost,Cercopithecidae,1.0,Non-human primates,Non-human primates  (not resolved to species),not species-resolved,Mammals,host_data,,
RNAVirHost,Cercopithecus cephus,1.0,Non-human primates,Non-human primates  (not resolved to species),not species-resolved,Mammals,host_data,Cercopithecus cephus,
RNAVirHost,Cercopithecus hamlyni,1.0,Non-human primates,Non-human primates  (not resolved to species),not species-resolved,Mammals,host_data,Cercopithecus hamlyni,
RNAVirHost,Cercopithecus solatus,1.0,Non-human primates,Non-human primates  (not resolved to species),not species-resolved,Mammals,host_data,Cercopithecus solatus,
RNAVirHost,Cestrum elegans,1.0,Plants,Plants  (not resolved to species),not species-resolved,Plants,host_data,Cestrum elegans,
RNAVirHost,Chaerephon,1.0,Bats,Bats  (not resolved to species),not species-resolved,Mammals,host_data,,
RNAVirHost,Chaerephon pumila,1.0,Bats,Bats  (not resolved to species),not species-resolved,Mammals,host_data,Chaerephon pumila,
RNAVirHost,Chaerophyllum temulum,1.0,Plants,Plants  (not resolved to species),not species-resolved,Plants,host_data,Chaerophyllum temulum,
RNAVirHost,Chaetodipus baileyi,1.0,Rodents,Rodents  (not resolved to species),not species-resolved,Mammals,host_data,Chaetodipus baileyi,
RNAVirHost,Chamaescilla corymbosa,1.0,Plants,Plants  (not resolved to species),not species-resolved,Plants,host_data,Chamaescilla corymbosa,
RNAVirHost,Chanodichthys erythropterus,1.0,Fish,Fish  (not resolved to species),not species-resolved,Non-mammalian vertebrates,host_data,Chanodichthys erythropterus,
RNAVirHost,Charadrius ruficapillus,1.0,Birds,Birds  (not resolved to species),not species-resolved,Non-mammalian vertebrates,host_data,Charadrius ruficapillus,
RNAVirHost,Cheilomenes sexmaculata,1.0,Insects,Insects  (not resolved to species),not species-resolved,Invertebrates,host_data,Cheilomenes sexmaculata,
RNAVirHost,Chelidoperca,1.0,Fish,Fish  (not resolved to species),not species-resolved,Non-mammalian vertebrates,host_data,,
RNAVirHost,Chelostoma florisomne,1.0,Insects,Insects  (not resolved to species),not species-resolved,Invertebrates,host_data,Chelostoma florisomne,
RNAVirHost,Chenonetta jubata,1.0,Birds,Birds  (not resolved to species),not species-resolved,Non-mammalian vertebrates,host_data,Chenonetta jubata,
RNAVirHost,Chinchilla lanigera,1.0,Rodents,Rodents  (not resolved to species),not species-resolved,Mammals,host_data,Chinchilla lanigera,
RNAVirHost,Chloephaga,1.0,Birds,Birds  (not resolved to species),not species-resolved,Non-mammalian vertebrates,host_data,,
RNAVirHost,Chloris virgata,1.0,Plants,Plants  (not resolved to species),not species-resolved,Plants,host_data,Chloris virgata,
RNAVirHost,Chodsigoa smithii,1.0,Other/unresolved mammals,Other/unresolved mammals  (not resolved to species),not species-resolved,Mammals,host_data,Chodsigoa smithii,
RNAVirHost,Chrysanthemum zawadskii var. latilobum,1.0,Plants,Plants  (not resolved to species),not species-resolved,Plants,host_data,Chrysanthemum zawadskii,
RNAVirHost,Cimex lectularius,1.0,Insects,Insects  (not resolved to species),not species-resolved,Invertebrates,host_data,Cimex lectularius,
RNAVirHost,Cistus incanus,1.0,Plants,Plants  (not resolved to species),not species-resolved,Plants,host_data,Cistus incanus,
RNAVirHost,Citrullus,1.0,Plants,Plants  (not resolved to species),not species-resolved,Plants,host_data,,
RNAVirHost,Citrus aurantifolia,1.0,Plants,Plants  (not resolved to species),not species-resolved,Plants,host_data,Citrus aurantifolia,
RNAVirHost,Citrus aurantium,1.0,Plants,Plants  (not resolved to species),not species-resolved,Plants,host_data,Citrus aurantium,
RNAVirHost,Citrus grandis,1.0,Plants,Plants  (not resolved to species),not species-resolved,Plants,host_data,Citrus grandis,
RNAVirHost,Citrus limonia,1.0,Plants,Plants  (not resolved to species),not species-resolved,Plants,host_data,Citrus limonia,
RNAVirHost,Citrus medica,1.0,Plants,Plants  (not resolved to species),not species-resolved,Plants,host_data,Citrus medica,
RNAVirHost,Citrus sinensis x Citrus trifoliata,1.0,Plants,Plants  (not resolved to species),not species-resolved,Plants,host_data,Citrus sinensis x Citrus trifoliata,
RNAVirHost,Claytonia perfoliata,1.0,Plants,Plants  (not resolved to species),not species-resolved,Plants,host_data,Claytonia perfoliata,
RNAVirHost,Clerodendrum trichotomum,1.0,Plants,Plants  (not resolved to species),not species-resolved,Plants,host_data,Clerodendrum trichotomum,
RNAVirHost,Clethrionomys rufocanus,1.0,Rodents,Rodents  (not resolved to species),not species-resolved,Mammals,host_data,Clethrionomys rufocanus,
RNAVirHost,Clitoria,1.0,Plants,Plants  (not resolved to species),not species-resolved,Plants,host_data,,
RNAVirHost,Clupeidae,1.0,Fish,Fish  (not resolved to species),not species-resolved,Non-mammalian vertebrates,host_data,,
RNAVirHost,Codonopsis lanceolata,1.0,Plants,Plants  (not resolved to species),not species-resolved,Plants,host_data,Codonopsis lanceolata,
RNAVirHost,Colletotrichum caudatum,1.0,Fungi,Fungi  (not resolved to species),not species-resolved,Fungi,host_data,Colletotrichum caudatum,
RNAVirHost,Colletotrichum eremochloae,1.0,Fungi,Fungi  (not resolved to species),not species-resolved,Fungi,host_data,Colletotrichum eremochloae,
RNAVirHost,Colletotrichum navitas,1.0,Fungi,Fungi  (not resolved to species),not species-resolved,Fungi,host_data,Colletotrichum navitas,
RNAVirHost,Colletotrichum zoysiae,1.0,Fungi,Fungi  (not resolved to species),not species-resolved,Fungi,host_data,Colletotrichum zoysiae,
RNAVirHost,Colobopsis nipponica,1.0,Insects,Insects  (not resolved to species),not species-resolved,Invertebrates,host_data,Colobopsis nipponica,
RNAVirHost,Colpa sexmaculata,1.0,Insects,Insects  (not resolved to species),not species-resolved,Invertebrates,host_data,Colpa sexmaculata,
RNAVirHost,Commelina,1.0,Plants,Plants  (not resolved to species),not species-resolved,Plants,host_data,,
RNAVirHost,Conidiobolus heterosporus,1.0,Fungi,Fungi  (not resolved to species),not species-resolved,Fungi,host_data,Conidiobolus heterosporus,
RNAVirHost,Coquillettidia fuscopennata,1.0,Insects,Insects  (not resolved to species),not species-resolved,Invertebrates,host_data,Coquillettidia fuscopennata,
RNAVirHost,Coquillettidia metallica,1.0,Insects,Insects  (not resolved to species),not species-resolved,Invertebrates,host_data,Coquillettidia metallica,
RNAVirHost,Corallus caninus,1.0,Reptiles,Reptiles  (not resolved to species),not species-resolved,Non-mammalian vertebrates,host_data,Corallus caninus,
RNAVirHost,Coreopsis basalis,1.0,Plants,Plants  (not resolved to species),not species-resolved,Plants,host_data,Coreopsis basalis,
RNAVirHost,Corydalidae,1.0,Insects,Insects  (not resolved to species),not species-resolved,Invertebrates,host_data,,
RNAVirHost,Corylus avellana,1.0,Plants,Plants  (not resolved to species),not species-resolved,Plants,host_data,Corylus avellana,
RNAVirHost,Corythornis,1.0,Birds,Birds  (not resolved to species),not species-resolved,Non-mammalian vertebrates,host_data,,
RNAVirHost,Corythucha ciliata,1.0,Insects,Insects  (not resolved to species),not species-resolved,Invertebrates,host_data,Corythucha ciliata,
RNAVirHost,Cosmocalanus darwinii,1.0,Other invertebrates,Other invertebrates  (not resolved to species),not species-resolved,Invertebrates,host_data,Cosmocalanus darwinii,
RNAVirHost,Costora delora,1.0,Insects,Insects  (not resolved to species),not species-resolved,Invertebrates,host_data,Costora delora,
RNAVirHost,Costus spiralis,1.0,Plants,Plants  (not resolved to species),not species-resolved,Plants,host_data,Costus spiralis,
RNAVirHost,Crangon crangon,1.0,Other invertebrates,Other invertebrates  (not resolved to species),not species-resolved,Invertebrates,host_data,Crangon crangon,
RNAVirHost,Cricetinae,1.0,Rodents,Rodents  (not resolved to species),not species-resolved,Mammals,host_data,,
RNAVirHost,Cricetinae gen. sp.,1.0,Rodents,Rodents  (not resolved to species),not species-resolved,Mammals,host_data,Cricetinae gen.,
RNAVirHost,Cricetulus aureus,1.0,Rodents,Rodents  (not resolved to species),not species-resolved,Mammals,host_data,Cricetulus aureus,
RNAVirHost,Cricetulus migratorius,1.0,Rodents,Rodents  (not resolved to species),not species-resolved,Mammals,host_data,Cricetulus migratorius,
RNAVirHost,Crinum asiaticum,1.0,Plants,Plants  (not resolved to species),not species-resolved,Plants,host_data,Crinum asiaticum,
RNAVirHost,Crocidura,1.0,Other/unresolved mammals,Other/unresolved mammals  (not resolved to species),not species-resolved,Mammals,host_data,,
RNAVirHost,Crocidura grandiceps,1.0,Other/unresolved mammals,Other/unresolved mammals  (not resolved to species),not species-resolved,Mammals,host_data,Crocidura grandiceps,
RNAVirHost,Crotalus durissus terrificus,1.0,Reptiles,Reptiles  (not resolved to species),not species-resolved,Non-mammalian vertebrates,host_data,Crotalus durissus,
RNAVirHost,Cucumis metulifer,1.0,Plants,Plants  (not resolved to species),not species-resolved,Plants,host_data,Cucumis metulifer,
RNAVirHost,Cucurbitaceae,1.0,Plants,Plants  (not resolved to species),not species-resolved,Plants,host_data,,
RNAVirHost,Cudrania tricuspidata,1.0,Plants,Plants  (not resolved to species),not species-resolved,Plants,host_data,Cudrania tricuspidata,
RNAVirHost,Culex accelerans,1.0,Insects,Insects  (not resolved to species),not species-resolved,Invertebrates,host_data,Culex accelerans,
RNAVirHost,Culex erraticus,1.0,Insects,Insects  (not resolved to species),not species-resolved,Invertebrates,host_data,Culex erraticus,
RNAVirHost,Culex gnomatos,1.0,Insects,Insects  (not resolved to species),not species-resolved,Invertebrates,host_data,Culex gnomatos,
RNAVirHost,Culex theileri,1.0,Insects,Insects  (not resolved to species),not species-resolved,Invertebrates,host_data,Culex theileri,
RNAVirHost,Culex univittatus,1.0,Insects,Insects  (not resolved to species),not species-resolved,Invertebrates,host_data,Culex univittatus,
RNAVirHost,Culicinae,1.0,Insects,Insects  (not resolved to species),not species-resolved,Invertebrates,host_data,,
RNAVirHost,Culicinae sp.,1.0,Insects,Insects  (not resolved to species),not species-resolved,Invertebrates,host_data,Culicinae sp.,
RNAVirHost,Culicoides histrio,1.0,Insects,Insects  (not resolved to species),not species-resolved,Invertebrates,host_data,Culicoides histrio,
RNAVirHost,Culicoides schultzei,1.0,Insects,Insects  (not resolved to species),not species-resolved,Invertebrates,host_data,Culicoides schultzei,
RNAVirHost,Curruca curruca,1.0,Birds,Birds  (not resolved to species),not species-resolved,Non-mammalian vertebrates,host_data,Curruca curruca,
RNAVirHost,Cycadophyta,1.0,Plants,Plants  (not resolved to species),not species-resolved,Plants,host_data,,
RNAVirHost,Cycadopsida,1.0,Plants,Plants  (not resolved to species),not species-resolved,Plants,host_data,,
RNAVirHost,Cyclopodia greeffi,1.0,Insects,Insects  (not resolved to species),not species-resolved,Invertebrates,host_data,Cyclopodia greeffi,
RNAVirHost,Cydonia oblonga,1.0,Plants,Plants  (not resolved to species),not species-resolved,Plants,host_data,Cydonia oblonga,
RNAVirHost,Cymbidium aloifolium,1.0,Plants,Plants  (not resolved to species),not species-resolved,Plants,host_data,Cymbidium aloifolium,
RNAVirHost,Cymbidium iridioides,1.0,Plants,Plants  (not resolved to species),not species-resolved,Plants,host_data,Cymbidium iridioides,
RNAVirHost,Cymbidium tortisepalum,1.0,Plants,Plants  (not resolved to species),not species-resolved,Plants,host_data,Cymbidium tortisepalum,
RNAVirHost,Cynanchum rostellatum,1.0,Plants,Plants  (not resolved to species),not species-resolved,Plants,host_data,Cynanchum rostellatum,
RNAVirHost,Cynomys gunnisoni,1.0,Rodents,Rodents  (not resolved to species),not species-resolved,Mammals,host_data,Cynomys gunnisoni,
RNAVirHost,Cynomys ludovicianus,1.0,Rodents,Rodents  (not resolved to species),not species-resolved,Mammals,host_data,Cynomys ludovicianus,
RNAVirHost,Cynopterus,1.0,Bats,Bats  (not resolved to species),not species-resolved,Mammals,host_data,,
RNAVirHost,Cynopterus sphinx,1.0,Bats,Bats  (not resolved to species),not species-resolved,Mammals,host_data,Cynopterus sphinx,
RNAVirHost,Dahlia rupicola,1.0,Plants,Plants  (not resolved to species),not species-resolved,Plants,host_data,Dahlia rupicola,
RNAVirHost,Dahlia variabilis,1.0,Plants,Plants  (not resolved to species),not species-resolved,Plants,host_data,Dahlia variabilis,
RNAVirHost,Danio rerio,1.0,Fish,Fish  (not resolved to species),not species-resolved,Non-mammalian vertebrates,host_data,Danio rerio,
RNAVirHost,Dasyatis akajei,1.0,Fish,Fish  (not resolved to species),not species-resolved,Non-mammalian vertebrates,host_data,Dasyatis akajei,
RNAVirHost,Delphinidae,1.0,Ungulates,Ungulates  (not resolved to species),not species-resolved,Mammals,host_data,,
RNAVirHost,Dendrobium smillieae,1.0,Plants,Plants  (not resolved to species),not species-resolved,Plants,host_data,Dendrobium smillieae,
RNAVirHost,Dendrocalamus latiflorus,1.0,Plants,Plants  (not resolved to species),not species-resolved,Plants,host_data,Dendrocalamus latiflorus,
RNAVirHost,Dermacentor variabilis,1.0,Arachnids,Arachnids  (not resolved to species),not species-resolved,Invertebrates,host_data,Dermacentor variabilis,
RNAVirHost,Desmodium,1.0,Plants,Plants  (not resolved to species),not species-resolved,Plants,host_data,,
RNAVirHost,Desmodium illinoense,1.0,Plants,Plants  (not resolved to species),not species-resolved,Plants,host_data,Desmodium illinoense,
RNAVirHost,Desmodium tortuosum,1.0,Plants,Plants  (not resolved to species),not species-resolved,Plants,host_data,Desmodium tortuosum,
RNAVirHost,Dianthus,1.0,Plants,Plants  (not resolved to species),not species-resolved,Plants,host_data,,
RNAVirHost,Dianthus superbus,1.0,Plants,Plants  (not resolved to species),not species-resolved,Plants,host_data,Dianthus superbus,
RNAVirHost,Dictyophorus griseus,1.0,Insects,Insects  (not resolved to species),not species-resolved,Invertebrates,host_data,Dictyophorus griseus,
RNAVirHost,Didelphis aurita,1.0,Other/unresolved mammals,Other/unresolved mammals  (not resolved to species),not species-resolved,Mammals,host_data,Didelphis aurita,
RNAVirHost,Digitalis lanata,1.0,Plants,Plants  (not resolved to species),not species-resolved,Plants,host_data,Digitalis lanata,
RNAVirHost,Dimorphotheca,1.0,Plants,Plants  (not resolved to species),not species-resolved,Plants,host_data,,
RNAVirHost,Dioscorea composita,1.0,Plants,Plants  (not resolved to species),not species-resolved,Plants,host_data,Dioscorea composita,
RNAVirHost,Dioscorea esculenta,1.0,Plants,Plants  (not resolved to species),not species-resolved,Plants,host_data,Dioscorea esculenta,
RNAVirHost,Dioscorea nummularia,1.0,Plants,Plants  (not resolved to species),not species-resolved,Plants,host_data,Dioscorea nummularia,
RNAVirHost,Dioscoreaceae,1.0,Plants,Plants  (not resolved to species),not species-resolved,Plants,host_data,,
RNAVirHost,Dioxys cincta,1.0,Insects,Insects  (not resolved to species),not species-resolved,Invertebrates,host_data,Dioxys cincta,
RNAVirHost,Diphlebia lestoides,1.0,Insects,Insects  (not resolved to species),not species-resolved,Invertebrates,host_data,Diphlebia lestoides,
RNAVirHost,Diuris,1.0,Plants,Plants  (not resolved to species),not species-resolved,Plants,host_data,,
RNAVirHost,Diuris laxiflora,1.0,Plants,Plants  (not resolved to species),not species-resolved,Plants,host_data,Diuris laxiflora,
RNAVirHost,Diversispora versiformis,1.0,Fungi,Fungi  (not resolved to species),not species-resolved,Fungi,host_data,Diversispora versiformis,
RNAVirHost,Dracula astuta,1.0,Plants,Plants  (not resolved to species),not species-resolved,Plants,host_data,Dracula astuta,
RNAVirHost,Drosophila bipectinata,1.0,Insects,Insects  (not resolved to species),not species-resolved,Invertebrates,host_data,Drosophila bipectinata,
RNAVirHost,Drosophila busckii,1.0,Insects,Insects  (not resolved to species),not species-resolved,Invertebrates,host_data,Drosophila busckii,
RNAVirHost,Drosophila kikkawai,1.0,Insects,Insects  (not resolved to species),not species-resolved,Invertebrates,host_data,Drosophila kikkawai,
RNAVirHost,Drosophila simulans,1.0,Insects,Insects  (not resolved to species),not species-resolved,Invertebrates,host_data,Drosophila simulans,
RNAVirHost,Drosophila suzukii,1.0,Insects,Insects  (not resolved to species),not species-resolved,Invertebrates,host_data,Drosophila suzukii,
RNAVirHost,Drosophila unispina,1.0,Insects,Insects  (not resolved to species),not species-resolved,Invertebrates,host_data,Drosophila unispina,
RNAVirHost,Duttaphrynus melanostictus,1.0,Amphibians,Amphibians  (not resolved to species),not species-resolved,Non-mammalian vertebrates,host_data,Duttaphrynus melanostictus,
RNAVirHost,Dysphania schraderiana,1.0,Plants,Plants  (not resolved to species),not species-resolved,Plants,host_data,Dysphania schraderiana,
RNAVirHost,Echinosciurus variegatoides,1.0,Rodents,Rodents  (not resolved to species),not species-resolved,Mammals,host_data,Echinosciurus variegatoides,
RNAVirHost,Egretta garzetta,1.0,Birds,Birds  (not resolved to species),not species-resolved,Non-mammalian vertebrates,host_data,Egretta garzetta,
RNAVirHost,Elapsoidea loveridgei,1.0,Reptiles,Reptiles  (not resolved to species),not species-resolved,Non-mammalian vertebrates,host_data,Elapsoidea loveridgei,
RNAVirHost,Elisabethiella stueckenbergi,1.0,Insects,Insects  (not resolved to species),not species-resolved,Invertebrates,host_data,Elisabethiella stueckenbergi,
RNAVirHost,Elymus repens,1.0,Plants,Plants  (not resolved to species),not species-resolved,Plants,host_data,Elymus repens,
RNAVirHost,Embergeria,1.0,Plants,Plants  (not resolved to species),not species-resolved,Plants,host_data,,
RNAVirHost,Ensete ventricosum,1.0,Plants,Plants  (not resolved to species),not species-resolved,Plants,host_data,Ensete ventricosum,
RNAVirHost,Eotetranychus kankitus,1.0,Arachnids,Arachnids  (not resolved to species),not species-resolved,Invertebrates,host_data,Eotetranychus kankitus,
RNAVirHost,Eothenomys regulus,1.0,Rodents,Rodents  (not resolved to species),not species-resolved,Mammals,host_data,Eothenomys regulus,
RNAVirHost,Epidendrum,1.0,Plants,Plants  (not resolved to species),not species-resolved,Plants,host_data,,
RNAVirHost,Epimedium,1.0,Plants,Plants  (not resolved to species),not species-resolved,Plants,host_data,,
RNAVirHost,Epiphyllum,1.0,Plants,Plants  (not resolved to species),not species-resolved,Plants,host_data,,
RNAVirHost,Epipogium roseum,1.0,Plants,Plants  (not resolved to species),not species-resolved,Plants,host_data,Epipogium roseum,
RNAVirHost,Epipremnum aureum,1.0,Plants,Plants  (not resolved to species),not species-resolved,Plants,host_data,Epipremnum aureum,
RNAVirHost,Epomophorus,1.0,Bats,Bats  (not resolved to species),not species-resolved,Mammals,host_data,,
RNAVirHost,Epomophorus wahlbergi,1.0,Bats,Bats  (not resolved to species),not species-resolved,Mammals,host_data,Epomophorus wahlbergi,
RNAVirHost,Eptatretus burgeri,1.0,Fish,Fish  (not resolved to species),not species-resolved,Non-mammalian vertebrates,host_data,Eptatretus burgeri,
RNAVirHost,Eptesicus furinalis,1.0,Bats,Bats  (not resolved to species),not species-resolved,Mammals,host_data,Eptesicus furinalis,
RNAVirHost,Eptesicus regulus,1.0,Bats,Bats  (not resolved to species),not species-resolved,Mammals,host_data,Eptesicus regulus,
RNAVirHost,Erthesina fullo,1.0,Insects,Insects  (not resolved to species),not species-resolved,Invertebrates,host_data,Erthesina fullo,
RNAVirHost,Eryngium planum,1.0,Plants,Plants  (not resolved to species),not species-resolved,Plants,host_data,Eryngium planum,
RNAVirHost,Erysimum,1.0,Plants,Plants  (not resolved to species),not species-resolved,Plants,host_data,,
RNAVirHost,Esocidae,1.0,Fish,Fish  (not resolved to species),not species-resolved,Non-mammalian vertebrates,host_data,,
RNAVirHost,Eucomis,1.0,Plants,Plants  (not resolved to species),not species-resolved,Plants,host_data,,
RNAVirHost,Eumantispa harmandi,1.0,Insects,Insects  (not resolved to species),not species-resolved,Invertebrates,host_data,Eumantispa harmandi,
RNAVirHost,Eumenes papillarius,1.0,Insects,Insects  (not resolved to species),not species-resolved,Invertebrates,host_data,Eumenes papillarius,
RNAVirHost,Eumetopias jubatus,1.0,Carnivores,Carnivores  (not resolved to species),not species-resolved,Mammals,host_data,Eumetopias jubatus,
RNAVirHost,Eupatorium,1.0,Plants,Plants  (not resolved to species),not species-resolved,Plants,host_data,,
RNAVirHost,Euphausia superba,1.0,Other invertebrates,Other invertebrates  (not resolved to species),not species-resolved,Invertebrates,host_data,Euphausia superba,
RNAVirHost,Euphorbia milii,1.0,Plants,Plants  (not resolved to species),not species-resolved,Plants,host_data,Euphorbia milii,
RNAVirHost,Euprepiophis mandarinus,1.0,Reptiles,Reptiles  (not resolved to species),not species-resolved,Non-mammalian vertebrates,host_data,Euprepiophis mandarinus,
RNAVirHost,Fabaceae,1.0,Plants,Plants  (not resolved to species),not species-resolved,Plants,host_data,,
RNAVirHost,Fagopyrum esculentum,1.0,Plants,Plants  (not resolved to species),not species-resolved,Plants,host_data,Fagopyrum esculentum,
RNAVirHost,Feliformia,1.0,Carnivores,Carnivores  (not resolved to species),not species-resolved,Mammals,host_data,,
RNAVirHost,Ferula assa-foetida,1.0,Plants,Plants  (not resolved to species),not species-resolved,Plants,host_data,Ferula assa-foetida,
RNAVirHost,Formica fusca,1.0,Insects,Insects  (not resolved to species),not species-resolved,Invertebrates,host_data,Formica fusca,
RNAVirHost,Forsythia mandschurica,1.0,Plants,Plants  (not resolved to species),not species-resolved,Plants,host_data,Forsythia mandschurica,
RNAVirHost,Fragaria virginiana,1.0,Plants,Plants  (not resolved to species),not species-resolved,Plants,host_data,Fragaria virginiana,
RNAVirHost,Fraxinus americana,1.0,Plants,Plants  (not resolved to species),not species-resolved,Plants,host_data,Fraxinus americana,
RNAVirHost,Fundulus heteroclitus heteroclitus,1.0,Fish,Fish  (not resolved to species),not species-resolved,Non-mammalian vertebrates,host_data,Fundulus heteroclitus,
RNAVirHost,Furcraea,1.0,Plants,Plants  (not resolved to species),not species-resolved,Plants,host_data,,
RNAVirHost,Fusarium incarnatum,1.0,Fungi,Fungi  (not resolved to species),not species-resolved,Fungi,host_data,Fusarium incarnatum,
RNAVirHost,Fusarium proliferatum,1.0,Fungi,Fungi  (not resolved to species),not species-resolved,Fungi,host_data,Fusarium proliferatum,
RNAVirHost,Fusarium pseudograminearum,1.0,Fungi,Fungi  (not resolved to species),not species-resolved,Fungi,host_data,Fusarium pseudograminearum,
RNAVirHost,Fusarium sambucinum,1.0,Fungi,Fungi  (not resolved to species),not species-resolved,Fungi,host_data,Fusarium sambucinum,
RNAVirHost,Gadidae,1.0,Fish,Fish  (not resolved to species),not species-resolved,Non-mammalian vertebrates,host_data,,
RNAVirHost,Gaeumannomyces tritici,1.0,Fungi,Fungi  (not resolved to species),not species-resolved,Fungi,host_data,Gaeumannomyces tritici,
RNAVirHost,Galidia elegans,1.0,Carnivores,Carnivores  (not resolved to species),not species-resolved,Mammals,host_data,Galidia elegans,
RNAVirHost,Galinsoga parviflora,1.0,Plants,Plants  (not resolved to species),not species-resolved,Plants,host_data,Galinsoga parviflora,
RNAVirHost,Gallus,1.0,Birds,Birds  (not resolved to species),not species-resolved,Non-mammalian vertebrates,host_data,,
RNAVirHost,Gambusia holbrooki,1.0,Fish,Fish  (not resolved to species),not species-resolved,Non-mammalian vertebrates,host_data,Gambusia holbrooki,
RNAVirHost,Gammarus chevreuxi,1.0,Other invertebrates,Other invertebrates  (not resolved to species),not species-resolved,Invertebrates,host_data,Gammarus chevreuxi,
RNAVirHost,Gammarus pulex,1.0,Other invertebrates,Other invertebrates  (not resolved to species),not species-resolved,Invertebrates,host_data,Gammarus pulex,
RNAVirHost,Gasterosteus aculeatus,1.0,Fish,Fish  (not resolved to species),not species-resolved,Non-mammalian vertebrates,host_data,Gasterosteus aculeatus,
RNAVirHost,Gastropoda,1.0,Other invertebrates,Other invertebrates  (not resolved to species),not species-resolved,Invertebrates,host_data,,
RNAVirHost,Gazella,1.0,Ungulates,Ungulates  (not resolved to species),not species-resolved,Mammals,host_data,,
RNAVirHost,Gekko similignum,1.0,Reptiles,Reptiles  (not resolved to species),not species-resolved,Non-mammalian vertebrates,host_data,Gekko similignum,
RNAVirHost,Genetta genetta,1.0,Carnivores,Carnivores  (not resolved to species),not species-resolved,Mammals,host_data,Genetta genetta,
RNAVirHost,Geopora sumneriana,1.0,Fungi,Fungi  (not resolved to species),not species-resolved,Fungi,host_data,Geopora sumneriana,
RNAVirHost,Geranium carolinianum,1.0,Plants,Plants  (not resolved to species),not species-resolved,Plants,host_data,Geranium carolinianum,
RNAVirHost,Glauconycteris,1.0,Bats,Bats  (not resolved to species),not species-resolved,Mammals,host_data,,
RNAVirHost,Globodera pallida,1.0,Other invertebrates,Other invertebrates  (not resolved to species),not species-resolved,Invertebrates,host_data,Globodera pallida,
RNAVirHost,Glossina morsitans morsitans,1.0,Insects,Insects  (not resolved to species),not species-resolved,Invertebrates,host_data,Glossina morsitans,
RNAVirHost,Gobiosoma bosc,1.0,Fish,Fish  (not resolved to species),not species-resolved,Non-mammalian vertebrates,host_data,Gobiosoma bosc,
RNAVirHost,Gompholobium,1.0,Plants,Plants  (not resolved to species),not species-resolved,Plants,host_data,,
RNAVirHost,Goniurosaurus luii,1.0,Reptiles,Reptiles  (not resolved to species),not species-resolved,Non-mammalian vertebrates,host_data,Goniurosaurus luii,
RNAVirHost,Gorytes laticinctus,1.0,Insects,Insects  (not resolved to species),not species-resolved,Invertebrates,host_data,Gorytes laticinctus,
RNAVirHost,Gracilinanus microtarsus,1.0,Other/unresolved mammals,Other/unresolved mammals  (not resolved to species),not species-resolved,Mammals,host_data,Gracilinanus microtarsus,
RNAVirHost,Graphiurus,1.0,Rodents,Rodents  (not resolved to species),not species-resolved,Mammals,host_data,,
RNAVirHost,Graptopetalum paraguayense,1.0,Plants,Plants  (not resolved to species),not species-resolved,Plants,host_data,Graptopetalum paraguayense,
RNAVirHost,Gynura,1.0,Plants,Plants  (not resolved to species),not species-resolved,Plants,host_data,,
RNAVirHost,Gyromitra esculenta,1.0,Fungi,Fungi  (not resolved to species),not species-resolved,Fungi,host_data,Gyromitra esculenta,
RNAVirHost,Haemagogus sp.,1.0,Insects,Insects  (not resolved to species),not species-resolved,Invertebrates,host_data,Haemagogus sp.,
RNAVirHost,Haemaphysalis bancrofti,1.0,Arachnids,Arachnids  (not resolved to species),not species-resolved,Invertebrates,host_data,Haemaphysalis bancrofti,
RNAVirHost,Harmonia axyridis,1.0,Insects,Insects  (not resolved to species),not species-resolved,Invertebrates,host_data,Harmonia axyridis,
RNAVirHost,Hedera helix,1.0,Plants,Plants  (not resolved to species),not species-resolved,Plants,host_data,Hedera helix,
RNAVirHost,Helianthus,1.0,Plants,Plants  (not resolved to species),not species-resolved,Plants,host_data,,
RNAVirHost,Hemibagrus guttatus,1.0,Fish,Fish  (not resolved to species),not species-resolved,Non-mammalian vertebrates,host_data,Hemibagrus guttatus,
RNAVirHost,Hemitriakis japanica,1.0,Fish,Fish  (not resolved to species),not species-resolved,Non-mammalian vertebrates,host_data,Hemitriakis japanica,
RNAVirHost,Hermannia gibba,1.0,Arachnids,Arachnids  (not resolved to species),not species-resolved,Invertebrates,host_data,Hermannia gibba,
RNAVirHost,Hesperis matronalis,1.0,Plants,Plants  (not resolved to species),not species-resolved,Plants,host_data,Hesperis matronalis,
RNAVirHost,Heteropelma amictum,1.0,Insects,Insects  (not resolved to species),not species-resolved,Invertebrates,host_data,Heteropelma amictum,
RNAVirHost,Hexapoda,1.0,Other invertebrates,Other invertebrates  (not resolved to species),not species-resolved,Invertebrates,host_data,,
RNAVirHost,Hime japonica,1.0,Fish,Fish  (not resolved to species),not species-resolved,Non-mammalian vertebrates,host_data,Hime japonica,
RNAVirHost,Hippeastrum,1.0,Plants,Plants  (not resolved to species),not species-resolved,Plants,host_data,,
RNAVirHost,Hippophae rhamnoides,1.0,Plants,Plants  (not resolved to species),not species-resolved,Plants,host_data,Hippophae rhamnoides,
RNAVirHost,Hippopotamus,1.0,Ungulates,Ungulates  (not resolved to species),not species-resolved,Mammals,host_data,,
RNAVirHost,Hipposideros cervinus,1.0,Bats,Bats  (not resolved to species),not species-resolved,Mammals,host_data,Hipposideros cervinus,
RNAVirHost,Hipposideros diadema,1.0,Bats,Bats  (not resolved to species),not species-resolved,Mammals,host_data,Hipposideros diadema,
RNAVirHost,Hordeum murinum,1.0,Plants,Plants  (not resolved to species),not species-resolved,Plants,host_data,Hordeum murinum,
RNAVirHost,Hortaea werneckii,1.0,Fungi,Fungi  (not resolved to species),not species-resolved,Fungi,host_data,Hortaea werneckii,
RNAVirHost,Hosta,1.0,Plants,Plants  (not resolved to species),not species-resolved,Plants,host_data,,
RNAVirHost,Hosta minor,1.0,Plants,Plants  (not resolved to species),not species-resolved,Plants,host_data,Hosta minor,
RNAVirHost,Hoya lambii,1.0,Plants,Plants  (not resolved to species),not species-resolved,Plants,host_data,Hoya lambii,
RNAVirHost,Hyalomma,1.0,Arachnids,Arachnids  (not resolved to species),not species-resolved,Invertebrates,host_data,,
RNAVirHost,Hyalomma detritum,1.0,Arachnids,Arachnids  (not resolved to species),not species-resolved,Invertebrates,host_data,Hyalomma detritum,
RNAVirHost,Hyalomma scupense,1.0,Arachnids,Arachnids  (not resolved to species),not species-resolved,Invertebrates,host_data,Hyalomma scupense,
RNAVirHost,Hydrocotyle vulgaris,1.0,Plants,Plants  (not resolved to species),not species-resolved,Plants,host_data,Hydrocotyle vulgaris,
RNAVirHost,Hygrophorus penarioides,1.0,Fungi,Fungi  (not resolved to species),not species-resolved,Fungi,host_data,Hygrophorus penarioides,
RNAVirHost,Hyla simplex,1.0,Amphibians,Amphibians  (not resolved to species),not species-resolved,Non-mammalian vertebrates,host_data,Hyla simplex,
RNAVirHost,Hylobates pileatus,1.0,Non-human primates,Non-human primates  (not resolved to species),not species-resolved,Mammals,host_data,Hylobates pileatus,
RNAVirHost,Hylobatidae,1.0,Non-human primates,Non-human primates  (not resolved to species),not species-resolved,Mammals,host_data,,
RNAVirHost,Hymenoscyphus fraxineus,1.0,Fungi,Fungi  (not resolved to species),not species-resolved,Fungi,host_data,Hymenoscyphus fraxineus,
RNAVirHost,Hyporhamphus sajori,1.0,Fish,Fish  (not resolved to species),not species-resolved,Non-mammalian vertebrates,host_data,Hyporhamphus sajori,
RNAVirHost,Hypsignathus monstrosus,1.0,Bats,Bats  (not resolved to species),not species-resolved,Mammals,host_data,Hypsignathus monstrosus,
RNAVirHost,Hystricidae,1.0,Rodents,Rodents  (not resolved to species),not species-resolved,Mammals,host_data,,
RNAVirHost,Iberis,1.0,Plants,Plants  (not resolved to species),not species-resolved,Plants,host_data,,
RNAVirHost,Idiosepius notoides,1.0,Other invertebrates,Other invertebrates  (not resolved to species),not species-resolved,Invertebrates,host_data,Idiosepius notoides,
RNAVirHost,Indigofera australis,1.0,Plants,Plants  (not resolved to species),not species-resolved,Plants,host_data,Indigofera australis,
RNAVirHost,Inopus,1.0,Insects,Insects  (not resolved to species),not species-resolved,Invertebrates,host_data,,
RNAVirHost,Ipomoea nil,1.0,Plants,Plants  (not resolved to species),not species-resolved,Plants,host_data,Ipomoea nil,
RNAVirHost,Ips typographus,1.0,Insects,Insects  (not resolved to species),not species-resolved,Invertebrates,host_data,Ips typographus,
RNAVirHost,Iris domestica,1.0,Plants,Plants  (not resolved to species),not species-resolved,Plants,host_data,Iris domestica,
RNAVirHost,Iris germanica,1.0,Plants,Plants  (not resolved to species),not species-resolved,Plants,host_data,Iris germanica,
RNAVirHost,Iris x hollandica,1.0,Plants,Plants  (not resolved to species),not species-resolved,Plants,host_data,Iris x hollandica,
RNAVirHost,Isatis tinctoria,1.0,Plants,Plants  (not resolved to species),not species-resolved,Plants,host_data,Isatis tinctoria,
RNAVirHost,Ixodes dentatus,1.0,Arachnids,Arachnids  (not resolved to species),not species-resolved,Invertebrates,host_data,Ixodes dentatus,
RNAVirHost,Ixodes pavlovskyi,1.0,Arachnids,Arachnids  (not resolved to species),not species-resolved,Invertebrates,host_data,Ixodes pavlovskyi,
RNAVirHost,Jasminum,1.0,Plants,Plants  (not resolved to species),not species-resolved,Plants,host_data,,
RNAVirHost,Jasminum laurifolium f. nitidum,1.0,Plants,Plants  (not resolved to species),not species-resolved,Plants,host_data,Jasminum laurifolium,
RNAVirHost,Jasminum officinale,1.0,Plants,Plants  (not resolved to species),not species-resolved,Plants,host_data,Jasminum officinale,
RNAVirHost,Karelinia caspia,1.0,Plants,Plants  (not resolved to species),not species-resolved,Plants,host_data,Karelinia caspia,
RNAVirHost,Kennedia rubicunda,1.0,Plants,Plants  (not resolved to species),not species-resolved,Plants,host_data,Kennedia rubicunda,
RNAVirHost,Lachenalia,1.0,Plants,Plants  (not resolved to species),not species-resolved,Plants,host_data,,
RNAVirHost,Lactuca,1.0,Plants,Plants  (not resolved to species),not species-resolved,Plants,host_data,,
RNAVirHost,Lactuca saligna,1.0,Plants,Plants  (not resolved to species),not species-resolved,Plants,host_data,Lactuca saligna,
RNAVirHost,Lactuca serriola,1.0,Plants,Plants  (not resolved to species),not species-resolved,Plants,host_data,Lactuca serriola,
RNAVirHost,Laelia,1.0,Plants,Plants  (not resolved to species),not species-resolved,Plants,host_data,,
RNAVirHost,Lagothrix,1.0,Non-human primates,Non-human primates  (not resolved to species),not species-resolved,Mammals,host_data,,
RNAVirHost,Lama guanicoe,1.0,Ungulates,Ungulates  (not resolved to species),not species-resolved,Mammals,host_data,Lama guanicoe,
RNAVirHost,Lampropeltis triangulum hondurensis,1.0,Reptiles,Reptiles  (not resolved to species),not species-resolved,Non-mammalian vertebrates,host_data,Lampropeltis triangulum,
RNAVirHost,Laridae,1.0,Birds,Birds  (not resolved to species),not species-resolved,Non-mammalian vertebrates,host_data,,
RNAVirHost,Larus marinus,1.0,Birds,Birds  (not resolved to species),not species-resolved,Non-mammalian vertebrates,host_data,Larus marinus,
RNAVirHost,Lasiurus cinereus,1.0,Bats,Bats  (not resolved to species),not species-resolved,Mammals,host_data,Lasiurus cinereus,
RNAVirHost,Lasiurus intermedius,1.0,Bats,Bats  (not resolved to species),not species-resolved,Mammals,host_data,Lasiurus intermedius,
RNAVirHost,Leontocebus nigricollis,1.0,Non-human primates,Non-human primates  (not resolved to species),not species-resolved,Mammals,host_data,Leontocebus nigricollis,
RNAVirHost,Leopoldamys edwardsi,1.0,Rodents,Rodents  (not resolved to species),not species-resolved,Mammals,host_data,Leopoldamys edwardsi,
RNAVirHost,Leptobrachium hainanense,1.0,Amphibians,Amphibians  (not resolved to species),not species-resolved,Non-mammalian vertebrates,host_data,Leptobrachium hainanense,
RNAVirHost,Leptotrombidium pallidum,1.0,Arachnids,Arachnids  (not resolved to species),not species-resolved,Invertebrates,host_data,Leptotrombidium pallidum,
RNAVirHost,Leucosticte brandti,1.0,Birds,Birds  (not resolved to species),not species-resolved,Non-mammalian vertebrates,host_data,Leucosticte brandti,
RNAVirHost,Leuronota fagarae,1.0,Insects,Insects  (not resolved to species),not species-resolved,Invertebrates,host_data,Leuronota fagarae,
RNAVirHost,Liliopsida,1.0,Plants,Plants  (not resolved to species),not species-resolved,Plants,host_data,,
RNAVirHost,Lilium hybrid division VII,1.0,Plants,Plants  (not resolved to species),not species-resolved,Plants,host_data,Lilium hybrid,
RNAVirHost,Lilium lancifolium,1.0,Plants,Plants  (not resolved to species),not species-resolved,Plants,host_data,Lilium lancifolium,
RNAVirHost,Lilium longiflorum,1.0,Plants,Plants  (not resolved to species),not species-resolved,Plants,host_data,Lilium longiflorum,
RNAVirHost,Limonium,1.0,Plants,Plants  (not resolved to species),not species-resolved,Plants,host_data,,
RNAVirHost,Liriodendron tulipifera,1.0,Plants,Plants  (not resolved to species),not species-resolved,Plants,host_data,Liriodendron tulipifera,
RNAVirHost,Lolium,1.0,Plants,Plants  (not resolved to species),not species-resolved,Plants,host_data,,
RNAVirHost,Lolium multiflorum x Lolium perenne,1.0,Plants,Plants  (not resolved to species),not species-resolved,Plants,host_data,Lolium multiflorum x Lolium perenne,
RNAVirHost,Lonicera,1.0,Plants,Plants  (not resolved to species),not species-resolved,Plants,host_data,,
RNAVirHost,Lophuromys laticeps,1.0,Rodents,Rodents  (not resolved to species),not species-resolved,Mammals,host_data,Lophuromys laticeps,
RNAVirHost,Luffa,1.0,Plants,Plants  (not resolved to species),not species-resolved,Plants,host_data,,
RNAVirHost,Lupinus albus,1.0,Plants,Plants  (not resolved to species),not species-resolved,Plants,host_data,Lupinus albus,
RNAVirHost,Lutzomyia flaviscutellata,1.0,Insects,Insects  (not resolved to species),not species-resolved,Invertebrates,host_data,Lutzomyia flaviscutellata,
RNAVirHost,Lycaon pictus,1.0,Carnivores,Carnivores  (not resolved to species),not species-resolved,Mammals,host_data,Lycaon pictus,
RNAVirHost,Lycorma delicatula,1.0,Insects,Insects  (not resolved to species),not species-resolved,Invertebrates,host_data,Lycorma delicatula,
RNAVirHost,Lygodium japonicum,1.0,Plants,Plants  (not resolved to species),not species-resolved,Plants,host_data,Lygodium japonicum,
RNAVirHost,Lysiphlebus fabarum,1.0,Insects,Insects  (not resolved to species),not species-resolved,Invertebrates,host_data,Lysiphlebus fabarum,
RNAVirHost,Macaca cyclopis,1.0,Non-human primates,Non-human primates  (not resolved to species),not species-resolved,Mammals,host_data,Macaca cyclopis,
RNAVirHost,Macaca radiata,1.0,Non-human primates,Non-human primates  (not resolved to species),not species-resolved,Mammals,host_data,Macaca radiata,
RNAVirHost,Macrocentrus marginator,1.0,Insects,Insects  (not resolved to species),not species-resolved,Invertebrates,host_data,Macrocentrus marginator,
RNAVirHost,Macrognathus aculeatus,1.0,Fish,Fish  (not resolved to species),not species-resolved,Non-mammalian vertebrates,host_data,Macrognathus aculeatus,
RNAVirHost,Macropodidae,1.0,Other/unresolved mammals,Other/unresolved mammals  (not resolved to species),not species-resolved,Mammals,host_data,,
RNAVirHost,Macropsylla hercules,1.0,Insects,Insects  (not resolved to species),not species-resolved,Invertebrates,host_data,Macropsylla hercules,
RNAVirHost,Macroptilium atropurpureum,1.0,Plants,Plants  (not resolved to species),not species-resolved,Plants,host_data,Macroptilium atropurpureum,
RNAVirHost,Macroptilium longipedunculatum,1.0,Plants,Plants  (not resolved to species),not species-resolved,Plants,host_data,Macroptilium longipedunculatum,
RNAVirHost,Macroramphosus scolopax,1.0,Fish,Fish  (not resolved to species),not species-resolved,Non-mammalian vertebrates,host_data,Macroramphosus scolopax,
RNAVirHost,Macrotermes carbonarius,1.0,Insects,Insects  (not resolved to species),not species-resolved,Invertebrates,host_data,Macrotermes carbonarius,
RNAVirHost,Malassezia sympodialis,1.0,Fungi,Fungi  (not resolved to species),not species-resolved,Fungi,host_data,Malassezia sympodialis,
RNAVirHost,Malayopython reticulatus,1.0,Reptiles,Reptiles  (not resolved to species),not species-resolved,Non-mammalian vertebrates,host_data,Malayopython reticulatus,
RNAVirHost,Malus sieboldii,1.0,Plants,Plants  (not resolved to species),not species-resolved,Plants,host_data,Malus sieboldii,
RNAVirHost,Malva,1.0,Plants,Plants  (not resolved to species),not species-resolved,Plants,host_data,,
RNAVirHost,Malva neglecta,1.0,Plants,Plants  (not resolved to species),not species-resolved,Plants,host_data,Malva neglecta,
RNAVirHost,Malvaceae,1.0,Plants,Plants  (not resolved to species),not species-resolved,Plants,host_data,,
RNAVirHost,Mangifera indica,1.0,Plants,Plants  (not resolved to species),not species-resolved,Plants,host_data,Mangifera indica,
RNAVirHost,Mansonia sp.,1.0,Insects,Insects  (not resolved to species),not species-resolved,Invertebrates,host_data,Mansonia sp.,
RNAVirHost,Mareca,1.0,Birds,Birds  (not resolved to species),not species-resolved,Non-mammalian vertebrates,host_data,,
RNAVirHost,Mauremys sinensis,1.0,Reptiles,Reptiles  (not resolved to species),not species-resolved,Non-mammalian vertebrates,host_data,Mauremys sinensis,
RNAVirHost,Medicago arabica,1.0,Plants,Plants  (not resolved to species),not species-resolved,Plants,host_data,Medicago arabica,
RNAVirHost,Megachile willughbiella,1.0,Insects,Insects  (not resolved to species),not species-resolved,Invertebrates,host_data,Megachile willughbiella,
RNAVirHost,Megaloglossus woermanni,1.0,Bats,Bats  (not resolved to species),not species-resolved,Mammals,host_data,Megaloglossus woermanni,
RNAVirHost,Melampyrum roseum,1.0,Plants,Plants  (not resolved to species),not species-resolved,Plants,host_data,Melampyrum roseum,
RNAVirHost,Melanoconion,1.0,Insects,Insects  (not resolved to species),not species-resolved,Invertebrates,host_data,,
RNAVirHost,Melia azedarach,1.0,Plants,Plants  (not resolved to species),not species-resolved,Plants,host_data,Melia azedarach,
RNAVirHost,Melogale,1.0,Carnivores,Carnivores  (not resolved to species),not species-resolved,Mammals,host_data,,
RNAVirHost,Melomys,1.0,Rodents,Rodents  (not resolved to species),not species-resolved,Mammals,host_data,,
RNAVirHost,Meretrix meretrix,1.0,Other invertebrates,Other invertebrates  (not resolved to species),not species-resolved,Invertebrates,host_data,Meretrix meretrix,
RNAVirHost,Mesosphaerum pectinatum,1.0,Plants,Plants  (not resolved to species),not species-resolved,Plants,host_data,Mesosphaerum pectinatum,
RNAVirHost,Microtus obscurus,1.0,Rodents,Rodents  (not resolved to species),not species-resolved,Mammals,host_data,Microtus obscurus,
RNAVirHost,Miniopterus manavi,1.0,Bats,Bats  (not resolved to species),not species-resolved,Mammals,host_data,Miniopterus manavi,
RNAVirHost,Miniopterus natalensis,1.0,Bats,Bats  (not resolved to species),not species-resolved,Mammals,host_data,Miniopterus natalensis,
RNAVirHost,Minous monodactylus,1.0,Fish,Fish  (not resolved to species),not species-resolved,Non-mammalian vertebrates,host_data,Minous monodactylus,
RNAVirHost,Mirabilis,1.0,Plants,Plants  (not resolved to species),not species-resolved,Plants,host_data,,
RNAVirHost,Monilinia,1.0,Fungi,Fungi  (not resolved to species),not species-resolved,Fungi,host_data,,
RNAVirHost,Mops pumilus,1.0,Bats,Bats  (not resolved to species),not species-resolved,Mammals,host_data,Mops pumilus,
RNAVirHost,Morus nigra,1.0,Plants,Plants  (not resolved to species),not species-resolved,Plants,host_data,Morus nigra,
RNAVirHost,Mucuna,1.0,Plants,Plants  (not resolved to species),not species-resolved,Plants,host_data,,
RNAVirHost,Muhlenbergia,1.0,Plants,Plants  (not resolved to species),not species-resolved,Plants,host_data,,
RNAVirHost,Mus bufo,1.0,Rodents,Rodents  (not resolved to species),not species-resolved,Mammals,host_data,Mus bufo,
RNAVirHost,Mus setulosus,1.0,Rodents,Rodents  (not resolved to species),not species-resolved,Mammals,host_data,Mus setulosus,
RNAVirHost,Mus spicilegus,1.0,Rodents,Rodents  (not resolved to species),not species-resolved,Mammals,host_data,Mus spicilegus,
RNAVirHost,Muscicapidae,1.0,Birds,Birds  (not resolved to species),not species-resolved,Non-mammalian vertebrates,host_data,,
RNAVirHost,Mustela,1.0,Carnivores,Carnivores  (not resolved to species),not species-resolved,Mammals,host_data,,
RNAVirHost,Myodes,1.0,Rodents,Rodents  (not resolved to species),not species-resolved,Mammals,host_data,,
RNAVirHost,Myodes gapperi,1.0,Rodents,Rodents  (not resolved to species),not species-resolved,Mammals,host_data,Myodes gapperi,
RNAVirHost,Myosorex geata,1.0,Other/unresolved mammals,Other/unresolved mammals  (not resolved to species),not species-resolved,Mammals,host_data,Myosorex geata,
RNAVirHost,Myosorex zinki,1.0,Other/unresolved mammals,Other/unresolved mammals  (not resolved to species),not species-resolved,Mammals,host_data,Myosorex zinki,
RNAVirHost,Myotis austroriparius,1.0,Bats,Bats  (not resolved to species),not species-resolved,Mammals,host_data,Myotis austroriparius,
RNAVirHost,Myotis brandtii,1.0,Bats,Bats  (not resolved to species),not species-resolved,Mammals,host_data,Myotis brandtii,
RNAVirHost,Myotis chinensis,1.0,Bats,Bats  (not resolved to species),not species-resolved,Mammals,host_data,Myotis chinensis,
RNAVirHost,Myotis horsfieldii,1.0,Bats,Bats  (not resolved to species),not species-resolved,Mammals,host_data,Myotis horsfieldii,
RNAVirHost,Myotis nigricans,1.0,Bats,Bats  (not resolved to species),not species-resolved,Mammals,host_data,Myotis nigricans,
RNAVirHost,Myotis riparius,1.0,Bats,Bats  (not resolved to species),not species-resolved,Mammals,host_data,Myotis riparius,
RNAVirHost,Nandina,1.0,Plants,Plants  (not resolved to species),not species-resolved,Plants,host_data,,
RNAVirHost,Nasonia vitripennis,1.0,Insects,Insects  (not resolved to species),not species-resolved,Invertebrates,host_data,Nasonia vitripennis,
RNAVirHost,Necromys lasiurus,1.0,Rodents,Rodents  (not resolved to species),not species-resolved,Mammals,host_data,Necromys lasiurus,
RNAVirHost,Nematodes,1.0,Insects,Insects  (not resolved to species),not species-resolved,Invertebrates,host_data,,
RNAVirHost,Neoachmandra japonica,1.0,Plants,Plants  (not resolved to species),not species-resolved,Plants,host_data,Neoachmandra japonica,
RNAVirHost,Neodon leucurus,1.0,Rodents,Rodents  (not resolved to species),not species-resolved,Mammals,host_data,Neodon leucurus,
RNAVirHost,Nepenthes mirabilis,1.0,Plants,Plants  (not resolved to species),not species-resolved,Plants,host_data,Nepenthes mirabilis,
RNAVirHost,Nerine sarniensis,1.0,Plants,Plants  (not resolved to species),not species-resolved,Plants,host_data,Nerine sarniensis,
RNAVirHost,Neurachne minor,1.0,Plants,Plants  (not resolved to species),not species-resolved,Plants,host_data,Neurachne minor,
RNAVirHost,Neurospora discreta,1.0,Fungi,Fungi  (not resolved to species),not species-resolved,Fungi,host_data,Neurospora discreta,
RNAVirHost,Neurotrichus gibbsii,1.0,Other/unresolved mammals,Other/unresolved mammals  (not resolved to species),not species-resolved,Mammals,host_data,Neurotrichus gibbsii,
RNAVirHost,Nicotiana quadrivalvis var. bigelovii,1.0,Plants,Plants  (not resolved to species),not species-resolved,Plants,host_data,Nicotiana quadrivalvis,
RNAVirHost,Nicotiana sylvestris,1.0,Plants,Plants  (not resolved to species),not species-resolved,Plants,host_data,Nicotiana sylvestris,
RNAVirHost,Nicotiana x edwardsonii,1.0,Plants,Plants  (not resolved to species),not species-resolved,Plants,host_data,Nicotiana x edwardsonii,
RNAVirHost,Nigrospora chinensis,1.0,Fungi,Fungi  (not resolved to species),not species-resolved,Fungi,host_data,Nigrospora chinensis,
RNAVirHost,Nigrospora sphaerica,1.0,Fungi,Fungi  (not resolved to species),not species-resolved,Fungi,host_data,Nigrospora sphaerica,
RNAVirHost,Niviventer coxingi,1.0,Rodents,Rodents  (not resolved to species),not species-resolved,Mammals,host_data,Niviventer coxingi,
RNAVirHost,Nomada lathburiana,1.0,Insects,Insects  (not resolved to species),not species-resolved,Invertebrates,host_data,Nomada lathburiana,
RNAVirHost,Nomascus gabriellae,1.0,Non-human primates,Non-human primates  (not resolved to species),not species-resolved,Mammals,host_data,Nomascus gabriellae,
RNAVirHost,Nothrus palustris,1.0,Arachnids,Arachnids  (not resolved to species),not species-resolved,Invertebrates,host_data,Nothrus palustris,
RNAVirHost,Notostira elongata,1.0,Insects,Insects  (not resolved to species),not species-resolved,Invertebrates,host_data,Notostira elongata,
RNAVirHost,Nudaurelia,1.0,Insects,Insects  (not resolved to species),not species-resolved,Invertebrates,host_data,,
RNAVirHost,Numididae,1.0,Birds,Birds  (not resolved to species),not species-resolved,Non-mammalian vertebrates,host_data,,
RNAVirHost,Nycticorax,1.0,Birds,Birds  (not resolved to species),not species-resolved,Non-mammalian vertebrates,host_data,,
RNAVirHost,Occasitermes,1.0,Insects,Insects  (not resolved to species),not species-resolved,Invertebrates,host_data,,
RNAVirHost,Ochlerotatus atlanticus,1.0,Insects,Insects  (not resolved to species),not species-resolved,Invertebrates,host_data,Ochlerotatus atlanticus,
RNAVirHost,Ochlerotatus campestris,1.0,Insects,Insects  (not resolved to species),not species-resolved,Invertebrates,host_data,Ochlerotatus campestris,
RNAVirHost,Ochlerotatus canadensis,1.0,Insects,Insects  (not resolved to species),not species-resolved,Invertebrates,host_data,Ochlerotatus canadensis,
RNAVirHost,Ochlerotatus detritus,1.0,Insects,Insects  (not resolved to species),not species-resolved,Invertebrates,host_data,Ochlerotatus detritus,
RNAVirHost,Ochlerotatus riparius,1.0,Insects,Insects  (not resolved to species),not species-resolved,Invertebrates,host_data,Ochlerotatus riparius,
RNAVirHost,Ochlerotatus serratus,1.0,Insects,Insects  (not resolved to species),not species-resolved,Invertebrates,host_data,Ochlerotatus serratus,
RNAVirHost,Ochlerotatus sollicitans,1.0,Insects,Insects  (not resolved to species),not species-resolved,Invertebrates,host_data,Ochlerotatus sollicitans,
RNAVirHost,Ochlerotatus sp.,1.0,Insects,Insects  (not resolved to species),not species-resolved,Invertebrates,host_data,Ochlerotatus sp.,
RNAVirHost,Ochotona curzoniae,1.0,Other/unresolved mammals,Other/unresolved mammals  (not resolved to species),not species-resolved,Mammals,host_data,Ochotona curzoniae,
RNAVirHost,Oenanthe aquatica,1.0,Plants,Plants  (not resolved to species),not species-resolved,Plants,host_data,Oenanthe aquatica,
RNAVirHost,Oligodon formosanus,1.0,Reptiles,Reptiles  (not resolved to species),not species-resolved,Non-mammalian vertebrates,host_data,Oligodon formosanus,
RNAVirHost,Oligoryzomys flavescens,1.0,Rodents,Rodents  (not resolved to species),not species-resolved,Mammals,host_data,Oligoryzomys flavescens,
RNAVirHost,Ononis,1.0,Plants,Plants  (not resolved to species),not species-resolved,Plants,host_data,,
RNAVirHost,Onychostruthus taczanowskii,1.0,Birds,Birds  (not resolved to species),not species-resolved,Non-mammalian vertebrates,host_data,Onychostruthus taczanowskii,
RNAVirHost,Ophrys fusca subsp. iricolor,1.0,Plants,Plants  (not resolved to species),not species-resolved,Plants,host_data,Ophrys fusca,
RNAVirHost,Orchis,1.0,Plants,Plants  (not resolved to species),not species-resolved,Plants,host_data,,
RNAVirHost,Ornithodoros coniceps,1.0,Arachnids,Arachnids  (not resolved to species),not species-resolved,Invertebrates,host_data,Ornithodoros coniceps,
RNAVirHost,Ornithodoros faini,1.0,Arachnids,Arachnids  (not resolved to species),not species-resolved,Invertebrates,host_data,Ornithodoros faini,
RNAVirHost,Ornithogalum,1.0,Plants,Plants  (not resolved to species),not species-resolved,Plants,host_data,,
RNAVirHost,Orussus unicolor,1.0,Insects,Insects  (not resolved to species),not species-resolved,Invertebrates,host_data,Orussus unicolor,
RNAVirHost,Otocolobus manul,1.0,Carnivores,Carnivores  (not resolved to species),not species-resolved,Mammals,host_data,Otocolobus manul,
RNAVirHost,Ovibos moschatus,1.0,Ungulates,Ungulates  (not resolved to species),not species-resolved,Mammals,host_data,Ovibos moschatus,
RNAVirHost,Ovis orientalis aries,1.0,Ungulates,Ungulates  (not resolved to species),not species-resolved,Mammals,host_data,Ovis orientalis,
RNAVirHost,Oxybelus bipunctatus,1.0,Insects,Insects  (not resolved to species),not species-resolved,Invertebrates,host_data,Oxybelus bipunctatus,
RNAVirHost,Pachycrepoideus vindemmiae,1.0,Insects,Insects  (not resolved to species),not species-resolved,Invertebrates,host_data,Pachycrepoideus vindemmiae,
RNAVirHost,Pachyrhizus,1.0,Plants,Plants  (not resolved to species),not species-resolved,Plants,host_data,,
RNAVirHost,Pachyrhizus ahipa,1.0,Plants,Plants  (not resolved to species),not species-resolved,Plants,host_data,Pachyrhizus ahipa,
RNAVirHost,Pachyrhizus erosus,1.0,Plants,Plants  (not resolved to species),not species-resolved,Plants,host_data,Pachyrhizus erosus,
RNAVirHost,Pachyrhizus tuberosus,1.0,Plants,Plants  (not resolved to species),not species-resolved,Plants,host_data,Pachyrhizus tuberosus,
RNAVirHost,Pachytriton brevipes,1.0,Amphibians,Amphibians  (not resolved to species),not species-resolved,Non-mammalian vertebrates,host_data,Pachytriton brevipes,
RNAVirHost,Pamburus missionis,1.0,Plants,Plants  (not resolved to species),not species-resolved,Plants,host_data,Pamburus missionis,
RNAVirHost,Panicum,1.0,Plants,Plants  (not resolved to species),not species-resolved,Plants,host_data,,
RNAVirHost,Panicum maximum,1.0,Plants,Plants  (not resolved to species),not species-resolved,Plants,host_data,Panicum maximum,
RNAVirHost,Panonychus citri,1.0,Arachnids,Arachnids  (not resolved to species),not species-resolved,Invertebrates,host_data,Panonychus citri,
RNAVirHost,Pantherophis guttatus,1.0,Reptiles,Reptiles  (not resolved to species),not species-resolved,Non-mammalian vertebrates,host_data,Pantherophis guttatus,
RNAVirHost,Papaver rhoeas,1.0,Plants,Plants  (not resolved to species),not species-resolved,Plants,host_data,Papaver rhoeas,
RNAVirHost,Papio,1.0,Non-human primates,Non-human primates  (not resolved to species),not species-resolved,Mammals,host_data,,
RNAVirHost,Papio kindae,1.0,Non-human primates,Non-human primates  (not resolved to species),not species-resolved,Mammals,host_data,Papio kindae,
RNAVirHost,Parapercis lutevittata,1.0,Fish,Fish  (not resolved to species),not species-resolved,Non-mammalian vertebrates,host_data,Parapercis lutevittata,
RNAVirHost,Pararge aegeria,1.0,Insects,Insects  (not resolved to species),not species-resolved,Invertebrates,host_data,Pararge aegeria,
RNAVirHost,Paratrichodorus divergens,1.0,Other invertebrates,Other invertebrates  (not resolved to species),not species-resolved,Invertebrates,host_data,Paratrichodorus divergens,
RNAVirHost,Paratrichodorus hispanus,1.0,Other invertebrates,Other invertebrates  (not resolved to species),not species-resolved,Invertebrates,host_data,Paratrichodorus hispanus,
RNAVirHost,Parietaria,1.0,Plants,Plants  (not resolved to species),not species-resolved,Plants,host_data,,
RNAVirHost,Passer montanus,1.0,Birds,Birds  (not resolved to species),not species-resolved,Non-mammalian vertebrates,host_data,Passer montanus,
RNAVirHost,Passeridae,1.0,Birds,Birds  (not resolved to species),not species-resolved,Non-mammalian vertebrates,host_data,,
RNAVirHost,Pastinaca sativa,1.0,Plants,Plants  (not resolved to species),not species-resolved,Plants,host_data,Pastinaca sativa,
RNAVirHost,Patrinia scabiosifolia,1.0,Plants,Plants  (not resolved to species),not species-resolved,Plants,host_data,Patrinia scabiosifolia,
RNAVirHost,Pedaliaceae,1.0,Plants,Plants  (not resolved to species),not species-resolved,Plants,host_data,,
RNAVirHost,Penaeus esculentus,1.0,Other invertebrates,Other invertebrates  (not resolved to species),not species-resolved,Invertebrates,host_data,Penaeus esculentus,
RNAVirHost,Penaeus japonicus,1.0,Other invertebrates,Other invertebrates  (not resolved to species),not species-resolved,Invertebrates,host_data,Penaeus japonicus,
RNAVirHost,Penaeus merguiensis,1.0,Other invertebrates,Other invertebrates  (not resolved to species),not species-resolved,Invertebrates,host_data,Penaeus merguiensis,
RNAVirHost,Pennisetum,1.0,Plants,Plants  (not resolved to species),not species-resolved,Plants,host_data,,
RNAVirHost,Pennisetum centrasiaticum,1.0,Plants,Plants  (not resolved to species),not species-resolved,Plants,host_data,Pennisetum centrasiaticum,
RNAVirHost,Perilampus aeneus,1.0,Insects,Insects  (not resolved to species),not species-resolved,Invertebrates,host_data,Perilampus aeneus,
RNAVirHost,Phaius tancarvilleae,1.0,Plants,Plants  (not resolved to species),not species-resolved,Plants,host_data,Phaius tancarvilleae,
RNAVirHost,Phasianidae,1.0,Birds,Birds  (not resolved to species),not species-resolved,Non-mammalian vertebrates,host_data,,
RNAVirHost,Phellodendron amurense,1.0,Plants,Plants  (not resolved to species),not species-resolved,Plants,host_data,Phellodendron amurense,
RNAVirHost,Phenacoccus solenopsis,1.0,Insects,Insects  (not resolved to species),not species-resolved,Invertebrates,host_data,Phenacoccus solenopsis,
RNAVirHost,Phlomis,1.0,Plants,Plants  (not resolved to species),not species-resolved,Plants,host_data,,
RNAVirHost,Phlox drummondii,1.0,Plants,Plants  (not resolved to species),not species-resolved,Plants,host_data,Phlox drummondii,
RNAVirHost,Phocidae,1.0,Carnivores,Carnivores  (not resolved to species),not species-resolved,Mammals,host_data,,
RNAVirHost,Pholidota imbricata,1.0,Plants,Plants  (not resolved to species),not species-resolved,Plants,host_data,Pholidota imbricata,
RNAVirHost,Phomopsis longicolla,1.0,Fungi,Fungi  (not resolved to species),not species-resolved,Fungi,host_data,Phomopsis longicolla,
RNAVirHost,Phyllanthus emblica,1.0,Plants,Plants  (not resolved to species),not species-resolved,Plants,host_data,Phyllanthus emblica,
RNAVirHost,Phyllium philippinicum,1.0,Insects,Insects  (not resolved to species),not species-resolved,Invertebrates,host_data,Phyllium philippinicum,
RNAVirHost,Phyllostomus hastatus,1.0,Bats,Bats  (not resolved to species),not species-resolved,Mammals,host_data,Phyllostomus hastatus,
RNAVirHost,Physalis,1.0,Plants,Plants  (not resolved to species),not species-resolved,Plants,host_data,,
RNAVirHost,Physalis ixocarpa,1.0,Plants,Plants  (not resolved to species),not species-resolved,Plants,host_data,Physalis ixocarpa,
RNAVirHost,Physostegia,1.0,Plants,Plants  (not resolved to species),not species-resolved,Plants,host_data,,
RNAVirHost,Pichia membranifaciens,1.0,Fungi,Fungi  (not resolved to species),not species-resolved,Fungi,host_data,Pichia membranifaciens,
RNAVirHost,Picoa juniperi,1.0,Fungi,Fungi  (not resolved to species),not species-resolved,Fungi,host_data,Picoa juniperi,
RNAVirHost,Piper,1.0,Plants,Plants  (not resolved to species),not species-resolved,Plants,host_data,,
RNAVirHost,Piper longum,1.0,Plants,Plants  (not resolved to species),not species-resolved,Plants,host_data,Piper longum,
RNAVirHost,Piper methysticum,1.0,Plants,Plants  (not resolved to species),not species-resolved,Plants,host_data,Piper methysticum,
RNAVirHost,Pipistrellus nathusii,1.0,Bats,Bats  (not resolved to species),not species-resolved,Mammals,host_data,Pipistrellus nathusii,
RNAVirHost,Pistacia chinensis,1.0,Plants,Plants  (not resolved to species),not species-resolved,Plants,host_data,Pistacia chinensis,
RNAVirHost,Pistacia lentiscus,1.0,Plants,Plants  (not resolved to species),not species-resolved,Plants,host_data,Pistacia lentiscus,
RNAVirHost,Pityohyphantes,1.0,Arachnids,Arachnids  (not resolved to species),not species-resolved,Invertebrates,host_data,,
RNAVirHost,Plagiopsetta,1.0,Fish,Fish  (not resolved to species),not species-resolved,Non-mammalian vertebrates,host_data,,
RNAVirHost,Plantago ovata,1.0,Plants,Plants  (not resolved to species),not species-resolved,Plants,host_data,Plantago ovata,
RNAVirHost,Platanistidae,1.0,Ungulates,Ungulates  (not resolved to species),not species-resolved,Mammals,host_data,,
RNAVirHost,Platyrhina,1.0,Fish,Fish  (not resolved to species),not species-resolved,Non-mammalian vertebrates,host_data,,
RNAVirHost,Plecoglossus altivelis,1.0,Fish,Fish  (not resolved to species),not species-resolved,Non-mammalian vertebrates,host_data,Plecoglossus altivelis,
RNAVirHost,Pleurobema sintoxia,1.0,Other invertebrates,Other invertebrates  (not resolved to species),not species-resolved,Invertebrates,host_data,Pleurobema sintoxia,
RNAVirHost,Pleuronectidae,1.0,Fish,Fish  (not resolved to species),not species-resolved,Non-mammalian vertebrates,host_data,,
RNAVirHost,Pleuronichthys japonicus,1.0,Fish,Fish  (not resolved to species),not species-resolved,Non-mammalian vertebrates,host_data,Pleuronichthys japonicus,
RNAVirHost,Ploceus melanocephalus,1.0,Birds,Birds  (not resolved to species),not species-resolved,Non-mammalian vertebrates,host_data,Ploceus melanocephalus,
RNAVirHost,Poa pratensis,1.0,Plants,Plants  (not resolved to species),not species-resolved,Plants,host_data,Poa pratensis,
RNAVirHost,Podosphaera prunicola,1.0,Fungi,Fungi  (not resolved to species),not species-resolved,Fungi,host_data,Podosphaera prunicola,
RNAVirHost,Poecile atricapillus,1.0,Birds,Birds  (not resolved to species),not species-resolved,Non-mammalian vertebrates,host_data,Poecile atricapillus,
RNAVirHost,Polyscias fruticosa,1.0,Plants,Plants  (not resolved to species),not species-resolved,Plants,host_data,Polyscias fruticosa,
RNAVirHost,Poncirus trifoliata,1.0,Plants,Plants  (not resolved to species),not species-resolved,Plants,host_data,Poncirus trifoliata,
RNAVirHost,Populus,1.0,Plants,Plants  (not resolved to species),not species-resolved,Plants,host_data,,
RNAVirHost,Potos flavus,1.0,Carnivores,Carnivores  (not resolved to species),not species-resolved,Mammals,host_data,Potos flavus,
RNAVirHost,Praomys rostratus,1.0,Rodents,Rodents  (not resolved to species),not species-resolved,Mammals,host_data,Praomys rostratus,
RNAVirHost,Proechimys,1.0,Rodents,Rodents  (not resolved to species),not species-resolved,Mammals,host_data,,
RNAVirHost,Proechimys semispinosus,1.0,Rodents,Rodents  (not resolved to species),not species-resolved,Mammals,host_data,Proechimys semispinosus,
RNAVirHost,Propithecus coquereli,1.0,Non-human primates,Non-human primates  (not resolved to species),not species-resolved,Mammals,host_data,Propithecus coquereli,
RNAVirHost,Proteles cristata,1.0,Carnivores,Carnivores  (not resolved to species),not species-resolved,Mammals,host_data,Proteles cristata,
RNAVirHost,Prunus davidiana,1.0,Plants,Plants  (not resolved to species),not species-resolved,Plants,host_data,Prunus davidiana,
RNAVirHost,Prunus emarginata,1.0,Plants,Plants  (not resolved to species),not species-resolved,Plants,host_data,Prunus emarginata,
RNAVirHost,Prunus lusitanica,1.0,Plants,Plants  (not resolved to species),not species-resolved,Plants,host_data,Prunus lusitanica,
RNAVirHost,Prunus mahaleb,1.0,Plants,Plants  (not resolved to species),not species-resolved,Plants,host_data,Prunus mahaleb,
RNAVirHost,Prunus serrulata var. lannesiana,1.0,Plants,Plants  (not resolved to species),not species-resolved,Plants,host_data,Prunus serrulata,
RNAVirHost,Pseudohemiculter dispar,1.0,Fish,Fish  (not resolved to species),not species-resolved,Non-mammalian vertebrates,host_data,Pseudohemiculter dispar,
RNAVirHost,Pseudomallada flavifrons flavifrons,1.0,Insects,Insects  (not resolved to species),not species-resolved,Invertebrates,host_data,Pseudomallada flavifrons,
RNAVirHost,Psorophora,1.0,Insects,Insects  (not resolved to species),not species-resolved,Invertebrates,host_data,,
RNAVirHost,Psorophora albipes,1.0,Insects,Insects  (not resolved to species),not species-resolved,Invertebrates,host_data,Psorophora albipes,
RNAVirHost,Psoroptes ovis,1.0,Arachnids,Arachnids  (not resolved to species),not species-resolved,Invertebrates,host_data,Psoroptes ovis,
RNAVirHost,Psychodidae,1.0,Insects,Insects  (not resolved to species),not species-resolved,Invertebrates,host_data,,
RNAVirHost,Pteropus poliocephalus,1.0,Bats,Bats  (not resolved to species),not species-resolved,Mammals,host_data,Pteropus poliocephalus,
RNAVirHost,Pteropus rufus,1.0,Bats,Bats  (not resolved to species),not species-resolved,Mammals,host_data,Pteropus rufus,
RNAVirHost,Pterostylis sanguinea,1.0,Plants,Plants  (not resolved to species),not species-resolved,Plants,host_data,Pterostylis sanguinea,
RNAVirHost,Pterygotrigla hemisticta,1.0,Fish,Fish  (not resolved to species),not species-resolved,Non-mammalian vertebrates,host_data,Pterygotrigla hemisticta,
RNAVirHost,Ptyas major,1.0,Reptiles,Reptiles  (not resolved to species),not species-resolved,Non-mammalian vertebrates,host_data,Ptyas major,
RNAVirHost,Puccinia helianthi,1.0,Fungi,Fungi  (not resolved to species),not species-resolved,Fungi,host_data,Puccinia helianthi,
RNAVirHost,Pyrus,1.0,Plants,Plants  (not resolved to species),not species-resolved,Plants,host_data,,
RNAVirHost,Pyrus bretschneideri,1.0,Plants,Plants  (not resolved to species),not species-resolved,Plants,host_data,Pyrus bretschneideri,
RNAVirHost,Pyrus pyrifolia,1.0,Plants,Plants  (not resolved to species),not species-resolved,Plants,host_data,Pyrus pyrifolia,
RNAVirHost,Python anchietae,1.0,Reptiles,Reptiles  (not resolved to species),not species-resolved,Non-mammalian vertebrates,host_data,Python anchietae,
RNAVirHost,Pyxis arachnoides,1.0,Reptiles,Reptiles  (not resolved to species),not species-resolved,Non-mammalian vertebrates,host_data,Pyxis arachnoides,
RNAVirHost,Quercus castanea,1.0,Plants,Plants  (not resolved to species),not species-resolved,Plants,host_data,Quercus castanea,
RNAVirHost,Raphanus,1.0,Plants,Plants  (not resolved to species),not species-resolved,Plants,host_data,,
RNAVirHost,Rattus flavipectus,1.0,Rodents,Rodents  (not resolved to species),not species-resolved,Mammals,host_data,Rattus flavipectus,
RNAVirHost,Rattus fuscipes,1.0,Rodents,Rodents  (not resolved to species),not species-resolved,Mammals,host_data,Rattus fuscipes,
RNAVirHost,Rattus nitidus,1.0,Rodents,Rodents  (not resolved to species),not species-resolved,Mammals,host_data,Rattus nitidus,
RNAVirHost,Recilia dorsalis,1.0,Insects,Insects  (not resolved to species),not species-resolved,Invertebrates,host_data,Recilia dorsalis,
RNAVirHost,Reichardia tingitana,1.0,Plants,Plants  (not resolved to species),not species-resolved,Plants,host_data,Reichardia tingitana,
RNAVirHost,Reineckea carnea,1.0,Plants,Plants  (not resolved to species),not species-resolved,Plants,host_data,Reineckea carnea,
RNAVirHost,Rhaphiolepis bibas,1.0,Plants,Plants  (not resolved to species),not species-resolved,Plants,host_data,Rhaphiolepis bibas,
RNAVirHost,Rhinobatos hynnicephalus,1.0,Fish,Fish  (not resolved to species),not species-resolved,Non-mammalian vertebrates,host_data,Rhinobatos hynnicephalus,
RNAVirHost,Rhinolophus acuminatus,1.0,Bats,Bats  (not resolved to species),not species-resolved,Mammals,host_data,Rhinolophus acuminatus,
RNAVirHost,Rhinolophus landeri,1.0,Bats,Bats  (not resolved to species),not species-resolved,Mammals,host_data,Rhinolophus landeri,
RNAVirHost,Rhinolophus marshalli,1.0,Bats,Bats  (not resolved to species),not species-resolved,Mammals,host_data,Rhinolophus marshalli,
RNAVirHost,Rhinolophus monoceros,1.0,Bats,Bats  (not resolved to species),not species-resolved,Mammals,host_data,Rhinolophus monoceros,
RNAVirHost,Rhinolophus rex,1.0,Bats,Bats  (not resolved to species),not species-resolved,Mammals,host_data,Rhinolophus rex,
RNAVirHost,Rhinopoma hardwickii,1.0,Bats,Bats  (not resolved to species),not species-resolved,Mammals,host_data,Rhinopoma hardwickii,
RNAVirHost,Rhipicephalus annulatus,1.0,Arachnids,Arachnids  (not resolved to species),not species-resolved,Invertebrates,host_data,Rhipicephalus annulatus,
RNAVirHost,Rhipicephalus sanguineus sensu lato,1.0,Arachnids,Arachnids  (not resolved to species),not species-resolved,Invertebrates,host_data,Rhipicephalus sanguineus,
RNAVirHost,Rhipicephalus turanicus,1.0,Arachnids,Arachnids  (not resolved to species),not species-resolved,Invertebrates,host_data,Rhipicephalus turanicus,
RNAVirHost,Rhizoctonia sp. AG-K,1.0,Fungi,Fungi  (not resolved to species),not species-resolved,Fungi,host_data,Rhizoctonia sp.,
RNAVirHost,Rhodiola rosea,1.0,Plants,Plants  (not resolved to species),not species-resolved,Plants,host_data,Rhodiola rosea,
RNAVirHost,Rhododendron delavayi,1.0,Plants,Plants  (not resolved to species),not species-resolved,Plants,host_data,Rhododendron delavayi,
RNAVirHost,Rhodosporidiobolus odoratus,1.0,Fungi,Fungi  (not resolved to species),not species-resolved,Fungi,host_data,Rhodosporidiobolus odoratus,
RNAVirHost,Rhopalosiphum rufiabdominalis,1.0,Insects,Insects  (not resolved to species),not species-resolved,Invertebrates,host_data,Rhopalosiphum rufiabdominalis,
RNAVirHost,Rorida droserifolia,1.0,Plants,Plants  (not resolved to species),not species-resolved,Plants,host_data,Rorida droserifolia,
RNAVirHost,Rorippa amphibia,1.0,Plants,Plants  (not resolved to species),not species-resolved,Plants,host_data,Rorippa amphibia,
RNAVirHost,Rorippa sylvestris,1.0,Plants,Plants  (not resolved to species),not species-resolved,Plants,host_data,Rorippa sylvestris,
RNAVirHost,Rosa lucieae,1.0,Plants,Plants  (not resolved to species),not species-resolved,Plants,host_data,Rosa lucieae,
RNAVirHost,Rosa rubiginosa,1.0,Plants,Plants  (not resolved to species),not species-resolved,Plants,host_data,Rosa rubiginosa,
RNAVirHost,Rosa x fortuneana,1.0,Plants,Plants  (not resolved to species),not species-resolved,Plants,host_data,Rosa x fortuneana,
RNAVirHost,Rousettus leschenaulti,1.0,Bats,Bats  (not resolved to species),not species-resolved,Mammals,host_data,Rousettus leschenaulti,
RNAVirHost,Rubus rosifolius,1.0,Plants,Plants  (not resolved to species),not species-resolved,Plants,host_data,Rubus rosifolius,
RNAVirHost,Rumex,1.0,Plants,Plants  (not resolved to species),not species-resolved,Plants,host_data,,
RNAVirHost,Rumex crispus,1.0,Plants,Plants  (not resolved to species),not species-resolved,Plants,host_data,Rumex crispus,
RNAVirHost,Ruta montana,1.0,Plants,Plants  (not resolved to species),not species-resolved,Plants,host_data,Ruta montana,
RNAVirHost,Rutstroemia firma,1.0,Fungi,Fungi  (not resolved to species),not species-resolved,Fungi,host_data,Rutstroemia firma,
RNAVirHost,Sabethes belisarioi,1.0,Insects,Insects  (not resolved to species),not species-resolved,Invertebrates,host_data,Sabethes belisarioi,
RNAVirHost,Sabethes soperi,1.0,Insects,Insects  (not resolved to species),not species-resolved,Invertebrates,host_data,Sabethes soperi,
RNAVirHost,Saccharomyces uvarum,1.0,Fungi,Fungi  (not resolved to species),not species-resolved,Fungi,host_data,Saccharomyces uvarum,
RNAVirHost,Saccharum robustum,1.0,Plants,Plants  (not resolved to species),not species-resolved,Plants,host_data,Saccharum robustum,
RNAVirHost,Saccolaimus flaviventris,1.0,Bats,Bats  (not resolved to species),not species-resolved,Mammals,host_data,Saccolaimus flaviventris,
RNAVirHost,Saguinus,1.0,Non-human primates,Non-human primates  (not resolved to species),not species-resolved,Mammals,host_data,,
RNAVirHost,Saguinus labiatus,1.0,Non-human primates,Non-human primates  (not resolved to species),not species-resolved,Mammals,host_data,Saguinus labiatus,
RNAVirHost,Saguinus oedipus,1.0,Non-human primates,Non-human primates  (not resolved to species),not species-resolved,Mammals,host_data,Saguinus oedipus,
RNAVirHost,Salmo,1.0,Fish,Fish  (not resolved to species),not species-resolved,Non-mammalian vertebrates,host_data,,
RNAVirHost,Sander lucioperca,1.0,Fish,Fish  (not resolved to species),not species-resolved,Non-mammalian vertebrates,host_data,Sander lucioperca,
RNAVirHost,Sandersonia aurantiaca,1.0,Plants,Plants  (not resolved to species),not species-resolved,Plants,host_data,Sandersonia aurantiaca,
RNAVirHost,Saponaria officinalis,1.0,Plants,Plants  (not resolved to species),not species-resolved,Plants,host_data,Saponaria officinalis,
RNAVirHost,Sarcoptes scabiei,1.0,Arachnids,Arachnids  (not resolved to species),not species-resolved,Invertebrates,host_data,Sarcoptes scabiei,
RNAVirHost,Scaevola calliptera,1.0,Plants,Plants  (not resolved to species),not species-resolved,Plants,host_data,Scaevola calliptera,
RNAVirHost,Sciurus carolinensis,1.0,Rodents,Rodents  (not resolved to species),not species-resolved,Mammals,host_data,Sciurus carolinensis,
RNAVirHost,Scorzonera austriaca,1.0,Plants,Plants  (not resolved to species),not species-resolved,Plants,host_data,Scorzonera austriaca,
RNAVirHost,Scrophularia nodosa,1.0,Plants,Plants  (not resolved to species),not species-resolved,Plants,host_data,Scrophularia nodosa,
RNAVirHost,Scrophulariaceae,1.0,Plants,Plants  (not resolved to species),not species-resolved,Plants,host_data,,
RNAVirHost,Sebastes inermis,1.0,Fish,Fish  (not resolved to species),not species-resolved,Non-mammalian vertebrates,host_data,Sebastes inermis,
RNAVirHost,Selenicereus undatus,1.0,Plants,Plants  (not resolved to species),not species-resolved,Plants,host_data,Selenicereus undatus,
RNAVirHost,Senecio vulgaris,1.0,Plants,Plants  (not resolved to species),not species-resolved,Plants,host_data,Senecio vulgaris,
RNAVirHost,Senna multiglandulosa,1.0,Plants,Plants  (not resolved to species),not species-resolved,Plants,host_data,Senna multiglandulosa,
RNAVirHost,Senna rizzinii,1.0,Plants,Plants  (not resolved to species),not species-resolved,Plants,host_data,Senna rizzinii,
RNAVirHost,Simiiformes,1.0,Non-human primates,Non-human primates  (not resolved to species),not species-resolved,Mammals,host_data,,
RNAVirHost,Sipuncula,1.0,Other invertebrates,Other invertebrates  (not resolved to species),not species-resolved,Invertebrates,host_data,,
RNAVirHost,Sisymbrium loeselii,1.0,Plants,Plants  (not resolved to species),not species-resolved,Plants,host_data,Sisymbrium loeselii,
RNAVirHost,Sitobion miscanthi,1.0,Insects,Insects  (not resolved to species),not species-resolved,Invertebrates,host_data,Sitobion miscanthi,
RNAVirHost,Solanaceae,1.0,Plants,Plants  (not resolved to species),not species-resolved,Plants,host_data,,
RNAVirHost,Solanum,1.0,Plants,Plants  (not resolved to species),not species-resolved,Plants,host_data,,
RNAVirHost,Solanum demissum,1.0,Plants,Plants  (not resolved to species),not species-resolved,Plants,host_data,Solanum demissum,
RNAVirHost,Solanum seaforthianum,1.0,Plants,Plants  (not resolved to species),not species-resolved,Plants,host_data,Solanum seaforthianum,
RNAVirHost,Solanum violifolium,1.0,Plants,Plants  (not resolved to species),not species-resolved,Plants,host_data,Solanum violifolium,
RNAVirHost,Solanum x edinense,1.0,Plants,Plants  (not resolved to species),not species-resolved,Plants,host_data,Solanum x edinense,
RNAVirHost,Sonchus hydrophilus,1.0,Plants,Plants  (not resolved to species),not species-resolved,Plants,host_data,Sonchus hydrophilus,
RNAVirHost,Sorghum x almum,1.0,Plants,Plants  (not resolved to species),not species-resolved,Plants,host_data,Sorghum x almum,
RNAVirHost,Spartina,1.0,Plants,Plants  (not resolved to species),not species-resolved,Plants,host_data,,
RNAVirHost,Spermatophyta,1.0,Plants,Plants  (not resolved to species),not species-resolved,Plants,host_data,,
RNAVirHost,Sphyrna lewini,1.0,Fish,Fish  (not resolved to species),not species-resolved,Non-mammalian vertebrates,host_data,Sphyrna lewini,
RNAVirHost,Spilogale putorius,1.0,Carnivores,Carnivores  (not resolved to species),not species-resolved,Mammals,host_data,Spilogale putorius,
RNAVirHost,Spiraea,1.0,Plants,Plants  (not resolved to species),not species-resolved,Plants,host_data,,
RNAVirHost,Spodiopogon sibiricus,1.0,Plants,Plants  (not resolved to species),not species-resolved,Plants,host_data,Spodiopogon sibiricus,
RNAVirHost,Squalus brevirostris,1.0,Fish,Fish  (not resolved to species),not species-resolved,Non-mammalian vertebrates,host_data,Squalus brevirostris,
RNAVirHost,Stagonosporopsis cucurbitacearum,1.0,Fungi,Fungi  (not resolved to species),not species-resolved,Fungi,host_data,Stagonosporopsis cucurbitacearum,
RNAVirHost,Stegomyia albopicta,1.0,Insects,Insects  (not resolved to species),not species-resolved,Invertebrates,host_data,Stegomyia albopicta,
RNAVirHost,Stenoscepa,1.0,Insects,Insects  (not resolved to species),not species-resolved,Invertebrates,host_data,,
RNAVirHost,Stephanocircus,1.0,Insects,Insects  (not resolved to species),not species-resolved,Invertebrates,host_data,,
RNAVirHost,Stevia rebaudiana,1.0,Plants,Plants  (not resolved to species),not species-resolved,Plants,host_data,Stevia rebaudiana,
RNAVirHost,Streptobotrys caulophylli,1.0,Fungi,Fungi  (not resolved to species),not species-resolved,Fungi,host_data,Streptobotrys caulophylli,
RNAVirHost,Striga asiatica,1.0,Plants,Plants  (not resolved to species),not species-resolved,Plants,host_data,Striga asiatica,
RNAVirHost,Striga hermonthica,1.0,Plants,Plants  (not resolved to species),not species-resolved,Plants,host_data,Striga hermonthica,
RNAVirHost,Strix nebulosa,1.0,Birds,Birds  (not resolved to species),not species-resolved,Non-mammalian vertebrates,host_data,Strix nebulosa,
RNAVirHost,Sturnia pagodarum,1.0,Birds,Birds  (not resolved to species),not species-resolved,Non-mammalian vertebrates,host_data,Sturnia pagodarum,
RNAVirHost,Stylosanthes,1.0,Plants,Plants  (not resolved to species),not species-resolved,Plants,host_data,,
RNAVirHost,Suaeda fruticosa,1.0,Plants,Plants  (not resolved to species),not species-resolved,Plants,host_data,Suaeda fruticosa,
RNAVirHost,Sulla coronaria,1.0,Plants,Plants  (not resolved to species),not species-resolved,Plants,host_data,Sulla coronaria,
RNAVirHost,Sundamys muelleri,1.0,Rodents,Rodents  (not resolved to species),not species-resolved,Mammals,host_data,Sundamys muelleri,
RNAVirHost,Sus Scrofa,1.0,Ungulates,Ungulates  (not resolved to species),not species-resolved,Mammals,host_data,,
RNAVirHost,Sylvirana guentheri,1.0,Amphibians,Amphibians  (not resolved to species),not species-resolved,Non-mammalian vertebrates,host_data,Sylvirana guentheri,
RNAVirHost,Synergus umbraculus,1.0,Insects,Insects  (not resolved to species),not species-resolved,Invertebrates,host_data,Synergus umbraculus,
RNAVirHost,Tachycixius pilosus,1.0,Insects,Insects  (not resolved to species),not species-resolved,Invertebrates,host_data,Tachycixius pilosus,
RNAVirHost,Tachyglossus aculeatus,1.0,Other/unresolved mammals,Other/unresolved mammals  (not resolved to species),not species-resolved,Mammals,host_data,Tachyglossus aculeatus,
RNAVirHost,Tagetes,1.0,Plants,Plants  (not resolved to species),not species-resolved,Plants,host_data,,
RNAVirHost,Tagetes erecta,1.0,Plants,Plants  (not resolved to species),not species-resolved,Plants,host_data,Tagetes erecta,
RNAVirHost,Taphozous,1.0,Bats,Bats  (not resolved to species),not species-resolved,Mammals,host_data,,
RNAVirHost,Tatera,1.0,Rodents,Rodents  (not resolved to species),not species-resolved,Mammals,host_data,,
RNAVirHost,Testudo,1.0,Reptiles,Reptiles  (not resolved to species),not species-resolved,Non-mammalian vertebrates,host_data,,
RNAVirHost,Tetrastichus brontispae,1.0,Insects,Insects  (not resolved to species),not species-resolved,Invertebrates,host_data,Tetrastichus brontispae,
RNAVirHost,Thanasimus formicarius,1.0,Insects,Insects  (not resolved to species),not species-resolved,Invertebrates,host_data,Thanasimus formicarius,
RNAVirHost,Thaumatophyllum bipinnatifidum,1.0,Plants,Plants  (not resolved to species),not species-resolved,Plants,host_data,Thaumatophyllum bipinnatifidum,
RNAVirHost,Thelebolus microsporus,1.0,Fungi,Fungi  (not resolved to species),not species-resolved,Fungi,host_data,Thelebolus microsporus,
RNAVirHost,Thladiantha dubia,1.0,Plants,Plants  (not resolved to species),not species-resolved,Plants,host_data,Thladiantha dubia,
RNAVirHost,Thyreus orbatus,1.0,Insects,Insects  (not resolved to species),not species-resolved,Invertebrates,host_data,Thyreus orbatus,
RNAVirHost,Thyrinteina arnobia,1.0,Insects,Insects  (not resolved to species),not species-resolved,Invertebrates,host_data,Thyrinteina arnobia,
RNAVirHost,Tiliqua rugosa,1.0,Reptiles,Reptiles  (not resolved to species),not species-resolved,Non-mammalian vertebrates,host_data,Tiliqua rugosa,
RNAVirHost,Tolmiea menziesii,1.0,Plants,Plants  (not resolved to species),not species-resolved,Plants,host_data,Tolmiea menziesii,
RNAVirHost,Tolypocladium ophioglossoides,1.0,Fungi,Fungi  (not resolved to species),not species-resolved,Fungi,host_data,Tolypocladium ophioglossoides,
RNAVirHost,Torilis japonica,1.0,Plants,Plants  (not resolved to species),not species-resolved,Plants,host_data,Torilis japonica,
RNAVirHost,Tradescantia,1.0,Plants,Plants  (not resolved to species),not species-resolved,Plants,host_data,,
RNAVirHost,Tragopogon porrifolius,1.0,Plants,Plants  (not resolved to species),not species-resolved,Plants,host_data,Tragopogon porrifolius,
RNAVirHost,Tragopogon pratensis,1.0,Plants,Plants  (not resolved to species),not species-resolved,Plants,host_data,Tragopogon pratensis,
RNAVirHost,Trichoderma koningiopsis,1.0,Fungi,Fungi  (not resolved to species),not species-resolved,Fungi,host_data,Trichoderma koningiopsis,
RNAVirHost,Trichodorus primitivus,1.0,Other invertebrates,Other invertebrates  (not resolved to species),not species-resolved,Invertebrates,host_data,Trichodorus primitivus,
RNAVirHost,Trichoglossus moluccanus,1.0,Birds,Birds  (not resolved to species),not species-resolved,Non-mammalian vertebrates,host_data,Trichoglossus moluccanus,
RNAVirHost,Trichopria drosophilae,1.0,Insects,Insects  (not resolved to species),not species-resolved,Invertebrates,host_data,Trichopria drosophilae,
RNAVirHost,Tricyrtis formosana var. stolonifera,1.0,Plants,Plants  (not resolved to species),not species-resolved,Plants,host_data,Tricyrtis formosana,
RNAVirHost,Triticum polonicum,1.0,Plants,Plants  (not resolved to species),not species-resolved,Plants,host_data,Triticum polonicum,
RNAVirHost,Tropidophorus sinicus,1.0,Reptiles,Reptiles  (not resolved to species),not species-resolved,Non-mammalian vertebrates,host_data,Tropidophorus sinicus,
RNAVirHost,Tulasnella,1.0,Fungi,Fungi  (not resolved to species),not species-resolved,Fungi,host_data,,
RNAVirHost,Tupaia,1.0,Other/unresolved mammals,Other/unresolved mammals  (not resolved to species),not species-resolved,Mammals,host_data,,
RNAVirHost,Tupaia chinensis,1.0,Other/unresolved mammals,Other/unresolved mammals  (not resolved to species),not species-resolved,Mammals,host_data,Tupaia chinensis,
RNAVirHost,Tylonycteris robustula,1.0,Bats,Bats  (not resolved to species),not species-resolved,Mammals,host_data,Tylonycteris robustula,
RNAVirHost,Uraeginthus,1.0,Birds,Birds  (not resolved to species),not species-resolved,Non-mammalian vertebrates,host_data,,
RNAVirHost,Urolophus aurantiacus,1.0,Fish,Fish  (not resolved to species),not species-resolved,Non-mammalian vertebrates,host_data,Urolophus aurantiacus,
RNAVirHost,Vaccinium macrocarpon,1.0,Plants,Plants  (not resolved to species),not species-resolved,Plants,host_data,Vaccinium macrocarpon,
RNAVirHost,Vanilla,1.0,Plants,Plants  (not resolved to species),not species-resolved,Plants,host_data,,
RNAVirHost,Vanilla x tahitensis,1.0,Plants,Plants  (not resolved to species),not species-resolved,Plants,host_data,Vanilla x tahitensis,
RNAVirHost,Varroa,1.0,Arachnids,Arachnids  (not resolved to species),not species-resolved,Invertebrates,host_data,,
RNAVirHost,Vasconcellea cundinamarcensis,1.0,Plants,Plants  (not resolved to species),not species-resolved,Plants,host_data,Vasconcellea cundinamarcensis,
RNAVirHost,Verbena officinalis,1.0,Plants,Plants  (not resolved to species),not species-resolved,Plants,host_data,Verbena officinalis,
RNAVirHost,Vespa velutina nigrithorax,1.0,Insects,Insects  (not resolved to species),not species-resolved,Invertebrates,host_data,Vespa velutina,
RNAVirHost,Vespertilio murinus,1.0,Bats,Bats  (not resolved to species),not species-resolved,Mammals,host_data,Vespertilio murinus,
RNAVirHost,Vespertilio superans,1.0,Bats,Bats  (not resolved to species),not species-resolved,Mammals,host_data,Vespertilio superans,
RNAVirHost,Vicia narbonensis,1.0,Plants,Plants  (not resolved to species),not species-resolved,Plants,host_data,Vicia narbonensis,
RNAVirHost,Vigna oblongifolia,1.0,Plants,Plants  (not resolved to species),not species-resolved,Plants,host_data,Vigna oblongifolia,
RNAVirHost,Viola philippica,1.0,Plants,Plants  (not resolved to species),not species-resolved,Plants,host_data,Viola philippica,
RNAVirHost,Viola verecunda,1.0,Plants,Plants  (not resolved to species),not species-resolved,Plants,host_data,Viola verecunda,
RNAVirHost,Vitis amurensis,1.0,Plants,Plants  (not resolved to species),not species-resolved,Plants,host_data,Vitis amurensis,
RNAVirHost,Vitis flexuosa,1.0,Plants,Plants  (not resolved to species),not species-resolved,Plants,host_data,Vitis flexuosa,
RNAVirHost,Vitis labrusca,1.0,Plants,Plants  (not resolved to species),not species-resolved,Plants,host_data,Vitis labrusca,
RNAVirHost,Vitis riparia,1.0,Plants,Plants  (not resolved to species),not species-resolved,Plants,host_data,Vitis riparia,
RNAVirHost,Vitis shuttleworthii,1.0,Plants,Plants  (not resolved to species),not species-resolved,Plants,host_data,Vitis shuttleworthii,
RNAVirHost,Vitis x labruscana,1.0,Plants,Plants  (not resolved to species),not species-resolved,Plants,host_data,Vitis x labruscana,
RNAVirHost,Viviparidae,1.0,Other invertebrates,Other invertebrates  (not resolved to species),not species-resolved,Invertebrates,host_data,,
RNAVirHost,Vulpes,1.0,Carnivores,Carnivores  (not resolved to species),not species-resolved,Mammals,host_data,,
RNAVirHost,Wisteria,1.0,Plants,Plants  (not resolved to species),not species-resolved,Plants,host_data,,
RNAVirHost,Wyeomyia melanocephala,1.0,Insects,Insects  (not resolved to species),not species-resolved,Invertebrates,host_data,Wyeomyia melanocephala,
RNAVirHost,Xanthoria parietina,1.0,Fungi,Fungi  (not resolved to species),not species-resolved,Fungi,host_data,Xanthoria parietina,
RNAVirHost,Xenophyes metoponcus,1.0,Insects,Insects  (not resolved to species),not species-resolved,Invertebrates,host_data,Xenophyes metoponcus,
RNAVirHost,Xenosaurus platyceps,1.0,Reptiles,Reptiles  (not resolved to species),not species-resolved,Non-mammalian vertebrates,host_data,Xenosaurus platyceps,
RNAVirHost,Yucca gloriosa,1.0,Plants,Plants  (not resolved to species),not species-resolved,Plants,host_data,Yucca gloriosa,
RNAVirHost,Zingiber officinale,1.0,Plants,Plants  (not resolved to species),not species-resolved,Plants,host_data,Zingiber officinale,
RNAVirHost,Zizania latifolia,1.0,Plants,Plants  (not resolved to species),not species-resolved,Plants,host_data,Zizania latifolia,
RNAVirHost,Ziziphus,1.0,Plants,Plants  (not resolved to species),not species-resolved,Plants,host_data,,
RNAVirHost,Zostera muelleri,1.0,Plants,Plants  (not resolved to species),not species-resolved,Plants,host_data,Zostera muelleri,
RNAVirHost,Zosteropidae,1.0,Birds,Birds  (not resolved to species),not species-resolved,Non-mammalian vertebrates,host_data,,
RNAVirHost,Zygopetalum,1.0,Plants,Plants  (not resolved to species),not species-resolved,Plants,host_data,,
RNAVirHost,Zymoseptoria tritici,1.0,Fungi,Fungi  (not resolved to species),not species-resolved,Fungi,host_data,Zymoseptoria tritici,
RNAVirHost,agouti,1.0,Rodents,Rodents  (not resolved to species),not species-resolved,Mammals,host_data,,
RNAVirHost,dahlia variabilis,1.0,Plants,Plants  (not resolved to species),not species-resolved,Plants,host_data,,
RNAVirHost,eudicotyledons,1.0,Plants,Plants  (not resolved to species),not species-resolved,Plants,host_data,,
RNAVirHost,lotus,1.0,Plants,Plants  (not resolved to species),not species-resolved,Plants,host_data,,
RNAVirHost,malus,1.0,Plants,Plants  (not resolved to species),not species-resolved,Plants,host_data,,
RNAVirHost,oxalis,1.0,Plants,Plants  (not resolved to species),not species-resolved,Plants,host_data,,
RNAVirHost,primate,1.0,Non-human primates,Non-human primates  (not resolved to species),not species-resolved,Mammals,host_data,,
RNAVirHost,prunus,1.0,Plants,Plants  (not resolved to species),not species-resolved,Plants,host_data,,
Host Taxon Predictor,Odonata,77.0,Insects,Insects  (not resolved to species),not species-resolved,Invertebrates,host_data,,
Host Taxon Predictor,crayfish,55.0,Other invertebrates,Other invertebrates  (not resolved to species),not species-resolved,Invertebrates,host_data,,
Host Taxon Predictor,insects,54.0,Other invertebrates,Other invertebrates  (not resolved to species),not species-resolved,Invertebrates,host_data,,
Host Taxon Predictor,octopus,53.0,Other invertebrates,Other invertebrates  (not resolved to species),not species-resolved,Invertebrates,host_data,,
Host Taxon Predictor,Diptera,39.0,Insects,Insects  (not resolved to species),not species-resolved,Invertebrates,host_data,,
Host Taxon Predictor,spiders,38.0,Arachnids,Arachnids  (not resolved to species),not species-resolved,Invertebrates,host_data,,
Host Taxon Predictor,Channeled applesnail,34.0,Other invertebrates,Other invertebrates  (not resolved to species),not species-resolved,Invertebrates,host_data,Channeled applesnail,
Host Taxon Predictor,Penaeid shrimp,30.0,Other invertebrates,Other invertebrates  (not resolved to species),not species-resolved,Invertebrates,host_data,Penaeid shrimp,
Host Taxon Predictor,Myriapoda,28.0,Other invertebrates,Other invertebrates  (not resolved to species),not species-resolved,Invertebrates,host_data,,
Host Taxon Predictor,razor shell,27.0,Other invertebrates,Other invertebrates  (not resolved to species),not species-resolved,Invertebrates,host_data,,
Host Taxon Predictor,freshwater arthropod,26.0,Other invertebrates,Other invertebrates  (not resolved to species),not species-resolved,Invertebrates,host_data,,
Host Taxon Predictor,freshwater shellfish,25.0,Other invertebrates,Other invertebrates  (not resolved to species),not species-resolved,Invertebrates,host_data,,
Host Taxon Predictor,peanut worms,25.0,Other invertebrates,Other invertebrates  (not resolved to species),not species-resolved,Invertebrates,host_data,,
Host Taxon Predictor,water striders,22.0,Insects,Insects  (not resolved to species),not species-resolved,Invertebrates,host_data,,
Host Taxon Predictor,Campoletis sonorensis,21.0,Insects,Insects  (not resolved to species),not species-resolved,Invertebrates,host_data,Campoletis sonorensis,
Host Taxon Predictor,Gastropoda,17.0,Other invertebrates,Other invertebrates  (not resolved to species),not species-resolved,Invertebrates,host_data,,
Host Taxon Predictor,horseshoe crab,16.0,Other invertebrates,Other invertebrates  (not resolved to species),not species-resolved,Invertebrates,host_data,,
Host Taxon Predictor,house centipede,15.0,Other invertebrates,Other invertebrates  (not resolved to species),not species-resolved,Invertebrates,host_data,,
Host Taxon Predictor,Coleoptera,14.0,Insects,Insects  (not resolved to species),not species-resolved,Invertebrates,host_data,,
Host Taxon Predictor,Lepidoptera,14.0,Insects,Insects  (not resolved to species),not species-resolved,Invertebrates,host_data,,
Host Taxon Predictor,Mantis shrimp,13.0,Other invertebrates,Other invertebrates  (not resolved to species),not species-resolved,Invertebrates,host_data,Mantis shrimp,
Host Taxon Predictor,Sesarmid crab,13.0,Other invertebrates,Other invertebrates  (not resolved to species),not species-resolved,Invertebrates,host_data,Sesarmid crab,
Host Taxon Predictor,Tetragnatha maxillosa,12.0,Arachnids,Arachnids  (not resolved to species),not species-resolved,Invertebrates,host_data,Tetragnatha maxillosa,
Host Taxon Predictor,hermit crab,12.0,Other invertebrates,Other invertebrates  (not resolved to species),not species-resolved,Invertebrates,host_data,,
Host Taxon Predictor,Magnaporthe oryzae,11.0,Fungi,Fungi  (not resolved to species),not species-resolved,Fungi,host_data,Magnaporthe oryzae,
Host Taxon Predictor,fall chinook,11.0,Fish,Fish  (not resolved to species),not species-resolved,Non-mammalian vertebrates,host_data,,
Host Taxon Predictor,snake-associated nematodes,11.0,Other invertebrates,Other invertebrates  (not resolved to species),not species-resolved,Invertebrates,host_data,,
Host Taxon Predictor,Heteroptera,10.0,Insects,Insects  (not resolved to species),not species-resolved,Invertebrates,host_data,,
Host Taxon Predictor,Orthoptera,10.0,Insects,Insects  (not resolved to species),not species-resolved,Invertebrates,host_data,,
Host Taxon Predictor,Spirurian nematodes,10.0,Other invertebrates,Other invertebrates  (not resolved to species),not species-resolved,Invertebrates,host_data,Spirurian nematodes,
Host Taxon Predictor,Tilapia,10.0,Fish,Fish  (not resolved to species),not species-resolved,Non-mammalian vertebrates,host_data,,
Host Taxon Predictor,melon,10.0,Plants,Plants  (not resolved to species),not species-resolved,Plants,host_data,,
Host Taxon Predictor,raspberry,10.0,Plants,Plants  (not resolved to species),not species-resolved,Plants,host_data,,
Host Taxon Predictor,Phlebotominae,9.0,Insects,Insects  (not resolved to species),not species-resolved,Invertebrates,host_data,,
Host Taxon Predictor,sea anemones,9.0,Other invertebrates,Other invertebrates  (not resolved to species),not species-resolved,Invertebrates,host_data,,
Host Taxon Predictor,blue swimmer crab,8.0,Other invertebrates,Other invertebrates  (not resolved to species),not species-resolved,Invertebrates,host_data,,
Host Taxon Predictor,bovine,8.0,Ungulates,Ungulates  (not resolved to species),not species-resolved,Mammals,host_data,,
Host Taxon Predictor,cotton,8.0,Plants,Plants  (not resolved to species),not species-resolved,Plants,host_data,,
Host Taxon Predictor,Aedes camptorhynchus,7.0,Insects,Insects  (not resolved to species),not species-resolved,Invertebrates,host_data,Aedes camptorhynchus,
Host Taxon Predictor,Musa,7.0,Plants,Plants  (not resolved to species),not species-resolved,Plants,host_data,,
Host Taxon Predictor,bat,7.0,Other/unresolved mammals,Other/unresolved mammals  (not resolved to species),not species-resolved,Mammals,host_data,,
Host Taxon Predictor,cricket,7.0,Insects,Insects  (not resolved to species),not species-resolved,Invertebrates,host_data,,
Host Taxon Predictor,earthworm,7.0,Other invertebrates,Other invertebrates  (not resolved to species),not species-resolved,Invertebrates,host_data,,
Host Taxon Predictor,freshwater isoptera,7.0,Other invertebrates,Other invertebrates  (not resolved to species),not species-resolved,Invertebrates,host_data,,
Host Taxon Predictor,rice,7.0,Plants,Plants  (not resolved to species),not species-resolved,Plants,host_data,,
Host Taxon Predictor,soybean,7.0,Plants,Plants  (not resolved to species),not species-resolved,Plants,host_data,,
Host Taxon Predictor,Conehead cricket,6.0,Insects,Insects  (not resolved to species),not species-resolved,Invertebrates,host_data,Conehead cricket,
Host Taxon Predictor,Wharf roach,6.0,Other invertebrates,Other invertebrates  (not resolved to species),not species-resolved,Invertebrates,host_data,Wharf roach,
Host Taxon Predictor,cassava,6.0,Plants,Plants  (not resolved to species),not species-resolved,Plants,host_data,,
Host Taxon Predictor,goose,6.0,Birds,Birds  (not resolved to species),not species-resolved,Non-mammalian vertebrates,host_data,,
Host Taxon Predictor,horse,6.0,Other/unresolved mammals,Other/unresolved mammals  (not resolved to species),not species-resolved,Mammals,host_data,,
Host Taxon Predictor,potato,6.0,Plants,Plants  (not resolved to species),not species-resolved,Plants,host_data,,
Host Taxon Predictor,sweet potato,6.0,Plants,Plants  (not resolved to species),not species-resolved,Plants,host_data,,
Host Taxon Predictor,ticks,6.0,Arachnids,Arachnids  (not resolved to species),not species-resolved,Invertebrates,host_data,,
Host Taxon Predictor,tobacco,6.0,Plants,Plants  (not resolved to species),not species-resolved,Plants,host_data,,
Host Taxon Predictor,watermelon,6.0,Plants,Plants  (not resolved to species),not species-resolved,Plants,host_data,,
Host Taxon Predictor,Chrysopidae,5.0,Insects,Insects  (not resolved to species),not species-resolved,Invertebrates,host_data,,
Host Taxon Predictor,Rubus,5.0,Plants,Plants  (not resolved to species),not species-resolved,Plants,host_data,,
Host Taxon Predictor,Sida micrantha,5.0,Plants,Plants  (not resolved to species),not species-resolved,Plants,host_data,Sida micrantha,
Host Taxon Predictor,barley,5.0,Plants,Plants  (not resolved to species),not species-resolved,Plants,host_data,,
Host Taxon Predictor,blueberry,5.0,Plants,Plants  (not resolved to species),not species-resolved,Plants,host_data,,
Host Taxon Predictor,flea and ants,5.0,Other invertebrates,Other invertebrates  (not resolved to species),not species-resolved,Invertebrates,host_data,,
Host Taxon Predictor,large pig roundworm,5.0,Other invertebrates,Other invertebrates  (not resolved to species),not species-resolved,Invertebrates,host_data,,
Host Taxon Predictor,millipedes,5.0,Other invertebrates,Other invertebrates  (not resolved to species),not species-resolved,Invertebrates,host_data,,
Host Taxon Predictor,pepper,5.0,Plants,Plants  (not resolved to species),not species-resolved,Plants,host_data,,
Host Taxon Predictor,rat,5.0,Rodents,Rodents  (not resolved to species),not species-resolved,Mammals,host_data,,
Host Taxon Predictor,true flies,5.0,Insects,Insects  (not resolved to species),not species-resolved,Invertebrates,host_data,,
Host Taxon Predictor,white pine blister rust fungus,5.0,Fungi,Fungi  (not resolved to species),not species-resolved,Fungi,host_data,,
Host Taxon Predictor,Abutilon,4.0,Plants,Plants  (not resolved to species),not species-resolved,Plants,host_data,,
Host Taxon Predictor,Ceratobasidium,4.0,Fungi,Fungi  (not resolved to species),not species-resolved,Fungi,host_data,,
Host Taxon Predictor,Conocephalus,4.0,Insects,Insects  (not resolved to species),not species-resolved,Invertebrates,host_data,,
Host Taxon Predictor,Culicidae,4.0,Insects,Insects  (not resolved to species),not species-resolved,Invertebrates,host_data,,
Host Taxon Predictor,Heliothis armigera,4.0,Insects,Insects  (not resolved to species),not species-resolved,Invertebrates,host_data,Heliothis armigera,
Host Taxon Predictor,Isaria javanica,4.0,Fungi,Fungi  (not resolved to species),not species-resolved,Fungi,host_data,Isaria javanica,
Host Taxon Predictor,Melochia,4.0,Plants,Plants  (not resolved to species),not species-resolved,Plants,host_data,,
Host Taxon Predictor,Romanomermis nematode,4.0,Other invertebrates,Other invertebrates  (not resolved to species),not species-resolved,Invertebrates,host_data,Romanomermis nematode,
Host Taxon Predictor,Vernonia cinerea,4.0,Plants,Plants  (not resolved to species),not species-resolved,Plants,host_data,Vernonia cinerea,
Host Taxon Predictor,freshwater heteroptera,4.0,Insects,Insects  (not resolved to species),not species-resolved,Invertebrates,host_data,,
Host Taxon Predictor,grapevine,4.0,Plants,Plants  (not resolved to species),not species-resolved,Plants,host_data,,
Host Taxon Predictor,mulberry,4.0,Plants,Plants  (not resolved to species),not species-resolved,Plants,host_data,,
Host Taxon Predictor,okra,4.0,Plants,Plants  (not resolved to species),not species-resolved,Plants,host_data,,
Host Taxon Predictor,olive,4.0,Plants,Plants  (not resolved to species),not species-resolved,Plants,host_data,,
Host Taxon Predictor,"tomato, cv. Rio Grande",4.0,Plants,Plants  (not resolved to species),not species-resolved,Plants,host_data,,
Host Taxon Predictor,unknown,4.0,Unknown host,Unknown host  (not resolved to species),not species-resolved,Unknown/Excluded,host_data,,
Host Taxon Predictor,Bat,3.0,Other/unresolved mammals,Other/unresolved mammals  (not resolved to species),not species-resolved,Mammals,host_data,,
Host Taxon Predictor,Canada goose,3.0,Birds,Birds  (not resolved to species),not species-resolved,Non-mammalian vertebrates,host_data,Canada goose,
Host Taxon Predictor,Chrysanthemum x morifolium Ramat,3.0,Plants,Plants  (not resolved to species),not species-resolved,Plants,host_data,Chrysanthemum x morifolium Ramat,
Host Taxon Predictor,Culicoides,3.0,Insects,Insects  (not resolved to species),not species-resolved,Invertebrates,host_data,,
Host Taxon Predictor,Eucharis grandiflora,3.0,Plants,Plants  (not resolved to species),not species-resolved,Plants,host_data,Eucharis grandiflora,
Host Taxon Predictor,Haemaphysalis,3.0,Arachnids,Arachnids  (not resolved to species),not species-resolved,Invertebrates,host_data,,
Host Taxon Predictor,Ixodes eudyptidis,3.0,Arachnids,Arachnids  (not resolved to species),not species-resolved,Invertebrates,host_data,Ixodes eudyptidis,
Host Taxon Predictor,Lycopersicum escultentum cv. King Kong 2,3.0,Plants,Plants  (not resolved to species),not species-resolved,Plants,host_data,Lycopersicum escultentum,
Host Taxon Predictor,Macroptilium,3.0,Plants,Plants  (not resolved to species),not species-resolved,Plants,host_data,,
Host Taxon Predictor,Murex snails,3.0,Other invertebrates,Other invertebrates  (not resolved to species),not species-resolved,Invertebrates,host_data,Murex snails,
Host Taxon Predictor,Pekin duck,3.0,Birds,Birds  (not resolved to species),not species-resolved,Non-mammalian vertebrates,host_data,Pekin duck,
Host Taxon Predictor,Pteropus,3.0,Bats,Bats  (not resolved to species),not species-resolved,Mammals,host_data,,
Host Taxon Predictor,Raphanus sativus-root cv. Yipinghong,3.0,Plants,Plants  (not resolved to species),not species-resolved,Plants,host_data,Raphanus sativus-root,
Host Taxon Predictor,Rosa,3.0,Plants,Plants  (not resolved to species),not species-resolved,Plants,host_data,,
Host Taxon Predictor,Tadarida plicata,3.0,Bats,Bats  (not resolved to species),not species-resolved,Mammals,host_data,Tadarida plicata,
Host Taxon Predictor,Touch me not,3.0,Plants,Plants  (not resolved to species),not species-resolved,Plants,host_data,Touch me,
Host Taxon Predictor,baboon,3.0,Non-human primates,Non-human primates  (not resolved to species),not species-resolved,Mammals,host_data,,
Host Taxon Predictor,blackberry,3.0,Plants,Plants  (not resolved to species),not species-resolved,Plants,host_data,,
Host Taxon Predictor,canine,3.0,Carnivores,Carnivores  (not resolved to species),not species-resolved,Mammals,host_data,,
Host Taxon Predictor,cherry,3.0,Plants,Plants  (not resolved to species),not species-resolved,Plants,host_data,,
Host Taxon Predictor,duck,3.0,Birds,Birds  (not resolved to species),not species-resolved,Non-mammalian vertebrates,host_data,,
Host Taxon Predictor,freshwater isopoda,3.0,Other invertebrates,Other invertebrates  (not resolved to species),not species-resolved,Invertebrates,host_data,,
Host Taxon Predictor,garlic,3.0,Plants,Plants  (not resolved to species),not species-resolved,Plants,host_data,,
Host Taxon Predictor,goat,3.0,Ungulates,Ungulates  (not resolved to species),not species-resolved,Mammals,host_data,,
Host Taxon Predictor,horseflies,3.0,Insects,Insects  (not resolved to species),not species-resolved,Invertebrates,host_data,,
Host Taxon Predictor,kiwifruit,3.0,Plants,Plants  (not resolved to species),not species-resolved,Plants,host_data,,
Host Taxon Predictor,maize,3.0,Plants,Plants  (not resolved to species),not species-resolved,Plants,host_data,,
Host Taxon Predictor,mink,3.0,Carnivores,Carnivores  (not resolved to species),not species-resolved,Mammals,host_data,,
Host Taxon Predictor,porcine,3.0,Ungulates,Ungulates  (not resolved to species),not species-resolved,Mammals,host_data,,
Host Taxon Predictor,raspberry plant,3.0,Plants,Plants  (not resolved to species),not species-resolved,Plants,host_data,,
Host Taxon Predictor,red currant cv. Holandsky cerveny,3.0,Plants,Plants  (not resolved to species),not species-resolved,Plants,host_data,,
Host Taxon Predictor,sandworms,3.0,Other invertebrates,Other invertebrates  (not resolved to species),not species-resolved,Invertebrates,host_data,,
Host Taxon Predictor,sheep,3.0,Ungulates,Ungulates  (not resolved to species),not species-resolved,Mammals,host_data,,
Host Taxon Predictor,tunicates,3.0,Unresolved vertebrates,Unresolved vertebrates  (not resolved to species),not species-resolved,Non-mammalian vertebrates,host_data,,
Host Taxon Predictor,turkey,3.0,Birds,Birds  (not resolved to species),not species-resolved,Non-mammalian vertebrates,host_data,,
Host Taxon Predictor,African green monkey,2.0,Non-human primates,Non-human primates  (not resolved to species),not species-resolved,Mammals,host_data,African green,
Host Taxon Predictor,Anser,2.0,Birds,Birds  (not resolved to species),not species-resolved,Non-mammalian vertebrates,host_data,,
Host Taxon Predictor,Cercopithecus aethiops,2.0,Non-human primates,Non-human primates  (not resolved to species),not species-resolved,Mammals,host_data,Cercopithecus aethiops,
Host Taxon Predictor,Chinese land snail,2.0,Other invertebrates,Other invertebrates  (not resolved to species),not species-resolved,Invertebrates,host_data,Chinese land,
Host Taxon Predictor,Citrus,2.0,Plants,Plants  (not resolved to species),not species-resolved,Plants,host_data,,
Host Taxon Predictor,Cucurbita,2.0,Plants,Plants  (not resolved to species),not species-resolved,Plants,host_data,,
Host Taxon Predictor,Dalechampia,2.0,Plants,Plants  (not resolved to species),not species-resolved,Plants,host_data,,
Host Taxon Predictor,Dermacentor,2.0,Arachnids,Arachnids  (not resolved to species),not species-resolved,Invertebrates,host_data,,
Host Taxon Predictor,Equus,2.0,Other/unresolved mammals,Other/unresolved mammals  (not resolved to species),not species-resolved,Mammals,host_data,,
Host Taxon Predictor,"Ficus carica, variety Brogiotto nero",2.0,Plants,Plants  (not resolved to species),not species-resolved,Plants,host_data,"Ficus carica,",
Host Taxon Predictor,Hippeastrum,2.0,Plants,Plants  (not resolved to species),not species-resolved,Plants,host_data,,
Host Taxon Predictor,Kudzu,2.0,Plants,Plants  (not resolved to species),not species-resolved,Plants,host_data,,
Host Taxon Predictor,Malvastrum,2.0,Plants,Plants  (not resolved to species),not species-resolved,Plants,host_data,,
Host Taxon Predictor,Merremia quinquefolia,2.0,Plants,Plants  (not resolved to species),not species-resolved,Plants,host_data,Merremia quinquefolia,
Host Taxon Predictor,Okra,2.0,Plants,Plants  (not resolved to species),not species-resolved,Plants,host_data,,
Host Taxon Predictor,Pseudophycis,2.0,Fish,Fish  (not resolved to species),not species-resolved,Non-mammalian vertebrates,host_data,,
Host Taxon Predictor,Rheum,2.0,Plants,Plants  (not resolved to species),not species-resolved,Plants,host_data,,
Host Taxon Predictor,Rhynchosia,2.0,Plants,Plants  (not resolved to species),not species-resolved,Plants,host_data,,
Host Taxon Predictor,Solanum,2.0,Plants,Plants  (not resolved to species),not species-resolved,Plants,host_data,,
Host Taxon Predictor,Sporobolus,2.0,Plants,Plants  (not resolved to species),not species-resolved,Plants,host_data,,
Host Taxon Predictor,Turritella sea snails,2.0,Other invertebrates,Other invertebrates  (not resolved to species),not species-resolved,Invertebrates,host_data,Turritella sea,
Host Taxon Predictor,Vaccinium,2.0,Plants,Plants  (not resolved to species),not species-resolved,Plants,host_data,,
Host Taxon Predictor,Vernonia amygdalina,2.0,Plants,Plants  (not resolved to species),not species-resolved,Plants,host_data,Vernonia amygdalina,
Host Taxon Predictor,Vitis,2.0,Plants,Plants  (not resolved to species),not species-resolved,Plants,host_data,,
Host Taxon Predictor,bitter gourd,2.0,Plants,Plants  (not resolved to species),not species-resolved,Plants,host_data,,
Host Taxon Predictor,black currant,2.0,Plants,Plants  (not resolved to species),not species-resolved,Plants,host_data,,
Host Taxon Predictor,chickpea,2.0,Plants,Plants  (not resolved to species),not species-resolved,Plants,host_data,,
Host Taxon Predictor,chilli,2.0,Plants,Plants  (not resolved to species),not species-resolved,Plants,host_data,,
Host Taxon Predictor,eggplant,2.0,Plants,Plants  (not resolved to species),not species-resolved,Plants,host_data,,
Host Taxon Predictor,false pimpernel,2.0,Plants,Plants  (not resolved to species),not species-resolved,Plants,host_data,,
Host Taxon Predictor,fireweed,2.0,Plants,Plants  (not resolved to species),not species-resolved,Plants,host_data,,
Host Taxon Predictor,fruit bat,2.0,Bats,Bats  (not resolved to species),not species-resolved,Mammals,host_data,,
Host Taxon Predictor,mouse,2.0,Rodents,Rodents  (not resolved to species),not species-resolved,Mammals,host_data,,
Host Taxon Predictor,oats,2.0,Plants,Plants  (not resolved to species),not species-resolved,Plants,host_data,,
Host Taxon Predictor,pigeon,2.0,Birds,Birds  (not resolved to species),not species-resolved,Non-mammalian vertebrates,host_data,,
Host Taxon Predictor,plantain,2.0,Plants,Plants  (not resolved to species),not species-resolved,Plants,host_data,,
Host Taxon Predictor,rabbit,2.0,Other mammals,Other mammals  (not resolved to species),not species-resolved,Mammals,host_data,,
Host Taxon Predictor,ramie,2.0,Plants,Plants  (not resolved to species),not species-resolved,Plants,host_data,,
Host Taxon Predictor,rhesus monkey,2.0,Non-human primates,Non-human primates  (not resolved to species),not species-resolved,Mammals,host_data,,
Host Taxon Predictor,rose,2.0,Plants,Plants  (not resolved to species),not species-resolved,Plants,host_data,,
Host Taxon Predictor,spinach,2.0,Plants,Plants  (not resolved to species),not species-resolved,Plants,host_data,,
Host Taxon Predictor,wigeon,2.0,Birds,Birds  (not resolved to species),not species-resolved,Non-mammalian vertebrates,host_data,,
Host Taxon Predictor,Abelmoschus tuberculatus,1.0,Plants,Plants  (not resolved to species),not species-resolved,Plants,host_data,Abelmoschus tuberculatus,
Host Taxon Predictor,Abelmoscus esculentus,1.0,Plants,Plants  (not resolved to species),not species-resolved,Plants,host_data,Abelmoscus esculentus,
Host Taxon Predictor,Abelmoshus esculentus,1.0,Plants,Plants  (not resolved to species),not species-resolved,Plants,host_data,Abelmoshus esculentus,
Host Taxon Predictor,Acalypha,1.0,Plants,Plants  (not resolved to species),not species-resolved,Plants,host_data,,
Host Taxon Predictor,Acanthamoeba polyphaga mimivirus,1.0,Unknown host,Unknown host  (not resolved to species),not species-resolved,Unknown/Excluded,host_data,,
Host Taxon Predictor,Aedes campestris,1.0,Insects,Insects  (not resolved to species),not species-resolved,Invertebrates,host_data,Aedes campestris,
Host Taxon Predictor,Aedes vittatus,1.0,Insects,Insects  (not resolved to species),not species-resolved,Invertebrates,host_data,Aedes vittatus,
Host Taxon Predictor,Agapanthus,1.0,Plants,Plants  (not resolved to species),not species-resolved,Plants,host_data,,
Host Taxon Predictor,Aiptasia,1.0,Other invertebrates,Other invertebrates  (not resolved to species),not species-resolved,Invertebrates,host_data,,
Host Taxon Predictor,Albelmoschus esculentus,1.0,Plants,Plants  (not resolved to species),not species-resolved,Plants,host_data,Albelmoschus esculentus,
Host Taxon Predictor,Alcea,1.0,Plants,Plants  (not resolved to species),not species-resolved,Plants,host_data,,
Host Taxon Predictor,Amaranthus,1.0,Plants,Plants  (not resolved to species),not species-resolved,Plants,host_data,,
Host Taxon Predictor,Amblyomma,1.0,Arachnids,Arachnids  (not resolved to species),not species-resolved,Invertebrates,host_data,,
Host Taxon Predictor,"Anguilla japonica, Japanese eel with illness",1.0,Fish,Fish  (not resolved to species),not species-resolved,Non-mammalian vertebrates,host_data,"Anguilla japonica,",
Host Taxon Predictor,Aporocactus flagelliformis,1.0,Plants,Plants  (not resolved to species),not species-resolved,Plants,host_data,Aporocactus flagelliformis,
Host Taxon Predictor,Ateles,1.0,Non-human primates,Non-human primates  (not resolved to species),not species-resolved,Mammals,host_data,,
Host Taxon Predictor,Boehmeria,1.0,Plants,Plants  (not resolved to species),not species-resolved,Plants,host_data,,
Host Taxon Predictor,Bromus,1.0,Plants,Plants  (not resolved to species),not species-resolved,Plants,host_data,,
Host Taxon Predictor,Brugmansia,1.0,Plants,Plants  (not resolved to species),not species-resolved,Plants,host_data,,
Host Taxon Predictor,Calanoida,1.0,Other invertebrates,Other invertebrates  (not resolved to species),not species-resolved,Invertebrates,host_data,,
Host Taxon Predictor,Calibrachoa,1.0,Plants,Plants  (not resolved to species),not species-resolved,Plants,host_data,,
Host Taxon Predictor,Canna,1.0,Plants,Plants  (not resolved to species),not species-resolved,Plants,host_data,,
Host Taxon Predictor,Capsicum,1.0,Plants,Plants  (not resolved to species),not species-resolved,Plants,host_data,,
Host Taxon Predictor,Cardioderma cor,1.0,Bats,Bats  (not resolved to species),not species-resolved,Mammals,host_data,Cardioderma cor,
Host Taxon Predictor,Cervus elaphus X Cervus canadensis,1.0,Ungulates,Ungulates  (not resolved to species),not species-resolved,Mammals,host_data,Cervus elaphus X Cervus canadensis,
Host Taxon Predictor,Chaerephon,1.0,Bats,Bats  (not resolved to species),not species-resolved,Mammals,host_data,,
Host Taxon Predictor,Chilli,1.0,Plants,Plants  (not resolved to species),not species-resolved,Plants,host_data,,
Host Taxon Predictor,Chilli pepper,1.0,Plants,Plants  (not resolved to species),not species-resolved,Plants,host_data,Chilli pepper,
Host Taxon Predictor,Chrysanthemum,1.0,Plants,Plants  (not resolved to species),not species-resolved,Plants,host_data,,
Host Taxon Predictor,Circulifer tenellus,1.0,Insects,Insects  (not resolved to species),not species-resolved,Invertebrates,host_data,Circulifer tenellus,
Host Taxon Predictor,Clematis,1.0,Plants,Plants  (not resolved to species),not species-resolved,Plants,host_data,,
Host Taxon Predictor,Cleome,1.0,Plants,Plants  (not resolved to species),not species-resolved,Plants,host_data,,
Host Taxon Predictor,Connochaetes taurinus taurinus,1.0,Ungulates,Ungulates  (not resolved to species),not species-resolved,Mammals,host_data,Connochaetes taurinus,
Host Taxon Predictor,Cowpea,1.0,Plants,Plants  (not resolved to species),not species-resolved,Plants,host_data,,
Host Taxon Predictor,Croton,1.0,Plants,Plants  (not resolved to species),not species-resolved,Plants,host_data,,
Host Taxon Predictor,Culex vishunui,1.0,Insects,Insects  (not resolved to species),not species-resolved,Invertebrates,host_data,Culex vishunui,
Host Taxon Predictor,Culicinae,1.0,Insects,Insects  (not resolved to species),not species-resolved,Invertebrates,host_data,,
Host Taxon Predictor,Delphinium,1.0,Plants,Plants  (not resolved to species),not species-resolved,Plants,host_data,,
Host Taxon Predictor,Didemnum,1.0,Unresolved vertebrates,Unresolved vertebrates  (not resolved to species),not species-resolved,Non-mammalian vertebrates,host_data,,
Host Taxon Predictor,Erysiphe cichoracearum,1.0,Fungi,Fungi  (not resolved to species),not species-resolved,Fungi,host_data,Erysiphe cichoracearum,
Host Taxon Predictor,Euonymus bungeanus,1.0,Plants,Plants  (not resolved to species),not species-resolved,Plants,host_data,Euonymus bungeanus,
Host Taxon Predictor,Euphorbia milii x lophogona,1.0,Plants,Plants  (not resolved to species),not species-resolved,Plants,host_data,Euphorbia milii x lophogona,
Host Taxon Predictor,Farfantepenaeus duorarum,1.0,Other invertebrates,Other invertebrates  (not resolved to species),not species-resolved,Invertebrates,host_data,Farfantepenaeus duorarum,
Host Taxon Predictor,Fenneropenaeus chinensis,1.0,Other invertebrates,Other invertebrates  (not resolved to species),not species-resolved,Invertebrates,host_data,Fenneropenaeus chinensis,
Host Taxon Predictor,Fiddler crab,1.0,Other invertebrates,Other invertebrates  (not resolved to species),not species-resolved,Invertebrates,host_data,Fiddler crab,
Host Taxon Predictor,Fragaria,1.0,Plants,Plants  (not resolved to species),not species-resolved,Plants,host_data,,
Host Taxon Predictor,Furcraea,1.0,Plants,Plants  (not resolved to species),not species-resolved,Plants,host_data,,
Host Taxon Predictor,Gammarus,1.0,Other invertebrates,Other invertebrates  (not resolved to species),not species-resolved,Invertebrates,host_data,,
Host Taxon Predictor,Gerridae,1.0,Insects,Insects  (not resolved to species),not species-resolved,Invertebrates,host_data,,
Host Taxon Predictor,Gossypium davidsonii,1.0,Plants,Plants  (not resolved to species),not species-resolved,Plants,host_data,Gossypium davidsonii,
Host Taxon Predictor,Grapevine,1.0,Plants,Plants  (not resolved to species),not species-resolved,Plants,host_data,,
Host Taxon Predictor,Groundnut,1.0,Plants,Plants  (not resolved to species),not species-resolved,Plants,host_data,,
Host Taxon Predictor,Guar,1.0,Plants,Plants  (not resolved to species),not species-resolved,Plants,host_data,,
Host Taxon Predictor,Hemileuca,1.0,Insects,Insects  (not resolved to species),not species-resolved,Invertebrates,host_data,,
Host Taxon Predictor,Hibiscus,1.0,Plants,Plants  (not resolved to species),not species-resolved,Plants,host_data,,
Host Taxon Predictor,Hyalomma excavatum,1.0,Arachnids,Arachnids  (not resolved to species),not species-resolved,Invertebrates,host_data,Hyalomma excavatum,
Host Taxon Predictor,Hylocereus,1.0,Plants,Plants  (not resolved to species),not species-resolved,Plants,host_data,,
Host Taxon Predictor,Hylomyscus,1.0,Rodents,Rodents  (not resolved to species),not species-resolved,Mammals,host_data,,
Host Taxon Predictor,Ictalurus punctatus,1.0,Fish,Fish  (not resolved to species),not species-resolved,Non-mammalian vertebrates,host_data,Ictalurus punctatus,
Host Taxon Predictor,Jatropha,1.0,Plants,Plants  (not resolved to species),not species-resolved,Plants,host_data,,
Host Taxon Predictor,Leucas zeylanica,1.0,Plants,Plants  (not resolved to species),not species-resolved,Plants,host_data,Leucas zeylanica,
Host Taxon Predictor,Littorina,1.0,Other invertebrates,Other invertebrates  (not resolved to species),not species-resolved,Invertebrates,host_data,,
Host Taxon Predictor,Lolium perenne x L. multiflorum MF22,1.0,Plants,Plants  (not resolved to species),not species-resolved,Plants,host_data,Lolium perenne x L. multiflorum MF22,
Host Taxon Predictor,Magnaporthe oryzae strain ken 60-19,1.0,Fungi,Fungi  (not resolved to species),not species-resolved,Fungi,host_data,Magnaporthe oryzae,
Host Taxon Predictor,Maize,1.0,Plants,Plants  (not resolved to species),not species-resolved,Plants,host_data,,
Host Taxon Predictor,Malachra,1.0,Plants,Plants  (not resolved to species),not species-resolved,Plants,host_data,,
Host Taxon Predictor,Mamestra configurata Walker,1.0,Insects,Insects  (not resolved to species),not species-resolved,Invertebrates,host_data,Mamestra configurata,
Host Taxon Predictor,Merremia dissecta,1.0,Plants,Plants  (not resolved to species),not species-resolved,Plants,host_data,Merremia dissecta,
Host Taxon Predictor,Miniopterus africanus,1.0,Bats,Bats  (not resolved to species),not species-resolved,Mammals,host_data,Miniopterus africanus,
Host Taxon Predictor,Myotis nattererii,1.0,Bats,Bats  (not resolved to species),not species-resolved,Mammals,host_data,Myotis nattererii,
Host Taxon Predictor,Mytilus,1.0,Other invertebrates,Other invertebrates  (not resolved to species),not species-resolved,Invertebrates,host_data,,
Host Taxon Predictor,Narcissus,1.0,Plants,Plants  (not resolved to species),not species-resolved,Plants,host_data,,
Host Taxon Predictor,Nemesia fruticans,1.0,Plants,Plants  (not resolved to species),not species-resolved,Plants,host_data,Nemesia fruticans,
Host Taxon Predictor,Nestor notabilis,1.0,Birds,Birds  (not resolved to species),not species-resolved,Non-mammalian vertebrates,host_data,Nestor notabilis,
Host Taxon Predictor,Nicotiana tabacum:leaf,1.0,Plants,Plants  (not resolved to species),not species-resolved,Plants,host_data,Nicotiana tabacum:leaf,
Host Taxon Predictor,Oryzomys,1.0,Rodents,Rodents  (not resolved to species),not species-resolved,Mammals,host_data,,
Host Taxon Predictor,Palaemonetes,1.0,Other invertebrates,Other invertebrates  (not resolved to species),not species-resolved,Invertebrates,host_data,,
Host Taxon Predictor,Pavonia,1.0,Plants,Plants  (not resolved to species),not species-resolved,Plants,host_data,,
Host Taxon Predictor,Pelargonium,1.0,Plants,Plants  (not resolved to species),not species-resolved,Plants,host_data,,
Host Taxon Predictor,Pityohyphantes rubrofasciatus,1.0,Arachnids,Arachnids  (not resolved to species),not species-resolved,Invertebrates,host_data,Pityohyphantes rubrofasciatus,
Host Taxon Predictor,Potato,1.0,Plants,Plants  (not resolved to species),not species-resolved,Plants,host_data,,
Host Taxon Predictor,Prunus,1.0,Plants,Plants  (not resolved to species),not species-resolved,Plants,host_data,,
Host Taxon Predictor,Psychodidae,1.0,Insects,Insects  (not resolved to species),not species-resolved,Invertebrates,host_data,,
Host Taxon Predictor,Pteronotus davyi,1.0,Bats,Bats  (not resolved to species),not species-resolved,Mammals,host_data,Pteronotus davyi,
Host Taxon Predictor,Ramphocelus carbo,1.0,Birds,Birds  (not resolved to species),not species-resolved,Non-mammalian vertebrates,host_data,Ramphocelus carbo,
Host Taxon Predictor,Rhinolophus hildebrandtii,1.0,Bats,Bats  (not resolved to species),not species-resolved,Mammals,host_data,Rhinolophus hildebrandtii,
Host Taxon Predictor,Rice,1.0,Plants,Plants  (not resolved to species),not species-resolved,Plants,host_data,,
Host Taxon Predictor,Sergentomyia,1.0,Insects,Insects  (not resolved to species),not species-resolved,Invertebrates,host_data,,
Host Taxon Predictor,Somatochlora meridionalis,1.0,Insects,Insects  (not resolved to species),not species-resolved,Invertebrates,host_data,Somatochlora meridionalis,
Host Taxon Predictor,Tramea lacerata,1.0,Insects,Insects  (not resolved to species),not species-resolved,Invertebrates,host_data,Tramea lacerata,
Host Taxon Predictor,Urtica dioica,1.0,Plants,Plants  (not resolved to species),not species-resolved,Plants,host_data,Urtica dioica,
Host Taxon Predictor,Vitis labruscana,1.0,Plants,Plants  (not resolved to species),not species-resolved,Plants,host_data,Vitis labruscana,
Host Taxon Predictor,"Vitis vinifera, cultivar Dimrit",1.0,Plants,Plants  (not resolved to species),not species-resolved,Plants,host_data,"Vitis vinifera,",
Host Taxon Predictor,Wissadula,1.0,Plants,Plants  (not resolved to species),not species-resolved,Plants,host_data,,
Host Taxon Predictor,Wisteria,1.0,Plants,Plants  (not resolved to species),not species-resolved,Plants,host_data,,
Host Taxon Predictor,Yacon,1.0,Plants,Plants  (not resolved to species),not species-resolved,Plants,host_data,,
Host Taxon Predictor,Zinnia,1.0,Plants,Plants  (not resolved to species),not species-resolved,Plants,host_data,,
Host Taxon Predictor,alfalfa,1.0,Plants,Plants  (not resolved to species),not species-resolved,Plants,host_data,,
Host Taxon Predictor,allium,1.0,Plants,Plants  (not resolved to species),not species-resolved,Plants,host_data,,
Host Taxon Predictor,apple,1.0,Plants,Plants  (not resolved to species),not species-resolved,Plants,host_data,,
Host Taxon Predictor,artichoke,1.0,Plants,Plants  (not resolved to species),not species-resolved,Plants,host_data,,
Host Taxon Predictor,asymptomatic piglets,1.0,Ungulates,Ungulates  (not resolved to species),not species-resolved,Mammals,host_data,,
Host Taxon Predictor,banana,1.0,Plants,Plants  (not resolved to species),not species-resolved,Plants,host_data,,
Host Taxon Predictor,budgerigar,1.0,Birds,Birds  (not resolved to species),not species-resolved,Non-mammalian vertebrates,host_data,,
Host Taxon Predictor,cockroaches,1.0,Insects,Insects  (not resolved to species),not species-resolved,Invertebrates,host_data,,
Host Taxon Predictor,cowpea,1.0,Plants,Plants  (not resolved to species),not species-resolved,Plants,host_data,,
Host Taxon Predictor,cucumber,1.0,Plants,Plants  (not resolved to species),not species-resolved,Plants,host_data,,
Host Taxon Predictor,cucurbit,1.0,Plants,Plants  (not resolved to species),not species-resolved,Plants,host_data,,
Host Taxon Predictor,deer,1.0,Ungulates,Ungulates  (not resolved to species),not species-resolved,Mammals,host_data,,
Host Taxon Predictor,dove,1.0,Birds,Birds  (not resolved to species),not species-resolved,Non-mammalian vertebrates,host_data,,
Host Taxon Predictor,fiddler crab,1.0,Other invertebrates,Other invertebrates  (not resolved to species),not species-resolved,Invertebrates,host_data,,
Host Taxon Predictor,fig,1.0,Plants,Plants  (not resolved to species),not species-resolved,Plants,host_data,,
Host Taxon Predictor,finch,1.0,Birds,Birds  (not resolved to species),not species-resolved,Non-mammalian vertebrates,host_data,,
Host Taxon Predictor,gull,1.0,Birds,Birds  (not resolved to species),not species-resolved,Non-mammalian vertebrates,host_data,,
Host Taxon Predictor,hermit Crab,1.0,Other invertebrates,Other invertebrates  (not resolved to species),not species-resolved,Invertebrates,host_data,,
Host Taxon Predictor,hollyhock,1.0,Plants,Plants  (not resolved to species),not species-resolved,Plants,host_data,,
Host Taxon Predictor,horseradish,1.0,Plants,Plants  (not resolved to species),not species-resolved,Plants,host_data,,
Host Taxon Predictor,lettuce,1.0,Plants,Plants  (not resolved to species),not species-resolved,Plants,host_data,,
Host Taxon Predictor,longan,1.0,Plants,Plants  (not resolved to species),not species-resolved,Plants,host_data,,
Host Taxon Predictor,magpie-robin,1.0,Birds,Birds  (not resolved to species),not species-resolved,Non-mammalian vertebrates,host_data,,
Host Taxon Predictor,midge,1.0,Insects,Insects  (not resolved to species),not species-resolved,Invertebrates,host_data,,
Host Taxon Predictor,night-heron,1.0,Birds,Birds  (not resolved to species),not species-resolved,Non-mammalian vertebrates,host_data,,
Host Taxon Predictor,papaya,1.0,Plants,Plants  (not resolved to species),not species-resolved,Plants,host_data,,
Host Taxon Predictor,peach,1.0,Plants,Plants  (not resolved to species),not species-resolved,Plants,host_data,,
Host Taxon Predictor,penguin,1.0,Birds,Birds  (not resolved to species),not species-resolved,Non-mammalian vertebrates,host_data,,
Host Taxon Predictor,plaintain,1.0,Plants,Plants  (not resolved to species),not species-resolved,Plants,host_data,,
Host Taxon Predictor,raccoon,1.0,Carnivores,Carnivores  (not resolved to species),not species-resolved,Mammals,host_data,,
Host Taxon Predictor,sentinel monkey,1.0,Non-human primates,Non-human primates  (not resolved to species),not species-resolved,Mammals,host_data,,
Host Taxon Predictor,sparrow,1.0,Birds,Birds  (not resolved to species),not species-resolved,Non-mammalian vertebrates,host_data,,
Host Taxon Predictor,switchgrass,1.0,Plants,Plants  (not resolved to species),not species-resolved,Plants,host_data,,
Host Taxon Predictor,taro,1.0,Plants,Plants  (not resolved to species),not species-resolved,Plants,host_data,,
Host Taxon Predictor,verbena,1.0,Plants,Plants  (not resolved to species),not species-resolved,Plants,host_data,,
Host Taxon Predictor,walrus,1.0,Carnivores,Carnivores  (not resolved to species),not species-resolved,Mammals,host_data,,
Host Taxon Predictor,white-eye,1.0,Birds,Birds  (not resolved to species),not species-resolved,Non-mammalian vertebrates,host_data,,
Host Taxon Predictor,zucchini,1.0,Plants,Plants  (not resolved to species),not species-resolved,Plants,host_data,,
EvoMIL,19 plant species (pooled),1187.0,Plants,Plants  (not resolved to species),not species-resolved,Plants,host_data,,
ViralHostPredictor,Orphan (reservoir),69.0,Unknown host,Unknown host  (not resolved to species),not species-resolved,Unknown/Excluded,host_data,,
ViralHostPredictor,Primate (reservoir),55.0,Humans + non-human primates,Humans + non-human primates  (not resolved to species),not species-resolved,Mammals,host_data,,
ViralHostPredictor,Fish (reservoir),19.0,Fish,Fish  (not resolved to species),not species-resolved,Non-mammalian vertebrates,host_data,,
ViralHostPredictor,Lagomorph (reservoir),6.0,Other mammals,Other mammals  (not resolved to species),not species-resolved,Mammals,host_data,,
ViralHostPredictor,Perissodactyla (reservoir),4.0,Other mammals,Other mammals  (not resolved to species),not species-resolved,Mammals,host_data,,
ViralHostPredictor,Scandentia (reservoir),3.0,Other mammals,Other mammals  (not resolved to species),not species-resolved,Mammals,host_data,,
ViralHostPredictor,Cetacean (reservoir),2.0,Other mammals,Other mammals  (not resolved to species),not species-resolved,Mammals,host_data,,
ViralHostPredictor,Diprotodontia (reservoir),2.0,Other mammals,Other mammals  (not resolved to species),not species-resolved,Mammals,host_data,,
ViralHostPredictor,Erinaceidae (reservoir),1.0,Other mammals,Other mammals  (not resolved to species),not species-resolved,Mammals,host_data,,
ViralHostPredictor,Macropod (reservoir),1.0,Other mammals,Other mammals  (not resolved to species),not species-resolved,Mammals,host_data,,
ViralHostPredictor,Soricomorph (reservoir),1.0,Other mammals,Other mammals  (not resolved to species),not species-resolved,Mammals,host_data,,
Zoonotic rank,NonHumanPrimate,69.0,Non-human primates,Non-human primates  (not resolved to species),not species-resolved,Mammals,host_data,,
Zoonotic rank,bird orders (9 tags combined),66.0,Birds,Birds  (not resolved to species),not species-resolved,Non-mammalian vertebrates,host_data,,
Zoonotic rank,minor mammal orders (10 tags combined),64.0,Other mammals,Other mammals  (not resolved to species),not species-resolved,Mammals,host_data,,
Zoonotic rank,Fish,39.0,Fish,Fish  (not resolved to species),not species-resolved,Non-mammalian vertebrates,host_data,,
Zoonotic rank,Crustacean/Bivalve (combined),2.0,Other invertebrates,Other invertebrates  (not resolved to species),not species-resolved,Invertebrates,host_data,,
VirHostPRED,NOT Homo sapiens (negative class),2127.0,Non-human (undifferentiated),Non-human (undifferentiated)  (not resolved to species),not species-resolved,Mammals,host_data,,
SPHAK,Aves,92.0,Birds,Birds  (not resolved to species),not species-resolved,Non-mammalian vertebrates,host_data,,
SPHAK,Capsicum,59.0,Plants,Plants  (not resolved to species),not species-resolved,Plants,host_data,,
SPHAK,Caracal caracal,33.0,Carnivores,Carnivores  (not resolved to species),not species-resolved,Mammals,host_data,Caracal caracal,
SPHAK,Digitaria setigera,33.0,Plants,Plants  (not resolved to species),not species-resolved,Plants,host_data,Digitaria setigera,
SPHAK,Feliformia,32.0,Carnivores,Carnivores  (not resolved to species),not species-resolved,Mammals,host_data,,
SPHAK,Spatula clypeata,31.0,Birds,Birds  (not resolved to species),not species-resolved,Non-mammalian vertebrates,host_data,Spatula clypeata,
SPHAK,Cucurbita,22.0,Plants,Plants  (not resolved to species),not species-resolved,Plants,host_data,,
SPHAK,Chiroptera,21.0,Bats,Bats  (not resolved to species),not species-resolved,Mammals,host_data,,
SPHAK,Musa,18.0,Plants,Plants  (not resolved to species),not species-resolved,Plants,host_data,,
SPHAK,Anseriformes,16.0,Birds,Birds  (not resolved to species),not species-resolved,Non-mammalian vertebrates,host_data,,
SPHAK,Fabaceae,15.0,Plants,Plants  (not resolved to species),not species-resolved,Plants,host_data,,
SPHAK,Galliformes,15.0,Birds,Birds  (not resolved to species),not species-resolved,Non-mammalian vertebrates,host_data,,
SPHAK,Spatula discors,15.0,Birds,Birds  (not resolved to species),not species-resolved,Non-mammalian vertebrates,host_data,Spatula discors,
SPHAK,Piperaceae,14.0,Plants,Plants  (not resolved to species),not species-resolved,Plants,host_data,,
SPHAK,Vitis,14.0,Plants,Plants  (not resolved to species),not species-resolved,Plants,host_data,,
SPHAK,Numenius arquata,13.0,Birds,Birds  (not resolved to species),not species-resolved,Non-mammalian vertebrates,host_data,Numenius arquata,
SPHAK,Callithrix penicillata,12.0,Non-human primates,Non-human primates  (not resolved to species),not species-resolved,Mammals,host_data,Callithrix penicillata,
SPHAK,Globicephala macrorhynchus,12.0,Other mammals,Other mammals  (not resolved to species),not species-resolved,Mammals,host_data,Globicephala macrorhynchus,
SPHAK,Phasianinae,11.0,Birds,Birds  (not resolved to species),not species-resolved,Non-mammalian vertebrates,host_data,,
SPHAK,Hibiscus,10.0,Plants,Plants  (not resolved to species),not species-resolved,Plants,host_data,,
SPHAK,Medicago arborea,10.0,Plants,Plants  (not resolved to species),not species-resolved,Plants,host_data,Medicago arborea,
SPHAK,Opuntia,10.0,Plants,Plants  (not resolved to species),not species-resolved,Plants,host_data,,
SPHAK,Urochloa deflexa,10.0,Plants,Plants  (not resolved to species),not species-resolved,Plants,host_data,Urochloa deflexa,
SPHAK,Saccharum,9.0,Plants,Plants  (not resolved to species),not species-resolved,Plants,host_data,,
SPHAK,Digitaria,8.0,Plants,Plants  (not resolved to species),not species-resolved,Plants,host_data,,
SPHAK,Felis silvestris,8.0,Carnivores,Carnivores  (not resolved to species),not species-resolved,Mammals,host_data,Felis silvestris,
SPHAK,Luffa,8.0,Plants,Plants  (not resolved to species),not species-resolved,Plants,host_data,,
SPHAK,Clerodendrum bungei,7.0,Plants,Plants  (not resolved to species),not species-resolved,Plants,host_data,Clerodendrum bungei,
SPHAK,Numididae,7.0,Birds,Birds  (not resolved to species),not species-resolved,Non-mammalian vertebrates,host_data,,
SPHAK,Suidae,7.0,Ungulates,Ungulates  (not resolved to species),not species-resolved,Mammals,host_data,,
SPHAK,Agapanthus,6.0,Plants,Plants  (not resolved to species),not species-resolved,Plants,host_data,,
SPHAK,Cucurbitaceae,6.0,Plants,Plants  (not resolved to species),not species-resolved,Plants,host_data,,
SPHAK,Ehrharta erecta,6.0,Plants,Plants  (not resolved to species),not species-resolved,Plants,host_data,Ehrharta erecta,
SPHAK,Orcinus orca,6.0,Other mammals,Other mammals  (not resolved to species),not species-resolved,Mammals,host_data,Orcinus orca,
SPHAK,Prionailurus bengalensis,6.0,Carnivores,Carnivores  (not resolved to species),not species-resolved,Mammals,host_data,Prionailurus bengalensis,
SPHAK,Psittacidae,6.0,Birds,Birds  (not resolved to species),not species-resolved,Non-mammalian vertebrates,host_data,,
SPHAK,Stenella coeruleoalba,6.0,Other mammals,Other mammals  (not resolved to species),not species-resolved,Mammals,host_data,Stenella coeruleoalba,
SPHAK,Anas,5.0,Birds,Birds  (not resolved to species),not species-resolved,Non-mammalian vertebrates,host_data,,
SPHAK,Citrus,5.0,Plants,Plants  (not resolved to species),not species-resolved,Plants,host_data,,
SPHAK,Columba,5.0,Birds,Birds  (not resolved to species),not species-resolved,Non-mammalian vertebrates,host_data,,
SPHAK,Diaemus youngi,5.0,Bats,Bats  (not resolved to species),not species-resolved,Mammals,host_data,Diaemus youngi,
SPHAK,Digitaria horizontalis,5.0,Plants,Plants  (not resolved to species),not species-resolved,Plants,host_data,Digitaria horizontalis,
SPHAK,Laridae,5.0,Birds,Birds  (not resolved to species),not species-resolved,Non-mammalian vertebrates,host_data,,
SPHAK,Ocimum gratissimum,5.0,Plants,Plants  (not resolved to species),not species-resolved,Plants,host_data,Ocimum gratissimum,
SPHAK,Opuntia engelmannii,5.0,Plants,Plants  (not resolved to species),not species-resolved,Plants,host_data,Opuntia engelmannii,
SPHAK,Agapornis roseicollis,4.0,Birds,Birds  (not resolved to species),not species-resolved,Non-mammalian vertebrates,host_data,Agapornis roseicollis,
SPHAK,Cenchrus echinatus,4.0,Plants,Plants  (not resolved to species),not species-resolved,Plants,host_data,Cenchrus echinatus,
SPHAK,Digera muricata,4.0,Plants,Plants  (not resolved to species),not species-resolved,Plants,host_data,Digera muricata,
SPHAK,Fringillidae,4.0,Birds,Birds  (not resolved to species),not species-resolved,Non-mammalian vertebrates,host_data,,
SPHAK,Grus nigricollis,4.0,Birds,Birds  (not resolved to species),not species-resolved,Non-mammalian vertebrates,host_data,Grus nigricollis,
SPHAK,Larus crassirostris,4.0,Birds,Birds  (not resolved to species),not species-resolved,Non-mammalian vertebrates,host_data,Larus crassirostris,
SPHAK,Leucophaeus pipixcan,4.0,Birds,Birds  (not resolved to species),not species-resolved,Non-mammalian vertebrates,host_data,Leucophaeus pipixcan,
SPHAK,Megathyrsus maximus,4.0,Plants,Plants  (not resolved to species),not species-resolved,Plants,host_data,Megathyrsus maximus,
SPHAK,Opuntia engelmannii var. aciculata,4.0,Plants,Plants  (not resolved to species),not species-resolved,Plants,host_data,Opuntia engelmannii,
SPHAK,Opuntia phaeacantha,4.0,Plants,Plants  (not resolved to species),not species-resolved,Plants,host_data,Opuntia phaeacantha,
SPHAK,Pavo cristatus,4.0,Birds,Birds  (not resolved to species),not species-resolved,Non-mammalian vertebrates,host_data,Pavo cristatus,
SPHAK,Rattus,4.0,Rodents,Rodents  (not resolved to species),not species-resolved,Mammals,host_data,,
SPHAK,Sigesbeckia orientalis,4.0,Plants,Plants  (not resolved to species),not species-resolved,Plants,host_data,Sigesbeckia orientalis,
SPHAK,Spatula querquedula,4.0,Birds,Birds  (not resolved to species),not species-resolved,Non-mammalian vertebrates,host_data,Spatula querquedula,
SPHAK,Anas cyanoptera,3.0,Birds,Birds  (not resolved to species),not species-resolved,Non-mammalian vertebrates,host_data,Anas cyanoptera,
SPHAK,Apodemus uralensis,3.0,Rodents,Rodents  (not resolved to species),not species-resolved,Mammals,host_data,Apodemus uralensis,
SPHAK,Capsicum chinense,3.0,Plants,Plants  (not resolved to species),not species-resolved,Plants,host_data,Capsicum chinense,
SPHAK,Chloris gayana,3.0,Plants,Plants  (not resolved to species),not species-resolved,Plants,host_data,Chloris gayana,
SPHAK,Citrus x latifolia,3.0,Plants,Plants  (not resolved to species),not species-resolved,Plants,host_data,Citrus x latifolia,
SPHAK,Croton bonplandianus,3.0,Plants,Plants  (not resolved to species),not species-resolved,Plants,host_data,Croton bonplandianus,
SPHAK,Desmodium,3.0,Plants,Plants  (not resolved to species),not species-resolved,Plants,host_data,,
SPHAK,Falco peregrinus,3.0,Birds,Birds  (not resolved to species),not species-resolved,Non-mammalian vertebrates,host_data,Falco peregrinus,
SPHAK,Fringilla montifringilla,3.0,Birds,Birds  (not resolved to species),not species-resolved,Non-mammalian vertebrates,host_data,Fringilla montifringilla,
SPHAK,Gossypium arboreum,3.0,Plants,Plants  (not resolved to species),not species-resolved,Plants,host_data,Gossypium arboreum,
SPHAK,Helianthus,3.0,Plants,Plants  (not resolved to species),not species-resolved,Plants,host_data,,
SPHAK,Himantopus himantopus,3.0,Birds,Birds  (not resolved to species),not species-resolved,Non-mammalian vertebrates,host_data,Himantopus himantopus,
SPHAK,Larus dominicanus,3.0,Birds,Birds  (not resolved to species),not species-resolved,Non-mammalian vertebrates,host_data,Larus dominicanus,
SPHAK,Malus sp.,3.0,Plants,Plants  (not resolved to species),not species-resolved,Plants,host_data,Malus sp.,
SPHAK,Malvastrum,3.0,Plants,Plants  (not resolved to species),not species-resolved,Plants,host_data,,
SPHAK,Malvaviscus arboreus,3.0,Plants,Plants  (not resolved to species),not species-resolved,Plants,host_data,Malvaviscus arboreus,
SPHAK,Myotis siligorensis,3.0,Bats,Bats  (not resolved to species),not species-resolved,Mammals,host_data,Myotis siligorensis,
SPHAK,Otis tarda,3.0,Birds,Birds  (not resolved to species),not species-resolved,Non-mammalian vertebrates,host_data,Otis tarda,
SPHAK,Phocoenidae,3.0,Other mammals,Other mammals  (not resolved to species),not species-resolved,Mammals,host_data,,
SPHAK,Poaceae,3.0,Plants,Plants  (not resolved to species),not species-resolved,Plants,host_data,,
SPHAK,Populus alba,3.0,Plants,Plants  (not resolved to species),not species-resolved,Plants,host_data,Populus alba,
SPHAK,Rhinolophus,3.0,Bats,Bats  (not resolved to species),not species-resolved,Mammals,host_data,,
SPHAK,Rhinolophus thomasi,3.0,Bats,Bats  (not resolved to species),not species-resolved,Mammals,host_data,Rhinolophus thomasi,
SPHAK,Rhynchosia,3.0,Plants,Plants  (not resolved to species),not species-resolved,Plants,host_data,,
SPHAK,Rosa chinensis,3.0,Plants,Plants  (not resolved to species),not species-resolved,Plants,host_data,Rosa chinensis,
SPHAK,Spilopelia chinensis,3.0,Birds,Birds  (not resolved to species),not species-resolved,Non-mammalian vertebrates,host_data,Spilopelia chinensis,
SPHAK,Stachytarpheta,3.0,Plants,Plants  (not resolved to species),not species-resolved,Plants,host_data,,
SPHAK,Vigna aconitifolia,3.0,Plants,Plants  (not resolved to species),not species-resolved,Plants,host_data,Vigna aconitifolia,
SPHAK,Abutilon,2.0,Plants,Plants  (not resolved to species),not species-resolved,Plants,host_data,,
SPHAK,Accipitridae,2.0,Birds,Birds  (not resolved to species),not species-resolved,Non-mammalian vertebrates,host_data,,
SPHAK,Accipitriformes,2.0,Birds,Birds  (not resolved to species),not species-resolved,Non-mammalian vertebrates,host_data,,
SPHAK,Alternanthera sessilis,2.0,Plants,Plants  (not resolved to species),not species-resolved,Plants,host_data,Alternanthera sessilis,
SPHAK,Amaranthus,2.0,Plants,Plants  (not resolved to species),not species-resolved,Plants,host_data,,
SPHAK,Arctocephalus australis,2.0,Carnivores,Carnivores  (not resolved to species),not species-resolved,Mammals,host_data,Arctocephalus australis,
SPHAK,Aythya affinis,2.0,Birds,Birds  (not resolved to species),not species-resolved,Non-mammalian vertebrates,host_data,Aythya affinis,
SPHAK,Balaenoptera physalus,2.0,Other mammals,Other mammals  (not resolved to species),not species-resolved,Mammals,host_data,Balaenoptera physalus,
SPHAK,Bovidae,2.0,Ungulates,Ungulates  (not resolved to species),not species-resolved,Mammals,host_data,,
SPHAK,Bubo bengalensis,2.0,Birds,Birds  (not resolved to species),not species-resolved,Non-mammalian vertebrates,host_data,Bubo bengalensis,
SPHAK,Bubo scandiacus,2.0,Birds,Birds  (not resolved to species),not species-resolved,Non-mammalian vertebrates,host_data,Bubo scandiacus,
SPHAK,Camelus,2.0,Ungulates,Ungulates  (not resolved to species),not species-resolved,Mammals,host_data,,
SPHAK,Canidae,2.0,Carnivores,Carnivores  (not resolved to species),not species-resolved,Mammals,host_data,,
SPHAK,Centrosema pubescens,2.0,Plants,Plants  (not resolved to species),not species-resolved,Plants,host_data,Centrosema pubescens,
SPHAK,Cestrum nocturnum,2.0,Plants,Plants  (not resolved to species),not species-resolved,Plants,host_data,Cestrum nocturnum,
SPHAK,Corvus splendens,2.0,Birds,Birds  (not resolved to species),not species-resolved,Non-mammalian vertebrates,host_data,Corvus splendens,
SPHAK,Cucumis anguria,2.0,Plants,Plants  (not resolved to species),not species-resolved,Plants,host_data,Cucumis anguria,
SPHAK,Cymbidium,2.0,Plants,Plants  (not resolved to species),not species-resolved,Plants,host_data,,
SPHAK,Dolichos,2.0,Plants,Plants  (not resolved to species),not species-resolved,Plants,host_data,,
SPHAK,Dypsis lutescens,2.0,Plants,Plants  (not resolved to species),not species-resolved,Plants,host_data,Dypsis lutescens,
SPHAK,Eleusine coracana,2.0,Plants,Plants  (not resolved to species),not species-resolved,Plants,host_data,Eleusine coracana,
SPHAK,Euphorbia,2.0,Plants,Plants  (not resolved to species),not species-resolved,Plants,host_data,,
SPHAK,Fraxinus chinensis subsp. rhynchophylla,2.0,Plants,Plants  (not resolved to species),not species-resolved,Plants,host_data,Fraxinus chinensis,
SPHAK,Galium mexicanum,2.0,Plants,Plants  (not resolved to species),not species-resolved,Plants,host_data,Galium mexicanum,
SPHAK,Gallus sp.,2.0,Birds,Birds  (not resolved to species),not species-resolved,Non-mammalian vertebrates,host_data,Gallus sp.,
SPHAK,Gossypium,2.0,Plants,Plants  (not resolved to species),not species-resolved,Plants,host_data,,
SPHAK,Gulo gulo,2.0,Carnivores,Carnivores  (not resolved to species),not species-resolved,Mammals,host_data,Gulo gulo,
SPHAK,Hirundo rustica,2.0,Birds,Birds  (not resolved to species),not species-resolved,Non-mammalian vertebrates,host_data,Hirundo rustica,
SPHAK,Leucaena leucocephala,2.0,Plants,Plants  (not resolved to species),not species-resolved,Plants,host_data,Leucaena leucocephala,
SPHAK,Malva,2.0,Plants,Plants  (not resolved to species),not species-resolved,Plants,host_data,,
SPHAK,Microcebus murinus,2.0,Rodents,Rodents  (not resolved to species),not species-resolved,Mammals,host_data,Microcebus murinus,
SPHAK,Muntingia calabura,2.0,Plants,Plants  (not resolved to species),not species-resolved,Plants,host_data,Muntingia calabura,
SPHAK,Musa ABB Group,2.0,Plants,Plants  (not resolved to species),not species-resolved,Plants,host_data,,
SPHAK,Neophema chrysogaster,2.0,Birds,Birds  (not resolved to species),not species-resolved,Non-mammalian vertebrates,host_data,Neophema chrysogaster,
SPHAK,Ocimum,2.0,Plants,Plants  (not resolved to species),not species-resolved,Plants,host_data,,
SPHAK,Opuntia basilaris,2.0,Plants,Plants  (not resolved to species),not species-resolved,Plants,host_data,Opuntia basilaris,
SPHAK,Opuntia brasiliensis,2.0,Plants,Plants  (not resolved to species),not species-resolved,Plants,host_data,Opuntia brasiliensis,
SPHAK,Opuntia rufida,2.0,Plants,Plants  (not resolved to species),not species-resolved,Plants,host_data,Opuntia rufida,
SPHAK,Opuntia santa-rita,2.0,Plants,Plants  (not resolved to species),not species-resolved,Plants,host_data,Opuntia santa-rita,
SPHAK,Passeridae,2.0,Birds,Birds  (not resolved to species),not species-resolved,Non-mammalian vertebrates,host_data,,
SPHAK,Passiflora foetida,2.0,Plants,Plants  (not resolved to species),not species-resolved,Plants,host_data,Passiflora foetida,
SPHAK,Phalacrocoracidae,2.0,Birds,Birds  (not resolved to species),not species-resolved,Non-mammalian vertebrates,host_data,,
SPHAK,Phalacrocorax auritus,2.0,Birds,Birds  (not resolved to species),not species-resolved,Non-mammalian vertebrates,host_data,Phalacrocorax auritus,
SPHAK,Phodopus roborovskii,2.0,Rodents,Rodents  (not resolved to species),not species-resolved,Mammals,host_data,Phodopus roborovskii,
SPHAK,Pongamia pinnata,2.0,Plants,Plants  (not resolved to species),not species-resolved,Plants,host_data,Pongamia pinnata,
SPHAK,Prunus,2.0,Plants,Plants  (not resolved to species),not species-resolved,Plants,host_data,,
SPHAK,Rhinolophus blythi,2.0,Bats,Bats  (not resolved to species),not species-resolved,Mammals,host_data,Rhinolophus blythi,
SPHAK,Sida cordata,2.0,Plants,Plants  (not resolved to species),not species-resolved,Plants,host_data,Sida cordata,
SPHAK,Sida spinosa,2.0,Plants,Plants  (not resolved to species),not species-resolved,Plants,host_data,Sida spinosa,
SPHAK,Solanum,2.0,Plants,Plants  (not resolved to species),not species-resolved,Plants,host_data,,
SPHAK,Suricata suricatta,2.0,Carnivores,Carnivores  (not resolved to species),not species-resolved,Mammals,host_data,Suricata suricatta,
SPHAK,Triticum,2.0,Plants,Plants  (not resolved to species),not species-resolved,Plants,host_data,,
SPHAK,Urochloa decumbens,2.0,Plants,Plants  (not resolved to species),not species-resolved,Plants,host_data,Urochloa decumbens,
SPHAK,Vigna trilobata,2.0,Plants,Plants  (not resolved to species),not species-resolved,Plants,host_data,Vigna trilobata,
SPHAK,Viverridae,2.0,Carnivores,Carnivores  (not resolved to species),not species-resolved,Mammals,host_data,,
SPHAK,Abelmoschus moschatus,1.0,Plants,Plants  (not resolved to species),not species-resolved,Plants,host_data,Abelmoschus moschatus,
SPHAK,Acridotheres,1.0,Birds,Birds  (not resolved to species),not species-resolved,Non-mammalian vertebrates,host_data,,
SPHAK,Ageratum,1.0,Plants,Plants  (not resolved to species),not species-resolved,Plants,host_data,,
SPHAK,Albizia lebbeck,1.0,Plants,Plants  (not resolved to species),not species-resolved,Plants,host_data,Albizia lebbeck,
SPHAK,Alcea striata,1.0,Plants,Plants  (not resolved to species),not species-resolved,Plants,host_data,Alcea striata,
SPHAK,Allochrocebus lhoesti,1.0,Non-human primates,Non-human primates  (not resolved to species),not species-resolved,Mammals,host_data,Allochrocebus lhoesti,
SPHAK,Alopochen aegyptiaca,1.0,Birds,Birds  (not resolved to species),not species-resolved,Non-mammalian vertebrates,host_data,Alopochen aegyptiaca,
SPHAK,Alternanthera,1.0,Plants,Plants  (not resolved to species),not species-resolved,Plants,host_data,,
SPHAK,Alternanthera philoxeroides,1.0,Plants,Plants  (not resolved to species),not species-resolved,Plants,host_data,Alternanthera philoxeroides,
SPHAK,Amaranthus retroflexus,1.0,Plants,Plants  (not resolved to species),not species-resolved,Plants,host_data,Amaranthus retroflexus,
SPHAK,Amaurornis phoenicurus,1.0,Birds,Birds  (not resolved to species),not species-resolved,Non-mammalian vertebrates,host_data,Amaurornis phoenicurus,
SPHAK,Anadenanthera colubrina,1.0,Plants,Plants  (not resolved to species),not species-resolved,Plants,host_data,Anadenanthera colubrina,
SPHAK,Anas fulvigula,1.0,Birds,Birds  (not resolved to species),not species-resolved,Non-mammalian vertebrates,host_data,Anas fulvigula,
SPHAK,Anas zonorhyncha,1.0,Birds,Birds  (not resolved to species),not species-resolved,Non-mammalian vertebrates,host_data,Anas zonorhyncha,
SPHAK,Anser,1.0,Birds,Birds  (not resolved to species),not species-resolved,Non-mammalian vertebrates,host_data,,
SPHAK,Anthocercis ilicifolia,1.0,Plants,Plants  (not resolved to species),not species-resolved,Plants,host_data,Anthocercis ilicifolia,
SPHAK,Anthus rufulus,1.0,Birds,Birds  (not resolved to species),not species-resolved,Non-mammalian vertebrates,host_data,Anthus rufulus,
SPHAK,Ardeidae,1.0,Birds,Birds  (not resolved to species),not species-resolved,Non-mammalian vertebrates,host_data,,
SPHAK,Argas,1.0,Insects,Insects  (not resolved to species),not species-resolved,Invertebrates,host_data,,
SPHAK,Aythya ferina,1.0,Birds,Birds  (not resolved to species),not species-resolved,Non-mammalian vertebrates,host_data,Aythya ferina,
SPHAK,Brachiaria umbellata,1.0,Plants,Plants  (not resolved to species),not species-resolved,Plants,host_data,Brachiaria umbellata,
SPHAK,Bubulcus ibis,1.0,Birds,Birds  (not resolved to species),not species-resolved,Non-mammalian vertebrates,host_data,Bubulcus ibis,
SPHAK,Calendula officinalis,1.0,Plants,Plants  (not resolved to species),not species-resolved,Plants,host_data,Calendula officinalis,
SPHAK,Calidris minuta,1.0,Birds,Birds  (not resolved to species),not species-resolved,Non-mammalian vertebrates,host_data,Calidris minuta,
SPHAK,Canavalia sp.,1.0,Plants,Plants  (not resolved to species),not species-resolved,Plants,host_data,Canavalia sp.,
SPHAK,Caprifoliaceae,1.0,Plants,Plants  (not resolved to species),not species-resolved,Plants,host_data,,
SPHAK,Cenchrus myosuroides,1.0,Plants,Plants  (not resolved to species),not species-resolved,Plants,host_data,Cenchrus myosuroides,
SPHAK,Cervus,1.0,Ungulates,Ungulates  (not resolved to species),not species-resolved,Mammals,host_data,,
SPHAK,Charadriiformes,1.0,Birds,Birds  (not resolved to species),not species-resolved,Non-mammalian vertebrates,host_data,,
SPHAK,Chroicocephalus genei,1.0,Birds,Birds  (not resolved to species),not species-resolved,Non-mammalian vertebrates,host_data,Chroicocephalus genei,
SPHAK,Clematis,1.0,Plants,Plants  (not resolved to species),not species-resolved,Plants,host_data,,
SPHAK,Clematis vitalba,1.0,Plants,Plants  (not resolved to species),not species-resolved,Plants,host_data,Clematis vitalba,
SPHAK,Codiaeum variegatum,1.0,Plants,Plants  (not resolved to species),not species-resolved,Plants,host_data,Codiaeum variegatum,
SPHAK,Crataegus,1.0,Plants,Plants  (not resolved to species),not species-resolved,Plants,host_data,,
SPHAK,Cucumis dipsaceus,1.0,Plants,Plants  (not resolved to species),not species-resolved,Plants,host_data,Cucumis dipsaceus,
SPHAK,Cylindropuntia,1.0,Plants,Plants  (not resolved to species),not species-resolved,Plants,host_data,,
SPHAK,Cylindropuntia whipplei,1.0,Plants,Plants  (not resolved to species),not species-resolved,Plants,host_data,Cylindropuntia whipplei,
SPHAK,Dactyloctenium,1.0,Plants,Plants  (not resolved to species),not species-resolved,Plants,host_data,,
SPHAK,Datura,1.0,Plants,Plants  (not resolved to species),not species-resolved,Plants,host_data,,
SPHAK,Digitaria debilis,1.0,Plants,Plants  (not resolved to species),not species-resolved,Plants,host_data,Digitaria debilis,
SPHAK,Distimake dissectus,1.0,Plants,Plants  (not resolved to species),not species-resolved,Plants,host_data,Distimake dissectus,
SPHAK,Echinochloa,1.0,Plants,Plants  (not resolved to species),not species-resolved,Plants,host_data,,
SPHAK,Eclectus roratus,1.0,Birds,Birds  (not resolved to species),not species-resolved,Non-mammalian vertebrates,host_data,Eclectus roratus,
SPHAK,Eos bornea,1.0,Birds,Birds  (not resolved to species),not species-resolved,Non-mammalian vertebrates,host_data,Eos bornea,
SPHAK,Eragrostis,1.0,Plants,Plants  (not resolved to species),not species-resolved,Plants,host_data,,
SPHAK,Erinaceus sp.,1.0,Other mammals,Other mammals  (not resolved to species),not species-resolved,Mammals,host_data,Erinaceus sp.,
SPHAK,Falco rusticolus,1.0,Birds,Birds  (not resolved to species),not species-resolved,Non-mammalian vertebrates,host_data,Falco rusticolus,
SPHAK,Forpus coelestis,1.0,Birds,Birds  (not resolved to species),not species-resolved,Non-mammalian vertebrates,host_data,Forpus coelestis,
SPHAK,Fulica,1.0,Birds,Birds  (not resolved to species),not species-resolved,Non-mammalian vertebrates,host_data,,
SPHAK,Gallus,1.0,Birds,Birds  (not resolved to species),not species-resolved,Non-mammalian vertebrates,host_data,,
SPHAK,Glycine soja,1.0,Plants,Plants  (not resolved to species),not species-resolved,Plants,host_data,Glycine soja,
SPHAK,Glycyrrhiza glabra,1.0,Plants,Plants  (not resolved to species),not species-resolved,Plants,host_data,Glycyrrhiza glabra,
SPHAK,Gossypium harknessii,1.0,Plants,Plants  (not resolved to species),not species-resolved,Plants,host_data,Gossypium harknessii,
SPHAK,Gossypium somalense,1.0,Plants,Plants  (not resolved to species),not species-resolved,Plants,host_data,Gossypium somalense,
SPHAK,Gossypium stocksii,1.0,Plants,Plants  (not resolved to species),not species-resolved,Plants,host_data,Gossypium stocksii,
SPHAK,Gossypium tomentosum,1.0,Plants,Plants  (not resolved to species),not species-resolved,Plants,host_data,Gossypium tomentosum,
SPHAK,Halichoerus grypus,1.0,Carnivores,Carnivores  (not resolved to species),not species-resolved,Mammals,host_data,Halichoerus grypus,
SPHAK,Hibiscus sp.,1.0,Plants,Plants  (not resolved to species),not species-resolved,Plants,host_data,Hibiscus sp.,
SPHAK,Ichthyaetus ichthyaetus,1.0,Birds,Birds  (not resolved to species),not species-resolved,Non-mammalian vertebrates,host_data,Ichthyaetus ichthyaetus,
SPHAK,Ipomoea triloba,1.0,Plants,Plants  (not resolved to species),not species-resolved,Plants,host_data,Ipomoea triloba,
SPHAK,Jatropha,1.0,Plants,Plants  (not resolved to species),not species-resolved,Plants,host_data,,
SPHAK,Jatropha integerrima,1.0,Plants,Plants  (not resolved to species),not species-resolved,Plants,host_data,Jatropha integerrima,
SPHAK,Larus schistisagus,1.0,Birds,Birds  (not resolved to species),not species-resolved,Non-mammalian vertebrates,host_data,Larus schistisagus,
SPHAK,Leonurus japonicus,1.0,Plants,Plants  (not resolved to species),not species-resolved,Plants,host_data,Leonurus japonicus,
SPHAK,Lophocereus schottii,1.0,Plants,Plants  (not resolved to species),not species-resolved,Plants,host_data,Lophocereus schottii,
SPHAK,Lophura erythrophthalma,1.0,Birds,Birds  (not resolved to species),not species-resolved,Non-mammalian vertebrates,host_data,Lophura erythrophthalma,
SPHAK,Macroptilium bracteatum,1.0,Plants,Plants  (not resolved to species),not species-resolved,Plants,host_data,Macroptilium bracteatum,
SPHAK,Malva cathayensis,1.0,Plants,Plants  (not resolved to species),not species-resolved,Plants,host_data,Malva cathayensis,
SPHAK,Manihot glaziovii,1.0,Plants,Plants  (not resolved to species),not species-resolved,Plants,host_data,Manihot glaziovii,
SPHAK,Mareca,1.0,Birds,Birds  (not resolved to species),not species-resolved,Non-mammalian vertebrates,host_data,,
SPHAK,Mareca falcata,1.0,Birds,Birds  (not resolved to species),not species-resolved,Non-mammalian vertebrates,host_data,Mareca falcata,
SPHAK,Megathyrsus infestus,1.0,Plants,Plants  (not resolved to species),not species-resolved,Plants,host_data,Megathyrsus infestus,
SPHAK,Megathyrsus trichocladum,1.0,Plants,Plants  (not resolved to species),not species-resolved,Plants,host_data,Megathyrsus trichocladum,
SPHAK,Melinis repens,1.0,Plants,Plants  (not resolved to species),not species-resolved,Plants,host_data,Melinis repens,
SPHAK,Microcebus griseorufus,1.0,Rodents,Rodents  (not resolved to species),not species-resolved,Mammals,host_data,Microcebus griseorufus,
SPHAK,Momordica dioica,1.0,Plants,Plants  (not resolved to species),not species-resolved,Plants,host_data,Momordica dioica,
SPHAK,Murina cyclotis,1.0,Bats,Bats  (not resolved to species),not species-resolved,Mammals,host_data,Murina cyclotis,
SPHAK,Musa balbisiana,1.0,Plants,Plants  (not resolved to species),not species-resolved,Plants,host_data,Musa balbisiana,
SPHAK,Oplismenus burmannii,1.0,Plants,Plants  (not resolved to species),not species-resolved,Plants,host_data,Oplismenus burmannii,
SPHAK,Opuntia aureispina,1.0,Plants,Plants  (not resolved to species),not species-resolved,Plants,host_data,Opuntia aureispina,
SPHAK,Opuntia cespitosa,1.0,Plants,Plants  (not resolved to species),not species-resolved,Plants,host_data,Opuntia cespitosa,
SPHAK,Opuntia echios var. echios,1.0,Plants,Plants  (not resolved to species),not species-resolved,Plants,host_data,Opuntia echios,
SPHAK,Opuntia engelmannii var. linguiformis,1.0,Plants,Plants  (not resolved to species),not species-resolved,Plants,host_data,Opuntia engelmannii,
SPHAK,Opuntia leucotricha,1.0,Plants,Plants  (not resolved to species),not species-resolved,Plants,host_data,Opuntia leucotricha,
SPHAK,Opuntia mackensenii,1.0,Plants,Plants  (not resolved to species),not species-resolved,Plants,host_data,Opuntia mackensenii,
SPHAK,Opuntia parviclada,1.0,Plants,Plants  (not resolved to species),not species-resolved,Plants,host_data,Opuntia parviclada,
SPHAK,Opuntia robusta,1.0,Plants,Plants  (not resolved to species),not species-resolved,Plants,host_data,Opuntia robusta,
SPHAK,Oxyura jamaicensis,1.0,Birds,Birds  (not resolved to species),not species-resolved,Non-mammalian vertebrates,host_data,Oxyura jamaicensis,
SPHAK,Pachyrhizus,1.0,Plants,Plants  (not resolved to species),not species-resolved,Plants,host_data,,
SPHAK,Paradoxurus hermaphroditus,1.0,Carnivores,Carnivores  (not resolved to species),not species-resolved,Mammals,host_data,Paradoxurus hermaphroditus,
SPHAK,Paspalum conjugatum,1.0,Plants,Plants  (not resolved to species),not species-resolved,Plants,host_data,Paspalum conjugatum,
SPHAK,Paspalum notatum,1.0,Plants,Plants  (not resolved to species),not species-resolved,Plants,host_data,Paspalum notatum,
SPHAK,Pavo,1.0,Birds,Birds  (not resolved to species),not species-resolved,Non-mammalian vertebrates,host_data,,
SPHAK,Penaeus semisulcatus,1.0,Other invertebrates,Other invertebrates  (not resolved to species),not species-resolved,Invertebrates,host_data,Penaeus semisulcatus,
SPHAK,Phaseolus,1.0,Plants,Plants  (not resolved to species),not species-resolved,Plants,host_data,,
SPHAK,Physalis divaricata,1.0,Plants,Plants  (not resolved to species),not species-resolved,Plants,host_data,Physalis divaricata,
SPHAK,Pipistrellus,1.0,Bats,Bats  (not resolved to species),not species-resolved,Mammals,host_data,,
SPHAK,Plantago,1.0,Plants,Plants  (not resolved to species),not species-resolved,Plants,host_data,,
SPHAK,Pluvialis squatarola,1.0,Birds,Birds  (not resolved to species),not species-resolved,Non-mammalian vertebrates,host_data,Pluvialis squatarola,
SPHAK,Polypogon monspeliensis,1.0,Plants,Plants  (not resolved to species),not species-resolved,Plants,host_data,Polypogon monspeliensis,
SPHAK,Pycnonotidae,1.0,Birds,Birds  (not resolved to species),not species-resolved,Non-mammalian vertebrates,host_data,,
SPHAK,Pyrus,1.0,Plants,Plants  (not resolved to species),not species-resolved,Plants,host_data,,
SPHAK,Rallus aquaticus,1.0,Birds,Birds  (not resolved to species),not species-resolved,Non-mammalian vertebrates,host_data,Rallus aquaticus,
SPHAK,Rehmannia,1.0,Plants,Plants  (not resolved to species),not species-resolved,Plants,host_data,,
SPHAK,Rhynchosia capitata,1.0,Plants,Plants  (not resolved to species),not species-resolved,Plants,host_data,Rhynchosia capitata,
SPHAK,Ricinus communis,1.0,Plants,Plants  (not resolved to species),not species-resolved,Plants,host_data,Ricinus communis,
SPHAK,Rubus,1.0,Plants,Plants  (not resolved to species),not species-resolved,Plants,host_data,,
SPHAK,Rudbeckia,1.0,Plants,Plants  (not resolved to species),not species-resolved,Plants,host_data,,
SPHAK,Saccharum spontaneum,1.0,Plants,Plants  (not resolved to species),not species-resolved,Plants,host_data,Saccharum spontaneum,
SPHAK,Salvia sclarea,1.0,Plants,Plants  (not resolved to species),not species-resolved,Plants,host_data,Salvia sclarea,
SPHAK,Sclerochloa dura,1.0,Plants,Plants  (not resolved to species),not species-resolved,Plants,host_data,Sclerochloa dura,
SPHAK,Scopolia carniolica,1.0,Plants,Plants  (not resolved to species),not species-resolved,Plants,host_data,Scopolia carniolica,
SPHAK,Selenicereus monacanthus,1.0,Plants,Plants  (not resolved to species),not species-resolved,Plants,host_data,Selenicereus monacanthus,
SPHAK,Setaria barbata,1.0,Plants,Plants  (not resolved to species),not species-resolved,Plants,host_data,Setaria barbata,
SPHAK,Sidastrum micranthum,1.0,Plants,Plants  (not resolved to species),not species-resolved,Plants,host_data,Sidastrum micranthum,
SPHAK,Siraitia grosvenorii,1.0,Plants,Plants  (not resolved to species),not species-resolved,Plants,host_data,Siraitia grosvenorii,
SPHAK,Solanum americanum,1.0,Plants,Plants  (not resolved to species),not species-resolved,Plants,host_data,Solanum americanum,
SPHAK,Solanum villosum,1.0,Plants,Plants  (not resolved to species),not species-resolved,Plants,host_data,Solanum villosum,
SPHAK,Sonchus arvensis,1.0,Plants,Plants  (not resolved to species),not species-resolved,Plants,host_data,Sonchus arvensis,
SPHAK,Sporobolus,1.0,Plants,Plants  (not resolved to species),not species-resolved,Plants,host_data,,
SPHAK,Sternula albifrons,1.0,Birds,Birds  (not resolved to species),not species-resolved,Non-mammalian vertebrates,host_data,Sternula albifrons,
SPHAK,Streptopelia decaocto,1.0,Birds,Birds  (not resolved to species),not species-resolved,Non-mammalian vertebrates,host_data,Streptopelia decaocto,
SPHAK,Sylvilagus floridanus,1.0,Other mammals,Other mammals  (not resolved to species),not species-resolved,Mammals,host_data,Sylvilagus floridanus,
SPHAK,Tadorna,1.0,Birds,Birds  (not resolved to species),not species-resolved,Non-mammalian vertebrates,host_data,,
SPHAK,Tadorna tadorna,1.0,Birds,Birds  (not resolved to species),not species-resolved,Non-mammalian vertebrates,host_data,Tadorna tadorna,
SPHAK,Trichosanthes cucumerina,1.0,Plants,Plants  (not resolved to species),not species-resolved,Plants,host_data,Trichosanthes cucumerina,
SPHAK,Triticum turgidum subsp. durum,1.0,Plants,Plants  (not resolved to species),not species-resolved,Plants,host_data,Triticum turgidum,
SPHAK,Tyto alba,1.0,Birds,Birds  (not resolved to species),not species-resolved,Non-mammalian vertebrates,host_data,Tyto alba,
SPHAK,Urochloa mosambicensis,1.0,Plants,Plants  (not resolved to species),not species-resolved,Plants,host_data,Urochloa mosambicensis,
SPHAK,Vigna stipulacea,1.0,Plants,Plants  (not resolved to species),not species-resolved,Plants,host_data,Vigna stipulacea,
SPHAK,Vitis aestivalis,1.0,Plants,Plants  (not resolved to species),not species-resolved,Plants,host_data,Vitis aestivalis,
UniVH,"Animalia (other, no class match)",231.0,Unresolved invertebrates,Unresolved invertebrates  (not resolved to species),not species-resolved,Invertebrates,host_data,,
UniVH,fish classes (Actinopteri etc.),42.0,Fish,Fish  (not resolved to species),not species-resolved,Non-mammalian vertebrates,host_data,,
UniVH,Primates (excl. human),18.0,Non-human primates,Non-human primates  (not resolved to species),not species-resolved,Mammals,host_data,,
UniVH,Mammalia (other orders),14.0,Other mammals,Other mammals  (not resolved to species),not species-resolved,Mammals,host_data,,
GIVAL,Virginia opossum,5.0,Other mammals,Other mammals  (not resolved to species),not species-resolved,Mammals,host_data,Didelphis virginiana,
GIVAL,Chiroptera (CHI) -- CoV post-hoc grouping,0.0,Other mammals,Other mammals  (not resolved to species),not species-resolved,Mammals,host_data,,
GIVAL,Primates (PRI) -- CoV post-hoc grouping,0.0,Other mammals,Other mammals  (not resolved to species),not species-resolved,Mammals,host_data,,
GIVAL,Suiformes/Artiodactyla -- CoV post-hoc grouping,0.0,Other mammals,Other mammals  (not resolved to species),not species-resolved,Mammals,host_data,,
DeePaC-vir,Mus,46.0,Rodents,Rodents  (not resolved to species),not species-resolved,Mammals,host_data,,
DeePaC-vir,Culicidae,44.0,Insects,Insects  (not resolved to species),not species-resolved,Invertebrates,host_data,,
DeePaC-vir,Sida,24.0,Plants,Plants  (not resolved to species),not species-resolved,Plants,host_data,,
DeePaC-vir,Capsicum,20.0,Plants,Plants  (not resolved to species),not species-resolved,Plants,host_data,,
DeePaC-vir,Bacillariophyta,19.0,Algae,Algae  (not resolved to species),not species-resolved,Algae,host_data,,
DeePaC-vir,Lepidoptera,18.0,Insects,Insects  (not resolved to species),not species-resolved,Invertebrates,host_data,,
DeePaC-vir,Pteropus tonganus,17.0,Bats,Bats  (not resolved to species),not species-resolved,Mammals,host_data,Pteropus tonganus,
DeePaC-vir,Acanthamoeba castellanii,13.0,Protists & oomycetes,Protists & oomycetes  (not resolved to species),not species-resolved,Protists & oomycetes,host_data,Acanthamoeba castellanii,
DeePaC-vir,Libellula quadrimaculata,12.0,Insects,Insects  (not resolved to species),not species-resolved,Invertebrates,host_data,Libellula quadrimaculata,
DeePaC-vir,Rattus,12.0,Rodents,Rodents  (not resolved to species),not species-resolved,Mammals,host_data,,
DeePaC-vir,Cucurbita,11.0,Plants,Plants  (not resolved to species),not species-resolved,Plants,host_data,,
DeePaC-vir,Galliformes,10.0,Birds,Birds  (not resolved to species),not species-resolved,Non-mammalian vertebrates,host_data,,
DeePaC-vir,Alces alces,9.0,Other mammals,Other mammals  (not resolved to species),not species-resolved,Mammals,host_data,Alces alces,
DeePaC-vir,Citrus,8.0,Plants,Plants  (not resolved to species),not species-resolved,Plants,host_data,,
DeePaC-vir,Rubus,8.0,Plants,Plants  (not resolved to species),not species-resolved,Plants,host_data,,
DeePaC-vir,Thyronectria obscura,8.0,Fungi,Fungi  (not resolved to species),not species-resolved,Fungi,host_data,Thyronectria obscura,
DeePaC-vir,Anatidae,7.0,Birds,Birds  (not resolved to species),not species-resolved,Non-mammalian vertebrates,host_data,,
DeePaC-vir,Acanthamoeba sp.,6.0,Protists & oomycetes,Protists & oomycetes  (not resolved to species),not species-resolved,Protists & oomycetes,host_data,,
DeePaC-vir,Bivalvia,6.0,Other invertebrates,Other invertebrates  (not resolved to species),not species-resolved,Invertebrates,host_data,,
DeePaC-vir,Columbidae,6.0,Birds,Birds  (not resolved to species),not species-resolved,Non-mammalian vertebrates,host_data,,
DeePaC-vir,Diptera,6.0,Insects,Insects  (not resolved to species),not species-resolved,Invertebrates,host_data,,
DeePaC-vir,Vitis,6.0,Plants,Plants  (not resolved to species),not species-resolved,Plants,host_data,,
DeePaC-vir,unidentified plant,6.0,Plants,Plants  (not resolved to species),not species-resolved,Plants,host_data,,
DeePaC-vir,Ecklonia radiata,5.0,Algae,Algae  (not resolved to species),not species-resolved,Algae,host_data,Ecklonia radiata,
DeePaC-vir,Felis,5.0,Carnivores,Carnivores  (not resolved to species),not species-resolved,Mammals,host_data,,
DeePaC-vir,Olea,5.0,Plants,Plants  (not resolved to species),not species-resolved,Plants,host_data,,
DeePaC-vir,Vaccinium,5.0,Plants,Plants  (not resolved to species),not species-resolved,Plants,host_data,,
DeePaC-vir,Acanthamoeba polyphaga,4.0,Protists & oomycetes,Protists & oomycetes  (not resolved to species),not species-resolved,Protists & oomycetes,host_data,Acanthamoeba polyphaga,
DeePaC-vir,Choristoneura fumiferana,4.0,Insects,Insects  (not resolved to species),not species-resolved,Invertebrates,host_data,Choristoneura fumiferana,
DeePaC-vir,Cucurbitaceae,4.0,Plants,Plants  (not resolved to species),not species-resolved,Plants,host_data,,
DeePaC-vir,Gerridae,4.0,Insects,Insects  (not resolved to species),not species-resolved,Invertebrates,host_data,,
DeePaC-vir,Lonicera,4.0,Plants,Plants  (not resolved to species),not species-resolved,Plants,host_data,,
DeePaC-vir,Lutzomyia,4.0,Insects,Insects  (not resolved to species),not species-resolved,Invertebrates,host_data,,
DeePaC-vir,Ostreococcus sp. 'lucimarinus',4.0,Plants,Plants  (not resolved to species),not species-resolved,Plants,host_data,,
DeePaC-vir,Ostreococcus tauri,4.0,Plants,Plants  (not resolved to species),not species-resolved,Plants,host_data,Ostreococcus tauri,
DeePaC-vir,Phlebotominae,4.0,Insects,Insects  (not resolved to species),not species-resolved,Invertebrates,host_data,,
DeePaC-vir,Rosa,4.0,Plants,Plants  (not resolved to species),not species-resolved,Plants,host_data,,
DeePaC-vir,Saimiri,4.0,Non-human primates,Non-human primates  (not resolved to species),not species-resolved,Mammals,host_data,,
DeePaC-vir,Stachytarpheta,4.0,Plants,Plants  (not resolved to species),not species-resolved,Plants,host_data,,
DeePaC-vir,Termitoidae,4.0,Insects,Insects  (not resolved to species),not species-resolved,Invertebrates,host_data,,
DeePaC-vir,Abutilon,3.0,Plants,Plants  (not resolved to species),not species-resolved,Plants,host_data,,
DeePaC-vir,Amoeba,3.0,Protists & oomycetes,Protists & oomycetes  (not resolved to species),not species-resolved,Protists & oomycetes,host_data,,
DeePaC-vir,Anas,3.0,Birds,Birds  (not resolved to species),not species-resolved,Non-mammalian vertebrates,host_data,,
DeePaC-vir,Anser,3.0,Birds,Birds  (not resolved to species),not species-resolved,Non-mammalian vertebrates,host_data,,
DeePaC-vir,Artibeus planirostris,3.0,Other mammals,Other mammals  (not resolved to species),not species-resolved,Mammals,host_data,Artibeus planirostris,
DeePaC-vir,Ateles,3.0,Other mammals,Other mammals  (not resolved to species),not species-resolved,Mammals,host_data,,
DeePaC-vir,Chlorella,3.0,Plants,Plants  (not resolved to species),not species-resolved,Plants,host_data,,
DeePaC-vir,Chrysopidae,3.0,Insects,Insects  (not resolved to species),not species-resolved,Invertebrates,host_data,,
DeePaC-vir,Cricetinae,3.0,Rodents,Rodents  (not resolved to species),not species-resolved,Mammals,host_data,,
DeePaC-vir,Culicoides,3.0,Insects,Insects  (not resolved to species),not species-resolved,Invertebrates,host_data,,
DeePaC-vir,Desmodium,3.0,Plants,Plants  (not resolved to species),not species-resolved,Plants,host_data,,
DeePaC-vir,Dioscorea,3.0,Plants,Plants  (not resolved to species),not species-resolved,Plants,host_data,,
DeePaC-vir,Elephas maximus,3.0,Other mammals,Other mammals  (not resolved to species),not species-resolved,Mammals,host_data,Elephas maximus,
DeePaC-vir,Eupatorium,3.0,Plants,Plants  (not resolved to species),not species-resolved,Plants,host_data,,
DeePaC-vir,Formicidae,3.0,Insects,Insects  (not resolved to species),not species-resolved,Invertebrates,host_data,,
DeePaC-vir,Fragaria,3.0,Plants,Plants  (not resolved to species),not species-resolved,Plants,host_data,,
DeePaC-vir,Hexapoda,3.0,Other invertebrates,Other invertebrates  (not resolved to species),not species-resolved,Invertebrates,host_data,,
DeePaC-vir,Hibiscus,3.0,Plants,Plants  (not resolved to species),not species-resolved,Plants,host_data,,
DeePaC-vir,Hippoboscidae,3.0,Insects,Insects  (not resolved to species),not species-resolved,Invertebrates,host_data,,
DeePaC-vir,Ischnura posita,3.0,Insects,Insects  (not resolved to species),not species-resolved,Invertebrates,host_data,Ischnura posita,
DeePaC-vir,Kobus ellipsiprymnus,3.0,Ungulates,Ungulates  (not resolved to species),not species-resolved,Mammals,host_data,Kobus ellipsiprymnus,
DeePaC-vir,Lepus americanus,3.0,Other mammals,Other mammals  (not resolved to species),not species-resolved,Mammals,host_data,Lepus americanus,
DeePaC-vir,Luffa,3.0,Plants,Plants  (not resolved to species),not species-resolved,Plants,host_data,,
DeePaC-vir,Macropodidae,3.0,Other/unresolved mammals,Other/unresolved mammals  (not resolved to species),not species-resolved,Mammals,host_data,,
DeePaC-vir,Miniopterus,3.0,Other mammals,Other mammals  (not resolved to species),not species-resolved,Mammals,host_data,,
DeePaC-vir,Morus,3.0,Plants,Plants  (not resolved to species),not species-resolved,Plants,host_data,,
DeePaC-vir,Musa,3.0,Plants,Plants  (not resolved to species),not species-resolved,Plants,host_data,,
DeePaC-vir,Nicotiana,3.0,Plants,Plants  (not resolved to species),not species-resolved,Plants,host_data,,
DeePaC-vir,Phlebotomus,3.0,Insects,Insects  (not resolved to species),not species-resolved,Invertebrates,host_data,,
DeePaC-vir,Phomopsis,3.0,Fungi,Fungi  (not resolved to species),not species-resolved,Fungi,host_data,,
DeePaC-vir,Praomys,3.0,Rodents,Rodents  (not resolved to species),not species-resolved,Mammals,host_data,,
DeePaC-vir,Pythium polare,3.0,Protists & oomycetes,Protists & oomycetes  (not resolved to species),not species-resolved,Protists & oomycetes,host_data,Pythium polare,
DeePaC-vir,Rhinolophus simulator,3.0,Other mammals,Other mammals  (not resolved to species),not species-resolved,Mammals,host_data,Rhinolophus simulator,
DeePaC-vir,Rhionaeschna multicolor,3.0,Insects,Insects  (not resolved to species),not species-resolved,Invertebrates,host_data,Rhionaeschna multicolor,
DeePaC-vir,Rhizophagus,3.0,Fungi,Fungi  (not resolved to species),not species-resolved,Fungi,host_data,,
DeePaC-vir,Simulium,3.0,Insects,Insects  (not resolved to species),not species-resolved,Invertebrates,host_data,,
DeePaC-vir,Suidae,3.0,Ungulates,Ungulates  (not resolved to species),not species-resolved,Mammals,host_data,,
DeePaC-vir,Adoxophyes honmai,2.0,Insects,Insects  (not resolved to species),not species-resolved,Invertebrates,host_data,Adoxophyes honmai,
DeePaC-vir,Ageratum,2.0,Plants,Plants  (not resolved to species),not species-resolved,Plants,host_data,,
DeePaC-vir,Akodon montensis,2.0,Other mammals,Other mammals  (not resolved to species),not species-resolved,Mammals,host_data,Akodon montensis,
DeePaC-vir,Aleyrodidae,2.0,Insects,Insects  (not resolved to species),not species-resolved,Invertebrates,host_data,,
DeePaC-vir,Allium,2.0,Plants,Plants  (not resolved to species),not species-resolved,Plants,host_data,,
DeePaC-vir,Ambystoma tigrinum,2.0,Amphibians,Amphibians  (not resolved to species),not species-resolved,Non-mammalian vertebrates,host_data,Ambystoma tigrinum,
DeePaC-vir,Andrias davidianus,2.0,Amphibians,Amphibians  (not resolved to species),not species-resolved,Non-mammalian vertebrates,host_data,Andrias davidianus,
DeePaC-vir,Anomura,2.0,Other invertebrates,Other invertebrates  (not resolved to species),not species-resolved,Invertebrates,host_data,,
DeePaC-vir,Anopheles,2.0,Insects,Insects  (not resolved to species),not species-resolved,Invertebrates,host_data,,
DeePaC-vir,Aphis,2.0,Insects,Insects  (not resolved to species),not species-resolved,Invertebrates,host_data,,
DeePaC-vir,Arachis,2.0,Plants,Plants  (not resolved to species),not species-resolved,Plants,host_data,,
DeePaC-vir,Araneae,2.0,Arachnids,Arachnids  (not resolved to species),not species-resolved,Invertebrates,host_data,,
DeePaC-vir,Ardeidae,2.0,Birds,Birds  (not resolved to species),not species-resolved,Non-mammalian vertebrates,host_data,,
DeePaC-vir,Asparagus,2.0,Plants,Plants  (not resolved to species),not species-resolved,Plants,host_data,,
DeePaC-vir,Bolomys lasiurus,2.0,Rodents,Rodents  (not resolved to species),not species-resolved,Mammals,host_data,Bolomys lasiurus,
DeePaC-vir,Bombyx mandarina,2.0,Insects,Insects  (not resolved to species),not species-resolved,Invertebrates,host_data,Bombyx mandarina,
DeePaC-vir,Brachiaria deflexa,2.0,Plants,Plants  (not resolved to species),not species-resolved,Plants,host_data,Brachiaria deflexa,
DeePaC-vir,Brassica,2.0,Plants,Plants  (not resolved to species),not species-resolved,Plants,host_data,,
DeePaC-vir,Brassicaceae,2.0,Plants,Plants  (not resolved to species),not species-resolved,Plants,host_data,,
DeePaC-vir,Bromus,2.0,Plants,Plants  (not resolved to species),not species-resolved,Plants,host_data,,
DeePaC-vir,Camelus,2.0,Ungulates,Ungulates  (not resolved to species),not species-resolved,Mammals,host_data,,
DeePaC-vir,Canna,2.0,Plants,Plants  (not resolved to species),not species-resolved,Plants,host_data,,
DeePaC-vir,Cervus,2.0,Ungulates,Ungulates  (not resolved to species),not species-resolved,Mammals,host_data,,
DeePaC-vir,Chaerephon,2.0,Bats,Bats  (not resolved to species),not species-resolved,Mammals,host_data,,
DeePaC-vir,Chlorella variabilis,2.0,Plants,Plants  (not resolved to species),not species-resolved,Plants,host_data,Chlorella variabilis,
DeePaC-vir,Chrysanthemum,2.0,Plants,Plants  (not resolved to species),not species-resolved,Plants,host_data,,
DeePaC-vir,Chrysodeixis includens,2.0,Insects,Insects  (not resolved to species),not species-resolved,Invertebrates,host_data,Chrysodeixis includens,
DeePaC-vir,Clerodendrum,2.0,Plants,Plants  (not resolved to species),not species-resolved,Plants,host_data,,
DeePaC-vir,Corvus monedula,2.0,Birds,Birds  (not resolved to species),not species-resolved,Non-mammalian vertebrates,host_data,Corvus monedula,
DeePaC-vir,Crustacea,2.0,Other invertebrates,Other invertebrates  (not resolved to species),not species-resolved,Invertebrates,host_data,,
DeePaC-vir,Cymbidium,2.0,Plants,Plants  (not resolved to species),not species-resolved,Plants,host_data,,
DeePaC-vir,Dermacentor,2.0,Arachnids,Arachnids  (not resolved to species),not species-resolved,Invertebrates,host_data,,
DeePaC-vir,Distimake quinquefolius,2.0,Plants,Plants  (not resolved to species),not species-resolved,Plants,host_data,Distimake quinquefolius,
DeePaC-vir,Euphorbia,2.0,Plants,Plants  (not resolved to species),not species-resolved,Plants,host_data,,
DeePaC-vir,Eustoma exaltatum subsp. russellianum,2.0,Plants,Plants  (not resolved to species),not species-resolved,Plants,host_data,Eustoma exaltatum,
DeePaC-vir,Ficus,2.0,Plants,Plants  (not resolved to species),not species-resolved,Plants,host_data,,
DeePaC-vir,Galleria mellonella,2.0,Insects,Insects  (not resolved to species),not species-resolved,Invertebrates,host_data,Galleria mellonella,
DeePaC-vir,Gopherus,2.0,Reptiles,Reptiles  (not resolved to species),not species-resolved,Non-mammalian vertebrates,host_data,,
DeePaC-vir,Heterocapsa circularisquama,2.0,Algae,Algae  (not resolved to species),not species-resolved,Algae,host_data,Heterocapsa circularisquama,
DeePaC-vir,Heterosigma akashiwo,2.0,Algae,Algae  (not resolved to species),not species-resolved,Algae,host_data,Heterosigma akashiwo,
DeePaC-vir,Impatiens,2.0,Plants,Plants  (not resolved to species),not species-resolved,Plants,host_data,,
DeePaC-vir,Iris,2.0,Plants,Plants  (not resolved to species),not species-resolved,Plants,host_data,,
DeePaC-vir,Ischnura ramburii,2.0,Insects,Insects  (not resolved to species),not species-resolved,Invertebrates,host_data,Ischnura ramburii,
DeePaC-vir,Jatropha,2.0,Plants,Plants  (not resolved to species),not species-resolved,Plants,host_data,,
DeePaC-vir,Lilium,2.0,Plants,Plants  (not resolved to species),not species-resolved,Plants,host_data,,
DeePaC-vir,Macroptilium,2.0,Plants,Plants  (not resolved to species),not species-resolved,Plants,host_data,,
DeePaC-vir,Malvastrum,2.0,Plants,Plants  (not resolved to species),not species-resolved,Plants,host_data,,
DeePaC-vir,Malvastrum americanum,2.0,Plants,Plants  (not resolved to species),not species-resolved,Plants,host_data,Malvastrum americanum,
DeePaC-vir,Melochia,2.0,Plants,Plants  (not resolved to species),not species-resolved,Plants,host_data,,
DeePaC-vir,Mentha,2.0,Plants,Plants  (not resolved to species),not species-resolved,Plants,host_data,,
DeePaC-vir,Mus terricolor,2.0,Rodents,Rodents  (not resolved to species),not species-resolved,Mammals,host_data,Mus terricolor,
DeePaC-vir,Musa ABB Group,2.0,Plants,Plants  (not resolved to species),not species-resolved,Plants,host_data,,
DeePaC-vir,Noctuidae,2.0,Insects,Insects  (not resolved to species),not species-resolved,Invertebrates,host_data,,
DeePaC-vir,Panicum,2.0,Plants,Plants  (not resolved to species),not species-resolved,Plants,host_data,,
DeePaC-vir,Pavonia,2.0,Plants,Plants  (not resolved to species),not species-resolved,Plants,host_data,,
DeePaC-vir,Penaeus duorarum,2.0,Other invertebrates,Other invertebrates  (not resolved to species),not species-resolved,Invertebrates,host_data,Penaeus duorarum,
DeePaC-vir,Petunia,2.0,Plants,Plants  (not resolved to species),not species-resolved,Plants,host_data,,
DeePaC-vir,Phocidae,2.0,Other mammals,Other mammals  (not resolved to species),not species-resolved,Mammals,host_data,,
DeePaC-vir,Plecotus auritus,2.0,Bats,Bats  (not resolved to species),not species-resolved,Mammals,host_data,Plecotus auritus,
DeePaC-vir,Primates,2.0,Non-human primates,Non-human primates  (not resolved to species),not species-resolved,Mammals,host_data,,
DeePaC-vir,Prunus,2.0,Plants,Plants  (not resolved to species),not species-resolved,Plants,host_data,,
DeePaC-vir,Rhizoctonia,2.0,Fungi,Fungi  (not resolved to species),not species-resolved,Fungi,host_data,,
DeePaC-vir,Rusa unicolor,2.0,Ungulates,Ungulates  (not resolved to species),not species-resolved,Mammals,host_data,Rusa unicolor,
DeePaC-vir,Saccharum,2.0,Plants,Plants  (not resolved to species),not species-resolved,Plants,host_data,,
DeePaC-vir,Sambucus,2.0,Plants,Plants  (not resolved to species),not species-resolved,Plants,host_data,,
DeePaC-vir,Schlumbergera,2.0,Plants,Plants  (not resolved to species),not species-resolved,Plants,host_data,,
DeePaC-vir,Sclerophthora macrospora,2.0,Protists & oomycetes,Protists & oomycetes  (not resolved to species),not species-resolved,Protists & oomycetes,host_data,Sclerophthora macrospora,
DeePaC-vir,Serinus,2.0,Birds,Birds  (not resolved to species),not species-resolved,Non-mammalian vertebrates,host_data,,
DeePaC-vir,Solanum,2.0,Plants,Plants  (not resolved to species),not species-resolved,Plants,host_data,,
DeePaC-vir,Spodoptera litura,2.0,Insects,Insects  (not resolved to species),not species-resolved,Invertebrates,host_data,Spodoptera litura,
DeePaC-vir,Sporobolus,2.0,Plants,Plants  (not resolved to species),not species-resolved,Plants,host_data,,
DeePaC-vir,Uranotaenia,2.0,Insects,Insects  (not resolved to species),not species-resolved,Invertebrates,host_data,,
DeePaC-vir,Ursus maritimus,2.0,Carnivores,Carnivores  (not resolved to species),not species-resolved,Mammals,host_data,Ursus maritimus,
DeePaC-vir,Verbena,2.0,Plants,Plants  (not resolved to species),not species-resolved,Plants,host_data,,
DeePaC-vir,Vermamoeba vermiformis,2.0,Protists & oomycetes,Protists & oomycetes  (not resolved to species),not species-resolved,Protists & oomycetes,host_data,Vermamoeba vermiformis,
DeePaC-vir,Abutilon permolle,1.0,Plants,Plants  (not resolved to species),not species-resolved,Plants,host_data,Abutilon permolle,
DeePaC-vir,Acanthamoeba,1.0,Protists & oomycetes,Protists & oomycetes  (not resolved to species),not species-resolved,Protists & oomycetes,host_data,,
DeePaC-vir,Acanthamoeba polyphaga mimivirus,1.0,Unknown host,Unknown host  (not resolved to species),not species-resolved,Unknown/Excluded,host_data,,
DeePaC-vir,Acharia,1.0,Insects,Insects  (not resolved to species),not species-resolved,Invertebrates,host_data,,
DeePaC-vir,Acheta,1.0,Insects,Insects  (not resolved to species),not species-resolved,Invertebrates,host_data,,
DeePaC-vir,Adelphocoris suturalis,1.0,Insects,Insects  (not resolved to species),not species-resolved,Invertebrates,host_data,Adelphocoris suturalis,
DeePaC-vir,Adoxophyes,1.0,Insects,Insects  (not resolved to species),not species-resolved,Invertebrates,host_data,,
DeePaC-vir,Aeonium,1.0,Plants,Plants  (not resolved to species),not species-resolved,Plants,host_data,,
DeePaC-vir,Agapanthus,1.0,Plants,Plants  (not resolved to species),not species-resolved,Plants,host_data,,
DeePaC-vir,Aiptasia,1.0,Other invertebrates,Other invertebrates  (not resolved to species),not species-resolved,Invertebrates,host_data,,
DeePaC-vir,Aizoaceae,1.0,Plants,Plants  (not resolved to species),not species-resolved,Plants,host_data,,
DeePaC-vir,Alcea,1.0,Plants,Plants  (not resolved to species),not species-resolved,Plants,host_data,,
DeePaC-vir,Alstroemeria,1.0,Plants,Plants  (not resolved to species),not species-resolved,Plants,host_data,,
DeePaC-vir,Amblyomma testudinarium,1.0,Insects,Insects  (not resolved to species),not species-resolved,Invertebrates,host_data,Amblyomma testudinarium,
DeePaC-vir,Ambystoma,1.0,Amphibians,Amphibians  (not resolved to species),not species-resolved,Non-mammalian vertebrates,host_data,,
DeePaC-vir,Ameiurus melas,1.0,Fish,Fish  (not resolved to species),not species-resolved,Non-mammalian vertebrates,host_data,Ameiurus melas,
DeePaC-vir,Anguilla japonica,1.0,Fish,Fish  (not resolved to species),not species-resolved,Non-mammalian vertebrates,host_data,Anguilla japonica,
DeePaC-vir,Angulus tenuis,1.0,Other invertebrates,Other invertebrates  (not resolved to species),not species-resolved,Invertebrates,host_data,Angulus tenuis,
DeePaC-vir,Anisoptera,1.0,Insects,Insects  (not resolved to species),not species-resolved,Invertebrates,host_data,,
DeePaC-vir,Anomala cuprea,1.0,Insects,Insects  (not resolved to species),not species-resolved,Invertebrates,host_data,Anomala cuprea,
DeePaC-vir,Anopheles maculipennis,1.0,Insects,Insects  (not resolved to species),not species-resolved,Invertebrates,host_data,Anopheles maculipennis,
DeePaC-vir,Anopheles minimus,1.0,Insects,Insects  (not resolved to species),not species-resolved,Invertebrates,host_data,Anopheles minimus,
DeePaC-vir,Antilocapra,1.0,Ungulates,Ungulates  (not resolved to species),not species-resolved,Mammals,host_data,,
DeePaC-vir,Aphis craccivora,1.0,Insects,Insects  (not resolved to species),not species-resolved,Invertebrates,host_data,Aphis craccivora,
DeePaC-vir,Apocheima,1.0,Insects,Insects  (not resolved to species),not species-resolved,Invertebrates,host_data,,
DeePaC-vir,Apteryx rowi,1.0,Birds,Birds  (not resolved to species),not species-resolved,Non-mammalian vertebrates,host_data,Apteryx rowi,
DeePaC-vir,Arctopus echinatus,1.0,Plants,Plants  (not resolved to species),not species-resolved,Plants,host_data,Arctopus echinatus,
DeePaC-vir,Areca,1.0,Plants,Plants  (not resolved to species),not species-resolved,Plants,host_data,,
DeePaC-vir,Artibeus,1.0,Bats,Bats  (not resolved to species),not species-resolved,Mammals,host_data,,
DeePaC-vir,Asterionellopsis glacialis,1.0,Algae,Algae  (not resolved to species),not species-resolved,Algae,host_data,Asterionellopsis glacialis,
DeePaC-vir,Asteroidea,1.0,Other invertebrates,Other invertebrates  (not resolved to species),not species-resolved,Invertebrates,host_data,,
DeePaC-vir,Ateles fusciceps,1.0,Non-human primates,Non-human primates  (not resolved to species),not species-resolved,Mammals,host_data,Ateles fusciceps,
DeePaC-vir,Atropa belladonna,1.0,Plants,Plants  (not resolved to species),not species-resolved,Plants,host_data,Atropa belladonna,
DeePaC-vir,Aureococcus anophagefferens,1.0,Algae,Algae  (not resolved to species),not species-resolved,Algae,host_data,Aureococcus anophagefferens,
DeePaC-vir,Azumapecten farreri,1.0,Other invertebrates,Other invertebrates  (not resolved to species),not species-resolved,Invertebrates,host_data,Azumapecten farreri,
DeePaC-vir,Bathycoccus,1.0,Plants,Plants  (not resolved to species),not species-resolved,Plants,host_data,,
DeePaC-vir,Bathycoccus prasinos RCC1105,1.0,Plants,Plants  (not resolved to species),not species-resolved,Plants,host_data,Bathycoccus prasinos,
DeePaC-vir,Betula,1.0,Plants,Plants  (not resolved to species),not species-resolved,Plants,host_data,,
DeePaC-vir,Biomphalaria,1.0,Other invertebrates,Other invertebrates  (not resolved to species),not species-resolved,Invertebrates,host_data,,
DeePaC-vir,Bison bonasus,1.0,Other mammals,Other mammals  (not resolved to species),not species-resolved,Mammals,host_data,Bison bonasus,
DeePaC-vir,Blechomonas luni,1.0,Protists & oomycetes,Protists & oomycetes  (not resolved to species),not species-resolved,Protists & oomycetes,host_data,Blechomonas luni,
DeePaC-vir,Blechomonas maslovi,1.0,Protists & oomycetes,Protists & oomycetes  (not resolved to species),not species-resolved,Protists & oomycetes,host_data,Blechomonas maslovi,
DeePaC-vir,Blechomonas wendygibsoni,1.0,Protists & oomycetes,Protists & oomycetes  (not resolved to species),not species-resolved,Protists & oomycetes,host_data,Blechomonas wendygibsoni,
DeePaC-vir,Boa imperator,1.0,Reptiles,Reptiles  (not resolved to species),not species-resolved,Non-mammalian vertebrates,host_data,Boa imperator,
DeePaC-vir,Boehmeria,1.0,Plants,Plants  (not resolved to species),not species-resolved,Plants,host_data,,
DeePaC-vir,Boehmeria nivea,1.0,Plants,Plants  (not resolved to species),not species-resolved,Plants,host_data,Boehmeria nivea,
DeePaC-vir,Boerhavia coccinea,1.0,Plants,Plants  (not resolved to species),not species-resolved,Plants,host_data,Boerhavia coccinea,
DeePaC-vir,Bolomys,1.0,Rodents,Rodents  (not resolved to species),not species-resolved,Mammals,host_data,,
DeePaC-vir,Bombus cryptarum,1.0,Insects,Insects  (not resolved to species),not species-resolved,Invertebrates,host_data,Bombus cryptarum,
DeePaC-vir,Botrytis,1.0,Fungi,Fungi  (not resolved to species),not species-resolved,Fungi,host_data,,
DeePaC-vir,Brugmansia,1.0,Plants,Plants  (not resolved to species),not species-resolved,Plants,host_data,,
DeePaC-vir,Bufo bufo,1.0,Amphibians,Amphibians  (not resolved to species),not species-resolved,Non-mammalian vertebrates,host_data,Bufo bufo,
DeePaC-vir,Cabassous,1.0,Other mammals,Other mammals  (not resolved to species),not species-resolved,Mammals,host_data,,
DeePaC-vir,Calanoida,1.0,Other invertebrates,Other invertebrates  (not resolved to species),not species-resolved,Invertebrates,host_data,,
DeePaC-vir,Callithrix,1.0,Non-human primates,Non-human primates  (not resolved to species),not species-resolved,Mammals,host_data,,
DeePaC-vir,Caluromys,1.0,Other mammals,Other mammals  (not resolved to species),not species-resolved,Mammals,host_data,,
DeePaC-vir,Camellia,1.0,Plants,Plants  (not resolved to species),not species-resolved,Plants,host_data,,
DeePaC-vir,Camponotus,1.0,Insects,Insects  (not resolved to species),not species-resolved,Invertebrates,host_data,,
DeePaC-vir,Caprifoliaceae,1.0,Plants,Plants  (not resolved to species),not species-resolved,Plants,host_data,,
DeePaC-vir,Cercopithecidae,1.0,Non-human primates,Non-human primates  (not resolved to species),not species-resolved,Mammals,host_data,,
DeePaC-vir,Cercopithecinae,1.0,Non-human primates,Non-human primates  (not resolved to species),not species-resolved,Mammals,host_data,,
DeePaC-vir,Cervus canadensis canadensis,1.0,Ungulates,Ungulates  (not resolved to species),not species-resolved,Mammals,host_data,Cervus canadensis,
DeePaC-vir,Chaetoceros,1.0,Algae,Algae  (not resolved to species),not species-resolved,Algae,host_data,,
DeePaC-vir,Chaetoceros salsugineus,1.0,Algae,Algae  (not resolved to species),not species-resolved,Algae,host_data,Chaetoceros salsugineus,
DeePaC-vir,Chaetoceros setoense,1.0,Algae,Algae  (not resolved to species),not species-resolved,Algae,host_data,Chaetoceros setoense,
DeePaC-vir,Chaetoceros socialis,1.0,Algae,Algae  (not resolved to species),not species-resolved,Algae,host_data,Chaetoceros socialis,
DeePaC-vir,Chaetosiphon fragaefolii,1.0,Insects,Insects  (not resolved to species),not species-resolved,Invertebrates,host_data,Chaetosiphon fragaefolii,
DeePaC-vir,Chaoborus,1.0,Insects,Insects  (not resolved to species),not species-resolved,Invertebrates,host_data,,
DeePaC-vir,Chelonus inanitus,1.0,Insects,Insects  (not resolved to species),not species-resolved,Invertebrates,host_data,Chelonus inanitus,
DeePaC-vir,Chironomus thummi,1.0,Insects,Insects  (not resolved to species),not species-resolved,Invertebrates,host_data,Chironomus thummi,
DeePaC-vir,Chloephaga,1.0,Birds,Birds  (not resolved to species),not species-resolved,Non-mammalian vertebrates,host_data,,
DeePaC-vir,Chlorella heliozoae,1.0,Plants,Plants  (not resolved to species),not species-resolved,Plants,host_data,Chlorella heliozoae,
DeePaC-vir,Chlorocebus,1.0,Non-human primates,Non-human primates  (not resolved to species),not species-resolved,Mammals,host_data,,
DeePaC-vir,Chrysodeixis chalcites,1.0,Insects,Insects  (not resolved to species),not species-resolved,Invertebrates,host_data,Chrysodeixis chalcites,
DeePaC-vir,Chrysotila carterae,1.0,Algae,Algae  (not resolved to species),not species-resolved,Algae,host_data,Chrysotila carterae,
DeePaC-vir,Citrullus,1.0,Plants,Plants  (not resolved to species),not species-resolved,Plants,host_data,,
DeePaC-vir,Clematis,1.0,Plants,Plants  (not resolved to species),not species-resolved,Plants,host_data,,
DeePaC-vir,Cleome,1.0,Plants,Plants  (not resolved to species),not species-resolved,Plants,host_data,,
DeePaC-vir,Cleome droserifolia,1.0,Plants,Plants  (not resolved to species),not species-resolved,Plants,host_data,Cleome droserifolia,
DeePaC-vir,Clerodendrum thomsoniae,1.0,Plants,Plants  (not resolved to species),not species-resolved,Plants,host_data,Clerodendrum thomsoniae,
DeePaC-vir,Clitoria,1.0,Plants,Plants  (not resolved to species),not species-resolved,Plants,host_data,,
DeePaC-vir,Cnaphalocrocis medinalis,1.0,Insects,Insects  (not resolved to species),not species-resolved,Invertebrates,host_data,Cnaphalocrocis medinalis,
DeePaC-vir,Cocos nucifera,1.0,Plants,Plants  (not resolved to species),not species-resolved,Plants,host_data,Cocos nucifera,
DeePaC-vir,Coffea,1.0,Plants,Plants  (not resolved to species),not species-resolved,Plants,host_data,,
DeePaC-vir,Commelina,1.0,Plants,Plants  (not resolved to species),not species-resolved,Plants,host_data,,
DeePaC-vir,Condylorrhiza vestigialis,1.0,Insects,Insects  (not resolved to species),not species-resolved,Invertebrates,host_data,Condylorrhiza vestigialis,
DeePaC-vir,Conocephalus,1.0,Insects,Insects  (not resolved to species),not species-resolved,Invertebrates,host_data,,
DeePaC-vir,Corvidae,1.0,Birds,Birds  (not resolved to species),not species-resolved,Non-mammalian vertebrates,host_data,,
DeePaC-vir,Cotesia congregata,1.0,Insects,Insects  (not resolved to species),not species-resolved,Invertebrates,host_data,Cotesia congregata,
DeePaC-vir,Cotesia vestalis,1.0,Insects,Insects  (not resolved to species),not species-resolved,Invertebrates,host_data,Cotesia vestalis,
DeePaC-vir,Crassostrea gigas,1.0,Other invertebrates,Other invertebrates  (not resolved to species),not species-resolved,Invertebrates,host_data,Crassostrea gigas,
DeePaC-vir,Crocidura,1.0,Other mammals,Other mammals  (not resolved to species),not species-resolved,Mammals,host_data,,
DeePaC-vir,Crocidura luna,1.0,Other mammals,Other mammals  (not resolved to species),not species-resolved,Mammals,host_data,Crocidura luna,
DeePaC-vir,Crocodylus niloticus,1.0,Reptiles,Reptiles  (not resolved to species),not species-resolved,Non-mammalian vertebrates,host_data,Crocodylus niloticus,
DeePaC-vir,Crocuta crocuta,1.0,Other mammals,Other mammals  (not resolved to species),not species-resolved,Mammals,host_data,Crocuta crocuta,
DeePaC-vir,Croton,1.0,Plants,Plants  (not resolved to species),not species-resolved,Plants,host_data,,
DeePaC-vir,Cryphonectria,1.0,Fungi,Fungi  (not resolved to species),not species-resolved,Fungi,host_data,,
DeePaC-vir,Cryptosporidium parvum,1.0,Protists & oomycetes,Protists & oomycetes  (not resolved to species),not species-resolved,Protists & oomycetes,host_data,Cryptosporidium parvum,
DeePaC-vir,Culicinae,1.0,Insects,Insects  (not resolved to species),not species-resolved,Invertebrates,host_data,,
DeePaC-vir,Culicoides peregrinus,1.0,Insects,Insects  (not resolved to species),not species-resolved,Invertebrates,host_data,Culicoides peregrinus,
DeePaC-vir,Cyanthillium cinereum,1.0,Plants,Plants  (not resolved to species),not species-resolved,Plants,host_data,Cyanthillium cinereum,
DeePaC-vir,Cybaeus,1.0,Arachnids,Arachnids  (not resolved to species),not species-resolved,Invertebrates,host_data,,
DeePaC-vir,Cycadopsida,1.0,Plants,Plants  (not resolved to species),not species-resolved,Plants,host_data,,
DeePaC-vir,Daboia russelii,1.0,Reptiles,Reptiles  (not resolved to species),not species-resolved,Non-mammalian vertebrates,host_data,Daboia russelii,
DeePaC-vir,Dahlia,1.0,Plants,Plants  (not resolved to species),not species-resolved,Plants,host_data,,
DeePaC-vir,Dalechampia,1.0,Plants,Plants  (not resolved to species),not species-resolved,Plants,host_data,,
DeePaC-vir,Delphinium,1.0,Plants,Plants  (not resolved to species),not species-resolved,Plants,host_data,,
DeePaC-vir,Dendroctonus brevicomis,1.0,Insects,Insects  (not resolved to species),not species-resolved,Invertebrates,host_data,Dendroctonus brevicomis,
DeePaC-vir,Dendroctonus ponderosae,1.0,Insects,Insects  (not resolved to species),not species-resolved,Invertebrates,host_data,Dendroctonus ponderosae,
DeePaC-vir,Diadegma fenestrale,1.0,Insects,Insects  (not resolved to species),not species-resolved,Invertebrates,host_data,Diadegma fenestrale,
DeePaC-vir,Diaporthe ambigua,1.0,Fungi,Fungi  (not resolved to species),not species-resolved,Fungi,host_data,Diaporthe ambigua,
DeePaC-vir,Diascia,1.0,Plants,Plants  (not resolved to species),not species-resolved,Plants,host_data,,
DeePaC-vir,Dichopogon,1.0,Plants,Plants  (not resolved to species),not species-resolved,Plants,host_data,,
DeePaC-vir,Dicliptera,1.0,Plants,Plants  (not resolved to species),not species-resolved,Plants,host_data,,
DeePaC-vir,Didemnum sp.,1.0,Unresolved vertebrates,Unresolved vertebrates  (not resolved to species),not species-resolved,Non-mammalian vertebrates,host_data,,
DeePaC-vir,Diodia,1.0,Plants,Plants  (not resolved to species),not species-resolved,Plants,host_data,,
DeePaC-vir,Diopsittaca nobilis,1.0,Birds,Birds  (not resolved to species),not species-resolved,Non-mammalian vertebrates,host_data,Diopsittaca nobilis,
DeePaC-vir,Diplopoda,1.0,Other invertebrates,Other invertebrates  (not resolved to species),not species-resolved,Invertebrates,host_data,,
DeePaC-vir,Dipseliopoda,1.0,Insects,Insects  (not resolved to species),not species-resolved,Invertebrates,host_data,,
DeePaC-vir,Diuris,1.0,Plants,Plants  (not resolved to species),not species-resolved,Plants,host_data,,
DeePaC-vir,Diuris corymbosa,1.0,Plants,Plants  (not resolved to species),not species-resolved,Plants,host_data,Diuris corymbosa,
DeePaC-vir,Dolichos,1.0,Plants,Plants  (not resolved to species),not species-resolved,Plants,host_data,,
DeePaC-vir,Drosophila innubila,1.0,Insects,Insects  (not resolved to species),not species-resolved,Invertebrates,host_data,Drosophila innubila,
DeePaC-vir,Dunaliella viridis,1.0,Plants,Plants  (not resolved to species),not species-resolved,Plants,host_data,Dunaliella viridis,
DeePaC-vir,Echinochloa,1.0,Plants,Plants  (not resolved to species),not species-resolved,Plants,host_data,,
DeePaC-vir,Ectocarpus siliculosus,1.0,Algae,Algae  (not resolved to species),not species-resolved,Algae,host_data,Ectocarpus siliculosus,
DeePaC-vir,Eimeria brunetti,1.0,Protists & oomycetes,Protists & oomycetes  (not resolved to species),not species-resolved,Protists & oomycetes,host_data,Eimeria brunetti,
DeePaC-vir,Eimeria stiedai,1.0,Protists & oomycetes,Protists & oomycetes  (not resolved to species),not species-resolved,Protists & oomycetes,host_data,Eimeria stiedai,
DeePaC-vir,Elapsoidea,1.0,Reptiles,Reptiles  (not resolved to species),not species-resolved,Non-mammalian vertebrates,host_data,,
DeePaC-vir,Elephantidae,1.0,Other mammals,Other mammals  (not resolved to species),not species-resolved,Mammals,host_data,,
DeePaC-vir,Elliptio complanata,1.0,Other invertebrates,Other invertebrates  (not resolved to species),not species-resolved,Invertebrates,host_data,Elliptio complanata,
DeePaC-vir,Emiliania huxleyi,1.0,Algae,Algae  (not resolved to species),not species-resolved,Algae,host_data,Emiliania huxleyi,
DeePaC-vir,Ensifera,1.0,Insects,Insects  (not resolved to species),not species-resolved,Invertebrates,host_data,,
DeePaC-vir,Ensis minor,1.0,Other invertebrates,Other invertebrates  (not resolved to species),not species-resolved,Invertebrates,host_data,Ensis minor,
DeePaC-vir,Epinephelus awoara,1.0,Fish,Fish  (not resolved to species),not species-resolved,Non-mammalian vertebrates,host_data,Epinephelus awoara,
DeePaC-vir,Epinephelus coioides,1.0,Fish,Fish  (not resolved to species),not species-resolved,Non-mammalian vertebrates,host_data,Epinephelus coioides,
DeePaC-vir,Epinephelus tauvina,1.0,Fish,Fish  (not resolved to species),not species-resolved,Non-mammalian vertebrates,host_data,Epinephelus tauvina,
DeePaC-vir,Epinotia aporema,1.0,Insects,Insects  (not resolved to species),not species-resolved,Invertebrates,host_data,Epinotia aporema,
DeePaC-vir,Epomophorus,1.0,Bats,Bats  (not resolved to species),not species-resolved,Mammals,host_data,,
DeePaC-vir,Equidae,1.0,Other mammals,Other mammals  (not resolved to species),not species-resolved,Mammals,host_data,,
DeePaC-vir,Equus,1.0,Other mammals,Other mammals  (not resolved to species),not species-resolved,Mammals,host_data,,
DeePaC-vir,Erechtites valerianifolius,1.0,Plants,Plants  (not resolved to species),not species-resolved,Plants,host_data,Erechtites valerianifolius,
DeePaC-vir,Erinaceidae,1.0,Other mammals,Other mammals  (not resolved to species),not species-resolved,Mammals,host_data,,
DeePaC-vir,Eriophyes pyri,1.0,Arachnids,Arachnids  (not resolved to species),not species-resolved,Invertebrates,host_data,Eriophyes pyri,
DeePaC-vir,Erysimum,1.0,Plants,Plants  (not resolved to species),not species-resolved,Plants,host_data,,
DeePaC-vir,Erythrura gouldiae,1.0,Birds,Birds  (not resolved to species),not species-resolved,Non-mammalian vertebrates,host_data,Erythrura gouldiae,
DeePaC-vir,Esocidae,1.0,Fish,Fish  (not resolved to species),not species-resolved,Non-mammalian vertebrates,host_data,,
DeePaC-vir,Eunectes murinus,1.0,Reptiles,Reptiles  (not resolved to species),not species-resolved,Non-mammalian vertebrates,host_data,Eunectes murinus,
DeePaC-vir,Euprosterna,1.0,Insects,Insects  (not resolved to species),not species-resolved,Invertebrates,host_data,,
DeePaC-vir,Eurycotis floridana,1.0,Insects,Insects  (not resolved to species),not species-resolved,Invertebrates,host_data,Eurycotis floridana,
DeePaC-vir,Exomis microphylla,1.0,Plants,Plants  (not resolved to species),not species-resolved,Plants,host_data,Exomis microphylla,
DeePaC-vir,Fabaceae,1.0,Plants,Plants  (not resolved to species),not species-resolved,Plants,host_data,,
DeePaC-vir,Falco mexicanus,1.0,Birds,Birds  (not resolved to species),not species-resolved,Non-mammalian vertebrates,host_data,Falco mexicanus,
DeePaC-vir,Feldmannia,1.0,Algae,Algae  (not resolved to species),not species-resolved,Algae,host_data,,
DeePaC-vir,Francolinus leucoscepus,1.0,Birds,Birds  (not resolved to species),not species-resolved,Non-mammalian vertebrates,host_data,Francolinus leucoscepus,
DeePaC-vir,Freesia,1.0,Plants,Plants  (not resolved to species),not species-resolved,Plants,host_data,,
DeePaC-vir,Fringilla coelebs,1.0,Birds,Birds  (not resolved to species),not species-resolved,Non-mammalian vertebrates,host_data,Fringilla coelebs,
DeePaC-vir,Furcraea,1.0,Plants,Plants  (not resolved to species),not species-resolved,Plants,host_data,,
DeePaC-vir,Gammarus sp.,1.0,Other invertebrates,Other invertebrates  (not resolved to species),not species-resolved,Invertebrates,host_data,,
DeePaC-vir,Gastropoda,1.0,Other invertebrates,Other invertebrates  (not resolved to species),not species-resolved,Invertebrates,host_data,,
DeePaC-vir,Geometridae,1.0,Insects,Insects  (not resolved to species),not species-resolved,Invertebrates,host_data,,
DeePaC-vir,Giardia,1.0,Protists & oomycetes,Protists & oomycetes  (not resolved to species),not species-resolved,Protists & oomycetes,host_data,,
DeePaC-vir,Giardia intestinalis,1.0,Protists & oomycetes,Protists & oomycetes  (not resolved to species),not species-resolved,Protists & oomycetes,host_data,Giardia intestinalis,
DeePaC-vir,Glis glis,1.0,Other mammals,Other mammals  (not resolved to species),not species-resolved,Mammals,host_data,Glis glis,
DeePaC-vir,Glossina,1.0,Insects,Insects  (not resolved to species),not species-resolved,Invertebrates,host_data,,
DeePaC-vir,Glyptapanteles flavicoxis,1.0,Insects,Insects  (not resolved to species),not species-resolved,Invertebrates,host_data,Glyptapanteles flavicoxis,
DeePaC-vir,Gompholobium,1.0,Plants,Plants  (not resolved to species),not species-resolved,Plants,host_data,,
DeePaC-vir,Gorilla,1.0,Non-human primates,Non-human primates  (not resolved to species),not species-resolved,Mammals,host_data,,
DeePaC-vir,Gossypium lobatum,1.0,Plants,Plants  (not resolved to species),not species-resolved,Plants,host_data,Gossypium lobatum,
DeePaC-vir,Gryllus bimaculatus,1.0,Insects,Insects  (not resolved to species),not species-resolved,Invertebrates,host_data,Gryllus bimaculatus,
DeePaC-vir,Haemagogus,1.0,Insects,Insects  (not resolved to species),not species-resolved,Invertebrates,host_data,,
DeePaC-vir,Haemaphysalis,1.0,Arachnids,Arachnids  (not resolved to species),not species-resolved,Invertebrates,host_data,,
DeePaC-vir,Haemaphysalis spinigera,1.0,Insects,Insects  (not resolved to species),not species-resolved,Invertebrates,host_data,Haemaphysalis spinigera,
DeePaC-vir,Haemorhous mexicanus,1.0,Birds,Birds  (not resolved to species),not species-resolved,Non-mammalian vertebrates,host_data,Haemorhous mexicanus,
DeePaC-vir,Haemulon sciurus,1.0,Fish,Fish  (not resolved to species),not species-resolved,Non-mammalian vertebrates,host_data,Haemulon sciurus,
DeePaC-vir,Haliotidae,1.0,Other invertebrates,Other invertebrates  (not resolved to species),not species-resolved,Invertebrates,host_data,,
DeePaC-vir,Haptolina ericina,1.0,Algae,Algae  (not resolved to species),not species-resolved,Algae,host_data,Haptolina ericina,
DeePaC-vir,Helianthus,1.0,Plants,Plants  (not resolved to species),not species-resolved,Plants,host_data,,
DeePaC-vir,Heliothis virescens,1.0,Insects,Insects  (not resolved to species),not species-resolved,Invertebrates,host_data,Heliothis virescens,
DeePaC-vir,Hemileuca,1.0,Insects,Insects  (not resolved to species),not species-resolved,Invertebrates,host_data,,
DeePaC-vir,Hepialidae,1.0,Insects,Insects  (not resolved to species),not species-resolved,Invertebrates,host_data,,
DeePaC-vir,Hippeastrum,1.0,Plants,Plants  (not resolved to species),not species-resolved,Plants,host_data,,
DeePaC-vir,Hipposideros jonesi,1.0,Bats,Bats  (not resolved to species),not species-resolved,Mammals,host_data,Hipposideros jonesi,
DeePaC-vir,Hippotragus niger,1.0,Ungulates,Ungulates  (not resolved to species),not species-resolved,Mammals,host_data,Hippotragus niger,
DeePaC-vir,Holcus lanatus,1.0,Plants,Plants  (not resolved to species),not species-resolved,Plants,host_data,Holcus lanatus,
DeePaC-vir,Hoplobatrachus tigerinus,1.0,Amphibians,Amphibians  (not resolved to species),not species-resolved,Non-mammalian vertebrates,host_data,Hoplobatrachus tigerinus,
DeePaC-vir,Hosta,1.0,Plants,Plants  (not resolved to species),not species-resolved,Plants,host_data,,
DeePaC-vir,Hydrangea,1.0,Plants,Plants  (not resolved to species),not species-resolved,Plants,host_data,,
DeePaC-vir,Hydrobates homochroa,1.0,Birds,Birds  (not resolved to species),not species-resolved,Non-mammalian vertebrates,host_data,Hydrobates homochroa,
DeePaC-vir,Hylobatidae,1.0,Other mammals,Other mammals  (not resolved to species),not species-resolved,Mammals,host_data,,
DeePaC-vir,Hylocereus,1.0,Plants,Plants  (not resolved to species),not species-resolved,Plants,host_data,,
DeePaC-vir,Hypericum japonicum,1.0,Plants,Plants  (not resolved to species),not species-resolved,Plants,host_data,Hypericum japonicum,
DeePaC-vir,Hyporthodus septemfasciatus,1.0,Fish,Fish  (not resolved to species),not species-resolved,Non-mammalian vertebrates,host_data,Hyporthodus septemfasciatus,
DeePaC-vir,Ictaluridae,1.0,Fish,Fish  (not resolved to species),not species-resolved,Non-mammalian vertebrates,host_data,,
DeePaC-vir,Iguana,1.0,Reptiles,Reptiles  (not resolved to species),not species-resolved,Non-mammalian vertebrates,host_data,,
DeePaC-vir,Inachis io,1.0,Insects,Insects  (not resolved to species),not species-resolved,Invertebrates,host_data,Inachis io,
DeePaC-vir,Ipomoea,1.0,Plants,Plants  (not resolved to species),not species-resolved,Plants,host_data,,
DeePaC-vir,Ixodes,1.0,Insects,Insects  (not resolved to species),not species-resolved,Invertebrates,host_data,,
DeePaC-vir,Ixodes redikorzevi,1.0,Arachnids,Arachnids  (not resolved to species),not species-resolved,Invertebrates,host_data,Ixodes redikorzevi,
DeePaC-vir,Jacquemontia,1.0,Plants,Plants  (not resolved to species),not species-resolved,Plants,host_data,,
DeePaC-vir,Jacquemontia pentanthos,1.0,Plants,Plants  (not resolved to species),not species-resolved,Plants,host_data,Jacquemontia pentanthos,
DeePaC-vir,Jasminum,1.0,Plants,Plants  (not resolved to species),not species-resolved,Plants,host_data,,
DeePaC-vir,Juncus maritimus,1.0,Plants,Plants  (not resolved to species),not species-resolved,Plants,host_data,Juncus maritimus,
DeePaC-vir,Lacanobia oleracea,1.0,Insects,Insects  (not resolved to species),not species-resolved,Invertebrates,host_data,Lacanobia oleracea,
DeePaC-vir,Lagothrix,1.0,Non-human primates,Non-human primates  (not resolved to species),not species-resolved,Mammals,host_data,,
DeePaC-vir,Lamiaceae,1.0,Plants,Plants  (not resolved to species),not species-resolved,Plants,host_data,,
DeePaC-vir,Laodelphax,1.0,Insects,Insects  (not resolved to species),not species-resolved,Invertebrates,host_data,,
DeePaC-vir,Laridae,1.0,Birds,Birds  (not resolved to species),not species-resolved,Non-mammalian vertebrates,host_data,,
DeePaC-vir,Larimichthys crocea,1.0,Fish,Fish  (not resolved to species),not species-resolved,Non-mammalian vertebrates,host_data,Larimichthys crocea,
DeePaC-vir,Leishmania braziliensis guyanensis,1.0,Protists & oomycetes,Protists & oomycetes  (not resolved to species),not species-resolved,Protists & oomycetes,host_data,Leishmania braziliensis,
DeePaC-vir,Leptomonas seymouri,1.0,Protists & oomycetes,Protists & oomycetes  (not resolved to species),not species-resolved,Protists & oomycetes,host_data,Leptomonas seymouri,
DeePaC-vir,Limacodidae,1.0,Insects,Insects  (not resolved to species),not species-resolved,Invertebrates,host_data,,
DeePaC-vir,Limeum africanum,1.0,Plants,Plants  (not resolved to species),not species-resolved,Plants,host_data,Limeum africanum,
DeePaC-vir,Limnodynastes ornatus,1.0,Amphibians,Amphibians  (not resolved to species),not species-resolved,Non-mammalian vertebrates,host_data,Limnodynastes ornatus,
DeePaC-vir,Limonium,1.0,Plants,Plants  (not resolved to species),not species-resolved,Plants,host_data,,
DeePaC-vir,Littorina sp.,1.0,Other invertebrates,Other invertebrates  (not resolved to species),not species-resolved,Invertebrates,host_data,,
DeePaC-vir,Locusta migratoria,1.0,Insects,Insects  (not resolved to species),not species-resolved,Invertebrates,host_data,Locusta migratoria,
DeePaC-vir,Lonchura maja,1.0,Birds,Birds  (not resolved to species),not species-resolved,Non-mammalian vertebrates,host_data,Lonchura maja,
DeePaC-vir,Lupinus,1.0,Plants,Plants  (not resolved to species),not species-resolved,Plants,host_data,,
DeePaC-vir,Lychnis,1.0,Plants,Plants  (not resolved to species),not species-resolved,Plants,host_data,,
DeePaC-vir,Lycianthes biflora,1.0,Plants,Plants  (not resolved to species),not species-resolved,Plants,host_data,Lycianthes biflora,
DeePaC-vir,Malachra capitata,1.0,Plants,Plants  (not resolved to species),not species-resolved,Plants,host_data,Malachra capitata,
DeePaC-vir,Malacosoma disstria,1.0,Insects,Insects  (not resolved to species),not species-resolved,Invertebrates,host_data,Malacosoma disstria,
DeePaC-vir,Malus,1.0,Plants,Plants  (not resolved to species),not species-resolved,Plants,host_data,,
DeePaC-vir,Mammalia,1.0,Unresolved vertebrates,Unresolved vertebrates  (not resolved to species),not species-resolved,Non-mammalian vertebrates,host_data,,
DeePaC-vir,Mandevilla,1.0,Plants,Plants  (not resolved to species),not species-resolved,Plants,host_data,,
DeePaC-vir,Marmota monax,1.0,Other mammals,Other mammals  (not resolved to species),not species-resolved,Mammals,host_data,Marmota monax,
DeePaC-vir,Martes martes,1.0,Carnivores,Carnivores  (not resolved to species),not species-resolved,Mammals,host_data,Martes martes,
DeePaC-vir,Mastomys coucha,1.0,Other mammals,Other mammals  (not resolved to species),not species-resolved,Mammals,host_data,Mastomys coucha,
DeePaC-vir,Melanoplus sanguinipes,1.0,Insects,Insects  (not resolved to species),not species-resolved,Invertebrates,host_data,Melanoplus sanguinipes,
DeePaC-vir,Melilotus,1.0,Plants,Plants  (not resolved to species),not species-resolved,Plants,host_data,,
DeePaC-vir,Metatheria,1.0,Unresolved vertebrates,Unresolved vertebrates  (not resolved to species),not species-resolved,Non-mammalian vertebrates,host_data,,
DeePaC-vir,Micractinium conductrix,1.0,Plants,Plants  (not resolved to species),not species-resolved,Plants,host_data,Micractinium conductrix,
DeePaC-vir,Mirabilis,1.0,Plants,Plants  (not resolved to species),not species-resolved,Plants,host_data,,
DeePaC-vir,Miscanthus sacchariflorus,1.0,Plants,Plants  (not resolved to species),not species-resolved,Plants,host_data,Miscanthus sacchariflorus,
DeePaC-vir,Mizuhopecten yessoensis,1.0,Other invertebrates,Other invertebrates  (not resolved to species),not species-resolved,Invertebrates,host_data,Mizuhopecten yessoensis,
DeePaC-vir,Mocis,1.0,Insects,Insects  (not resolved to species),not species-resolved,Invertebrates,host_data,,
DeePaC-vir,Mucuna,1.0,Plants,Plants  (not resolved to species),not species-resolved,Plants,host_data,,
DeePaC-vir,Mucuna pruriens var. utilis,1.0,Plants,Plants  (not resolved to species),not species-resolved,Plants,host_data,Mucuna pruriens,
DeePaC-vir,Mustela,1.0,Carnivores,Carnivores  (not resolved to species),not species-resolved,Mammals,host_data,,
DeePaC-vir,Myocastor coypus,1.0,Other mammals,Other mammals  (not resolved to species),not species-resolved,Mammals,host_data,Myocastor coypus,
DeePaC-vir,Myotis,1.0,Bats,Bats  (not resolved to species),not species-resolved,Mammals,host_data,,
DeePaC-vir,Mythimna separata,1.0,Insects,Insects  (not resolved to species),not species-resolved,Invertebrates,host_data,Mythimna separata,
DeePaC-vir,Mytilus sp.,1.0,Other invertebrates,Other invertebrates  (not resolved to species),not species-resolved,Invertebrates,host_data,,
DeePaC-vir,Myzus persicae,1.0,Insects,Insects  (not resolved to species),not species-resolved,Invertebrates,host_data,Myzus persicae,
DeePaC-vir,Nandina,1.0,Plants,Plants  (not resolved to species),not species-resolved,Plants,host_data,,
DeePaC-vir,Narcissus,1.0,Plants,Plants  (not resolved to species),not species-resolved,Plants,host_data,,
DeePaC-vir,Nasua nasua,1.0,Carnivores,Carnivores  (not resolved to species),not species-resolved,Mammals,host_data,Nasua nasua,
DeePaC-vir,Neacomys guianae,1.0,Rodents,Rodents  (not resolved to species),not species-resolved,Mammals,host_data,Neacomys guianae,
DeePaC-vir,Neoaliturus tenellus,1.0,Insects,Insects  (not resolved to species),not species-resolved,Invertebrates,host_data,Neoaliturus tenellus,
DeePaC-vir,Neodiprion lecontei,1.0,Insects,Insects  (not resolved to species),not species-resolved,Invertebrates,host_data,Neodiprion lecontei,
DeePaC-vir,Neotoma,1.0,Rodents,Rodents  (not resolved to species),not species-resolved,Mammals,host_data,,
DeePaC-vir,Numididae,1.0,Birds,Birds  (not resolved to species),not species-resolved,Non-mammalian vertebrates,host_data,,
DeePaC-vir,Ochlerotatus,1.0,Insects,Insects  (not resolved to species),not species-resolved,Invertebrates,host_data,,
DeePaC-vir,Ochlerotatus harrisoni,1.0,Insects,Insects  (not resolved to species),not species-resolved,Invertebrates,host_data,Ochlerotatus harrisoni,
DeePaC-vir,Onagraceae,1.0,Plants,Plants  (not resolved to species),not species-resolved,Plants,host_data,,
DeePaC-vir,Oncorhynchus clarkii,1.0,Fish,Fish  (not resolved to species),not species-resolved,Non-mammalian vertebrates,host_data,Oncorhynchus clarkii,
DeePaC-vir,Oniscidea,1.0,Other invertebrates,Other invertebrates  (not resolved to species),not species-resolved,Invertebrates,host_data,,
DeePaC-vir,Ononis,1.0,Plants,Plants  (not resolved to species),not species-resolved,Plants,host_data,,
DeePaC-vir,Orgyia leucostigma,1.0,Insects,Insects  (not resolved to species),not species-resolved,Invertebrates,host_data,Orgyia leucostigma,
DeePaC-vir,Ornithodoros maritimus,1.0,Arachnids,Arachnids  (not resolved to species),not species-resolved,Invertebrates,host_data,Ornithodoros maritimus,
DeePaC-vir,Ornithogalum,1.0,Plants,Plants  (not resolved to species),not species-resolved,Plants,host_data,,
DeePaC-vir,Orthetrum sabina,1.0,Insects,Insects  (not resolved to species),not species-resolved,Invertebrates,host_data,Orthetrum sabina,
DeePaC-vir,Osedax japonicus,1.0,Other invertebrates,Other invertebrates  (not resolved to species),not species-resolved,Invertebrates,host_data,Osedax japonicus,
DeePaC-vir,Osmeridae,1.0,Fish,Fish  (not resolved to species),not species-resolved,Non-mammalian vertebrates,host_data,,
DeePaC-vir,Ostreidae,1.0,Other invertebrates,Other invertebrates  (not resolved to species),not species-resolved,Invertebrates,host_data,,
DeePaC-vir,Ostreococcus mediterraneus,1.0,Plants,Plants  (not resolved to species),not species-resolved,Plants,host_data,Ostreococcus mediterraneus,
DeePaC-vir,Oxalis debilis,1.0,Plants,Plants  (not resolved to species),not species-resolved,Plants,host_data,Oxalis debilis,
DeePaC-vir,Palaemon,1.0,Other invertebrates,Other invertebrates  (not resolved to species),not species-resolved,Invertebrates,host_data,,
DeePaC-vir,Palaemon kadiakensis,1.0,Other invertebrates,Other invertebrates  (not resolved to species),not species-resolved,Invertebrates,host_data,Palaemon kadiakensis,
DeePaC-vir,Palaemon mundusnovus,1.0,Other invertebrates,Other invertebrates  (not resolved to species),not species-resolved,Invertebrates,host_data,Palaemon mundusnovus,
DeePaC-vir,Panicum ecklonii,1.0,Plants,Plants  (not resolved to species),not species-resolved,Plants,host_data,Panicum ecklonii,
DeePaC-vir,Panthera uncia,1.0,Carnivores,Carnivores  (not resolved to species),not species-resolved,Mammals,host_data,Panthera uncia,
DeePaC-vir,Papaveraceae,1.0,Plants,Plants  (not resolved to species),not species-resolved,Plants,host_data,,
DeePaC-vir,Papilio polyxenes,1.0,Insects,Insects  (not resolved to species),not species-resolved,Invertebrates,host_data,Papilio polyxenes,
DeePaC-vir,Papio,1.0,Other mammals,Other mammals  (not resolved to species),not species-resolved,Mammals,host_data,,
DeePaC-vir,Paspalum,1.0,Plants,Plants  (not resolved to species),not species-resolved,Plants,host_data,,
DeePaC-vir,Passeridae,1.0,Birds,Birds  (not resolved to species),not species-resolved,Non-mammalian vertebrates,host_data,,
DeePaC-vir,Passiflora,1.0,Plants,Plants  (not resolved to species),not species-resolved,Plants,host_data,,
DeePaC-vir,Pecten maximus,1.0,Other invertebrates,Other invertebrates  (not resolved to species),not species-resolved,Invertebrates,host_data,Pecten maximus,
DeePaC-vir,Pedilanthus,1.0,Plants,Plants  (not resolved to species),not species-resolved,Plants,host_data,,
DeePaC-vir,Pelargonium,1.0,Plants,Plants  (not resolved to species),not species-resolved,Plants,host_data,,
DeePaC-vir,Pelophylax esculentus,1.0,Amphibians,Amphibians  (not resolved to species),not species-resolved,Non-mammalian vertebrates,host_data,Pelophylax esculentus,
DeePaC-vir,Penaeidae,1.0,Other invertebrates,Other invertebrates  (not resolved to species),not species-resolved,Invertebrates,host_data,,
DeePaC-vir,Penaeus chinensis,1.0,Other invertebrates,Other invertebrates  (not resolved to species),not species-resolved,Invertebrates,host_data,Penaeus chinensis,
DeePaC-vir,Penaeus stylirostris,1.0,Other invertebrates,Other invertebrates  (not resolved to species),not species-resolved,Invertebrates,host_data,Penaeus stylirostris,
DeePaC-vir,Peridroma,1.0,Insects,Insects  (not resolved to species),not species-resolved,Invertebrates,host_data,,
DeePaC-vir,Perigonia lusca,1.0,Insects,Insects  (not resolved to species),not species-resolved,Invertebrates,host_data,Perigonia lusca,
DeePaC-vir,Periplaneta fuliginosa,1.0,Insects,Insects  (not resolved to species),not species-resolved,Invertebrates,host_data,Periplaneta fuliginosa,
DeePaC-vir,Peristrophe,1.0,Plants,Plants  (not resolved to species),not species-resolved,Plants,host_data,,
DeePaC-vir,Petrochelidon pyrrhonota,1.0,Birds,Birds  (not resolved to species),not species-resolved,Non-mammalian vertebrates,host_data,Petrochelidon pyrrhonota,
DeePaC-vir,Phaeocystis,1.0,Algae,Algae  (not resolved to species),not species-resolved,Algae,host_data,,
DeePaC-vir,Phaeocystis globosa,1.0,Algae,Algae  (not resolved to species),not species-resolved,Algae,host_data,Phaeocystis globosa,
DeePaC-vir,Phaseolus,1.0,Plants,Plants  (not resolved to species),not species-resolved,Plants,host_data,,
DeePaC-vir,Phasianinae,1.0,Birds,Birds  (not resolved to species),not species-resolved,Non-mammalian vertebrates,host_data,,
DeePaC-vir,Philantomba monticola,1.0,Other mammals,Other mammals  (not resolved to species),not species-resolved,Mammals,host_data,Philantomba monticola,
DeePaC-vir,Phthorimaea operculella,1.0,Insects,Insects  (not resolved to species),not species-resolved,Invertebrates,host_data,Phthorimaea operculella,
DeePaC-vir,Picobiliphyte sp. MS584-5,1.0,Protists & oomycetes,Protists & oomycetes  (not resolved to species),not species-resolved,Protists & oomycetes,host_data,,
DeePaC-vir,Piliocolobus badius,1.0,Non-human primates,Non-human primates  (not resolved to species),not species-resolved,Mammals,host_data,Piliocolobus badius,
DeePaC-vir,Pipistrellus,1.0,Bats,Bats  (not resolved to species),not species-resolved,Mammals,host_data,,
DeePaC-vir,Pityohyphantes,1.0,Arachnids,Arachnids  (not resolved to species),not species-resolved,Invertebrates,host_data,,
DeePaC-vir,Platanistidae,1.0,Ungulates,Ungulates  (not resolved to species),not species-resolved,Mammals,host_data,,
DeePaC-vir,Platyrrhini,1.0,Non-human primates,Non-human primates  (not resolved to species),not species-resolved,Mammals,host_data,,
DeePaC-vir,Poaceae,1.0,Plants,Plants  (not resolved to species),not species-resolved,Plants,host_data,,
DeePaC-vir,Poecile,1.0,Birds,Birds  (not resolved to species),not species-resolved,Non-mammalian vertebrates,host_data,,
DeePaC-vir,Poicephalus rufiventris,1.0,Birds,Birds  (not resolved to species),not species-resolved,Non-mammalian vertebrates,host_data,Poicephalus rufiventris,
DeePaC-vir,Polygala garcinii,1.0,Plants,Plants  (not resolved to species),not species-resolved,Plants,host_data,Polygala garcinii,
DeePaC-vir,Populus,1.0,Plants,Plants  (not resolved to species),not species-resolved,Plants,host_data,,
DeePaC-vir,Potamochoerus porcus,1.0,Other mammals,Other mammals  (not resolved to species),not species-resolved,Mammals,host_data,Potamochoerus porcus,
DeePaC-vir,Premna serratifolia,1.0,Plants,Plants  (not resolved to species),not species-resolved,Plants,host_data,Premna serratifolia,
DeePaC-vir,Pseudophycis,1.0,Fish,Fish  (not resolved to species),not species-resolved,Non-mammalian vertebrates,host_data,,
DeePaC-vir,Psittacidae,1.0,Birds,Birds  (not resolved to species),not species-resolved,Non-mammalian vertebrates,host_data,,
DeePaC-vir,Psittaciformes,1.0,Birds,Birds  (not resolved to species),not species-resolved,Non-mammalian vertebrates,host_data,,
DeePaC-vir,Psorophora,1.0,Insects,Insects  (not resolved to species),not species-resolved,Invertebrates,host_data,,
DeePaC-vir,Psychodidae,1.0,Insects,Insects  (not resolved to species),not species-resolved,Invertebrates,host_data,,
DeePaC-vir,Pudu puda,1.0,Ungulates,Ungulates  (not resolved to species),not species-resolved,Mammals,host_data,Pudu puda,
DeePaC-vir,Pusa hispida,1.0,Other mammals,Other mammals  (not resolved to species),not species-resolved,Mammals,host_data,Pusa hispida,
DeePaC-vir,Pycnonotidae,1.0,Birds,Birds  (not resolved to species),not species-resolved,Non-mammalian vertebrates,host_data,,
DeePaC-vir,Pygoscelis antarcticus,1.0,Birds,Birds  (not resolved to species),not species-resolved,Non-mammalian vertebrates,host_data,Pygoscelis antarcticus,
DeePaC-vir,Pyrrhula pyrrhula,1.0,Birds,Birds  (not resolved to species),not species-resolved,Non-mammalian vertebrates,host_data,Pyrrhula pyrrhula,
DeePaC-vir,Pyrrhula pyrrhula griseiventris,1.0,Birds,Birds  (not resolved to species),not species-resolved,Non-mammalian vertebrates,host_data,Pyrrhula pyrrhula,
DeePaC-vir,Pythium nunn,1.0,Protists & oomycetes,Protists & oomycetes  (not resolved to species),not species-resolved,Protists & oomycetes,host_data,Pythium nunn,
DeePaC-vir,Rana dalmatina,1.0,Amphibians,Amphibians  (not resolved to species),not species-resolved,Non-mammalian vertebrates,host_data,Rana dalmatina,
DeePaC-vir,Rana grylio,1.0,Amphibians,Amphibians  (not resolved to species),not species-resolved,Non-mammalian vertebrates,host_data,Rana grylio,
DeePaC-vir,Rana temporaria,1.0,Amphibians,Amphibians  (not resolved to species),not species-resolved,Non-mammalian vertebrates,host_data,Rana temporaria,
DeePaC-vir,Rheum,1.0,Plants,Plants  (not resolved to species),not species-resolved,Plants,host_data,,
DeePaC-vir,Rhinella marina,1.0,Amphibians,Amphibians  (not resolved to species),not species-resolved,Non-mammalian vertebrates,host_data,Rhinella marina,
DeePaC-vir,Rhinolophus hildebrandti,1.0,Bats,Bats  (not resolved to species),not species-resolved,Mammals,host_data,Rhinolophus hildebrandti,
DeePaC-vir,Rhipicephalus,1.0,Arachnids,Arachnids  (not resolved to species),not species-resolved,Invertebrates,host_data,,
DeePaC-vir,Rhizosolenia setigera,1.0,Algae,Algae  (not resolved to species),not species-resolved,Algae,host_data,Rhizosolenia setigera,
DeePaC-vir,Rhynchosia,1.0,Plants,Plants  (not resolved to species),not species-resolved,Plants,host_data,,
DeePaC-vir,Ruditapes philippinarum,1.0,Other invertebrates,Other invertebrates  (not resolved to species),not species-resolved,Invertebrates,host_data,Ruditapes philippinarum,
DeePaC-vir,Ruellia blechum,1.0,Plants,Plants  (not resolved to species),not species-resolved,Plants,host_data,Ruellia blechum,
DeePaC-vir,Rumex,1.0,Plants,Plants  (not resolved to species),not species-resolved,Plants,host_data,,
DeePaC-vir,Rusa timorensis,1.0,Other mammals,Other mammals  (not resolved to species),not species-resolved,Mammals,host_data,Rusa timorensis,
DeePaC-vir,Saguinus imperator,1.0,Non-human primates,Non-human primates  (not resolved to species),not species-resolved,Mammals,host_data,Saguinus imperator,
DeePaC-vir,Salmo,1.0,Fish,Fish  (not resolved to species),not species-resolved,Non-mammalian vertebrates,host_data,,
DeePaC-vir,Samia ricini,1.0,Insects,Insects  (not resolved to species),not species-resolved,Invertebrates,host_data,Samia ricini,
DeePaC-vir,Sander vitreus,1.0,Fish,Fish  (not resolved to species),not species-resolved,Non-mammalian vertebrates,host_data,Sander vitreus,
DeePaC-vir,Schizochytrium,1.0,Protists & oomycetes,Protists & oomycetes  (not resolved to species),not species-resolved,Protists & oomycetes,host_data,,
DeePaC-vir,Sciurus,1.0,Rodents,Rodents  (not resolved to species),not species-resolved,Mammals,host_data,,
DeePaC-vir,Scortum barcoo,1.0,Fish,Fish  (not resolved to species),not species-resolved,Non-mammalian vertebrates,host_data,Scortum barcoo,
DeePaC-vir,Scrophulariaceae,1.0,Plants,Plants  (not resolved to species),not species-resolved,Plants,host_data,,
DeePaC-vir,Sergentomyia,1.0,Insects,Insects  (not resolved to species),not species-resolved,Invertebrates,host_data,,
DeePaC-vir,Seriola quinqueradiata,1.0,Fish,Fish  (not resolved to species),not species-resolved,Non-mammalian vertebrates,host_data,Seriola quinqueradiata,
DeePaC-vir,Setaria,1.0,Plants,Plants  (not resolved to species),not species-resolved,Plants,host_data,,
DeePaC-vir,Sida ciliaris,1.0,Plants,Plants  (not resolved to species),not species-resolved,Plants,host_data,Sida ciliaris,
DeePaC-vir,Sidastrum,1.0,Plants,Plants  (not resolved to species),not species-resolved,Plants,host_data,,
DeePaC-vir,Sigmoidotropis elegans,1.0,Plants,Plants  (not resolved to species),not species-resolved,Plants,host_data,Sigmoidotropis elegans,
DeePaC-vir,Silene,1.0,Plants,Plants  (not resolved to species),not species-resolved,Plants,host_data,,
DeePaC-vir,Simiiformes,1.0,Non-human primates,Non-human primates  (not resolved to species),not species-resolved,Mammals,host_data,,
DeePaC-vir,Siphonaptera,1.0,Insects,Insects  (not resolved to species),not species-resolved,Invertebrates,host_data,,
DeePaC-vir,Sipuncula,1.0,Other invertebrates,Other invertebrates  (not resolved to species),not species-resolved,Invertebrates,host_data,,
DeePaC-vir,Spermatophyta,1.0,Plants,Plants  (not resolved to species),not species-resolved,Plants,host_data,,
DeePaC-vir,Spermophilus,1.0,Rodents,Rodents  (not resolved to species),not species-resolved,Mammals,host_data,,
DeePaC-vir,Sphenisciformes,1.0,Birds,Birds  (not resolved to species),not species-resolved,Non-mammalian vertebrates,host_data,,
DeePaC-vir,Spheniscus demersus,1.0,Birds,Birds  (not resolved to species),not species-resolved,Non-mammalian vertebrates,host_data,Spheniscus demersus,
DeePaC-vir,Spilanthes paniculata,1.0,Plants,Plants  (not resolved to species),not species-resolved,Plants,host_data,Spilanthes paniculata,
DeePaC-vir,Spodoptera littoralis,1.0,Insects,Insects  (not resolved to species),not species-resolved,Invertebrates,host_data,Spodoptera littoralis,
DeePaC-vir,Stipagrostis,1.0,Plants,Plants  (not resolved to species),not species-resolved,Plants,host_data,,
DeePaC-vir,Symphysodon discus,1.0,Fish,Fish  (not resolved to species),not species-resolved,Non-mammalian vertebrates,host_data,Symphysodon discus,
DeePaC-vir,Syringa,1.0,Plants,Plants  (not resolved to species),not species-resolved,Plants,host_data,,
DeePaC-vir,Tabanidae,1.0,Insects,Insects  (not resolved to species),not species-resolved,Invertebrates,host_data,,
DeePaC-vir,Takifugu rubripes,1.0,Fish,Fish  (not resolved to species),not species-resolved,Non-mammalian vertebrates,host_data,Takifugu rubripes,
DeePaC-vir,Tamiasciurus hudsonicus,1.0,Rodents,Rodents  (not resolved to species),not species-resolved,Mammals,host_data,Tamiasciurus hudsonicus,
DeePaC-vir,Tatera,1.0,Other mammals,Other mammals  (not resolved to species),not species-resolved,Mammals,host_data,,
DeePaC-vir,Testudo kleinmanni,1.0,Reptiles,Reptiles  (not resolved to species),not species-resolved,Non-mammalian vertebrates,host_data,Testudo kleinmanni,
DeePaC-vir,Tetraselmis,1.0,Plants,Plants  (not resolved to species),not species-resolved,Plants,host_data,,
DeePaC-vir,Tetraselmis viridis,1.0,Plants,Plants  (not resolved to species),not species-resolved,Plants,host_data,Tetraselmis viridis,
DeePaC-vir,Tilapia,1.0,Fish,Fish  (not resolved to species),not species-resolved,Non-mammalian vertebrates,host_data,,
DeePaC-vir,Tortricidae,1.0,Insects,Insects  (not resolved to species),not species-resolved,Invertebrates,host_data,,
DeePaC-vir,Trematomus bernacchii,1.0,Fish,Fish  (not resolved to species),not species-resolved,Non-mammalian vertebrates,host_data,Trematomus bernacchii,
DeePaC-vir,Trifolium,1.0,Plants,Plants  (not resolved to species),not species-resolved,Plants,host_data,,
DeePaC-vir,Triticum,1.0,Plants,Plants  (not resolved to species),not species-resolved,Plants,host_data,,
DeePaC-vir,Triumfetta,1.0,Plants,Plants  (not resolved to species),not species-resolved,Plants,host_data,,
DeePaC-vir,Tubuca arcuata,1.0,Other invertebrates,Other invertebrates  (not resolved to species),not species-resolved,Invertebrates,host_data,Tubuca arcuata,
DeePaC-vir,Tulipa,1.0,Plants,Plants  (not resolved to species),not species-resolved,Plants,host_data,,
DeePaC-vir,Tupaia,1.0,Other mammals,Other mammals  (not resolved to species),not species-resolved,Mammals,host_data,,
DeePaC-vir,Tupaia glis,1.0,Other mammals,Other mammals  (not resolved to species),not species-resolved,Mammals,host_data,Tupaia glis,
DeePaC-vir,Tupaiidae,1.0,Other mammals,Other mammals  (not resolved to species),not species-resolved,Mammals,host_data,,
DeePaC-vir,Uraeginthus granatina,1.0,Birds,Birds  (not resolved to species),not species-resolved,Non-mammalian vertebrates,host_data,Uraeginthus granatina,
DeePaC-vir,Urbanus proteus,1.0,Insects,Insects  (not resolved to species),not species-resolved,Invertebrates,host_data,Urbanus proteus,
DeePaC-vir,Urocitellus parryii,1.0,Other mammals,Other mammals  (not resolved to species),not species-resolved,Mammals,host_data,Urocitellus parryii,
DeePaC-vir,Uroplatus fimbriatus,1.0,Reptiles,Reptiles  (not resolved to species),not species-resolved,Non-mammalian vertebrates,host_data,Uroplatus fimbriatus,
DeePaC-vir,Verrallina funerea,1.0,Insects,Insects  (not resolved to species),not species-resolved,Invertebrates,host_data,Verrallina funerea,
DeePaC-vir,Vertebrata,1.0,Unresolved vertebrates,Unresolved vertebrates  (not resolved to species),not species-resolved,Non-mammalian vertebrates,host_data,,
DeePaC-vir,Vicia cracca,1.0,Plants,Plants  (not resolved to species),not species-resolved,Plants,host_data,Vicia cracca,
DeePaC-vir,Wiseana cervinata,1.0,Insects,Insects  (not resolved to species),not species-resolved,Invertebrates,host_data,Wiseana cervinata,
DeePaC-vir,Wiseana signata,1.0,Insects,Insects  (not resolved to species),not species-resolved,Invertebrates,host_data,Wiseana signata,
DeePaC-vir,Wissadula,1.0,Plants,Plants  (not resolved to species),not species-resolved,Plants,host_data,,
DeePaC-vir,Wisteria,1.0,Plants,Plants  (not resolved to species),not species-resolved,Plants,host_data,,
DeePaC-vir,Wyeomyia,1.0,Insects,Insects  (not resolved to species),not species-resolved,Invertebrates,host_data,,
DeePaC-vir,Xestia,1.0,Insects,Insects  (not resolved to species),not species-resolved,Invertebrates,host_data,,
DeePaC-vir,Zantedeschia,1.0,Plants,Plants  (not resolved to species),not species-resolved,Plants,host_data,,
DeePaC-vir,Ziziphus,1.0,Plants,Plants  (not resolved to species),not species-resolved,Plants,host_data,,
DeePaC-vir,Zosteropidae,1.0,Birds,Birds  (not resolved to species),not species-resolved,Non-mammalian vertebrates,host_data,,
DeePaC-vir,Zygaenidae,1.0,Insects,Insects  (not resolved to species),not species-resolved,Invertebrates,host_data,,
DeePaC-vir,undetermined Sciuridae 'chipmunks',1.0,Rodents,Rodents  (not resolved to species),not species-resolved,Mammals,host_data,,
MosViR,arbovirus,24611.0,Unresolved vertebrates,Unresolved vertebrates  (not resolved to species),not species-resolved,Non-mammalian vertebrates,host_data,,
VPF-Class,Aureococcus,562.0,Algae,Algae  (not resolved to species),not species-resolved,Algae,host_data,,
VPF-Class,Apis,65.0,Insects,Insects  (not resolved to species),not species-resolved,Invertebrates,host_data,,
VPF-Class,Mus,54.0,Rodents,Rodents  (not resolved to species),not species-resolved,Mammals,host_data,,
VPF-Class,Ectocarpus,45.0,Algae,Algae  (not resolved to species),not species-resolved,Algae,host_data,,
VPF-Class,Glycine,5.0,Plants,Plants  (not resolved to species),not species-resolved,Plants,host_data,,
VPF-Class,Micromonas,5.0,Algae,Algae  (not resolved to species),not species-resolved,Algae,host_data,,
VPF-Class,Vitis,4.0,Plants,Plants  (not resolved to species),not species-resolved,Plants,host_data,,
VPF-Class,Bombyx,3.0,Insects,Insects  (not resolved to species),not species-resolved,Invertebrates,host_data,,
VPF-Class,Ostreococcus,3.0,Algae,Algae  (not resolved to species),not species-resolved,Algae,host_data,,
VPF-Class,Manihot,1.0,Plants,Plants  (not resolved to species),not species-resolved,Plants,host_data,,
HostNet (Flavivirus),aedes,6829.0,Vector: Aedes,Culicidae,family,Invertebrates,vector_fallback_used,,
HostNet (Flavivirus),culex,2424.0,Vector: Culex,Culicidae,family,Invertebrates,vector_fallback_used,,
HostNet (Flavivirus),ixodes,373.0,Vector: Ixodes,Ixodida,order,Invertebrates,vector_fallback_used,,
ViralHostPredictor,mosquito (vector),75.0,Vector: mosquito,Culicidae,family,Invertebrates,vector_fallback_used,,
ViralHostPredictor,tick (vector),20.0,Vector: tick,Ixodida,order,Invertebrates,vector_fallback_used,,
ViralHostPredictor,sandfly (vector),12.0,Vector: sandfly,Insecta,class,Invertebrates,vector_fallback_blocked,,
ViralHostPredictor,thrip (vector),9.0,Vector: thrip,Insecta,class,Invertebrates,vector_fallback_blocked,,
ViralHostPredictor,midge (vector),8.0,Vector: midge,Insecta,class,Invertebrates,vector_fallback_blocked,,
ViralHostPredictor,leafhopper (vector),4.0,Vector: leafhopper,Insecta,class,Invertebrates,vector_fallback_blocked,,
ViralHostPredictor,planthopper (vector),3.0,Vector: planthopper,Insecta,class,Invertebrates,vector_fallback_blocked,,
ViralHostPredictor,aphid (vector),2.0,Vector: aphid,Insecta,class,Invertebrates,vector_fallback_blocked,,
ViralHostPredictor,cimicid (vector),2.0,Vector: cimicid,Insecta,class,Invertebrates,vector_fallback_blocked,,
ViralHostPredictor,fruit fly (vector),2.0,Vector: fruit fly,Insecta,class,Invertebrates,vector_fallback_blocked,,
ViralHostPredictor,louse (vector),2.0,Vector: louse,Insecta,class,Invertebrates,vector_fallback_blocked,,
ViralHostPredictor,lepidoptera (vector),1.0,Vector: lepidoptera,Insecta,class,Invertebrates,vector_fallback_blocked,,
