protein_accession,released_class,organism_label_in_release,accepted_name,taxid,rank,parent_species,lineage,genome_accession,authority,access_date,evidence_url,link_to_release,verification,status,disposition
YP_009981710.1,human-infecting (positive),IAS virus,IAS virus,1450749,no rank,Paundivirus hollandii,Viruses; Duplodnaviria; Heunggongvirae; Uroviricota; Caudoviricetes; Crassvirales; Steigviridae; Asinivirinae; Paundivirus; Paundivirus hollandii,NC_049978.1,NCBI Taxonomy / RefSeq,2026-09-08,https://eutils.ncbi.nlm.nih.gov/entrez/eutils/efetch.fcgi?db=protein&id=YP_009981710.1&rettype=gp&retmode=text,RefSeq protein accession carried verbatim in the released FASTA header,queried individually,RESOLVED,retained in the matrix; flagged here
YP_009981711.1,human-infecting (positive),IAS virus,IAS virus,1450749,no rank,Paundivirus hollandii,Viruses; Duplodnaviria; Heunggongvirae; Uroviricota; Caudoviricetes; Crassvirales; Steigviridae; Asinivirinae; Paundivirus; Paundivirus hollandii,NC_049978.1,NCBI Taxonomy / RefSeq,2026-09-08,https://eutils.ncbi.nlm.nih.gov/entrez/eutils/efetch.fcgi?db=protein&id=YP_009981711.1&rettype=gp&retmode=text,RefSeq protein accession carried verbatim in the released FASTA header,"inherited: identical organism label, same contiguous accession block and genome as the queried endpoints",RESOLVED,retained in the matrix; flagged here
YP_009981712.1,human-infecting (positive),IAS virus,IAS virus,1450749,no rank,Paundivirus hollandii,Viruses; Duplodnaviria; Heunggongvirae; Uroviricota; Caudoviricetes; Crassvirales; Steigviridae; Asinivirinae; Paundivirus; Paundivirus hollandii,NC_049978.1,NCBI Taxonomy / RefSeq,2026-09-08,https://eutils.ncbi.nlm.nih.gov/entrez/eutils/efetch.fcgi?db=protein&id=YP_009981712.1&rettype=gp&retmode=text,RefSeq protein accession carried verbatim in the released FASTA header,"inherited: identical organism label, same contiguous accession block and genome as the queried endpoints",RESOLVED,retained in the matrix; flagged here
YP_009981713.1,human-infecting (positive),IAS virus,IAS virus,1450749,no rank,Paundivirus hollandii,Viruses; Duplodnaviria; Heunggongvirae; Uroviricota; Caudoviricetes; Crassvirales; Steigviridae; Asinivirinae; Paundivirus; Paundivirus hollandii,NC_049978.1,NCBI Taxonomy / RefSeq,2026-09-08,https://eutils.ncbi.nlm.nih.gov/entrez/eutils/efetch.fcgi?db=protein&id=YP_009981713.1&rettype=gp&retmode=text,RefSeq protein accession carried verbatim in the released FASTA header,"inherited: identical organism label, same contiguous accession block and genome as the queried endpoints",RESOLVED,retained in the matrix; flagged here
YP_009981714.1,human-infecting (positive),IAS virus,IAS virus,1450749,no rank,Paundivirus hollandii,Viruses; Duplodnaviria; Heunggongvirae; Uroviricota; Caudoviricetes; Crassvirales; Steigviridae; Asinivirinae; Paundivirus; Paundivirus hollandii,NC_049978.1,NCBI Taxonomy / RefSeq,2026-09-08,https://eutils.ncbi.nlm.nih.gov/entrez/eutils/efetch.fcgi?db=protein&id=YP_009981714.1&rettype=gp&retmode=text,RefSeq protein accession carried verbatim in the released FASTA header,"inherited: identical organism label, same contiguous accession block and genome as the queried endpoints",RESOLVED,retained in the matrix; flagged here
YP_009981716.1,human-infecting (positive),IAS virus,IAS virus,1450749,no rank,Paundivirus hollandii,Viruses; Duplodnaviria; Heunggongvirae; Uroviricota; Caudoviricetes; Crassvirales; Steigviridae; Asinivirinae; Paundivirus; Paundivirus hollandii,NC_049978.1,NCBI Taxonomy / RefSeq,2026-09-08,https://eutils.ncbi.nlm.nih.gov/entrez/eutils/efetch.fcgi?db=protein&id=YP_009981716.1&rettype=gp&retmode=text,RefSeq protein accession carried verbatim in the released FASTA header,"inherited: identical organism label, same contiguous accession block and genome as the queried endpoints",RESOLVED,retained in the matrix; flagged here
YP_009981717.1,human-infecting (positive),IAS virus,IAS virus,1450749,no rank,Paundivirus hollandii,Viruses; Duplodnaviria; Heunggongvirae; Uroviricota; Caudoviricetes; Crassvirales; Steigviridae; Asinivirinae; Paundivirus; Paundivirus hollandii,NC_049978.1,NCBI Taxonomy / RefSeq,2026-09-08,https://eutils.ncbi.nlm.nih.gov/entrez/eutils/efetch.fcgi?db=protein&id=YP_009981717.1&rettype=gp&retmode=text,RefSeq protein accession carried verbatim in the released FASTA header,"inherited: identical organism label, same contiguous accession block and genome as the queried endpoints",RESOLVED,retained in the matrix; flagged here
YP_009981718.1,human-infecting (positive),IAS virus,IAS virus,1450749,no rank,Paundivirus hollandii,Viruses; Duplodnaviria; Heunggongvirae; Uroviricota; Caudoviricetes; Crassvirales; Steigviridae; Asinivirinae; Paundivirus; Paundivirus hollandii,NC_049978.1,NCBI Taxonomy / RefSeq,2026-09-08,https://eutils.ncbi.nlm.nih.gov/entrez/eutils/efetch.fcgi?db=protein&id=YP_009981718.1&rettype=gp&retmode=text,RefSeq protein accession carried verbatim in the released FASTA header,"inherited: identical organism label, same contiguous accession block and genome as the queried endpoints",RESOLVED,retained in the matrix; flagged here
YP_009981719.1,human-infecting (positive),IAS virus,IAS virus,1450749,no rank,Paundivirus hollandii,Viruses; Duplodnaviria; Heunggongvirae; Uroviricota; Caudoviricetes; Crassvirales; Steigviridae; Asinivirinae; Paundivirus; Paundivirus hollandii,NC_049978.1,NCBI Taxonomy / RefSeq,2026-09-08,https://eutils.ncbi.nlm.nih.gov/entrez/eutils/efetch.fcgi?db=protein&id=YP_009981719.1&rettype=gp&retmode=text,RefSeq protein accession carried verbatim in the released FASTA header,"inherited: identical organism label, same contiguous accession block and genome as the queried endpoints",RESOLVED,retained in the matrix; flagged here
YP_009981720.1,human-infecting (positive),IAS virus,IAS virus,1450749,no rank,Paundivirus hollandii,Viruses; Duplodnaviria; Heunggongvirae; Uroviricota; Caudoviricetes; Crassvirales; Steigviridae; Asinivirinae; Paundivirus; Paundivirus hollandii,NC_049978.1,NCBI Taxonomy / RefSeq,2026-09-08,https://eutils.ncbi.nlm.nih.gov/entrez/eutils/efetch.fcgi?db=protein&id=YP_009981720.1&rettype=gp&retmode=text,RefSeq protein accession carried verbatim in the released FASTA header,"inherited: identical organism label, same contiguous accession block and genome as the queried endpoints",RESOLVED,retained in the matrix; flagged here
YP_009981721.1,human-infecting (positive),IAS virus,IAS virus,1450749,no rank,Paundivirus hollandii,Viruses; Duplodnaviria; Heunggongvirae; Uroviricota; Caudoviricetes; Crassvirales; Steigviridae; Asinivirinae; Paundivirus; Paundivirus hollandii,NC_049978.1,NCBI Taxonomy / RefSeq,2026-09-08,https://eutils.ncbi.nlm.nih.gov/entrez/eutils/efetch.fcgi?db=protein&id=YP_009981721.1&rettype=gp&retmode=text,RefSeq protein accession carried verbatim in the released FASTA header,"inherited: identical organism label, same contiguous accession block and genome as the queried endpoints",RESOLVED,retained in the matrix; flagged here
YP_009981722.1,human-infecting (positive),IAS virus,IAS virus,1450749,no rank,Paundivirus hollandii,Viruses; Duplodnaviria; Heunggongvirae; Uroviricota; Caudoviricetes; Crassvirales; Steigviridae; Asinivirinae; Paundivirus; Paundivirus hollandii,NC_049978.1,NCBI Taxonomy / RefSeq,2026-09-08,https://eutils.ncbi.nlm.nih.gov/entrez/eutils/efetch.fcgi?db=protein&id=YP_009981722.1&rettype=gp&retmode=text,RefSeq protein accession carried verbatim in the released FASTA header,"inherited: identical organism label, same contiguous accession block and genome as the queried endpoints",RESOLVED,retained in the matrix; flagged here
YP_009981723.1,human-infecting (positive),IAS virus,IAS virus,1450749,no rank,Paundivirus hollandii,Viruses; Duplodnaviria; Heunggongvirae; Uroviricota; Caudoviricetes; Crassvirales; Steigviridae; Asinivirinae; Paundivirus; Paundivirus hollandii,NC_049978.1,NCBI Taxonomy / RefSeq,2026-09-08,https://eutils.ncbi.nlm.nih.gov/entrez/eutils/efetch.fcgi?db=protein&id=YP_009981723.1&rettype=gp&retmode=text,RefSeq protein accession carried verbatim in the released FASTA header,"inherited: identical organism label, same contiguous accession block and genome as the queried endpoints",RESOLVED,retained in the matrix; flagged here
YP_009981724.1,human-infecting (positive),IAS virus,IAS virus,1450749,no rank,Paundivirus hollandii,Viruses; Duplodnaviria; Heunggongvirae; Uroviricota; Caudoviricetes; Crassvirales; Steigviridae; Asinivirinae; Paundivirus; Paundivirus hollandii,NC_049978.1,NCBI Taxonomy / RefSeq,2026-09-08,https://eutils.ncbi.nlm.nih.gov/entrez/eutils/efetch.fcgi?db=protein&id=YP_009981724.1&rettype=gp&retmode=text,RefSeq protein accession carried verbatim in the released FASTA header,"inherited: identical organism label, same contiguous accession block and genome as the queried endpoints",RESOLVED,retained in the matrix; flagged here
YP_009981725.1,human-infecting (positive),IAS virus,IAS virus,1450749,no rank,Paundivirus hollandii,Viruses; Duplodnaviria; Heunggongvirae; Uroviricota; Caudoviricetes; Crassvirales; Steigviridae; Asinivirinae; Paundivirus; Paundivirus hollandii,NC_049978.1,NCBI Taxonomy / RefSeq,2026-09-08,https://eutils.ncbi.nlm.nih.gov/entrez/eutils/efetch.fcgi?db=protein&id=YP_009981725.1&rettype=gp&retmode=text,RefSeq protein accession carried verbatim in the released FASTA header,"inherited: identical organism label, same contiguous accession block and genome as the queried endpoints",RESOLVED,retained in the matrix; flagged here
YP_009981726.1,human-infecting (positive),IAS virus,IAS virus,1450749,no rank,Paundivirus hollandii,Viruses; Duplodnaviria; Heunggongvirae; Uroviricota; Caudoviricetes; Crassvirales; Steigviridae; Asinivirinae; Paundivirus; Paundivirus hollandii,NC_049978.1,NCBI Taxonomy / RefSeq,2026-09-08,https://eutils.ncbi.nlm.nih.gov/entrez/eutils/efetch.fcgi?db=protein&id=YP_009981726.1&rettype=gp&retmode=text,RefSeq protein accession carried verbatim in the released FASTA header,"inherited: identical organism label, same contiguous accession block and genome as the queried endpoints",RESOLVED,retained in the matrix; flagged here
YP_009981727.1,human-infecting (positive),IAS virus,IAS virus,1450749,no rank,Paundivirus hollandii,Viruses; Duplodnaviria; Heunggongvirae; Uroviricota; Caudoviricetes; Crassvirales; Steigviridae; Asinivirinae; Paundivirus; Paundivirus hollandii,NC_049978.1,NCBI Taxonomy / RefSeq,2026-09-08,https://eutils.ncbi.nlm.nih.gov/entrez/eutils/efetch.fcgi?db=protein&id=YP_009981727.1&rettype=gp&retmode=text,RefSeq protein accession carried verbatim in the released FASTA header,"inherited: identical organism label, same contiguous accession block and genome as the queried endpoints",RESOLVED,retained in the matrix; flagged here
YP_009981728.1,human-infecting (positive),IAS virus,IAS virus,1450749,no rank,Paundivirus hollandii,Viruses; Duplodnaviria; Heunggongvirae; Uroviricota; Caudoviricetes; Crassvirales; Steigviridae; Asinivirinae; Paundivirus; Paundivirus hollandii,NC_049978.1,NCBI Taxonomy / RefSeq,2026-09-08,https://eutils.ncbi.nlm.nih.gov/entrez/eutils/efetch.fcgi?db=protein&id=YP_009981728.1&rettype=gp&retmode=text,RefSeq protein accession carried verbatim in the released FASTA header,"inherited: identical organism label, same contiguous accession block and genome as the queried endpoints",RESOLVED,retained in the matrix; flagged here
YP_009981729.1,human-infecting (positive),IAS virus,IAS virus,1450749,no rank,Paundivirus hollandii,Viruses; Duplodnaviria; Heunggongvirae; Uroviricota; Caudoviricetes; Crassvirales; Steigviridae; Asinivirinae; Paundivirus; Paundivirus hollandii,NC_049978.1,NCBI Taxonomy / RefSeq,2026-09-08,https://eutils.ncbi.nlm.nih.gov/entrez/eutils/efetch.fcgi?db=protein&id=YP_009981729.1&rettype=gp&retmode=text,RefSeq protein accession carried verbatim in the released FASTA header,"inherited: identical organism label, same contiguous accession block and genome as the queried endpoints",RESOLVED,retained in the matrix; flagged here
YP_009981731.1,human-infecting (positive),IAS virus,IAS virus,1450749,no rank,Paundivirus hollandii,Viruses; Duplodnaviria; Heunggongvirae; Uroviricota; Caudoviricetes; Crassvirales; Steigviridae; Asinivirinae; Paundivirus; Paundivirus hollandii,NC_049978.1,NCBI Taxonomy / RefSeq,2026-09-08,https://eutils.ncbi.nlm.nih.gov/entrez/eutils/efetch.fcgi?db=protein&id=YP_009981731.1&rettype=gp&retmode=text,RefSeq protein accession carried verbatim in the released FASTA header,"inherited: identical organism label, same contiguous accession block and genome as the queried endpoints",RESOLVED,retained in the matrix; flagged here
YP_009981732.1,human-infecting (positive),IAS virus,IAS virus,1450749,no rank,Paundivirus hollandii,Viruses; Duplodnaviria; Heunggongvirae; Uroviricota; Caudoviricetes; Crassvirales; Steigviridae; Asinivirinae; Paundivirus; Paundivirus hollandii,NC_049978.1,NCBI Taxonomy / RefSeq,2026-09-08,https://eutils.ncbi.nlm.nih.gov/entrez/eutils/efetch.fcgi?db=protein&id=YP_009981732.1&rettype=gp&retmode=text,RefSeq protein accession carried verbatim in the released FASTA header,"inherited: identical organism label, same contiguous accession block and genome as the queried endpoints",RESOLVED,retained in the matrix; flagged here
YP_009981733.1,human-infecting (positive),IAS virus,IAS virus,1450749,no rank,Paundivirus hollandii,Viruses; Duplodnaviria; Heunggongvirae; Uroviricota; Caudoviricetes; Crassvirales; Steigviridae; Asinivirinae; Paundivirus; Paundivirus hollandii,NC_049978.1,NCBI Taxonomy / RefSeq,2026-09-08,https://eutils.ncbi.nlm.nih.gov/entrez/eutils/efetch.fcgi?db=protein&id=YP_009981733.1&rettype=gp&retmode=text,RefSeq protein accession carried verbatim in the released FASTA header,"inherited: identical organism label, same contiguous accession block and genome as the queried endpoints",RESOLVED,retained in the matrix; flagged here
YP_009981734.1,human-infecting (positive),IAS virus,IAS virus,1450749,no rank,Paundivirus hollandii,Viruses; Duplodnaviria; Heunggongvirae; Uroviricota; Caudoviricetes; Crassvirales; Steigviridae; Asinivirinae; Paundivirus; Paundivirus hollandii,NC_049978.1,NCBI Taxonomy / RefSeq,2026-09-08,https://eutils.ncbi.nlm.nih.gov/entrez/eutils/efetch.fcgi?db=protein&id=YP_009981734.1&rettype=gp&retmode=text,RefSeq protein accession carried verbatim in the released FASTA header,"inherited: identical organism label, same contiguous accession block and genome as the queried endpoints",RESOLVED,retained in the matrix; flagged here
YP_009981735.1,human-infecting (positive),IAS virus,IAS virus,1450749,no rank,Paundivirus hollandii,Viruses; Duplodnaviria; Heunggongvirae; Uroviricota; Caudoviricetes; Crassvirales; Steigviridae; Asinivirinae; Paundivirus; Paundivirus hollandii,NC_049978.1,NCBI Taxonomy / RefSeq,2026-09-08,https://eutils.ncbi.nlm.nih.gov/entrez/eutils/efetch.fcgi?db=protein&id=YP_009981735.1&rettype=gp&retmode=text,RefSeq protein accession carried verbatim in the released FASTA header,"inherited: identical organism label, same contiguous accession block and genome as the queried endpoints",RESOLVED,retained in the matrix; flagged here
YP_009981736.1,human-infecting (positive),IAS virus,IAS virus,1450749,no rank,Paundivirus hollandii,Viruses; Duplodnaviria; Heunggongvirae; Uroviricota; Caudoviricetes; Crassvirales; Steigviridae; Asinivirinae; Paundivirus; Paundivirus hollandii,NC_049978.1,NCBI Taxonomy / RefSeq,2026-09-08,https://eutils.ncbi.nlm.nih.gov/entrez/eutils/efetch.fcgi?db=protein&id=YP_009981736.1&rettype=gp&retmode=text,RefSeq protein accession carried verbatim in the released FASTA header,"inherited: identical organism label, same contiguous accession block and genome as the queried endpoints",RESOLVED,retained in the matrix; flagged here
YP_009981737.1,human-infecting (positive),IAS virus,IAS virus,1450749,no rank,Paundivirus hollandii,Viruses; Duplodnaviria; Heunggongvirae; Uroviricota; Caudoviricetes; Crassvirales; Steigviridae; Asinivirinae; Paundivirus; Paundivirus hollandii,NC_049978.1,NCBI Taxonomy / RefSeq,2026-09-08,https://eutils.ncbi.nlm.nih.gov/entrez/eutils/efetch.fcgi?db=protein&id=YP_009981737.1&rettype=gp&retmode=text,RefSeq protein accession carried verbatim in the released FASTA header,"inherited: identical organism label, same contiguous accession block and genome as the queried endpoints",RESOLVED,retained in the matrix; flagged here
YP_009981738.1,human-infecting (positive),IAS virus,IAS virus,1450749,no rank,Paundivirus hollandii,Viruses; Duplodnaviria; Heunggongvirae; Uroviricota; Caudoviricetes; Crassvirales; Steigviridae; Asinivirinae; Paundivirus; Paundivirus hollandii,NC_049978.1,NCBI Taxonomy / RefSeq,2026-09-08,https://eutils.ncbi.nlm.nih.gov/entrez/eutils/efetch.fcgi?db=protein&id=YP_009981738.1&rettype=gp&retmode=text,RefSeq protein accession carried verbatim in the released FASTA header,"inherited: identical organism label, same contiguous accession block and genome as the queried endpoints",RESOLVED,retained in the matrix; flagged here
YP_009981739.1,human-infecting (positive),IAS virus,IAS virus,1450749,no rank,Paundivirus hollandii,Viruses; Duplodnaviria; Heunggongvirae; Uroviricota; Caudoviricetes; Crassvirales; Steigviridae; Asinivirinae; Paundivirus; Paundivirus hollandii,NC_049978.1,NCBI Taxonomy / RefSeq,2026-09-08,https://eutils.ncbi.nlm.nih.gov/entrez/eutils/efetch.fcgi?db=protein&id=YP_009981739.1&rettype=gp&retmode=text,RefSeq protein accession carried verbatim in the released FASTA header,"inherited: identical organism label, same contiguous accession block and genome as the queried endpoints",RESOLVED,retained in the matrix; flagged here
YP_009981740.1,human-infecting (positive),IAS virus,IAS virus,1450749,no rank,Paundivirus hollandii,Viruses; Duplodnaviria; Heunggongvirae; Uroviricota; Caudoviricetes; Crassvirales; Steigviridae; Asinivirinae; Paundivirus; Paundivirus hollandii,NC_049978.1,NCBI Taxonomy / RefSeq,2026-09-08,https://eutils.ncbi.nlm.nih.gov/entrez/eutils/efetch.fcgi?db=protein&id=YP_009981740.1&rettype=gp&retmode=text,RefSeq protein accession carried verbatim in the released FASTA header,"inherited: identical organism label, same contiguous accession block and genome as the queried endpoints",RESOLVED,retained in the matrix; flagged here
YP_009981741.1,human-infecting (positive),IAS virus,IAS virus,1450749,no rank,Paundivirus hollandii,Viruses; Duplodnaviria; Heunggongvirae; Uroviricota; Caudoviricetes; Crassvirales; Steigviridae; Asinivirinae; Paundivirus; Paundivirus hollandii,NC_049978.1,NCBI Taxonomy / RefSeq,2026-09-08,https://eutils.ncbi.nlm.nih.gov/entrez/eutils/efetch.fcgi?db=protein&id=YP_009981741.1&rettype=gp&retmode=text,RefSeq protein accession carried verbatim in the released FASTA header,"inherited: identical organism label, same contiguous accession block and genome as the queried endpoints",RESOLVED,retained in the matrix; flagged here
YP_009981742.1,human-infecting (positive),IAS virus,IAS virus,1450749,no rank,Paundivirus hollandii,Viruses; Duplodnaviria; Heunggongvirae; Uroviricota; Caudoviricetes; Crassvirales; Steigviridae; Asinivirinae; Paundivirus; Paundivirus hollandii,NC_049978.1,NCBI Taxonomy / RefSeq,2026-09-08,https://eutils.ncbi.nlm.nih.gov/entrez/eutils/efetch.fcgi?db=protein&id=YP_009981742.1&rettype=gp&retmode=text,RefSeq protein accession carried verbatim in the released FASTA header,"inherited: identical organism label, same contiguous accession block and genome as the queried endpoints",RESOLVED,retained in the matrix; flagged here
YP_009981743.1,human-infecting (positive),IAS virus,IAS virus,1450749,no rank,Paundivirus hollandii,Viruses; Duplodnaviria; Heunggongvirae; Uroviricota; Caudoviricetes; Crassvirales; Steigviridae; Asinivirinae; Paundivirus; Paundivirus hollandii,NC_049978.1,NCBI Taxonomy / RefSeq,2026-09-08,https://eutils.ncbi.nlm.nih.gov/entrez/eutils/efetch.fcgi?db=protein&id=YP_009981743.1&rettype=gp&retmode=text,RefSeq protein accession carried verbatim in the released FASTA header,"inherited: identical organism label, same contiguous accession block and genome as the queried endpoints",RESOLVED,retained in the matrix; flagged here
YP_009981744.1,human-infecting (positive),IAS virus,IAS virus,1450749,no rank,Paundivirus hollandii,Viruses; Duplodnaviria; Heunggongvirae; Uroviricota; Caudoviricetes; Crassvirales; Steigviridae; Asinivirinae; Paundivirus; Paundivirus hollandii,NC_049978.1,NCBI Taxonomy / RefSeq,2026-09-08,https://eutils.ncbi.nlm.nih.gov/entrez/eutils/efetch.fcgi?db=protein&id=YP_009981744.1&rettype=gp&retmode=text,RefSeq protein accession carried verbatim in the released FASTA header,"inherited: identical organism label, same contiguous accession block and genome as the queried endpoints",RESOLVED,retained in the matrix; flagged here
YP_009981745.1,human-infecting (positive),IAS virus,IAS virus,1450749,no rank,Paundivirus hollandii,Viruses; Duplodnaviria; Heunggongvirae; Uroviricota; Caudoviricetes; Crassvirales; Steigviridae; Asinivirinae; Paundivirus; Paundivirus hollandii,NC_049978.1,NCBI Taxonomy / RefSeq,2026-09-08,https://eutils.ncbi.nlm.nih.gov/entrez/eutils/efetch.fcgi?db=protein&id=YP_009981745.1&rettype=gp&retmode=text,RefSeq protein accession carried verbatim in the released FASTA header,"inherited: identical organism label, same contiguous accession block and genome as the queried endpoints",RESOLVED,retained in the matrix; flagged here
YP_009981746.1,human-infecting (positive),IAS virus,IAS virus,1450749,no rank,Paundivirus hollandii,Viruses; Duplodnaviria; Heunggongvirae; Uroviricota; Caudoviricetes; Crassvirales; Steigviridae; Asinivirinae; Paundivirus; Paundivirus hollandii,NC_049978.1,NCBI Taxonomy / RefSeq,2026-09-08,https://eutils.ncbi.nlm.nih.gov/entrez/eutils/efetch.fcgi?db=protein&id=YP_009981746.1&rettype=gp&retmode=text,RefSeq protein accession carried verbatim in the released FASTA header,"inherited: identical organism label, same contiguous accession block and genome as the queried endpoints",RESOLVED,retained in the matrix; flagged here
YP_009981747.1,human-infecting (positive),IAS virus,IAS virus,1450749,no rank,Paundivirus hollandii,Viruses; Duplodnaviria; Heunggongvirae; Uroviricota; Caudoviricetes; Crassvirales; Steigviridae; Asinivirinae; Paundivirus; Paundivirus hollandii,NC_049978.1,NCBI Taxonomy / RefSeq,2026-09-08,https://eutils.ncbi.nlm.nih.gov/entrez/eutils/efetch.fcgi?db=protein&id=YP_009981747.1&rettype=gp&retmode=text,RefSeq protein accession carried verbatim in the released FASTA header,"inherited: identical organism label, same contiguous accession block and genome as the queried endpoints",RESOLVED,retained in the matrix; flagged here
YP_009981748.1,human-infecting (positive),IAS virus,IAS virus,1450749,no rank,Paundivirus hollandii,Viruses; Duplodnaviria; Heunggongvirae; Uroviricota; Caudoviricetes; Crassvirales; Steigviridae; Asinivirinae; Paundivirus; Paundivirus hollandii,NC_049978.1,NCBI Taxonomy / RefSeq,2026-09-08,https://eutils.ncbi.nlm.nih.gov/entrez/eutils/efetch.fcgi?db=protein&id=YP_009981748.1&rettype=gp&retmode=text,RefSeq protein accession carried verbatim in the released FASTA header,"inherited: identical organism label, same contiguous accession block and genome as the queried endpoints",RESOLVED,retained in the matrix; flagged here
YP_009981749.1,human-infecting (positive),IAS virus,IAS virus,1450749,no rank,Paundivirus hollandii,Viruses; Duplodnaviria; Heunggongvirae; Uroviricota; Caudoviricetes; Crassvirales; Steigviridae; Asinivirinae; Paundivirus; Paundivirus hollandii,NC_049978.1,NCBI Taxonomy / RefSeq,2026-09-08,https://eutils.ncbi.nlm.nih.gov/entrez/eutils/efetch.fcgi?db=protein&id=YP_009981749.1&rettype=gp&retmode=text,RefSeq protein accession carried verbatim in the released FASTA header,"inherited: identical organism label, same contiguous accession block and genome as the queried endpoints",RESOLVED,retained in the matrix; flagged here
YP_009981750.1,human-infecting (positive),IAS virus,IAS virus,1450749,no rank,Paundivirus hollandii,Viruses; Duplodnaviria; Heunggongvirae; Uroviricota; Caudoviricetes; Crassvirales; Steigviridae; Asinivirinae; Paundivirus; Paundivirus hollandii,NC_049978.1,NCBI Taxonomy / RefSeq,2026-09-08,https://eutils.ncbi.nlm.nih.gov/entrez/eutils/efetch.fcgi?db=protein&id=YP_009981750.1&rettype=gp&retmode=text,RefSeq protein accession carried verbatim in the released FASTA header,"inherited: identical organism label, same contiguous accession block and genome as the queried endpoints",RESOLVED,retained in the matrix; flagged here
YP_009981751.1,human-infecting (positive),IAS virus,IAS virus,1450749,no rank,Paundivirus hollandii,Viruses; Duplodnaviria; Heunggongvirae; Uroviricota; Caudoviricetes; Crassvirales; Steigviridae; Asinivirinae; Paundivirus; Paundivirus hollandii,NC_049978.1,NCBI Taxonomy / RefSeq,2026-09-08,https://eutils.ncbi.nlm.nih.gov/entrez/eutils/efetch.fcgi?db=protein&id=YP_009981751.1&rettype=gp&retmode=text,RefSeq protein accession carried verbatim in the released FASTA header,"inherited: identical organism label, same contiguous accession block and genome as the queried endpoints",RESOLVED,retained in the matrix; flagged here
YP_009981752.1,human-infecting (positive),IAS virus,IAS virus,1450749,no rank,Paundivirus hollandii,Viruses; Duplodnaviria; Heunggongvirae; Uroviricota; Caudoviricetes; Crassvirales; Steigviridae; Asinivirinae; Paundivirus; Paundivirus hollandii,NC_049978.1,NCBI Taxonomy / RefSeq,2026-09-08,https://eutils.ncbi.nlm.nih.gov/entrez/eutils/efetch.fcgi?db=protein&id=YP_009981752.1&rettype=gp&retmode=text,RefSeq protein accession carried verbatim in the released FASTA header,"inherited: identical organism label, same contiguous accession block and genome as the queried endpoints",RESOLVED,retained in the matrix; flagged here
YP_009981753.1,human-infecting (positive),IAS virus,IAS virus,1450749,no rank,Paundivirus hollandii,Viruses; Duplodnaviria; Heunggongvirae; Uroviricota; Caudoviricetes; Crassvirales; Steigviridae; Asinivirinae; Paundivirus; Paundivirus hollandii,NC_049978.1,NCBI Taxonomy / RefSeq,2026-09-08,https://eutils.ncbi.nlm.nih.gov/entrez/eutils/efetch.fcgi?db=protein&id=YP_009981753.1&rettype=gp&retmode=text,RefSeq protein accession carried verbatim in the released FASTA header,"inherited: identical organism label, same contiguous accession block and genome as the queried endpoints",RESOLVED,retained in the matrix; flagged here
YP_009981754.1,human-infecting (positive),IAS virus,IAS virus,1450749,no rank,Paundivirus hollandii,Viruses; Duplodnaviria; Heunggongvirae; Uroviricota; Caudoviricetes; Crassvirales; Steigviridae; Asinivirinae; Paundivirus; Paundivirus hollandii,NC_049978.1,NCBI Taxonomy / RefSeq,2026-09-08,https://eutils.ncbi.nlm.nih.gov/entrez/eutils/efetch.fcgi?db=protein&id=YP_009981754.1&rettype=gp&retmode=text,RefSeq protein accession carried verbatim in the released FASTA header,"inherited: identical organism label, same contiguous accession block and genome as the queried endpoints",RESOLVED,retained in the matrix; flagged here
YP_009981755.1,human-infecting (positive),IAS virus,IAS virus,1450749,no rank,Paundivirus hollandii,Viruses; Duplodnaviria; Heunggongvirae; Uroviricota; Caudoviricetes; Crassvirales; Steigviridae; Asinivirinae; Paundivirus; Paundivirus hollandii,NC_049978.1,NCBI Taxonomy / RefSeq,2026-09-08,https://eutils.ncbi.nlm.nih.gov/entrez/eutils/efetch.fcgi?db=protein&id=YP_009981755.1&rettype=gp&retmode=text,RefSeq protein accession carried verbatim in the released FASTA header,"inherited: identical organism label, same contiguous accession block and genome as the queried endpoints",RESOLVED,retained in the matrix; flagged here
YP_009981756.1,human-infecting (positive),IAS virus,IAS virus,1450749,no rank,Paundivirus hollandii,Viruses; Duplodnaviria; Heunggongvirae; Uroviricota; Caudoviricetes; Crassvirales; Steigviridae; Asinivirinae; Paundivirus; Paundivirus hollandii,NC_049978.1,NCBI Taxonomy / RefSeq,2026-09-08,https://eutils.ncbi.nlm.nih.gov/entrez/eutils/efetch.fcgi?db=protein&id=YP_009981756.1&rettype=gp&retmode=text,RefSeq protein accession carried verbatim in the released FASTA header,"inherited: identical organism label, same contiguous accession block and genome as the queried endpoints",RESOLVED,retained in the matrix; flagged here
YP_009981758.1,human-infecting (positive),IAS virus,IAS virus,1450749,no rank,Paundivirus hollandii,Viruses; Duplodnaviria; Heunggongvirae; Uroviricota; Caudoviricetes; Crassvirales; Steigviridae; Asinivirinae; Paundivirus; Paundivirus hollandii,NC_049978.1,NCBI Taxonomy / RefSeq,2026-09-08,https://eutils.ncbi.nlm.nih.gov/entrez/eutils/efetch.fcgi?db=protein&id=YP_009981758.1&rettype=gp&retmode=text,RefSeq protein accession carried verbatim in the released FASTA header,"inherited: identical organism label, same contiguous accession block and genome as the queried endpoints",RESOLVED,retained in the matrix; flagged here
YP_009981759.1,human-infecting (positive),IAS virus,IAS virus,1450749,no rank,Paundivirus hollandii,Viruses; Duplodnaviria; Heunggongvirae; Uroviricota; Caudoviricetes; Crassvirales; Steigviridae; Asinivirinae; Paundivirus; Paundivirus hollandii,NC_049978.1,NCBI Taxonomy / RefSeq,2026-09-08,https://eutils.ncbi.nlm.nih.gov/entrez/eutils/efetch.fcgi?db=protein&id=YP_009981759.1&rettype=gp&retmode=text,RefSeq protein accession carried verbatim in the released FASTA header,"inherited: identical organism label, same contiguous accession block and genome as the queried endpoints",RESOLVED,retained in the matrix; flagged here
YP_009981760.1,human-infecting (positive),IAS virus,IAS virus,1450749,no rank,Paundivirus hollandii,Viruses; Duplodnaviria; Heunggongvirae; Uroviricota; Caudoviricetes; Crassvirales; Steigviridae; Asinivirinae; Paundivirus; Paundivirus hollandii,NC_049978.1,NCBI Taxonomy / RefSeq,2026-09-08,https://eutils.ncbi.nlm.nih.gov/entrez/eutils/efetch.fcgi?db=protein&id=YP_009981760.1&rettype=gp&retmode=text,RefSeq protein accession carried verbatim in the released FASTA header,queried individually,RESOLVED,retained in the matrix; flagged here
YP_009981761.1,human-infecting (positive),IAS virus,IAS virus,1450749,no rank,Paundivirus hollandii,Viruses; Duplodnaviria; Heunggongvirae; Uroviricota; Caudoviricetes; Crassvirales; Steigviridae; Asinivirinae; Paundivirus; Paundivirus hollandii,NC_049978.1,NCBI Taxonomy / RefSeq,2026-09-08,https://eutils.ncbi.nlm.nih.gov/entrez/eutils/efetch.fcgi?db=protein&id=YP_009981761.1&rettype=gp&retmode=text,RefSeq protein accession carried verbatim in the released FASTA header,"inherited: identical organism label, same contiguous accession block and genome as the queried endpoints",RESOLVED,retained in the matrix; flagged here
YP_009981762.1,human-infecting (positive),IAS virus,IAS virus,1450749,no rank,Paundivirus hollandii,Viruses; Duplodnaviria; Heunggongvirae; Uroviricota; Caudoviricetes; Crassvirales; Steigviridae; Asinivirinae; Paundivirus; Paundivirus hollandii,NC_049978.1,NCBI Taxonomy / RefSeq,2026-09-08,https://eutils.ncbi.nlm.nih.gov/entrez/eutils/efetch.fcgi?db=protein&id=YP_009981762.1&rettype=gp&retmode=text,RefSeq protein accession carried verbatim in the released FASTA header,"inherited: identical organism label, same contiguous accession block and genome as the queried endpoints",RESOLVED,retained in the matrix; flagged here
YP_009981763.1,human-infecting (positive),IAS virus,IAS virus,1450749,no rank,Paundivirus hollandii,Viruses; Duplodnaviria; Heunggongvirae; Uroviricota; Caudoviricetes; Crassvirales; Steigviridae; Asinivirinae; Paundivirus; Paundivirus hollandii,NC_049978.1,NCBI Taxonomy / RefSeq,2026-09-08,https://eutils.ncbi.nlm.nih.gov/entrez/eutils/efetch.fcgi?db=protein&id=YP_009981763.1&rettype=gp&retmode=text,RefSeq protein accession carried verbatim in the released FASTA header,"inherited: identical organism label, same contiguous accession block and genome as the queried endpoints",RESOLVED,retained in the matrix; flagged here
YP_009981764.1,human-infecting (positive),IAS virus,IAS virus,1450749,no rank,Paundivirus hollandii,Viruses; Duplodnaviria; Heunggongvirae; Uroviricota; Caudoviricetes; Crassvirales; Steigviridae; Asinivirinae; Paundivirus; Paundivirus hollandii,NC_049978.1,NCBI Taxonomy / RefSeq,2026-09-08,https://eutils.ncbi.nlm.nih.gov/entrez/eutils/efetch.fcgi?db=protein&id=YP_009981764.1&rettype=gp&retmode=text,RefSeq protein accession carried verbatim in the released FASTA header,"inherited: identical organism label, same contiguous accession block and genome as the queried endpoints",RESOLVED,retained in the matrix; flagged here
YP_009981765.1,human-infecting (positive),IAS virus,IAS virus,1450749,no rank,Paundivirus hollandii,Viruses; Duplodnaviria; Heunggongvirae; Uroviricota; Caudoviricetes; Crassvirales; Steigviridae; Asinivirinae; Paundivirus; Paundivirus hollandii,NC_049978.1,NCBI Taxonomy / RefSeq,2026-09-08,https://eutils.ncbi.nlm.nih.gov/entrez/eutils/efetch.fcgi?db=protein&id=YP_009981765.1&rettype=gp&retmode=text,RefSeq protein accession carried verbatim in the released FASTA header,"inherited: identical organism label, same contiguous accession block and genome as the queried endpoints",RESOLVED,retained in the matrix; flagged here
YP_009981766.1,human-infecting (positive),IAS virus,IAS virus,1450749,no rank,Paundivirus hollandii,Viruses; Duplodnaviria; Heunggongvirae; Uroviricota; Caudoviricetes; Crassvirales; Steigviridae; Asinivirinae; Paundivirus; Paundivirus hollandii,NC_049978.1,NCBI Taxonomy / RefSeq,2026-09-08,https://eutils.ncbi.nlm.nih.gov/entrez/eutils/efetch.fcgi?db=protein&id=YP_009981766.1&rettype=gp&retmode=text,RefSeq protein accession carried verbatim in the released FASTA header,"inherited: identical organism label, same contiguous accession block and genome as the queried endpoints",RESOLVED,retained in the matrix; flagged here
YP_009981767.1,human-infecting (positive),IAS virus,IAS virus,1450749,no rank,Paundivirus hollandii,Viruses; Duplodnaviria; Heunggongvirae; Uroviricota; Caudoviricetes; Crassvirales; Steigviridae; Asinivirinae; Paundivirus; Paundivirus hollandii,NC_049978.1,NCBI Taxonomy / RefSeq,2026-09-08,https://eutils.ncbi.nlm.nih.gov/entrez/eutils/efetch.fcgi?db=protein&id=YP_009981767.1&rettype=gp&retmode=text,RefSeq protein accession carried verbatim in the released FASTA header,"inherited: identical organism label, same contiguous accession block and genome as the queried endpoints",RESOLVED,retained in the matrix; flagged here
YP_009981768.1,human-infecting (positive),IAS virus,IAS virus,1450749,no rank,Paundivirus hollandii,Viruses; Duplodnaviria; Heunggongvirae; Uroviricota; Caudoviricetes; Crassvirales; Steigviridae; Asinivirinae; Paundivirus; Paundivirus hollandii,NC_049978.1,NCBI Taxonomy / RefSeq,2026-09-08,https://eutils.ncbi.nlm.nih.gov/entrez/eutils/efetch.fcgi?db=protein&id=YP_009981768.1&rettype=gp&retmode=text,RefSeq protein accession carried verbatim in the released FASTA header,"inherited: identical organism label, same contiguous accession block and genome as the queried endpoints",RESOLVED,retained in the matrix; flagged here
YP_009981769.1,human-infecting (positive),IAS virus,IAS virus,1450749,no rank,Paundivirus hollandii,Viruses; Duplodnaviria; Heunggongvirae; Uroviricota; Caudoviricetes; Crassvirales; Steigviridae; Asinivirinae; Paundivirus; Paundivirus hollandii,NC_049978.1,NCBI Taxonomy / RefSeq,2026-09-08,https://eutils.ncbi.nlm.nih.gov/entrez/eutils/efetch.fcgi?db=protein&id=YP_009981769.1&rettype=gp&retmode=text,RefSeq protein accession carried verbatim in the released FASTA header,"inherited: identical organism label, same contiguous accession block and genome as the queried endpoints",RESOLVED,retained in the matrix; flagged here
YP_009981770.1,human-infecting (positive),IAS virus,IAS virus,1450749,no rank,Paundivirus hollandii,Viruses; Duplodnaviria; Heunggongvirae; Uroviricota; Caudoviricetes; Crassvirales; Steigviridae; Asinivirinae; Paundivirus; Paundivirus hollandii,NC_049978.1,NCBI Taxonomy / RefSeq,2026-09-08,https://eutils.ncbi.nlm.nih.gov/entrez/eutils/efetch.fcgi?db=protein&id=YP_009981770.1&rettype=gp&retmode=text,RefSeq protein accession carried verbatim in the released FASTA header,"inherited: identical organism label, same contiguous accession block and genome as the queried endpoints",RESOLVED,retained in the matrix; flagged here
YP_009981771.1,human-infecting (positive),IAS virus,IAS virus,1450749,no rank,Paundivirus hollandii,Viruses; Duplodnaviria; Heunggongvirae; Uroviricota; Caudoviricetes; Crassvirales; Steigviridae; Asinivirinae; Paundivirus; Paundivirus hollandii,NC_049978.1,NCBI Taxonomy / RefSeq,2026-09-08,https://eutils.ncbi.nlm.nih.gov/entrez/eutils/efetch.fcgi?db=protein&id=YP_009981771.1&rettype=gp&retmode=text,RefSeq protein accession carried verbatim in the released FASTA header,"inherited: identical organism label, same contiguous accession block and genome as the queried endpoints",RESOLVED,retained in the matrix; flagged here
YP_009981772.1,human-infecting (positive),IAS virus,IAS virus,1450749,no rank,Paundivirus hollandii,Viruses; Duplodnaviria; Heunggongvirae; Uroviricota; Caudoviricetes; Crassvirales; Steigviridae; Asinivirinae; Paundivirus; Paundivirus hollandii,NC_049978.1,NCBI Taxonomy / RefSeq,2026-09-08,https://eutils.ncbi.nlm.nih.gov/entrez/eutils/efetch.fcgi?db=protein&id=YP_009981772.1&rettype=gp&retmode=text,RefSeq protein accession carried verbatim in the released FASTA header,"inherited: identical organism label, same contiguous accession block and genome as the queried endpoints",RESOLVED,retained in the matrix; flagged here
YP_009981773.1,human-infecting (positive),IAS virus,IAS virus,1450749,no rank,Paundivirus hollandii,Viruses; Duplodnaviria; Heunggongvirae; Uroviricota; Caudoviricetes; Crassvirales; Steigviridae; Asinivirinae; Paundivirus; Paundivirus hollandii,NC_049978.1,NCBI Taxonomy / RefSeq,2026-09-08,https://eutils.ncbi.nlm.nih.gov/entrez/eutils/efetch.fcgi?db=protein&id=YP_009981773.1&rettype=gp&retmode=text,RefSeq protein accession carried verbatim in the released FASTA header,"inherited: identical organism label, same contiguous accession block and genome as the queried endpoints",RESOLVED,retained in the matrix; flagged here
YP_009981774.1,human-infecting (positive),IAS virus,IAS virus,1450749,no rank,Paundivirus hollandii,Viruses; Duplodnaviria; Heunggongvirae; Uroviricota; Caudoviricetes; Crassvirales; Steigviridae; Asinivirinae; Paundivirus; Paundivirus hollandii,NC_049978.1,NCBI Taxonomy / RefSeq,2026-09-08,https://eutils.ncbi.nlm.nih.gov/entrez/eutils/efetch.fcgi?db=protein&id=YP_009981774.1&rettype=gp&retmode=text,RefSeq protein accession carried verbatim in the released FASTA header,"inherited: identical organism label, same contiguous accession block and genome as the queried endpoints",RESOLVED,retained in the matrix; flagged here
YP_009981775.1,human-infecting (positive),IAS virus,IAS virus,1450749,no rank,Paundivirus hollandii,Viruses; Duplodnaviria; Heunggongvirae; Uroviricota; Caudoviricetes; Crassvirales; Steigviridae; Asinivirinae; Paundivirus; Paundivirus hollandii,NC_049978.1,NCBI Taxonomy / RefSeq,2026-09-08,https://eutils.ncbi.nlm.nih.gov/entrez/eutils/efetch.fcgi?db=protein&id=YP_009981775.1&rettype=gp&retmode=text,RefSeq protein accession carried verbatim in the released FASTA header,"inherited: identical organism label, same contiguous accession block and genome as the queried endpoints",RESOLVED,retained in the matrix; flagged here
YP_009981776.1,human-infecting (positive),IAS virus,IAS virus,1450749,no rank,Paundivirus hollandii,Viruses; Duplodnaviria; Heunggongvirae; Uroviricota; Caudoviricetes; Crassvirales; Steigviridae; Asinivirinae; Paundivirus; Paundivirus hollandii,NC_049978.1,NCBI Taxonomy / RefSeq,2026-09-08,https://eutils.ncbi.nlm.nih.gov/entrez/eutils/efetch.fcgi?db=protein&id=YP_009981776.1&rettype=gp&retmode=text,RefSeq protein accession carried verbatim in the released FASTA header,"inherited: identical organism label, same contiguous accession block and genome as the queried endpoints",RESOLVED,retained in the matrix; flagged here
YP_009981777.1,human-infecting (positive),IAS virus,IAS virus,1450749,no rank,Paundivirus hollandii,Viruses; Duplodnaviria; Heunggongvirae; Uroviricota; Caudoviricetes; Crassvirales; Steigviridae; Asinivirinae; Paundivirus; Paundivirus hollandii,NC_049978.1,NCBI Taxonomy / RefSeq,2026-09-08,https://eutils.ncbi.nlm.nih.gov/entrez/eutils/efetch.fcgi?db=protein&id=YP_009981777.1&rettype=gp&retmode=text,RefSeq protein accession carried verbatim in the released FASTA header,"inherited: identical organism label, same contiguous accession block and genome as the queried endpoints",RESOLVED,retained in the matrix; flagged here
YP_009981778.1,human-infecting (positive),IAS virus,IAS virus,1450749,no rank,Paundivirus hollandii,Viruses; Duplodnaviria; Heunggongvirae; Uroviricota; Caudoviricetes; Crassvirales; Steigviridae; Asinivirinae; Paundivirus; Paundivirus hollandii,NC_049978.1,NCBI Taxonomy / RefSeq,2026-09-08,https://eutils.ncbi.nlm.nih.gov/entrez/eutils/efetch.fcgi?db=protein&id=YP_009981778.1&rettype=gp&retmode=text,RefSeq protein accession carried verbatim in the released FASTA header,"inherited: identical organism label, same contiguous accession block and genome as the queried endpoints",RESOLVED,retained in the matrix; flagged here
YP_009981779.1,human-infecting (positive),IAS virus,IAS virus,1450749,no rank,Paundivirus hollandii,Viruses; Duplodnaviria; Heunggongvirae; Uroviricota; Caudoviricetes; Crassvirales; Steigviridae; Asinivirinae; Paundivirus; Paundivirus hollandii,NC_049978.1,NCBI Taxonomy / RefSeq,2026-09-08,https://eutils.ncbi.nlm.nih.gov/entrez/eutils/efetch.fcgi?db=protein&id=YP_009981779.1&rettype=gp&retmode=text,RefSeq protein accession carried verbatim in the released FASTA header,"inherited: identical organism label, same contiguous accession block and genome as the queried endpoints",RESOLVED,retained in the matrix; flagged here
YP_009981780.1,human-infecting (positive),IAS virus,IAS virus,1450749,no rank,Paundivirus hollandii,Viruses; Duplodnaviria; Heunggongvirae; Uroviricota; Caudoviricetes; Crassvirales; Steigviridae; Asinivirinae; Paundivirus; Paundivirus hollandii,NC_049978.1,NCBI Taxonomy / RefSeq,2026-09-08,https://eutils.ncbi.nlm.nih.gov/entrez/eutils/efetch.fcgi?db=protein&id=YP_009981780.1&rettype=gp&retmode=text,RefSeq protein accession carried verbatim in the released FASTA header,"inherited: identical organism label, same contiguous accession block and genome as the queried endpoints",RESOLVED,retained in the matrix; flagged here
YP_009981781.1,human-infecting (positive),IAS virus,IAS virus,1450749,no rank,Paundivirus hollandii,Viruses; Duplodnaviria; Heunggongvirae; Uroviricota; Caudoviricetes; Crassvirales; Steigviridae; Asinivirinae; Paundivirus; Paundivirus hollandii,NC_049978.1,NCBI Taxonomy / RefSeq,2026-09-08,https://eutils.ncbi.nlm.nih.gov/entrez/eutils/efetch.fcgi?db=protein&id=YP_009981781.1&rettype=gp&retmode=text,RefSeq protein accession carried verbatim in the released FASTA header,"inherited: identical organism label, same contiguous accession block and genome as the queried endpoints",RESOLVED,retained in the matrix; flagged here
YP_009981782.1,human-infecting (positive),IAS virus,IAS virus,1450749,no rank,Paundivirus hollandii,Viruses; Duplodnaviria; Heunggongvirae; Uroviricota; Caudoviricetes; Crassvirales; Steigviridae; Asinivirinae; Paundivirus; Paundivirus hollandii,NC_049978.1,NCBI Taxonomy / RefSeq,2026-09-08,https://eutils.ncbi.nlm.nih.gov/entrez/eutils/efetch.fcgi?db=protein&id=YP_009981782.1&rettype=gp&retmode=text,RefSeq protein accession carried verbatim in the released FASTA header,"inherited: identical organism label, same contiguous accession block and genome as the queried endpoints",RESOLVED,retained in the matrix; flagged here
YP_009981783.1,human-infecting (positive),IAS virus,IAS virus,1450749,no rank,Paundivirus hollandii,Viruses; Duplodnaviria; Heunggongvirae; Uroviricota; Caudoviricetes; Crassvirales; Steigviridae; Asinivirinae; Paundivirus; Paundivirus hollandii,NC_049978.1,NCBI Taxonomy / RefSeq,2026-09-08,https://eutils.ncbi.nlm.nih.gov/entrez/eutils/efetch.fcgi?db=protein&id=YP_009981783.1&rettype=gp&retmode=text,RefSeq protein accession carried verbatim in the released FASTA header,"inherited: identical organism label, same contiguous accession block and genome as the queried endpoints",RESOLVED,retained in the matrix; flagged here
YP_009981784.1,human-infecting (positive),IAS virus,IAS virus,1450749,no rank,Paundivirus hollandii,Viruses; Duplodnaviria; Heunggongvirae; Uroviricota; Caudoviricetes; Crassvirales; Steigviridae; Asinivirinae; Paundivirus; Paundivirus hollandii,NC_049978.1,NCBI Taxonomy / RefSeq,2026-09-08,https://eutils.ncbi.nlm.nih.gov/entrez/eutils/efetch.fcgi?db=protein&id=YP_009981784.1&rettype=gp&retmode=text,RefSeq protein accession carried verbatim in the released FASTA header,"inherited: identical organism label, same contiguous accession block and genome as the queried endpoints",RESOLVED,retained in the matrix; flagged here
YP_009981785.1,human-infecting (positive),IAS virus,IAS virus,1450749,no rank,Paundivirus hollandii,Viruses; Duplodnaviria; Heunggongvirae; Uroviricota; Caudoviricetes; Crassvirales; Steigviridae; Asinivirinae; Paundivirus; Paundivirus hollandii,NC_049978.1,NCBI Taxonomy / RefSeq,2026-09-08,https://eutils.ncbi.nlm.nih.gov/entrez/eutils/efetch.fcgi?db=protein&id=YP_009981785.1&rettype=gp&retmode=text,RefSeq protein accession carried verbatim in the released FASTA header,"inherited: identical organism label, same contiguous accession block and genome as the queried endpoints",RESOLVED,retained in the matrix; flagged here
YP_009981786.1,human-infecting (positive),IAS virus,IAS virus,1450749,no rank,Paundivirus hollandii,Viruses; Duplodnaviria; Heunggongvirae; Uroviricota; Caudoviricetes; Crassvirales; Steigviridae; Asinivirinae; Paundivirus; Paundivirus hollandii,NC_049978.1,NCBI Taxonomy / RefSeq,2026-09-08,https://eutils.ncbi.nlm.nih.gov/entrez/eutils/efetch.fcgi?db=protein&id=YP_009981786.1&rettype=gp&retmode=text,RefSeq protein accession carried verbatim in the released FASTA header,"inherited: identical organism label, same contiguous accession block and genome as the queried endpoints",RESOLVED,retained in the matrix; flagged here
YP_009981787.1,human-infecting (positive),IAS virus,IAS virus,1450749,no rank,Paundivirus hollandii,Viruses; Duplodnaviria; Heunggongvirae; Uroviricota; Caudoviricetes; Crassvirales; Steigviridae; Asinivirinae; Paundivirus; Paundivirus hollandii,NC_049978.1,NCBI Taxonomy / RefSeq,2026-09-08,https://eutils.ncbi.nlm.nih.gov/entrez/eutils/efetch.fcgi?db=protein&id=YP_009981787.1&rettype=gp&retmode=text,RefSeq protein accession carried verbatim in the released FASTA header,"inherited: identical organism label, same contiguous accession block and genome as the queried endpoints",RESOLVED,retained in the matrix; flagged here
YP_009981788.1,human-infecting (positive),IAS virus,IAS virus,1450749,no rank,Paundivirus hollandii,Viruses; Duplodnaviria; Heunggongvirae; Uroviricota; Caudoviricetes; Crassvirales; Steigviridae; Asinivirinae; Paundivirus; Paundivirus hollandii,NC_049978.1,NCBI Taxonomy / RefSeq,2026-09-08,https://eutils.ncbi.nlm.nih.gov/entrez/eutils/efetch.fcgi?db=protein&id=YP_009981788.1&rettype=gp&retmode=text,RefSeq protein accession carried verbatim in the released FASTA header,"inherited: identical organism label, same contiguous accession block and genome as the queried endpoints",RESOLVED,retained in the matrix; flagged here
YP_009981789.1,human-infecting (positive),IAS virus,IAS virus,1450749,no rank,Paundivirus hollandii,Viruses; Duplodnaviria; Heunggongvirae; Uroviricota; Caudoviricetes; Crassvirales; Steigviridae; Asinivirinae; Paundivirus; Paundivirus hollandii,NC_049978.1,NCBI Taxonomy / RefSeq,2026-09-08,https://eutils.ncbi.nlm.nih.gov/entrez/eutils/efetch.fcgi?db=protein&id=YP_009981789.1&rettype=gp&retmode=text,RefSeq protein accession carried verbatim in the released FASTA header,"inherited: identical organism label, same contiguous accession block and genome as the queried endpoints",RESOLVED,retained in the matrix; flagged here
YP_009981790.1,human-infecting (positive),IAS virus,IAS virus,1450749,no rank,Paundivirus hollandii,Viruses; Duplodnaviria; Heunggongvirae; Uroviricota; Caudoviricetes; Crassvirales; Steigviridae; Asinivirinae; Paundivirus; Paundivirus hollandii,NC_049978.1,NCBI Taxonomy / RefSeq,2026-09-08,https://eutils.ncbi.nlm.nih.gov/entrez/eutils/efetch.fcgi?db=protein&id=YP_009981790.1&rettype=gp&retmode=text,RefSeq protein accession carried verbatim in the released FASTA header,"inherited: identical organism label, same contiguous accession block and genome as the queried endpoints",RESOLVED,retained in the matrix; flagged here
YP_009981791.1,human-infecting (positive),IAS virus,IAS virus,1450749,no rank,Paundivirus hollandii,Viruses; Duplodnaviria; Heunggongvirae; Uroviricota; Caudoviricetes; Crassvirales; Steigviridae; Asinivirinae; Paundivirus; Paundivirus hollandii,NC_049978.1,NCBI Taxonomy / RefSeq,2026-09-08,https://eutils.ncbi.nlm.nih.gov/entrez/eutils/efetch.fcgi?db=protein&id=YP_009981791.1&rettype=gp&retmode=text,RefSeq protein accession carried verbatim in the released FASTA header,"inherited: identical organism label, same contiguous accession block and genome as the queried endpoints",RESOLVED,retained in the matrix; flagged here
YP_009981792.1,human-infecting (positive),IAS virus,IAS virus,1450749,no rank,Paundivirus hollandii,Viruses; Duplodnaviria; Heunggongvirae; Uroviricota; Caudoviricetes; Crassvirales; Steigviridae; Asinivirinae; Paundivirus; Paundivirus hollandii,NC_049978.1,NCBI Taxonomy / RefSeq,2026-09-08,https://eutils.ncbi.nlm.nih.gov/entrez/eutils/efetch.fcgi?db=protein&id=YP_009981792.1&rettype=gp&retmode=text,RefSeq protein accession carried verbatim in the released FASTA header,"inherited: identical organism label, same contiguous accession block and genome as the queried endpoints",RESOLVED,retained in the matrix; flagged here
YP_009981793.1,human-infecting (positive),IAS virus,IAS virus,1450749,no rank,Paundivirus hollandii,Viruses; Duplodnaviria; Heunggongvirae; Uroviricota; Caudoviricetes; Crassvirales; Steigviridae; Asinivirinae; Paundivirus; Paundivirus hollandii,NC_049978.1,NCBI Taxonomy / RefSeq,2026-09-08,https://eutils.ncbi.nlm.nih.gov/entrez/eutils/efetch.fcgi?db=protein&id=YP_009981793.1&rettype=gp&retmode=text,RefSeq protein accession carried verbatim in the released FASTA header,"inherited: identical organism label, same contiguous accession block and genome as the queried endpoints",RESOLVED,retained in the matrix; flagged here
YP_009981794.1,human-infecting (positive),IAS virus,IAS virus,1450749,no rank,Paundivirus hollandii,Viruses; Duplodnaviria; Heunggongvirae; Uroviricota; Caudoviricetes; Crassvirales; Steigviridae; Asinivirinae; Paundivirus; Paundivirus hollandii,NC_049978.1,NCBI Taxonomy / RefSeq,2026-09-08,https://eutils.ncbi.nlm.nih.gov/entrez/eutils/efetch.fcgi?db=protein&id=YP_009981794.1&rettype=gp&retmode=text,RefSeq protein accession carried verbatim in the released FASTA header,"inherited: identical organism label, same contiguous accession block and genome as the queried endpoints",RESOLVED,retained in the matrix; flagged here
YP_009981795.1,human-infecting (positive),IAS virus,IAS virus,1450749,no rank,Paundivirus hollandii,Viruses; Duplodnaviria; Heunggongvirae; Uroviricota; Caudoviricetes; Crassvirales; Steigviridae; Asinivirinae; Paundivirus; Paundivirus hollandii,NC_049978.1,NCBI Taxonomy / RefSeq,2026-09-08,https://eutils.ncbi.nlm.nih.gov/entrez/eutils/efetch.fcgi?db=protein&id=YP_009981795.1&rettype=gp&retmode=text,RefSeq protein accession carried verbatim in the released FASTA header,"inherited: identical organism label, same contiguous accession block and genome as the queried endpoints",RESOLVED,retained in the matrix; flagged here
YP_009981796.1,human-infecting (positive),IAS virus,IAS virus,1450749,no rank,Paundivirus hollandii,Viruses; Duplodnaviria; Heunggongvirae; Uroviricota; Caudoviricetes; Crassvirales; Steigviridae; Asinivirinae; Paundivirus; Paundivirus hollandii,NC_049978.1,NCBI Taxonomy / RefSeq,2026-09-08,https://eutils.ncbi.nlm.nih.gov/entrez/eutils/efetch.fcgi?db=protein&id=YP_009981796.1&rettype=gp&retmode=text,RefSeq protein accession carried verbatim in the released FASTA header,"inherited: identical organism label, same contiguous accession block and genome as the queried endpoints",RESOLVED,retained in the matrix; flagged here
YP_009981797.1,human-infecting (positive),IAS virus,IAS virus,1450749,no rank,Paundivirus hollandii,Viruses; Duplodnaviria; Heunggongvirae; Uroviricota; Caudoviricetes; Crassvirales; Steigviridae; Asinivirinae; Paundivirus; Paundivirus hollandii,NC_049978.1,NCBI Taxonomy / RefSeq,2026-09-08,https://eutils.ncbi.nlm.nih.gov/entrez/eutils/efetch.fcgi?db=protein&id=YP_009981797.1&rettype=gp&retmode=text,RefSeq protein accession carried verbatim in the released FASTA header,"inherited: identical organism label, same contiguous accession block and genome as the queried endpoints",RESOLVED,retained in the matrix; flagged here
YP_009981798.1,human-infecting (positive),IAS virus,IAS virus,1450749,no rank,Paundivirus hollandii,Viruses; Duplodnaviria; Heunggongvirae; Uroviricota; Caudoviricetes; Crassvirales; Steigviridae; Asinivirinae; Paundivirus; Paundivirus hollandii,NC_049978.1,NCBI Taxonomy / RefSeq,2026-09-08,https://eutils.ncbi.nlm.nih.gov/entrez/eutils/efetch.fcgi?db=protein&id=YP_009981798.1&rettype=gp&retmode=text,RefSeq protein accession carried verbatim in the released FASTA header,"inherited: identical organism label, same contiguous accession block and genome as the queried endpoints",RESOLVED,retained in the matrix; flagged here
YP_009981799.1,human-infecting (positive),IAS virus,IAS virus,1450749,no rank,Paundivirus hollandii,Viruses; Duplodnaviria; Heunggongvirae; Uroviricota; Caudoviricetes; Crassvirales; Steigviridae; Asinivirinae; Paundivirus; Paundivirus hollandii,NC_049978.1,NCBI Taxonomy / RefSeq,2026-09-08,https://eutils.ncbi.nlm.nih.gov/entrez/eutils/efetch.fcgi?db=protein&id=YP_009981799.1&rettype=gp&retmode=text,RefSeq protein accession carried verbatim in the released FASTA header,"inherited: identical organism label, same contiguous accession block and genome as the queried endpoints",RESOLVED,retained in the matrix; flagged here
YP_009981800.1,human-infecting (positive),IAS virus,IAS virus,1450749,no rank,Paundivirus hollandii,Viruses; Duplodnaviria; Heunggongvirae; Uroviricota; Caudoviricetes; Crassvirales; Steigviridae; Asinivirinae; Paundivirus; Paundivirus hollandii,NC_049978.1,NCBI Taxonomy / RefSeq,2026-09-08,https://eutils.ncbi.nlm.nih.gov/entrez/eutils/efetch.fcgi?db=protein&id=YP_009981800.1&rettype=gp&retmode=text,RefSeq protein accession carried verbatim in the released FASTA header,"inherited: identical organism label, same contiguous accession block and genome as the queried endpoints",RESOLVED,retained in the matrix; flagged here
YP_009981801.1,human-infecting (positive),IAS virus,IAS virus,1450749,no rank,Paundivirus hollandii,Viruses; Duplodnaviria; Heunggongvirae; Uroviricota; Caudoviricetes; Crassvirales; Steigviridae; Asinivirinae; Paundivirus; Paundivirus hollandii,NC_049978.1,NCBI Taxonomy / RefSeq,2026-09-08,https://eutils.ncbi.nlm.nih.gov/entrez/eutils/efetch.fcgi?db=protein&id=YP_009981801.1&rettype=gp&retmode=text,RefSeq protein accession carried verbatim in the released FASTA header,"inherited: identical organism label, same contiguous accession block and genome as the queried endpoints",RESOLVED,retained in the matrix; flagged here
YP_009981802.1,human-infecting (positive),IAS virus,IAS virus,1450749,no rank,Paundivirus hollandii,Viruses; Duplodnaviria; Heunggongvirae; Uroviricota; Caudoviricetes; Crassvirales; Steigviridae; Asinivirinae; Paundivirus; Paundivirus hollandii,NC_049978.1,NCBI Taxonomy / RefSeq,2026-09-08,https://eutils.ncbi.nlm.nih.gov/entrez/eutils/efetch.fcgi?db=protein&id=YP_009981802.1&rettype=gp&retmode=text,RefSeq protein accession carried verbatim in the released FASTA header,"inherited: identical organism label, same contiguous accession block and genome as the queried endpoints",RESOLVED,retained in the matrix; flagged here
YP_009981803.1,human-infecting (positive),IAS virus,IAS virus,1450749,no rank,Paundivirus hollandii,Viruses; Duplodnaviria; Heunggongvirae; Uroviricota; Caudoviricetes; Crassvirales; Steigviridae; Asinivirinae; Paundivirus; Paundivirus hollandii,NC_049978.1,NCBI Taxonomy / RefSeq,2026-09-08,https://eutils.ncbi.nlm.nih.gov/entrez/eutils/efetch.fcgi?db=protein&id=YP_009981803.1&rettype=gp&retmode=text,RefSeq protein accession carried verbatim in the released FASTA header,"inherited: identical organism label, same contiguous accession block and genome as the queried endpoints",RESOLVED,retained in the matrix; flagged here
YP_009981804.1,human-infecting (positive),IAS virus,IAS virus,1450749,no rank,Paundivirus hollandii,Viruses; Duplodnaviria; Heunggongvirae; Uroviricota; Caudoviricetes; Crassvirales; Steigviridae; Asinivirinae; Paundivirus; Paundivirus hollandii,NC_049978.1,NCBI Taxonomy / RefSeq,2026-09-08,https://eutils.ncbi.nlm.nih.gov/entrez/eutils/efetch.fcgi?db=protein&id=YP_009981804.1&rettype=gp&retmode=text,RefSeq protein accession carried verbatim in the released FASTA header,"inherited: identical organism label, same contiguous accession block and genome as the queried endpoints",RESOLVED,retained in the matrix; flagged here
YP_009981805.1,human-infecting (positive),IAS virus,IAS virus,1450749,no rank,Paundivirus hollandii,Viruses; Duplodnaviria; Heunggongvirae; Uroviricota; Caudoviricetes; Crassvirales; Steigviridae; Asinivirinae; Paundivirus; Paundivirus hollandii,NC_049978.1,NCBI Taxonomy / RefSeq,2026-09-08,https://eutils.ncbi.nlm.nih.gov/entrez/eutils/efetch.fcgi?db=protein&id=YP_009981805.1&rettype=gp&retmode=text,RefSeq protein accession carried verbatim in the released FASTA header,"inherited: identical organism label, same contiguous accession block and genome as the queried endpoints",RESOLVED,retained in the matrix; flagged here
YP_009981806.1,human-infecting (positive),IAS virus,IAS virus,1450749,no rank,Paundivirus hollandii,Viruses; Duplodnaviria; Heunggongvirae; Uroviricota; Caudoviricetes; Crassvirales; Steigviridae; Asinivirinae; Paundivirus; Paundivirus hollandii,NC_049978.1,NCBI Taxonomy / RefSeq,2026-09-08,https://eutils.ncbi.nlm.nih.gov/entrez/eutils/efetch.fcgi?db=protein&id=YP_009981806.1&rettype=gp&retmode=text,RefSeq protein accession carried verbatim in the released FASTA header,queried individually,RESOLVED,retained in the matrix; flagged here
YP_009042507.1,human-infecting (positive),Staphylococcus phage 6ec,Staphylococcus phage 6ec,1500386,no rank,Sextaecvirus sextaec,Viruses; Duplodnaviria; Heunggongvirae; Uroviricota; Caudoviricetes; Sextaecvirus; Sextaecvirus sextaec,NC_024355.1,NCBI Taxonomy / RefSeq,2026-09-08,https://eutils.ncbi.nlm.nih.gov/entrez/eutils/efetch.fcgi?db=protein&id=YP_009042507.1&rettype=gp&retmode=text,RefSeq protein accession carried verbatim in the released FASTA header,queried individually,RESOLVED,retained in the matrix; flagged here
YP_009042508.1,human-infecting (positive),Staphylococcus phage 6ec,Staphylococcus phage 6ec,1500386,no rank,Sextaecvirus sextaec,Viruses; Duplodnaviria; Heunggongvirae; Uroviricota; Caudoviricetes; Sextaecvirus; Sextaecvirus sextaec,NC_024355.1,NCBI Taxonomy / RefSeq,2026-09-08,https://eutils.ncbi.nlm.nih.gov/entrez/eutils/efetch.fcgi?db=protein&id=YP_009042508.1&rettype=gp&retmode=text,RefSeq protein accession carried verbatim in the released FASTA header,"inherited: identical organism label, same contiguous accession block and genome as the queried endpoints",RESOLVED,retained in the matrix; flagged here
YP_009042509.1,human-infecting (positive),Staphylococcus phage 6ec,Staphylococcus phage 6ec,1500386,no rank,Sextaecvirus sextaec,Viruses; Duplodnaviria; Heunggongvirae; Uroviricota; Caudoviricetes; Sextaecvirus; Sextaecvirus sextaec,NC_024355.1,NCBI Taxonomy / RefSeq,2026-09-08,https://eutils.ncbi.nlm.nih.gov/entrez/eutils/efetch.fcgi?db=protein&id=YP_009042509.1&rettype=gp&retmode=text,RefSeq protein accession carried verbatim in the released FASTA header,"inherited: identical organism label, same contiguous accession block and genome as the queried endpoints",RESOLVED,retained in the matrix; flagged here
YP_009042510.1,human-infecting (positive),Staphylococcus phage 6ec,Staphylococcus phage 6ec,1500386,no rank,Sextaecvirus sextaec,Viruses; Duplodnaviria; Heunggongvirae; Uroviricota; Caudoviricetes; Sextaecvirus; Sextaecvirus sextaec,NC_024355.1,NCBI Taxonomy / RefSeq,2026-09-08,https://eutils.ncbi.nlm.nih.gov/entrez/eutils/efetch.fcgi?db=protein&id=YP_009042510.1&rettype=gp&retmode=text,RefSeq protein accession carried verbatim in the released FASTA header,"inherited: identical organism label, same contiguous accession block and genome as the queried endpoints",RESOLVED,retained in the matrix; flagged here
YP_009042511.1,human-infecting (positive),Staphylococcus phage 6ec,Staphylococcus phage 6ec,1500386,no rank,Sextaecvirus sextaec,Viruses; Duplodnaviria; Heunggongvirae; Uroviricota; Caudoviricetes; Sextaecvirus; Sextaecvirus sextaec,NC_024355.1,NCBI Taxonomy / RefSeq,2026-09-08,https://eutils.ncbi.nlm.nih.gov/entrez/eutils/efetch.fcgi?db=protein&id=YP_009042511.1&rettype=gp&retmode=text,RefSeq protein accession carried verbatim in the released FASTA header,"inherited: identical organism label, same contiguous accession block and genome as the queried endpoints",RESOLVED,retained in the matrix; flagged here
YP_009042512.1,human-infecting (positive),Staphylococcus phage 6ec,Staphylococcus phage 6ec,1500386,no rank,Sextaecvirus sextaec,Viruses; Duplodnaviria; Heunggongvirae; Uroviricota; Caudoviricetes; Sextaecvirus; Sextaecvirus sextaec,NC_024355.1,NCBI Taxonomy / RefSeq,2026-09-08,https://eutils.ncbi.nlm.nih.gov/entrez/eutils/efetch.fcgi?db=protein&id=YP_009042512.1&rettype=gp&retmode=text,RefSeq protein accession carried verbatim in the released FASTA header,"inherited: identical organism label, same contiguous accession block and genome as the queried endpoints",RESOLVED,retained in the matrix; flagged here
YP_009042513.1,human-infecting (positive),Staphylococcus phage 6ec,Staphylococcus phage 6ec,1500386,no rank,Sextaecvirus sextaec,Viruses; Duplodnaviria; Heunggongvirae; Uroviricota; Caudoviricetes; Sextaecvirus; Sextaecvirus sextaec,NC_024355.1,NCBI Taxonomy / RefSeq,2026-09-08,https://eutils.ncbi.nlm.nih.gov/entrez/eutils/efetch.fcgi?db=protein&id=YP_009042513.1&rettype=gp&retmode=text,RefSeq protein accession carried verbatim in the released FASTA header,"inherited: identical organism label, same contiguous accession block and genome as the queried endpoints",RESOLVED,retained in the matrix; flagged here
YP_009042514.1,human-infecting (positive),Staphylococcus phage 6ec,Staphylococcus phage 6ec,1500386,no rank,Sextaecvirus sextaec,Viruses; Duplodnaviria; Heunggongvirae; Uroviricota; Caudoviricetes; Sextaecvirus; Sextaecvirus sextaec,NC_024355.1,NCBI Taxonomy / RefSeq,2026-09-08,https://eutils.ncbi.nlm.nih.gov/entrez/eutils/efetch.fcgi?db=protein&id=YP_009042514.1&rettype=gp&retmode=text,RefSeq protein accession carried verbatim in the released FASTA header,"inherited: identical organism label, same contiguous accession block and genome as the queried endpoints",RESOLVED,retained in the matrix; flagged here
YP_009042515.1,human-infecting (positive),Staphylococcus phage 6ec,Staphylococcus phage 6ec,1500386,no rank,Sextaecvirus sextaec,Viruses; Duplodnaviria; Heunggongvirae; Uroviricota; Caudoviricetes; Sextaecvirus; Sextaecvirus sextaec,NC_024355.1,NCBI Taxonomy / RefSeq,2026-09-08,https://eutils.ncbi.nlm.nih.gov/entrez/eutils/efetch.fcgi?db=protein&id=YP_009042515.1&rettype=gp&retmode=text,RefSeq protein accession carried verbatim in the released FASTA header,"inherited: identical organism label, same contiguous accession block and genome as the queried endpoints",RESOLVED,retained in the matrix; flagged here
YP_009042516.1,human-infecting (positive),Staphylococcus phage 6ec,Staphylococcus phage 6ec,1500386,no rank,Sextaecvirus sextaec,Viruses; Duplodnaviria; Heunggongvirae; Uroviricota; Caudoviricetes; Sextaecvirus; Sextaecvirus sextaec,NC_024355.1,NCBI Taxonomy / RefSeq,2026-09-08,https://eutils.ncbi.nlm.nih.gov/entrez/eutils/efetch.fcgi?db=protein&id=YP_009042516.1&rettype=gp&retmode=text,RefSeq protein accession carried verbatim in the released FASTA header,"inherited: identical organism label, same contiguous accession block and genome as the queried endpoints",RESOLVED,retained in the matrix; flagged here
YP_009042517.1,human-infecting (positive),Staphylococcus phage 6ec,Staphylococcus phage 6ec,1500386,no rank,Sextaecvirus sextaec,Viruses; Duplodnaviria; Heunggongvirae; Uroviricota; Caudoviricetes; Sextaecvirus; Sextaecvirus sextaec,NC_024355.1,NCBI Taxonomy / RefSeq,2026-09-08,https://eutils.ncbi.nlm.nih.gov/entrez/eutils/efetch.fcgi?db=protein&id=YP_009042517.1&rettype=gp&retmode=text,RefSeq protein accession carried verbatim in the released FASTA header,"inherited: identical organism label, same contiguous accession block and genome as the queried endpoints",RESOLVED,retained in the matrix; flagged here
YP_009042518.1,human-infecting (positive),Staphylococcus phage 6ec,Staphylococcus phage 6ec,1500386,no rank,Sextaecvirus sextaec,Viruses; Duplodnaviria; Heunggongvirae; Uroviricota; Caudoviricetes; Sextaecvirus; Sextaecvirus sextaec,NC_024355.1,NCBI Taxonomy / RefSeq,2026-09-08,https://eutils.ncbi.nlm.nih.gov/entrez/eutils/efetch.fcgi?db=protein&id=YP_009042518.1&rettype=gp&retmode=text,RefSeq protein accession carried verbatim in the released FASTA header,"inherited: identical organism label, same contiguous accession block and genome as the queried endpoints",RESOLVED,retained in the matrix; flagged here
YP_009042519.1,human-infecting (positive),Staphylococcus phage 6ec,Staphylococcus phage 6ec,1500386,no rank,Sextaecvirus sextaec,Viruses; Duplodnaviria; Heunggongvirae; Uroviricota; Caudoviricetes; Sextaecvirus; Sextaecvirus sextaec,NC_024355.1,NCBI Taxonomy / RefSeq,2026-09-08,https://eutils.ncbi.nlm.nih.gov/entrez/eutils/efetch.fcgi?db=protein&id=YP_009042519.1&rettype=gp&retmode=text,RefSeq protein accession carried verbatim in the released FASTA header,"inherited: identical organism label, same contiguous accession block and genome as the queried endpoints",RESOLVED,retained in the matrix; flagged here
YP_009042520.1,human-infecting (positive),Staphylococcus phage 6ec,Staphylococcus phage 6ec,1500386,no rank,Sextaecvirus sextaec,Viruses; Duplodnaviria; Heunggongvirae; Uroviricota; Caudoviricetes; Sextaecvirus; Sextaecvirus sextaec,NC_024355.1,NCBI Taxonomy / RefSeq,2026-09-08,https://eutils.ncbi.nlm.nih.gov/entrez/eutils/efetch.fcgi?db=protein&id=YP_009042520.1&rettype=gp&retmode=text,RefSeq protein accession carried verbatim in the released FASTA header,"inherited: identical organism label, same contiguous accession block and genome as the queried endpoints",RESOLVED,retained in the matrix; flagged here
YP_009042521.2,human-infecting (positive),Staphylococcus phage 6ec,Staphylococcus phage 6ec,1500386,no rank,Sextaecvirus sextaec,Viruses; Duplodnaviria; Heunggongvirae; Uroviricota; Caudoviricetes; Sextaecvirus; Sextaecvirus sextaec,NC_024355.1,NCBI Taxonomy / RefSeq,2026-09-08,https://eutils.ncbi.nlm.nih.gov/entrez/eutils/efetch.fcgi?db=protein&id=YP_009042521.2&rettype=gp&retmode=text,RefSeq protein accession carried verbatim in the released FASTA header,"inherited: identical organism label, same contiguous accession block and genome as the queried endpoints",RESOLVED,retained in the matrix; flagged here
YP_009042522.1,human-infecting (positive),Staphylococcus phage 6ec,Staphylococcus phage 6ec,1500386,no rank,Sextaecvirus sextaec,Viruses; Duplodnaviria; Heunggongvirae; Uroviricota; Caudoviricetes; Sextaecvirus; Sextaecvirus sextaec,NC_024355.1,NCBI Taxonomy / RefSeq,2026-09-08,https://eutils.ncbi.nlm.nih.gov/entrez/eutils/efetch.fcgi?db=protein&id=YP_009042522.1&rettype=gp&retmode=text,RefSeq protein accession carried verbatim in the released FASTA header,"inherited: identical organism label, same contiguous accession block and genome as the queried endpoints",RESOLVED,retained in the matrix; flagged here
YP_009042523.1,human-infecting (positive),Staphylococcus phage 6ec,Staphylococcus phage 6ec,1500386,no rank,Sextaecvirus sextaec,Viruses; Duplodnaviria; Heunggongvirae; Uroviricota; Caudoviricetes; Sextaecvirus; Sextaecvirus sextaec,NC_024355.1,NCBI Taxonomy / RefSeq,2026-09-08,https://eutils.ncbi.nlm.nih.gov/entrez/eutils/efetch.fcgi?db=protein&id=YP_009042523.1&rettype=gp&retmode=text,RefSeq protein accession carried verbatim in the released FASTA header,"inherited: identical organism label, same contiguous accession block and genome as the queried endpoints",RESOLVED,retained in the matrix; flagged here
YP_009042524.1,human-infecting (positive),Staphylococcus phage 6ec,Staphylococcus phage 6ec,1500386,no rank,Sextaecvirus sextaec,Viruses; Duplodnaviria; Heunggongvirae; Uroviricota; Caudoviricetes; Sextaecvirus; Sextaecvirus sextaec,NC_024355.1,NCBI Taxonomy / RefSeq,2026-09-08,https://eutils.ncbi.nlm.nih.gov/entrez/eutils/efetch.fcgi?db=protein&id=YP_009042524.1&rettype=gp&retmode=text,RefSeq protein accession carried verbatim in the released FASTA header,"inherited: identical organism label, same contiguous accession block and genome as the queried endpoints",RESOLVED,retained in the matrix; flagged here
YP_009042525.1,human-infecting (positive),Staphylococcus phage 6ec,Staphylococcus phage 6ec,1500386,no rank,Sextaecvirus sextaec,Viruses; Duplodnaviria; Heunggongvirae; Uroviricota; Caudoviricetes; Sextaecvirus; Sextaecvirus sextaec,NC_024355.1,NCBI Taxonomy / RefSeq,2026-09-08,https://eutils.ncbi.nlm.nih.gov/entrez/eutils/efetch.fcgi?db=protein&id=YP_009042525.1&rettype=gp&retmode=text,RefSeq protein accession carried verbatim in the released FASTA header,"inherited: identical organism label, same contiguous accession block and genome as the queried endpoints",RESOLVED,retained in the matrix; flagged here
YP_009042526.1,human-infecting (positive),Staphylococcus phage 6ec,Staphylococcus phage 6ec,1500386,no rank,Sextaecvirus sextaec,Viruses; Duplodnaviria; Heunggongvirae; Uroviricota; Caudoviricetes; Sextaecvirus; Sextaecvirus sextaec,NC_024355.1,NCBI Taxonomy / RefSeq,2026-09-08,https://eutils.ncbi.nlm.nih.gov/entrez/eutils/efetch.fcgi?db=protein&id=YP_009042526.1&rettype=gp&retmode=text,RefSeq protein accession carried verbatim in the released FASTA header,"inherited: identical organism label, same contiguous accession block and genome as the queried endpoints",RESOLVED,retained in the matrix; flagged here
YP_009042527.1,human-infecting (positive),Staphylococcus phage 6ec,Staphylococcus phage 6ec,1500386,no rank,Sextaecvirus sextaec,Viruses; Duplodnaviria; Heunggongvirae; Uroviricota; Caudoviricetes; Sextaecvirus; Sextaecvirus sextaec,NC_024355.1,NCBI Taxonomy / RefSeq,2026-09-08,https://eutils.ncbi.nlm.nih.gov/entrez/eutils/efetch.fcgi?db=protein&id=YP_009042527.1&rettype=gp&retmode=text,RefSeq protein accession carried verbatim in the released FASTA header,"inherited: identical organism label, same contiguous accession block and genome as the queried endpoints",RESOLVED,retained in the matrix; flagged here
YP_009042528.1,human-infecting (positive),Staphylococcus phage 6ec,Staphylococcus phage 6ec,1500386,no rank,Sextaecvirus sextaec,Viruses; Duplodnaviria; Heunggongvirae; Uroviricota; Caudoviricetes; Sextaecvirus; Sextaecvirus sextaec,NC_024355.1,NCBI Taxonomy / RefSeq,2026-09-08,https://eutils.ncbi.nlm.nih.gov/entrez/eutils/efetch.fcgi?db=protein&id=YP_009042528.1&rettype=gp&retmode=text,RefSeq protein accession carried verbatim in the released FASTA header,"inherited: identical organism label, same contiguous accession block and genome as the queried endpoints",RESOLVED,retained in the matrix; flagged here
YP_009042529.1,human-infecting (positive),Staphylococcus phage 6ec,Staphylococcus phage 6ec,1500386,no rank,Sextaecvirus sextaec,Viruses; Duplodnaviria; Heunggongvirae; Uroviricota; Caudoviricetes; Sextaecvirus; Sextaecvirus sextaec,NC_024355.1,NCBI Taxonomy / RefSeq,2026-09-08,https://eutils.ncbi.nlm.nih.gov/entrez/eutils/efetch.fcgi?db=protein&id=YP_009042529.1&rettype=gp&retmode=text,RefSeq protein accession carried verbatim in the released FASTA header,"inherited: identical organism label, same contiguous accession block and genome as the queried endpoints",RESOLVED,retained in the matrix; flagged here
YP_009042530.1,human-infecting (positive),Staphylococcus phage 6ec,Staphylococcus phage 6ec,1500386,no rank,Sextaecvirus sextaec,Viruses; Duplodnaviria; Heunggongvirae; Uroviricota; Caudoviricetes; Sextaecvirus; Sextaecvirus sextaec,NC_024355.1,NCBI Taxonomy / RefSeq,2026-09-08,https://eutils.ncbi.nlm.nih.gov/entrez/eutils/efetch.fcgi?db=protein&id=YP_009042530.1&rettype=gp&retmode=text,RefSeq protein accession carried verbatim in the released FASTA header,"inherited: identical organism label, same contiguous accession block and genome as the queried endpoints",RESOLVED,retained in the matrix; flagged here
YP_009042531.1,human-infecting (positive),Staphylococcus phage 6ec,Staphylococcus phage 6ec,1500386,no rank,Sextaecvirus sextaec,Viruses; Duplodnaviria; Heunggongvirae; Uroviricota; Caudoviricetes; Sextaecvirus; Sextaecvirus sextaec,NC_024355.1,NCBI Taxonomy / RefSeq,2026-09-08,https://eutils.ncbi.nlm.nih.gov/entrez/eutils/efetch.fcgi?db=protein&id=YP_009042531.1&rettype=gp&retmode=text,RefSeq protein accession carried verbatim in the released FASTA header,"inherited: identical organism label, same contiguous accession block and genome as the queried endpoints",RESOLVED,retained in the matrix; flagged here
YP_009042532.1,human-infecting (positive),Staphylococcus phage 6ec,Staphylococcus phage 6ec,1500386,no rank,Sextaecvirus sextaec,Viruses; Duplodnaviria; Heunggongvirae; Uroviricota; Caudoviricetes; Sextaecvirus; Sextaecvirus sextaec,NC_024355.1,NCBI Taxonomy / RefSeq,2026-09-08,https://eutils.ncbi.nlm.nih.gov/entrez/eutils/efetch.fcgi?db=protein&id=YP_009042532.1&rettype=gp&retmode=text,RefSeq protein accession carried verbatim in the released FASTA header,"inherited: identical organism label, same contiguous accession block and genome as the queried endpoints",RESOLVED,retained in the matrix; flagged here
YP_009042533.1,human-infecting (positive),Staphylococcus phage 6ec,Staphylococcus phage 6ec,1500386,no rank,Sextaecvirus sextaec,Viruses; Duplodnaviria; Heunggongvirae; Uroviricota; Caudoviricetes; Sextaecvirus; Sextaecvirus sextaec,NC_024355.1,NCBI Taxonomy / RefSeq,2026-09-08,https://eutils.ncbi.nlm.nih.gov/entrez/eutils/efetch.fcgi?db=protein&id=YP_009042533.1&rettype=gp&retmode=text,RefSeq protein accession carried verbatim in the released FASTA header,"inherited: identical organism label, same contiguous accession block and genome as the queried endpoints",RESOLVED,retained in the matrix; flagged here
YP_009042534.1,human-infecting (positive),Staphylococcus phage 6ec,Staphylococcus phage 6ec,1500386,no rank,Sextaecvirus sextaec,Viruses; Duplodnaviria; Heunggongvirae; Uroviricota; Caudoviricetes; Sextaecvirus; Sextaecvirus sextaec,NC_024355.1,NCBI Taxonomy / RefSeq,2026-09-08,https://eutils.ncbi.nlm.nih.gov/entrez/eutils/efetch.fcgi?db=protein&id=YP_009042534.1&rettype=gp&retmode=text,RefSeq protein accession carried verbatim in the released FASTA header,"inherited: identical organism label, same contiguous accession block and genome as the queried endpoints",RESOLVED,retained in the matrix; flagged here
YP_009042535.1,human-infecting (positive),Staphylococcus phage 6ec,Staphylococcus phage 6ec,1500386,no rank,Sextaecvirus sextaec,Viruses; Duplodnaviria; Heunggongvirae; Uroviricota; Caudoviricetes; Sextaecvirus; Sextaecvirus sextaec,NC_024355.1,NCBI Taxonomy / RefSeq,2026-09-08,https://eutils.ncbi.nlm.nih.gov/entrez/eutils/efetch.fcgi?db=protein&id=YP_009042535.1&rettype=gp&retmode=text,RefSeq protein accession carried verbatim in the released FASTA header,"inherited: identical organism label, same contiguous accession block and genome as the queried endpoints",RESOLVED,retained in the matrix; flagged here
YP_009042536.1,human-infecting (positive),Staphylococcus phage 6ec,Staphylococcus phage 6ec,1500386,no rank,Sextaecvirus sextaec,Viruses; Duplodnaviria; Heunggongvirae; Uroviricota; Caudoviricetes; Sextaecvirus; Sextaecvirus sextaec,NC_024355.1,NCBI Taxonomy / RefSeq,2026-09-08,https://eutils.ncbi.nlm.nih.gov/entrez/eutils/efetch.fcgi?db=protein&id=YP_009042536.1&rettype=gp&retmode=text,RefSeq protein accession carried verbatim in the released FASTA header,"inherited: identical organism label, same contiguous accession block and genome as the queried endpoints",RESOLVED,retained in the matrix; flagged here
YP_009042537.1,human-infecting (positive),Staphylococcus phage 6ec,Staphylococcus phage 6ec,1500386,no rank,Sextaecvirus sextaec,Viruses; Duplodnaviria; Heunggongvirae; Uroviricota; Caudoviricetes; Sextaecvirus; Sextaecvirus sextaec,NC_024355.1,NCBI Taxonomy / RefSeq,2026-09-08,https://eutils.ncbi.nlm.nih.gov/entrez/eutils/efetch.fcgi?db=protein&id=YP_009042537.1&rettype=gp&retmode=text,RefSeq protein accession carried verbatim in the released FASTA header,"inherited: identical organism label, same contiguous accession block and genome as the queried endpoints",RESOLVED,retained in the matrix; flagged here
YP_009042539.1,human-infecting (positive),Staphylococcus phage 6ec,Staphylococcus phage 6ec,1500386,no rank,Sextaecvirus sextaec,Viruses; Duplodnaviria; Heunggongvirae; Uroviricota; Caudoviricetes; Sextaecvirus; Sextaecvirus sextaec,NC_024355.1,NCBI Taxonomy / RefSeq,2026-09-08,https://eutils.ncbi.nlm.nih.gov/entrez/eutils/efetch.fcgi?db=protein&id=YP_009042539.1&rettype=gp&retmode=text,RefSeq protein accession carried verbatim in the released FASTA header,"inherited: identical organism label, same contiguous accession block and genome as the queried endpoints",RESOLVED,retained in the matrix; flagged here
YP_009042540.1,human-infecting (positive),Staphylococcus phage 6ec,Staphylococcus phage 6ec,1500386,no rank,Sextaecvirus sextaec,Viruses; Duplodnaviria; Heunggongvirae; Uroviricota; Caudoviricetes; Sextaecvirus; Sextaecvirus sextaec,NC_024355.1,NCBI Taxonomy / RefSeq,2026-09-08,https://eutils.ncbi.nlm.nih.gov/entrez/eutils/efetch.fcgi?db=protein&id=YP_009042540.1&rettype=gp&retmode=text,RefSeq protein accession carried verbatim in the released FASTA header,"inherited: identical organism label, same contiguous accession block and genome as the queried endpoints",RESOLVED,retained in the matrix; flagged here
YP_009042541.1,human-infecting (positive),Staphylococcus phage 6ec,Staphylococcus phage 6ec,1500386,no rank,Sextaecvirus sextaec,Viruses; Duplodnaviria; Heunggongvirae; Uroviricota; Caudoviricetes; Sextaecvirus; Sextaecvirus sextaec,NC_024355.1,NCBI Taxonomy / RefSeq,2026-09-08,https://eutils.ncbi.nlm.nih.gov/entrez/eutils/efetch.fcgi?db=protein&id=YP_009042541.1&rettype=gp&retmode=text,RefSeq protein accession carried verbatim in the released FASTA header,"inherited: identical organism label, same contiguous accession block and genome as the queried endpoints",RESOLVED,retained in the matrix; flagged here
YP_009042542.1,human-infecting (positive),Staphylococcus phage 6ec,Staphylococcus phage 6ec,1500386,no rank,Sextaecvirus sextaec,Viruses; Duplodnaviria; Heunggongvirae; Uroviricota; Caudoviricetes; Sextaecvirus; Sextaecvirus sextaec,NC_024355.1,NCBI Taxonomy / RefSeq,2026-09-08,https://eutils.ncbi.nlm.nih.gov/entrez/eutils/efetch.fcgi?db=protein&id=YP_009042542.1&rettype=gp&retmode=text,RefSeq protein accession carried verbatim in the released FASTA header,"inherited: identical organism label, same contiguous accession block and genome as the queried endpoints",RESOLVED,retained in the matrix; flagged here
YP_009042543.1,human-infecting (positive),Staphylococcus phage 6ec,Staphylococcus phage 6ec,1500386,no rank,Sextaecvirus sextaec,Viruses; Duplodnaviria; Heunggongvirae; Uroviricota; Caudoviricetes; Sextaecvirus; Sextaecvirus sextaec,NC_024355.1,NCBI Taxonomy / RefSeq,2026-09-08,https://eutils.ncbi.nlm.nih.gov/entrez/eutils/efetch.fcgi?db=protein&id=YP_009042543.1&rettype=gp&retmode=text,RefSeq protein accession carried verbatim in the released FASTA header,"inherited: identical organism label, same contiguous accession block and genome as the queried endpoints",RESOLVED,retained in the matrix; flagged here
YP_009042544.1,human-infecting (positive),Staphylococcus phage 6ec,Staphylococcus phage 6ec,1500386,no rank,Sextaecvirus sextaec,Viruses; Duplodnaviria; Heunggongvirae; Uroviricota; Caudoviricetes; Sextaecvirus; Sextaecvirus sextaec,NC_024355.1,NCBI Taxonomy / RefSeq,2026-09-08,https://eutils.ncbi.nlm.nih.gov/entrez/eutils/efetch.fcgi?db=protein&id=YP_009042544.1&rettype=gp&retmode=text,RefSeq protein accession carried verbatim in the released FASTA header,"inherited: identical organism label, same contiguous accession block and genome as the queried endpoints",RESOLVED,retained in the matrix; flagged here
YP_009042545.1,human-infecting (positive),Staphylococcus phage 6ec,Staphylococcus phage 6ec,1500386,no rank,Sextaecvirus sextaec,Viruses; Duplodnaviria; Heunggongvirae; Uroviricota; Caudoviricetes; Sextaecvirus; Sextaecvirus sextaec,NC_024355.1,NCBI Taxonomy / RefSeq,2026-09-08,https://eutils.ncbi.nlm.nih.gov/entrez/eutils/efetch.fcgi?db=protein&id=YP_009042545.1&rettype=gp&retmode=text,RefSeq protein accession carried verbatim in the released FASTA header,"inherited: identical organism label, same contiguous accession block and genome as the queried endpoints",RESOLVED,retained in the matrix; flagged here
YP_009042546.1,human-infecting (positive),Staphylococcus phage 6ec,Staphylococcus phage 6ec,1500386,no rank,Sextaecvirus sextaec,Viruses; Duplodnaviria; Heunggongvirae; Uroviricota; Caudoviricetes; Sextaecvirus; Sextaecvirus sextaec,NC_024355.1,NCBI Taxonomy / RefSeq,2026-09-08,https://eutils.ncbi.nlm.nih.gov/entrez/eutils/efetch.fcgi?db=protein&id=YP_009042546.1&rettype=gp&retmode=text,RefSeq protein accession carried verbatim in the released FASTA header,"inherited: identical organism label, same contiguous accession block and genome as the queried endpoints",RESOLVED,retained in the matrix; flagged here
YP_009042547.1,human-infecting (positive),Staphylococcus phage 6ec,Staphylococcus phage 6ec,1500386,no rank,Sextaecvirus sextaec,Viruses; Duplodnaviria; Heunggongvirae; Uroviricota; Caudoviricetes; Sextaecvirus; Sextaecvirus sextaec,NC_024355.1,NCBI Taxonomy / RefSeq,2026-09-08,https://eutils.ncbi.nlm.nih.gov/entrez/eutils/efetch.fcgi?db=protein&id=YP_009042547.1&rettype=gp&retmode=text,RefSeq protein accession carried verbatim in the released FASTA header,"inherited: identical organism label, same contiguous accession block and genome as the queried endpoints",RESOLVED,retained in the matrix; flagged here
YP_009042548.1,human-infecting (positive),Staphylococcus phage 6ec,Staphylococcus phage 6ec,1500386,no rank,Sextaecvirus sextaec,Viruses; Duplodnaviria; Heunggongvirae; Uroviricota; Caudoviricetes; Sextaecvirus; Sextaecvirus sextaec,NC_024355.1,NCBI Taxonomy / RefSeq,2026-09-08,https://eutils.ncbi.nlm.nih.gov/entrez/eutils/efetch.fcgi?db=protein&id=YP_009042548.1&rettype=gp&retmode=text,RefSeq protein accession carried verbatim in the released FASTA header,"inherited: identical organism label, same contiguous accession block and genome as the queried endpoints",RESOLVED,retained in the matrix; flagged here
YP_009042549.1,human-infecting (positive),Staphylococcus phage 6ec,Staphylococcus phage 6ec,1500386,no rank,Sextaecvirus sextaec,Viruses; Duplodnaviria; Heunggongvirae; Uroviricota; Caudoviricetes; Sextaecvirus; Sextaecvirus sextaec,NC_024355.1,NCBI Taxonomy / RefSeq,2026-09-08,https://eutils.ncbi.nlm.nih.gov/entrez/eutils/efetch.fcgi?db=protein&id=YP_009042549.1&rettype=gp&retmode=text,RefSeq protein accession carried verbatim in the released FASTA header,"inherited: identical organism label, same contiguous accession block and genome as the queried endpoints",RESOLVED,retained in the matrix; flagged here
YP_009042550.1,human-infecting (positive),Staphylococcus phage 6ec,Staphylococcus phage 6ec,1500386,no rank,Sextaecvirus sextaec,Viruses; Duplodnaviria; Heunggongvirae; Uroviricota; Caudoviricetes; Sextaecvirus; Sextaecvirus sextaec,NC_024355.1,NCBI Taxonomy / RefSeq,2026-09-08,https://eutils.ncbi.nlm.nih.gov/entrez/eutils/efetch.fcgi?db=protein&id=YP_009042550.1&rettype=gp&retmode=text,RefSeq protein accession carried verbatim in the released FASTA header,"inherited: identical organism label, same contiguous accession block and genome as the queried endpoints",RESOLVED,retained in the matrix; flagged here
YP_009042551.1,human-infecting (positive),Staphylococcus phage 6ec,Staphylococcus phage 6ec,1500386,no rank,Sextaecvirus sextaec,Viruses; Duplodnaviria; Heunggongvirae; Uroviricota; Caudoviricetes; Sextaecvirus; Sextaecvirus sextaec,NC_024355.1,NCBI Taxonomy / RefSeq,2026-09-08,https://eutils.ncbi.nlm.nih.gov/entrez/eutils/efetch.fcgi?db=protein&id=YP_009042551.1&rettype=gp&retmode=text,RefSeq protein accession carried verbatim in the released FASTA header,"inherited: identical organism label, same contiguous accession block and genome as the queried endpoints",RESOLVED,retained in the matrix; flagged here
YP_009042552.1,human-infecting (positive),Staphylococcus phage 6ec,Staphylococcus phage 6ec,1500386,no rank,Sextaecvirus sextaec,Viruses; Duplodnaviria; Heunggongvirae; Uroviricota; Caudoviricetes; Sextaecvirus; Sextaecvirus sextaec,NC_024355.1,NCBI Taxonomy / RefSeq,2026-09-08,https://eutils.ncbi.nlm.nih.gov/entrez/eutils/efetch.fcgi?db=protein&id=YP_009042552.1&rettype=gp&retmode=text,RefSeq protein accession carried verbatim in the released FASTA header,"inherited: identical organism label, same contiguous accession block and genome as the queried endpoints",RESOLVED,retained in the matrix; flagged here
YP_009042553.1,human-infecting (positive),Staphylococcus phage 6ec,Staphylococcus phage 6ec,1500386,no rank,Sextaecvirus sextaec,Viruses; Duplodnaviria; Heunggongvirae; Uroviricota; Caudoviricetes; Sextaecvirus; Sextaecvirus sextaec,NC_024355.1,NCBI Taxonomy / RefSeq,2026-09-08,https://eutils.ncbi.nlm.nih.gov/entrez/eutils/efetch.fcgi?db=protein&id=YP_009042553.1&rettype=gp&retmode=text,RefSeq protein accession carried verbatim in the released FASTA header,"inherited: identical organism label, same contiguous accession block and genome as the queried endpoints",RESOLVED,retained in the matrix; flagged here
YP_009042554.1,human-infecting (positive),Staphylococcus phage 6ec,Staphylococcus phage 6ec,1500386,no rank,Sextaecvirus sextaec,Viruses; Duplodnaviria; Heunggongvirae; Uroviricota; Caudoviricetes; Sextaecvirus; Sextaecvirus sextaec,NC_024355.1,NCBI Taxonomy / RefSeq,2026-09-08,https://eutils.ncbi.nlm.nih.gov/entrez/eutils/efetch.fcgi?db=protein&id=YP_009042554.1&rettype=gp&retmode=text,RefSeq protein accession carried verbatim in the released FASTA header,"inherited: identical organism label, same contiguous accession block and genome as the queried endpoints",RESOLVED,retained in the matrix; flagged here
YP_009042555.1,human-infecting (positive),Staphylococcus phage 6ec,Staphylococcus phage 6ec,1500386,no rank,Sextaecvirus sextaec,Viruses; Duplodnaviria; Heunggongvirae; Uroviricota; Caudoviricetes; Sextaecvirus; Sextaecvirus sextaec,NC_024355.1,NCBI Taxonomy / RefSeq,2026-09-08,https://eutils.ncbi.nlm.nih.gov/entrez/eutils/efetch.fcgi?db=protein&id=YP_009042555.1&rettype=gp&retmode=text,RefSeq protein accession carried verbatim in the released FASTA header,"inherited: identical organism label, same contiguous accession block and genome as the queried endpoints",RESOLVED,retained in the matrix; flagged here
YP_009042556.1,human-infecting (positive),Staphylococcus phage 6ec,Staphylococcus phage 6ec,1500386,no rank,Sextaecvirus sextaec,Viruses; Duplodnaviria; Heunggongvirae; Uroviricota; Caudoviricetes; Sextaecvirus; Sextaecvirus sextaec,NC_024355.1,NCBI Taxonomy / RefSeq,2026-09-08,https://eutils.ncbi.nlm.nih.gov/entrez/eutils/efetch.fcgi?db=protein&id=YP_009042556.1&rettype=gp&retmode=text,RefSeq protein accession carried verbatim in the released FASTA header,"inherited: identical organism label, same contiguous accession block and genome as the queried endpoints",RESOLVED,retained in the matrix; flagged here
YP_009042557.1,human-infecting (positive),Staphylococcus phage 6ec,Staphylococcus phage 6ec,1500386,no rank,Sextaecvirus sextaec,Viruses; Duplodnaviria; Heunggongvirae; Uroviricota; Caudoviricetes; Sextaecvirus; Sextaecvirus sextaec,NC_024355.1,NCBI Taxonomy / RefSeq,2026-09-08,https://eutils.ncbi.nlm.nih.gov/entrez/eutils/efetch.fcgi?db=protein&id=YP_009042557.1&rettype=gp&retmode=text,RefSeq protein accession carried verbatim in the released FASTA header,"inherited: identical organism label, same contiguous accession block and genome as the queried endpoints",RESOLVED,retained in the matrix; flagged here
YP_009042558.1,human-infecting (positive),Staphylococcus phage 6ec,Staphylococcus phage 6ec,1500386,no rank,Sextaecvirus sextaec,Viruses; Duplodnaviria; Heunggongvirae; Uroviricota; Caudoviricetes; Sextaecvirus; Sextaecvirus sextaec,NC_024355.1,NCBI Taxonomy / RefSeq,2026-09-08,https://eutils.ncbi.nlm.nih.gov/entrez/eutils/efetch.fcgi?db=protein&id=YP_009042558.1&rettype=gp&retmode=text,RefSeq protein accession carried verbatim in the released FASTA header,"inherited: identical organism label, same contiguous accession block and genome as the queried endpoints",RESOLVED,retained in the matrix; flagged here
YP_009042559.1,human-infecting (positive),Staphylococcus phage 6ec,Staphylococcus phage 6ec,1500386,no rank,Sextaecvirus sextaec,Viruses; Duplodnaviria; Heunggongvirae; Uroviricota; Caudoviricetes; Sextaecvirus; Sextaecvirus sextaec,NC_024355.1,NCBI Taxonomy / RefSeq,2026-09-08,https://eutils.ncbi.nlm.nih.gov/entrez/eutils/efetch.fcgi?db=protein&id=YP_009042559.1&rettype=gp&retmode=text,RefSeq protein accession carried verbatim in the released FASTA header,"inherited: identical organism label, same contiguous accession block and genome as the queried endpoints",RESOLVED,retained in the matrix; flagged here
YP_009042560.1,human-infecting (positive),Staphylococcus phage 6ec,Staphylococcus phage 6ec,1500386,no rank,Sextaecvirus sextaec,Viruses; Duplodnaviria; Heunggongvirae; Uroviricota; Caudoviricetes; Sextaecvirus; Sextaecvirus sextaec,NC_024355.1,NCBI Taxonomy / RefSeq,2026-09-08,https://eutils.ncbi.nlm.nih.gov/entrez/eutils/efetch.fcgi?db=protein&id=YP_009042560.1&rettype=gp&retmode=text,RefSeq protein accession carried verbatim in the released FASTA header,"inherited: identical organism label, same contiguous accession block and genome as the queried endpoints",RESOLVED,retained in the matrix; flagged here
YP_009042561.1,human-infecting (positive),Staphylococcus phage 6ec,Staphylococcus phage 6ec,1500386,no rank,Sextaecvirus sextaec,Viruses; Duplodnaviria; Heunggongvirae; Uroviricota; Caudoviricetes; Sextaecvirus; Sextaecvirus sextaec,NC_024355.1,NCBI Taxonomy / RefSeq,2026-09-08,https://eutils.ncbi.nlm.nih.gov/entrez/eutils/efetch.fcgi?db=protein&id=YP_009042561.1&rettype=gp&retmode=text,RefSeq protein accession carried verbatim in the released FASTA header,"inherited: identical organism label, same contiguous accession block and genome as the queried endpoints",RESOLVED,retained in the matrix; flagged here
YP_009042562.1,human-infecting (positive),Staphylococcus phage 6ec,Staphylococcus phage 6ec,1500386,no rank,Sextaecvirus sextaec,Viruses; Duplodnaviria; Heunggongvirae; Uroviricota; Caudoviricetes; Sextaecvirus; Sextaecvirus sextaec,NC_024355.1,NCBI Taxonomy / RefSeq,2026-09-08,https://eutils.ncbi.nlm.nih.gov/entrez/eutils/efetch.fcgi?db=protein&id=YP_009042562.1&rettype=gp&retmode=text,RefSeq protein accession carried verbatim in the released FASTA header,"inherited: identical organism label, same contiguous accession block and genome as the queried endpoints",RESOLVED,retained in the matrix; flagged here
YP_009042563.1,human-infecting (positive),Staphylococcus phage 6ec,Staphylococcus phage 6ec,1500386,no rank,Sextaecvirus sextaec,Viruses; Duplodnaviria; Heunggongvirae; Uroviricota; Caudoviricetes; Sextaecvirus; Sextaecvirus sextaec,NC_024355.1,NCBI Taxonomy / RefSeq,2026-09-08,https://eutils.ncbi.nlm.nih.gov/entrez/eutils/efetch.fcgi?db=protein&id=YP_009042563.1&rettype=gp&retmode=text,RefSeq protein accession carried verbatim in the released FASTA header,"inherited: identical organism label, same contiguous accession block and genome as the queried endpoints",RESOLVED,retained in the matrix; flagged here
YP_009042564.1,human-infecting (positive),Staphylococcus phage 6ec,Staphylococcus phage 6ec,1500386,no rank,Sextaecvirus sextaec,Viruses; Duplodnaviria; Heunggongvirae; Uroviricota; Caudoviricetes; Sextaecvirus; Sextaecvirus sextaec,NC_024355.1,NCBI Taxonomy / RefSeq,2026-09-08,https://eutils.ncbi.nlm.nih.gov/entrez/eutils/efetch.fcgi?db=protein&id=YP_009042564.1&rettype=gp&retmode=text,RefSeq protein accession carried verbatim in the released FASTA header,"inherited: identical organism label, same contiguous accession block and genome as the queried endpoints",RESOLVED,retained in the matrix; flagged here
YP_009042565.1,human-infecting (positive),Staphylococcus phage 6ec,Staphylococcus phage 6ec,1500386,no rank,Sextaecvirus sextaec,Viruses; Duplodnaviria; Heunggongvirae; Uroviricota; Caudoviricetes; Sextaecvirus; Sextaecvirus sextaec,NC_024355.1,NCBI Taxonomy / RefSeq,2026-09-08,https://eutils.ncbi.nlm.nih.gov/entrez/eutils/efetch.fcgi?db=protein&id=YP_009042565.1&rettype=gp&retmode=text,RefSeq protein accession carried verbatim in the released FASTA header,"inherited: identical organism label, same contiguous accession block and genome as the queried endpoints",RESOLVED,retained in the matrix; flagged here
YP_009042566.1,human-infecting (positive),Staphylococcus phage 6ec,Staphylococcus phage 6ec,1500386,no rank,Sextaecvirus sextaec,Viruses; Duplodnaviria; Heunggongvirae; Uroviricota; Caudoviricetes; Sextaecvirus; Sextaecvirus sextaec,NC_024355.1,NCBI Taxonomy / RefSeq,2026-09-08,https://eutils.ncbi.nlm.nih.gov/entrez/eutils/efetch.fcgi?db=protein&id=YP_009042566.1&rettype=gp&retmode=text,RefSeq protein accession carried verbatim in the released FASTA header,"inherited: identical organism label, same contiguous accession block and genome as the queried endpoints",RESOLVED,retained in the matrix; flagged here
YP_009042567.1,human-infecting (positive),Staphylococcus phage 6ec,Staphylococcus phage 6ec,1500386,no rank,Sextaecvirus sextaec,Viruses; Duplodnaviria; Heunggongvirae; Uroviricota; Caudoviricetes; Sextaecvirus; Sextaecvirus sextaec,NC_024355.1,NCBI Taxonomy / RefSeq,2026-09-08,https://eutils.ncbi.nlm.nih.gov/entrez/eutils/efetch.fcgi?db=protein&id=YP_009042567.1&rettype=gp&retmode=text,RefSeq protein accession carried verbatim in the released FASTA header,"inherited: identical organism label, same contiguous accession block and genome as the queried endpoints",RESOLVED,retained in the matrix; flagged here
YP_009042568.1,human-infecting (positive),Staphylococcus phage 6ec,Staphylococcus phage 6ec,1500386,no rank,Sextaecvirus sextaec,Viruses; Duplodnaviria; Heunggongvirae; Uroviricota; Caudoviricetes; Sextaecvirus; Sextaecvirus sextaec,NC_024355.1,NCBI Taxonomy / RefSeq,2026-09-08,https://eutils.ncbi.nlm.nih.gov/entrez/eutils/efetch.fcgi?db=protein&id=YP_009042568.1&rettype=gp&retmode=text,RefSeq protein accession carried verbatim in the released FASTA header,"inherited: identical organism label, same contiguous accession block and genome as the queried endpoints",RESOLVED,retained in the matrix; flagged here
YP_009042569.1,human-infecting (positive),Staphylococcus phage 6ec,Staphylococcus phage 6ec,1500386,no rank,Sextaecvirus sextaec,Viruses; Duplodnaviria; Heunggongvirae; Uroviricota; Caudoviricetes; Sextaecvirus; Sextaecvirus sextaec,NC_024355.1,NCBI Taxonomy / RefSeq,2026-09-08,https://eutils.ncbi.nlm.nih.gov/entrez/eutils/efetch.fcgi?db=protein&id=YP_009042569.1&rettype=gp&retmode=text,RefSeq protein accession carried verbatim in the released FASTA header,"inherited: identical organism label, same contiguous accession block and genome as the queried endpoints",RESOLVED,retained in the matrix; flagged here
YP_009042570.1,human-infecting (positive),Staphylococcus phage 6ec,Staphylococcus phage 6ec,1500386,no rank,Sextaecvirus sextaec,Viruses; Duplodnaviria; Heunggongvirae; Uroviricota; Caudoviricetes; Sextaecvirus; Sextaecvirus sextaec,NC_024355.1,NCBI Taxonomy / RefSeq,2026-09-08,https://eutils.ncbi.nlm.nih.gov/entrez/eutils/efetch.fcgi?db=protein&id=YP_009042570.1&rettype=gp&retmode=text,RefSeq protein accession carried verbatim in the released FASTA header,"inherited: identical organism label, same contiguous accession block and genome as the queried endpoints",RESOLVED,retained in the matrix; flagged here
YP_009042571.1,human-infecting (positive),Staphylococcus phage 6ec,Staphylococcus phage 6ec,1500386,no rank,Sextaecvirus sextaec,Viruses; Duplodnaviria; Heunggongvirae; Uroviricota; Caudoviricetes; Sextaecvirus; Sextaecvirus sextaec,NC_024355.1,NCBI Taxonomy / RefSeq,2026-09-08,https://eutils.ncbi.nlm.nih.gov/entrez/eutils/efetch.fcgi?db=protein&id=YP_009042571.1&rettype=gp&retmode=text,RefSeq protein accession carried verbatim in the released FASTA header,"inherited: identical organism label, same contiguous accession block and genome as the queried endpoints",RESOLVED,retained in the matrix; flagged here
YP_009042572.1,human-infecting (positive),Staphylococcus phage 6ec,Staphylococcus phage 6ec,1500386,no rank,Sextaecvirus sextaec,Viruses; Duplodnaviria; Heunggongvirae; Uroviricota; Caudoviricetes; Sextaecvirus; Sextaecvirus sextaec,NC_024355.1,NCBI Taxonomy / RefSeq,2026-09-08,https://eutils.ncbi.nlm.nih.gov/entrez/eutils/efetch.fcgi?db=protein&id=YP_009042572.1&rettype=gp&retmode=text,RefSeq protein accession carried verbatim in the released FASTA header,"inherited: identical organism label, same contiguous accession block and genome as the queried endpoints",RESOLVED,retained in the matrix; flagged here
YP_009042573.1,human-infecting (positive),Staphylococcus phage 6ec,Staphylococcus phage 6ec,1500386,no rank,Sextaecvirus sextaec,Viruses; Duplodnaviria; Heunggongvirae; Uroviricota; Caudoviricetes; Sextaecvirus; Sextaecvirus sextaec,NC_024355.1,NCBI Taxonomy / RefSeq,2026-09-08,https://eutils.ncbi.nlm.nih.gov/entrez/eutils/efetch.fcgi?db=protein&id=YP_009042573.1&rettype=gp&retmode=text,RefSeq protein accession carried verbatim in the released FASTA header,"inherited: identical organism label, same contiguous accession block and genome as the queried endpoints",RESOLVED,retained in the matrix; flagged here
YP_009042574.1,human-infecting (positive),Staphylococcus phage 6ec,Staphylococcus phage 6ec,1500386,no rank,Sextaecvirus sextaec,Viruses; Duplodnaviria; Heunggongvirae; Uroviricota; Caudoviricetes; Sextaecvirus; Sextaecvirus sextaec,NC_024355.1,NCBI Taxonomy / RefSeq,2026-09-08,https://eutils.ncbi.nlm.nih.gov/entrez/eutils/efetch.fcgi?db=protein&id=YP_009042574.1&rettype=gp&retmode=text,RefSeq protein accession carried verbatim in the released FASTA header,"inherited: identical organism label, same contiguous accession block and genome as the queried endpoints",RESOLVED,retained in the matrix; flagged here
YP_009042575.1,human-infecting (positive),Staphylococcus phage 6ec,Staphylococcus phage 6ec,1500386,no rank,Sextaecvirus sextaec,Viruses; Duplodnaviria; Heunggongvirae; Uroviricota; Caudoviricetes; Sextaecvirus; Sextaecvirus sextaec,NC_024355.1,NCBI Taxonomy / RefSeq,2026-09-08,https://eutils.ncbi.nlm.nih.gov/entrez/eutils/efetch.fcgi?db=protein&id=YP_009042575.1&rettype=gp&retmode=text,RefSeq protein accession carried verbatim in the released FASTA header,"inherited: identical organism label, same contiguous accession block and genome as the queried endpoints",RESOLVED,retained in the matrix; flagged here
YP_009042576.1,human-infecting (positive),Staphylococcus phage 6ec,Staphylococcus phage 6ec,1500386,no rank,Sextaecvirus sextaec,Viruses; Duplodnaviria; Heunggongvirae; Uroviricota; Caudoviricetes; Sextaecvirus; Sextaecvirus sextaec,NC_024355.1,NCBI Taxonomy / RefSeq,2026-09-08,https://eutils.ncbi.nlm.nih.gov/entrez/eutils/efetch.fcgi?db=protein&id=YP_009042576.1&rettype=gp&retmode=text,RefSeq protein accession carried verbatim in the released FASTA header,"inherited: identical organism label, same contiguous accession block and genome as the queried endpoints",RESOLVED,retained in the matrix; flagged here
YP_009042577.1,human-infecting (positive),Staphylococcus phage 6ec,Staphylococcus phage 6ec,1500386,no rank,Sextaecvirus sextaec,Viruses; Duplodnaviria; Heunggongvirae; Uroviricota; Caudoviricetes; Sextaecvirus; Sextaecvirus sextaec,NC_024355.1,NCBI Taxonomy / RefSeq,2026-09-08,https://eutils.ncbi.nlm.nih.gov/entrez/eutils/efetch.fcgi?db=protein&id=YP_009042577.1&rettype=gp&retmode=text,RefSeq protein accession carried verbatim in the released FASTA header,"inherited: identical organism label, same contiguous accession block and genome as the queried endpoints",RESOLVED,retained in the matrix; flagged here
YP_009042578.1,human-infecting (positive),Staphylococcus phage 6ec,Staphylococcus phage 6ec,1500386,no rank,Sextaecvirus sextaec,Viruses; Duplodnaviria; Heunggongvirae; Uroviricota; Caudoviricetes; Sextaecvirus; Sextaecvirus sextaec,NC_024355.1,NCBI Taxonomy / RefSeq,2026-09-08,https://eutils.ncbi.nlm.nih.gov/entrez/eutils/efetch.fcgi?db=protein&id=YP_009042578.1&rettype=gp&retmode=text,RefSeq protein accession carried verbatim in the released FASTA header,"inherited: identical organism label, same contiguous accession block and genome as the queried endpoints",RESOLVED,retained in the matrix; flagged here
YP_009042579.1,human-infecting (positive),Staphylococcus phage 6ec,Staphylococcus phage 6ec,1500386,no rank,Sextaecvirus sextaec,Viruses; Duplodnaviria; Heunggongvirae; Uroviricota; Caudoviricetes; Sextaecvirus; Sextaecvirus sextaec,NC_024355.1,NCBI Taxonomy / RefSeq,2026-09-08,https://eutils.ncbi.nlm.nih.gov/entrez/eutils/efetch.fcgi?db=protein&id=YP_009042579.1&rettype=gp&retmode=text,RefSeq protein accession carried verbatim in the released FASTA header,"inherited: identical organism label, same contiguous accession block and genome as the queried endpoints",RESOLVED,retained in the matrix; flagged here
YP_009042580.1,human-infecting (positive),Staphylococcus phage 6ec,Staphylococcus phage 6ec,1500386,no rank,Sextaecvirus sextaec,Viruses; Duplodnaviria; Heunggongvirae; Uroviricota; Caudoviricetes; Sextaecvirus; Sextaecvirus sextaec,NC_024355.1,NCBI Taxonomy / RefSeq,2026-09-08,https://eutils.ncbi.nlm.nih.gov/entrez/eutils/efetch.fcgi?db=protein&id=YP_009042580.1&rettype=gp&retmode=text,RefSeq protein accession carried verbatim in the released FASTA header,queried individually,RESOLVED,retained in the matrix; flagged here
YP_009042581.1,human-infecting (positive),Staphylococcus phage 6ec,Staphylococcus phage 6ec,1500386,no rank,Sextaecvirus sextaec,Viruses; Duplodnaviria; Heunggongvirae; Uroviricota; Caudoviricetes; Sextaecvirus; Sextaecvirus sextaec,NC_024355.1,NCBI Taxonomy / RefSeq,2026-09-08,https://eutils.ncbi.nlm.nih.gov/entrez/eutils/efetch.fcgi?db=protein&id=YP_009042581.1&rettype=gp&retmode=text,RefSeq protein accession carried verbatim in the released FASTA header,"inherited: identical organism label, same contiguous accession block and genome as the queried endpoints",RESOLVED,retained in the matrix; flagged here
YP_009042582.1,human-infecting (positive),Staphylococcus phage 6ec,Staphylococcus phage 6ec,1500386,no rank,Sextaecvirus sextaec,Viruses; Duplodnaviria; Heunggongvirae; Uroviricota; Caudoviricetes; Sextaecvirus; Sextaecvirus sextaec,NC_024355.1,NCBI Taxonomy / RefSeq,2026-09-08,https://eutils.ncbi.nlm.nih.gov/entrez/eutils/efetch.fcgi?db=protein&id=YP_009042582.1&rettype=gp&retmode=text,RefSeq protein accession carried verbatim in the released FASTA header,"inherited: identical organism label, same contiguous accession block and genome as the queried endpoints",RESOLVED,retained in the matrix; flagged here
YP_009042583.2,human-infecting (positive),Staphylococcus phage 6ec,Staphylococcus phage 6ec,1500386,no rank,Sextaecvirus sextaec,Viruses; Duplodnaviria; Heunggongvirae; Uroviricota; Caudoviricetes; Sextaecvirus; Sextaecvirus sextaec,NC_024355.1,NCBI Taxonomy / RefSeq,2026-09-08,https://eutils.ncbi.nlm.nih.gov/entrez/eutils/efetch.fcgi?db=protein&id=YP_009042583.2&rettype=gp&retmode=text,RefSeq protein accession carried verbatim in the released FASTA header,"inherited: identical organism label, same contiguous accession block and genome as the queried endpoints",RESOLVED,retained in the matrix; flagged here
YP_009042584.1,human-infecting (positive),Staphylococcus phage 6ec,Staphylococcus phage 6ec,1500386,no rank,Sextaecvirus sextaec,Viruses; Duplodnaviria; Heunggongvirae; Uroviricota; Caudoviricetes; Sextaecvirus; Sextaecvirus sextaec,NC_024355.1,NCBI Taxonomy / RefSeq,2026-09-08,https://eutils.ncbi.nlm.nih.gov/entrez/eutils/efetch.fcgi?db=protein&id=YP_009042584.1&rettype=gp&retmode=text,RefSeq protein accession carried verbatim in the released FASTA header,"inherited: identical organism label, same contiguous accession block and genome as the queried endpoints",RESOLVED,retained in the matrix; flagged here
YP_009042585.1,human-infecting (positive),Staphylococcus phage 6ec,Staphylococcus phage 6ec,1500386,no rank,Sextaecvirus sextaec,Viruses; Duplodnaviria; Heunggongvirae; Uroviricota; Caudoviricetes; Sextaecvirus; Sextaecvirus sextaec,NC_024355.1,NCBI Taxonomy / RefSeq,2026-09-08,https://eutils.ncbi.nlm.nih.gov/entrez/eutils/efetch.fcgi?db=protein&id=YP_009042585.1&rettype=gp&retmode=text,RefSeq protein accession carried verbatim in the released FASTA header,"inherited: identical organism label, same contiguous accession block and genome as the queried endpoints",RESOLVED,retained in the matrix; flagged here
YP_009042586.1,human-infecting (positive),Staphylococcus phage 6ec,Staphylococcus phage 6ec,1500386,no rank,Sextaecvirus sextaec,Viruses; Duplodnaviria; Heunggongvirae; Uroviricota; Caudoviricetes; Sextaecvirus; Sextaecvirus sextaec,NC_024355.1,NCBI Taxonomy / RefSeq,2026-09-08,https://eutils.ncbi.nlm.nih.gov/entrez/eutils/efetch.fcgi?db=protein&id=YP_009042586.1&rettype=gp&retmode=text,RefSeq protein accession carried verbatim in the released FASTA header,"inherited: identical organism label, same contiguous accession block and genome as the queried endpoints",RESOLVED,retained in the matrix; flagged here
YP_009042587.1,human-infecting (positive),Staphylococcus phage 6ec,Staphylococcus phage 6ec,1500386,no rank,Sextaecvirus sextaec,Viruses; Duplodnaviria; Heunggongvirae; Uroviricota; Caudoviricetes; Sextaecvirus; Sextaecvirus sextaec,NC_024355.1,NCBI Taxonomy / RefSeq,2026-09-08,https://eutils.ncbi.nlm.nih.gov/entrez/eutils/efetch.fcgi?db=protein&id=YP_009042587.1&rettype=gp&retmode=text,RefSeq protein accession carried verbatim in the released FASTA header,"inherited: identical organism label, same contiguous accession block and genome as the queried endpoints",RESOLVED,retained in the matrix; flagged here
YP_009042588.1,human-infecting (positive),Staphylococcus phage 6ec,Staphylococcus phage 6ec,1500386,no rank,Sextaecvirus sextaec,Viruses; Duplodnaviria; Heunggongvirae; Uroviricota; Caudoviricetes; Sextaecvirus; Sextaecvirus sextaec,NC_024355.1,NCBI Taxonomy / RefSeq,2026-09-08,https://eutils.ncbi.nlm.nih.gov/entrez/eutils/efetch.fcgi?db=protein&id=YP_009042588.1&rettype=gp&retmode=text,RefSeq protein accession carried verbatim in the released FASTA header,"inherited: identical organism label, same contiguous accession block and genome as the queried endpoints",RESOLVED,retained in the matrix; flagged here
YP_009042589.1,human-infecting (positive),Staphylococcus phage 6ec,Staphylococcus phage 6ec,1500386,no rank,Sextaecvirus sextaec,Viruses; Duplodnaviria; Heunggongvirae; Uroviricota; Caudoviricetes; Sextaecvirus; Sextaecvirus sextaec,NC_024355.1,NCBI Taxonomy / RefSeq,2026-09-08,https://eutils.ncbi.nlm.nih.gov/entrez/eutils/efetch.fcgi?db=protein&id=YP_009042589.1&rettype=gp&retmode=text,RefSeq protein accession carried verbatim in the released FASTA header,"inherited: identical organism label, same contiguous accession block and genome as the queried endpoints",RESOLVED,retained in the matrix; flagged here
YP_009042590.1,human-infecting (positive),Staphylococcus phage 6ec,Staphylococcus phage 6ec,1500386,no rank,Sextaecvirus sextaec,Viruses; Duplodnaviria; Heunggongvirae; Uroviricota; Caudoviricetes; Sextaecvirus; Sextaecvirus sextaec,NC_024355.1,NCBI Taxonomy / RefSeq,2026-09-08,https://eutils.ncbi.nlm.nih.gov/entrez/eutils/efetch.fcgi?db=protein&id=YP_009042590.1&rettype=gp&retmode=text,RefSeq protein accession carried verbatim in the released FASTA header,"inherited: identical organism label, same contiguous accession block and genome as the queried endpoints",RESOLVED,retained in the matrix; flagged here
YP_009042591.1,human-infecting (positive),Staphylococcus phage 6ec,Staphylococcus phage 6ec,1500386,no rank,Sextaecvirus sextaec,Viruses; Duplodnaviria; Heunggongvirae; Uroviricota; Caudoviricetes; Sextaecvirus; Sextaecvirus sextaec,NC_024355.1,NCBI Taxonomy / RefSeq,2026-09-08,https://eutils.ncbi.nlm.nih.gov/entrez/eutils/efetch.fcgi?db=protein&id=YP_009042591.1&rettype=gp&retmode=text,RefSeq protein accession carried verbatim in the released FASTA header,"inherited: identical organism label, same contiguous accession block and genome as the queried endpoints",RESOLVED,retained in the matrix; flagged here
YP_009042592.1,human-infecting (positive),Staphylococcus phage 6ec,Staphylococcus phage 6ec,1500386,no rank,Sextaecvirus sextaec,Viruses; Duplodnaviria; Heunggongvirae; Uroviricota; Caudoviricetes; Sextaecvirus; Sextaecvirus sextaec,NC_024355.1,NCBI Taxonomy / RefSeq,2026-09-08,https://eutils.ncbi.nlm.nih.gov/entrez/eutils/efetch.fcgi?db=protein&id=YP_009042592.1&rettype=gp&retmode=text,RefSeq protein accession carried verbatim in the released FASTA header,"inherited: identical organism label, same contiguous accession block and genome as the queried endpoints",RESOLVED,retained in the matrix; flagged here
YP_009042593.1,human-infecting (positive),Staphylococcus phage 6ec,Staphylococcus phage 6ec,1500386,no rank,Sextaecvirus sextaec,Viruses; Duplodnaviria; Heunggongvirae; Uroviricota; Caudoviricetes; Sextaecvirus; Sextaecvirus sextaec,NC_024355.1,NCBI Taxonomy / RefSeq,2026-09-08,https://eutils.ncbi.nlm.nih.gov/entrez/eutils/efetch.fcgi?db=protein&id=YP_009042593.1&rettype=gp&retmode=text,RefSeq protein accession carried verbatim in the released FASTA header,"inherited: identical organism label, same contiguous accession block and genome as the queried endpoints",RESOLVED,retained in the matrix; flagged here
YP_009042594.1,human-infecting (positive),Staphylococcus phage 6ec,Staphylococcus phage 6ec,1500386,no rank,Sextaecvirus sextaec,Viruses; Duplodnaviria; Heunggongvirae; Uroviricota; Caudoviricetes; Sextaecvirus; Sextaecvirus sextaec,NC_024355.1,NCBI Taxonomy / RefSeq,2026-09-08,https://eutils.ncbi.nlm.nih.gov/entrez/eutils/efetch.fcgi?db=protein&id=YP_009042594.1&rettype=gp&retmode=text,RefSeq protein accession carried verbatim in the released FASTA header,"inherited: identical organism label, same contiguous accession block and genome as the queried endpoints",RESOLVED,retained in the matrix; flagged here
YP_009042595.1,human-infecting (positive),Staphylococcus phage 6ec,Staphylococcus phage 6ec,1500386,no rank,Sextaecvirus sextaec,Viruses; Duplodnaviria; Heunggongvirae; Uroviricota; Caudoviricetes; Sextaecvirus; Sextaecvirus sextaec,NC_024355.1,NCBI Taxonomy / RefSeq,2026-09-08,https://eutils.ncbi.nlm.nih.gov/entrez/eutils/efetch.fcgi?db=protein&id=YP_009042595.1&rettype=gp&retmode=text,RefSeq protein accession carried verbatim in the released FASTA header,"inherited: identical organism label, same contiguous accession block and genome as the queried endpoints",RESOLVED,retained in the matrix; flagged here
YP_009042596.1,human-infecting (positive),Staphylococcus phage 6ec,Staphylococcus phage 6ec,1500386,no rank,Sextaecvirus sextaec,Viruses; Duplodnaviria; Heunggongvirae; Uroviricota; Caudoviricetes; Sextaecvirus; Sextaecvirus sextaec,NC_024355.1,NCBI Taxonomy / RefSeq,2026-09-08,https://eutils.ncbi.nlm.nih.gov/entrez/eutils/efetch.fcgi?db=protein&id=YP_009042596.1&rettype=gp&retmode=text,RefSeq protein accession carried verbatim in the released FASTA header,"inherited: identical organism label, same contiguous accession block and genome as the queried endpoints",RESOLVED,retained in the matrix; flagged here
YP_009042597.1,human-infecting (positive),Staphylococcus phage 6ec,Staphylococcus phage 6ec,1500386,no rank,Sextaecvirus sextaec,Viruses; Duplodnaviria; Heunggongvirae; Uroviricota; Caudoviricetes; Sextaecvirus; Sextaecvirus sextaec,NC_024355.1,NCBI Taxonomy / RefSeq,2026-09-08,https://eutils.ncbi.nlm.nih.gov/entrez/eutils/efetch.fcgi?db=protein&id=YP_009042597.1&rettype=gp&retmode=text,RefSeq protein accession carried verbatim in the released FASTA header,"inherited: identical organism label, same contiguous accession block and genome as the queried endpoints",RESOLVED,retained in the matrix; flagged here
YP_009042598.1,human-infecting (positive),Staphylococcus phage 6ec,Staphylococcus phage 6ec,1500386,no rank,Sextaecvirus sextaec,Viruses; Duplodnaviria; Heunggongvirae; Uroviricota; Caudoviricetes; Sextaecvirus; Sextaecvirus sextaec,NC_024355.1,NCBI Taxonomy / RefSeq,2026-09-08,https://eutils.ncbi.nlm.nih.gov/entrez/eutils/efetch.fcgi?db=protein&id=YP_009042598.1&rettype=gp&retmode=text,RefSeq protein accession carried verbatim in the released FASTA header,"inherited: identical organism label, same contiguous accession block and genome as the queried endpoints",RESOLVED,retained in the matrix; flagged here
YP_009042599.1,human-infecting (positive),Staphylococcus phage 6ec,Staphylococcus phage 6ec,1500386,no rank,Sextaecvirus sextaec,Viruses; Duplodnaviria; Heunggongvirae; Uroviricota; Caudoviricetes; Sextaecvirus; Sextaecvirus sextaec,NC_024355.1,NCBI Taxonomy / RefSeq,2026-09-08,https://eutils.ncbi.nlm.nih.gov/entrez/eutils/efetch.fcgi?db=protein&id=YP_009042599.1&rettype=gp&retmode=text,RefSeq protein accession carried verbatim in the released FASTA header,"inherited: identical organism label, same contiguous accession block and genome as the queried endpoints",RESOLVED,retained in the matrix; flagged here
YP_009042600.1,human-infecting (positive),Staphylococcus phage 6ec,Staphylococcus phage 6ec,1500386,no rank,Sextaecvirus sextaec,Viruses; Duplodnaviria; Heunggongvirae; Uroviricota; Caudoviricetes; Sextaecvirus; Sextaecvirus sextaec,NC_024355.1,NCBI Taxonomy / RefSeq,2026-09-08,https://eutils.ncbi.nlm.nih.gov/entrez/eutils/efetch.fcgi?db=protein&id=YP_009042600.1&rettype=gp&retmode=text,RefSeq protein accession carried verbatim in the released FASTA header,"inherited: identical organism label, same contiguous accession block and genome as the queried endpoints",RESOLVED,retained in the matrix; flagged here
YP_009042601.1,human-infecting (positive),Staphylococcus phage 6ec,Staphylococcus phage 6ec,1500386,no rank,Sextaecvirus sextaec,Viruses; Duplodnaviria; Heunggongvirae; Uroviricota; Caudoviricetes; Sextaecvirus; Sextaecvirus sextaec,NC_024355.1,NCBI Taxonomy / RefSeq,2026-09-08,https://eutils.ncbi.nlm.nih.gov/entrez/eutils/efetch.fcgi?db=protein&id=YP_009042601.1&rettype=gp&retmode=text,RefSeq protein accession carried verbatim in the released FASTA header,"inherited: identical organism label, same contiguous accession block and genome as the queried endpoints",RESOLVED,retained in the matrix; flagged here
YP_009042602.1,human-infecting (positive),Staphylococcus phage 6ec,Staphylococcus phage 6ec,1500386,no rank,Sextaecvirus sextaec,Viruses; Duplodnaviria; Heunggongvirae; Uroviricota; Caudoviricetes; Sextaecvirus; Sextaecvirus sextaec,NC_024355.1,NCBI Taxonomy / RefSeq,2026-09-08,https://eutils.ncbi.nlm.nih.gov/entrez/eutils/efetch.fcgi?db=protein&id=YP_009042602.1&rettype=gp&retmode=text,RefSeq protein accession carried verbatim in the released FASTA header,"inherited: identical organism label, same contiguous accession block and genome as the queried endpoints",RESOLVED,retained in the matrix; flagged here
YP_009042603.1,human-infecting (positive),Staphylococcus phage 6ec,Staphylococcus phage 6ec,1500386,no rank,Sextaecvirus sextaec,Viruses; Duplodnaviria; Heunggongvirae; Uroviricota; Caudoviricetes; Sextaecvirus; Sextaecvirus sextaec,NC_024355.1,NCBI Taxonomy / RefSeq,2026-09-08,https://eutils.ncbi.nlm.nih.gov/entrez/eutils/efetch.fcgi?db=protein&id=YP_009042603.1&rettype=gp&retmode=text,RefSeq protein accession carried verbatim in the released FASTA header,"inherited: identical organism label, same contiguous accession block and genome as the queried endpoints",RESOLVED,retained in the matrix; flagged here
YP_009042604.1,human-infecting (positive),Staphylococcus phage 6ec,Staphylococcus phage 6ec,1500386,no rank,Sextaecvirus sextaec,Viruses; Duplodnaviria; Heunggongvirae; Uroviricota; Caudoviricetes; Sextaecvirus; Sextaecvirus sextaec,NC_024355.1,NCBI Taxonomy / RefSeq,2026-09-08,https://eutils.ncbi.nlm.nih.gov/entrez/eutils/efetch.fcgi?db=protein&id=YP_009042604.1&rettype=gp&retmode=text,RefSeq protein accession carried verbatim in the released FASTA header,"inherited: identical organism label, same contiguous accession block and genome as the queried endpoints",RESOLVED,retained in the matrix; flagged here
YP_009042605.1,human-infecting (positive),Staphylococcus phage 6ec,Staphylococcus phage 6ec,1500386,no rank,Sextaecvirus sextaec,Viruses; Duplodnaviria; Heunggongvirae; Uroviricota; Caudoviricetes; Sextaecvirus; Sextaecvirus sextaec,NC_024355.1,NCBI Taxonomy / RefSeq,2026-09-08,https://eutils.ncbi.nlm.nih.gov/entrez/eutils/efetch.fcgi?db=protein&id=YP_009042605.1&rettype=gp&retmode=text,RefSeq protein accession carried verbatim in the released FASTA header,"inherited: identical organism label, same contiguous accession block and genome as the queried endpoints",RESOLVED,retained in the matrix; flagged here
YP_009042606.1,human-infecting (positive),Staphylococcus phage 6ec,Staphylococcus phage 6ec,1500386,no rank,Sextaecvirus sextaec,Viruses; Duplodnaviria; Heunggongvirae; Uroviricota; Caudoviricetes; Sextaecvirus; Sextaecvirus sextaec,NC_024355.1,NCBI Taxonomy / RefSeq,2026-09-08,https://eutils.ncbi.nlm.nih.gov/entrez/eutils/efetch.fcgi?db=protein&id=YP_009042606.1&rettype=gp&retmode=text,RefSeq protein accession carried verbatim in the released FASTA header,"inherited: identical organism label, same contiguous accession block and genome as the queried endpoints",RESOLVED,retained in the matrix; flagged here
YP_009042607.1,human-infecting (positive),Staphylococcus phage 6ec,Staphylococcus phage 6ec,1500386,no rank,Sextaecvirus sextaec,Viruses; Duplodnaviria; Heunggongvirae; Uroviricota; Caudoviricetes; Sextaecvirus; Sextaecvirus sextaec,NC_024355.1,NCBI Taxonomy / RefSeq,2026-09-08,https://eutils.ncbi.nlm.nih.gov/entrez/eutils/efetch.fcgi?db=protein&id=YP_009042607.1&rettype=gp&retmode=text,RefSeq protein accession carried verbatim in the released FASTA header,"inherited: identical organism label, same contiguous accession block and genome as the queried endpoints",RESOLVED,retained in the matrix; flagged here
YP_009042608.1,human-infecting (positive),Staphylococcus phage 6ec,Staphylococcus phage 6ec,1500386,no rank,Sextaecvirus sextaec,Viruses; Duplodnaviria; Heunggongvirae; Uroviricota; Caudoviricetes; Sextaecvirus; Sextaecvirus sextaec,NC_024355.1,NCBI Taxonomy / RefSeq,2026-09-08,https://eutils.ncbi.nlm.nih.gov/entrez/eutils/efetch.fcgi?db=protein&id=YP_009042608.1&rettype=gp&retmode=text,RefSeq protein accession carried verbatim in the released FASTA header,"inherited: identical organism label, same contiguous accession block and genome as the queried endpoints",RESOLVED,retained in the matrix; flagged here
YP_009042609.1,human-infecting (positive),Staphylococcus phage 6ec,Staphylococcus phage 6ec,1500386,no rank,Sextaecvirus sextaec,Viruses; Duplodnaviria; Heunggongvirae; Uroviricota; Caudoviricetes; Sextaecvirus; Sextaecvirus sextaec,NC_024355.1,NCBI Taxonomy / RefSeq,2026-09-08,https://eutils.ncbi.nlm.nih.gov/entrez/eutils/efetch.fcgi?db=protein&id=YP_009042609.1&rettype=gp&retmode=text,RefSeq protein accession carried verbatim in the released FASTA header,"inherited: identical organism label, same contiguous accession block and genome as the queried endpoints",RESOLVED,retained in the matrix; flagged here
YP_009042610.1,human-infecting (positive),Staphylococcus phage 6ec,Staphylococcus phage 6ec,1500386,no rank,Sextaecvirus sextaec,Viruses; Duplodnaviria; Heunggongvirae; Uroviricota; Caudoviricetes; Sextaecvirus; Sextaecvirus sextaec,NC_024355.1,NCBI Taxonomy / RefSeq,2026-09-08,https://eutils.ncbi.nlm.nih.gov/entrez/eutils/efetch.fcgi?db=protein&id=YP_009042610.1&rettype=gp&retmode=text,RefSeq protein accession carried verbatim in the released FASTA header,"inherited: identical organism label, same contiguous accession block and genome as the queried endpoints",RESOLVED,retained in the matrix; flagged here
YP_009042611.1,human-infecting (positive),Staphylococcus phage 6ec,Staphylococcus phage 6ec,1500386,no rank,Sextaecvirus sextaec,Viruses; Duplodnaviria; Heunggongvirae; Uroviricota; Caudoviricetes; Sextaecvirus; Sextaecvirus sextaec,NC_024355.1,NCBI Taxonomy / RefSeq,2026-09-08,https://eutils.ncbi.nlm.nih.gov/entrez/eutils/efetch.fcgi?db=protein&id=YP_009042611.1&rettype=gp&retmode=text,RefSeq protein accession carried verbatim in the released FASTA header,"inherited: identical organism label, same contiguous accession block and genome as the queried endpoints",RESOLVED,retained in the matrix; flagged here
YP_009042612.1,human-infecting (positive),Staphylococcus phage 6ec,Staphylococcus phage 6ec,1500386,no rank,Sextaecvirus sextaec,Viruses; Duplodnaviria; Heunggongvirae; Uroviricota; Caudoviricetes; Sextaecvirus; Sextaecvirus sextaec,NC_024355.1,NCBI Taxonomy / RefSeq,2026-09-08,https://eutils.ncbi.nlm.nih.gov/entrez/eutils/efetch.fcgi?db=protein&id=YP_009042612.1&rettype=gp&retmode=text,RefSeq protein accession carried verbatim in the released FASTA header,"inherited: identical organism label, same contiguous accession block and genome as the queried endpoints",RESOLVED,retained in the matrix; flagged here
YP_009042613.1,human-infecting (positive),Staphylococcus phage 6ec,Staphylococcus phage 6ec,1500386,no rank,Sextaecvirus sextaec,Viruses; Duplodnaviria; Heunggongvirae; Uroviricota; Caudoviricetes; Sextaecvirus; Sextaecvirus sextaec,NC_024355.1,NCBI Taxonomy / RefSeq,2026-09-08,https://eutils.ncbi.nlm.nih.gov/entrez/eutils/efetch.fcgi?db=protein&id=YP_009042613.1&rettype=gp&retmode=text,RefSeq protein accession carried verbatim in the released FASTA header,"inherited: identical organism label, same contiguous accession block and genome as the queried endpoints",RESOLVED,retained in the matrix; flagged here
YP_009042614.1,human-infecting (positive),Staphylococcus phage 6ec,Staphylococcus phage 6ec,1500386,no rank,Sextaecvirus sextaec,Viruses; Duplodnaviria; Heunggongvirae; Uroviricota; Caudoviricetes; Sextaecvirus; Sextaecvirus sextaec,NC_024355.1,NCBI Taxonomy / RefSeq,2026-09-08,https://eutils.ncbi.nlm.nih.gov/entrez/eutils/efetch.fcgi?db=protein&id=YP_009042614.1&rettype=gp&retmode=text,RefSeq protein accession carried verbatim in the released FASTA header,"inherited: identical organism label, same contiguous accession block and genome as the queried endpoints",RESOLVED,retained in the matrix; flagged here
YP_009042615.1,human-infecting (positive),Staphylococcus phage 6ec,Staphylococcus phage 6ec,1500386,no rank,Sextaecvirus sextaec,Viruses; Duplodnaviria; Heunggongvirae; Uroviricota; Caudoviricetes; Sextaecvirus; Sextaecvirus sextaec,NC_024355.1,NCBI Taxonomy / RefSeq,2026-09-08,https://eutils.ncbi.nlm.nih.gov/entrez/eutils/efetch.fcgi?db=protein&id=YP_009042615.1&rettype=gp&retmode=text,RefSeq protein accession carried verbatim in the released FASTA header,"inherited: identical organism label, same contiguous accession block and genome as the queried endpoints",RESOLVED,retained in the matrix; flagged here
YP_009042616.1,human-infecting (positive),Staphylococcus phage 6ec,Staphylococcus phage 6ec,1500386,no rank,Sextaecvirus sextaec,Viruses; Duplodnaviria; Heunggongvirae; Uroviricota; Caudoviricetes; Sextaecvirus; Sextaecvirus sextaec,NC_024355.1,NCBI Taxonomy / RefSeq,2026-09-08,https://eutils.ncbi.nlm.nih.gov/entrez/eutils/efetch.fcgi?db=protein&id=YP_009042616.1&rettype=gp&retmode=text,RefSeq protein accession carried verbatim in the released FASTA header,"inherited: identical organism label, same contiguous accession block and genome as the queried endpoints",RESOLVED,retained in the matrix; flagged here
YP_009042617.1,human-infecting (positive),Staphylococcus phage 6ec,Staphylococcus phage 6ec,1500386,no rank,Sextaecvirus sextaec,Viruses; Duplodnaviria; Heunggongvirae; Uroviricota; Caudoviricetes; Sextaecvirus; Sextaecvirus sextaec,NC_024355.1,NCBI Taxonomy / RefSeq,2026-09-08,https://eutils.ncbi.nlm.nih.gov/entrez/eutils/efetch.fcgi?db=protein&id=YP_009042617.1&rettype=gp&retmode=text,RefSeq protein accession carried verbatim in the released FASTA header,"inherited: identical organism label, same contiguous accession block and genome as the queried endpoints",RESOLVED,retained in the matrix; flagged here
YP_009042618.1,human-infecting (positive),Staphylococcus phage 6ec,Staphylococcus phage 6ec,1500386,no rank,Sextaecvirus sextaec,Viruses; Duplodnaviria; Heunggongvirae; Uroviricota; Caudoviricetes; Sextaecvirus; Sextaecvirus sextaec,NC_024355.1,NCBI Taxonomy / RefSeq,2026-09-08,https://eutils.ncbi.nlm.nih.gov/entrez/eutils/efetch.fcgi?db=protein&id=YP_009042618.1&rettype=gp&retmode=text,RefSeq protein accession carried verbatim in the released FASTA header,"inherited: identical organism label, same contiguous accession block and genome as the queried endpoints",RESOLVED,retained in the matrix; flagged here
YP_009042619.1,human-infecting (positive),Staphylococcus phage 6ec,Staphylococcus phage 6ec,1500386,no rank,Sextaecvirus sextaec,Viruses; Duplodnaviria; Heunggongvirae; Uroviricota; Caudoviricetes; Sextaecvirus; Sextaecvirus sextaec,NC_024355.1,NCBI Taxonomy / RefSeq,2026-09-08,https://eutils.ncbi.nlm.nih.gov/entrez/eutils/efetch.fcgi?db=protein&id=YP_009042619.1&rettype=gp&retmode=text,RefSeq protein accession carried verbatim in the released FASTA header,"inherited: identical organism label, same contiguous accession block and genome as the queried endpoints",RESOLVED,retained in the matrix; flagged here
YP_009042620.1,human-infecting (positive),Staphylococcus phage 6ec,Staphylococcus phage 6ec,1500386,no rank,Sextaecvirus sextaec,Viruses; Duplodnaviria; Heunggongvirae; Uroviricota; Caudoviricetes; Sextaecvirus; Sextaecvirus sextaec,NC_024355.1,NCBI Taxonomy / RefSeq,2026-09-08,https://eutils.ncbi.nlm.nih.gov/entrez/eutils/efetch.fcgi?db=protein&id=YP_009042620.1&rettype=gp&retmode=text,RefSeq protein accession carried verbatim in the released FASTA header,"inherited: identical organism label, same contiguous accession block and genome as the queried endpoints",RESOLVED,retained in the matrix; flagged here
YP_009042621.1,human-infecting (positive),Staphylococcus phage 6ec,Staphylococcus phage 6ec,1500386,no rank,Sextaecvirus sextaec,Viruses; Duplodnaviria; Heunggongvirae; Uroviricota; Caudoviricetes; Sextaecvirus; Sextaecvirus sextaec,NC_024355.1,NCBI Taxonomy / RefSeq,2026-09-08,https://eutils.ncbi.nlm.nih.gov/entrez/eutils/efetch.fcgi?db=protein&id=YP_009042621.1&rettype=gp&retmode=text,RefSeq protein accession carried verbatim in the released FASTA header,"inherited: identical organism label, same contiguous accession block and genome as the queried endpoints",RESOLVED,retained in the matrix; flagged here
YP_009042622.1,human-infecting (positive),Staphylococcus phage 6ec,Staphylococcus phage 6ec,1500386,no rank,Sextaecvirus sextaec,Viruses; Duplodnaviria; Heunggongvirae; Uroviricota; Caudoviricetes; Sextaecvirus; Sextaecvirus sextaec,NC_024355.1,NCBI Taxonomy / RefSeq,2026-09-08,https://eutils.ncbi.nlm.nih.gov/entrez/eutils/efetch.fcgi?db=protein&id=YP_009042622.1&rettype=gp&retmode=text,RefSeq protein accession carried verbatim in the released FASTA header,"inherited: identical organism label, same contiguous accession block and genome as the queried endpoints",RESOLVED,retained in the matrix; flagged here
YP_009042623.1,human-infecting (positive),Staphylococcus phage 6ec,Staphylococcus phage 6ec,1500386,no rank,Sextaecvirus sextaec,Viruses; Duplodnaviria; Heunggongvirae; Uroviricota; Caudoviricetes; Sextaecvirus; Sextaecvirus sextaec,NC_024355.1,NCBI Taxonomy / RefSeq,2026-09-08,https://eutils.ncbi.nlm.nih.gov/entrez/eutils/efetch.fcgi?db=protein&id=YP_009042623.1&rettype=gp&retmode=text,RefSeq protein accession carried verbatim in the released FASTA header,"inherited: identical organism label, same contiguous accession block and genome as the queried endpoints",RESOLVED,retained in the matrix; flagged here
YP_009042624.1,human-infecting (positive),Staphylococcus phage 6ec,Staphylococcus phage 6ec,1500386,no rank,Sextaecvirus sextaec,Viruses; Duplodnaviria; Heunggongvirae; Uroviricota; Caudoviricetes; Sextaecvirus; Sextaecvirus sextaec,NC_024355.1,NCBI Taxonomy / RefSeq,2026-09-08,https://eutils.ncbi.nlm.nih.gov/entrez/eutils/efetch.fcgi?db=protein&id=YP_009042624.1&rettype=gp&retmode=text,RefSeq protein accession carried verbatim in the released FASTA header,"inherited: identical organism label, same contiguous accession block and genome as the queried endpoints",RESOLVED,retained in the matrix; flagged here
YP_009042625.1,human-infecting (positive),Staphylococcus phage 6ec,Staphylococcus phage 6ec,1500386,no rank,Sextaecvirus sextaec,Viruses; Duplodnaviria; Heunggongvirae; Uroviricota; Caudoviricetes; Sextaecvirus; Sextaecvirus sextaec,NC_024355.1,NCBI Taxonomy / RefSeq,2026-09-08,https://eutils.ncbi.nlm.nih.gov/entrez/eutils/efetch.fcgi?db=protein&id=YP_009042625.1&rettype=gp&retmode=text,RefSeq protein accession carried verbatim in the released FASTA header,"inherited: identical organism label, same contiguous accession block and genome as the queried endpoints",RESOLVED,retained in the matrix; flagged here
YP_009042626.1,human-infecting (positive),Staphylococcus phage 6ec,Staphylococcus phage 6ec,1500386,no rank,Sextaecvirus sextaec,Viruses; Duplodnaviria; Heunggongvirae; Uroviricota; Caudoviricetes; Sextaecvirus; Sextaecvirus sextaec,NC_024355.1,NCBI Taxonomy / RefSeq,2026-09-08,https://eutils.ncbi.nlm.nih.gov/entrez/eutils/efetch.fcgi?db=protein&id=YP_009042626.1&rettype=gp&retmode=text,RefSeq protein accession carried verbatim in the released FASTA header,"inherited: identical organism label, same contiguous accession block and genome as the queried endpoints",RESOLVED,retained in the matrix; flagged here
YP_009042627.1,human-infecting (positive),Staphylococcus phage 6ec,Staphylococcus phage 6ec,1500386,no rank,Sextaecvirus sextaec,Viruses; Duplodnaviria; Heunggongvirae; Uroviricota; Caudoviricetes; Sextaecvirus; Sextaecvirus sextaec,NC_024355.1,NCBI Taxonomy / RefSeq,2026-09-08,https://eutils.ncbi.nlm.nih.gov/entrez/eutils/efetch.fcgi?db=protein&id=YP_009042627.1&rettype=gp&retmode=text,RefSeq protein accession carried verbatim in the released FASTA header,"inherited: identical organism label, same contiguous accession block and genome as the queried endpoints",RESOLVED,retained in the matrix; flagged here
YP_009042628.1,human-infecting (positive),Staphylococcus phage 6ec,Staphylococcus phage 6ec,1500386,no rank,Sextaecvirus sextaec,Viruses; Duplodnaviria; Heunggongvirae; Uroviricota; Caudoviricetes; Sextaecvirus; Sextaecvirus sextaec,NC_024355.1,NCBI Taxonomy / RefSeq,2026-09-08,https://eutils.ncbi.nlm.nih.gov/entrez/eutils/efetch.fcgi?db=protein&id=YP_009042628.1&rettype=gp&retmode=text,RefSeq protein accession carried verbatim in the released FASTA header,"inherited: identical organism label, same contiguous accession block and genome as the queried endpoints",RESOLVED,retained in the matrix; flagged here
YP_009042629.1,human-infecting (positive),Staphylococcus phage 6ec,Staphylococcus phage 6ec,1500386,no rank,Sextaecvirus sextaec,Viruses; Duplodnaviria; Heunggongvirae; Uroviricota; Caudoviricetes; Sextaecvirus; Sextaecvirus sextaec,NC_024355.1,NCBI Taxonomy / RefSeq,2026-09-08,https://eutils.ncbi.nlm.nih.gov/entrez/eutils/efetch.fcgi?db=protein&id=YP_009042629.1&rettype=gp&retmode=text,RefSeq protein accession carried verbatim in the released FASTA header,"inherited: identical organism label, same contiguous accession block and genome as the queried endpoints",RESOLVED,retained in the matrix; flagged here
YP_009042630.1,human-infecting (positive),Staphylococcus phage 6ec,Staphylococcus phage 6ec,1500386,no rank,Sextaecvirus sextaec,Viruses; Duplodnaviria; Heunggongvirae; Uroviricota; Caudoviricetes; Sextaecvirus; Sextaecvirus sextaec,NC_024355.1,NCBI Taxonomy / RefSeq,2026-09-08,https://eutils.ncbi.nlm.nih.gov/entrez/eutils/efetch.fcgi?db=protein&id=YP_009042630.1&rettype=gp&retmode=text,RefSeq protein accession carried verbatim in the released FASTA header,"inherited: identical organism label, same contiguous accession block and genome as the queried endpoints",RESOLVED,retained in the matrix; flagged here
YP_009042631.1,human-infecting (positive),Staphylococcus phage 6ec,Staphylococcus phage 6ec,1500386,no rank,Sextaecvirus sextaec,Viruses; Duplodnaviria; Heunggongvirae; Uroviricota; Caudoviricetes; Sextaecvirus; Sextaecvirus sextaec,NC_024355.1,NCBI Taxonomy / RefSeq,2026-09-08,https://eutils.ncbi.nlm.nih.gov/entrez/eutils/efetch.fcgi?db=protein&id=YP_009042631.1&rettype=gp&retmode=text,RefSeq protein accession carried verbatim in the released FASTA header,"inherited: identical organism label, same contiguous accession block and genome as the queried endpoints",RESOLVED,retained in the matrix; flagged here
YP_009042632.1,human-infecting (positive),Staphylococcus phage 6ec,Staphylococcus phage 6ec,1500386,no rank,Sextaecvirus sextaec,Viruses; Duplodnaviria; Heunggongvirae; Uroviricota; Caudoviricetes; Sextaecvirus; Sextaecvirus sextaec,NC_024355.1,NCBI Taxonomy / RefSeq,2026-09-08,https://eutils.ncbi.nlm.nih.gov/entrez/eutils/efetch.fcgi?db=protein&id=YP_009042632.1&rettype=gp&retmode=text,RefSeq protein accession carried verbatim in the released FASTA header,"inherited: identical organism label, same contiguous accession block and genome as the queried endpoints",RESOLVED,retained in the matrix; flagged here
YP_009042633.1,human-infecting (positive),Staphylococcus phage 6ec,Staphylococcus phage 6ec,1500386,no rank,Sextaecvirus sextaec,Viruses; Duplodnaviria; Heunggongvirae; Uroviricota; Caudoviricetes; Sextaecvirus; Sextaecvirus sextaec,NC_024355.1,NCBI Taxonomy / RefSeq,2026-09-08,https://eutils.ncbi.nlm.nih.gov/entrez/eutils/efetch.fcgi?db=protein&id=YP_009042633.1&rettype=gp&retmode=text,RefSeq protein accession carried verbatim in the released FASTA header,"inherited: identical organism label, same contiguous accession block and genome as the queried endpoints",RESOLVED,retained in the matrix; flagged here
YP_009042634.1,human-infecting (positive),Staphylococcus phage 6ec,Staphylococcus phage 6ec,1500386,no rank,Sextaecvirus sextaec,Viruses; Duplodnaviria; Heunggongvirae; Uroviricota; Caudoviricetes; Sextaecvirus; Sextaecvirus sextaec,NC_024355.1,NCBI Taxonomy / RefSeq,2026-09-08,https://eutils.ncbi.nlm.nih.gov/entrez/eutils/efetch.fcgi?db=protein&id=YP_009042634.1&rettype=gp&retmode=text,RefSeq protein accession carried verbatim in the released FASTA header,"inherited: identical organism label, same contiguous accession block and genome as the queried endpoints",RESOLVED,retained in the matrix; flagged here
YP_009042635.1,human-infecting (positive),Staphylococcus phage 6ec,Staphylococcus phage 6ec,1500386,no rank,Sextaecvirus sextaec,Viruses; Duplodnaviria; Heunggongvirae; Uroviricota; Caudoviricetes; Sextaecvirus; Sextaecvirus sextaec,NC_024355.1,NCBI Taxonomy / RefSeq,2026-09-08,https://eutils.ncbi.nlm.nih.gov/entrez/eutils/efetch.fcgi?db=protein&id=YP_009042635.1&rettype=gp&retmode=text,RefSeq protein accession carried verbatim in the released FASTA header,"inherited: identical organism label, same contiguous accession block and genome as the queried endpoints",RESOLVED,retained in the matrix; flagged here
YP_009042636.1,human-infecting (positive),Staphylococcus phage 6ec,Staphylococcus phage 6ec,1500386,no rank,Sextaecvirus sextaec,Viruses; Duplodnaviria; Heunggongvirae; Uroviricota; Caudoviricetes; Sextaecvirus; Sextaecvirus sextaec,NC_024355.1,NCBI Taxonomy / RefSeq,2026-09-08,https://eutils.ncbi.nlm.nih.gov/entrez/eutils/efetch.fcgi?db=protein&id=YP_009042636.1&rettype=gp&retmode=text,RefSeq protein accession carried verbatim in the released FASTA header,"inherited: identical organism label, same contiguous accession block and genome as the queried endpoints",RESOLVED,retained in the matrix; flagged here
YP_009042637.1,human-infecting (positive),Staphylococcus phage 6ec,Staphylococcus phage 6ec,1500386,no rank,Sextaecvirus sextaec,Viruses; Duplodnaviria; Heunggongvirae; Uroviricota; Caudoviricetes; Sextaecvirus; Sextaecvirus sextaec,NC_024355.1,NCBI Taxonomy / RefSeq,2026-09-08,https://eutils.ncbi.nlm.nih.gov/entrez/eutils/efetch.fcgi?db=protein&id=YP_009042637.1&rettype=gp&retmode=text,RefSeq protein accession carried verbatim in the released FASTA header,"inherited: identical organism label, same contiguous accession block and genome as the queried endpoints",RESOLVED,retained in the matrix; flagged here
YP_009042638.1,human-infecting (positive),Staphylococcus phage 6ec,Staphylococcus phage 6ec,1500386,no rank,Sextaecvirus sextaec,Viruses; Duplodnaviria; Heunggongvirae; Uroviricota; Caudoviricetes; Sextaecvirus; Sextaecvirus sextaec,NC_024355.1,NCBI Taxonomy / RefSeq,2026-09-08,https://eutils.ncbi.nlm.nih.gov/entrez/eutils/efetch.fcgi?db=protein&id=YP_009042638.1&rettype=gp&retmode=text,RefSeq protein accession carried verbatim in the released FASTA header,"inherited: identical organism label, same contiguous accession block and genome as the queried endpoints",RESOLVED,retained in the matrix; flagged here
YP_009042639.1,human-infecting (positive),Staphylococcus phage 6ec,Staphylococcus phage 6ec,1500386,no rank,Sextaecvirus sextaec,Viruses; Duplodnaviria; Heunggongvirae; Uroviricota; Caudoviricetes; Sextaecvirus; Sextaecvirus sextaec,NC_024355.1,NCBI Taxonomy / RefSeq,2026-09-08,https://eutils.ncbi.nlm.nih.gov/entrez/eutils/efetch.fcgi?db=protein&id=YP_009042639.1&rettype=gp&retmode=text,RefSeq protein accession carried verbatim in the released FASTA header,"inherited: identical organism label, same contiguous accession block and genome as the queried endpoints",RESOLVED,retained in the matrix; flagged here
YP_009042640.1,human-infecting (positive),Staphylococcus phage 6ec,Staphylococcus phage 6ec,1500386,no rank,Sextaecvirus sextaec,Viruses; Duplodnaviria; Heunggongvirae; Uroviricota; Caudoviricetes; Sextaecvirus; Sextaecvirus sextaec,NC_024355.1,NCBI Taxonomy / RefSeq,2026-09-08,https://eutils.ncbi.nlm.nih.gov/entrez/eutils/efetch.fcgi?db=protein&id=YP_009042640.1&rettype=gp&retmode=text,RefSeq protein accession carried verbatim in the released FASTA header,"inherited: identical organism label, same contiguous accession block and genome as the queried endpoints",RESOLVED,retained in the matrix; flagged here
YP_009042641.1,human-infecting (positive),Staphylococcus phage 6ec,Staphylococcus phage 6ec,1500386,no rank,Sextaecvirus sextaec,Viruses; Duplodnaviria; Heunggongvirae; Uroviricota; Caudoviricetes; Sextaecvirus; Sextaecvirus sextaec,NC_024355.1,NCBI Taxonomy / RefSeq,2026-09-08,https://eutils.ncbi.nlm.nih.gov/entrez/eutils/efetch.fcgi?db=protein&id=YP_009042641.1&rettype=gp&retmode=text,RefSeq protein accession carried verbatim in the released FASTA header,"inherited: identical organism label, same contiguous accession block and genome as the queried endpoints",RESOLVED,retained in the matrix; flagged here
YP_009042642.1,human-infecting (positive),Staphylococcus phage 6ec,Staphylococcus phage 6ec,1500386,no rank,Sextaecvirus sextaec,Viruses; Duplodnaviria; Heunggongvirae; Uroviricota; Caudoviricetes; Sextaecvirus; Sextaecvirus sextaec,NC_024355.1,NCBI Taxonomy / RefSeq,2026-09-08,https://eutils.ncbi.nlm.nih.gov/entrez/eutils/efetch.fcgi?db=protein&id=YP_009042642.1&rettype=gp&retmode=text,RefSeq protein accession carried verbatim in the released FASTA header,"inherited: identical organism label, same contiguous accession block and genome as the queried endpoints",RESOLVED,retained in the matrix; flagged here
YP_009042643.1,human-infecting (positive),Staphylococcus phage 6ec,Staphylococcus phage 6ec,1500386,no rank,Sextaecvirus sextaec,Viruses; Duplodnaviria; Heunggongvirae; Uroviricota; Caudoviricetes; Sextaecvirus; Sextaecvirus sextaec,NC_024355.1,NCBI Taxonomy / RefSeq,2026-09-08,https://eutils.ncbi.nlm.nih.gov/entrez/eutils/efetch.fcgi?db=protein&id=YP_009042643.1&rettype=gp&retmode=text,RefSeq protein accession carried verbatim in the released FASTA header,"inherited: identical organism label, same contiguous accession block and genome as the queried endpoints",RESOLVED,retained in the matrix; flagged here
YP_009042644.1,human-infecting (positive),Staphylococcus phage 6ec,Staphylococcus phage 6ec,1500386,no rank,Sextaecvirus sextaec,Viruses; Duplodnaviria; Heunggongvirae; Uroviricota; Caudoviricetes; Sextaecvirus; Sextaecvirus sextaec,NC_024355.1,NCBI Taxonomy / RefSeq,2026-09-08,https://eutils.ncbi.nlm.nih.gov/entrez/eutils/efetch.fcgi?db=protein&id=YP_009042644.1&rettype=gp&retmode=text,RefSeq protein accession carried verbatim in the released FASTA header,"inherited: identical organism label, same contiguous accession block and genome as the queried endpoints",RESOLVED,retained in the matrix; flagged here
YP_009042645.1,human-infecting (positive),Staphylococcus phage 6ec,Staphylococcus phage 6ec,1500386,no rank,Sextaecvirus sextaec,Viruses; Duplodnaviria; Heunggongvirae; Uroviricota; Caudoviricetes; Sextaecvirus; Sextaecvirus sextaec,NC_024355.1,NCBI Taxonomy / RefSeq,2026-09-08,https://eutils.ncbi.nlm.nih.gov/entrez/eutils/efetch.fcgi?db=protein&id=YP_009042645.1&rettype=gp&retmode=text,RefSeq protein accession carried verbatim in the released FASTA header,"inherited: identical organism label, same contiguous accession block and genome as the queried endpoints",RESOLVED,retained in the matrix; flagged here
YP_009042646.1,human-infecting (positive),Staphylococcus phage 6ec,Staphylococcus phage 6ec,1500386,no rank,Sextaecvirus sextaec,Viruses; Duplodnaviria; Heunggongvirae; Uroviricota; Caudoviricetes; Sextaecvirus; Sextaecvirus sextaec,NC_024355.1,NCBI Taxonomy / RefSeq,2026-09-08,https://eutils.ncbi.nlm.nih.gov/entrez/eutils/efetch.fcgi?db=protein&id=YP_009042646.1&rettype=gp&retmode=text,RefSeq protein accession carried verbatim in the released FASTA header,"inherited: identical organism label, same contiguous accession block and genome as the queried endpoints",RESOLVED,retained in the matrix; flagged here
YP_009042647.1,human-infecting (positive),Staphylococcus phage 6ec,Staphylococcus phage 6ec,1500386,no rank,Sextaecvirus sextaec,Viruses; Duplodnaviria; Heunggongvirae; Uroviricota; Caudoviricetes; Sextaecvirus; Sextaecvirus sextaec,NC_024355.1,NCBI Taxonomy / RefSeq,2026-09-08,https://eutils.ncbi.nlm.nih.gov/entrez/eutils/efetch.fcgi?db=protein&id=YP_009042647.1&rettype=gp&retmode=text,RefSeq protein accession carried verbatim in the released FASTA header,"inherited: identical organism label, same contiguous accession block and genome as the queried endpoints",RESOLVED,retained in the matrix; flagged here
YP_009042648.1,human-infecting (positive),Staphylococcus phage 6ec,Staphylococcus phage 6ec,1500386,no rank,Sextaecvirus sextaec,Viruses; Duplodnaviria; Heunggongvirae; Uroviricota; Caudoviricetes; Sextaecvirus; Sextaecvirus sextaec,NC_024355.1,NCBI Taxonomy / RefSeq,2026-09-08,https://eutils.ncbi.nlm.nih.gov/entrez/eutils/efetch.fcgi?db=protein&id=YP_009042648.1&rettype=gp&retmode=text,RefSeq protein accession carried verbatim in the released FASTA header,queried individually,RESOLVED,retained in the matrix; flagged here
